target,target_Z,dim,chart,components,estimator,mc,lr,n_steps,seed,tag,step,wall_s,elbo,elbo_std,temperature,grad_norm,grad_norm_w,grad_norm_a,grad_norm_A
rosenbrock,1.0,2,cholesky,5,gumbel_softmax,8192,0.02,1000,1,rosenbrock,0,0.02614879608154297,-4.8496809005737305,8.965364456176758,1.0,5.822657108306885,1.2483997344970703,4.251342296600342,3.7776877880096436
rosenbrock,1.0,2,cholesky,5,gumbel_softmax,8192,0.02,1000,1,rosenbrock,1,0.006740093231201172,-4.309097766876221,7.353508472442627,0.9995,5.127360820770264,1.0860462188720703,3.848850965499878,3.20884370803833
rosenbrock,1.0,2,cholesky,5,gumbel_softmax,8192,0.02,1000,1,rosenbrock,2,0.006864309310913086,-3.8517587184906006,6.372677803039551,0.9990002500000001,4.455534934997559,0.9445078372955322,3.327287197113037,2.808710813522339
rosenbrock,1.0,2,cholesky,5,gumbel_softmax,8192,0.02,1000,1,rosenbrock,3,0.006972312927246094,-3.3335936069488525,5.0250468254089355,0.9985007498750001,3.5391149520874023,0.6836836934089661,2.7423439025878906,2.130131483078003
rosenbrock,1.0,2,cholesky,5,gumbel_softmax,8192,0.02,1000,1,rosenbrock,4,0.006501913070678711,-2.9772024154663086,4.559541702270508,0.9980014995000627,3.1312239170074463,0.6295507550239563,2.409179449081421,1.8984423875808716
rosenbrock,1.0,2,cholesky,5,gumbel_softmax,8192,0.02,1000,1,rosenbrock,5,0.006330251693725586,-2.539159059524536,3.1077117919921875,0.9975024987503127,2.2998507022857666,0.4239814877510071,1.870772361755371,1.268764615058899
rosenbrock,1.0,2,cholesky,5,gumbel_softmax,8192,0.02,1000,1,rosenbrock,6,0.007046937942504883,-2.401491165161133,2.7170050144195557,0.9970037475009377,2.155518054962158,0.39179471135139465,1.7486971616744995,1.1978368759155273
rosenbrock,1.0,2,cholesky,5,gumbel_softmax,8192,0.02,1000,1,rosenbrock,7,0.0068280696868896484,-2.2090938091278076,2.270988702774048,0.9965052456271872,1.8246089220046997,0.3522989749908447,1.4972376823425293,0.981510579586029
rosenbrock,1.0,2,cholesky,5,gumbel_softmax,8192,0.02,1000,1,rosenbrock,8,0.006524801254272461,-2.080451488494873,2.0483286380767822,0.9960069930043737,1.5514832735061646,0.3352571427822113,1.2764194011688232,0.8157551288604736
rosenbrock,1.0,2,cholesky,5,gumbel_softmax,8192,0.02,1000,1,rosenbrock,9,0.007071018218994141,-1.919852375984192,1.4974000453948975,0.9955089895078716,1.2541981935501099,0.25725796818733215,1.0654819011688232,0.6095736026763916
rosenbrock,1.0,2,cholesky,5,gumbel_softmax,8192,0.02,1000,1,rosenbrock,10,0.006986141204833984,-1.8276528120040894,1.2786167860031128,0.9950112350131177,1.0598865747451782,0.21408286690711975,0.905045747756958,0.508350670337677
rosenbrock,1.0,2,cholesky,5,gumbel_softmax,8192,0.02,1000,1,rosenbrock,11,0.006955862045288086,-1.7326242923736572,1.1019694805145264,0.9945137293956112,0.8372949361801147,0.16781830787658691,0.7206900715827942,0.3917980492115021
rosenbrock,1.0,2,cholesky,5,gumbel_softmax,8192,0.02,1000,1,rosenbrock,12,0.006744861602783203,-1.6900696754455566,1.0170800685882568,0.9940164725309134,0.7732838988304138,0.16427426040172577,0.6706699132919312,0.34811457991600037
rosenbrock,1.0,2,cholesky,5,gumbel_softmax,8192,0.02,1000,1,rosenbrock,13,0.00665593147277832,-1.6377779245376587,0.8354578018188477,0.993519464294648,0.5912767052650452,0.1184152215719223,0.5056648254394531,0.2826464772224426
rosenbrock,1.0,2,cholesky,5,gumbel_softmax,8192,0.02,1000,1,rosenbrock,14,0.0065860748291015625,-1.6137796640396118,0.8276095986366272,0.9930227045625007,0.5569501519203186,0.126076802611351,0.47107061743736267,0.26905491948127747
rosenbrock,1.0,2,cholesky,5,gumbel_softmax,8192,0.02,1000,1,rosenbrock,15,0.00656890869140625,-1.5817172527313232,0.7968695163726807,0.9925261932102195,0.46855443716049194,0.09472541511058807,0.3935679793357849,0.2359546422958374
rosenbrock,1.0,2,cholesky,5,gumbel_softmax,8192,0.02,1000,1,rosenbrock,16,0.006630897521972656,-1.5653767585754395,0.7177753448486328,0.9920299301136145,0.39143961668014526,0.08296207338571548,0.33305567502975464,0.18819184601306915
rosenbrock,1.0,2,cholesky,5,gumbel_softmax,8192,0.02,1000,1,rosenbrock,17,0.006559133529663086,-1.549956202507019,0.767620861530304,0.9915339151485577,0.34810686111450195,0.07226710021495819,0.3039601743221283,0.15350590646266937
rosenbrock,1.0,2,cholesky,5,gumbel_softmax,8192,0.02,1000,1,rosenbrock,18,0.006537914276123047,-1.543631672859192,0.6667004227638245,0.9910381481909836,0.3367365598678589,0.06662997603416443,0.27448832988739014,0.18332518637180328
rosenbrock,1.0,2,cholesky,5,gumbel_softmax,8192,0.02,1000,1,rosenbrock,19,0.00651097297668457,-1.5394272804260254,0.7980507016181946,0.9905426291168881,0.35095593333244324,0.054565560072660446,0.28267496824264526,0.2007175087928772
rosenbrock,1.0,2,cholesky,5,gumbel_softmax,8192,0.02,1000,1,rosenbrock,20,0.006474018096923828,-1.5323954820632935,0.656219482421875,0.9900473578023297,0.3738769590854645,0.04162062332034111,0.30307215452194214,0.2149394005537033
rosenbrock,1.0,2,cholesky,5,gumbel_softmax,8192,0.02,1000,1,rosenbrock,21,0.006468057632446289,-1.51932692527771,0.6617069840431213,0.9895523341234286,0.3348821699619293,0.037792447954416275,0.262755423784256,0.20415039360523224
rosenbrock,1.0,2,cholesky,5,gumbel_softmax,8192,0.02,1000,1,rosenbrock,22,0.0064928531646728516,-1.523724913597107,0.6566482186317444,0.989057557956367,0.394735187292099,0.03907640650868416,0.3135746419429779,0.23655836284160614
rosenbrock,1.0,2,cholesky,5,gumbel_softmax,8192,0.02,1000,1,rosenbrock,23,0.006524085998535156,-1.5031075477600098,0.67861008644104,0.9885630291773888,0.3760063946247101,0.041147127747535706,0.2995694875717163,0.22348569333553314
rosenbrock,1.0,2,cholesky,5,gumbel_softmax,8192,0.02,1000,1,rosenbrock,24,0.00680088996887207,-1.5106947422027588,0.6769565939903259,0.9880687476628002,0.3977448344230652,0.041898634284734726,0.32448050379753113,0.2261810451745987
rosenbrock,1.0,2,cholesky,5,gumbel_softmax,8192,0.02,1000,1,rosenbrock,25,0.0068781375885009766,-1.5100579261779785,0.7028399705886841,0.9875747132889688,0.47035112977027893,0.050615549087524414,0.38734617829322815,0.2619755268096924
rosenbrock,1.0,2,cholesky,5,gumbel_softmax,8192,0.02,1000,1,rosenbrock,26,0.00652003288269043,-1.5113517045974731,0.6814395785331726,0.9870809259323243,0.4659680426120758,0.05407172441482544,0.3625114858150482,0.28772881627082825
rosenbrock,1.0,2,cholesky,5,gumbel_softmax,8192,0.02,1000,1,rosenbrock,27,0.006499767303466797,-1.500470519065857,0.6880220174789429,0.9865873854693583,0.44816285371780396,0.05711860582232475,0.3717317283153534,0.24372713267803192
rosenbrock,1.0,2,cholesky,5,gumbel_softmax,8192,0.02,1000,1,rosenbrock,28,0.006495952606201172,-1.4797062873840332,0.6562904715538025,0.9860940917766237,0.4412476420402527,0.06657736748456955,0.36865806579589844,0.23314838111400604
rosenbrock,1.0,2,cholesky,5,gumbel_softmax,8192,0.02,1000,1,rosenbrock,29,0.006421089172363281,-1.478965401649475,0.6598609685897827,0.9856010447307354,0.4549592137336731,0.05900547280907631,0.37639811635017395,0.24865779280662537
rosenbrock,1.0,2,cholesky,5,gumbel_softmax,8192,0.02,1000,1,rosenbrock,30,0.006394147872924805,-1.4696574211120605,0.6630212068557739,0.9851082442083701,0.4769887328147888,0.0699564591050148,0.3886433243751526,0.2675457000732422
rosenbrock,1.0,2,cholesky,5,gumbel_softmax,8192,0.02,1000,1,rosenbrock,31,0.00644993782043457,-1.4740784168243408,0.6829440593719482,0.9846156900862659,0.47473815083503723,0.07501816749572754,0.3856707215309143,0.2664707899093628
rosenbrock,1.0,2,cholesky,5,gumbel_softmax,8192,0.02,1000,1,rosenbrock,32,0.006475210189819336,-1.4588826894760132,0.621923565864563,0.9841233822412229,0.4379490613937378,0.06898165494203568,0.3556975722312927,0.24600839614868164
rosenbrock,1.0,2,cholesky,5,gumbel_softmax,8192,0.02,1000,1,rosenbrock,33,0.006422996520996094,-1.4444338083267212,0.6705710291862488,0.9836313205501023,0.48982587456703186,0.08418509364128113,0.4025866985321045,0.26601916551589966
rosenbrock,1.0,2,cholesky,5,gumbel_softmax,8192,0.02,1000,1,rosenbrock,34,0.0064198970794677734,-1.435235619544983,0.66085284948349,0.9831395048898273,0.4368697702884674,0.08152265101671219,0.3611884117126465,0.23184515535831451
rosenbrock,1.0,2,cholesky,5,gumbel_softmax,8192,0.02,1000,1,rosenbrock,35,0.006369113922119141,-1.4127334356307983,0.6472647190093994,0.9826479351373825,0.40112510323524475,0.07753890007734299,0.32083579897880554,0.22793304920196533
rosenbrock,1.0,2,cholesky,5,gumbel_softmax,8192,0.02,1000,1,rosenbrock,36,0.0065021514892578125,-1.4091638326644897,0.6326566338539124,0.9821566111698138,0.4253803491592407,0.07329081743955612,0.3445475697517395,0.2384614795446396
rosenbrock,1.0,2,cholesky,5,gumbel_softmax,8192,0.02,1000,1,rosenbrock,37,0.00658106803894043,-1.3904169797897339,0.6341537237167358,0.981665532864229,0.40654194355010986,0.06981085240840912,0.34011906385421753,0.2114754021167755
rosenbrock,1.0,2,cholesky,5,gumbel_softmax,8192,0.02,1000,1,rosenbrock,38,0.0063359737396240234,-1.3872343301773071,0.6301629543304443,0.981174700097797,0.3517236113548279,0.06518828868865967,0.29835280776023865,0.17448662221431732
rosenbrock,1.0,2,cholesky,5,gumbel_softmax,8192,0.02,1000,1,rosenbrock,39,0.0066797733306884766,-1.3732805252075195,0.6161253452301025,0.980684112747748,0.32814541459083557,0.06288940459489822,0.26730382442474365,0.17964684963226318
rosenbrock,1.0,2,cholesky,5,gumbel_softmax,8192,0.02,1000,1,rosenbrock,40,0.006474018096923828,-1.3700242042541504,0.6082649230957031,0.9801937706913743,0.33357149362564087,0.062345847487449646,0.27131935954093933,0.18376275897026062
rosenbrock,1.0,2,cholesky,5,gumbel_softmax,8192,0.02,1000,1,rosenbrock,41,0.00665593147277832,-1.3569780588150024,0.7265793681144714,0.9797036738060286,0.2843914031982422,0.06224260479211807,0.2458411306142807,0.1287107765674591
rosenbrock,1.0,2,cholesky,5,gumbel_softmax,8192,0.02,1000,1,rosenbrock,42,0.0069010257720947266,-1.3674380779266357,0.7371004223823547,0.9792138219691257,0.3048876225948334,0.05247340351343155,0.2700369656085968,0.13146504759788513
rosenbrock,1.0,2,cholesky,5,gumbel_softmax,8192,0.02,1000,1,rosenbrock,43,0.006678104400634766,-1.3425793647766113,0.6574028134346008,0.9787242150581411,0.2617185413837433,0.047604065388441086,0.2272382229566574,0.12080248445272446
rosenbrock,1.0,2,cholesky,5,gumbel_softmax,8192,0.02,1000,1,rosenbrock,44,0.006754875183105469,-1.3322886228561401,0.6805344820022583,0.9782348529506121,0.22148466110229492,0.039403993636369705,0.19854837656021118,0.08989618718624115
rosenbrock,1.0,2,cholesky,5,gumbel_softmax,8192,0.02,1000,1,rosenbrock,45,0.0064661502838134766,-1.3328309059143066,0.7713645100593567,0.9777457355241369,0.24150392413139343,0.05401993915438652,0.22004671394824982,0.0835789144039154
rosenbrock,1.0,2,cholesky,5,gumbel_softmax,8192,0.02,1000,1,rosenbrock,46,0.0063970088958740234,-1.3195823431015015,0.6435037851333618,0.9772568626563749,0.23642323911190033,0.0400538444519043,0.21555376052856445,0.08847718685865402
rosenbrock,1.0,2,cholesky,5,gumbel_softmax,8192,0.02,1000,1,rosenbrock,47,0.00639796257019043,-1.3163390159606934,0.6990323066711426,0.9767682342250468,0.2440282255411148,0.036458779126405716,0.23089388012886047,0.07006100565195084
rosenbrock,1.0,2,cholesky,5,gumbel_softmax,8192,0.02,1000,1,rosenbrock,48,0.006395101547241211,-1.3112149238586426,0.6811676025390625,0.9762798501079343,0.273495614528656,0.05218249931931496,0.24394771456718445,0.11209968477487564
rosenbrock,1.0,2,cholesky,5,gumbel_softmax,8192,0.02,1000,1,rosenbrock,49,0.0063970088958740234,-1.3129327297210693,0.8435985445976257,0.9757917101828804,0.31550532579421997,0.04371153935790062,0.25143468379974365,0.18550878763198853
rosenbrock,1.0,2,cholesky,5,gumbel_softmax,8192,0.02,1000,1,rosenbrock,50,0.006474971771240234,-1.3124204874038696,0.7054764628410339,0.9753038143277889,0.28146427869796753,0.05748052895069122,0.24211256206035614,0.1315280795097351
rosenbrock,1.0,2,cholesky,5,gumbel_softmax,8192,0.02,1000,1,rosenbrock,51,0.006251096725463867,-1.3187847137451172,0.7839053273200989,0.9748161624206251,0.34162625670433044,0.07951199263334274,0.255512535572052,0.21236686408519745
rosenbrock,1.0,2,cholesky,5,gumbel_softmax,8192,0.02,1000,1,rosenbrock,52,0.00666499137878418,-1.3014371395111084,0.7363572120666504,0.9743287543394149,0.28593549132347107,0.0561540350317955,0.23669695854187012,0.15026770532131195
rosenbrock,1.0,2,cholesky,5,gumbel_softmax,8192,0.02,1000,1,rosenbrock,53,0.007012844085693359,-1.3003036975860596,0.6668042540550232,0.9738415899622452,0.27801114320755005,0.05307668074965477,0.23545420169830322,0.1379651427268982
rosenbrock,1.0,2,cholesky,5,gumbel_softmax,8192,0.02,1000,1,rosenbrock,54,0.006330966949462891,-1.3211772441864014,0.8042408227920532,0.9733546691672641,0.32376083731651306,0.07715591788291931,0.24752433598041534,0.1939065158367157
rosenbrock,1.0,2,cholesky,5,gumbel_softmax,8192,0.02,1000,1,rosenbrock,55,0.006832122802734375,-1.2838568687438965,0.6579391956329346,0.9728679918326806,0.2634927034378052,0.0505441352725029,0.22251728177070618,0.13175643980503082
rosenbrock,1.0,2,cholesky,5,gumbel_softmax,8192,0.02,1000,1,rosenbrock,56,0.0063059329986572266,-1.294756531715393,0.7771942019462585,0.9723815578367643,0.3041652739048004,0.05158701911568642,0.2429063320159912,0.1756468266248703
rosenbrock,1.0,2,cholesky,5,gumbel_softmax,8192,0.02,1000,1,rosenbrock,57,0.006696224212646484,-1.2907512187957764,0.717217206954956,0.971895367057846,0.30199873447418213,0.034047141671180725,0.24556273221969604,0.17246153950691223
rosenbrock,1.0,2,cholesky,5,gumbel_softmax,8192,0.02,1000,1,rosenbrock,58,0.006415128707885742,-1.2676279544830322,0.694623589515686,0.971409419374317,0.2707597315311432,0.022051161155104637,0.24123916029930115,0.12094730883836746
rosenbrock,1.0,2,cholesky,5,gumbel_softmax,8192,0.02,1000,1,rosenbrock,59,0.006772041320800781,-1.2670048475265503,0.6609989404678345,0.97092371466463,0.2854185998439789,0.03933156281709671,0.260525643825531,0.10974158346652985
rosenbrock,1.0,2,cholesky,5,gumbel_softmax,8192,0.02,1000,1,rosenbrock,60,0.006824016571044922,-1.2792105674743652,0.8490384221076965,0.9704382528072977,0.25897809863090515,0.034890543669462204,0.2269878387451172,0.11970303952693939
rosenbrock,1.0,2,cholesky,5,gumbel_softmax,8192,0.02,1000,1,rosenbrock,61,0.006590843200683594,-1.2512807846069336,0.6402043700218201,0.9699530336808941,0.2500203251838684,0.032331425696611404,0.21657592058181763,0.12066368758678436
rosenbrock,1.0,2,cholesky,5,gumbel_softmax,8192,0.02,1000,1,rosenbrock,62,0.0065190792083740234,-1.263977289199829,0.6599211692810059,0.9694680571640537,0.24965912103652954,0.02776605449616909,0.20583514869213104,0.13853022456169128
rosenbrock,1.0,2,cholesky,5,gumbel_softmax,8192,0.02,1000,1,rosenbrock,63,0.006463050842285156,-1.2570786476135254,0.6730299592018127,0.9689833231354718,0.2159288227558136,0.04886653274297714,0.17778892815113068,0.11237620562314987
rosenbrock,1.0,2,cholesky,5,gumbel_softmax,8192,0.02,1000,1,rosenbrock,64,0.006406068801879883,-1.2504751682281494,0.6529228687286377,0.968498831473904,0.20969872176647186,0.03665679320693016,0.1862008273601532,0.08921373635530472
rosenbrock,1.0,2,cholesky,5,gumbel_softmax,8192,0.02,1000,1,rosenbrock,65,0.006836414337158203,-1.240509271621704,0.6942291855812073,0.9680145820581672,0.22158056497573853,0.03267635032534599,0.20000113546848297,0.0896088257431984
rosenbrock,1.0,2,cholesky,5,gumbel_softmax,8192,0.02,1000,1,rosenbrock,66,0.006604194641113281,-1.250906229019165,0.694894552230835,0.9675305747671381,0.22940948605537415,0.028245138004422188,0.20969048142433167,0.08866128325462341
rosenbrock,1.0,2,cholesky,5,gumbel_softmax,8192,0.02,1000,1,rosenbrock,67,0.006461143493652344,-1.2388767004013062,0.6755871176719666,0.9670468094797546,0.18417151272296906,0.037451669573783875,0.16466477513313293,0.07349847257137299
rosenbrock,1.0,2,cholesky,5,gumbel_softmax,8192,0.02,1000,1,rosenbrock,68,0.006409168243408203,-1.2341713905334473,0.6695395708084106,0.9665632860750147,0.21546241641044617,0.03895481303334236,0.20274613797664642,0.061648838222026825
rosenbrock,1.0,2,cholesky,5,gumbel_softmax,8192,0.02,1000,1,rosenbrock,69,0.0065059661865234375,-1.2258105278015137,0.6575562953948975,0.9660800044319773,0.21378180384635925,0.04849642887711525,0.19541561603546143,0.07185745239257812
rosenbrock,1.0,2,cholesky,5,gumbel_softmax,8192,0.02,1000,1,rosenbrock,70,0.006397247314453125,-1.2212401628494263,0.6057510375976562,0.9655969644297614,0.1883450299501419,0.045499321073293686,0.1646885871887207,0.07925482094287872
rosenbrock,1.0,2,cholesky,5,gumbel_softmax,8192,0.02,1000,1,rosenbrock,71,0.0064198970794677734,-1.2104065418243408,0.6088753938674927,0.9651141659475466,0.19059975445270538,0.05726037546992302,0.1686277836561203,0.06792783737182617
rosenbrock,1.0,2,cholesky,5,gumbel_softmax,8192,0.02,1000,1,rosenbrock,72,0.006396770477294922,-1.223017930984497,0.577552080154419,0.9646316088645729,0.20612899959087372,0.04791029915213585,0.1822049468755722,0.08363684266805649
rosenbrock,1.0,2,cholesky,5,gumbel_softmax,8192,0.02,1000,1,rosenbrock,73,0.006404876708984375,-1.209012508392334,0.6155910491943359,0.9641492930601406,0.2009648084640503,0.042709339410066605,0.18232405185699463,0.07294323295354843
rosenbrock,1.0,2,cholesky,5,gumbel_softmax,8192,0.02,1000,1,rosenbrock,74,0.00634002685546875,-1.1990022659301758,0.597626268863678,0.9636672184136106,0.17831887304782867,0.04652896896004677,0.15084023773670197,0.08294514566659927
rosenbrock,1.0,2,cholesky,5,gumbel_softmax,8192,0.02,1000,1,rosenbrock,75,0.006326913833618164,-1.1933966875076294,0.6472717523574829,0.9631853848044039,0.15719649195671082,0.028412887826561928,0.1418113112449646,0.06158732995390892
rosenbrock,1.0,2,cholesky,5,gumbel_softmax,8192,0.02,1000,1,rosenbrock,76,0.00640106201171875,-1.1904510259628296,0.6021464467048645,0.9627037921120017,0.212800070643425,0.03273673355579376,0.19449442625045776,0.07990050315856934
rosenbrock,1.0,2,cholesky,5,gumbel_softmax,8192,0.02,1000,1,rosenbrock,77,0.00653386116027832,-1.1866862773895264,0.6410842537879944,0.9622224402159457,0.1959458887577057,0.028289154171943665,0.180095374584198,0.07183428108692169
rosenbrock,1.0,2,cholesky,5,gumbel_softmax,8192,0.02,1000,1,rosenbrock,78,0.006641864776611328,-1.1816186904907227,0.5518621802330017,0.9617413289958379,0.18794594705104828,0.034064311534166336,0.1738063544034958,0.06288602948188782
rosenbrock,1.0,2,cholesky,5,gumbel_softmax,8192,0.02,1000,1,rosenbrock,79,0.00650787353515625,-1.1902801990509033,0.591820478439331,0.96126045833134,0.25662875175476074,0.03246968239545822,0.24004794657230377,0.08474086225032806
rosenbrock,1.0,2,cholesky,5,gumbel_softmax,8192,0.02,1000,1,rosenbrock,80,0.006398916244506836,-1.1988359689712524,0.6213728785514832,0.9607798281021743,0.22306078672409058,0.031231209635734558,0.20487302541732788,0.08250921964645386
rosenbrock,1.0,2,cholesky,5,gumbel_softmax,8192,0.02,1000,1,rosenbrock,81,0.0063741207122802734,-1.1854009628295898,0.5717180371284485,0.9602994381881234,0.1900787353515625,0.03533991426229477,0.17841191589832306,0.05522862449288368
rosenbrock,1.0,2,cholesky,5,gumbel_softmax,8192,0.02,1000,1,rosenbrock,82,0.006398916244506836,-1.1729910373687744,0.6148644685745239,0.9598192884690293,0.2138129025697708,0.03231196105480194,0.19018441438674927,0.09220508486032486
rosenbrock,1.0,2,cholesky,5,gumbel_softmax,8192,0.02,1000,1,rosenbrock,83,0.006376028060913086,-1.1783361434936523,0.6184535026550293,0.9593393788247948,0.27251458168029785,0.0333763025701046,0.24261076748371124,0.11954173445701599
rosenbrock,1.0,2,cholesky,5,gumbel_softmax,8192,0.02,1000,1,rosenbrock,84,0.0064089298248291016,-1.1690442562103271,0.5917696356773376,0.9588597091353825,0.2087513953447342,0.036554690450429916,0.18473407626152039,0.09007900208234787
rosenbrock,1.0,2,cholesky,5,gumbel_softmax,8192,0.02,1000,1,rosenbrock,85,0.006395816802978516,-1.1734001636505127,0.5918846130371094,0.9583802792808148,0.1997275948524475,0.05460334196686745,0.16926059126853943,0.09088694304227829
rosenbrock,1.0,2,cholesky,5,gumbel_softmax,8192,0.02,1000,1,rosenbrock,86,0.006419181823730469,-1.167625904083252,0.6394429206848145,0.9579010891411746,0.17826423048973083,0.05215137451887131,0.15685120224952698,0.06675387173891068
rosenbrock,1.0,2,cholesky,5,gumbel_softmax,8192,0.02,1000,1,rosenbrock,87,0.0063741207122802734,-1.153497576713562,0.5609832406044006,0.957422138596604,0.25169381499290466,0.09057730436325073,0.20380225777626038,0.1166626363992691
rosenbrock,1.0,2,cholesky,5,gumbel_softmax,8192,0.02,1000,1,rosenbrock,88,0.0064640045166015625,-1.1599677801132202,0.599005401134491,0.9569434275273058,0.2735796868801117,0.13149717450141907,0.222670316696167,0.08928752690553665
rosenbrock,1.0,2,cholesky,5,gumbel_softmax,8192,0.02,1000,1,rosenbrock,89,0.00630497932434082,-1.158570408821106,0.5986328125,0.9564649558135421,0.20546266436576843,0.09898499399423599,0.17063552141189575,0.05744905024766922
rosenbrock,1.0,2,cholesky,5,gumbel_softmax,8192,0.02,1000,1,rosenbrock,90,0.007040977478027344,-1.157861590385437,0.6482722759246826,0.9559867233356354,0.275861918926239,0.11453455686569214,0.23222634196281433,0.09514497220516205
rosenbrock,1.0,2,cholesky,5,gumbel_softmax,8192,0.02,1000,1,rosenbrock,91,0.0072367191314697266,-1.1452052593231201,0.6261820793151855,0.9555087299739676,0.21962428092956543,0.0847470760345459,0.18571533262729645,0.08100970834493637
rosenbrock,1.0,2,cholesky,5,gumbel_softmax,8192,0.02,1000,1,rosenbrock,92,0.006321907043457031,-1.1428256034851074,0.6689616441726685,0.9550309756089808,0.20038853585720062,0.06228300929069519,0.17293193936347961,0.07981814444065094
rosenbrock,1.0,2,cholesky,5,gumbel_softmax,8192,0.02,1000,1,rosenbrock,93,0.006256103515625,-1.1383930444717407,0.6564587354660034,0.9545534601211763,0.17256075143814087,0.03217242285609245,0.1608840525150299,0.05346459150314331
rosenbrock,1.0,2,cholesky,5,gumbel_softmax,8192,0.02,1000,1,rosenbrock,94,0.006398916244506836,-1.1317026615142822,0.7156479954719543,0.9540761833911158,0.21664214134216309,0.03999735414981842,0.16110685467720032,0.13920705020427704
rosenbrock,1.0,2,cholesky,5,gumbel_softmax,8192,0.02,1000,1,rosenbrock,95,0.006402015686035156,-1.1352038383483887,0.6499068737030029,0.9535991452994202,0.2467813789844513,0.040887050330638885,0.22128720581531525,0.10129795223474503
rosenbrock,1.0,2,cholesky,5,gumbel_softmax,8192,0.02,1000,1,rosenbrock,96,0.006407737731933594,-1.1364160776138306,0.6394771337509155,0.9531223457267706,0.2964339554309845,0.05416015535593033,0.27451229095458984,0.09789163619279861
rosenbrock,1.0,2,cholesky,5,gumbel_softmax,8192,0.02,1000,1,rosenbrock,97,0.006376028060913086,-1.125619649887085,0.5917847752571106,0.9526457845539072,0.19503100216388702,0.03701100870966911,0.17957660555839539,0.06647946685552597
rosenbrock,1.0,2,cholesky,5,gumbel_softmax,8192,0.02,1000,1,rosenbrock,98,0.006400108337402344,-1.1224342584609985,0.5966282486915588,0.9521694616616303,0.23142066597938538,0.06582165509462357,0.2077622264623642,0.07783245295286179
rosenbrock,1.0,2,cholesky,5,gumbel_softmax,8192,0.02,1000,1,rosenbrock,99,0.006577014923095703,-1.1214256286621094,0.5908845067024231,0.9516933769307996,0.17590409517288208,0.022139500826597214,0.1576893925666809,0.07474051415920258
rosenbrock,1.0,2,cholesky,5,gumbel_softmax,8192,0.02,1000,1,rosenbrock,100,0.006456136703491211,-1.1205357313156128,0.5964113473892212,0.9512175302423342,0.2018534541130066,0.04261999577283859,0.1583886593580246,0.11764942109584808
rosenbrock,1.0,2,cholesky,5,gumbel_softmax,8192,0.02,1000,1,rosenbrock,101,0.006355762481689453,-1.1007003784179688,0.574008047580719,0.9507419214772131,0.1515735536813736,0.030595064163208008,0.1103215143084526,0.09933603554964066
rosenbrock,1.0,2,cholesky,5,gumbel_softmax,8192,0.02,1000,1,rosenbrock,102,0.0064198970794677734,-1.1147233247756958,0.587913990020752,0.9502665505164746,0.1277710646390915,0.04534890875220299,0.10471098870038986,0.05748503655195236
rosenbrock,1.0,2,cholesky,5,gumbel_softmax,8192,0.02,1000,1,rosenbrock,103,0.0063817501068115234,-1.1194242238998413,0.6263664960861206,0.9497914172412164,0.1389508992433548,0.02714717574417591,0.12864668667316437,0.04494897276163101
rosenbrock,1.0,2,cholesky,5,gumbel_softmax,8192,0.02,1000,1,rosenbrock,104,0.006379127502441406,-1.103853702545166,0.5873187780380249,0.9493165215325958,0.16257178783416748,0.06251481175422668,0.116428904235363,0.09468788653612137
rosenbrock,1.0,2,cholesky,5,gumbel_softmax,8192,0.02,1000,1,rosenbrock,105,0.006371021270751953,-1.1136318445205688,0.6344670057296753,0.9488418632718296,0.14369246363639832,0.046345844864845276,0.1251431256532669,0.053280264139175415
rosenbrock,1.0,2,cholesky,5,gumbel_softmax,8192,0.02,1000,1,rosenbrock,106,0.006463050842285156,-1.1143698692321777,0.7110335230827332,0.9483674423401937,0.2171175628900528,0.06488467752933502,0.19229212403297424,0.07716057449579239
rosenbrock,1.0,2,cholesky,5,gumbel_softmax,8192,0.02,1000,1,rosenbrock,107,0.006439924240112305,-1.1042906045913696,0.6178953051567078,0.9478932586190236,0.12775462865829468,0.04575711488723755,0.10884140431880951,0.04879630357027054
rosenbrock,1.0,2,cholesky,5,gumbel_softmax,8192,0.02,1000,1,rosenbrock,108,0.00639796257019043,-1.1088945865631104,0.5926559567451477,0.9474193119897142,0.15420007705688477,0.06798413395881653,0.10850302129983902,0.085923932492733
rosenbrock,1.0,2,cholesky,5,gumbel_softmax,8192,0.02,1000,1,rosenbrock,109,0.006569862365722656,-1.0948426723480225,0.6481574177742004,0.9469456023337194,0.1583615392446518,0.052959587424993515,0.1434701532125473,0.04110930860042572
rosenbrock,1.0,2,cholesky,5,gumbel_softmax,8192,0.02,1000,1,rosenbrock,110,0.0065097808837890625,-1.10094153881073,0.7141938805580139,0.9464721295325526,0.1453232318162918,0.05805400386452675,0.11797229200601578,0.06189597398042679
rosenbrock,1.0,2,cholesky,5,gumbel_softmax,8192,0.02,1000,1,rosenbrock,111,0.0068132877349853516,-1.1005501747131348,0.6315833330154419,0.9459988934677863,0.134068563580513,0.023061314597725868,0.11783328652381897,0.059647902846336365
rosenbrock,1.0,2,cholesky,5,gumbel_softmax,8192,0.02,1000,1,rosenbrock,112,0.006576061248779297,-1.0980303287506104,0.6722810864448547,0.9455258940210525,0.16414569318294525,0.025555269792675972,0.13727585971355438,0.0862906277179718
rosenbrock,1.0,2,cholesky,5,gumbel_softmax,8192,0.02,1000,1,rosenbrock,113,0.0065898895263671875,-1.0984976291656494,0.6673116683959961,0.9450531310740421,0.2173132449388504,0.028992172330617905,0.17486253380775452,0.12572826445102692
rosenbrock,1.0,2,cholesky,5,gumbel_softmax,8192,0.02,1000,1,rosenbrock,114,0.006392002105712891,-1.0959107875823975,0.5778577327728271,0.9445806045085051,0.20169568061828613,0.04989772289991379,0.16412661969661713,0.10608404874801636
rosenbrock,1.0,2,cholesky,5,gumbel_softmax,8192,0.02,1000,1,rosenbrock,115,0.006384134292602539,-1.0897455215454102,0.6499117612838745,0.9441083142062509,0.17678584158420563,0.02757284976541996,0.15897400677204132,0.07225122302770615
rosenbrock,1.0,2,cholesky,5,gumbel_softmax,8192,0.02,1000,1,rosenbrock,116,0.0066759586334228516,-1.1002999544143677,0.8507156372070312,0.9436362600491478,0.17375099658966064,0.020803233608603477,0.13555999100208282,0.10667765140533447
rosenbrock,1.0,2,cholesky,5,gumbel_softmax,8192,0.02,1000,1,rosenbrock,117,0.006742000579833984,-1.0973824262619019,0.7159327864646912,0.9431644419191233,0.14376220107078552,0.014689703471958637,0.12442556023597717,0.07049868255853653
rosenbrock,1.0,2,cholesky,5,gumbel_softmax,8192,0.02,1000,1,rosenbrock,118,0.006475925445556641,-1.0886623859405518,0.5811045169830322,0.9426928596981637,0.16490988433361053,0.03449355810880661,0.14498664438724518,0.07059985399246216
rosenbrock,1.0,2,cholesky,5,gumbel_softmax,8192,0.02,1000,1,rosenbrock,119,0.006434917449951172,-1.0905548334121704,0.6328368782997131,0.9422215132683147,0.13029351830482483,0.032094556838274,0.11934246122837067,0.04127608984708786
rosenbrock,1.0,2,cholesky,5,gumbel_softmax,8192,0.02,1000,1,rosenbrock,120,0.006929159164428711,-1.0867418050765991,0.6478623747825623,0.9417504025116806,0.19110466539859772,0.04874052107334137,0.1452014148235321,0.11428871005773544
rosenbrock,1.0,2,cholesky,5,gumbel_softmax,8192,0.02,1000,1,rosenbrock,121,0.0069408416748046875,-1.0755363702774048,0.5929309725761414,0.9412795273104249,0.14579078555107117,0.057525113224983215,0.11367881298065186,0.07087273895740509
rosenbrock,1.0,2,cholesky,5,gumbel_softmax,8192,0.02,1000,1,rosenbrock,122,0.0070149898529052734,-1.083026647567749,0.6095235347747803,0.9408088875467697,0.1429934799671173,0.03936811909079552,0.1180058941245079,0.07051168382167816
rosenbrock,1.0,2,cholesky,5,gumbel_softmax,8192,0.02,1000,1,rosenbrock,123,0.006761074066162109,-1.0729752779006958,0.5455251932144165,0.9403384831029964,0.14778420329093933,0.02885272726416588,0.1309189349412918,0.0621926449239254
rosenbrock,1.0,2,cholesky,5,gumbel_softmax,8192,0.02,1000,1,rosenbrock,124,0.006505012512207031,-1.0855433940887451,0.581720232963562,0.9398683138614449,0.2061585783958435,0.03261789306998253,0.1679614633321762,0.1150059849023819
rosenbrock,1.0,2,cholesky,5,gumbel_softmax,8192,0.02,1000,1,rosenbrock,125,0.006494998931884766,-1.0848029851913452,0.6740564107894897,0.9393983797045142,0.1588430553674698,0.03218832612037659,0.1385621726512909,0.07067923247814178
rosenbrock,1.0,2,cholesky,5,gumbel_softmax,8192,0.02,1000,1,rosenbrock,126,0.006482124328613281,-1.0799105167388916,0.6391737461090088,0.938928680514662,0.12428642064332962,0.025539513677358627,0.10915707051753998,0.05366174131631851
rosenbrock,1.0,2,cholesky,5,gumbel_softmax,8192,0.02,1000,1,rosenbrock,127,0.006269931793212891,-1.0682309865951538,0.5546757578849792,0.9384592161744048,0.14269022643566132,0.03811728581786156,0.12043358385562897,0.0663575679063797
rosenbrock,1.0,2,cholesky,5,gumbel_softmax,8192,0.02,1000,1,rosenbrock,128,0.0063817501068115234,-1.0775742530822754,0.6499733924865723,0.9379899865663176,0.12022487074136734,0.02022242732346058,0.08524477481842041,0.08233103901147842
rosenbrock,1.0,2,cholesky,5,gumbel_softmax,8192,0.02,1000,1,rosenbrock,129,0.006394863128662109,-1.0716959238052368,0.6538064479827881,0.9375209915730345,0.1102856919169426,0.04929034039378166,0.07848942279815674,0.059772953391075134
rosenbrock,1.0,2,cholesky,5,gumbel_softmax,8192,0.02,1000,1,rosenbrock,130,0.00683903694152832,-1.066914439201355,0.648414671421051,0.937052231077248,0.15187741816043854,0.06949123740196228,0.1108466237783432,0.07714106142520905
rosenbrock,1.0,2,cholesky,5,gumbel_softmax,8192,0.02,1000,1,rosenbrock,131,0.006803989410400391,-1.0654152631759644,0.595395028591156,0.9365837049617095,0.18334537744522095,0.05215663090348244,0.15139032900333405,0.0893094539642334
rosenbrock,1.0,2,cholesky,5,gumbel_softmax,8192,0.02,1000,1,rosenbrock,132,0.006649017333984375,-1.0609369277954102,0.6033088564872742,0.9361154131092286,0.17998546361923218,0.04976257309317589,0.1304679661989212,0.11356305330991745
rosenbrock,1.0,2,cholesky,5,gumbel_softmax,8192,0.02,1000,1,rosenbrock,133,0.00764012336730957,-1.0718340873718262,0.6246429085731506,0.9356473554026741,0.15118713676929474,0.03753027319908142,0.13457991182804108,0.05776916444301605
rosenbrock,1.0,2,cholesky,5,gumbel_softmax,8192,0.02,1000,1,rosenbrock,134,0.006953001022338867,-1.057647943496704,0.6355752348899841,0.9351795317249728,0.1274987906217575,0.017799844965338707,0.10513471066951752,0.06989849358797073
rosenbrock,1.0,2,cholesky,5,gumbel_softmax,8192,0.02,1000,1,rosenbrock,135,0.007048130035400391,-1.0646898746490479,0.7105960249900818,0.9347119419591103,0.17324258387088776,0.05658094212412834,0.14848589897155762,0.06901829689741135
rosenbrock,1.0,2,cholesky,5,gumbel_softmax,8192,0.02,1000,1,rosenbrock,136,0.006816864013671875,-1.0640703439712524,0.6607066988945007,0.9342445859881309,0.2875213325023651,0.05108942091464996,0.2540135383605957,0.1246415227651596
rosenbrock,1.0,2,cholesky,5,gumbel_softmax,8192,0.02,1000,1,rosenbrock,137,0.0072100162506103516,-1.051568627357483,0.6640458703041077,0.9337774636951368,0.15100817382335663,0.021833155304193497,0.13478852808475494,0.06448901444673538
rosenbrock,1.0,2,cholesky,5,gumbel_softmax,8192,0.02,1000,1,rosenbrock,138,0.00657200813293457,-1.076980471611023,0.8431780338287354,0.9333105749632893,0.1682387739419937,0.0354972705245018,0.1566116064786911,0.050170063972473145
rosenbrock,1.0,2,cholesky,5,gumbel_softmax,8192,0.02,1000,1,rosenbrock,139,0.0064928531646728516,-1.041770339012146,0.5932535529136658,0.9328439196758077,0.11263704299926758,0.024568619206547737,0.09773610532283783,0.05031042918562889
rosenbrock,1.0,2,cholesky,5,gumbel_softmax,8192,0.02,1000,1,rosenbrock,140,0.007300138473510742,-1.061288595199585,0.7106910347938538,0.9323774977159699,0.14989431202411652,0.04677736386656761,0.13182435929775238,0.05387505516409874
rosenbrock,1.0,2,cholesky,5,gumbel_softmax,8192,0.02,1000,1,rosenbrock,141,0.00687408447265625,-1.0536448955535889,0.6270763278007507,0.9319113089671119,0.1983102560043335,0.05062030628323555,0.17623580992221832,0.0755346268415451
rosenbrock,1.0,2,cholesky,5,gumbel_softmax,8192,0.02,1000,1,rosenbrock,142,0.006839752197265625,-1.058611273765564,0.6221162676811218,0.9314453533126285,0.15074889361858368,0.08201723545789719,0.10052282363176346,0.07676953822374344
rosenbrock,1.0,2,cholesky,5,gumbel_softmax,8192,0.02,1000,1,rosenbrock,143,0.006613254547119141,-1.0791149139404297,0.8071610331535339,0.9309796306359722,0.16433270275592804,0.08899282664060593,0.12749899923801422,0.05319323018193245
rosenbrock,1.0,2,cholesky,5,gumbel_softmax,8192,0.02,1000,1,rosenbrock,144,0.006939888000488281,-1.0554590225219727,0.6567453145980835,0.9305141408206543,0.15061689913272858,0.05555065721273422,0.10891155898571014,0.08796503394842148
rosenbrock,1.0,2,cholesky,5,gumbel_softmax,8192,0.02,1000,1,rosenbrock,145,0.007039070129394531,-1.0571038722991943,0.6616542339324951,0.930048883750244,0.14117364585399628,0.02026701159775257,0.11404040455818176,0.08070956915616989
rosenbrock,1.0,2,cholesky,5,gumbel_softmax,8192,0.02,1000,1,rosenbrock,146,0.00688624382019043,-1.044978380203247,0.6568629145622253,0.929583859308369,0.17168213427066803,0.016369478777050972,0.15293246507644653,0.07627878338098526
rosenbrock,1.0,2,cholesky,5,gumbel_softmax,8192,0.02,1000,1,rosenbrock,147,0.0067577362060546875,-1.0325847864151,0.6290627717971802,0.9291190673787147,0.1752481907606125,0.04185859113931656,0.15392662584781647,0.07256980985403061
rosenbrock,1.0,2,cholesky,5,gumbel_softmax,8192,0.02,1000,1,rosenbrock,148,0.006887197494506836,-1.0548456907272339,0.6600121259689331,0.9286545078450255,0.13793903589248657,0.012693215161561966,0.10104085505008698,0.09304196387529373
rosenbrock,1.0,2,cholesky,5,gumbel_softmax,8192,0.02,1000,1,rosenbrock,149,0.006526947021484375,-1.0512747764587402,0.6073401570320129,0.928190180591103,0.16512511670589447,0.019404111430048943,0.1086859330534935,0.12278906255960464
rosenbrock,1.0,2,cholesky,5,gumbel_softmax,8192,0.02,1000,1,rosenbrock,150,0.007051944732666016,-1.054314374923706,0.6198348999023438,0.9277260855008075,0.1259119063615799,0.04136543720960617,0.09490184485912323,0.07166830450296402
rosenbrock,1.0,2,cholesky,5,gumbel_softmax,8192,0.02,1000,1,rosenbrock,151,0.006720066070556641,-1.039225459098816,0.6151962280273438,0.9272622224580571,0.10259881615638733,0.023960622027516365,0.08383775502443314,0.054070647805929184
rosenbrock,1.0,2,cholesky,5,gumbel_softmax,8192,0.02,1000,1,rosenbrock,152,0.006706953048706055,-1.0472080707550049,0.6045769453048706,0.9267985913468282,0.126285582780838,0.05186513438820839,0.09940209239721298,0.05811435356736183
rosenbrock,1.0,2,cholesky,5,gumbel_softmax,8192,0.02,1000,1,rosenbrock,153,0.006616115570068359,-1.0491280555725098,0.6286798119544983,0.9263351920511548,0.14814575016498566,0.05650906264781952,0.10916747897863388,0.08268223702907562
rosenbrock,1.0,2,cholesky,5,gumbel_softmax,8192,0.02,1000,1,rosenbrock,154,0.006806850433349609,-1.0553288459777832,0.6858027577400208,0.9258720244551293,0.18740136921405792,0.10260894894599915,0.14128699898719788,0.06803427636623383
rosenbrock,1.0,2,cholesky,5,gumbel_softmax,8192,0.02,1000,1,rosenbrock,155,0.006510257720947266,-1.0498201847076416,0.6753020882606506,0.9254090884429018,0.1516554206609726,0.08788122236728668,0.09203238040208817,0.08250030875205994
rosenbrock,1.0,2,cholesky,5,gumbel_softmax,8192,0.02,1000,1,rosenbrock,156,0.006598949432373047,-1.0511888265609741,0.6521164774894714,0.9249463838986803,0.14210380613803864,0.07159379124641418,0.08438249677419662,0.08914826810359955
rosenbrock,1.0,2,cholesky,5,gumbel_softmax,8192,0.02,1000,1,rosenbrock,157,0.007200002670288086,-1.04917311668396,0.7000929117202759,0.9244839107067311,0.16121576726436615,0.07348188757896423,0.08246763050556183,0.11743093281984329
rosenbrock,1.0,2,cholesky,5,gumbel_softmax,8192,0.02,1000,1,rosenbrock,158,0.006433010101318359,-1.0433598756790161,0.6394198536872864,0.9240216687513778,0.14156712591648102,0.06359324604272842,0.08772991597652435,0.09110770374536514
rosenbrock,1.0,2,cholesky,5,gumbel_softmax,8192,0.02,1000,1,rosenbrock,159,0.006717205047607422,-1.0384864807128906,0.6296650171279907,0.9235596579170021,0.11935725808143616,0.03226660564541817,0.07983703166246414,0.08265028148889542
rosenbrock,1.0,2,cholesky,5,gumbel_softmax,8192,0.02,1000,1,rosenbrock,160,0.006912946701049805,-1.0242122411727905,0.6460148096084595,0.9230978780880437,0.1409037560224533,0.04373091459274292,0.10584001988172531,0.08209363371133804
rosenbrock,1.0,2,cholesky,5,gumbel_softmax,8192,0.02,1000,1,rosenbrock,161,0.00647425651550293,-1.046829342842102,0.7231354117393494,0.9226363291489997,0.1346375197172165,0.018553011119365692,0.09766415506601334,0.09080065786838531
rosenbrock,1.0,2,cholesky,5,gumbel_softmax,8192,0.02,1000,1,rosenbrock,162,0.007229804992675781,-1.0204864740371704,0.6094051003456116,0.9221750109844252,0.12176386266946793,0.026892246678471565,0.0926429033279419,0.07430033385753632
rosenbrock,1.0,2,cholesky,5,gumbel_softmax,8192,0.02,1000,1,rosenbrock,163,0.007010221481323242,-1.0373070240020752,0.7244933247566223,0.9217139234789331,0.1717902272939682,0.038093045353889465,0.1401340663433075,0.0917782187461853
rosenbrock,1.0,2,cholesky,5,gumbel_softmax,8192,0.02,1000,1,rosenbrock,164,0.0066852569580078125,-1.0398714542388916,0.746441125869751,0.9212530665171936,0.11337076127529144,0.030810125172138214,0.08940394967794418,0.06253477185964584
rosenbrock,1.0,2,cholesky,5,gumbel_softmax,8192,0.02,1000,1,rosenbrock,165,0.006513118743896484,-1.0405311584472656,0.7168898582458496,0.9207924399839351,0.14307954907417297,0.05441197007894516,0.11138441413640976,0.07144651561975479
rosenbrock,1.0,2,cholesky,5,gumbel_softmax,8192,0.02,1000,1,rosenbrock,166,0.0065441131591796875,-1.029387354850769,0.6574900150299072,0.9203320437639432,0.14674431085586548,0.017786575481295586,0.09707844257354736,0.10859699547290802
rosenbrock,1.0,2,cholesky,5,gumbel_softmax,8192,0.02,1000,1,rosenbrock,167,0.006473064422607422,-1.040461540222168,0.656555712223053,0.9198718777420613,0.10570155084133148,0.0319686196744442,0.0791730135679245,0.062309373170137405
rosenbrock,1.0,2,cholesky,5,gumbel_softmax,8192,0.02,1000,1,rosenbrock,168,0.006538867950439453,-1.0340214967727661,0.6940150260925293,0.9194119418031903,0.22069403529167175,0.06527818739414215,0.11285073310136795,0.17807112634181976
rosenbrock,1.0,2,cholesky,5,gumbel_softmax,8192,0.02,1000,1,rosenbrock,169,0.006500244140625,-1.031624436378479,0.6786506772041321,0.9189522358322888,0.2812096178531647,0.03128756210207939,0.2662373483181,0.08495648950338364
rosenbrock,1.0,2,cholesky,5,gumbel_softmax,8192,0.02,1000,1,rosenbrock,170,0.006445884704589844,-1.0350514650344849,0.6917004585266113,0.9184927597143727,0.11722256988286972,0.023548442870378494,0.10138741880655289,0.053918395191431046
rosenbrock,1.0,2,cholesky,5,gumbel_softmax,8192,0.02,1000,1,rosenbrock,171,0.006498813629150391,-1.0344338417053223,0.6563014388084412,0.9180335133345155,0.31799229979515076,0.08610020577907562,0.25902384519577026,0.16313332319259644
rosenbrock,1.0,2,cholesky,5,gumbel_softmax,8192,0.02,1000,1,rosenbrock,172,0.006447315216064453,-1.0409762859344482,0.8264118432998657,0.9175744965778483,0.19468989968299866,0.06243085861206055,0.14453348517417908,0.11452782899141312
rosenbrock,1.0,2,cholesky,5,gumbel_softmax,8192,0.02,1000,1,rosenbrock,173,0.006501197814941406,-1.0235795974731445,0.6643379926681519,0.9171157093295594,0.1607580929994583,0.017854241654276848,0.1327621191740036,0.08887410908937454
rosenbrock,1.0,2,cholesky,5,gumbel_softmax,8192,0.02,1000,1,rosenbrock,174,0.006433010101318359,-1.0311408042907715,0.7111127376556396,0.9166571514748947,0.26761487126350403,0.037412695586681366,0.2495286464691162,0.08918220549821854
rosenbrock,1.0,2,cholesky,5,gumbel_softmax,8192,0.02,1000,1,rosenbrock,175,0.006679058074951172,-1.02725088596344,0.671801745891571,0.9161988228991573,0.254077672958374,0.06140045449137688,0.2387472242116928,0.06152406334877014
rosenbrock,1.0,2,cholesky,5,gumbel_softmax,8192,0.02,1000,1,rosenbrock,176,0.006406068801879883,-1.0415853261947632,0.7319895029067993,0.9157407234877079,0.24303635954856873,0.02586917020380497,0.2123277187347412,0.11538802087306976
rosenbrock,1.0,2,cholesky,5,gumbel_softmax,8192,0.02,1000,1,rosenbrock,177,0.006398916244506836,-1.0409798622131348,0.6896939873695374,0.915282853125964,0.14486415684223175,0.031226597726345062,0.07397019118070602,0.12057748436927795
rosenbrock,1.0,2,cholesky,5,gumbel_softmax,8192,0.02,1000,1,rosenbrock,178,0.0062673091888427734,-1.052016258239746,0.7061031460762024,0.9148252116994011,0.19238078594207764,0.06699870526790619,0.16615469753742218,0.0701010674238205
rosenbrock,1.0,2,cholesky,5,gumbel_softmax,8192,0.02,1000,1,rosenbrock,179,0.0064849853515625,-1.042473554611206,0.7853310108184814,0.9143677990935515,0.2192513346672058,0.08554931730031967,0.15367667376995087,0.13090431690216064
rosenbrock,1.0,2,cholesky,5,gumbel_softmax,8192,0.02,1000,1,rosenbrock,180,0.006461143493652344,-1.0177254676818848,0.6580950021743774,0.9139106151940047,0.15289200842380524,0.053753770887851715,0.09462902694940567,0.10738643258810043
rosenbrock,1.0,2,cholesky,5,gumbel_softmax,8192,0.02,1000,1,rosenbrock,181,0.006506919860839844,-1.03488028049469,0.7007497549057007,0.9134536598864077,0.13340811431407928,0.023206785321235657,0.07548007369041443,0.10752641409635544
rosenbrock,1.0,2,cholesky,5,gumbel_softmax,8192,0.02,1000,1,rosenbrock,182,0.0065860748291015625,-1.0312585830688477,0.7984914183616638,0.9129969330564646,0.1312352865934372,0.0253892969340086,0.11369557678699493,0.060426801443099976
rosenbrock,1.0,2,cholesky,5,gumbel_softmax,8192,0.02,1000,1,rosenbrock,183,0.006499052047729492,-1.0343772172927856,0.6802668571472168,0.9125404345899364,0.1921980232000351,0.037493493407964706,0.09561432152986526,0.16245682537555695
rosenbrock,1.0,2,cholesky,5,gumbel_softmax,8192,0.02,1000,1,rosenbrock,184,0.006246089935302734,-1.04225754737854,0.7014754414558411,0.9120841643726415,0.12231014668941498,0.013232961297035217,0.10652243345975876,0.05863131210207939
rosenbrock,1.0,2,cholesky,5,gumbel_softmax,8192,0.02,1000,1,rosenbrock,185,0.0064809322357177734,-1.0282634496688843,0.7054377198219299,0.9116281222904552,0.1289995014667511,0.028938300907611847,0.1125321313738823,0.05603538081049919
rosenbrock,1.0,2,cholesky,5,gumbel_softmax,8192,0.02,1000,1,rosenbrock,186,0.006454944610595703,-1.03153657913208,0.6913743019104004,0.9111723082293101,0.107059545814991,0.024218767881393433,0.08419923484325409,0.061527933925390244
rosenbrock,1.0,2,cholesky,5,gumbel_softmax,8192,0.02,1000,1,rosenbrock,187,0.006825923919677734,-1.030413269996643,0.7070695757865906,0.9107167220751955,0.13892842829227448,0.04266611486673355,0.10109274089336395,0.08521132916212082
rosenbrock,1.0,2,cholesky,5,gumbel_softmax,8192,0.02,1000,1,rosenbrock,188,0.0066721439361572266,-1.0228512287139893,0.7247365117073059,0.9102613637141579,0.1446918398141861,0.047172628343105316,0.07799989730119705,0.112367644906044
rosenbrock,1.0,2,cholesky,5,gumbel_softmax,8192,0.02,1000,1,rosenbrock,189,0.006613969802856445,-1.0276446342468262,0.7202313542366028,0.9098062330323009,0.11168977618217468,0.02563869208097458,0.09460142999887466,0.05355215072631836
rosenbrock,1.0,2,cholesky,5,gumbel_softmax,8192,0.02,1000,1,rosenbrock,190,0.006542205810546875,-1.0342046022415161,0.717749297618866,0.9093513299157847,0.23439688980579376,0.0696110725402832,0.18872925639152527,0.1203223243355751
rosenbrock,1.0,2,cholesky,5,gumbel_softmax,8192,0.02,1000,1,rosenbrock,191,0.0064771175384521484,-1.0314621925354004,0.7489391565322876,0.9088966542508269,0.12173409759998322,0.02770707756280899,0.09389517456293106,0.07235471904277802
rosenbrock,1.0,2,cholesky,5,gumbel_softmax,8192,0.02,1000,1,rosenbrock,192,0.006450176239013672,-1.0327997207641602,0.7712758183479309,0.9084422059237015,0.22847799956798553,0.05747693032026291,0.19651438295841217,0.10139375925064087
rosenbrock,1.0,2,cholesky,5,gumbel_softmax,8192,0.02,1000,1,rosenbrock,193,0.0064580440521240234,-1.0297507047653198,0.8030862212181091,0.9079879848207397,0.1559351235628128,0.06514741480350494,0.115773044526577,0.08165891468524933
rosenbrock,1.0,2,cholesky,5,gumbel_softmax,8192,0.02,1000,1,rosenbrock,194,0.006433725357055664,-1.033168077468872,0.7139902710914612,0.9075339908283294,0.24580056965351105,0.08523797243833542,0.19161629676818848,0.1282014101743698
rosenbrock,1.0,2,cholesky,5,gumbel_softmax,8192,0.02,1000,1,rosenbrock,195,0.006448030471801758,-1.018690586090088,0.6765180230140686,0.9070802238329153,0.19912008941173553,0.02419799380004406,0.17015603184700012,0.10054944455623627
rosenbrock,1.0,2,cholesky,5,gumbel_softmax,8192,0.02,1000,1,rosenbrock,196,0.006429195404052734,-1.0198299884796143,0.6099892854690552,0.906626683720999,0.17469225823879242,0.03464699164032936,0.1361617147922516,0.10381213575601578
rosenbrock,1.0,2,cholesky,5,gumbel_softmax,8192,0.02,1000,1,rosenbrock,197,0.0064220428466796875,-1.0284991264343262,0.6705588102340698,0.9061733703791385,0.3459051549434662,0.12934184074401855,0.2751801013946533,0.16491509974002838
rosenbrock,1.0,2,cholesky,5,gumbel_softmax,8192,0.02,1000,1,rosenbrock,198,0.006415843963623047,-1.0230801105499268,0.7037595510482788,0.905720283693949,0.18395668268203735,0.028879597783088684,0.08940622955560684,0.15815357863903046
rosenbrock,1.0,2,cholesky,5,gumbel_softmax,8192,0.02,1000,1,rosenbrock,199,0.006526947021484375,-1.0277769565582275,0.6513862609863281,0.905267423552102,0.09130409359931946,0.039440326392650604,0.05679738149046898,0.05962345004081726
rosenbrock,1.0,2,cholesky,5,gumbel_softmax,8192,0.02,1000,1,rosenbrock,200,0.006734132766723633,-1.0298670530319214,0.7346412539482117,0.904814789840326,0.10939797013998032,0.010186969302594662,0.08933503925800323,0.06231686472892761
rosenbrock,1.0,2,cholesky,5,gumbel_softmax,8192,0.02,1000,1,rosenbrock,201,0.006253957748413086,-1.0174285173416138,0.6863440871238708,0.9043623824454059,0.15369758009910583,0.03433464467525482,0.08623005449771881,0.12250899523496628
rosenbrock,1.0,2,cholesky,5,gumbel_softmax,8192,0.02,1000,1,rosenbrock,202,0.00688481330871582,-1.0266854763031006,0.6789872646331787,0.9039102012541833,0.15715259313583374,0.03665555268526077,0.07868660241365433,0.1310027688741684
rosenbrock,1.0,2,cholesky,5,gumbel_softmax,8192,0.02,1000,1,rosenbrock,203,0.007056236267089844,-1.024735450744629,0.7235395312309265,0.9034582461535562,0.14968666434288025,0.023963335901498795,0.09681076556444168,0.11162227392196655
rosenbrock,1.0,2,cholesky,5,gumbel_softmax,8192,0.02,1000,1,rosenbrock,204,0.006824016571044922,-1.0239582061767578,0.7468624711036682,0.9030065170304795,0.20205895602703094,0.09458748996257782,0.1597701460123062,0.0797153040766716
rosenbrock,1.0,2,cholesky,5,gumbel_softmax,8192,0.02,1000,1,rosenbrock,205,0.006783008575439453,-1.0239397287368774,0.7372070550918579,0.9025550137719643,0.16152632236480713,0.06490635126829147,0.11680111289024353,0.09074921905994415
rosenbrock,1.0,2,cholesky,5,gumbel_softmax,8192,0.02,1000,1,rosenbrock,206,0.006917715072631836,-1.0246624946594238,0.7414339184761047,0.9021037362650783,0.19947710633277893,0.08386645466089249,0.1477811187505722,0.10449054092168808
rosenbrock,1.0,2,cholesky,5,gumbel_softmax,8192,0.02,1000,1,rosenbrock,207,0.006492137908935547,-1.0115289688110352,0.6870020031929016,0.9016526843969459,0.12903186678886414,0.03739765286445618,0.07975992560386658,0.09428144991397858
rosenbrock,1.0,2,cholesky,5,gumbel_softmax,8192,0.02,1000,1,rosenbrock,208,0.006465911865234375,-1.023827075958252,0.7217644453048706,0.9012018580547474,0.14787237346172333,0.014769901521503925,0.06992841511964798,0.12945309281349182
rosenbrock,1.0,2,cholesky,5,gumbel_softmax,8192,0.02,1000,1,rosenbrock,209,0.006420135498046875,-1.0284466743469238,0.7054572105407715,0.9007512571257201,0.30452415347099304,0.08767879754304886,0.2853233218193054,0.06031571328639984
rosenbrock,1.0,2,cholesky,5,gumbel_softmax,8192,0.02,1000,1,rosenbrock,210,0.0064508914947509766,-1.0150954723358154,0.7429977059364319,0.9003008814971574,0.19438479840755463,0.04642147570848465,0.1537644863128662,0.10948505997657776
rosenbrock,1.0,2,cholesky,5,gumbel_softmax,8192,0.02,1000,1,rosenbrock,211,0.006379127502441406,-1.0199179649353027,0.8672953844070435,0.8998507310564088,0.17398123443126678,0.03206939250230789,0.14353159070014954,0.09295002371072769
rosenbrock,1.0,2,cholesky,5,gumbel_softmax,8192,0.02,1000,1,rosenbrock,212,0.006206989288330078,-1.0314154624938965,0.8000398278236389,0.8994008056908807,0.19906528294086456,0.0320037342607975,0.156380295753479,0.1189451813697815
rosenbrock,1.0,2,cholesky,5,gumbel_softmax,8192,0.02,1000,1,rosenbrock,213,0.006443977355957031,-1.0256128311157227,0.7436988949775696,0.8989511052880352,0.15804754197597504,0.08032024651765823,0.11138104647397995,0.07824283093214035
rosenbrock,1.0,2,cholesky,5,gumbel_softmax,8192,0.02,1000,1,rosenbrock,214,0.0072040557861328125,-1.0227986574172974,0.7882446646690369,0.8985016297353913,0.27682754397392273,0.09745591133832932,0.25285807251930237,0.05655640363693237
rosenbrock,1.0,2,cholesky,5,gumbel_softmax,8192,0.02,1000,1,rosenbrock,215,0.006391048431396484,-1.0172804594039917,0.7450700998306274,0.8980523789205236,0.40279096364974976,0.1777692437171936,0.3398754596710205,0.12297695130109787
rosenbrock,1.0,2,cholesky,5,gumbel_softmax,8192,0.02,1000,1,rosenbrock,216,0.0065250396728515625,-1.0252591371536255,0.7145845890045166,0.8976033527310634,0.215969517827034,0.11555423587560654,0.15873394906520844,0.08996438980102539
rosenbrock,1.0,2,cholesky,5,gumbel_softmax,8192,0.02,1000,1,rosenbrock,217,0.0064928531646728516,-1.01628839969635,0.7280943393707275,0.8971545510546979,0.16631938517093658,0.026062410324811935,0.09327471256256104,0.13521358370780945
rosenbrock,1.0,2,cholesky,5,gumbel_softmax,8192,0.02,1000,1,rosenbrock,218,0.006742000579833984,-1.0133614540100098,0.6949547529220581,0.8967059737791706,0.2875121235847473,0.09166130423545837,0.23093406856060028,0.1446750909090042
rosenbrock,1.0,2,cholesky,5,gumbel_softmax,8192,0.02,1000,1,rosenbrock,219,0.006379127502441406,-1.0219148397445679,0.8011794686317444,0.8962576207922811,0.24174751341342926,0.059947822242975235,0.2026582956314087,0.11737862229347229
rosenbrock,1.0,2,cholesky,5,gumbel_softmax,8192,0.02,1000,1,rosenbrock,220,0.006536245346069336,-1.0074262619018555,0.6678926944732666,0.895809491981885,0.16954773664474487,0.07853353768587112,0.09058354049921036,0.11988970637321472
rosenbrock,1.0,2,cholesky,5,gumbel_softmax,8192,0.02,1000,1,rosenbrock,221,0.0069310665130615234,-1.0263515710830688,0.8186960220336914,0.8953615872358941,0.20787891745567322,0.04507482051849365,0.1130058616399765,0.16855736076831818
rosenbrock,1.0,2,cholesky,5,gumbel_softmax,8192,0.02,1000,1,rosenbrock,222,0.006640911102294922,-1.0082588195800781,0.7156345844268799,0.8949139064422762,0.16670669615268707,0.0607307069003582,0.11396599560976028,0.10542606562376022
rosenbrock,1.0,2,cholesky,5,gumbel_softmax,8192,0.02,1000,1,rosenbrock,223,0.006524085998535156,-1.007429838180542,0.7251097559928894,0.8944664494890552,0.213464617729187,0.06798197329044342,0.14278952777385712,0.14337624609470367
rosenbrock,1.0,2,cholesky,5,gumbel_softmax,8192,0.02,1000,1,rosenbrock,224,0.006467103958129883,-0.9990047216415405,0.7561882138252258,0.8940192162643107,0.1235756129026413,0.026818713173270226,0.0771690085530281,0.09271803498268127
rosenbrock,1.0,2,cholesky,5,gumbel_softmax,8192,0.02,1000,1,rosenbrock,225,0.006470203399658203,-1.00364089012146,0.7740839719772339,0.8935722066561785,0.12558941543102264,0.04445912316441536,0.09116080403327942,0.074066162109375
rosenbrock,1.0,2,cholesky,5,gumbel_softmax,8192,0.02,1000,1,rosenbrock,226,0.0064389705657958984,-1.0099464654922485,0.9690824747085571,0.8931254205528505,0.19990111887454987,0.05295156314969063,0.1830783486366272,0.06032333895564079
rosenbrock,1.0,2,cholesky,5,gumbel_softmax,8192,0.02,1000,1,rosenbrock,227,0.0064470767974853516,-1.0053887367248535,0.7885966897010803,0.8926788578425742,0.13689640164375305,0.027979372069239616,0.1105818897485733,0.07569295912981033
rosenbrock,1.0,2,cholesky,5,gumbel_softmax,8192,0.02,1000,1,rosenbrock,228,0.0064618587493896484,-1.0289180278778076,0.7634137868881226,0.8922325184136529,0.15016521513462067,0.03193283453583717,0.127419576048851,0.07276080548763275
rosenbrock,1.0,2,cholesky,5,gumbel_softmax,8192,0.02,1000,1,rosenbrock,229,0.006446123123168945,-1.0089205503463745,0.7513740658760071,0.8917864021544462,0.14122837781906128,0.05308052897453308,0.11707472801208496,0.058492906391620636
rosenbrock,1.0,2,cholesky,5,gumbel_softmax,8192,0.02,1000,1,rosenbrock,230,0.006460905075073242,-1.0000025033950806,0.7861425280570984,0.8913405089533689,0.1974535435438156,0.026072334498167038,0.16428251564502716,0.10639259219169617
rosenbrock,1.0,2,cholesky,5,gumbel_softmax,8192,0.02,1000,1,rosenbrock,231,0.0064601898193359375,-1.0089079141616821,0.8043411374092102,0.8908948386988923,0.1824192851781845,0.045464131981134415,0.15219669044017792,0.08969935029745102
rosenbrock,1.0,2,cholesky,5,gumbel_softmax,8192,0.02,1000,1,rosenbrock,232,0.006452083587646484,-1.0281867980957031,0.8313993215560913,0.8904493912795429,0.2139303833246231,0.024248454719781876,0.13765504956245422,0.16195465624332428
rosenbrock,1.0,2,cholesky,5,gumbel_softmax,8192,0.02,1000,1,rosenbrock,233,0.006428956985473633,-1.0211641788482666,0.8565351963043213,0.8900041665839031,0.23076698184013367,0.03048858605325222,0.13647785782814026,0.18356917798519135
rosenbrock,1.0,2,cholesky,5,gumbel_softmax,8192,0.02,1000,1,rosenbrock,234,0.006434917449951172,-0.9958503246307373,0.7075670957565308,0.8895591645006112,0.16343972086906433,0.10468454658985138,0.10360895097255707,0.07084399461746216
rosenbrock,1.0,2,cholesky,5,gumbel_softmax,8192,0.02,1000,1,rosenbrock,235,0.00642704963684082,-0.9811043739318848,0.7340387105941772,0.889114384918361,0.42698395252227783,0.18591025471687317,0.3501183092594147,0.15865004062652588
rosenbrock,1.0,2,cholesky,5,gumbel_softmax,8192,0.02,1000,1,rosenbrock,236,0.0064318180084228516,-1.0090402364730835,0.7652348875999451,0.8886698277259019,0.37864556908607483,0.1387864351272583,0.324944406747818,0.13609524071216583
rosenbrock,1.0,2,cholesky,5,gumbel_softmax,8192,0.02,1000,1,rosenbrock,237,0.006424903869628906,-1.016258716583252,0.7553859949111938,0.888225492812039,0.18722794950008392,0.0118537163361907,0.10764943063259125,0.15272654592990875
rosenbrock,1.0,2,cholesky,5,gumbel_softmax,8192,0.02,1000,1,rosenbrock,238,0.006409883499145508,-1.0066964626312256,0.8076006770133972,0.887781380065633,0.17480015754699707,0.07769931852817535,0.14180390536785126,0.0664045587182045
rosenbrock,1.0,2,cholesky,5,gumbel_softmax,8192,0.02,1000,1,rosenbrock,239,0.006414651870727539,-1.0145511627197266,0.7594172954559326,0.8873374893756002,0.26013702154159546,0.11733467131853104,0.21688418090343475,0.08285586535930634
rosenbrock,1.0,2,cholesky,5,gumbel_softmax,8192,0.02,1000,1,rosenbrock,240,0.006410121917724609,-1.0058115720748901,0.6872362494468689,0.8868938206309125,0.2591661810874939,0.07445856183767319,0.2269890308380127,0.1004939153790474
rosenbrock,1.0,2,cholesky,5,gumbel_softmax,8192,0.02,1000,1,rosenbrock,241,0.006439924240112305,-1.0086945295333862,0.80563884973526,0.8864503737205971,0.18922854959964752,0.043826282024383545,0.1771135777235031,0.050174519419670105
rosenbrock,1.0,2,cholesky,5,gumbel_softmax,8192,0.02,1000,1,rosenbrock,242,0.0069658756256103516,-1.0204161405563354,0.848675012588501,0.8860071485337369,0.30207350850105286,0.037234820425510406,0.28877437114715576,0.08044452965259552
rosenbrock,1.0,2,cholesky,5,gumbel_softmax,8192,0.02,1000,1,rosenbrock,243,0.006760835647583008,-0.9974590539932251,0.7210944890975952,0.88556414495947,0.37834858894348145,0.1852523237466812,0.30252209305763245,0.13156592845916748
rosenbrock,1.0,2,cholesky,5,gumbel_softmax,8192,0.02,1000,1,rosenbrock,244,0.006616115570068359,-1.0148696899414062,0.8285779356956482,0.8851213628869903,0.3505958318710327,0.18021796643733978,0.26647835969924927,0.13938511908054352
rosenbrock,1.0,2,cholesky,5,gumbel_softmax,8192,0.02,1000,1,rosenbrock,245,0.006894826889038086,-1.007800579071045,0.7667721509933472,0.8846788022055468,0.37804096937179565,0.1889544576406479,0.29996517300605774,0.13127093017101288
rosenbrock,1.0,2,cholesky,5,gumbel_softmax,8192,0.02,1000,1,rosenbrock,246,0.006674051284790039,-0.9898757934570312,0.7688762545585632,0.8842364628044441,0.1319459080696106,0.04994649067521095,0.08315496891736984,0.08944451808929443
rosenbrock,1.0,2,cholesky,5,gumbel_softmax,8192,0.02,1000,1,rosenbrock,247,0.0064640045166015625,-0.9898064136505127,0.7131583094596863,0.883794344573042,0.19272151589393616,0.07571486383676529,0.11640401929616928,0.13363735377788544
rosenbrock,1.0,2,cholesky,5,gumbel_softmax,8192,0.02,1000,1,rosenbrock,248,0.006445169448852539,-0.9912201166152954,0.7818022966384888,0.8833524474007555,0.17169073224067688,0.0417974479496479,0.1602262705564499,0.045367639511823654
rosenbrock,1.0,2,cholesky,5,gumbel_softmax,8192,0.02,1000,1,rosenbrock,249,0.006525993347167969,-0.9926365613937378,0.7181265354156494,0.8829107711770552,0.24580521881580353,0.08502686023712158,0.2050444483757019,0.10558135062456131
rosenbrock,1.0,2,cholesky,5,gumbel_softmax,8192,0.02,1000,1,rosenbrock,250,0.006948232650756836,-1.0112518072128296,0.870689868927002,0.8824693157914667,0.2727046310901642,0.05741731449961662,0.24169448018074036,0.11249376088380814
rosenbrock,1.0,2,cholesky,5,gumbel_softmax,8192,0.02,1000,1,rosenbrock,251,0.006621837615966797,-1.002706527709961,0.7860814332962036,0.882028081133571,0.17959685623645782,0.022746015340089798,0.11251228302717209,0.13812541961669922
rosenbrock,1.0,2,cholesky,5,gumbel_softmax,8192,0.02,1000,1,rosenbrock,252,0.006555080413818359,-1.0151973962783813,0.9285845756530762,0.8815870670930043,0.2331903576850891,0.11591394990682602,0.1610070765018463,0.12254969775676727
rosenbrock,1.0,2,cholesky,5,gumbel_softmax,8192,0.02,1000,1,rosenbrock,253,0.006517887115478516,-0.9987521171569824,0.8435189127922058,0.8811462735594578,0.22406062483787537,0.0237567238509655,0.2013964205980301,0.09527990967035294
rosenbrock,1.0,2,cholesky,5,gumbel_softmax,8192,0.02,1000,1,rosenbrock,254,0.006480216979980469,-1.0143934488296509,0.8266953825950623,0.8807057004226782,0.20306086540222168,0.06281077116727829,0.1817837804555893,0.06513968855142593
rosenbrock,1.0,2,cholesky,5,gumbel_softmax,8192,0.02,1000,1,rosenbrock,255,0.00641322135925293,-1.0024292469024658,0.8855460286140442,0.8802653475724669,0.16653157770633698,0.02023150771856308,0.13914354145526886,0.08923299610614777
rosenbrock,1.0,2,cholesky,5,gumbel_softmax,8192,0.02,1000,1,rosenbrock,256,0.006442070007324219,-1.0051815509796143,0.7814401984214783,0.8798252148986807,0.20450827479362488,0.09069518744945526,0.14248983561992645,0.11530248075723648
rosenbrock,1.0,2,cholesky,5,gumbel_softmax,8192,0.02,1000,1,rosenbrock,257,0.006487131118774414,-1.0090229511260986,0.8934345245361328,0.8793853022912314,0.3338581621646881,0.11061645299196243,0.29001742601394653,0.12294383347034454
rosenbrock,1.0,2,cholesky,5,gumbel_softmax,8192,0.02,1000,1,rosenbrock,258,0.006742954254150391,-0.9882853031158447,0.7197771668434143,0.8789456096400858,0.2515130341053009,0.07289117574691772,0.1714639812707901,0.168954998254776
rosenbrock,1.0,2,cholesky,5,gumbel_softmax,8192,0.02,1000,1,rosenbrock,259,0.006864786148071289,-0.9994553923606873,0.7647432684898376,0.8785061368352658,0.18184441328048706,0.03126930817961693,0.1448330134153366,0.10541830956935883
rosenbrock,1.0,2,cholesky,5,gumbel_softmax,8192,0.02,1000,1,rosenbrock,260,0.006620168685913086,-1.0043596029281616,0.80092453956604,0.8780668837668483,0.17256414890289307,0.020518025383353233,0.13438771665096283,0.10628890991210938
rosenbrock,1.0,2,cholesky,5,gumbel_softmax,8192,0.02,1000,1,rosenbrock,261,0.00722503662109375,-1.0088739395141602,0.8667531609535217,0.8776278503249648,0.13405492901802063,0.02149484120309353,0.08969224989414215,0.09728307276964188
rosenbrock,1.0,2,cholesky,5,gumbel_softmax,8192,0.02,1000,1,rosenbrock,262,0.007050991058349609,-0.9969662427902222,0.8724020719528198,0.8771890363998024,0.2553916871547699,0.02194177731871605,0.24249738454818726,0.07706154137849808
rosenbrock,1.0,2,cholesky,5,gumbel_softmax,8192,0.02,1000,1,rosenbrock,263,0.006495952606201172,-1.0105773210525513,1.0707088708877563,0.8767504418816026,0.15961869060993195,0.048437539488077164,0.1417650282382965,0.05508724972605705
rosenbrock,1.0,2,cholesky,5,gumbel_softmax,8192,0.02,1000,1,rosenbrock,264,0.0068857669830322266,-1.0090818405151367,0.8199593424797058,0.8763120666606619,0.21522019803524017,0.030119076371192932,0.20643740892410278,0.05287884548306465
rosenbrock,1.0,2,cholesky,5,gumbel_softmax,8192,0.02,1000,1,rosenbrock,265,0.006619930267333984,-1.022017478942871,0.9101341366767883,0.8758739106273316,0.15514592826366425,0.021327385678887367,0.08759260922670364,0.12626534700393677
rosenbrock,1.0,2,cholesky,5,gumbel_softmax,8192,0.02,1000,1,rosenbrock,266,0.006516933441162109,-1.0149099826812744,0.8028259873390198,0.875435973672018,0.15477821230888367,0.03989218920469284,0.12964525818824768,0.07454539090394974
rosenbrock,1.0,2,cholesky,5,gumbel_softmax,8192,0.02,1000,1,rosenbrock,267,0.006546974182128906,-0.9885971546173096,0.7949867844581604,0.874998255685182,0.24134214222431183,0.04731472581624985,0.2269798070192337,0.06698893755674362
rosenbrock,1.0,2,cholesky,5,gumbel_softmax,8192,0.02,1000,1,rosenbrock,268,0.0065462589263916016,-1.0069580078125,0.790509045124054,0.8745607565573394,0.11827460676431656,0.01637384667992592,0.10219748318195343,0.057240333408117294
rosenbrock,1.0,2,cholesky,5,gumbel_softmax,8192,0.02,1000,1,rosenbrock,269,0.0065729618072509766,-0.9996101260185242,0.8178519606590271,0.8741234761790608,0.16663232445716858,0.037548940628767014,0.11683951318264008,0.1127161830663681
rosenbrock,1.0,2,cholesky,5,gumbel_softmax,8192,0.02,1000,1,rosenbrock,270,0.006520748138427734,-1.0045256614685059,0.8047470450401306,0.8736864144409713,0.32628458738327026,0.08126816153526306,0.281782865524292,0.14302287995815277
rosenbrock,1.0,2,cholesky,5,gumbel_softmax,8192,0.02,1000,1,rosenbrock,271,0.0065059661865234375,-1.011641263961792,0.7940254807472229,0.8732495712337509,0.18306787312030792,0.09868461638689041,0.14322033524513245,0.05712380260229111
rosenbrock,1.0,2,cholesky,5,gumbel_softmax,8192,0.02,1000,1,rosenbrock,272,0.006476163864135742,-1.001612663269043,0.7527724504470825,0.872812946448134,0.18186019361019135,0.02873063087463379,0.1642930656671524,0.07249463349580765
rosenbrock,1.0,2,cholesky,5,gumbel_softmax,8192,0.02,1000,1,rosenbrock,273,0.006482124328613281,-1.0023248195648193,0.8102368116378784,0.87237653997491,0.10165315866470337,0.038060467690229416,0.06817613542079926,0.06509055942296982
rosenbrock,1.0,2,cholesky,5,gumbel_softmax,8192,0.02,1000,1,rosenbrock,274,0.006536006927490234,-1.00876784324646,0.7694255113601685,0.8719403517049227,0.2964228689670563,0.0673762783408165,0.2503868341445923,0.14364326000213623
rosenbrock,1.0,2,cholesky,5,gumbel_softmax,8192,0.02,1000,1,rosenbrock,275,0.006428956985473633,-0.9827913641929626,0.7233790159225464,0.8715043815290702,0.17117373645305634,0.044257260859012604,0.13422618806362152,0.09656643122434616
rosenbrock,1.0,2,cholesky,5,gumbel_softmax,8192,0.02,1000,1,rosenbrock,276,0.006430864334106445,-0.9946760535240173,0.798134982585907,0.8710686293383058,0.13136300444602966,0.044845957309007645,0.08202903717756271,0.09228386729955673
rosenbrock,1.0,2,cholesky,5,gumbel_softmax,8192,0.02,1000,1,rosenbrock,277,0.0069239139556884766,-1.0054744482040405,0.8315578699111938,0.8706330950236366,0.1740114986896515,0.035964444279670715,0.12020137161016464,0.12057440727949142
rosenbrock,1.0,2,cholesky,5,gumbel_softmax,8192,0.02,1000,1,rosenbrock,278,0.0067348480224609375,-0.9935489892959595,0.7760767340660095,0.8701977784761249,0.12985144555568695,0.05673360824584961,0.07538704574108124,0.08921598643064499
rosenbrock,1.0,2,cholesky,5,gumbel_softmax,8192,0.02,1000,1,rosenbrock,279,0.006883859634399414,-0.9844464063644409,0.7877823710441589,0.8697626795868868,0.207307830452919,0.09720807522535324,0.17038032412528992,0.06706475466489792
rosenbrock,1.0,2,cholesky,5,gumbel_softmax,8192,0.02,1000,1,rosenbrock,280,0.006554126739501953,-1.0089294910430908,0.7739882469177246,0.8693277982470935,0.22916744649410248,0.07823174446821213,0.19346588850021362,0.09470194578170776
rosenbrock,1.0,2,cholesky,5,gumbel_softmax,8192,0.02,1000,1,rosenbrock,281,0.0064966678619384766,-0.9937341213226318,0.9285531044006348,0.86889313434797,0.27133652567863464,0.0431307777762413,0.25111550092697144,0.09329647570848465
rosenbrock,1.0,2,cholesky,5,gumbel_softmax,8192,0.02,1000,1,rosenbrock,282,0.006440877914428711,-0.9980275630950928,0.8506109714508057,0.868458687780796,0.25898727774620056,0.07257287949323654,0.13717509806156158,0.20734171569347382
rosenbrock,1.0,2,cholesky,5,gumbel_softmax,8192,0.02,1000,1,rosenbrock,283,0.006432056427001953,-0.9893175363540649,0.8403287529945374,0.8680244584369057,0.266838937997818,0.08511251211166382,0.2436002492904663,0.06795427948236465
rosenbrock,1.0,2,cholesky,5,gumbel_softmax,8192,0.02,1000,1,rosenbrock,284,0.006440877914428711,-0.9996964335441589,0.8690868616104126,0.8675904462076872,0.2524210214614868,0.04401202127337456,0.22026674449443817,0.11516019701957703
rosenbrock,1.0,2,cholesky,5,gumbel_softmax,8192,0.02,1000,1,rosenbrock,285,0.006430149078369141,-0.9925731420516968,0.8013712763786316,0.8671566509845835,0.12521326541900635,0.01825103349983692,0.10932013392448425,0.05826122686266899
rosenbrock,1.0,2,cholesky,5,gumbel_softmax,8192,0.02,1000,1,rosenbrock,286,0.006445884704589844,-0.9763193130493164,0.8263365030288696,0.8667230726590912,0.20937344431877136,0.045737918466329575,0.14535462856292725,0.14358732104301453
rosenbrock,1.0,2,cholesky,5,gumbel_softmax,8192,0.02,1000,1,rosenbrock,287,0.006441831588745117,-0.9993640780448914,0.849969208240509,0.8662897111227618,0.3484899401664734,0.14526118338108063,0.28210994601249695,0.14407774806022644
rosenbrock,1.0,2,cholesky,5,gumbel_softmax,8192,0.02,1000,1,rosenbrock,288,0.006609201431274414,-0.9879360198974609,0.7743337750434875,0.8658565662672004,0.1693505048751831,0.052649371325969696,0.13579925894737244,0.08640716969966888
rosenbrock,1.0,2,cholesky,5,gumbel_softmax,8192,0.02,1000,1,rosenbrock,289,0.006456136703491211,-0.9956726431846619,0.8357282876968384,0.8654236379840669,0.2510905861854553,0.13084208965301514,0.16129828989505768,0.14110170304775238
rosenbrock,1.0,2,cholesky,5,gumbel_softmax,8192,0.02,1000,1,rosenbrock,290,0.006430864334106445,-1.0152897834777832,0.9739988446235657,0.8649909261650749,0.19174909591674805,0.1102018803358078,0.12395578622817993,0.09621966630220413
rosenbrock,1.0,2,cholesky,5,gumbel_softmax,8192,0.02,1000,1,rosenbrock,291,0.006436824798583984,-0.986373782157898,0.7562671899795532,0.8645584307019923,0.2402651160955429,0.10501818358898163,0.16911989450454712,0.13452498614788055
rosenbrock,1.0,2,cholesky,5,gumbel_softmax,8192,0.02,1000,1,rosenbrock,292,0.006428956985473633,-0.9950074553489685,0.8152801990509033,0.8641261514866414,0.17532891035079956,0.035430483520030975,0.14032287895679474,0.09896665066480637
rosenbrock,1.0,2,cholesky,5,gumbel_softmax,8192,0.02,1000,1,rosenbrock,293,0.006387948989868164,-0.9952870011329651,0.7854757308959961,0.8636940884108981,0.317127525806427,0.11959997564554214,0.2601071894168854,0.13641832768917084
rosenbrock,1.0,2,cholesky,5,gumbel_softmax,8192,0.02,1000,1,rosenbrock,294,0.006430387496948242,-0.9900855422019958,0.8010007739067078,0.8632622413666927,0.35962480306625366,0.09333989024162292,0.3002663254737854,0.17452161014080048
rosenbrock,1.0,2,cholesky,5,gumbel_softmax,8192,0.02,1000,1,rosenbrock,295,0.006422996520996094,-0.9815900921821594,0.7665504217147827,0.8628306102460094,0.13478854298591614,0.032168637961149216,0.08830033987760544,0.09662391245365143
rosenbrock,1.0,2,cholesky,5,gumbel_softmax,8192,0.02,1000,1,rosenbrock,296,0.006393909454345703,-0.9809602499008179,0.8775558471679688,0.8623991949408865,0.12405727058649063,0.05148562043905258,0.0746568813920021,0.08465097844600677
rosenbrock,1.0,2,cholesky,5,gumbel_softmax,8192,0.02,1000,1,rosenbrock,297,0.006562948226928711,-0.9692807793617249,0.7817404270172119,0.8619679953434161,0.1225188672542572,0.04254025220870972,0.08518862724304199,0.07709798216819763
rosenbrock,1.0,2,cholesky,5,gumbel_softmax,8192,0.02,1000,1,rosenbrock,298,0.006272077560424805,-0.989874541759491,0.8316403031349182,0.8615370113457445,0.4102392792701721,0.14178644120693207,0.3282396197319031,0.20112591981887817
rosenbrock,1.0,2,cholesky,5,gumbel_softmax,8192,0.02,1000,1,rosenbrock,299,0.007068157196044922,-0.982422947883606,0.754396378993988,0.8611062428400716,0.2774730324745178,0.05657891556620598,0.22560201585292816,0.15130707621574402
rosenbrock,1.0,2,cholesky,5,gumbel_softmax,8192,0.02,1000,1,rosenbrock,300,0.007038116455078125,-0.9975032806396484,0.819438099861145,0.8606756897186516,0.1692141741514206,0.02385779842734337,0.11339403688907623,0.12331274151802063
rosenbrock,1.0,2,cholesky,5,gumbel_softmax,8192,0.02,1000,1,rosenbrock,301,0.0066111087799072266,-0.9854242205619812,0.7790253758430481,0.8602453518737924,0.23338206112384796,0.11078057438135147,0.19786423444747925,0.05517787113785744
rosenbrock,1.0,2,cholesky,5,gumbel_softmax,8192,0.02,1000,1,rosenbrock,302,0.006685018539428711,-0.9823626279830933,0.8567559719085693,0.8598152291978555,0.266633540391922,0.12006509304046631,0.22936983406543732,0.06377534568309784
rosenbrock,1.0,2,cholesky,5,gumbel_softmax,8192,0.02,1000,1,rosenbrock,303,0.006345272064208984,-0.9888107776641846,0.8241198062896729,0.8593853215832566,0.3715451657772064,0.17218095064163208,0.31087708473205566,0.10842025279998779
rosenbrock,1.0,2,cholesky,5,gumbel_softmax,8192,0.02,1000,1,rosenbrock,304,0.007004976272583008,-0.9767345190048218,0.8724979758262634,0.858955628922465,0.2877337336540222,0.06985699385404587,0.20546352863311768,0.18893232941627502
rosenbrock,1.0,2,cholesky,5,gumbel_softmax,8192,0.02,1000,1,rosenbrock,305,0.006737947463989258,-0.9803727865219116,0.7822756171226501,0.8585261511080038,0.19527673721313477,0.09228859096765518,0.13660401105880737,0.10466694831848145
rosenbrock,1.0,2,cholesky,5,gumbel_softmax,8192,0.02,1000,1,rosenbrock,306,0.0065479278564453125,-0.9958148002624512,0.8886202573776245,0.8580968880324499,0.40164512395858765,0.2157292515039444,0.3319087624549866,0.06794314831495285
rosenbrock,1.0,2,cholesky,5,gumbel_softmax,8192,0.02,1000,1,rosenbrock,307,0.0064849853515625,-0.9705193042755127,0.7893239259719849,0.8576678395884337,0.4786667227745056,0.21880054473876953,0.4134059250354767,0.10170410573482513
rosenbrock,1.0,2,cholesky,5,gumbel_softmax,8192,0.02,1000,1,rosenbrock,308,0.0067331790924072266,-0.9777334928512573,0.7400015592575073,0.8572390056686395,0.23249290883541107,0.15067335963249207,0.14169849455356598,0.10616984963417053
rosenbrock,1.0,2,cholesky,5,gumbel_softmax,8192,0.02,1000,1,rosenbrock,309,0.006660938262939453,-0.9863884449005127,0.8317468762397766,0.8568103861658053,0.1325741559267044,0.05106992647051811,0.11284437030553818,0.047264326363801956
rosenbrock,1.0,2,cholesky,5,gumbel_softmax,8192,0.02,1000,1,rosenbrock,310,0.006523847579956055,-0.9849852919578552,0.8518442511558533,0.8563819809727224,0.21797651052474976,0.012199543416500092,0.20604661107063293,0.07006946951150894
rosenbrock,1.0,2,cholesky,5,gumbel_softmax,8192,0.02,1000,1,rosenbrock,311,0.006471872329711914,-0.9870033264160156,0.8019313216209412,0.855953789982236,0.339907169342041,0.07784895598888397,0.31328001618385315,0.10645201802253723
rosenbrock,1.0,2,cholesky,5,gumbel_softmax,8192,0.02,1000,1,rosenbrock,312,0.0064449310302734375,-1.008656620979309,0.8499499559402466,0.8555258130872451,0.2808319330215454,0.04781792312860489,0.1686054766178131,0.21943610906600952
rosenbrock,1.0,2,cholesky,5,gumbel_softmax,8192,0.02,1000,1,rosenbrock,313,0.0063359737396240234,-1.0030465126037598,0.8185979723930359,0.8550980501807014,0.17509600520133972,0.12306767702102661,0.09544821828603745,0.08001622557640076
rosenbrock,1.0,2,cholesky,5,gumbel_softmax,8192,0.02,1000,1,rosenbrock,314,0.006498098373413086,-0.9967367053031921,0.7923214435577393,0.8546705011556112,0.3308368921279907,0.11996713280677795,0.27118930220603943,0.14668779075145721
rosenbrock,1.0,2,cholesky,5,gumbel_softmax,8192,0.02,1000,1,rosenbrock,315,0.0064241886138916016,-0.9927520751953125,0.8413252234458923,0.8542431659050334,0.28194183111190796,0.14830352365970612,0.20502504706382751,0.12434618920087814
rosenbrock,1.0,2,cholesky,5,gumbel_softmax,8192,0.02,1000,1,rosenbrock,316,0.006468296051025391,-0.9964379072189331,0.8194360136985779,0.8538160443220809,0.1281847208738327,0.043857939541339874,0.10191913694143295,0.06418951600790024
rosenbrock,1.0,2,cholesky,5,gumbel_softmax,8192,0.02,1000,1,rosenbrock,317,0.00652623176574707,-1.0132118463516235,0.9064989686012268,0.8533891362999199,0.34425029158592224,0.07535503804683685,0.23323696851730347,0.24172383546829224
rosenbrock,1.0,2,cholesky,5,gumbel_softmax,8192,0.02,1000,1,rosenbrock,318,0.006968975067138672,-1.0021377801895142,0.804840624332428,0.85296244173177,0.22696365416049957,0.09460034966468811,0.1407874971628189,0.1508050262928009
rosenbrock,1.0,2,cholesky,5,gumbel_softmax,8192,0.02,1000,1,rosenbrock,319,0.0068590641021728516,-0.9962040185928345,0.8095059990882874,0.8525359605109042,0.224686861038208,0.08199603110551834,0.1792098879814148,0.10791037976741791
rosenbrock,1.0,2,cholesky,5,gumbel_softmax,8192,0.02,1000,1,rosenbrock,320,0.007085084915161133,-1.0028272867202759,0.8663933277130127,0.8521096925306487,0.2860656678676605,0.08682338148355484,0.2181476503610611,0.1634223759174347
rosenbrock,1.0,2,cholesky,5,gumbel_softmax,8192,0.02,1000,1,rosenbrock,321,0.0070209503173828125,-1.003854513168335,0.8946796655654907,0.8516836376843835,0.2385997325181961,0.021641021594405174,0.1195475235581398,0.20535309612751007
rosenbrock,1.0,2,cholesky,5,gumbel_softmax,8192,0.02,1000,1,rosenbrock,322,0.006942033767700195,-0.9957177639007568,0.837370753288269,0.8512577958655413,0.3569714426994324,0.14714424312114716,0.2785130441188812,0.16795134544372559
rosenbrock,1.0,2,cholesky,5,gumbel_softmax,8192,0.02,1000,1,rosenbrock,323,0.006721019744873047,-1.0117743015289307,0.8688387274742126,0.8508321669676087,0.3170241117477417,0.17160627245903015,0.2600041627883911,0.05876578763127327
rosenbrock,1.0,2,cholesky,5,gumbel_softmax,8192,0.02,1000,1,rosenbrock,324,0.00756382942199707,-1.0015596151351929,0.8260550498962402,0.8504067508841249,0.15490823984146118,0.0960349515080452,0.09342169761657715,0.07775753736495972
rosenbrock,1.0,2,cholesky,5,gumbel_softmax,8192,0.02,1000,1,rosenbrock,325,0.007225990295410156,-1.0088862180709839,0.8861328363418579,0.8499815475086828,0.3327247202396393,0.16395965218544006,0.27374720573425293,0.09426257759332657
rosenbrock,1.0,2,cholesky,5,gumbel_softmax,8192,0.02,1000,1,rosenbrock,326,0.00644993782043457,-0.9942177534103394,0.819840669631958,0.8495565567349286,0.13481439650058746,0.0330638512969017,0.07679086923599243,0.10575851798057556
rosenbrock,1.0,2,cholesky,5,gumbel_softmax,8192,0.02,1000,1,rosenbrock,327,0.0064239501953125,-0.9683871865272522,0.7563614845275879,0.8491317784565612,0.16071273386478424,0.061527401208877563,0.11661261320114136,0.09189373254776001
rosenbrock,1.0,2,cholesky,5,gumbel_softmax,8192,0.02,1000,1,rosenbrock,328,0.006912946701049805,-0.9886902570724487,0.8103845715522766,0.848707212567333,0.23627248406410217,0.08376593887805939,0.1883324235677719,0.11549395322799683
rosenbrock,1.0,2,cholesky,5,gumbel_softmax,8192,0.02,1000,1,rosenbrock,329,0.0071299076080322266,-0.9888243675231934,0.8614242076873779,0.8482828589610493,0.30277395248413086,0.07521849870681763,0.2142343521118164,0.20029449462890625
rosenbrock,1.0,2,cholesky,5,gumbel_softmax,8192,0.02,1000,1,rosenbrock,330,0.0063707828521728516,-0.981417715549469,0.8637046813964844,0.8478587175315688,0.14824511110782623,0.03701300173997879,0.09247094392776489,0.10979880392551422
rosenbrock,1.0,2,cholesky,5,gumbel_softmax,8192,0.02,1000,1,rosenbrock,331,0.006883144378662109,-0.9949936866760254,0.8171590566635132,0.847434788172803,0.16764861345291138,0.09184770286083221,0.11215788871049881,0.08420610427856445
rosenbrock,1.0,2,cholesky,5,gumbel_softmax,8192,0.02,1000,1,rosenbrock,332,0.0069429874420166016,-0.9891382455825806,0.7756078839302063,0.8470110707787167,0.16812331974506378,0.018377229571342468,0.14559009671211243,0.08204420655965805
rosenbrock,1.0,2,cholesky,5,gumbel_softmax,8192,0.02,1000,1,rosenbrock,333,0.006734132766723633,-0.976944625377655,0.8423665165901184,0.8465875652433273,0.13198627531528473,0.03284972906112671,0.12088362127542496,0.041574250906705856
rosenbrock,1.0,2,cholesky,5,gumbel_softmax,8192,0.02,1000,1,rosenbrock,334,0.006706953048706055,-0.9898731708526611,0.831052303314209,0.8461642714607057,0.18332581222057343,0.03039943054318428,0.1462068259716034,0.10633813589811325
rosenbrock,1.0,2,cholesky,5,gumbel_softmax,8192,0.02,1000,1,rosenbrock,335,0.006345272064208984,-1.0065221786499023,0.9263205528259277,0.8457411893249754,0.24654148519039154,0.02966792695224285,0.15569989383220673,0.18883870542049408
rosenbrock,1.0,2,cholesky,5,gumbel_softmax,8192,0.02,1000,1,rosenbrock,336,0.0067920684814453125,-0.9976980686187744,0.8825932145118713,0.845318318730313,0.35070735216140747,0.1482352614402771,0.1910087615251541,0.25404250621795654
rosenbrock,1.0,2,cholesky,5,gumbel_softmax,8192,0.02,1000,1,rosenbrock,337,0.006682157516479492,-0.9921737909317017,0.8173051476478577,0.8448956595709479,0.395182728767395,0.15458811819553375,0.33061739802360535,0.1515388935804367
rosenbrock,1.0,2,cholesky,5,gumbel_softmax,8192,0.02,1000,1,rosenbrock,338,0.006311893463134766,-1.0005630254745483,0.8363884687423706,0.8444732117411625,0.18157702684402466,0.11480962485074997,0.11806806176900864,0.07647808641195297
rosenbrock,1.0,2,cholesky,5,gumbel_softmax,8192,0.02,1000,1,rosenbrock,339,0.006661891937255859,-1.0045831203460693,0.8455716371536255,0.8440509751352919,0.22647908329963684,0.03066169284284115,0.16732236742973328,0.14951877295970917
rosenbrock,1.0,2,cholesky,5,gumbel_softmax,8192,0.02,1000,1,rosenbrock,340,0.006639003753662109,-0.9920550584793091,0.7998031377792358,0.8436289496477244,0.18141116201877594,0.0844762846827507,0.10540845990180969,0.12109013646841049
rosenbrock,1.0,2,cholesky,5,gumbel_softmax,8192,0.02,1000,1,rosenbrock,341,0.007143259048461914,-1.0048564672470093,0.9332289099693298,0.8432071351729006,0.38210463523864746,0.0962839350104332,0.3163703382015228,0.19142401218414307
rosenbrock,1.0,2,cholesky,5,gumbel_softmax,8192,0.02,1000,1,rosenbrock,342,0.006695985794067383,-1.0107574462890625,0.8867018222808838,0.8427855316053141,0.29130789637565613,0.170566126704216,0.12095237523317337,0.20282505452632904
rosenbrock,1.0,2,cholesky,5,gumbel_softmax,8192,0.02,1000,1,rosenbrock,343,0.006663084030151367,-0.9890331625938416,0.7816423773765564,0.8423641388395116,0.23888465762138367,0.02180282399058342,0.17761778831481934,0.15824805200099945
rosenbrock,1.0,2,cholesky,5,gumbel_softmax,8192,0.02,1000,1,rosenbrock,344,0.007136106491088867,-1.0105655193328857,0.8093361258506775,0.8419429567700918,0.15724720060825348,0.011375133879482746,0.07589655369520187,0.1372479647397995
rosenbrock,1.0,2,cholesky,5,gumbel_softmax,8192,0.02,1000,1,rosenbrock,345,0.006764650344848633,-0.9887720942497253,0.8470402359962463,0.8415219852917069,0.17599476873874664,0.05142071843147278,0.08226349204778671,0.14684273302555084
rosenbrock,1.0,2,cholesky,5,gumbel_softmax,8192,0.02,1000,1,rosenbrock,346,0.007122039794921875,-1.0107699632644653,0.926019012928009,0.841101224299061,0.15046773850917816,0.04092401638627052,0.0671568438410759,0.12827986478805542
rosenbrock,1.0,2,cholesky,5,gumbel_softmax,8192,0.02,1000,1,rosenbrock,347,0.007056236267089844,-0.9866353273391724,0.8268569111824036,0.8406806736869116,0.23031042516231537,0.020805183798074722,0.11084938794374466,0.20080450177192688
rosenbrock,1.0,2,cholesky,5,gumbel_softmax,8192,0.02,1000,1,rosenbrock,348,0.0071408748626708984,-0.9936203956604004,0.918716549873352,0.8402603333500681,0.18389922380447388,0.04384055361151695,0.13261167705059052,0.1196288913488388
rosenbrock,1.0,2,cholesky,5,gumbel_softmax,8192,0.02,1000,1,rosenbrock,349,0.006628274917602539,-1.0043785572052002,0.8417279720306396,0.8398402031833931,0.2308264523744583,0.07017650455236435,0.07215702533721924,0.20772451162338257
rosenbrock,1.0,2,cholesky,5,gumbel_softmax,8192,0.02,1000,1,rosenbrock,350,0.006588935852050781,-1.0090627670288086,0.9025691747665405,0.8394202830818015,0.10438860207796097,0.042920153588056564,0.07298795878887177,0.061054058372974396
rosenbrock,1.0,2,cholesky,5,gumbel_softmax,8192,0.02,1000,1,rosenbrock,351,0.0064961910247802734,-1.0112546682357788,0.8791767358779907,0.8390005729402606,0.1251366138458252,0.010002955794334412,0.05976971611380577,0.10948377847671509
rosenbrock,1.0,2,cholesky,5,gumbel_softmax,8192,0.02,1000,1,rosenbrock,352,0.00637507438659668,-1.0046062469482422,0.9016774892807007,0.8385810726537906,0.2420486956834793,0.00794035755097866,0.22625672817230225,0.08562957495450974
rosenbrock,1.0,2,cholesky,5,gumbel_softmax,8192,0.02,1000,1,rosenbrock,353,0.006376981735229492,-1.000844955444336,0.8977892398834229,0.8381617821174637,0.2307676523923874,0.09924566745758057,0.09568731486797333,0.18506202101707458
rosenbrock,1.0,2,cholesky,5,gumbel_softmax,8192,0.02,1000,1,rosenbrock,354,0.006348848342895508,-0.9997485876083374,0.8170045018196106,0.837742701226405,0.46216288208961487,0.09277752041816711,0.31952399015426636,0.32076674699783325
rosenbrock,1.0,2,cholesky,5,gumbel_softmax,8192,0.02,1000,1,rosenbrock,355,0.006353855133056641,-0.9986815452575684,0.8820230960845947,0.8373238298757919,0.20474457740783691,0.06781003624200821,0.14158830046653748,0.13143400847911835
rosenbrock,1.0,2,cholesky,5,gumbel_softmax,8192,0.02,1000,1,rosenbrock,356,0.006349802017211914,-1.004870891571045,0.8692193627357483,0.836905167960854,0.2966610789299011,0.09163840115070343,0.27190667390823364,0.07534559071063995
rosenbrock,1.0,2,cholesky,5,gumbel_softmax,8192,0.02,1000,1,rosenbrock,357,0.006359100341796875,-1.0124289989471436,1.0681673288345337,0.8364867153768736,0.23630064725875854,0.017101626843214035,0.22460411489009857,0.07140390574932098
rosenbrock,1.0,2,cholesky,5,gumbel_softmax,8192,0.02,1000,1,rosenbrock,358,0.006327152252197266,-0.9999595880508423,0.8450258374214172,0.8360684720191852,0.2541557848453522,0.06213435158133507,0.20782700181007385,0.13244779407978058
rosenbrock,1.0,2,cholesky,5,gumbel_softmax,8192,0.02,1000,1,rosenbrock,359,0.00634312629699707,-0.9970163702964783,0.883403480052948,0.8356504377831757,0.23013678193092346,0.03100723959505558,0.09928649663925171,0.20528924465179443
rosenbrock,1.0,2,cholesky,5,gumbel_softmax,8192,0.02,1000,1,rosenbrock,360,0.0063359737396240234,-0.9901954531669617,0.8398869633674622,0.8352326125642842,0.15039996802806854,0.03735826164484024,0.07004229724407196,0.12774421274662018
rosenbrock,1.0,2,cholesky,5,gumbel_softmax,8192,0.02,1000,1,rosenbrock,361,0.006372213363647461,-0.987317681312561,0.9244486689567566,0.834814996258002,0.15421317517757416,0.01747586764395237,0.10729017853736877,0.1093851700425148
rosenbrock,1.0,2,cholesky,5,gumbel_softmax,8192,0.02,1000,1,rosenbrock,362,0.006704092025756836,-0.9901890754699707,0.8322898745536804,0.8343975887598731,0.2592187523841858,0.13188466429710388,0.1969471573829651,0.10494101792573929
rosenbrock,1.0,2,cholesky,5,gumbel_softmax,8192,0.02,1000,1,rosenbrock,363,0.0070552825927734375,-1.0035895109176636,0.8350942730903625,0.8339803899654932,0.20794999599456787,0.08418995141983032,0.16710573434829712,0.09072446078062057
rosenbrock,1.0,2,cholesky,5,gumbel_softmax,8192,0.02,1000,1,rosenbrock,364,0.0064487457275390625,-0.9870907068252563,0.8633326292037964,0.8335633997705105,0.23347632586956024,0.03235388174653053,0.22126181423664093,0.06713894754648209
rosenbrock,1.0,2,cholesky,5,gumbel_softmax,8192,0.02,1000,1,rosenbrock,365,0.0066487789154052734,-0.994491696357727,0.9102805852890015,0.8331466180706253,0.16362859308719635,0.014688482508063316,0.06518994271755219,0.14936141669750214
rosenbrock,1.0,2,cholesky,5,gumbel_softmax,8192,0.02,1000,1,rosenbrock,366,0.0066907405853271484,-0.9943695068359375,0.8948451280593872,0.8327300447615901,0.1977635771036148,0.07350247353315353,0.16029344499111176,0.08951997756958008
rosenbrock,1.0,2,cholesky,5,gumbel_softmax,8192,0.02,1000,1,rosenbrock,367,0.006427764892578125,-1.0031821727752686,0.92951500415802,0.8323136797392092,0.13257993757724762,0.04250286892056465,0.04705864563584328,0.1164320856332779
rosenbrock,1.0,2,cholesky,5,gumbel_softmax,8192,0.02,1000,1,rosenbrock,368,0.0066471099853515625,-1.009132742881775,0.8438849449157715,0.8318975228993397,0.24495722353458405,0.13956835865974426,0.17940683662891388,0.09131214022636414
rosenbrock,1.0,2,cholesky,5,gumbel_softmax,8192,0.02,1000,1,rosenbrock,369,0.0066182613372802734,-0.9923027753829956,0.8544247150421143,0.83148157413789,0.17646528780460358,0.055682625621557236,0.1529501974582672,0.06815922260284424
rosenbrock,1.0,2,cholesky,5,gumbel_softmax,8192,0.02,1000,1,rosenbrock,370,0.006505012512207031,-0.9918556809425354,0.8746246099472046,0.8310658333508212,0.13349273800849915,0.035657040774822235,0.09104415029287338,0.09088371694087982
rosenbrock,1.0,2,cholesky,5,gumbel_softmax,8192,0.02,1000,1,rosenbrock,371,0.0065021514892578125,-1.0038549900054932,0.8633695840835571,0.8306503004341458,0.16309025883674622,0.0396297350525856,0.10372116416692734,0.11945641040802002
rosenbrock,1.0,2,cholesky,5,gumbel_softmax,8192,0.02,1000,1,rosenbrock,372,0.0065038204193115234,-1.0044265985488892,0.886737048625946,0.8302349752839288,0.38576120138168335,0.0956559106707573,0.31246715784072876,0.20500223338603973
rosenbrock,1.0,2,cholesky,5,gumbel_softmax,8192,0.02,1000,1,rosenbrock,373,0.0064830780029296875,-0.9906736016273499,0.8676198124885559,0.8298198577962869,0.21648003160953522,0.12119527906179428,0.1189168244600296,0.13429108262062073
rosenbrock,1.0,2,cholesky,5,gumbel_softmax,8192,0.02,1000,1,rosenbrock,374,0.0064771175384521484,-1.0040631294250488,0.8443350195884705,0.8294049478673888,0.38334524631500244,0.19612891972064972,0.2794248163700104,0.17438115179538727
rosenbrock,1.0,2,cholesky,5,gumbel_softmax,8192,0.02,1000,1,rosenbrock,375,0.006478071212768555,-1.0138295888900757,0.9192071557044983,0.8289902453934551,0.30822163820266724,0.17323125898838043,0.20871330797672272,0.14639079570770264
rosenbrock,1.0,2,cholesky,5,gumbel_softmax,8192,0.02,1000,1,rosenbrock,376,0.0064351558685302734,-1.0094273090362549,0.8963943719863892,0.8285757502707585,0.2526744306087494,0.08923789858818054,0.22837188839912415,0.06105126813054085
rosenbrock,1.0,2,cholesky,5,gumbel_softmax,8192,0.02,1000,1,rosenbrock,377,0.006407737731933594,-1.0046497583389282,0.8582589030265808,0.8281614623956232,0.24644604325294495,0.05284753814339638,0.11690418422222137,0.21041910350322723
rosenbrock,1.0,2,cholesky,5,gumbel_softmax,8192,0.02,1000,1,rosenbrock,378,0.006417989730834961,-1.0045526027679443,0.8750159740447998,0.8277473816644253,0.2286190390586853,0.11604230105876923,0.17599958181381226,0.08845901489257812
rosenbrock,1.0,2,cholesky,5,gumbel_softmax,8192,0.02,1000,1,rosenbrock,379,0.006447792053222656,-1.0088989734649658,0.9684021472930908,0.8273335079735932,0.5490570068359375,0.2247336059808731,0.4545721411705017,0.21052920818328857
rosenbrock,1.0,2,cholesky,5,gumbel_softmax,8192,0.02,1000,1,rosenbrock,380,0.006568193435668945,-1.0171849727630615,0.8699402213096619,0.8269198412196064,0.17426735162734985,0.13672250509262085,0.053072113543748856,0.09412446618080139
rosenbrock,1.0,2,cholesky,5,gumbel_softmax,8192,0.02,1000,1,rosenbrock,381,0.0068149566650390625,-1.0181748867034912,0.9706826210021973,0.8265063812989967,0.1948665976524353,0.056459855288267136,0.14931991696357727,0.11175346374511719
rosenbrock,1.0,2,cholesky,5,gumbel_softmax,8192,0.02,1000,1,rosenbrock,382,0.00692296028137207,-0.9980776906013489,0.8516354560852051,0.8260931281083472,0.22683864831924438,0.052126578986644745,0.18804076313972473,0.11566872149705887
rosenbrock,1.0,2,cholesky,5,gumbel_softmax,8192,0.02,1000,1,rosenbrock,383,0.006769895553588867,-1.0077415704727173,0.8892242312431335,0.8256800815442931,0.3283962309360504,0.027945594862103462,0.26051756739616394,0.1979740709066391
rosenbrock,1.0,2,cholesky,5,gumbel_softmax,8192,0.02,1000,1,rosenbrock,384,0.006745100021362305,-1.0286891460418701,0.9035953879356384,0.825267241503521,0.152152881026268,0.027092494070529938,0.1313452422618866,0.07186740636825562
rosenbrock,1.0,2,cholesky,5,gumbel_softmax,8192,0.02,1000,1,rosenbrock,385,0.0065670013427734375,-1.0263972282409668,0.9852219820022583,0.8248546078827693,0.19119364023208618,0.01343692559748888,0.18300317227840424,0.053705643862485886
rosenbrock,1.0,2,cholesky,5,gumbel_softmax,8192,0.02,1000,1,rosenbrock,386,0.006510257720947266,-1.021681547164917,0.8466131091117859,0.8244421805788279,0.19055142998695374,0.05966376140713692,0.17029201984405518,0.06124306470155716
rosenbrock,1.0,2,cholesky,5,gumbel_softmax,8192,0.02,1000,1,rosenbrock,387,0.006530046463012695,-1.023385763168335,0.8408436179161072,0.8240299594885385,0.24882738292217255,0.06468582898378372,0.2353583574295044,0.04834511876106262
rosenbrock,1.0,2,cholesky,5,gumbel_softmax,8192,0.02,1000,1,rosenbrock,388,0.006504058837890625,-1.022763967514038,0.8780023455619812,0.8236179445087943,0.1905004233121872,0.06448432803153992,0.12437521666288376,0.12908519804477692
rosenbrock,1.0,2,cholesky,5,gumbel_softmax,8192,0.02,1000,1,rosenbrock,389,0.006474018096923828,-1.021312952041626,0.9223296642303467,0.82320613553654,0.09543324261903763,0.02111758291721344,0.08084376156330109,0.046106815338134766
rosenbrock,1.0,2,cholesky,5,gumbel_softmax,8192,0.02,1000,1,rosenbrock,390,0.006521940231323242,-1.0173211097717285,0.9327645301818848,0.8227945324687718,0.21328604221343994,0.023018930107355118,0.19418059289455414,0.0851760283112526
rosenbrock,1.0,2,cholesky,5,gumbel_softmax,8192,0.02,1000,1,rosenbrock,391,0.006555080413818359,-1.0193963050842285,0.9375959634780884,0.8223831352025375,0.08454472571611404,0.015348581597208977,0.0647895336151123,0.05210132524371147
rosenbrock,1.0,2,cholesky,5,gumbel_softmax,8192,0.02,1000,1,rosenbrock,392,0.006444692611694336,-1.0202410221099854,0.9144006967544556,0.8219719436349362,0.17503008246421814,0.08321341127157211,0.12782014906406403,0.08586657792329788
rosenbrock,1.0,2,cholesky,5,gumbel_softmax,8192,0.02,1000,1,rosenbrock,393,0.006440877914428711,-1.0100218057632446,0.9820787310600281,0.8215609576631188,0.27501657605171204,0.013198308646678925,0.228901207447052,0.15186892449855804
rosenbrock,1.0,2,cholesky,5,gumbel_softmax,8192,0.02,1000,1,rosenbrock,394,0.006509065628051758,-1.014959454536438,0.8494740724563599,0.8211501771842873,0.30060648918151855,0.15400905907154083,0.193604975938797,0.17077060043811798
rosenbrock,1.0,2,cholesky,5,gumbel_softmax,8192,0.02,1000,1,rosenbrock,395,0.006445884704589844,-1.0060888528823853,0.8965187072753906,0.8207396020956952,0.1379191279411316,0.06659263372421265,0.05979575961828232,0.10493605583906174
rosenbrock,1.0,2,cholesky,5,gumbel_softmax,8192,0.02,1000,1,rosenbrock,396,0.006445169448852539,-1.0218936204910278,0.9130758047103882,0.8203292322946474,0.17160537838935852,0.07427935302257538,0.09951383620500565,0.11843977123498917
rosenbrock,1.0,2,cholesky,5,gumbel_softmax,8192,0.02,1000,1,rosenbrock,397,0.006479024887084961,-1.0170387029647827,0.8951581716537476,0.8199190676785001,0.16938380897045135,0.10748887062072754,0.06315583735704422,0.11466629803180695
rosenbrock,1.0,2,cholesky,5,gumbel_softmax,8192,0.02,1000,1,rosenbrock,398,0.006476879119873047,-1.0097090005874634,0.8916061520576477,0.8195091081446609,0.1432649791240692,0.02681424655020237,0.09168216586112976,0.10677187144756317
rosenbrock,1.0,2,cholesky,5,gumbel_softmax,8192,0.02,1000,1,rosenbrock,399,0.006685018539428711,-1.0300822257995605,0.9918782711029053,0.8190993535905886,0.1563800722360611,0.013978258706629276,0.023546360433101654,0.15396396815776825
rosenbrock,1.0,2,cholesky,5,gumbel_softmax,8192,0.02,1000,1,rosenbrock,400,0.0070459842681884766,-1.017284631729126,0.880611002445221,0.8186898039137933,0.145931214094162,0.021390432491898537,0.07493755966424942,0.12338043004274368
rosenbrock,1.0,2,cholesky,5,gumbel_softmax,8192,0.02,1000,1,rosenbrock,401,0.007091045379638672,-1.048609972000122,1.053316593170166,0.8182804590118365,0.3401641845703125,0.09904282540082932,0.1343986690044403,0.2963767945766449
rosenbrock,1.0,2,cholesky,5,gumbel_softmax,8192,0.02,1000,1,rosenbrock,402,0.0068361759185791016,-1.0225743055343628,0.8721997141838074,0.8178713187823307,0.3417914807796478,0.16322565078735352,0.29203107953071594,0.06997625529766083
rosenbrock,1.0,2,cholesky,5,gumbel_softmax,8192,0.02,1000,1,rosenbrock,403,0.0064928531646728516,-1.0324506759643555,0.984749436378479,0.8174623831229395,0.19023394584655762,0.04708825424313545,0.03344298526644707,0.1812545657157898
rosenbrock,1.0,2,cholesky,5,gumbel_softmax,8192,0.02,1000,1,rosenbrock,404,0.006434917449951172,-1.0235830545425415,0.9486193060874939,0.8170536519313781,0.19778598845005035,0.0841420441865921,0.11057352274656296,0.14075833559036255
rosenbrock,1.0,2,cholesky,5,gumbel_softmax,8192,0.02,1000,1,rosenbrock,405,0.006448984146118164,-1.0380340814590454,0.9345442652702332,0.8166451251054124,0.39988967776298523,0.12374889105558395,0.20644760131835938,0.31933894753456116
rosenbrock,1.0,2,cholesky,5,gumbel_softmax,8192,0.02,1000,1,rosenbrock,406,0.006420135498046875,-1.0092682838439941,0.9307782649993896,0.8162368025428598,0.2474483996629715,0.06621047109365463,0.05831992253661156,0.23118320107460022
rosenbrock,1.0,2,cholesky,5,gumbel_softmax,8192,0.02,1000,1,rosenbrock,407,0.006405830383300781,-1.0210645198822021,0.8761186003684998,0.8158286841415884,0.2127717137336731,0.1311875283718109,0.15148663520812988,0.07150828093290329
rosenbrock,1.0,2,cholesky,5,gumbel_softmax,8192,0.02,1000,1,rosenbrock,408,0.0064220428466796875,-1.0417828559875488,0.8964280486106873,0.8154207697995176,0.1730393022298813,0.08783984929323196,0.13590052723884583,0.06130097433924675
rosenbrock,1.0,2,cholesky,5,gumbel_softmax,8192,0.02,1000,1,rosenbrock,409,0.006409883499145508,-1.0328731536865234,0.9581745266914368,0.8150130594146179,0.32399141788482666,0.11802679300308228,0.29547470808029175,0.061113253235816956
rosenbrock,1.0,2,cholesky,5,gumbel_softmax,8192,0.02,1000,1,rosenbrock,410,0.00642704963684082,-1.0384955406188965,0.9561141729354858,0.8146055528849107,0.1546293944120407,0.04163198173046112,0.06683782488107681,0.13307788968086243
rosenbrock,1.0,2,cholesky,5,gumbel_softmax,8192,0.02,1000,1,rosenbrock,411,0.006425142288208008,-1.0399261713027954,0.8754895329475403,0.8141982501084682,0.18241611123085022,0.04978173226118088,0.10522134602069855,0.14044888317584991
rosenbrock,1.0,2,cholesky,5,gumbel_softmax,8192,0.02,1000,1,rosenbrock,412,0.0064220428466796875,-1.0411711931228638,0.900351881980896,0.813791150983414,0.29355233907699585,0.0953950509428978,0.2518145442008972,0.11688537150621414
rosenbrock,1.0,2,cholesky,5,gumbel_softmax,8192,0.02,1000,1,rosenbrock,413,0.006867885589599609,-1.0269209146499634,0.871471643447876,0.8133842554079224,0.19875909388065338,0.02830200269818306,0.07168029248714447,0.1832105666399002
rosenbrock,1.0,2,cholesky,5,gumbel_softmax,8192,0.02,1000,1,rosenbrock,414,0.006523847579956055,-1.0433884859085083,0.9049884080886841,0.8129775632802185,0.2098158597946167,0.022535936906933784,0.05204468593001366,0.20200538635253906
rosenbrock,1.0,2,cholesky,5,gumbel_softmax,8192,0.02,1000,1,rosenbrock,415,0.00699615478515625,-1.0414252281188965,0.9552795886993408,0.8125710744985785,0.2561355233192444,0.09246212244033813,0.15959130227565765,0.17772671580314636
rosenbrock,1.0,2,cholesky,5,gumbel_softmax,8192,0.02,1000,1,rosenbrock,416,0.006987094879150391,-1.0320144891738892,0.9872032999992371,0.8121647889613292,0.2670096158981323,0.15819460153579712,0.18620020151138306,0.10769445449113846
rosenbrock,1.0,2,cholesky,5,gumbel_softmax,8192,0.02,1000,1,rosenbrock,417,0.006551027297973633,-1.042525291442871,0.895383894443512,0.8117587065668486,0.6208379864692688,0.26698917150497437,0.4415039122104645,0.34529823064804077
rosenbrock,1.0,2,cholesky,5,gumbel_softmax,8192,0.02,1000,1,rosenbrock,418,0.006464719772338867,-1.0439069271087646,0.8946245908737183,0.8113528272135652,0.08548691868782043,0.011075765825808048,0.0446745902299881,0.07203833013772964
rosenbrock,1.0,2,cholesky,5,gumbel_softmax,8192,0.02,1000,1,rosenbrock,419,0.006445169448852539,-1.0380626916885376,0.9239343404769897,0.8109471507999584,0.1809467077255249,0.058537427335977554,0.13897675275802612,0.1000027060508728
rosenbrock,1.0,2,cholesky,5,gumbel_softmax,8192,0.02,1000,1,rosenbrock,420,0.006456136703491211,-1.0506248474121094,1.0379174947738647,0.8105416772245585,0.40576761960983276,0.2305796593427658,0.3216114044189453,0.0897020474076271
rosenbrock,1.0,2,cholesky,5,gumbel_softmax,8192,0.02,1000,1,rosenbrock,421,0.006392955780029297,-1.029852271080017,0.9769615530967712,0.8101364063859463,0.5240978598594666,0.1490938514471054,0.4931029975414276,0.09643153101205826
rosenbrock,1.0,2,cholesky,5,gumbel_softmax,8192,0.02,1000,1,rosenbrock,422,0.006410837173461914,-1.0209755897521973,0.9222429990768433,0.8097313381827533,0.26876115798950195,0.10227937251329422,0.20565085113048553,0.1395680010318756
rosenbrock,1.0,2,cholesky,5,gumbel_softmax,8192,0.02,1000,1,rosenbrock,423,0.0064220428466796875,-1.0316311120986938,0.9094061851501465,0.809326472513662,0.18140941858291626,0.03228346258401871,0.09018269181251526,0.15405918657779694
rosenbrock,1.0,2,cholesky,5,gumbel_softmax,8192,0.02,1000,1,rosenbrock,424,0.0064067840576171875,-1.0583152770996094,1.0123440027236938,0.8089218092774052,0.5854789614677429,0.2198822796344757,0.5240314602851868,0.14081349968910217
rosenbrock,1.0,2,cholesky,5,gumbel_softmax,8192,0.02,1000,1,rosenbrock,425,0.006391048431396484,-1.0397138595581055,0.9489664435386658,0.8085173483727666,0.40976381301879883,0.26102253794670105,0.29710179567337036,0.10725737363100052
rosenbrock,1.0,2,cholesky,5,gumbel_softmax,8192,0.02,1000,1,rosenbrock,426,0.006359100341796875,-1.0527586936950684,0.939551055431366,0.8081130896985802,0.20546366274356842,0.11823625862598419,0.09011286497116089,0.14182797074317932
rosenbrock,1.0,2,cholesky,5,gumbel_softmax,8192,0.02,1000,1,rosenbrock,427,0.006398916244506836,-1.0568903684616089,0.9963831901550293,0.807709033153731,0.18320710957050323,0.016619551926851273,0.12059548497200012,0.1369137018918991
rosenbrock,1.0,2,cholesky,5,gumbel_softmax,8192,0.02,1000,1,rosenbrock,428,0.006381988525390625,-1.040981650352478,0.9408764839172363,0.8073051786371541,0.3588281571865082,0.23120291531085968,0.18059048056602478,0.2066154032945633
rosenbrock,1.0,2,cholesky,5,gumbel_softmax,8192,0.02,1000,1,rosenbrock,429,0.006407976150512695,-1.0614482164382935,1.1007336378097534,0.8069015260478356,0.7012599110603333,0.21554981172084808,0.6070932149887085,0.2770226299762726
rosenbrock,1.0,2,cholesky,5,gumbel_softmax,8192,0.02,1000,1,rosenbrock,430,0.006381034851074219,-1.0477665662765503,0.943240225315094,0.8064980752848118,0.3371054232120514,0.2111080139875412,0.20304778218269348,0.1668684482574463
rosenbrock,1.0,2,cholesky,5,gumbel_softmax,8192,0.02,1000,1,rosenbrock,431,0.006662845611572266,-1.0499436855316162,0.9101524353027344,0.8060948262471694,0.16963014006614685,0.06436745077371597,0.06581833958625793,0.14247511327266693
rosenbrock,1.0,2,cholesky,5,gumbel_softmax,8192,0.02,1000,1,rosenbrock,432,0.006977081298828125,-1.0709936618804932,1.1162445545196533,0.8056917788340459,0.6772406101226807,0.2766215205192566,0.5524720549583435,0.27732667326927185
rosenbrock,1.0,2,cholesky,5,gumbel_softmax,8192,0.02,1000,1,rosenbrock,433,0.0071141719818115234,-1.047759771347046,0.9201253056526184,0.8052889329446289,0.5648544430732727,0.3162459433078766,0.407024621963501,0.2310410887002945
rosenbrock,1.0,2,cholesky,5,gumbel_softmax,8192,0.02,1000,1,rosenbrock,434,0.006946086883544922,-1.0549272298812866,0.9849463701248169,0.8048862884781566,0.14471645653247833,0.06590873003005981,0.09530355781316757,0.0866955816745758
rosenbrock,1.0,2,cholesky,5,gumbel_softmax,8192,0.02,1000,1,rosenbrock,435,0.006742000579833984,-1.0554487705230713,0.8885051608085632,0.8044838453339176,0.2943914234638214,0.076083242893219,0.2247319221496582,0.17427916824817657
rosenbrock,1.0,2,cholesky,5,gumbel_softmax,8192,0.02,1000,1,rosenbrock,436,0.0074310302734375,-1.0524773597717285,0.9476097822189331,0.8040816034112507,0.15014009177684784,0.045107461512088776,0.11246319860219955,0.08865322917699814
rosenbrock,1.0,2,cholesky,5,gumbel_softmax,8192,0.02,1000,1,rosenbrock,437,0.007277965545654297,-1.041208267211914,0.9896954894065857,0.8036795626095451,0.16373324394226074,0.10506221652030945,0.05704658851027489,0.11187578737735748
rosenbrock,1.0,2,cholesky,5,gumbel_softmax,8192,0.02,1000,1,rosenbrock,438,0.00680232048034668,-1.0560023784637451,0.9244384765625,0.8032777228282404,0.2947235107421875,0.1923716813325882,0.17175140976905823,0.14267633855342865
rosenbrock,1.0,2,cholesky,5,gumbel_softmax,8192,0.02,1000,1,rosenbrock,439,0.0068662166595458984,-1.055465817451477,0.9077914357185364,0.8028760839668263,0.430358350276947,0.06287796050310135,0.3993721306324005,0.1475011259317398
rosenbrock,1.0,2,cholesky,5,gumbel_softmax,8192,0.02,1000,1,rosenbrock,440,0.0068798065185546875,-1.0567107200622559,0.8922217488288879,0.8024746459248429,0.1473657488822937,0.03601131960749626,0.07982789725065231,0.11852153390645981
rosenbrock,1.0,2,cholesky,5,gumbel_softmax,8192,0.02,1000,1,rosenbrock,441,0.006498098373413086,-1.0763885974884033,1.0131779909133911,0.8020734086018805,0.32883667945861816,0.17882762849330902,0.2647116482257843,0.07798701524734497
rosenbrock,1.0,2,cholesky,5,gumbel_softmax,8192,0.02,1000,1,rosenbrock,442,0.006846427917480469,-1.0570228099822998,0.9728485941886902,0.8016723718975797,0.16458359360694885,0.1172562837600708,0.07805028557777405,0.08512858301401138
rosenbrock,1.0,2,cholesky,5,gumbel_softmax,8192,0.02,1000,1,rosenbrock,443,0.0064487457275390625,-1.0591270923614502,0.9740315675735474,0.8012715357116309,0.5268843173980713,0.18742604553699493,0.4819796085357666,0.10086744278669357
rosenbrock,1.0,2,cholesky,5,gumbel_softmax,8192,0.02,1000,1,rosenbrock,444,0.006847858428955078,-1.0564661026000977,0.9787196516990662,0.8008708999437751,0.2376275360584259,0.14677666127681732,0.14898750185966492,0.11281038075685501
rosenbrock,1.0,2,cholesky,5,gumbel_softmax,8192,0.02,1000,1,rosenbrock,445,0.007426023483276367,-1.0617313385009766,1.0018988847732544,0.8004704644938032,0.18622949719429016,0.03456103429198265,0.14158642292022705,0.11593205481767654
rosenbrock,1.0,2,cholesky,5,gumbel_softmax,8192,0.02,1000,1,rosenbrock,446,0.006620883941650391,-1.0637152194976807,0.9758742451667786,0.8000702292615564,0.27361562848091125,0.03055044636130333,0.24596455693244934,0.11590352654457092
rosenbrock,1.0,2,cholesky,5,gumbel_softmax,8192,0.02,1000,1,rosenbrock,447,0.006511688232421875,-1.0732756853103638,1.0412906408309937,0.7996701941469256,0.17995433509349823,0.0897049754858017,0.04085790738463402,0.15055635571479797
rosenbrock,1.0,2,cholesky,5,gumbel_softmax,8192,0.02,1000,1,rosenbrock,448,0.006438732147216797,-1.0759751796722412,1.092932105064392,0.7992703590498522,0.2783007323741913,0.18140029907226562,0.18472537398338318,0.1020871177315712
rosenbrock,1.0,2,cholesky,5,gumbel_softmax,8192,0.02,1000,1,rosenbrock,449,0.006573915481567383,-1.0759270191192627,1.021490216255188,0.7988707238703274,0.15488415956497192,0.010099006816744804,0.06923353672027588,0.1381804347038269
rosenbrock,1.0,2,cholesky,5,gumbel_softmax,8192,0.02,1000,1,rosenbrock,450,0.006539821624755859,-1.0801143646240234,1.0335900783538818,0.7984712885083922,0.10892397165298462,0.03798999264836311,0.0685967281460762,0.07560212165117264
rosenbrock,1.0,2,cholesky,5,gumbel_softmax,8192,0.02,1000,1,rosenbrock,451,0.006644010543823242,-1.0797655582427979,0.9464201927185059,0.7980720528641381,0.13365723192691803,0.04383670538663864,0.07449650764465332,0.1019454225897789
rosenbrock,1.0,2,cholesky,5,gumbel_softmax,8192,0.02,1000,1,rosenbrock,452,0.006526947021484375,-1.0654547214508057,0.9003443717956543,0.7976730168377061,0.1668056696653366,0.04414917528629303,0.12009358406066895,0.1070164144039154
rosenbrock,1.0,2,cholesky,5,gumbel_softmax,8192,0.02,1000,1,rosenbrock,453,0.006515026092529297,-1.061262607574463,0.8946117758750916,0.7972741803292873,0.176034614443779,0.05769854411482811,0.07133469730615616,0.15023456513881683
rosenbrock,1.0,2,cholesky,5,gumbel_softmax,8192,0.02,1000,1,rosenbrock,454,0.0064890384674072266,-1.0711356401443481,0.9498675465583801,0.7968755432391227,0.1039133295416832,0.014904718846082687,0.061201728880405426,0.08264488726854324
rosenbrock,1.0,2,cholesky,5,gumbel_softmax,8192,0.02,1000,1,rosenbrock,455,0.006515979766845703,-1.0798091888427734,1.038197636604309,0.7964771054675032,0.16129522025585175,0.04202931746840477,0.10079330205917358,0.1187029629945755
rosenbrock,1.0,2,cholesky,5,gumbel_softmax,8192,0.02,1000,1,rosenbrock,456,0.006494998931884766,-1.0694880485534668,0.9416496157646179,0.7960788669147695,0.19790399074554443,0.09002538025379181,0.15508057177066803,0.08373434841632843
rosenbrock,1.0,2,cholesky,5,gumbel_softmax,8192,0.02,1000,1,rosenbrock,457,0.006502866744995117,-1.0621111392974854,0.9290033578872681,0.7956808274813121,0.11042079329490662,0.06897377222776413,0.04910450801253319,0.07088100165128708
rosenbrock,1.0,2,cholesky,5,gumbel_softmax,8192,0.02,1000,1,rosenbrock,458,0.0065212249755859375,-1.0951685905456543,1.0521129369735718,0.7952829870675715,0.19058342278003693,0.05191417038440704,0.034611113369464874,0.1800806224346161
rosenbrock,1.0,2,cholesky,5,gumbel_softmax,8192,0.02,1000,1,rosenbrock,459,0.0064661502838134766,-1.0812773704528809,1.0101324319839478,0.7948853455740378,0.22758282721042633,0.021842680871486664,0.07567774504423141,0.21351750195026398
rosenbrock,1.0,2,cholesky,5,gumbel_softmax,8192,0.02,1000,1,rosenbrock,460,0.006433963775634766,-1.0816352367401123,1.0241225957870483,0.7944879029012508,0.12916727364063263,0.02522820048034191,0.0680256336927414,0.10686550289392471
rosenbrock,1.0,2,cholesky,5,gumbel_softmax,8192,0.02,1000,1,rosenbrock,461,0.006472110748291016,-1.0595979690551758,1.0403711795806885,0.7940906589498002,0.2875934839248657,0.06253115087747574,0.21399445831775665,0.1816762387752533
rosenbrock,1.0,2,cholesky,5,gumbel_softmax,8192,0.02,1000,1,rosenbrock,462,0.006462812423706055,-1.0788969993591309,1.0584769248962402,0.7936936136203253,0.2639041543006897,0.14694325625896454,0.1845254898071289,0.11833605915307999
rosenbrock,1.0,2,cholesky,5,gumbel_softmax,8192,0.02,1000,1,rosenbrock,463,0.006445884704589844,-1.0712926387786865,1.0446908473968506,0.7932967668135152,0.2213575690984726,0.12827832996845245,0.060818467289209366,0.1698380410671234
rosenbrock,1.0,2,cholesky,5,gumbel_softmax,8192,0.02,1000,1,rosenbrock,464,0.006459712982177734,-1.0874533653259277,0.9844644069671631,0.7929001184301085,0.20114274322986603,0.014401888474822044,0.08177165687084198,0.18320585787296295
rosenbrock,1.0,2,cholesky,5,gumbel_softmax,8192,0.02,1000,1,rosenbrock,465,0.006468772888183594,-1.0620101690292358,0.9448740482330322,0.7925036683708935,0.25572749972343445,0.05553511902689934,0.2355596125125885,0.0826079249382019
rosenbrock,1.0,2,cholesky,5,gumbel_softmax,8192,0.02,1000,1,rosenbrock,466,0.006425142288208008,-1.079695463180542,0.9580641388893127,0.7921074165367081,0.1472853571176529,0.019098855555057526,0.09409323334693909,0.11169007420539856
rosenbrock,1.0,2,cholesky,5,gumbel_softmax,8192,0.02,1000,1,rosenbrock,467,0.00644373893737793,-1.076286792755127,0.9872804880142212,0.7917113628284398,0.12734968960285187,0.015727996826171875,0.0703333392739296,0.1049942746758461
rosenbrock,1.0,2,cholesky,5,gumbel_softmax,8192,0.02,1000,1,rosenbrock,468,0.006429910659790039,-1.064812421798706,0.9557920694351196,0.7913155071470256,0.21239221096038818,0.068100206553936,0.1295049786567688,0.15395218133926392
rosenbrock,1.0,2,cholesky,5,gumbel_softmax,8192,0.02,1000,1,rosenbrock,469,0.00644683837890625,-1.0747442245483398,0.9817317724227905,0.7909198493934522,0.13656337559223175,0.041598618030548096,0.07424844801425934,0.10680019110441208
rosenbrock,1.0,2,cholesky,5,gumbel_softmax,8192,0.02,1000,1,rosenbrock,470,0.006453275680541992,-1.0633559226989746,0.9721615314483643,0.7905243894687555,0.14227628707885742,0.029458604753017426,0.11330852657556534,0.0808449536561966
rosenbrock,1.0,2,cholesky,5,gumbel_softmax,8192,0.02,1000,1,rosenbrock,471,0.006415128707885742,-1.070031762123108,0.9550433158874512,0.7901291272740211,0.11666855216026306,0.015090184286236763,0.023661527782678604,0.11324296146631241
rosenbrock,1.0,2,cholesky,5,gumbel_softmax,8192,0.02,1000,1,rosenbrock,472,0.006474018096923828,-1.084877848625183,0.9824629426002502,0.7897340627103842,0.265127956867218,0.06919188052415848,0.19252869486808777,0.16863574087619781
rosenbrock,1.0,2,cholesky,5,gumbel_softmax,8192,0.02,1000,1,rosenbrock,473,0.0064239501953125,-1.0698736906051636,0.9369529485702515,0.789339195679029,0.27888023853302,0.11073856055736542,0.18853406608104706,0.1731071025133133
rosenbrock,1.0,2,cholesky,5,gumbel_softmax,8192,0.02,1000,1,rosenbrock,474,0.006435871124267578,-1.0836602449417114,0.9312931299209595,0.7889445260811895,0.19172409176826477,0.010168085806071758,0.16498665511608124,0.09712947905063629
rosenbrock,1.0,2,cholesky,5,gumbel_softmax,8192,0.02,1000,1,rosenbrock,475,0.00641179084777832,-1.0988759994506836,1.0572508573532104,0.788550053818149,0.17199987173080444,0.03758386895060539,0.12139672040939331,0.11590619385242462
rosenbrock,1.0,2,cholesky,5,gumbel_softmax,8192,0.02,1000,1,rosenbrock,476,0.006439924240112305,-1.0875627994537354,1.0226876735687256,0.78815577879124,0.1348259449005127,0.010870221070945263,0.0705849677324295,0.11435749381780624
rosenbrock,1.0,2,cholesky,5,gumbel_softmax,8192,0.02,1000,1,rosenbrock,477,0.00641322135925293,-1.1080647706985474,1.051592469215393,0.7877617009018444,0.2505999207496643,0.0313798226416111,0.08136396110057831,0.23493731021881104
rosenbrock,1.0,2,cholesky,5,gumbel_softmax,8192,0.02,1000,1,rosenbrock,478,0.006440162658691406,-1.0911433696746826,1.0051145553588867,0.7873678200513935,0.25549203157424927,0.0577859953045845,0.14136916399002075,0.2048211693763733
rosenbrock,1.0,2,cholesky,5,gumbel_softmax,8192,0.02,1000,1,rosenbrock,479,0.006411075592041016,-1.0854817628860474,0.9703649878501892,0.7869741361413678,0.17967651784420013,0.08197400718927383,0.12918630242347717,0.09420622885227203
rosenbrock,1.0,2,cholesky,5,gumbel_softmax,8192,0.02,1000,1,rosenbrock,480,0.006437063217163086,-1.0883185863494873,0.9848334789276123,0.7865806490732972,0.2203785926103592,0.10907173901796341,0.1428079903125763,0.1275772601366043
rosenbrock,1.0,2,cholesky,5,gumbel_softmax,8192,0.02,1000,1,rosenbrock,481,0.006400585174560547,-1.0943251848220825,1.0412760972976685,0.7861873587487606,0.21242639422416687,0.024719087406992912,0.08065234124660492,0.19495932757854462
rosenbrock,1.0,2,cholesky,5,gumbel_softmax,8192,0.02,1000,1,rosenbrock,482,0.006400108337402344,-1.089413046836853,0.9820760488510132,0.7857942650693862,0.5827066898345947,0.21633538603782654,0.2976727783679962,0.45181527733802795
rosenbrock,1.0,2,cholesky,5,gumbel_softmax,8192,0.02,1000,1,rosenbrock,483,0.00643610954284668,-1.0966012477874756,1.062920093536377,0.7854013679368516,0.2892538011074066,0.0658244639635086,0.24853703379631042,0.13253016769886017
rosenbrock,1.0,2,cholesky,5,gumbel_softmax,8192,0.02,1000,1,rosenbrock,484,0.006450176239013672,-1.0903655290603638,0.9844852089881897,0.7850086672528832,0.6618310809135437,0.19119970500469208,0.6212080717086792,0.12475387006998062
rosenbrock,1.0,2,cholesky,5,gumbel_softmax,8192,0.02,1000,1,rosenbrock,485,0.006381034851074219,-1.0942888259887695,1.0170252323150635,0.7846161629192568,0.27958106994628906,0.10646828263998032,0.16494864225387573,0.19905278086662292
rosenbrock,1.0,2,cholesky,5,gumbel_softmax,8192,0.02,1000,1,rosenbrock,486,0.00641322135925293,-1.065395474433899,1.043156385421753,0.7842238548377972,0.2788700461387634,0.05744754895567894,0.10244501382112503,0.2529294192790985
rosenbrock,1.0,2,cholesky,5,gumbel_softmax,8192,0.02,1000,1,rosenbrock,487,0.006463050842285156,-1.0935828685760498,1.0353803634643555,0.7838317429103784,0.26208916306495667,0.12114457041025162,0.22450530529022217,0.06010070815682411
rosenbrock,1.0,2,cholesky,5,gumbel_softmax,8192,0.02,1000,1,rosenbrock,488,0.006392717361450195,-1.074040412902832,0.956422746181488,0.7834398270389232,0.42236393690109253,0.1709892600774765,0.370052307844162,0.11052250862121582
rosenbrock,1.0,2,cholesky,5,gumbel_softmax,8192,0.02,1000,1,rosenbrock,489,0.00638890266418457,-1.085458755493164,0.9609408378601074,0.7830481071254038,0.26828986406326294,0.06738710403442383,0.23908674716949463,0.10137037187814713
rosenbrock,1.0,2,cholesky,5,gumbel_softmax,8192,0.02,1000,1,rosenbrock,490,0.006375789642333984,-1.0878360271453857,1.0014533996582031,0.7826565830718412,0.10074204951524734,0.01083703339099884,0.06093573570251465,0.07948808372020721
rosenbrock,1.0,2,cholesky,5,gumbel_softmax,8192,0.02,1000,1,rosenbrock,491,0.0064220428466796875,-1.0877856016159058,1.0131511688232422,0.7822652547803053,0.2180802971124649,0.10145732015371323,0.12304457277059555,0.1487462967634201
rosenbrock,1.0,2,cholesky,5,gumbel_softmax,8192,0.02,1000,1,rosenbrock,492,0.0063822269439697266,-1.1235229969024658,1.1007733345031738,0.7818741221529152,0.2074945569038391,0.08528934419155121,0.09618128836154938,0.16287687420845032
rosenbrock,1.0,2,cholesky,5,gumbel_softmax,8192,0.02,1000,1,rosenbrock,493,0.006389141082763672,-1.0943446159362793,1.04438316822052,0.7814831850918388,0.40018948912620544,0.10892711579799652,0.3786237835884094,0.07021734118461609
rosenbrock,1.0,2,cholesky,5,gumbel_softmax,8192,0.02,1000,1,rosenbrock,494,0.00639796257019043,-1.1027599573135376,0.9836008548736572,0.7810924434992929,0.3732776939868927,0.08485649526119232,0.28871774673461914,0.22085672616958618
rosenbrock,1.0,2,cholesky,5,gumbel_softmax,8192,0.02,1000,1,rosenbrock,495,0.0064198970794677734,-1.1031872034072876,1.0294809341430664,0.7807018972775432,0.15887460112571716,0.016248995438218117,0.11156755685806274,0.111936554312706
rosenbrock,1.0,2,cholesky,5,gumbel_softmax,8192,0.02,1000,1,rosenbrock,496,0.006281852722167969,-1.0869280099868774,1.0040624141693115,0.7803115463289045,0.14310748875141144,0.08240776509046555,0.07209856808185577,0.0921439602971077
rosenbrock,1.0,2,cholesky,5,gumbel_softmax,8192,0.02,1000,1,rosenbrock,497,0.006608724594116211,-1.1006823778152466,1.0062929391860962,0.7799213905557402,0.10737821459770203,0.014914806932210922,0.09171589463949203,0.053812865167856216
rosenbrock,1.0,2,cholesky,5,gumbel_softmax,8192,0.02,1000,1,rosenbrock,498,0.006337881088256836,-1.0988059043884277,1.0044994354248047,0.7795314298604623,0.19053766131401062,0.060038577765226364,0.07320067286491394,0.16535302996635437
rosenbrock,1.0,2,cholesky,5,gumbel_softmax,8192,0.02,1000,1,rosenbrock,499,0.006818056106567383,-1.0982024669647217,0.9849560856819153,0.7791416641455321,0.2980111241340637,0.08673501014709473,0.2697775363922119,0.0922374352812767
rosenbrock,1.0,2,cholesky,5,gumbel_softmax,8192,0.02,1000,1,rosenbrock,500,0.006557941436767578,-1.113378882408142,1.0414042472839355,0.7787520933134594,0.36647742986679077,0.04741210117936134,0.2826138138771057,0.22844524681568146
rosenbrock,1.0,2,cholesky,5,gumbel_softmax,8192,0.02,1000,1,rosenbrock,501,0.0065081119537353516,-1.1089529991149902,0.9989604353904724,0.7783627172668027,0.15726728737354279,0.09373479336500168,0.11964777857065201,0.04038802906870842
rosenbrock,1.0,2,cholesky,5,gumbel_softmax,8192,0.02,1000,1,rosenbrock,502,0.006807088851928711,-1.1001795530319214,1.0712810754776,0.7779735359081693,0.12010940164327621,0.016628794372081757,0.07449565082788467,0.09273698925971985
rosenbrock,1.0,2,cholesky,5,gumbel_softmax,8192,0.02,1000,1,rosenbrock,503,0.00638270378112793,-1.1041240692138672,1.063255786895752,0.7775845491402154,0.2752207815647125,0.09680194407701492,0.18902435898780823,0.175058975815773
rosenbrock,1.0,2,cholesky,5,gumbel_softmax,8192,0.02,1000,1,rosenbrock,504,0.0066869258880615234,-1.1104017496109009,0.942078709602356,0.7771957568656452,0.14612597227096558,0.010644015856087208,0.05302870646119118,0.1357477754354477
rosenbrock,1.0,2,cholesky,5,gumbel_softmax,8192,0.02,1000,1,rosenbrock,505,0.006695747375488281,-1.0978126525878906,0.9822052717208862,0.7768071589872124,0.2650829553604126,0.06832607090473175,0.2457544505596161,0.07214754074811935
rosenbrock,1.0,2,cholesky,5,gumbel_softmax,8192,0.02,1000,1,rosenbrock,506,0.006469011306762695,-1.1053788661956787,1.0447392463684082,0.7764187554077189,0.3430238664150238,0.1354493945837021,0.250217467546463,0.19159866869449615
rosenbrock,1.0,2,cholesky,5,gumbel_softmax,8192,0.02,1000,1,rosenbrock,507,0.006321907043457031,-1.0922856330871582,1.0684483051300049,0.7760305460300151,0.3735065162181854,0.09795936197042465,0.25436466932296753,0.2553618550300598
rosenbrock,1.0,2,cholesky,5,gumbel_softmax,8192,0.02,1000,1,rosenbrock,508,0.0064089298248291016,-1.0868350267410278,0.9765775799751282,0.7756425307570001,0.09467186033725739,0.02898496575653553,0.046459637582302094,0.07722780108451843
rosenbrock,1.0,2,cholesky,5,gumbel_softmax,8192,0.02,1000,1,rosenbrock,509,0.00666499137878418,-1.1096514463424683,1.0392764806747437,0.7752547094916217,0.1847120076417923,0.02442837692797184,0.05271446704864502,0.17533671855926514
rosenbrock,1.0,2,cholesky,5,gumbel_softmax,8192,0.02,1000,1,rosenbrock,510,0.006460905075073242,-1.1048747301101685,0.9880261421203613,0.7748670821368759,0.08909454196691513,0.013406776823103428,0.03257017955183983,0.08183690160512924
rosenbrock,1.0,2,cholesky,5,gumbel_softmax,8192,0.02,1000,1,rosenbrock,511,0.00664973258972168,-1.107862949371338,1.0523898601531982,0.7744796485958075,0.45454055070877075,0.2667838931083679,0.31391066312789917,0.19207684695720673
rosenbrock,1.0,2,cholesky,5,gumbel_softmax,8192,0.02,1000,1,rosenbrock,512,0.0069539546966552734,-1.088592290878296,1.0281144380569458,0.7740924087715096,0.47082966566085815,0.3020240366458893,0.2798819839954376,0.22831584513187408
rosenbrock,1.0,2,cholesky,5,gumbel_softmax,8192,0.02,1000,1,rosenbrock,513,0.006626129150390625,-1.101078987121582,1.0753339529037476,0.773705362567124,0.3424146771430969,0.05868298187851906,0.22291745245456696,0.2532033324241638
rosenbrock,1.0,2,cholesky,5,gumbel_softmax,8192,0.02,1000,1,rosenbrock,514,0.006533145904541016,-1.1077852249145508,1.0241076946258545,0.7733185098858404,0.17229856550693512,0.032909199595451355,0.16280534863471985,0.04580612853169441
rosenbrock,1.0,2,cholesky,5,gumbel_softmax,8192,0.02,1000,1,rosenbrock,515,0.0065119266510009766,-1.0995798110961914,0.9449232220649719,0.7729318506308975,0.23329268395900726,0.10783202946186066,0.18016317486763,0.10168065130710602
rosenbrock,1.0,2,cholesky,5,gumbel_softmax,8192,0.02,1000,1,rosenbrock,516,0.006721019744873047,-1.126340627670288,1.0386021137237549,0.7725453847055821,0.4068506956100464,0.2174805849790573,0.22765253484249115,0.25768977403640747
rosenbrock,1.0,2,cholesky,5,gumbel_softmax,8192,0.02,1000,1,rosenbrock,517,0.006887912750244141,-1.0970717668533325,1.0085089206695557,0.7721591120132294,0.34183841943740845,0.10839737951755524,0.29802197217941284,0.1276182234287262
rosenbrock,1.0,2,cholesky,5,gumbel_softmax,8192,0.02,1000,1,rosenbrock,518,0.00673675537109375,-1.1133651733398438,0.9874099493026733,0.7717730324572228,0.12079855799674988,0.022121399641036987,0.05879506096243858,0.10317981988191605
rosenbrock,1.0,2,cholesky,5,gumbel_softmax,8192,0.02,1000,1,rosenbrock,519,0.0064640045166015625,-1.102694034576416,0.9249370098114014,0.7713871459409942,0.23141498863697052,0.10744504630565643,0.15794996917247772,0.13061493635177612
rosenbrock,1.0,2,cholesky,5,gumbel_softmax,8192,0.02,1000,1,rosenbrock,520,0.006445884704589844,-1.1235308647155762,1.0225716829299927,0.7710014523680238,0.24907104671001434,0.07478340715169907,0.17934276163578033,0.15582041442394257
rosenbrock,1.0,2,cholesky,5,gumbel_softmax,8192,0.02,1000,1,rosenbrock,521,0.006369829177856445,-1.0879536867141724,1.005086064338684,0.7706159516418398,0.2742834985256195,0.0729064792394638,0.23660370707511902,0.11804559081792831
rosenbrock,1.0,2,cholesky,5,gumbel_softmax,8192,0.02,1000,1,rosenbrock,522,0.0063669681549072266,-1.0983649492263794,0.948613703250885,0.7702306436660189,0.16511555016040802,0.02255759947001934,0.12412172555923462,0.10652745515108109
rosenbrock,1.0,2,cholesky,5,gumbel_softmax,8192,0.02,1000,1,rosenbrock,523,0.006330013275146484,-1.1071841716766357,1.0138624906539917,0.769845528344186,0.2724289894104004,0.013431532308459282,0.2593454420566559,0.08232301473617554
rosenbrock,1.0,2,cholesky,5,gumbel_softmax,8192,0.02,1000,1,rosenbrock,524,0.006398916244506836,-1.105336308479309,1.0226446390151978,0.769460605580014,0.2015346884727478,0.026169506832957268,0.13423627614974976,0.14802709221839905
rosenbrock,1.0,2,cholesky,5,gumbel_softmax,8192,0.02,1000,1,rosenbrock,525,0.006537914276123047,-1.1149954795837402,1.0224496126174927,0.769075875277224,0.2906930446624756,0.09056662768125534,0.24792690575122833,0.12178825587034225
rosenbrock,1.0,2,cholesky,5,gumbel_softmax,8192,0.02,1000,1,rosenbrock,526,0.007280826568603516,-1.1171680688858032,1.028834342956543,0.7686913373395854,0.1518820971250534,0.011884891428053379,0.08263537287712097,0.12687914073467255
rosenbrock,1.0,2,cholesky,5,gumbel_softmax,8192,0.02,1000,1,rosenbrock,527,0.006693124771118164,-1.0953130722045898,0.9869086146354675,0.7683069916709157,0.3599153161048889,0.13044333457946777,0.3004504144191742,0.14917488396167755
rosenbrock,1.0,2,cholesky,5,gumbel_softmax,8192,0.02,1000,1,rosenbrock,528,0.006841182708740234,-1.1054219007492065,1.0701195001602173,0.7679228381750802,0.338395357131958,0.03920377418398857,0.2905094027519226,0.1690526008605957
rosenbrock,1.0,2,cholesky,5,gumbel_softmax,8192,0.02,1000,1,rosenbrock,529,0.006963253021240234,-1.106823444366455,1.045548677444458,0.7675388767559927,0.2654775381088257,0.03270648419857025,0.12466926127672195,0.23209087550640106
rosenbrock,1.0,2,cholesky,5,gumbel_softmax,8192,0.02,1000,1,rosenbrock,530,0.0065762996673583984,-1.1142253875732422,0.9940532445907593,0.7671551073176147,0.4272984266281128,0.19020050764083862,0.3442840874195099,0.1669616997241974
rosenbrock,1.0,2,cholesky,5,gumbel_softmax,8192,0.02,1000,1,rosenbrock,531,0.006546974182128906,-1.1145461797714233,1.0088813304901123,0.766771529763956,0.20945100486278534,0.102739617228508,0.12637197971343994,0.13169819116592407
rosenbrock,1.0,2,cholesky,5,gumbel_softmax,8192,0.02,1000,1,rosenbrock,532,0.006442070007324219,-1.1059585809707642,0.9864466190338135,0.7663881439990741,0.17011457681655884,0.09925030916929245,0.11265561729669571,0.07998163253068924
rosenbrock,1.0,2,cholesky,5,gumbel_softmax,8192,0.02,1000,1,rosenbrock,533,0.00661015510559082,-1.1076064109802246,1.0258244276046753,0.7660049499270746,0.1417446732521057,0.10514525324106216,0.05945741385221481,0.07416769117116928
rosenbrock,1.0,2,cholesky,5,gumbel_softmax,8192,0.02,1000,1,rosenbrock,534,0.006523847579956055,-1.1290282011032104,1.1030869483947754,0.7656219474521111,0.08507321029901505,0.03971811756491661,0.02779381163418293,0.06991013884544373
rosenbrock,1.0,2,cholesky,5,gumbel_softmax,8192,0.02,1000,1,rosenbrock,535,0.006621837615966797,-1.1117594242095947,0.9622495174407959,0.765239136478385,0.12145022302865982,0.038462042808532715,0.029561089351773262,0.1113416850566864
rosenbrock,1.0,2,cholesky,5,gumbel_softmax,8192,0.02,1000,1,rosenbrock,536,0.00657200813293457,-1.0895953178405762,1.0176770687103271,0.7648565169101459,0.3831183612346649,0.1335224211215973,0.30563583970069885,0.18851560354232788
rosenbrock,1.0,2,cholesky,5,gumbel_softmax,8192,0.02,1000,1,rosenbrock,537,0.0066411495208740234,-1.116558313369751,1.0262718200683594,0.7644740886516909,0.2080523520708084,0.10837611556053162,0.10443445295095444,0.14364483952522278
rosenbrock,1.0,2,cholesky,5,gumbel_softmax,8192,0.02,1000,1,rosenbrock,538,0.0069048404693603516,-1.1159374713897705,1.0216022729873657,0.764091851607365,0.11177602410316467,0.03654124215245247,0.05549316853284836,0.0898839607834816
rosenbrock,1.0,2,cholesky,5,gumbel_softmax,8192,0.02,1000,1,rosenbrock,539,0.006801128387451172,-1.116968035697937,0.9783685803413391,0.7637098056815614,0.12294673919677734,0.018207309767603874,0.07651970535516739,0.0944940596818924
rosenbrock,1.0,2,cholesky,5,gumbel_softmax,8192,0.02,1000,1,rosenbrock,540,0.006726980209350586,-1.1160097122192383,1.0629429817199707,0.7633279507787207,0.20847050845623016,0.06036987528204918,0.1668691635131836,0.10940802097320557
rosenbrock,1.0,2,cholesky,5,gumbel_softmax,8192,0.02,1000,1,rosenbrock,541,0.006941080093383789,-1.1007617712020874,1.0059152841567993,0.7629462868033314,0.4026520550251007,0.15210799872875214,0.3343718647956848,0.16488568484783173
rosenbrock,1.0,2,cholesky,5,gumbel_softmax,8192,0.02,1000,1,rosenbrock,542,0.00644993782043457,-1.117029070854187,1.0501397848129272,0.7625648136599298,0.10977210849523544,0.02003389596939087,0.07148762047290802,0.08085837960243225
rosenbrock,1.0,2,cholesky,5,gumbel_softmax,8192,0.02,1000,1,rosenbrock,543,0.00681614875793457,-1.1076005697250366,1.0122880935668945,0.7621835312530998,0.2936723828315735,0.026032615453004837,0.2300165444612503,0.18071570992469788
rosenbrock,1.0,2,cholesky,5,gumbel_softmax,8192,0.02,1000,1,rosenbrock,544,0.00705409049987793,-1.102945327758789,1.0382932424545288,0.7618024394874733,0.33781659603118896,0.1266980618238449,0.2739749848842621,0.15167511999607086
rosenbrock,1.0,2,cholesky,5,gumbel_softmax,8192,0.02,1000,1,rosenbrock,545,0.007442951202392578,-1.1092866659164429,0.9700936675071716,0.7614215382677296,0.17299170792102814,0.018381627276539803,0.1556268036365509,0.07327035814523697
rosenbrock,1.0,2,cholesky,5,gumbel_softmax,8192,0.02,1000,1,rosenbrock,546,0.006371021270751953,-1.1092344522476196,0.979194164276123,0.7610408274985958,0.18527498841285706,0.138217031955719,0.07854201644659042,0.09515264630317688
rosenbrock,1.0,2,cholesky,5,gumbel_softmax,8192,0.02,1000,1,rosenbrock,547,0.0069522857666015625,-1.1189953088760376,1.0603115558624268,0.7606603070848466,0.41519489884376526,0.1794871836900711,0.32199767231941223,0.19102004170417786
rosenbrock,1.0,2,cholesky,5,gumbel_softmax,8192,0.02,1000,1,rosenbrock,548,0.006457090377807617,-1.1132819652557373,1.017719030380249,0.7602799769313042,0.23618870973587036,0.05760015919804573,0.20656657218933105,0.09898273646831512
rosenbrock,1.0,2,cholesky,5,gumbel_softmax,8192,0.02,1000,1,rosenbrock,549,0.006580829620361328,-1.113930106163025,0.9959234595298767,0.7598998369428386,0.2085607498884201,0.008652990683913231,0.15243923664093018,0.14207389950752258
rosenbrock,1.0,2,cholesky,5,gumbel_softmax,8192,0.02,1000,1,rosenbrock,550,0.006909847259521484,-1.1022615432739258,0.9951730370521545,0.7595198870243672,0.10960493236780167,0.020466390997171402,0.07155465334653854,0.08046303689479828
rosenbrock,1.0,2,cholesky,5,gumbel_softmax,8192,0.02,1000,1,rosenbrock,551,0.0070002079010009766,-1.1040955781936646,0.9760341644287109,0.759140127080855,0.30063194036483765,0.16398917138576508,0.17985887825489044,0.17645932734012604
rosenbrock,1.0,2,cholesky,5,gumbel_softmax,8192,0.02,1000,1,rosenbrock,552,0.006890058517456055,-1.0985358953475952,0.9998437762260437,0.7587605570173147,0.3677101135253906,0.04015985131263733,0.34150564670562744,0.13027586042881012
rosenbrock,1.0,2,cholesky,5,gumbel_softmax,8192,0.02,1000,1,rosenbrock,553,0.00667119026184082,-1.0904916524887085,0.9599995613098145,0.758381176738806,0.20420898497104645,0.08731621503829956,0.1362561583518982,0.12454497069120407
rosenbrock,1.0,2,cholesky,5,gumbel_softmax,8192,0.02,1000,1,rosenbrock,554,0.0065877437591552734,-1.0788360834121704,0.9613407850265503,0.7580019861504367,0.23240961134433746,0.11595277488231659,0.15983885526657104,0.1225590705871582
rosenbrock,1.0,2,cholesky,5,gumbel_softmax,8192,0.02,1000,1,rosenbrock,555,0.006922245025634766,-1.1247341632843018,1.2088452577590942,0.7576229851573615,0.37974563241004944,0.21584494411945343,0.20652322471141815,0.23444803059101105
rosenbrock,1.0,2,cholesky,5,gumbel_softmax,8192,0.02,1000,1,rosenbrock,556,0.0065801143646240234,-1.0930440425872803,0.9500494003295898,0.7572441736647829,0.34036365151405334,0.08072192221879959,0.3096654713153839,0.11592535674571991
rosenbrock,1.0,2,cholesky,5,gumbel_softmax,8192,0.02,1000,1,rosenbrock,557,0.006340980529785156,-1.099605679512024,1.1397686004638672,0.7568655515779505,0.12487421929836273,0.04491281509399414,0.04112408310174942,0.10901934653520584
rosenbrock,1.0,2,cholesky,5,gumbel_softmax,8192,0.02,1000,1,rosenbrock,558,0.006819009780883789,-1.1093528270721436,0.9926231503486633,0.7564871188021616,0.10948065668344498,0.020548827946186066,0.09031610190868378,0.05836747959256172
rosenbrock,1.0,2,cholesky,5,gumbel_softmax,8192,0.02,1000,1,rosenbrock,559,0.006671905517578125,-1.1105819940567017,1.0316675901412964,0.7561088752427605,0.2726449966430664,0.12609288096427917,0.21130803227424622,0.1174086406826973
rosenbrock,1.0,2,cholesky,5,gumbel_softmax,8192,0.02,1000,1,rosenbrock,560,0.0065000057220458984,-1.0991765260696411,0.9888476729393005,0.7557308208051392,0.2555231750011444,0.11881991475820541,0.2148444652557373,0.07082213461399078
rosenbrock,1.0,2,cholesky,5,gumbel_softmax,8192,0.02,1000,1,rosenbrock,561,0.006467103958129883,-1.0873814821243286,0.9503098726272583,0.7553529553947367,0.203541561961174,0.08067367225885391,0.17151805758476257,0.07417874038219452
rosenbrock,1.0,2,cholesky,5,gumbel_softmax,8192,0.02,1000,1,rosenbrock,562,0.0068569183349609375,-1.1261301040649414,1.047210931777954,0.7549752789170393,0.28390786051750183,0.05977186933159828,0.15750496089458466,0.22852389514446259
rosenbrock,1.0,2,cholesky,5,gumbel_softmax,8192,0.02,1000,1,rosenbrock,563,0.00663304328918457,-1.081949234008789,0.9423587322235107,0.7545977912775809,0.21160370111465454,0.07149127870798111,0.07605103403329849,0.18406891822814941
rosenbrock,1.0,2,cholesky,5,gumbel_softmax,8192,0.02,1000,1,rosenbrock,564,0.006653785705566406,-1.0938583612442017,0.9599816203117371,0.7542204923819421,0.13854975998401642,0.06233372166752815,0.10662300139665604,0.06278596073389053
rosenbrock,1.0,2,cholesky,5,gumbel_softmax,8192,0.02,1000,1,rosenbrock,565,0.007256031036376953,-1.10103440284729,0.9645820260047913,0.7538433821357512,0.32201898097991943,0.15831923484802246,0.1676696389913559,0.22476239502429962
rosenbrock,1.0,2,cholesky,5,gumbel_softmax,8192,0.02,1000,1,rosenbrock,566,0.006428956985473633,-1.1309945583343506,1.2497456073760986,0.7534664604446834,0.4692070782184601,0.07951435446739197,0.36963921785354614,0.27784809470176697
rosenbrock,1.0,2,cholesky,5,gumbel_softmax,8192,0.02,1000,1,rosenbrock,567,0.006536960601806641,-1.1056362390518188,1.0030200481414795,0.7530897272144611,0.13863001763820648,0.05676344037055969,0.07755793631076813,0.09990474581718445
rosenbrock,1.0,2,cholesky,5,gumbel_softmax,8192,0.02,1000,1,rosenbrock,568,0.006530046463012695,-1.115317463874817,1.079464077949524,0.7527131823508538,0.3279704451560974,0.020756911486387253,0.30003711581230164,0.13081085681915283
rosenbrock,1.0,2,cholesky,5,gumbel_softmax,8192,0.02,1000,1,rosenbrock,569,0.006524085998535156,-1.1091299057006836,1.0713087320327759,0.7523368257596785,0.2803889513015747,0.05779367685317993,0.17581182718276978,0.21063722670078278
rosenbrock,1.0,2,cholesky,5,gumbel_softmax,8192,0.02,1000,1,rosenbrock,570,0.006598949432373047,-1.104551076889038,1.1159981489181519,0.7519606573467987,0.286872535943985,0.02034534327685833,0.24188552796840668,0.15288327634334564
rosenbrock,1.0,2,cholesky,5,gumbel_softmax,8192,0.02,1000,1,rosenbrock,571,0.006492137908935547,-1.1022311449050903,1.0002050399780273,0.7515846770181254,0.18152490258216858,0.05878792330622673,0.15906696021556854,0.06475316733121872
rosenbrock,1.0,2,cholesky,5,gumbel_softmax,8192,0.02,1000,1,rosenbrock,572,0.0064830780029296875,-1.100456953048706,1.0181457996368408,0.7512088846796163,0.25588440895080566,0.16584807634353638,0.1400081217288971,0.1355321854352951
rosenbrock,1.0,2,cholesky,5,gumbel_softmax,8192,0.02,1000,1,rosenbrock,573,0.006445169448852539,-1.1291024684906006,1.169946551322937,0.7508332802372766,0.23668886721134186,0.10015247762203217,0.19863589107990265,0.08083860576152802
rosenbrock,1.0,2,cholesky,5,gumbel_softmax,8192,0.02,1000,1,rosenbrock,574,0.006547212600708008,-1.1010862588882446,0.9681567549705505,0.7504578635971579,0.29335543513298035,0.12577269971370697,0.20829243957996368,0.16386854648590088
rosenbrock,1.0,2,cholesky,5,gumbel_softmax,8192,0.02,1000,1,rosenbrock,575,0.0064868927001953125,-1.1120532751083374,1.0437506437301636,0.7500826346653594,0.09126286953687668,0.012148106470704079,0.024488840252161026,0.08707257360219955
rosenbrock,1.0,2,cholesky,5,gumbel_softmax,8192,0.02,1000,1,rosenbrock,576,0.006451129913330078,-1.1082539558410645,0.9859873056411743,0.7497075933480267,0.13125909864902496,0.061696428805589676,0.08278653770685196,0.08104869723320007
rosenbrock,1.0,2,cholesky,5,gumbel_softmax,8192,0.02,1000,1,rosenbrock,577,0.006479740142822266,-1.1288307905197144,1.0116524696350098,0.7493327395513528,0.2518273591995239,0.1603977531194687,0.10185462981462479,0.16527317464351654
rosenbrock,1.0,2,cholesky,5,gumbel_softmax,8192,0.02,1000,1,rosenbrock,578,0.0064640045166015625,-1.0947108268737793,0.9591673016548157,0.7489580731815771,0.4386498034000397,0.17191898822784424,0.3010132312774658,0.2687909007072449
rosenbrock,1.0,2,cholesky,5,gumbel_softmax,8192,0.02,1000,1,rosenbrock,579,0.006440877914428711,-1.110055685043335,0.9709503650665283,0.7485835941449864,0.38383176922798157,0.046838369220495224,0.3766130208969116,0.057407304644584656
rosenbrock,1.0,2,cholesky,5,gumbel_softmax,8192,0.02,1000,1,rosenbrock,580,0.0064849853515625,-1.1009416580200195,0.9559646844863892,0.7482093023479139,0.21250739693641663,0.026608480140566826,0.161421000957489,0.1356268674135208
rosenbrock,1.0,2,cholesky,5,gumbel_softmax,8192,0.02,1000,1,rosenbrock,581,0.006446123123168945,-1.1158747673034668,1.0277808904647827,0.74783519769674,0.23511795699596405,0.11189606785774231,0.03941695764660835,0.20299269258975983
rosenbrock,1.0,2,cholesky,5,gumbel_softmax,8192,0.02,1000,1,rosenbrock,582,0.0064580440521240234,-1.117936372756958,1.0021026134490967,0.7474612800978917,0.2402619570493698,0.09340013563632965,0.1966196447610855,0.10170022398233414
rosenbrock,1.0,2,cholesky,5,gumbel_softmax,8192,0.02,1000,1,rosenbrock,583,0.006460905075073242,-1.133857250213623,1.0657366514205933,0.7470875494578428,0.4737228751182556,0.20516405999660492,0.36047643423080444,0.2288619577884674
rosenbrock,1.0,2,cholesky,5,gumbel_softmax,8192,0.02,1000,1,rosenbrock,584,0.006502866744995117,-1.1230610609054565,0.9970506429672241,0.746714005683114,0.1826333999633789,0.007800520397722721,0.08802510052919388,0.15983019769191742
rosenbrock,1.0,2,cholesky,5,gumbel_softmax,8192,0.02,1000,1,rosenbrock,585,0.006439208984375,-1.1219472885131836,1.075055718421936,0.7463406486802724,0.1860998123884201,0.06405135989189148,0.12524449825286865,0.12183751165866852
rosenbrock,1.0,2,cholesky,5,gumbel_softmax,8192,0.02,1000,1,rosenbrock,586,0.006467103958129883,-1.114338994026184,1.0460970401763916,0.7459674783559324,0.2771206796169281,0.10632310062646866,0.10856488347053528,0.2317432314157486
rosenbrock,1.0,2,cholesky,5,gumbel_softmax,8192,0.02,1000,1,rosenbrock,587,0.006442070007324219,-1.1010677814483643,0.988869845867157,0.7455944946167544,0.2746237516403198,0.1471392959356308,0.18263788521289825,0.14286929368972778
rosenbrock,1.0,2,cholesky,5,gumbel_softmax,8192,0.02,1000,1,rosenbrock,588,0.006429195404052734,-1.1142864227294922,1.15667724609375,0.7452216973694461,0.20790039002895355,0.08180175721645355,0.15770690143108368,0.10797952115535736
rosenbrock,1.0,2,cholesky,5,gumbel_softmax,8192,0.02,1000,1,rosenbrock,589,0.0064470767974853516,-1.1128922700881958,1.0401337146759033,0.7448490865207614,0.23932965099811554,0.05438891425728798,0.18180328607559204,0.14583586156368256
rosenbrock,1.0,2,cholesky,5,gumbel_softmax,8192,0.02,1000,1,rosenbrock,590,0.006418943405151367,-1.1217519044876099,1.0757813453674316,0.7444766619775011,0.21686899662017822,0.1470334827899933,0.1143675148487091,0.11105576157569885
rosenbrock,1.0,2,cholesky,5,gumbel_softmax,8192,0.02,1000,1,rosenbrock,591,0.0064089298248291016,-1.1262582540512085,1.0057721138000488,0.7441044236465123,0.4491877853870392,0.24121375381946564,0.3489241898059845,0.14777511358261108
rosenbrock,1.0,2,cholesky,5,gumbel_softmax,8192,0.02,1000,1,rosenbrock,592,0.006426811218261719,-1.1342700719833374,1.0738499164581299,0.7437323714346891,0.21284610033035278,0.1148853600025177,0.09465155005455017,0.15213775634765625
rosenbrock,1.0,2,cholesky,5,gumbel_softmax,8192,0.02,1000,1,rosenbrock,593,0.006411075592041016,-1.110299825668335,1.0192303657531738,0.7433605052489718,0.1135394424200058,0.04001869261264801,0.09479983150959015,0.0479864701628685
rosenbrock,1.0,2,cholesky,5,gumbel_softmax,8192,0.02,1000,1,rosenbrock,594,0.006417274475097656,-1.13845694065094,1.1547235250473022,0.7429888249963473,0.14441245794296265,0.06597653031349182,0.0487213060259819,0.11886248737573624
rosenbrock,1.0,2,cholesky,5,gumbel_softmax,8192,0.02,1000,1,rosenbrock,595,0.00640106201171875,-1.113417148590088,0.9835155606269836,0.7426173305838493,0.1980772763490677,0.04785388708114624,0.10501962155103683,0.1609829068183899
rosenbrock,1.0,2,cholesky,5,gumbel_softmax,8192,0.02,1000,1,rosenbrock,596,0.006405830383300781,-1.1171355247497559,1.064719557762146,0.7422460219185574,0.1420222520828247,0.09754424542188644,0.0871037095785141,0.05539300665259361
rosenbrock,1.0,2,cholesky,5,gumbel_softmax,8192,0.02,1000,1,rosenbrock,597,0.00638890266418457,-1.130014419555664,0.993513822555542,0.7418748989075981,0.181492879986763,0.06510034203529358,0.13492579758167267,0.10245310515165329
rosenbrock,1.0,2,cholesky,5,gumbel_softmax,8192,0.02,1000,1,rosenbrock,598,0.006413936614990234,-1.1239827871322632,1.0598574876785278,0.7415039614581443,0.2564730942249298,0.11746633052825928,0.21003486216068268,0.08868750184774399
rosenbrock,1.0,2,cholesky,5,gumbel_softmax,8192,0.02,1000,1,rosenbrock,599,0.006412029266357422,-1.1162523031234741,0.9942798614501953,0.7411332094774153,0.2571657598018646,0.019983358681201935,0.1873200386762619,0.17506025731563568
rosenbrock,1.0,2,cholesky,5,gumbel_softmax,8192,0.02,1000,1,rosenbrock,600,0.006555318832397461,-1.110573410987854,0.9681323170661926,0.7407626428726767,0.1620246320962906,0.0446774996817112,0.05600128695368767,0.1453263908624649
rosenbrock,1.0,2,cholesky,5,gumbel_softmax,8192,0.02,1000,1,rosenbrock,601,0.0062830448150634766,-1.148094654083252,1.120441198348999,0.7403922615512404,0.20662176609039307,0.04921795055270195,0.129568412899971,0.1532389521598816
rosenbrock,1.0,2,cholesky,5,gumbel_softmax,8192,0.02,1000,1,rosenbrock,602,0.006986141204833984,-1.1218061447143555,1.0460705757141113,0.7400220654204648,0.2595190703868866,0.03260011970996857,0.23322850465774536,0.1090497374534607
rosenbrock,1.0,2,cholesky,5,gumbel_softmax,8192,0.02,1000,1,rosenbrock,603,0.006445884704589844,-1.118099570274353,0.9863988161087036,0.7396520543877546,0.24410082399845123,0.16472227871418,0.17422106862068176,0.04581274092197418
rosenbrock,1.0,2,cholesky,5,gumbel_softmax,8192,0.02,1000,1,rosenbrock,604,0.006629228591918945,-1.1217817068099976,1.0237393379211426,0.7392822283605608,0.4501167833805084,0.18462705612182617,0.316466361284256,0.2614709138870239
rosenbrock,1.0,2,cholesky,5,gumbel_softmax,8192,0.02,1000,1,rosenbrock,605,0.006526947021484375,-1.1187310218811035,1.290469765663147,0.7389125872463805,0.16364027559757233,0.06905641406774521,0.1245281919836998,0.08063548058271408
rosenbrock,1.0,2,cholesky,5,gumbel_softmax,8192,0.02,1000,1,rosenbrock,606,0.006477832794189453,-1.1388342380523682,1.030792236328125,0.7385431309527574,0.17247816920280457,0.04237930849194527,0.0703829973936081,0.15165403485298157
rosenbrock,1.0,2,cholesky,5,gumbel_softmax,8192,0.02,1000,1,rosenbrock,607,0.006439208984375,-1.1186782121658325,1.0238306522369385,0.738173859387281,0.11212675273418427,0.028175389394164085,0.06530361622571945,0.08668329566717148
rosenbrock,1.0,2,cholesky,5,gumbel_softmax,8192,0.02,1000,1,rosenbrock,608,0.006420135498046875,-1.0973000526428223,0.9600543975830078,0.7378047724575875,0.16466395556926727,0.046372588723897934,0.028901953250169754,0.15533342957496643
rosenbrock,1.0,2,cholesky,5,gumbel_softmax,8192,0.02,1000,1,rosenbrock,609,0.006418943405151367,-1.117605209350586,1.0589932203292847,0.7374358700713587,0.24677635729312897,0.008021285757422447,0.20510126650333405,0.13699525594711304
rosenbrock,1.0,2,cholesky,5,gumbel_softmax,8192,0.02,1000,1,rosenbrock,610,0.006384849548339844,-1.0970909595489502,1.042540192604065,0.737067152136323,0.12245944142341614,0.04427623748779297,0.05129820853471756,0.10200206935405731
rosenbrock,1.0,2,cholesky,5,gumbel_softmax,8192,0.02,1000,1,rosenbrock,611,0.00644993782043457,-1.1171786785125732,1.003102421760559,0.7366986185602549,0.39446312189102173,0.18606337904930115,0.25433608889579773,0.23726506531238556
rosenbrock,1.0,2,cholesky,5,gumbel_softmax,8192,0.02,1000,1,rosenbrock,612,0.006499767303466797,-1.1171813011169434,1.0305160284042358,0.7363302692509748,0.4016653895378113,0.1474124789237976,0.22796595096588135,0.2960340976715088
rosenbrock,1.0,2,cholesky,5,gumbel_softmax,8192,0.02,1000,1,rosenbrock,613,0.006390094757080078,-1.1134669780731201,0.9815009832382202,0.7359621041163493,0.10788822174072266,0.04833594337105751,0.05202402547001839,0.08122195303440094
rosenbrock,1.0,2,cholesky,5,gumbel_softmax,8192,0.02,1000,1,rosenbrock,614,0.006412982940673828,-1.1237173080444336,1.0548362731933594,0.7355941230642913,0.11460714787244797,0.0239854846149683,0.08865956217050552,0.06854908168315887
rosenbrock,1.0,2,cholesky,5,gumbel_softmax,8192,0.02,1000,1,rosenbrock,615,0.006417036056518555,-1.1160677671432495,0.9347726702690125,0.7352263260027592,0.23802797496318817,0.09324530512094498,0.17509578168392181,0.1315450370311737
rosenbrock,1.0,2,cholesky,5,gumbel_softmax,8192,0.02,1000,1,rosenbrock,616,0.006416797637939453,-1.0939052104949951,1.0032360553741455,0.7348587128397578,0.320811003446579,0.14007222652435303,0.20906950533390045,0.19897092878818512
rosenbrock,1.0,2,cholesky,5,gumbel_softmax,8192,0.02,1000,1,rosenbrock,617,0.006420135498046875,-1.1455631256103516,1.0134342908859253,0.7344912834833379,0.3523976504802704,0.1014365628361702,0.117302805185318,0.31644079089164734
rosenbrock,1.0,2,cholesky,5,gumbel_softmax,8192,0.02,1000,1,rosenbrock,618,0.006429195404052734,-1.1124610900878906,1.0597503185272217,0.7341240378415963,0.10979089140892029,0.03081933781504631,0.036253672093153,0.0989438146352768
rosenbrock,1.0,2,cholesky,5,gumbel_softmax,8192,0.02,1000,1,rosenbrock,619,0.0064661502838134766,-1.1204253435134888,1.010751485824585,0.7337569758226755,0.23078376054763794,0.041915711015462875,0.16076605021953583,0.16018268465995789
rosenbrock,1.0,2,cholesky,5,gumbel_softmax,8192,0.02,1000,1,rosenbrock,620,0.006461143493652344,-1.122171401977539,1.0517646074295044,0.7333900973347642,0.23976896703243256,0.15667888522148132,0.15197426080703735,0.09922052919864655
rosenbrock,1.0,2,cholesky,5,gumbel_softmax,8192,0.02,1000,1,rosenbrock,621,0.006463289260864258,-1.107237696647644,0.9955565929412842,0.733023402286097,0.34773799777030945,0.13333426415920258,0.22259745001792908,0.2315039038658142
rosenbrock,1.0,2,cholesky,5,gumbel_softmax,8192,0.02,1000,1,rosenbrock,622,0.006435871124267578,-1.1319469213485718,1.0079865455627441,0.7326568905849539,0.19814832508563995,0.01795228011906147,0.0843411386013031,0.17840135097503662
rosenbrock,1.0,2,cholesky,5,gumbel_softmax,8192,0.02,1000,1,rosenbrock,623,0.006426095962524414,-1.1081547737121582,1.0628409385681152,0.7322905621396615,0.29002827405929565,0.15286605060100555,0.1626032143831253,0.185225710272789
rosenbrock,1.0,2,cholesky,5,gumbel_softmax,8192,0.02,1000,1,rosenbrock,624,0.00643467903137207,-1.1149009466171265,1.0853911638259888,0.7319244168585917,0.1010899767279625,0.014634628780186176,0.03376784175634384,0.0941527709364891
rosenbrock,1.0,2,cholesky,5,gumbel_softmax,8192,0.02,1000,1,rosenbrock,625,0.006391048431396484,-1.131050944328308,1.0502432584762573,0.7315584546501624,0.3499111831188202,0.12834899127483368,0.2603067457675934,0.19546039402484894
rosenbrock,1.0,2,cholesky,5,gumbel_softmax,8192,0.02,1000,1,rosenbrock,626,0.006389141082763672,-1.1518117189407349,1.129199743270874,0.7311926754228374,0.4584825336933136,0.1677962988615036,0.34613877534866333,0.2494765967130661
rosenbrock,1.0,2,cholesky,5,gumbel_softmax,8192,0.02,1000,1,rosenbrock,627,0.006197929382324219,-1.119254231452942,1.0148409605026245,0.730827079085126,0.2981054186820984,0.1354650855064392,0.2431149184703827,0.1068231388926506
rosenbrock,1.0,2,cholesky,5,gumbel_softmax,8192,0.02,1000,1,rosenbrock,628,0.00680994987487793,-1.1141092777252197,1.0290559530258179,0.7304616655455834,0.1445448249578476,0.00837097130715847,0.05829200893640518,0.13200445473194122
rosenbrock,1.0,2,cholesky,5,gumbel_softmax,8192,0.02,1000,1,rosenbrock,629,0.0068280696868896484,-1.1286590099334717,1.06247878074646,0.7300964347128107,0.37840524315834045,0.1727466881275177,0.3208978474140167,0.1018511950969696
rosenbrock,1.0,2,cholesky,5,gumbel_softmax,8192,0.02,1000,1,rosenbrock,630,0.0071086883544921875,-1.1325734853744507,0.9778484106063843,0.7297313864954543,0.45654457807540894,0.18745431303977966,0.3618049621582031,0.20589077472686768
rosenbrock,1.0,2,cholesky,5,gumbel_softmax,8192,0.02,1000,1,rosenbrock,631,0.00686192512512207,-1.1321200132369995,1.063296914100647,0.7293665208022067,0.09488943219184875,0.022501813247799873,0.06640378385782242,0.06393910944461823
rosenbrock,1.0,2,cholesky,5,gumbel_softmax,8192,0.02,1000,1,rosenbrock,632,0.006515979766845703,-1.10528564453125,1.0180377960205078,0.7290018375418056,0.1794438511133194,0.015599841251969337,0.09498828649520874,0.15143966674804688
rosenbrock,1.0,2,cholesky,5,gumbel_softmax,8192,0.02,1000,1,rosenbrock,633,0.0064258575439453125,-1.127996563911438,0.9693958759307861,0.7286373366230348,0.24513614177703857,0.123070627450943,0.19304433465003967,0.0876312404870987
rosenbrock,1.0,2,cholesky,5,gumbel_softmax,8192,0.02,1000,1,rosenbrock,634,0.0065462589263916016,-1.127370834350586,1.0066449642181396,0.7282730179547233,0.16520456969738007,0.13575220108032227,0.05517818406224251,0.07628407329320908
rosenbrock,1.0,2,cholesky,5,gumbel_softmax,8192,0.02,1000,1,rosenbrock,635,0.0068171024322509766,-1.1236240863800049,0.9523477554321289,0.727908881445746,0.34002870321273804,0.21293234825134277,0.20982743799686432,0.16202403604984283
rosenbrock,1.0,2,cholesky,5,gumbel_softmax,8192,0.02,1000,1,rosenbrock,636,0.006983757019042969,-1.1219983100891113,1.0612781047821045,0.7275449270050232,0.3189724087715149,0.0939222127199173,0.2708483934402466,0.13986836373806
rosenbrock,1.0,2,cholesky,5,gumbel_softmax,8192,0.02,1000,1,rosenbrock,637,0.006745100021362305,-1.1188991069793701,1.03668212890625,0.7271811545415207,0.08715865015983582,0.01824195310473442,0.07844801992177963,0.03331320732831955
rosenbrock,1.0,2,cholesky,5,gumbel_softmax,8192,0.02,1000,1,rosenbrock,638,0.006936073303222656,-1.1183512210845947,1.008937954902649,0.7268175639642499,0.163199782371521,0.12591268122196198,0.03901363164186478,0.0962190255522728
rosenbrock,1.0,2,cholesky,5,gumbel_softmax,8192,0.02,1000,1,rosenbrock,639,0.006713151931762695,-1.1401561498641968,1.0344343185424805,0.7264541551822679,0.2180255502462387,0.11040116846561432,0.1772916167974472,0.0625651627779007
rosenbrock,1.0,2,cholesky,5,gumbel_softmax,8192,0.02,1000,1,rosenbrock,640,0.006860017776489258,-1.1206718683242798,1.0212068557739258,0.7260909281046768,0.5024120211601257,0.2208380103111267,0.3593655824661255,0.27295565605163574
rosenbrock,1.0,2,cholesky,5,gumbel_softmax,8192,0.02,1000,1,rosenbrock,641,0.006977081298828125,-1.1309651136398315,1.0192930698394775,0.7257278826406245,0.33441874384880066,0.14777688682079315,0.2875801622867584,0.08541398495435715
rosenbrock,1.0,2,cholesky,5,gumbel_softmax,8192,0.02,1000,1,rosenbrock,642,0.006716012954711914,-1.1472264528274536,0.9750809669494629,0.7253650186993041,0.13850444555282593,0.0237264484167099,0.1310672163963318,0.03797263279557228
rosenbrock,1.0,2,cholesky,5,gumbel_softmax,8192,0.02,1000,1,rosenbrock,643,0.0065310001373291016,-1.1257660388946533,1.0007433891296387,0.7250023361899546,0.22397467494010925,0.15434503555297852,0.14397673308849335,0.07491975277662277
rosenbrock,1.0,2,cholesky,5,gumbel_softmax,8192,0.02,1000,1,rosenbrock,644,0.006784915924072266,-1.1212481260299683,1.0954760313034058,0.7246398350218597,0.20426848530769348,0.04953285679221153,0.19150245189666748,0.05097954720258713
rosenbrock,1.0,2,cholesky,5,gumbel_softmax,8192,0.02,1000,1,rosenbrock,645,0.006517171859741211,-1.115929365158081,0.9989743232727051,0.7242775151043488,0.2939472198486328,0.08278943598270416,0.2726201117038727,0.07231281697750092
rosenbrock,1.0,2,cholesky,5,gumbel_softmax,8192,0.02,1000,1,rosenbrock,646,0.006271839141845703,-1.1325418949127197,1.0029265880584717,0.7239153763467966,0.2826198935508728,0.12563170492649078,0.21307942271232605,0.13670343160629272
rosenbrock,1.0,2,cholesky,5,gumbel_softmax,8192,0.02,1000,1,rosenbrock,647,0.006472349166870117,-1.1361931562423706,1.0816813707351685,0.7235534186586232,0.224516361951828,0.08332286030054092,0.17359936237335205,0.11544764786958694
rosenbrock,1.0,2,cholesky,5,gumbel_softmax,8192,0.02,1000,1,rosenbrock,648,0.006932973861694336,-1.121522068977356,0.9806652069091797,0.723191641949294,0.21966849267482758,0.03954264149069786,0.1873670369386673,0.10763000696897507
rosenbrock,1.0,2,cholesky,5,gumbel_softmax,8192,0.02,1000,1,rosenbrock,649,0.006602048873901367,-1.1280605792999268,1.0063108205795288,0.7228300461283194,0.25869831442832947,0.09627900272607803,0.14219997823238373,0.1934795379638672
rosenbrock,1.0,2,cholesky,5,gumbel_softmax,8192,0.02,1000,1,rosenbrock,650,0.006571769714355469,-1.1373164653778076,1.1284791231155396,0.7224686311052553,0.19170621037483215,0.05029797554016113,0.09810581058263779,0.15683314204216003
rosenbrock,1.0,2,cholesky,5,gumbel_softmax,8192,0.02,1000,1,rosenbrock,651,0.006532192230224609,-1.1212761402130127,1.0483276844024658,0.7221073967897027,0.19055385887622833,0.024644862860441208,0.1766793429851532,0.06699112802743912
rosenbrock,1.0,2,cholesky,5,gumbel_softmax,8192,0.02,1000,1,rosenbrock,652,0.006509065628051758,-1.1160014867782593,1.0210541486740112,0.7217463430913079,0.2971055507659912,0.054201047867536545,0.07258976250886917,0.2829570472240448
rosenbrock,1.0,2,cholesky,5,gumbel_softmax,8192,0.02,1000,1,rosenbrock,653,0.006452083587646484,-1.1319689750671387,1.0782421827316284,0.7213854699197623,0.19292491674423218,0.0184252317994833,0.043115146458148956,0.18714064359664917
rosenbrock,1.0,2,cholesky,5,gumbel_softmax,8192,0.02,1000,1,rosenbrock,654,0.0064411163330078125,-1.1210949420928955,1.0195213556289673,0.7210247771848024,0.20226311683654785,0.08358577638864517,0.05768852308392525,0.174916610121727
rosenbrock,1.0,2,cholesky,5,gumbel_softmax,8192,0.02,1000,1,rosenbrock,655,0.006428956985473633,-1.1183935403823853,1.0142744779586792,0.72066426479621,0.11479943245649338,0.02003328874707222,0.05952204763889313,0.09609736502170563
rosenbrock,1.0,2,cholesky,5,gumbel_softmax,8192,0.02,1000,1,rosenbrock,656,0.0064239501953125,-1.1201661825180054,1.1533112525939941,0.720303932663812,0.25203248858451843,0.06402476131916046,0.07849001884460449,0.2307824343442917
rosenbrock,1.0,2,cholesky,5,gumbel_softmax,8192,0.02,1000,1,rosenbrock,657,0.0064487457275390625,-1.0992660522460938,1.0124253034591675,0.7199437806974801,0.3287098705768585,0.08927643299102783,0.1918390840291977,0.2515505254268646
rosenbrock,1.0,2,cholesky,5,gumbel_softmax,8192,0.02,1000,1,rosenbrock,658,0.006438255310058594,-1.1503239870071411,1.0742698907852173,0.7195838088071315,0.31507179141044617,0.05224548280239105,0.17610880732536316,0.25598111748695374
rosenbrock,1.0,2,cholesky,5,gumbel_softmax,8192,0.02,1000,1,rosenbrock,659,0.006479978561401367,-1.1213514804840088,1.0000718832015991,0.7192240169027279,0.1950307935476303,0.1369704306125641,0.06508368998765945,0.12263861298561096
rosenbrock,1.0,2,cholesky,5,gumbel_softmax,8192,0.02,1000,1,rosenbrock,660,0.006724834442138672,-1.121201515197754,0.9782772064208984,0.7188644048942766,0.13021764159202576,0.017068106681108475,0.06681278347969055,0.11045978218317032
rosenbrock,1.0,2,cholesky,5,gumbel_softmax,8192,0.02,1000,1,rosenbrock,661,0.006554126739501953,-1.1191009283065796,1.0044587850570679,0.7185049726918294,0.3595978319644928,0.15111741423606873,0.27335116267204285,0.17819446325302124
rosenbrock,1.0,2,cholesky,5,gumbel_softmax,8192,0.02,1000,1,rosenbrock,662,0.006594181060791016,-1.1211237907409668,0.9817898869514465,0.7181457202054836,0.44058695435523987,0.21733278036117554,0.3059691786766052,0.23079466819763184
rosenbrock,1.0,2,cholesky,5,gumbel_softmax,8192,0.02,1000,1,rosenbrock,663,0.006494998931884766,-1.1080567836761475,1.016755223274231,0.7177866473453809,0.21198081970214844,0.03233235329389572,0.08899476379156113,0.18965868651866913
rosenbrock,1.0,2,cholesky,5,gumbel_softmax,8192,0.02,1000,1,rosenbrock,664,0.0064907073974609375,-1.129454255104065,1.037995457649231,0.7174277540217082,0.16245843470096588,0.10688112676143646,0.10652101784944534,0.0601867213845253
rosenbrock,1.0,2,cholesky,5,gumbel_softmax,8192,0.02,1000,1,rosenbrock,665,0.00647425651550293,-1.1041831970214844,0.9283942580223083,0.7170690401446974,0.12242452055215836,0.04382394626736641,0.06565237790346146,0.09357879310846329
rosenbrock,1.0,2,cholesky,5,gumbel_softmax,8192,0.02,1000,1,rosenbrock,666,0.0064508914947509766,-1.1005293130874634,0.9567634463310242,0.7167105056246251,0.21391834318637848,0.01815127581357956,0.13487352430820465,0.16504764556884766
rosenbrock,1.0,2,cholesky,5,gumbel_softmax,8192,0.02,1000,1,rosenbrock,667,0.006468296051025391,-1.1133102178573608,1.0658408403396606,0.7163521503718129,0.14922116696834564,0.03014533966779709,0.05935198813676834,0.13354983925819397
rosenbrock,1.0,2,cholesky,5,gumbel_softmax,8192,0.02,1000,1,rosenbrock,668,0.006438255310058594,-1.126848816871643,1.0018174648284912,0.7159939742966269,0.1600244790315628,0.022610876709222794,0.04661281406879425,0.1514061838388443
rosenbrock,1.0,2,cholesky,5,gumbel_softmax,8192,0.02,1000,1,rosenbrock,669,0.00644993782043457,-1.1346575021743774,0.9867744445800781,0.7156359773094787,0.1821453869342804,0.03724232316017151,0.10132130235433578,0.14671039581298828
rosenbrock,1.0,2,cholesky,5,gumbel_softmax,8192,0.02,1000,1,rosenbrock,670,0.006432056427001953,-1.1349077224731445,1.0158259868621826,0.715278159320824,0.2772025763988495,0.02666529454290867,0.10405483096837997,0.25554415583610535
rosenbrock,1.0,2,cholesky,5,gumbel_softmax,8192,0.02,1000,1,rosenbrock,671,0.006409883499145508,-1.1164228916168213,1.006544828414917,0.7149205202411636,0.12326309829950333,0.06451123207807541,0.0626172199845314,0.0843278020620346
rosenbrock,1.0,2,cholesky,5,gumbel_softmax,8192,0.02,1000,1,rosenbrock,672,0.006431102752685547,-1.1260887384414673,1.115861415863037,0.7145630599810431,0.11517550051212311,0.03140654414892197,0.06618008017539978,0.08887755870819092
rosenbrock,1.0,2,cholesky,5,gumbel_softmax,8192,0.02,1000,1,rosenbrock,673,0.006440877914428711,-1.1241836547851562,0.9829638600349426,0.7142057784510526,0.2500080466270447,0.09910352528095245,0.1564275026321411,0.1679670810699463
rosenbrock,1.0,2,cholesky,5,gumbel_softmax,8192,0.02,1000,1,rosenbrock,674,0.006447792053222656,-1.1419297456741333,1.1168737411499023,0.7138486755618271,0.2886277735233307,0.03722257539629936,0.16351056098937988,0.2349143773317337
rosenbrock,1.0,2,cholesky,5,gumbel_softmax,8192,0.02,1000,1,rosenbrock,675,0.006443023681640625,-1.1001261472702026,1.1138423681259155,0.7134917512240463,0.17510810494422913,0.07879550755023956,0.09798043221235275,0.1218767911195755
rosenbrock,1.0,2,cholesky,5,gumbel_softmax,8192,0.02,1000,1,rosenbrock,676,0.006445884704589844,-1.1328204870224,1.093122124671936,0.7131350053484342,0.16185078024864197,0.073708176612854,0.04995780810713768,0.13515546917915344
rosenbrock,1.0,2,cholesky,5,gumbel_softmax,8192,0.02,1000,1,rosenbrock,677,0.006433010101318359,-1.1268552541732788,0.958036482334137,0.7127784378457601,0.252217173576355,0.06860239058732986,0.21582472324371338,0.1110265702009201
rosenbrock,1.0,2,cholesky,5,gumbel_softmax,8192,0.02,1000,1,rosenbrock,678,0.006463050842285156,-1.1166354417800903,0.9991698861122131,0.7124220486268372,0.46618664264678955,0.10352486371994019,0.4199918210506439,0.17383743822574615
rosenbrock,1.0,2,cholesky,5,gumbel_softmax,8192,0.02,1000,1,rosenbrock,679,0.006454944610595703,-1.1303060054779053,1.0213955640792847,0.7120658376025238,0.20915091037750244,0.006940758787095547,0.15956269204616547,0.1350395679473877
rosenbrock,1.0,2,cholesky,5,gumbel_softmax,8192,0.02,1000,1,rosenbrock,680,0.006455183029174805,-1.131363868713379,1.085294485092163,0.7117098046837227,0.22666402161121368,0.044407740235328674,0.20341365039348602,0.08959583938121796
rosenbrock,1.0,2,cholesky,5,gumbel_softmax,8192,0.02,1000,1,rosenbrock,681,0.006434917449951172,-1.1301710605621338,1.0462695360183716,0.7113539497813808,0.1292727142572403,0.08044444024562836,0.05979537591338158,0.08163725584745407
rosenbrock,1.0,2,cholesky,5,gumbel_softmax,8192,0.02,1000,1,rosenbrock,682,0.006463050842285156,-1.1156799793243408,1.0201386213302612,0.7109982728064902,0.3276979923248291,0.18679551780223846,0.2529117465019226,0.09235294163227081
rosenbrock,1.0,2,cholesky,5,gumbel_softmax,8192,0.02,1000,1,rosenbrock,683,0.006594181060791016,-1.122717261314392,0.9971006512641907,0.710642773670087,0.1601252406835556,0.06257742643356323,0.059526026248931885,0.13483624160289764
rosenbrock,1.0,2,cholesky,5,gumbel_softmax,8192,0.02,1000,1,rosenbrock,684,0.006234884262084961,-1.126307725906372,0.9692419767379761,0.710287452283252,0.27432337403297424,0.1494216024875641,0.12677370011806488,0.1919763684272766
rosenbrock,1.0,2,cholesky,5,gumbel_softmax,8192,0.02,1000,1,rosenbrock,685,0.006672859191894531,-1.1411659717559814,1.0331512689590454,0.7099323085571103,0.22392107546329498,0.06541050970554352,0.20618371665477753,0.057882487773895264
rosenbrock,1.0,2,cholesky,5,gumbel_softmax,8192,0.02,1000,1,rosenbrock,686,0.006541013717651367,-1.1439213752746582,1.1185904741287231,0.7095773424028319,0.16379861533641815,0.06905848532915115,0.08046385645866394,0.12484582513570786
rosenbrock,1.0,2,cholesky,5,gumbel_softmax,8192,0.02,1000,1,rosenbrock,687,0.006484031677246094,-1.1394456624984741,1.1025744676589966,0.7092225537316305,0.42825376987457275,0.19793102145195007,0.30437010526657104,0.22711992263793945
rosenbrock,1.0,2,cholesky,5,gumbel_softmax,8192,0.02,1000,1,rosenbrock,688,0.006452083587646484,-1.131155014038086,1.0376744270324707,0.7088679424547647,0.35719695687294006,0.2117111086845398,0.21204708516597748,0.1944328099489212
rosenbrock,1.0,2,cholesky,5,gumbel_softmax,8192,0.02,1000,1,rosenbrock,689,0.006455659866333008,-1.1294059753417969,1.0515977144241333,0.7085135084835373,0.3329826593399048,0.08008751273155212,0.2859637439250946,0.1506260186433792
rosenbrock,1.0,2,cholesky,5,gumbel_softmax,8192,0.02,1000,1,rosenbrock,690,0.006510019302368164,-1.1432141065597534,1.0042155981063843,0.7081592517292956,0.20081447064876556,0.03799271583557129,0.1295596808195114,0.148651584982872
rosenbrock,1.0,2,cholesky,5,gumbel_softmax,8192,0.02,1000,1,rosenbrock,691,0.006472110748291016,-1.116530179977417,0.995276927947998,0.707805172103431,0.24805769324302673,0.05017251893877983,0.2154626101255417,0.11221051961183548
rosenbrock,1.0,2,cholesky,5,gumbel_softmax,8192,0.02,1000,1,rosenbrock,692,0.006541728973388672,-1.1389981508255005,1.0604052543640137,0.7074512695173794,0.38783320784568787,0.04462422803044319,0.3592957854270935,0.1390317976474762
rosenbrock,1.0,2,cholesky,5,gumbel_softmax,8192,0.02,1000,1,rosenbrock,693,0.006211042404174805,-1.1123448610305786,0.973235011100769,0.7070975438826207,0.5113155841827393,0.18022479116916656,0.35447701811790466,0.3214167058467865
rosenbrock,1.0,2,cholesky,5,gumbel_softmax,8192,0.02,1000,1,rosenbrock,694,0.006821155548095703,-1.111022710800171,0.9812437295913696,0.7067439951106794,0.2805052101612091,0.0994042232632637,0.19298595190048218,0.17764683067798615
rosenbrock,1.0,2,cholesky,5,gumbel_softmax,8192,0.02,1000,1,rosenbrock,695,0.0070912837982177734,-1.1277639865875244,1.0241936445236206,0.7063906231131241,0.2317158281803131,0.055983975529670715,0.1931307166814804,0.11514578014612198
rosenbrock,1.0,2,cholesky,5,gumbel_softmax,8192,0.02,1000,1,rosenbrock,696,0.006405830383300781,-1.1253864765167236,0.9799268841743469,0.7060374278015676,0.2986576557159424,0.16932696104049683,0.23796117305755615,0.062444109469652176
rosenbrock,1.0,2,cholesky,5,gumbel_softmax,8192,0.02,1000,1,rosenbrock,697,0.0065059661865234375,-1.1287318468093872,1.175032138824463,0.7056844090876668,0.3719295263290405,0.0917869508266449,0.3438588082790375,0.10801788419485092
rosenbrock,1.0,2,cholesky,5,gumbel_softmax,8192,0.02,1000,1,rosenbrock,698,0.006451129913330078,-1.1405740976333618,1.0678080320358276,0.705331566883123,0.22785766422748566,0.1788853406906128,0.0984717532992363,0.1011061891913414
rosenbrock,1.0,2,cholesky,5,gumbel_softmax,8192,0.02,1000,1,rosenbrock,699,0.006459951400756836,-1.1338239908218384,0.9987501502037048,0.7049789010996815,0.1716633290052414,0.10789007693529129,0.07855218648910522,0.10797028243541718
rosenbrock,1.0,2,cholesky,5,gumbel_softmax,8192,0.02,1000,1,rosenbrock,700,0.006346940994262695,-1.124942421913147,1.0807949304580688,0.7046264116491318,0.2232767641544342,0.09517689049243927,0.15727826952934265,0.12671786546707153
rosenbrock,1.0,2,cholesky,5,gumbel_softmax,8192,0.02,1000,1,rosenbrock,701,0.006426811218261719,-1.128216028213501,1.0112348794937134,0.7042740984433072,0.1384280025959015,0.017739132046699524,0.12038850784301758,0.06598667055368423
rosenbrock,1.0,2,cholesky,5,gumbel_softmax,8192,0.02,1000,1,rosenbrock,702,0.006489992141723633,-1.110853910446167,1.0089656114578247,0.7039219613940856,0.12153295427560806,0.04830758273601532,0.07391532510519028,0.08350545912981033
rosenbrock,1.0,2,cholesky,5,gumbel_softmax,8192,0.02,1000,1,rosenbrock,703,0.006500959396362305,-1.1576029062271118,1.1056194305419922,0.7035700004133886,0.36465907096862793,0.08247505873441696,0.3006950616836548,0.18909411132335663
rosenbrock,1.0,2,cholesky,5,gumbel_softmax,8192,0.02,1000,1,rosenbrock,704,0.006495952606201172,-1.1222110986709595,0.9941228032112122,0.703218215413182,0.23915676772594452,0.065640389919281,0.20727598667144775,0.09961911290884018
rosenbrock,1.0,2,cholesky,5,gumbel_softmax,8192,0.02,1000,1,rosenbrock,705,0.006623029708862305,-1.124080777168274,1.0887858867645264,0.7028666063054754,0.1590588092803955,0.09021715819835663,0.07159840315580368,0.10970066487789154
rosenbrock,1.0,2,cholesky,5,gumbel_softmax,8192,0.02,1000,1,rosenbrock,706,0.006799936294555664,-1.129533290863037,0.9913704991340637,0.7025151730023227,0.22079941630363464,0.06261672079563141,0.19127266108989716,0.09080912172794342
rosenbrock,1.0,2,cholesky,5,gumbel_softmax,8192,0.02,1000,1,rosenbrock,707,0.0066721439361572266,-1.1521327495574951,1.094900369644165,0.7021639154158216,0.23049019277095795,0.15093283355236053,0.08152206987142563,0.15394531190395355
rosenbrock,1.0,2,cholesky,5,gumbel_softmax,8192,0.02,1000,1,rosenbrock,708,0.007048130035400391,-1.1146857738494873,0.9860222935676575,0.7018128334581136,0.3226962983608246,0.19030021131038666,0.23743636906147003,0.10743693262338638
rosenbrock,1.0,2,cholesky,5,gumbel_softmax,8192,0.02,1000,1,rosenbrock,709,0.006649971008300781,-1.1046247482299805,1.0632240772247314,0.7014619270413847,0.2726376950740814,0.13445492088794708,0.17368367314338684,0.1615152806043625
rosenbrock,1.0,2,cholesky,5,gumbel_softmax,8192,0.02,1000,1,rosenbrock,710,0.006601810455322266,-1.1155657768249512,0.9883589744567871,0.701111196077864,0.23295749723911285,0.19507375359535217,0.10503671318292618,0.07199106365442276
rosenbrock,1.0,2,cholesky,5,gumbel_softmax,8192,0.02,1000,1,rosenbrock,711,0.00652003288269043,-1.1087887287139893,1.0405882596969604,0.7007606404798251,0.33942273259162903,0.18781974911689758,0.20526985824108124,0.194411501288414
rosenbrock,1.0,2,cholesky,5,gumbel_softmax,8192,0.02,1000,1,rosenbrock,712,0.006494998931884766,-1.1107901334762573,0.9954168796539307,0.7004102601595853,0.22356192767620087,0.10616928339004517,0.12720610201358795,0.15008869767189026
rosenbrock,1.0,2,cholesky,5,gumbel_softmax,8192,0.02,1000,1,rosenbrock,713,0.006501197814941406,-1.138885259628296,0.9937614798545837,0.7000600550295055,0.2267780750989914,0.08128852397203445,0.12070071697235107,0.17393049597740173
rosenbrock,1.0,2,cholesky,5,gumbel_softmax,8192,0.02,1000,1,rosenbrock,714,0.006536006927490234,-1.1067904233932495,0.9902805685997009,0.6997100250019908,0.23866422474384308,0.15794457495212555,0.0941479355096817,0.1521521955728531
rosenbrock,1.0,2,cholesky,5,gumbel_softmax,8192,0.02,1000,1,rosenbrock,715,0.006554126739501953,-1.1379013061523438,1.0469622611999512,0.6993601699894898,0.124103844165802,0.08419334143400192,0.05806398019194603,0.07029807567596436
rosenbrock,1.0,2,cholesky,5,gumbel_softmax,8192,0.02,1000,1,rosenbrock,716,0.006489992141723633,-1.1323796510696411,1.0348458290100098,0.6990104899044951,0.5199468731880188,0.22115558385849,0.36336448788642883,0.29900041222572327
rosenbrock,1.0,2,cholesky,5,gumbel_softmax,8192,0.02,1000,1,rosenbrock,717,0.006499767303466797,-1.1140449047088623,0.9884886145591736,0.6986609846595428,0.44283077120780945,0.19388902187347412,0.3138309419155121,0.24498221278190613
rosenbrock,1.0,2,cholesky,5,gumbel_softmax,8192,0.02,1000,1,rosenbrock,718,0.006459951400756836,-1.1089799404144287,1.0040936470031738,0.6983116541672132,0.3149244487285614,0.13715888559818268,0.25841638445854187,0.11655831336975098
rosenbrock,1.0,2,cholesky,5,gumbel_softmax,8192,0.02,1000,1,rosenbrock,719,0.006494045257568359,-1.1217479705810547,1.0613276958465576,0.6979624983401296,0.12395578622817993,0.106346994638443,0.026629233732819557,0.05784665420651436
rosenbrock,1.0,2,cholesky,5,gumbel_softmax,8192,0.02,1000,1,rosenbrock,720,0.0065801143646240234,-1.1074994802474976,0.9832289814949036,0.6976135170909595,0.23806440830230713,0.016912363469600677,0.18668994307518005,0.14674977958202362
rosenbrock,1.0,2,cholesky,5,gumbel_softmax,8192,0.02,1000,1,rosenbrock,721,0.006424903869628906,-1.1214749813079834,0.9896231889724731,0.6972647103324141,0.17370043694972992,0.011155366897583008,0.13083451986312866,0.11370894312858582
rosenbrock,1.0,2,cholesky,5,gumbel_softmax,8192,0.02,1000,1,rosenbrock,722,0.006470918655395508,-1.11012864112854,1.0767427682876587,0.696916077977248,0.3860243260860443,0.24834418296813965,0.28493744134902954,0.07842588424682617
rosenbrock,1.0,2,cholesky,5,gumbel_softmax,8192,0.02,1000,1,rosenbrock,723,0.006407976150512695,-1.1248221397399902,1.0146300792694092,0.6965676199382593,0.49759021401405334,0.21195577085018158,0.4153672456741333,0.17361104488372803
rosenbrock,1.0,2,cholesky,5,gumbel_softmax,8192,0.02,1000,1,rosenbrock,724,0.006428241729736328,-1.1119039058685303,0.9916152954101562,0.6962193361282902,0.6270869374275208,0.24045847356319427,0.545734167098999,0.19388650357723236
rosenbrock,1.0,2,cholesky,5,gumbel_softmax,8192,0.02,1000,1,rosenbrock,725,0.00642085075378418,-1.1190571784973145,0.9991428256034851,0.6958712264602261,0.1421383023262024,0.0977935716509819,0.07754276692867279,0.06802081316709518
rosenbrock,1.0,2,cholesky,5,gumbel_softmax,8192,0.02,1000,1,rosenbrock,726,0.006439924240112305,-1.1172385215759277,1.0659586191177368,0.6955232908469962,0.1969626098871231,0.017105218023061752,0.15135443210601807,0.12487400323152542
rosenbrock,1.0,2,cholesky,5,gumbel_softmax,8192,0.02,1000,1,rosenbrock,727,0.006417989730834961,-1.1174724102020264,1.0126317739486694,0.6951755292015727,0.31624189019203186,0.13042037189006805,0.25496503710746765,0.13413535058498383
rosenbrock,1.0,2,cholesky,5,gumbel_softmax,8192,0.02,1000,1,rosenbrock,728,0.00642704963684082,-1.0700050592422485,0.9548211097717285,0.6948279414369719,0.3407211899757385,0.19348439574241638,0.2273675799369812,0.16419105231761932
rosenbrock,1.0,2,cholesky,5,gumbel_softmax,8192,0.02,1000,1,rosenbrock,729,0.006441831588745117,-1.1218256950378418,1.0149264335632324,0.6944805274662534,0.5152844190597534,0.3235809803009033,0.39290493726730347,0.08024324476718903
rosenbrock,1.0,2,cholesky,5,gumbel_softmax,8192,0.02,1000,1,rosenbrock,730,0.006385326385498047,-1.1047385931015015,1.0404759645462036,0.6941332872025203,0.4043215215206146,0.21630269289016724,0.32779812812805176,0.09611160308122635
rosenbrock,1.0,2,cholesky,5,gumbel_softmax,8192,0.02,1000,1,rosenbrock,731,0.0063800811767578125,-1.1234145164489746,1.0550483465194702,0.6937862205589191,0.12875773012638092,0.023956477642059326,0.06016157194972038,0.11128890514373779
rosenbrock,1.0,2,cholesky,5,gumbel_softmax,8192,0.02,1000,1,rosenbrock,732,0.006437778472900391,-1.121840476989746,1.1645276546478271,0.6934393274486397,0.10007523745298386,0.028040729463100433,0.06472401320934296,0.0709899514913559
rosenbrock,1.0,2,cholesky,5,gumbel_softmax,8192,0.02,1000,1,rosenbrock,733,0.00642704963684082,-1.0854988098144531,1.0545510053634644,0.6930926077849154,0.12148325145244598,0.01999964751303196,0.07048161327838898,0.09690476953983307
rosenbrock,1.0,2,cholesky,5,gumbel_softmax,8192,0.02,1000,1,rosenbrock,734,0.006459951400756836,-1.1139674186706543,0.9570178389549255,0.692746061481023,0.27082157135009766,0.06839288026094437,0.22945839166641235,0.1265527456998825
rosenbrock,1.0,2,cholesky,5,gumbel_softmax,8192,0.02,1000,1,rosenbrock,735,0.0064127445220947266,-1.1348053216934204,0.9966314435005188,0.6923996884502825,0.36568719148635864,0.1481744796037674,0.3086836338043213,0.12839722633361816
rosenbrock,1.0,2,cholesky,5,gumbel_softmax,8192,0.02,1000,1,rosenbrock,736,0.006421089172363281,-1.0959047079086304,1.0134472846984863,0.6920534886060574,0.21769486367702484,0.06449981778860092,0.1476108431816101,0.14643041789531708
rosenbrock,1.0,2,cholesky,5,gumbel_softmax,8192,0.02,1000,1,rosenbrock,737,0.006392002105712891,-1.124823808670044,0.9949957132339478,0.6917074618617545,0.2653094232082367,0.0720323920249939,0.16556040942668915,0.1943969428539276
rosenbrock,1.0,2,cholesky,5,gumbel_softmax,8192,0.02,1000,1,rosenbrock,738,0.00642085075378418,-1.1338844299316406,1.1053688526153564,0.6913616081308236,0.18520548939704895,0.0305368322879076,0.08718911558389664,0.16051988303661346
rosenbrock,1.0,2,cholesky,5,gumbel_softmax,8192,0.02,1000,1,rosenbrock,739,0.006387948989868164,-1.1206822395324707,0.9881821870803833,0.6910159273267582,0.3965207040309906,0.025456605479121208,0.306161493062973,0.2506905496120453
rosenbrock,1.0,2,cholesky,5,gumbel_softmax,8192,0.02,1000,1,rosenbrock,740,0.006394863128662109,-1.1281148195266724,1.015900731086731,0.6906704193630949,0.14148570597171783,0.0891726016998291,0.08781307935714722,0.06599480658769608
rosenbrock,1.0,2,cholesky,5,gumbel_softmax,8192,0.02,1000,1,rosenbrock,741,0.006433963775634766,-1.1273703575134277,1.0445367097854614,0.6903250841534134,0.09979479759931564,0.06387706100940704,0.04191603511571884,0.06420101225376129
rosenbrock,1.0,2,cholesky,5,gumbel_softmax,8192,0.02,1000,1,rosenbrock,742,0.0063741207122802734,-1.1207417249679565,1.049683690071106,0.6899799216113367,0.19487980008125305,0.08579745888710022,0.11183007061481476,0.1345769762992859
rosenbrock,1.0,2,cholesky,5,gumbel_softmax,8192,0.02,1000,1,rosenbrock,743,0.006392717361450195,-1.1217743158340454,0.9845154881477356,0.6896349316505311,0.26354697346687317,0.058529261499643326,0.18737760186195374,0.17584359645843506
rosenbrock,1.0,2,cholesky,5,gumbel_softmax,8192,0.02,1000,1,rosenbrock,744,0.006373882293701172,-1.1169885396957397,0.9915856122970581,0.6892901141847059,0.15094421803951263,0.11556380987167358,0.057925134897232056,0.0779348686337471
rosenbrock,1.0,2,cholesky,5,gumbel_softmax,8192,0.02,1000,1,rosenbrock,745,0.006412029266357422,-1.1102012395858765,1.0215747356414795,0.6889454691276136,0.2555064857006073,0.05275411531329155,0.21578563749790192,0.12624233961105347
rosenbrock,1.0,2,cholesky,5,gumbel_softmax,8192,0.02,1000,1,rosenbrock,746,0.006392002105712891,-1.1090854406356812,1.1898210048675537,0.6886009963930497,0.18001466989517212,0.09368003159761429,0.0656532347202301,0.1389927715063095
rosenbrock,1.0,2,cholesky,5,gumbel_softmax,8192,0.02,1000,1,rosenbrock,747,0.006448030471801758,-1.113616943359375,0.9769519567489624,0.6882566958948533,0.1749476194381714,0.11067121475934982,0.059305280447006226,0.1218254417181015
rosenbrock,1.0,2,cholesky,5,gumbel_softmax,8192,0.02,1000,1,rosenbrock,748,0.0063800811767578125,-1.1025203466415405,1.038930892944336,0.6879125675469059,0.15119668841362,0.06638097018003464,0.10292645543813705,0.08865747600793839
rosenbrock,1.0,2,cholesky,5,gumbel_softmax,8192,0.02,1000,1,rosenbrock,749,0.0063626766204833984,-1.1226977109909058,1.0226080417633057,0.6875686112631325,0.2766568064689636,0.10172940045595169,0.23627334833145142,0.10180871933698654
rosenbrock,1.0,2,cholesky,5,gumbel_softmax,8192,0.02,1000,1,rosenbrock,750,0.0067331790924072266,-1.111685037612915,0.9550687074661255,0.687224826957501,0.25990206003189087,0.05496334284543991,0.13946889340877533,0.21231232583522797
rosenbrock,1.0,2,cholesky,5,gumbel_softmax,8192,0.02,1000,1,rosenbrock,751,0.006407737731933594,-1.1124210357666016,0.9620293378829956,0.6868812145440223,0.1872081756591797,0.035620689392089844,0.14630469679832458,0.11123398691415787
rosenbrock,1.0,2,cholesky,5,gumbel_softmax,8192,0.02,1000,1,rosenbrock,752,0.00642704963684082,-1.1115541458129883,0.9790626764297485,0.6865377739367503,0.19940274953842163,0.12818796932697296,0.10784892737865448,0.10815689712762833
rosenbrock,1.0,2,cholesky,5,gumbel_softmax,8192,0.02,1000,1,rosenbrock,753,0.006479024887084961,-1.0897400379180908,1.0384283065795898,0.686194505049782,0.3254716694355011,0.12411633878946304,0.23169462382793427,0.19194932281970978
rosenbrock,1.0,2,cholesky,5,gumbel_softmax,8192,0.02,1000,1,rosenbrock,754,0.0064241886138916016,-1.0789520740509033,1.0078754425048828,0.6858514077972571,0.19975918531417847,0.014765006490051746,0.19028563797473907,0.0589669905602932
rosenbrock,1.0,2,cholesky,5,gumbel_softmax,8192,0.02,1000,1,rosenbrock,755,0.0064051151275634766,-1.1184688806533813,1.0285215377807617,0.6855084820933585,0.16601601243019104,0.02760261297225952,0.08901286870241165,0.13739041984081268
rosenbrock,1.0,2,cholesky,5,gumbel_softmax,8192,0.02,1000,1,rosenbrock,756,0.0064051151275634766,-1.113784670829773,1.024785041809082,0.6851657278523119,0.16695396602153778,0.05309905856847763,0.12133942544460297,0.10164085030555725
rosenbrock,1.0,2,cholesky,5,gumbel_softmax,8192,0.02,1000,1,rosenbrock,757,0.00640106201171875,-1.1091158390045166,0.9902423620223999,0.6848231449883857,0.17756971716880798,0.1205945834517479,0.06636738777160645,0.11217539012432098
rosenbrock,1.0,2,cholesky,5,gumbel_softmax,8192,0.02,1000,1,rosenbrock,758,0.006402015686035156,-1.1168382167816162,0.9680179357528687,0.6844807334158916,0.3144884705543518,0.11736346036195755,0.2604585289955139,0.13149207830429077
rosenbrock,1.0,2,cholesky,5,gumbel_softmax,8192,0.02,1000,1,rosenbrock,759,0.006700038909912109,-1.1125917434692383,1.105714201927185,0.6841384930491836,0.1725192666053772,0.074385866522789,0.08249460905790329,0.13200105726718903
rosenbrock,1.0,2,cholesky,5,gumbel_softmax,8192,0.02,1000,1,rosenbrock,760,0.0063669681549072266,-1.1168568134307861,1.025846242904663,0.6837964238026591,0.14523634314537048,0.0747024342417717,0.06811681389808655,0.10427482426166534
rosenbrock,1.0,2,cholesky,5,gumbel_softmax,8192,0.02,1000,1,rosenbrock,761,0.006345987319946289,-1.1147030591964722,0.9875221252441406,0.6834545255907578,0.32102838158607483,0.083955317735672,0.22992363572120667,0.20771577954292297
rosenbrock,1.0,2,cholesky,5,gumbel_softmax,8192,0.02,1000,1,rosenbrock,762,0.0063970088958740234,-1.1235376596450806,0.9893345832824707,0.6831127983279625,0.113048255443573,0.019472314044833183,0.07241984456777573,0.0845937579870224
rosenbrock,1.0,2,cholesky,5,gumbel_softmax,8192,0.02,1000,1,rosenbrock,763,0.006354808807373047,-1.0991865396499634,0.9415858387947083,0.6827712419287986,0.1302414983510971,0.03385848179459572,0.08286033570766449,0.09460769593715668
rosenbrock,1.0,2,cholesky,5,gumbel_softmax,8192,0.02,1000,1,rosenbrock,764,0.006361722946166992,-1.0924408435821533,0.9925873875617981,0.6824298563078341,0.19473440945148468,0.10673902183771133,0.10303456336259842,0.12614339590072632
rosenbrock,1.0,2,cholesky,5,gumbel_softmax,8192,0.02,1000,1,rosenbrock,765,0.006376981735229492,-1.1179355382919312,1.063175082206726,0.6820886413796803,0.22818054258823395,0.0935814157128334,0.08658105880022049,0.1892421543598175
rosenbrock,1.0,2,cholesky,5,gumbel_softmax,8192,0.02,1000,1,rosenbrock,766,0.0064449310302734375,-1.1189364194869995,1.0562117099761963,0.6817475970589905,0.15523436665534973,0.11707994341850281,0.045575615018606186,0.09117486327886581
rosenbrock,1.0,2,cholesky,5,gumbel_softmax,8192,0.02,1000,1,rosenbrock,767,0.006374835968017578,-1.1103236675262451,1.006397008895874,0.681406723260461,0.29044318199157715,0.04982450604438782,0.23918552696704865,0.15705113112926483
rosenbrock,1.0,2,cholesky,5,gumbel_softmax,8192,0.02,1000,1,rosenbrock,768,0.006369113922119141,-1.11115562915802,1.0075181722640991,0.6810660198988309,0.4700256884098053,0.23478752374649048,0.3166399300098419,0.2560041546821594
rosenbrock,1.0,2,cholesky,5,gumbel_softmax,8192,0.02,1000,1,rosenbrock,769,0.0065381526947021484,-1.1207808256149292,1.0905226469039917,0.6807254868888815,0.28511881828308105,0.10996278375387192,0.22971521317958832,0.12818679213523865
rosenbrock,1.0,2,cholesky,5,gumbel_softmax,8192,0.02,1000,1,rosenbrock,770,0.006380796432495117,-1.0931990146636963,0.9886263608932495,0.6803851241454371,0.3967640697956085,0.03616853430867195,0.36274147033691406,0.15662746131420135
rosenbrock,1.0,2,cholesky,5,gumbel_softmax,8192,0.02,1000,1,rosenbrock,771,0.0064089298248291016,-1.1132667064666748,0.9983477592468262,0.6800449315833644,0.37465015053749084,0.026491360738873482,0.3134101331233978,0.20355595648288727
rosenbrock,1.0,2,cholesky,5,gumbel_softmax,8192,0.02,1000,1,rosenbrock,772,0.006469249725341797,-1.1108440160751343,0.9670531749725342,0.6797049091175728,0.505725085735321,0.1647738814353943,0.3990963101387024,0.26330506801605225
rosenbrock,1.0,2,cholesky,5,gumbel_softmax,8192,0.02,1000,1,rosenbrock,773,0.006410121917724609,-1.1211918592453003,1.0076507329940796,0.6793650566630139,0.3790990710258484,0.11158247292041779,0.27046847343444824,0.24106478691101074
rosenbrock,1.0,2,cholesky,5,gumbel_softmax,8192,0.02,1000,1,rosenbrock,774,0.006413698196411133,-1.1061514616012573,1.078350305557251,0.6790253741346826,0.23983940482139587,0.01896040327847004,0.12884412705898285,0.20140166580677032
rosenbrock,1.0,2,cholesky,5,gumbel_softmax,8192,0.02,1000,1,rosenbrock,775,0.00639796257019043,-1.094520092010498,1.0332609415054321,0.6786858614476152,0.32502880692481995,0.1430996209383011,0.24461157619953156,0.15915845334529877
rosenbrock,1.0,2,cholesky,5,gumbel_softmax,8192,0.02,1000,1,rosenbrock,776,0.006412982940673828,-1.1135627031326294,1.0249963998794556,0.6783465185168914,0.3408264219760895,0.0866302102804184,0.27935290336608887,0.17498522996902466
rosenbrock,1.0,2,cholesky,5,gumbel_softmax,8192,0.02,1000,1,rosenbrock,777,0.006426095962524414,-1.1029307842254639,0.9512688517570496,0.6780073452576331,0.3591918349266052,0.11138907074928284,0.29691582918167114,0.1686779409646988
rosenbrock,1.0,2,cholesky,5,gumbel_softmax,8192,0.02,1000,1,rosenbrock,778,0.00644683837890625,-1.103137493133545,0.9994529485702515,0.6776683415850042,0.27462828159332275,0.010899648070335388,0.20154769718647003,0.1862267702817917
rosenbrock,1.0,2,cholesky,5,gumbel_softmax,8192,0.02,1000,1,rosenbrock,779,0.006422996520996094,-1.1139062643051147,0.9919875860214233,0.6773295074142118,0.31228306889533997,0.08424929529428482,0.17379988729953766,0.24539028108119965
rosenbrock,1.0,2,cholesky,5,gumbel_softmax,8192,0.02,1000,1,rosenbrock,780,0.006602048873901367,-1.1069339513778687,0.9953988194465637,0.6769908426605047,0.2851299047470093,0.012346699833869934,0.20061516761779785,0.20223791897296906
rosenbrock,1.0,2,cholesky,5,gumbel_softmax,8192,0.02,1000,1,rosenbrock,781,0.006414175033569336,-1.1184934377670288,1.042540192604065,0.6766523472391746,0.2206488996744156,0.1265348643064499,0.1505061239004135,0.10011378675699234
rosenbrock,1.0,2,cholesky,5,gumbel_softmax,8192,0.02,1000,1,rosenbrock,782,0.006777048110961914,-1.103885293006897,0.9337912797927856,0.6763140210655549,0.22939573228359222,0.1726859211921692,0.048793185502290726,0.14290277659893036
rosenbrock,1.0,2,cholesky,5,gumbel_softmax,8192,0.02,1000,1,rosenbrock,783,0.006875038146972656,-1.1205002069473267,1.1574876308441162,0.6759758640550222,0.5870901942253113,0.335908442735672,0.42043548822402954,0.23467934131622314
rosenbrock,1.0,2,cholesky,5,gumbel_softmax,8192,0.02,1000,1,rosenbrock,784,0.006499052047729492,-1.103801965713501,1.1195969581604004,0.6756378761229948,0.3637091815471649,0.1755446046590805,0.24142558872699738,0.2078031450510025
rosenbrock,1.0,2,cholesky,5,gumbel_softmax,8192,0.02,1000,1,rosenbrock,785,0.0064089298248291016,-1.1245408058166504,1.0426031351089478,0.6753000571849332,0.4653504192829132,0.13635370135307312,0.41975313425064087,0.14753307402133942
rosenbrock,1.0,2,cholesky,5,gumbel_softmax,8192,0.02,1000,1,rosenbrock,786,0.007172822952270508,-1.1179800033569336,1.1733887195587158,0.6749624071563408,0.1314498484134674,0.01918339543044567,0.1167122945189476,0.05735241249203682
rosenbrock,1.0,2,cholesky,5,gumbel_softmax,8192,0.02,1000,1,rosenbrock,787,0.006845235824584961,-1.0810363292694092,1.0275403261184692,0.6746249259527627,0.14475257694721222,0.01902870275080204,0.091335229575634,0.1106756255030632
rosenbrock,1.0,2,cholesky,5,gumbel_softmax,8192,0.02,1000,1,rosenbrock,788,0.006685972213745117,-1.1129330396652222,1.0107864141464233,0.6742876134897864,0.20430125296115875,0.052836693823337555,0.13588708639144897,0.14311528205871582
rosenbrock,1.0,2,cholesky,5,gumbel_softmax,8192,0.02,1000,1,rosenbrock,789,0.006459236145019531,-1.1009457111358643,1.0489137172698975,0.6739504696830415,0.1262892186641693,0.06671831756830215,0.08225902915000916,0.06878288835287094
rosenbrock,1.0,2,cholesky,5,gumbel_softmax,8192,0.02,1000,1,rosenbrock,790,0.006459951400756836,-1.0878660678863525,1.0250699520111084,0.6736134944482001,0.27886316180229187,0.14336271584033966,0.23047605156898499,0.06397325545549393
rosenbrock,1.0,2,cholesky,5,gumbel_softmax,8192,0.02,1000,1,rosenbrock,791,0.0064089298248291016,-1.1176692247390747,0.9916495680809021,0.6732766877009759,0.42515096068382263,0.24815109372138977,0.3282143473625183,0.10700330883264542
rosenbrock,1.0,2,cholesky,5,gumbel_softmax,8192,0.02,1000,1,rosenbrock,792,0.006395816802978516,-1.108585238456726,0.9614280462265015,0.6729400493571255,0.35413387417793274,0.1415686458349228,0.2841882109642029,0.15686360001564026
rosenbrock,1.0,2,cholesky,5,gumbel_softmax,8192,0.02,1000,1,rosenbrock,793,0.0063970088958740234,-1.1280951499938965,1.23439621925354,0.672603579332447,0.29693958163261414,0.12173978239297867,0.15290595591068268,0.2235448956489563
rosenbrock,1.0,2,cholesky,5,gumbel_softmax,8192,0.02,1000,1,rosenbrock,794,0.006391048431396484,-1.117988109588623,1.1200828552246094,0.6722672775427808,0.25720956921577454,0.14296096563339233,0.06353539228439331,0.20416218042373657
rosenbrock,1.0,2,cholesky,5,gumbel_softmax,8192,0.02,1000,1,rosenbrock,795,0.006381988525390625,-1.1170495748519897,1.0810898542404175,0.6719311439040094,0.18576383590698242,0.03599754720926285,0.07138235867023468,0.16768106818199158
rosenbrock,1.0,2,cholesky,5,gumbel_softmax,8192,0.02,1000,1,rosenbrock,796,0.00638890266418457,-1.11020827293396,1.0501537322998047,0.6715951783320575,0.1746903359889984,0.06601650267839432,0.0844973623752594,0.1379084438085556
rosenbrock,1.0,2,cholesky,5,gumbel_softmax,8192,0.02,1000,1,rosenbrock,797,0.0063550472259521484,-1.1023770570755005,1.0351954698562622,0.6712593807428915,0.21134790778160095,0.1060827299952507,0.16313673555850983,0.08246693015098572
rosenbrock,1.0,2,cholesky,5,gumbel_softmax,8192,0.02,1000,1,rosenbrock,798,0.006372928619384766,-1.1071562767028809,1.0466862916946411,0.6709237510525201,0.39560630917549133,0.0893627256155014,0.18036465346813202,0.34056901931762695
rosenbrock,1.0,2,cholesky,5,gumbel_softmax,8192,0.02,1000,1,rosenbrock,799,0.006361722946166992,-1.111134648323059,0.9525613188743591,0.6705882891769939,0.43844664096832275,0.20749850571155548,0.35922685265541077,0.1419011354446411
rosenbrock,1.0,2,cholesky,5,gumbel_softmax,8192,0.02,1000,1,rosenbrock,800,0.006359100341796875,-1.1035363674163818,0.9912099242210388,0.6702529950324054,0.21367214620113373,0.07784528285264969,0.15075090527534485,0.12988480925559998
rosenbrock,1.0,2,cholesky,5,gumbel_softmax,8192,0.02,1000,1,rosenbrock,801,0.006400108337402344,-1.1212455034255981,1.0234004259109497,0.6699178685348892,0.1620267927646637,0.05088894069194794,0.10842397809028625,0.10912028700113297
rosenbrock,1.0,2,cholesky,5,gumbel_softmax,8192,0.02,1000,1,rosenbrock,802,0.006415128707885742,-1.0978020429611206,1.002364993095398,0.6695829096006218,0.2627517879009247,0.022330105304718018,0.23752589523792267,0.11009686440229416
rosenbrock,1.0,2,cholesky,5,gumbel_softmax,8192,0.02,1000,1,rosenbrock,803,0.0064661502838134766,-1.1022626161575317,1.0117841958999634,0.6692481181458215,0.1510002315044403,0.10670500993728638,0.05221861973404884,0.09321120381355286
rosenbrock,1.0,2,cholesky,5,gumbel_softmax,8192,0.02,1000,1,rosenbrock,804,0.006598949432373047,-1.102125644683838,1.002427577972412,0.6689134940867487,0.33426758646965027,0.07122966647148132,0.31401315331459045,0.08976027369499207
rosenbrock,1.0,2,cholesky,5,gumbel_softmax,8192,0.02,1000,1,rosenbrock,805,0.006536006927490234,-1.105966567993164,1.0482364892959595,0.6685790373397054,0.17244122922420502,0.03670152649283409,0.108342245221138,0.1290384978055954
rosenbrock,1.0,2,cholesky,5,gumbel_softmax,8192,0.02,1000,1,rosenbrock,806,0.006454944610595703,-1.1224557161331177,0.9915545582771301,0.6682447478210355,0.1283852607011795,0.04201531782746315,0.07769620418548584,0.09317073225975037
rosenbrock,1.0,2,cholesky,5,gumbel_softmax,8192,0.02,1000,1,rosenbrock,807,0.006446123123168945,-1.1093047857284546,0.9782906174659729,0.6679106254471251,0.10291572660207748,0.06268330663442612,0.037962429225444794,0.07225857675075531
rosenbrock,1.0,2,cholesky,5,gumbel_softmax,8192,0.02,1000,1,rosenbrock,808,0.006453037261962891,-1.1222295761108398,1.0623345375061035,0.6675766701344015,0.09365441650152206,0.015333078801631927,0.03640321269631386,0.08491674065589905
rosenbrock,1.0,2,cholesky,5,gumbel_softmax,8192,0.02,1000,1,rosenbrock,809,0.0064699649810791016,-1.1173235177993774,1.06621515750885,0.6672428817993343,0.19372156262397766,0.061573099344968796,0.1076284795999527,0.14883854985237122
rosenbrock,1.0,2,cholesky,5,gumbel_softmax,8192,0.02,1000,1,rosenbrock,810,0.006434917449951172,-1.1216204166412354,1.0890012979507446,0.6669092603584347,0.3193027377128601,0.058817192912101746,0.13762134313583374,0.28205519914627075
rosenbrock,1.0,2,cholesky,5,gumbel_softmax,8192,0.02,1000,1,rosenbrock,811,0.006457090377807617,-1.12394118309021,0.9772321581840515,0.6665758057282556,0.4576165974140167,0.018487904220819473,0.38924404978752136,0.23991714417934418
rosenbrock,1.0,2,cholesky,5,gumbel_softmax,8192,0.02,1000,1,rosenbrock,812,0.006439924240112305,-1.1369545459747314,1.0842220783233643,0.6662425178253915,0.1989741027355194,0.06341923773288727,0.1092824935913086,0.1537076085805893
rosenbrock,1.0,2,cholesky,5,gumbel_softmax,8192,0.02,1000,1,rosenbrock,813,0.00645899772644043,-1.1090474128723145,1.0158202648162842,0.6659093965664789,0.18769203126430511,0.038802094757556915,0.124691903591156,0.1348133087158203
rosenbrock,1.0,2,cholesky,5,gumbel_softmax,8192,0.02,1000,1,rosenbrock,814,0.0064318180084228516,-1.1175700426101685,0.9926304817199707,0.6655764418681956,0.08301227539777756,0.022982187569141388,0.033521927893161774,0.0723818764090538
rosenbrock,1.0,2,cholesky,5,gumbel_softmax,8192,0.02,1000,1,rosenbrock,815,0.006437063217163086,-1.1184669733047485,1.0032154321670532,0.6652436536472616,0.22477109730243683,0.0303184874355793,0.1863163411617279,0.12202072143554688
rosenbrock,1.0,2,cholesky,5,gumbel_softmax,8192,0.02,1000,1,rosenbrock,816,0.006477832794189453,-1.1072078943252563,0.9734799265861511,0.664911031820438,0.2519577443599701,0.09811943769454956,0.07847462594509125,0.21839646995067596
rosenbrock,1.0,2,cholesky,5,gumbel_softmax,8192,0.02,1000,1,rosenbrock,817,0.0064051151275634766,-1.1063332557678223,1.013232707977295,0.6645785763045278,0.12656119465827942,0.01677403599023819,0.10453862696886063,0.0693400576710701
rosenbrock,1.0,2,cholesky,5,gumbel_softmax,8192,0.02,1000,1,rosenbrock,818,0.0064241886138916016,-1.1293208599090576,1.0145891904830933,0.6642462870163756,0.19823530316352844,0.014030858874320984,0.1489623785018921,0.13004069030284882
rosenbrock,1.0,2,cholesky,5,gumbel_softmax,8192,0.02,1000,1,rosenbrock,819,0.0064928531646728516,-1.1336698532104492,1.1076463460922241,0.6639141638728674,0.26053386926651,0.09680353850126266,0.20247329771518707,0.13233114778995514
rosenbrock,1.0,2,cholesky,5,gumbel_softmax,8192,0.02,1000,1,rosenbrock,820,0.006337881088256836,-1.1044660806655884,0.9621594548225403,0.6635822067909309,0.17384319007396698,0.05408885329961777,0.12930382788181305,0.10284145921468735
rosenbrock,1.0,2,cholesky,5,gumbel_softmax,8192,0.02,1000,1,rosenbrock,821,0.00666499137878418,-1.1323823928833008,1.0258198976516724,0.6632504156875355,0.19584538042545319,0.026489583775401115,0.17870990931987762,0.07560743391513824
rosenbrock,1.0,2,cholesky,5,gumbel_softmax,8192,0.02,1000,1,rosenbrock,822,0.006547212600708008,-1.1146643161773682,0.9778982400894165,0.6629187904796918,0.1893547624349594,0.08596140891313553,0.15139299631118774,0.07447164505720139
rosenbrock,1.0,2,cholesky,5,gumbel_softmax,8192,0.02,1000,1,rosenbrock,823,0.006493091583251953,-1.1186814308166504,1.02938973903656,0.662587331084452,0.3125368654727936,0.07677476108074188,0.24171176552772522,0.18264813721179962
rosenbrock,1.0,2,cholesky,5,gumbel_softmax,8192,0.02,1000,1,rosenbrock,824,0.006497859954833984,-1.136181354522705,1.2050960063934326,0.6622560374189098,0.24345771968364716,0.13807159662246704,0.053216155618429184,0.19332857429981232
rosenbrock,1.0,2,cholesky,5,gumbel_softmax,8192,0.02,1000,1,rosenbrock,825,0.006498098373413086,-1.104797601699829,0.9656306505203247,0.6619249094002004,0.2552478015422821,0.04086403176188469,0.12530674040317535,0.21858587861061096
rosenbrock,1.0,2,cholesky,5,gumbel_softmax,8192,0.02,1000,1,rosenbrock,826,0.006466865539550781,-1.119363784790039,0.9990811944007874,0.6615939469455003,0.18275026977062225,0.04883379489183426,0.15641559660434723,0.08091404289007187
rosenbrock,1.0,2,cholesky,5,gumbel_softmax,8192,0.02,1000,1,rosenbrock,827,0.006491184234619141,-1.1083210706710815,1.0821282863616943,0.6612631499720276,0.24590346217155457,0.04939291998744011,0.18423029780387878,0.15520328283309937
rosenbrock,1.0,2,cholesky,5,gumbel_softmax,8192,0.02,1000,1,rosenbrock,828,0.006467103958129883,-1.1226760149002075,1.023136019706726,0.6609325183970417,0.11385570466518402,0.014921869151294231,0.04704740270972252,0.10260117053985596
rosenbrock,1.0,2,cholesky,5,gumbel_softmax,8192,0.02,1000,1,rosenbrock,829,0.006442070007324219,-1.124917984008789,0.9736083745956421,0.6606020521378432,0.25276950001716614,0.05877785384654999,0.14797833561897278,0.19631603360176086
rosenbrock,1.0,2,cholesky,5,gumbel_softmax,8192,0.02,1000,1,rosenbrock,830,0.006432056427001953,-1.1044107675552368,0.9997144937515259,0.6602717511117743,0.2103848159313202,0.029068050906062126,0.19794300198554993,0.06507983803749084
rosenbrock,1.0,2,cholesky,5,gumbel_softmax,8192,0.02,1000,1,rosenbrock,831,0.0064067840576171875,-1.1206881999969482,1.013900637626648,0.6599416152362184,0.21434608101844788,0.14217793941497803,0.03885331749916077,0.15562807023525238
rosenbrock,1.0,2,cholesky,5,gumbel_softmax,8192,0.02,1000,1,rosenbrock,832,0.006430864334106445,-1.1013381481170654,0.9898081421852112,0.6596116444286003,0.3407093584537506,0.17002403736114502,0.26511555910110474,0.12995551526546478
rosenbrock,1.0,2,cholesky,5,gumbel_softmax,8192,0.02,1000,1,rosenbrock,833,0.00644993782043457,-1.110434889793396,1.0059545040130615,0.6592818386063861,0.3079521656036377,0.18405760824680328,0.18762050569057465,0.1604863703250885
rosenbrock,1.0,2,cholesky,5,gumbel_softmax,8192,0.02,1000,1,rosenbrock,834,0.0064699649810791016,-1.115942120552063,1.190521478652954,0.6589521976870829,0.30932706594467163,0.021030055359005928,0.2533450424671173,0.17623072862625122
rosenbrock,1.0,2,cholesky,5,gumbel_softmax,8192,0.02,1000,1,rosenbrock,835,0.00646209716796875,-1.1114147901535034,1.1013891696929932,0.6586227215882394,0.17855101823806763,0.08513357490301132,0.08369983732700348,0.13276700675487518
rosenbrock,1.0,2,cholesky,5,gumbel_softmax,8192,0.02,1000,1,rosenbrock,836,0.0064733028411865234,-1.1118743419647217,1.0415109395980835,0.6582934102274454,0.190323606133461,0.09722381830215454,0.029018105939030647,0.16102345287799835
rosenbrock,1.0,2,cholesky,5,gumbel_softmax,8192,0.02,1000,1,rosenbrock,837,0.006463289260864258,-1.1149494647979736,0.9681757688522339,0.6579642635223316,0.20636418461799622,0.0522843599319458,0.19338460266590118,0.049547046422958374
rosenbrock,1.0,2,cholesky,5,gumbel_softmax,8192,0.02,1000,1,rosenbrock,838,0.006446123123168945,-1.1074950695037842,0.9719855785369873,0.6576352813905705,0.17572185397148132,0.10959018766880035,0.1069057285785675,0.08625151962041855
rosenbrock,1.0,2,cholesky,5,gumbel_softmax,8192,0.02,1000,1,rosenbrock,839,0.006508827209472656,-1.13680899143219,1.079963207244873,0.6573064637498752,0.2348455935716629,0.09379639476537704,0.1810273379087448,0.11654951423406601
rosenbrock,1.0,2,cholesky,5,gumbel_softmax,8192,0.02,1000,1,rosenbrock,840,0.006556987762451172,-1.115526795387268,0.995985209941864,0.6569778105180004,0.20590052008628845,0.15295490622520447,0.12787476181983948,0.05145742744207382
rosenbrock,1.0,2,cholesky,5,gumbel_softmax,8192,0.02,1000,1,rosenbrock,841,0.0064618587493896484,-1.1189264059066772,1.0120011568069458,0.6566493216127414,0.24509026110172272,0.03751782327890396,0.16285377740859985,0.17927712202072144
rosenbrock,1.0,2,cholesky,5,gumbel_softmax,8192,0.02,1000,1,rosenbrock,842,0.0063991546630859375,-1.1066642999649048,0.9913350939750671,0.6563209969519351,0.09756158292293549,0.028146224096417427,0.05935698375105858,0.07213045656681061
rosenbrock,1.0,2,cholesky,5,gumbel_softmax,8192,0.02,1000,1,rosenbrock,843,0.00638890266418457,-1.1050868034362793,0.9976930022239685,0.6559928364534592,0.12566536664962769,0.04934771731495857,0.10568089783191681,0.04677748307585716
rosenbrock,1.0,2,cholesky,5,gumbel_softmax,8192,0.02,1000,1,rosenbrock,844,0.006370067596435547,-1.0965701341629028,1.1021238565444946,0.6556648400352325,0.166362464427948,0.055896125733852386,0.13808673620224,0.074055016040802
rosenbrock,1.0,2,cholesky,5,gumbel_softmax,8192,0.02,1000,1,rosenbrock,845,0.0063741207122802734,-1.1167020797729492,1.0223602056503296,0.6553370076152149,0.3239479660987854,0.08927246183156967,0.254001259803772,0.1801556944847107
rosenbrock,1.0,2,cholesky,5,gumbel_softmax,8192,0.02,1000,1,rosenbrock,846,0.006354093551635742,-1.112006425857544,1.1343231201171875,0.6550093391114074,0.21867702901363373,0.08861752599477768,0.1255873441696167,0.15554547309875488
rosenbrock,1.0,2,cholesky,5,gumbel_softmax,8192,0.02,1000,1,rosenbrock,847,0.006395816802978516,-1.1095644235610962,1.0074474811553955,0.6546818344418517,0.2603267431259155,0.1183231845498085,0.15462589263916016,0.17280182242393494
rosenbrock,1.0,2,cholesky,5,gumbel_softmax,8192,0.02,1000,1,rosenbrock,848,0.006356954574584961,-1.1129263639450073,0.9778068661689758,0.6543544935246307,0.15976935625076294,0.030411502346396446,0.0886695459485054,0.12937967479228973
rosenbrock,1.0,2,cholesky,5,gumbel_softmax,8192,0.02,1000,1,rosenbrock,849,0.006352901458740234,-1.1221929788589478,0.9933924674987793,0.6540273162778685,0.1524350345134735,0.0957692340016365,0.04873770475387573,0.10811720043420792
rosenbrock,1.0,2,cholesky,5,gumbel_softmax,8192,0.02,1000,1,rosenbrock,850,0.006376981735229492,-1.1059597730636597,0.9505147337913513,0.6537003026197296,0.20867900550365448,0.047580037266016006,0.16959354281425476,0.11189772933721542
rosenbrock,1.0,2,cholesky,5,gumbel_softmax,8192,0.02,1000,1,rosenbrock,851,0.006381034851074219,-1.1191272735595703,1.0431122779846191,0.6533734524684197,0.37193652987480164,0.13767211139202118,0.3046088218688965,0.1630847305059433
rosenbrock,1.0,2,cholesky,5,gumbel_softmax,8192,0.02,1000,1,rosenbrock,852,0.006367921829223633,-1.0965439081192017,1.0437649488449097,0.6530467657421856,0.3267005681991577,0.08029791712760925,0.255238801240921,0.18745309114456177
rosenbrock,1.0,2,cholesky,5,gumbel_softmax,8192,0.02,1000,1,rosenbrock,853,0.006352901458740234,-1.1101737022399902,0.9822041988372803,0.6527202423593145,0.15446580946445465,0.09174255281686783,0.05959579348564148,0.10904737561941147
rosenbrock,1.0,2,cholesky,5,gumbel_softmax,8192,0.02,1000,1,rosenbrock,854,0.0063610076904296875,-1.124552845954895,1.1744933128356934,0.6523938822381349,0.25033384561538696,0.09067070484161377,0.11924417316913605,0.200565904378891
rosenbrock,1.0,2,cholesky,5,gumbel_softmax,8192,0.02,1000,1,rosenbrock,855,0.0063669681549072266,-1.1223058700561523,1.039164662361145,0.6520676852970159,0.1921505331993103,0.07544311881065369,0.14912885427474976,0.094819575548172
rosenbrock,1.0,2,cholesky,5,gumbel_softmax,8192,0.02,1000,1,rosenbrock,856,0.006354093551635742,-1.1432863473892212,1.1013470888137817,0.6517416514543674,0.283598929643631,0.058058708906173706,0.2304210662841797,0.15480203926563263
rosenbrock,1.0,2,cholesky,5,gumbel_softmax,8192,0.02,1000,1,rosenbrock,857,0.006345987319946289,-1.1228665113449097,1.052937626838684,0.6514157806286403,0.2798267602920532,0.15184342861175537,0.06792575120925903,0.2250169962644577
rosenbrock,1.0,2,cholesky,5,gumbel_softmax,8192,0.02,1000,1,rosenbrock,858,0.00634002685546875,-1.097339391708374,1.0149825811386108,0.651090072738326,0.10822473466396332,0.06456457823514938,0.07200156152248383,0.04857758805155754
rosenbrock,1.0,2,cholesky,5,gumbel_softmax,8192,0.02,1000,1,rosenbrock,859,0.006328105926513672,-1.1094647645950317,1.0103507041931152,0.6507645277019568,0.11338036507368088,0.07772143185138702,0.044191230088472366,0.06972531974315643
rosenbrock,1.0,2,cholesky,5,gumbel_softmax,8192,0.02,1000,1,rosenbrock,860,0.006337642669677734,-1.1171129941940308,1.0251699686050415,0.6504391454381059,0.36369892954826355,0.11922827363014221,0.3263501822948456,0.107503741979599
rosenbrock,1.0,2,cholesky,5,gumbel_softmax,8192,0.02,1000,1,rosenbrock,861,0.006321907043457031,-1.115430235862732,1.015593409538269,0.6501139258653869,0.17590880393981934,0.041743163019418716,0.057240720838308334,0.16101215779781342
rosenbrock,1.0,2,cholesky,5,gumbel_softmax,8192,0.02,1000,1,rosenbrock,862,0.006337881088256836,-1.103753685951233,0.9587569832801819,0.6497888689024542,0.22116360068321228,0.041576702147722244,0.17609021067619324,0.12718863785266876
rosenbrock,1.0,2,cholesky,5,gumbel_softmax,8192,0.02,1000,1,rosenbrock,863,0.006345987319946289,-1.146695852279663,1.182723045349121,0.649463974468003,0.21290545165538788,0.0989486500620842,0.09591281414031982,0.16229180991649628
rosenbrock,1.0,2,cholesky,5,gumbel_softmax,8192,0.02,1000,1,rosenbrock,864,0.006342172622680664,-1.1144386529922485,0.9635239243507385,0.649139242480769,0.342558354139328,0.03400299325585365,0.27442383766174316,0.20219188928604126
rosenbrock,1.0,2,cholesky,5,gumbel_softmax,8192,0.02,1000,1,rosenbrock,865,0.006348848342895508,-1.1251096725463867,1.1704394817352295,0.6488146728595287,0.1396418660879135,0.03781061992049217,0.09028545767068863,0.0995929017663002
rosenbrock,1.0,2,cholesky,5,gumbel_softmax,8192,0.02,1000,1,rosenbrock,866,0.0068511962890625,-1.1131854057312012,1.0023629665374756,0.648490265523099,0.2525516748428345,0.09058666974306107,0.09567636251449585,0.21545866131782532
rosenbrock,1.0,2,cholesky,5,gumbel_softmax,8192,0.02,1000,1,rosenbrock,867,0.006443023681640625,-1.1146984100341797,0.9802714586257935,0.6481660203903374,0.20230084657669067,0.08587805181741714,0.15776875615119934,0.0930570438504219
rosenbrock,1.0,2,cholesky,5,gumbel_softmax,8192,0.02,1000,1,rosenbrock,868,0.006836891174316406,-1.1183689832687378,1.0270146131515503,0.6478419373801423,0.14786364138126373,0.07921233773231506,0.06881718337535858,0.10417896509170532
rosenbrock,1.0,2,cholesky,5,gumbel_softmax,8192,0.02,1000,1,rosenbrock,869,0.006431102752685547,-1.1328412294387817,1.10529625415802,0.6475180164114523,0.33591485023498535,0.1016429215669632,0.28458350896835327,0.14669600129127502
rosenbrock,1.0,2,cholesky,5,gumbel_softmax,8192,0.02,1000,1,rosenbrock,870,0.006454944610595703,-1.1177129745483398,1.0119785070419312,0.6471942574032467,0.33816245198249817,0.1860501915216446,0.18877890706062317,0.2100040763616562
rosenbrock,1.0,2,cholesky,5,gumbel_softmax,8192,0.02,1000,1,rosenbrock,871,0.0066831111907958984,-1.1184430122375488,1.103186845779419,0.646870660274545,0.2502506375312805,0.1735021471977234,0.08351649343967438,0.15983545780181885
rosenbrock,1.0,2,cholesky,5,gumbel_softmax,8192,0.02,1000,1,rosenbrock,872,0.0063550472259521484,-1.124511480331421,0.9947182536125183,0.6465472249444078,0.430074542760849,0.20686377584934235,0.29226377606391907,0.2382296621799469
rosenbrock,1.0,2,cholesky,5,gumbel_softmax,8192,0.02,1000,1,rosenbrock,873,0.0068569183349609375,-1.1304000616073608,1.1072603464126587,0.6462239513319356,0.09235133230686188,0.03955907002091408,0.05566473677754402,0.062171414494514465
rosenbrock,1.0,2,cholesky,5,gumbel_softmax,8192,0.02,1000,1,rosenbrock,874,0.006742954254150391,-1.1267613172531128,0.9690799117088318,0.6459008393562696,0.14600789546966553,0.025910718366503716,0.11370646953582764,0.0878508910536766
rosenbrock,1.0,2,cholesky,5,gumbel_softmax,8192,0.02,1000,1,rosenbrock,875,0.006526947021484375,-1.1368889808654785,1.0936806201934814,0.6455778889365916,0.1940871626138687,0.042982179671525955,0.1553238332271576,0.10815207660198212
rosenbrock,1.0,2,cholesky,5,gumbel_softmax,8192,0.02,1000,1,rosenbrock,876,0.006477832794189453,-1.1191978454589844,0.9674379229545593,0.6452550999921233,0.33436119556427,0.03658667206764221,0.2752029299736023,0.18633881211280823
rosenbrock,1.0,2,cholesky,5,gumbel_softmax,8192,0.02,1000,1,rosenbrock,877,0.006499052047729492,-1.1010901927947998,0.9697386622428894,0.6449324724421273,0.2530008852481842,0.16183532774448395,0.16667793691158295,0.10018602758646011
rosenbrock,1.0,2,cholesky,5,gumbel_softmax,8192,0.02,1000,1,rosenbrock,878,0.006536006927490234,-1.0948498249053955,0.9672340154647827,0.6446100062059062,0.14884121716022491,0.02281448245048523,0.06428695470094681,0.1322890669107437
rosenbrock,1.0,2,cholesky,5,gumbel_softmax,8192,0.02,1000,1,rosenbrock,879,0.006448984146118164,-1.1235095262527466,1.0165237188339233,0.6442877012028033,0.23021215200424194,0.12121876329183578,0.08869002759456635,0.1744641214609146
rosenbrock,1.0,2,cholesky,5,gumbel_softmax,8192,0.02,1000,1,rosenbrock,880,0.0064258575439453125,-1.1146897077560425,1.066001057624817,0.643965557352202,0.27894625067710876,0.17133770883083344,0.08923104405403137,0.20122678577899933
rosenbrock,1.0,2,cholesky,5,gumbel_softmax,8192,0.02,1000,1,rosenbrock,881,0.0064580440521240234,-1.129533052444458,0.9736334085464478,0.643643574573526,0.3366986811161041,0.05045820772647858,0.19610701501369476,0.269001841545105
rosenbrock,1.0,2,cholesky,5,gumbel_softmax,8192,0.02,1000,1,rosenbrock,882,0.0064640045166015625,-1.1333750486373901,0.9709237217903137,0.6433217527862392,0.42156603932380676,0.030436139553785324,0.3584602475166321,0.21976758539676666
rosenbrock,1.0,2,cholesky,5,gumbel_softmax,8192,0.02,1000,1,rosenbrock,883,0.0064470767974853516,-1.1103918552398682,0.9932414293289185,0.6430000919098461,0.13031060993671417,0.02934533730149269,0.11578582972288132,0.05208980664610863
rosenbrock,1.0,2,cholesky,5,gumbel_softmax,8192,0.02,1000,1,rosenbrock,884,0.006474018096923828,-1.1139750480651855,0.9749088287353516,0.6426785918638912,0.16640391945838928,0.054237719625234604,0.13070541620254517,0.08754786103963852
rosenbrock,1.0,2,cholesky,5,gumbel_softmax,8192,0.02,1000,1,rosenbrock,885,0.006428956985473633,-1.100258231163025,1.0082255601882935,0.6423572525679593,0.18862836062908173,0.030948897823691368,0.17441554367542267,0.06482317298650742
rosenbrock,1.0,2,cholesky,5,gumbel_softmax,8192,0.02,1000,1,rosenbrock,886,0.006414175033569336,-1.1151450872421265,1.1284600496292114,0.6420360739416754,0.24062460660934448,0.05590735003352165,0.1732286512851715,0.15737345814704895
rosenbrock,1.0,2,cholesky,5,gumbel_softmax,8192,0.02,1000,1,rosenbrock,887,0.00642704963684082,-1.1295692920684814,0.9978190064430237,0.6417150559047046,0.19832900166511536,0.004988011438399553,0.11154157668352127,0.16391459107398987
rosenbrock,1.0,2,cholesky,5,gumbel_softmax,8192,0.02,1000,1,rosenbrock,888,0.006443977355957031,-1.1266769170761108,1.0580765008926392,0.6413941983767523,0.28405827283859253,0.020894670858979225,0.18288710713386536,0.21634425222873688
rosenbrock,1.0,2,cholesky,5,gumbel_softmax,8192,0.02,1000,1,rosenbrock,889,0.006460905075073242,-1.1183195114135742,0.982155442237854,0.6410735012775639,0.1341489851474762,0.022858545184135437,0.108125701546669,0.07604122161865234
rosenbrock,1.0,2,cholesky,5,gumbel_softmax,8192,0.02,1000,1,rosenbrock,890,0.0063018798828125,-1.1188905239105225,1.0108948945999146,0.6407529645269252,0.20342330634593964,0.04489130899310112,0.1364022195339203,0.1440841555595398
rosenbrock,1.0,2,cholesky,5,gumbel_softmax,8192,0.02,1000,1,rosenbrock,891,0.0067288875579833984,-1.1092249155044556,1.0275249481201172,0.6404325880446617,0.38796329498291016,0.09803081303834915,0.3172076940536499,0.20071057975292206
rosenbrock,1.0,2,cholesky,5,gumbel_softmax,8192,0.02,1000,1,rosenbrock,892,0.006428241729736328,-1.1363441944122314,1.008863925933838,0.6401123717506394,0.22065864503383636,0.13968002796173096,0.1018313392996788,0.13714993000030518
rosenbrock,1.0,2,cholesky,5,gumbel_softmax,8192,0.02,1000,1,rosenbrock,893,0.006474971771240234,-1.1178067922592163,1.1765378713607788,0.6397923155647641,0.24228765070438385,0.06346556544303894,0.20444758236408234,0.11347517371177673
rosenbrock,1.0,2,cholesky,5,gumbel_softmax,8192,0.02,1000,1,rosenbrock,894,0.0063800811767578125,-1.1097369194030762,1.0520215034484863,0.6394724194069819,0.1540294587612152,0.03692369535565376,0.12953761219978333,0.0747108981013298
rosenbrock,1.0,2,cholesky,5,gumbel_softmax,8192,0.02,1000,1,rosenbrock,895,0.0063898563385009766,-1.1214498281478882,1.0723410844802856,0.6391526831972784,0.1878301203250885,0.0490875318646431,0.12776705622673035,0.1286318600177765
rosenbrock,1.0,2,cholesky,5,gumbel_softmax,8192,0.02,1000,1,rosenbrock,896,0.006415843963623047,-1.1130318641662598,0.953696072101593,0.6388331068556797,0.22179092466831207,0.06951794028282166,0.16554372012615204,0.13020655512809753
rosenbrock,1.0,2,cholesky,5,gumbel_softmax,8192,0.02,1000,1,rosenbrock,897,0.006464958190917969,-1.1191340684890747,1.005905270576477,0.6385136903022519,0.1528102159500122,0.019978739321231842,0.06551764160394669,0.1365988701581955
rosenbrock,1.0,2,cholesky,5,gumbel_softmax,8192,0.02,1000,1,rosenbrock,898,0.006443977355957031,-1.114261269569397,0.9909986853599548,0.6381944334571008,0.21751871705055237,0.10050372034311295,0.11211566627025604,0.156982421875
rosenbrock,1.0,2,cholesky,5,gumbel_softmax,8192,0.02,1000,1,rosenbrock,899,0.0064661502838134766,-1.1162333488464355,0.9982892870903015,0.6378753362403723,0.16336797177791595,0.07492723315954208,0.12185241281986237,0.07891128957271576
rosenbrock,1.0,2,cholesky,5,gumbel_softmax,8192,0.02,1000,1,rosenbrock,900,0.006400108337402344,-1.1226553916931152,1.0031403303146362,0.6375563985722522,0.36316823959350586,0.083897665143013,0.26594939827919006,0.23264406621456146
rosenbrock,1.0,2,cholesky,5,gumbel_softmax,8192,0.02,1000,1,rosenbrock,901,0.006454944610595703,-1.1175956726074219,1.0937507152557373,0.637237620372966,0.3505387008190155,0.20297646522521973,0.24491995573043823,0.14728255569934845
rosenbrock,1.0,2,cholesky,5,gumbel_softmax,8192,0.02,1000,1,rosenbrock,902,0.006379842758178711,-1.1268534660339355,1.03969144821167,0.6369190015627796,0.29428061842918396,0.07715842872858047,0.27933332324028015,0.05119141936302185
rosenbrock,1.0,2,cholesky,5,gumbel_softmax,8192,0.02,1000,1,rosenbrock,903,0.0064089298248291016,-1.1289150714874268,0.9907549619674683,0.6366005420619982,0.21513789892196655,0.045844387263059616,0.13066518306732178,0.16464875638484955
rosenbrock,1.0,2,cholesky,5,gumbel_softmax,8192,0.02,1000,1,rosenbrock,904,0.006421804428100586,-1.1261495351791382,0.9664261341094971,0.6362822417909674,0.10187499225139618,0.04594513028860092,0.06685622781515121,0.061626315116882324
rosenbrock,1.0,2,cholesky,5,gumbel_softmax,8192,0.02,1000,1,rosenbrock,905,0.006440162658691406,-1.1357172727584839,1.035548210144043,0.6359641006700719,0.22818203270435333,0.019066965207457542,0.05163753032684326,0.22144311666488647
rosenbrock,1.0,2,cholesky,5,gumbel_softmax,8192,0.02,1000,1,rosenbrock,906,0.006362199783325195,-1.1391955614089966,1.0472118854522705,0.6356461186197369,0.28928694128990173,0.0771915391087532,0.19672952592372894,0.19754977524280548
rosenbrock,1.0,2,cholesky,5,gumbel_softmax,8192,0.02,1000,1,rosenbrock,907,0.006384134292602539,-1.1178184747695923,1.0129443407058716,0.635328295560427,0.08724910765886307,0.008999748155474663,0.02514755353331566,0.08306028693914413
rosenbrock,1.0,2,cholesky,5,gumbel_softmax,8192,0.02,1000,1,rosenbrock,908,0.0063779354095458984,-1.1129779815673828,0.9418308138847351,0.6350106314126469,0.1871960163116455,0.028886578977108,0.15701429545879364,0.09774675220251083
rosenbrock,1.0,2,cholesky,5,gumbel_softmax,8192,0.02,1000,1,rosenbrock,909,0.0063822269439697266,-1.1178662776947021,0.9966179132461548,0.6346931260969406,0.21336719393730164,0.07776495814323425,0.17892242968082428,0.0863998606801033
rosenbrock,1.0,2,cholesky,5,gumbel_softmax,8192,0.02,1000,1,rosenbrock,910,0.006383180618286133,-1.1285024881362915,1.0247983932495117,0.6343757795338921,0.2920147180557251,0.07355595380067825,0.19269061088562012,0.20671825110912323
rosenbrock,1.0,2,cholesky,5,gumbel_softmax,8192,0.02,1000,1,rosenbrock,911,0.006411075592041016,-1.1150844097137451,0.9928678274154663,0.6340585916441253,0.09676449745893478,0.030553875491023064,0.023854507133364677,0.08866110444068909
rosenbrock,1.0,2,cholesky,5,gumbel_softmax,8192,0.02,1000,1,rosenbrock,912,0.006335258483886719,-1.1002538204193115,0.9940860271453857,0.6337415623483031,0.15865106880664825,0.02900693565607071,0.06782523542642593,0.14045816659927368
rosenbrock,1.0,2,cholesky,5,gumbel_softmax,8192,0.02,1000,1,rosenbrock,913,0.006376981735229492,-1.1278760433197021,1.1183104515075684,0.6334246915671291,0.3544616103172302,0.08488263934850693,0.15924327075481415,0.30508938431739807
rosenbrock,1.0,2,cholesky,5,gumbel_softmax,8192,0.02,1000,1,rosenbrock,914,0.0063669681549072266,-1.1185826063156128,0.998431921005249,0.6331079792213455,0.3362967371940613,0.06705379486083984,0.21621811389923096,0.24869458377361298
rosenbrock,1.0,2,cholesky,5,gumbel_softmax,8192,0.02,1000,1,rosenbrock,915,0.006376981735229492,-1.1069976091384888,0.9772295355796814,0.6327914252317349,0.20276638865470886,0.021766429767012596,0.13629698753356934,0.14853808283805847
rosenbrock,1.0,2,cholesky,5,gumbel_softmax,8192,0.02,1000,1,rosenbrock,916,0.006439924240112305,-1.115196704864502,0.9756203889846802,0.632475029519119,0.38050684332847595,0.08698459714651108,0.3607564866542816,0.08410638570785522
rosenbrock,1.0,2,cholesky,5,gumbel_softmax,8192,0.02,1000,1,rosenbrock,917,0.006363868713378906,-1.1111350059509277,1.0927375555038452,0.6321587920043595,0.28064876794815063,0.06710818409919739,0.1266053467988968,0.24131162464618683
rosenbrock,1.0,2,cholesky,5,gumbel_softmax,8192,0.02,1000,1,rosenbrock,918,0.0064470767974853516,-1.1206800937652588,1.1286965608596802,0.6318427126083574,0.13618026673793793,0.06879628449678421,0.10345892608165741,0.05575290322303772
rosenbrock,1.0,2,cholesky,5,gumbel_softmax,8192,0.02,1000,1,rosenbrock,919,0.006415843963623047,-1.10950767993927,0.9782981872558594,0.6315267912520532,0.1363217532634735,0.04357325658202171,0.06235577166080475,0.11312272399663925
rosenbrock,1.0,2,cholesky,5,gumbel_softmax,8192,0.02,1000,1,rosenbrock,920,0.006387948989868164,-1.1294195652008057,0.956138014793396,0.6312110278564272,0.37245145440101624,0.13739082217216492,0.324459433555603,0.1207059994339943
rosenbrock,1.0,2,cholesky,5,gumbel_softmax,8192,0.02,1000,1,rosenbrock,921,0.00635218620300293,-1.1196964979171753,1.021315574645996,0.6308954223424991,0.25631028413772583,0.16584016382694244,0.1575680375099182,0.11560409516096115
rosenbrock,1.0,2,cholesky,5,gumbel_softmax,8192,0.02,1000,1,rosenbrock,922,0.0063762664794921875,-1.1186244487762451,0.9563582539558411,0.6305799746313279,0.21789072453975677,0.018025044351816177,0.1951618641614914,0.09520143270492554
rosenbrock,1.0,2,cholesky,5,gumbel_softmax,8192,0.02,1000,1,rosenbrock,923,0.006368160247802734,-1.1538233757019043,1.25770103931427,0.6302646846440122,0.3032744824886322,0.036970704793930054,0.20860634744167328,0.2170068472623825
rosenbrock,1.0,2,cholesky,5,gumbel_softmax,8192,0.02,1000,1,rosenbrock,924,0.0063669681549072266,-1.1175884008407593,1.0263864994049072,0.6299495523016903,0.28456875681877136,0.023322496563196182,0.2667756676673889,0.0962609276175499
rosenbrock,1.0,2,cholesky,5,gumbel_softmax,8192,0.02,1000,1,rosenbrock,925,0.006384849548339844,-1.10554838180542,1.0293307304382324,0.6296345775255394,0.18798546493053436,0.037313345819711685,0.16526426374912262,0.0814492329955101
rosenbrock,1.0,2,cholesky,5,gumbel_softmax,8192,0.02,1000,1,rosenbrock,926,0.006367921829223633,-1.1258435249328613,1.0299453735351562,0.6293197602367767,0.18292392790317535,0.09097441285848618,0.1333514153957367,0.08603615313768387
rosenbrock,1.0,2,cholesky,5,gumbel_softmax,8192,0.02,1000,1,rosenbrock,927,0.0063550472259521484,-1.1034468412399292,0.9876676797866821,0.6290051003566584,0.23963598906993866,0.1809556484222412,0.1299898475408554,0.08822190761566162
rosenbrock,1.0,2,cholesky,5,gumbel_softmax,8192,0.02,1000,1,rosenbrock,928,0.006360054016113281,-1.1169590950012207,0.9847279787063599,0.6286905978064801,0.3228633403778076,0.14354896545410156,0.2588866055011749,0.12888813018798828
rosenbrock,1.0,2,cholesky,5,gumbel_softmax,8192,0.02,1000,1,rosenbrock,929,0.0064182281494140625,-1.107259750366211,0.9796872138977051,0.6283762525075769,0.3571375608444214,0.20854495465755463,0.23747386038303375,0.16632014513015747
rosenbrock,1.0,2,cholesky,5,gumbel_softmax,8192,0.02,1000,1,rosenbrock,930,0.006468772888183594,-1.1101032495498657,0.9980294108390808,0.6280620643813232,0.2749099135398865,0.10817152261734009,0.24465005099773407,0.06340920925140381
rosenbrock,1.0,2,cholesky,5,gumbel_softmax,8192,0.02,1000,1,rosenbrock,931,0.0064198970794677734,-1.1040191650390625,0.9749988317489624,0.6277480333491325,0.2753240168094635,0.19652894139289856,0.1882321536540985,0.04181317985057831
rosenbrock,1.0,2,cholesky,5,gumbel_softmax,8192,0.02,1000,1,rosenbrock,932,0.006354093551635742,-1.1068156957626343,0.9676530361175537,0.6274341593324579,0.3645252585411072,0.1317015290260315,0.3174779713153839,0.12141293287277222
rosenbrock,1.0,2,cholesky,5,gumbel_softmax,8192,0.02,1000,1,rosenbrock,933,0.006392002105712891,-1.1253595352172852,1.0101252794265747,0.6271204422527917,0.322744756937027,0.056740954518318176,0.29086852073669434,0.12782861292362213
rosenbrock,1.0,2,cholesky,5,gumbel_softmax,8192,0.02,1000,1,rosenbrock,934,0.006360054016113281,-1.1015288829803467,1.0462234020233154,0.6268068820316655,0.16033314168453217,0.061908282339572906,0.07558411359786987,0.12712641060352325
rosenbrock,1.0,2,cholesky,5,gumbel_softmax,8192,0.02,1000,1,rosenbrock,935,0.006434202194213867,-1.120645523071289,1.0308284759521484,0.6264934785906496,0.11142522841691971,0.08376983553171158,0.051568467170000076,0.05233439803123474
rosenbrock,1.0,2,cholesky,5,gumbel_softmax,8192,0.02,1000,1,rosenbrock,936,0.006352901458740234,-1.1136668920516968,1.0842632055282593,0.6261802318513543,0.1511562168598175,0.08848384022712708,0.06472858786582947,0.10406257212162018
rosenbrock,1.0,2,cholesky,5,gumbel_softmax,8192,0.02,1000,1,rosenbrock,937,0.006343841552734375,-1.119293451309204,1.011027216911316,0.6258671417354287,0.1318693906068802,0.08934442698955536,0.03674802929162979,0.08975910395383835
rosenbrock,1.0,2,cholesky,5,gumbel_softmax,8192,0.02,1000,1,rosenbrock,938,0.006330013275146484,-1.1216362714767456,1.0249333381652832,0.625554208164561,0.5586877465248108,0.2092597931623459,0.41876548528671265,0.3049227297306061
rosenbrock,1.0,2,cholesky,5,gumbel_softmax,8192,0.02,1000,1,rosenbrock,939,0.006330013275146484,-1.1277161836624146,0.992847740650177,0.6252414310604788,0.21657708287239075,0.010974735952913761,0.1675286591053009,0.13681861758232117
rosenbrock,1.0,2,cholesky,5,gumbel_softmax,8192,0.02,1000,1,rosenbrock,940,0.006403207778930664,-1.1220585107803345,1.00150465965271,0.6249288103449485,0.2728072702884674,0.05208791047334671,0.22567878663539886,0.14415180683135986
rosenbrock,1.0,2,cholesky,5,gumbel_softmax,8192,0.02,1000,1,rosenbrock,941,0.006348133087158203,-1.1498961448669434,1.0792176723480225,0.6246163459397761,0.2548374533653259,0.09465675801038742,0.15302278101444244,0.18046122789382935
rosenbrock,1.0,2,cholesky,5,gumbel_softmax,8192,0.02,1000,1,rosenbrock,942,0.006273984909057617,-1.1014968156814575,0.9855353832244873,0.6243040377668062,0.2604619562625885,0.08747594803571701,0.20722965896129608,0.1313173472881317
rosenbrock,1.0,2,cholesky,5,gumbel_softmax,8192,0.02,1000,1,rosenbrock,943,0.0064258575439453125,-1.1396411657333374,0.9790909886360168,0.6239918857479229,0.32968640327453613,0.06907283514738083,0.2797342538833618,0.16022111475467682
rosenbrock,1.0,2,cholesky,5,gumbel_softmax,8192,0.02,1000,1,rosenbrock,944,0.006596088409423828,-1.1170458793640137,1.0897414684295654,0.623679889805049,0.18332238495349884,0.08948293328285217,0.07332964986562729,0.14220643043518066
rosenbrock,1.0,2,cholesky,5,gumbel_softmax,8192,0.02,1000,1,rosenbrock,945,0.006571054458618164,-1.109221339225769,1.0599558353424072,0.6233680498601465,0.2656555771827698,0.017742935568094254,0.22211545705795288,0.14464712142944336
rosenbrock,1.0,2,cholesky,5,gumbel_softmax,8192,0.02,1000,1,rosenbrock,946,0.006453990936279297,-1.1273919343948364,1.0155996084213257,0.6230563658352164,0.35812389850616455,0.13676628470420837,0.27157294750213623,0.18919791281223297
rosenbrock,1.0,2,cholesky,5,gumbel_softmax,8192,0.02,1000,1,rosenbrock,947,0.006328105926513672,-1.1138617992401123,1.0062925815582275,0.6227448376522988,0.3992525339126587,0.17291012406349182,0.21123269200325012,0.2913510203361511
rosenbrock,1.0,2,cholesky,5,gumbel_softmax,8192,0.02,1000,1,rosenbrock,948,0.006346940994262695,-1.1165435314178467,1.071875810623169,0.6224334652334728,0.285323828458786,0.05678876116871834,0.2519780695438385,0.12120962888002396
rosenbrock,1.0,2,cholesky,5,gumbel_softmax,8192,0.02,1000,1,rosenbrock,949,0.006356000900268555,-1.1127774715423584,1.0268625020980835,0.6221222485008561,0.3250679671764374,0.2547667622566223,0.08875776082277298,0.18134263157844543
rosenbrock,1.0,2,cholesky,5,gumbel_softmax,8192,0.02,1000,1,rosenbrock,950,0.006332874298095703,-1.1226613521575928,1.0099204778671265,0.6218111873766057,0.19584347307682037,0.009441944770514965,0.07087820023298264,0.18232333660125732
rosenbrock,1.0,2,cholesky,5,gumbel_softmax,8192,0.02,1000,1,rosenbrock,951,0.00633692741394043,-1.110108733177185,1.1042624711990356,0.6215002817829174,0.24598601460456848,0.08546070754528046,0.1355409175157547,0.18663932383060455
rosenbrock,1.0,2,cholesky,5,gumbel_softmax,8192,0.02,1000,1,rosenbrock,952,0.006327152252197266,-1.0927910804748535,0.9801366329193115,0.621189531642026,0.1184898242354393,0.016734689474105835,0.08410722762346268,0.0817665159702301
rosenbrock,1.0,2,cholesky,5,gumbel_softmax,8192,0.02,1000,1,rosenbrock,953,0.006302833557128906,-1.115790843963623,0.9767332673072815,0.620878936876205,0.18512891232967377,0.06253128498792648,0.10967134684324265,0.13540586829185486
rosenbrock,1.0,2,cholesky,5,gumbel_softmax,8192,0.02,1000,1,rosenbrock,954,0.006358146667480469,-1.113529920578003,0.9598174691200256,0.6205684974077669,0.308912068605423,0.15542036294937134,0.24121077358722687,0.11440512537956238
rosenbrock,1.0,2,cholesky,5,gumbel_softmax,8192,0.02,1000,1,rosenbrock,955,0.0070269107818603516,-1.1169456243515015,1.0966370105743408,0.620258213159063,0.12540782988071442,0.1037093922495842,0.04831624776124954,0.05135200172662735
rosenbrock,1.0,2,cholesky,5,gumbel_softmax,8192,0.02,1000,1,rosenbrock,956,0.00653529167175293,-1.1146798133850098,0.9500618577003479,0.6199480840524836,0.19625145196914673,0.021360132843255997,0.17283087968826294,0.0904868096113205
rosenbrock,1.0,2,cholesky,5,gumbel_softmax,8192,0.02,1000,1,rosenbrock,957,0.006494998931884766,-1.1313382387161255,1.08261239528656,0.6196381100104573,0.15752588212490082,0.064482681453228,0.06814850866794586,0.1265392005443573
rosenbrock,1.0,2,cholesky,5,gumbel_softmax,8192,0.02,1000,1,rosenbrock,958,0.006447792053222656,-1.1189360618591309,1.0289759635925293,0.6193282909554522,0.12910380959510803,0.022648083046078682,0.0984787791967392,0.08035413175821304
rosenbrock,1.0,2,cholesky,5,gumbel_softmax,8192,0.02,1000,1,rosenbrock,959,0.0064792633056640625,-1.096281886100769,0.9605239033699036,0.6190186268099744,0.5117251873016357,0.07189822196960449,0.4033421576023102,0.3066079318523407
rosenbrock,1.0,2,cholesky,5,gumbel_softmax,8192,0.02,1000,1,rosenbrock,960,0.006485939025878906,-1.1181554794311523,1.1314932107925415,0.6187091174965695,0.24224548041820526,0.18489590287208557,0.06226148083806038,0.14359627664089203
rosenbrock,1.0,2,cholesky,5,gumbel_softmax,8192,0.02,1000,1,rosenbrock,961,0.006433963775634766,-1.11820650100708,1.0232521295547485,0.6183997629378213,0.22042818367481232,0.102480448782444,0.14406245946884155,0.13165238499641418
rosenbrock,1.0,2,cholesky,5,gumbel_softmax,8192,0.02,1000,1,rosenbrock,962,0.006443023681640625,-1.112334132194519,1.0217242240905762,0.6180905630563523,0.17169559001922607,0.022123903036117554,0.026904119178652763,0.168125182390213
rosenbrock,1.0,2,cholesky,5,gumbel_softmax,8192,0.02,1000,1,rosenbrock,963,0.006404876708984375,-1.1367912292480469,1.153853416442871,0.6177815177748243,0.2565556764602661,0.08379042893648148,0.18675920367240906,0.1546640843153
rosenbrock,1.0,2,cholesky,5,gumbel_softmax,8192,0.02,1000,1,rosenbrock,964,0.006396055221557617,-1.111578106880188,0.9779704213142395,0.6174726270159369,0.3123694956302643,0.17208820581436157,0.2506714463233948,0.07158331573009491
rosenbrock,1.0,2,cholesky,5,gumbel_softmax,8192,0.02,1000,1,rosenbrock,965,0.006467103958129883,-1.1010782718658447,0.9767154455184937,0.6171638907024289,0.33707210421562195,0.162740558385849,0.27564626932144165,0.10560418665409088
rosenbrock,1.0,2,cholesky,5,gumbel_softmax,8192,0.02,1000,1,rosenbrock,966,0.006453037261962891,-1.1326942443847656,1.0658446550369263,0.6168553087570777,0.26775434613227844,0.17586562037467957,0.18205465376377106,0.08729135245084763
rosenbrock,1.0,2,cholesky,5,gumbel_softmax,8192,0.02,1000,1,rosenbrock,967,0.006396770477294922,-1.114393949508667,0.9804102778434753,0.6165468811026993,0.30281856656074524,0.17655795812606812,0.23406247794628143,0.07577025890350342
rosenbrock,1.0,2,cholesky,5,gumbel_softmax,8192,0.02,1000,1,rosenbrock,968,0.006371974945068359,-1.114659070968628,0.9749786853790283,0.6162386076621479,0.374605655670166,0.08031756430864334,0.0573742501437664,0.361367791891098
rosenbrock,1.0,2,cholesky,5,gumbel_softmax,8192,0.02,1000,1,rosenbrock,969,0.006339073181152344,-1.0866190195083618,0.9629272222518921,0.6159304883583169,0.26087698340415955,0.06213659793138504,0.17567488551139832,0.182576522231102
rosenbrock,1.0,2,cholesky,5,gumbel_softmax,8192,0.02,1000,1,rosenbrock,970,0.006330013275146484,-1.103417158126831,1.009290099143982,0.6156225231141378,0.24925552308559418,0.04654526710510254,0.1456116884946823,0.19687329232692719
rosenbrock,1.0,2,cholesky,5,gumbel_softmax,8192,0.02,1000,1,rosenbrock,971,0.006390094757080078,-1.0984394550323486,0.9662702679634094,0.6153147118525807,0.13189859688282013,0.00544698815792799,0.039578791707754135,0.1257023811340332
rosenbrock,1.0,2,cholesky,5,gumbel_softmax,8192,0.02,1000,1,rosenbrock,972,0.006455898284912109,-1.1091749668121338,0.9728593230247498,0.6150070544966545,0.1941717565059662,0.01864716038107872,0.1506415605545044,0.12108705937862396
rosenbrock,1.0,2,cholesky,5,gumbel_softmax,8192,0.02,1000,1,rosenbrock,973,0.006406068801879883,-1.0949738025665283,0.9987764358520508,0.6146995509694062,0.13015636801719666,0.08797354996204376,0.07347987592220306,0.06166071072220802
rosenbrock,1.0,2,cholesky,5,gumbel_softmax,8192,0.02,1000,1,rosenbrock,974,0.0064051151275634766,-1.1119786500930786,1.056975245475769,0.6143922011939215,0.2870185673236847,0.07585325092077255,0.07446911931037903,0.266608864068985
rosenbrock,1.0,2,cholesky,5,gumbel_softmax,8192,0.02,1000,1,rosenbrock,975,0.006422996520996094,-1.1072111129760742,0.9790655970573425,0.6140850050933245,0.1970503032207489,0.12905555963516235,0.12151144444942474,0.08607232570648193
rosenbrock,1.0,2,cholesky,5,gumbel_softmax,8192,0.02,1000,1,rosenbrock,976,0.006403207778930664,-1.1062642335891724,0.9627224206924438,0.613777962590778,0.11516823619604111,0.024712277576327324,0.09068036079406738,0.06655896455049515
rosenbrock,1.0,2,cholesky,5,gumbel_softmax,8192,0.02,1000,1,rosenbrock,977,0.0063822269439697266,-1.108750343322754,0.8850486278533936,0.6134710736094826,0.2382766753435135,0.09723696112632751,0.1714451014995575,0.1338929831981659
rosenbrock,1.0,2,cholesky,5,gumbel_softmax,8192,0.02,1000,1,rosenbrock,978,0.006715297698974609,-1.112579107284546,1.064759373664856,0.6131643380726779,0.27247384190559387,0.09927800297737122,0.1296483427286148,0.21812188625335693
rosenbrock,1.0,2,cholesky,5,gumbel_softmax,8192,0.02,1000,1,rosenbrock,979,0.006509065628051758,-1.1133993864059448,1.1365898847579956,0.6128577559036416,0.1468423306941986,0.03719658404588699,0.0821012482047081,0.1159244179725647
rosenbrock,1.0,2,cholesky,5,gumbel_softmax,8192,0.02,1000,1,rosenbrock,980,0.006384134292602539,-1.1061036586761475,0.9930823445320129,0.6125513270256898,0.189368337392807,0.04569254443049431,0.15961462259292603,0.09108090400695801
rosenbrock,1.0,2,cholesky,5,gumbel_softmax,8192,0.02,1000,1,rosenbrock,981,0.0063800811767578125,-1.1169794797897339,1.0765959024429321,0.612245051362177,0.35599103569984436,0.07070097327232361,0.14422331750392914,0.3176957964897156
rosenbrock,1.0,2,cholesky,5,gumbel_softmax,8192,0.02,1000,1,rosenbrock,982,0.0063762664794921875,-1.1203434467315674,0.9713997840881348,0.6119389288364959,0.2615616023540497,0.04009026288986206,0.1630157232284546,0.20058192312717438
rosenbrock,1.0,2,cholesky,5,gumbel_softmax,8192,0.02,1000,1,rosenbrock,983,0.006376981735229492,-1.103585958480835,1.0051666498184204,0.6116329593720777,0.18346354365348816,0.01505342312157154,0.17241716384887695,0.060865338891744614
rosenbrock,1.0,2,cholesky,5,gumbel_softmax,8192,0.02,1000,1,rosenbrock,984,0.006433010101318359,-1.1249867677688599,1.06583571434021,0.6113271428923918,0.21845927834510803,0.0783332958817482,0.17944592237472534,0.09688917547464371
rosenbrock,1.0,2,cholesky,5,gumbel_softmax,8192,0.02,1000,1,rosenbrock,985,0.0065059661865234375,-1.1000761985778809,0.9943294525146484,0.6110214793209455,0.24146713316440582,0.06404789537191391,0.03694640100002289,0.22986780107021332
rosenbrock,1.0,2,cholesky,5,gumbel_softmax,8192,0.02,1000,1,rosenbrock,986,0.0063800811767578125,-1.1073400974273682,1.005314826965332,0.6107159685812851,0.22095845639705658,0.06315569579601288,0.06157982349395752,0.2025880664587021
rosenbrock,1.0,2,cholesky,5,gumbel_softmax,8192,0.02,1000,1,rosenbrock,987,0.006613016128540039,-1.113039255142212,0.9987807869911194,0.6104106105969945,0.3229413628578186,0.07582028955221176,0.24734699726104736,0.19329217076301575
rosenbrock,1.0,2,cholesky,5,gumbel_softmax,8192,0.02,1000,1,rosenbrock,988,0.00640106201171875,-1.1086363792419434,0.9810714721679688,0.610105405291696,0.1567893922328949,0.06995553523302078,0.10969915986061096,0.08749420195817947
rosenbrock,1.0,2,cholesky,5,gumbel_softmax,8192,0.02,1000,1,rosenbrock,989,0.006479024887084961,-1.0902031660079956,1.0424153804779053,0.6098003525890502,0.31136125326156616,0.11534091830253601,0.17202632129192352,0.23248496651649475
rosenbrock,1.0,2,cholesky,5,gumbel_softmax,8192,0.02,1000,1,rosenbrock,990,0.006493091583251953,-1.1175678968429565,1.0230928659439087,0.6094954524127557,0.10604304075241089,0.011782445944845676,0.04603411257266998,0.09480064362287521
rosenbrock,1.0,2,cholesky,5,gumbel_softmax,8192,0.02,1000,1,rosenbrock,991,0.006475925445556641,-1.1174042224884033,1.0586352348327637,0.6091907046865493,0.30493834614753723,0.11573615670204163,0.1998160481452942,0.19916345179080963
rosenbrock,1.0,2,cholesky,5,gumbel_softmax,8192,0.02,1000,1,rosenbrock,992,0.0065059661865234375,-1.111284613609314,0.9809857606887817,0.6088861093342062,0.18559037148952484,0.07157544046640396,0.08652637153863907,0.14776308834552765
rosenbrock,1.0,2,cholesky,5,gumbel_softmax,8192,0.02,1000,1,rosenbrock,993,0.006461143493652344,-1.1179412603378296,1.1576164960861206,0.608581666279539,0.24383895099163055,0.016479356214404106,0.11376833915710449,0.21504099667072296
rosenbrock,1.0,2,cholesky,5,gumbel_softmax,8192,0.02,1000,1,rosenbrock,994,0.006478071212768555,-1.103036642074585,1.0710352659225464,0.6082773754463994,0.30257076025009155,0.12058946490287781,0.17356416583061218,0.2165241837501526
rosenbrock,1.0,2,cholesky,5,gumbel_softmax,8192,0.02,1000,1,rosenbrock,995,0.006434917449951172,-1.1200580596923828,1.0604467391967773,0.6079732367586762,0.20613154768943787,0.06221910938620567,0.08543378114700317,0.17697477340698242
rosenbrock,1.0,2,cholesky,5,gumbel_softmax,8192,0.02,1000,1,rosenbrock,996,0.006837129592895508,-1.0979666709899902,0.9857273697853088,0.6076692501402968,0.2758154273033142,0.04718325659632683,0.26264792680740356,0.06974202394485474
rosenbrock,1.0,2,cholesky,5,gumbel_softmax,8192,0.02,1000,1,rosenbrock,997,0.007043123245239258,-1.098399043083191,1.0177974700927734,0.6073654155152267,0.1149408370256424,0.031037988141179085,0.07622256875038147,0.08023814111948013
rosenbrock,1.0,2,cholesky,5,gumbel_softmax,8192,0.02,1000,1,rosenbrock,998,0.006402015686035156,-1.1184215545654297,1.1094684600830078,0.6070617328074692,0.3285949230194092,0.01942947506904602,0.2916547656059265,0.15011538565158844
rosenbrock,1.0,2,cholesky,5,gumbel_softmax,8192,0.02,1000,1,rosenbrock,999,0.0065920352935791016,-1.1131781339645386,1.0129526853561401,0.6067582019410654,0.25164639949798584,0.06425458937883377,0.18117398023605347,0.16239841282367706
