target,target_Z,dim,chart,components,estimator,mc,lr,n_steps,seed,tag,step,wall_s,elbo,elbo_std,grad_norm,grad_norm_w,grad_norm_a,grad_norm_A
rosenbrock,1.0,2,cholesky,5,exact_marginalization,8192,0.02,1000,2,rosenbrock,0,0.033792972564697266,-5.636624813079834,,9.69194221496582,1.537941813468933,6.010574817657471,7.445903301239014
rosenbrock,1.0,2,cholesky,5,exact_marginalization,8192,0.02,1000,2,rosenbrock,1,0.015386104583740234,-4.937168598175049,,8.168853759765625,1.3053150177001953,5.204400062561035,6.159590244293213
rosenbrock,1.0,2,cholesky,5,exact_marginalization,8192,0.02,1000,2,rosenbrock,2,0.016282081604003906,-4.376232147216797,,7.077542781829834,1.1676853895187378,4.595416069030762,5.254548072814941
rosenbrock,1.0,2,cholesky,5,exact_marginalization,8192,0.02,1000,2,rosenbrock,3,0.014637947082519531,-3.8280723094940186,,5.790816783905029,0.9730316996574402,3.9208343029022217,4.14895486831665
rosenbrock,1.0,2,cholesky,5,exact_marginalization,8192,0.02,1000,2,rosenbrock,4,0.015002727508544922,-3.460463762283325,,5.154739856719971,0.9175746440887451,3.5612592697143555,3.61203932762146
rosenbrock,1.0,2,cholesky,5,exact_marginalization,8192,0.02,1000,2,rosenbrock,5,0.014735937118530273,-3.090148448944092,,4.23681116104126,0.7773505449295044,3.0451266765594482,2.8413901329040527
rosenbrock,1.0,2,cholesky,5,exact_marginalization,8192,0.02,1000,2,rosenbrock,6,0.01624894142150879,-2.8211798667907715,,3.5851657390594482,0.6621712446212769,2.6521050930023193,2.319758653640747
rosenbrock,1.0,2,cholesky,5,exact_marginalization,8192,0.02,1000,2,rosenbrock,7,0.016093969345092773,-2.570770263671875,,3.0034427642822266,0.5671713352203369,2.3034443855285645,1.8420454263687134
rosenbrock,1.0,2,cholesky,5,exact_marginalization,8192,0.02,1000,2,rosenbrock,8,0.015278816223144531,-2.3979196548461914,,2.605729103088379,0.5030457973480225,2.049812078475952,1.5280832052230835
rosenbrock,1.0,2,cholesky,5,exact_marginalization,8192,0.02,1000,2,rosenbrock,9,0.015051126480102539,-2.2593891620635986,,2.251838445663452,0.43881142139434814,1.8148689270019531,1.2587580680847168
rosenbrock,1.0,2,cholesky,5,exact_marginalization,8192,0.02,1000,2,rosenbrock,10,0.01467275619506836,-2.13739275932312,,2.0221712589263916,0.3826662600040436,1.6704370975494385,1.0734907388687134
rosenbrock,1.0,2,cholesky,5,exact_marginalization,8192,0.02,1000,2,rosenbrock,11,0.016275882720947266,-2.038771390914917,,1.7380956411361694,0.32204365730285645,1.4819003343582153,0.8492560982704163
rosenbrock,1.0,2,cholesky,5,exact_marginalization,8192,0.02,1000,2,rosenbrock,12,0.014674901962280273,-1.9540070295333862,,1.5457051992416382,0.2753308117389679,1.3501454591751099,0.7003606557846069
rosenbrock,1.0,2,cholesky,5,exact_marginalization,8192,0.02,1000,2,rosenbrock,13,0.01567220687866211,-1.8939452171325684,,1.4462709426879883,0.24892188608646393,1.2752798795700073,0.6351364850997925
rosenbrock,1.0,2,cholesky,5,exact_marginalization,8192,0.02,1000,2,rosenbrock,14,0.015249967575073242,-1.8357454538345337,,1.2889175415039062,0.2083539515733719,1.1606624126434326,0.5203456282615662
rosenbrock,1.0,2,cholesky,5,exact_marginalization,8192,0.02,1000,2,rosenbrock,15,0.015380859375,-1.7898709774017334,,1.2367985248565674,0.17863282561302185,1.1207146644592285,0.4916907548904419
rosenbrock,1.0,2,cholesky,5,exact_marginalization,8192,0.02,1000,2,rosenbrock,16,0.014705181121826172,-1.7484685182571411,,1.1515395641326904,0.1617761105298996,1.0492085218429565,0.44613125920295715
rosenbrock,1.0,2,cholesky,5,exact_marginalization,8192,0.02,1000,2,rosenbrock,17,0.015193939208984375,-1.708258032798767,,1.0911027193069458,0.1408679038286209,0.9942780137062073,0.4266996681690216
rosenbrock,1.0,2,cholesky,5,exact_marginalization,8192,0.02,1000,2,rosenbrock,18,0.014882087707519531,-1.677574872970581,,1.0581867694854736,0.12636864185333252,0.9606096744537354,0.42546358704566956
rosenbrock,1.0,2,cholesky,5,exact_marginalization,8192,0.02,1000,2,rosenbrock,19,0.015022993087768555,-1.6426210403442383,,0.9797359108924866,0.1131860688328743,0.8944002985954285,0.3835615813732147
rosenbrock,1.0,2,cholesky,5,exact_marginalization,8192,0.02,1000,2,rosenbrock,20,0.015471935272216797,-1.612532377243042,,0.9566235542297363,0.10729818791151047,0.8708441257476807,0.3811118006706238
rosenbrock,1.0,2,cholesky,5,exact_marginalization,8192,0.02,1000,2,rosenbrock,21,0.014535903930664062,-1.6029020547866821,,0.9277464747428894,0.09936617314815521,0.8409733176231384,0.37895089387893677
rosenbrock,1.0,2,cholesky,5,exact_marginalization,8192,0.02,1000,2,rosenbrock,22,0.015245676040649414,-1.5835903882980347,,0.8706904053688049,0.09273407608270645,0.7880759835243225,0.3583829402923584
rosenbrock,1.0,2,cholesky,5,exact_marginalization,8192,0.02,1000,2,rosenbrock,23,0.014921903610229492,-1.5500397682189941,,0.8386247158050537,0.09269194304943085,0.7575781345367432,0.3475269675254822
rosenbrock,1.0,2,cholesky,5,exact_marginalization,8192,0.02,1000,2,rosenbrock,24,0.015141010284423828,-1.5246728658676147,,0.7816776633262634,0.09195826202630997,0.6957211494445801,0.344290167093277
rosenbrock,1.0,2,cholesky,5,exact_marginalization,8192,0.02,1000,2,rosenbrock,25,0.014622926712036133,-1.5133728981018066,,0.7232713103294373,0.09184645116329193,0.6367947459220886,0.3304210305213928
rosenbrock,1.0,2,cholesky,5,exact_marginalization,8192,0.02,1000,2,rosenbrock,26,0.015289783477783203,-1.4989063739776611,,0.6859583258628845,0.09103787690401077,0.6069846749305725,0.30630141496658325
rosenbrock,1.0,2,cholesky,5,exact_marginalization,8192,0.02,1000,2,rosenbrock,27,0.014780044555664062,-1.4842305183410645,,0.6364026069641113,0.09245166182518005,0.5428542494773865,0.3190145194530487
rosenbrock,1.0,2,cholesky,5,exact_marginalization,8192,0.02,1000,2,rosenbrock,28,0.014634847640991211,-1.4692248106002808,,0.6026212573051453,0.0925850123167038,0.49631863832473755,0.329010933637619
rosenbrock,1.0,2,cholesky,5,exact_marginalization,8192,0.02,1000,2,rosenbrock,29,0.016171932220458984,-1.457716941833496,,0.5714605450630188,0.09524829685688019,0.46300849318504333,0.3211200535297394
rosenbrock,1.0,2,cholesky,5,exact_marginalization,8192,0.02,1000,2,rosenbrock,30,0.014827966690063477,-1.4463773965835571,,0.5527560710906982,0.09807563573122025,0.4239989221096039,0.34080103039741516
rosenbrock,1.0,2,cholesky,5,exact_marginalization,8192,0.02,1000,2,rosenbrock,31,0.015129804611206055,-1.4428035020828247,,0.5518875122070312,0.09816377609968185,0.4197028577327728,0.3446640074253082
rosenbrock,1.0,2,cholesky,5,exact_marginalization,8192,0.02,1000,2,rosenbrock,32,0.014827966690063477,-1.431688904762268,,0.5597423911094666,0.0979747325181961,0.40178585052490234,0.3772009611129761
rosenbrock,1.0,2,cholesky,5,exact_marginalization,8192,0.02,1000,2,rosenbrock,33,0.015059232711791992,-1.4221577644348145,,0.5665711164474487,0.09991252422332764,0.3861481845378876,0.4023802876472473
rosenbrock,1.0,2,cholesky,5,exact_marginalization,8192,0.02,1000,2,rosenbrock,34,0.01580810546875,-1.4102792739868164,,0.5516922473907471,0.1011786013841629,0.3855363428592682,0.38143014907836914
rosenbrock,1.0,2,cholesky,5,exact_marginalization,8192,0.02,1000,2,rosenbrock,35,0.015362977981567383,-1.4019334316253662,,0.5670526623725891,0.10477451980113983,0.39734122157096863,0.3907569944858551
rosenbrock,1.0,2,cholesky,5,exact_marginalization,8192,0.02,1000,2,rosenbrock,36,0.015298604965209961,-1.3891106843948364,,0.5803863406181335,0.102250836789608,0.38711512088775635,0.42016056180000305
rosenbrock,1.0,2,cholesky,5,exact_marginalization,8192,0.02,1000,2,rosenbrock,37,0.014679193496704102,-1.3829493522644043,,0.5530369877815247,0.10124297440052032,0.37707698345184326,0.3916793167591095
rosenbrock,1.0,2,cholesky,5,exact_marginalization,8192,0.02,1000,2,rosenbrock,38,0.014901876449584961,-1.376729130744934,,0.5542694330215454,0.10088258236646652,0.3798423111438751,0.39084160327911377
rosenbrock,1.0,2,cholesky,5,exact_marginalization,8192,0.02,1000,2,rosenbrock,39,0.014885187149047852,-1.3572804927825928,,0.5507743954658508,0.09981215000152588,0.37719738483428955,0.3887314200401306
rosenbrock,1.0,2,cholesky,5,exact_marginalization,8192,0.02,1000,2,rosenbrock,40,0.014970779418945312,-1.350233554840088,,0.5302377939224243,0.09944987297058105,0.3588676154613495,0.3774597942829132
rosenbrock,1.0,2,cholesky,5,exact_marginalization,8192,0.02,1000,2,rosenbrock,41,0.014724016189575195,-1.3334299325942993,,0.5192257165908813,0.0954924002289772,0.3498440384864807,0.37159883975982666
rosenbrock,1.0,2,cholesky,5,exact_marginalization,8192,0.02,1000,2,rosenbrock,42,0.015439033508300781,-1.319467544555664,,0.4693991541862488,0.09386060386896133,0.34247100353240967,0.3069842755794525
rosenbrock,1.0,2,cholesky,5,exact_marginalization,8192,0.02,1000,2,rosenbrock,43,0.015455007553100586,-1.3040621280670166,,0.4697927236557007,0.09651767462491989,0.3402878940105438,0.3091822564601898
rosenbrock,1.0,2,cholesky,5,exact_marginalization,8192,0.02,1000,2,rosenbrock,44,0.015450000762939453,-1.29792058467865,,0.4393934905529022,0.09281143546104431,0.34171074628829956,0.260166198015213
rosenbrock,1.0,2,cholesky,5,exact_marginalization,8192,0.02,1000,2,rosenbrock,45,0.015491008758544922,-1.2848318815231323,,0.4413972795009613,0.0949716567993164,0.35674789547920227,0.24195636808872223
rosenbrock,1.0,2,cholesky,5,exact_marginalization,8192,0.02,1000,2,rosenbrock,46,0.015043258666992188,-1.2694206237792969,,0.4281837046146393,0.0893099457025528,0.3354942202568054,0.25061655044555664
rosenbrock,1.0,2,cholesky,5,exact_marginalization,8192,0.02,1000,2,rosenbrock,47,0.015172958374023438,-1.2587146759033203,,0.4499273896217346,0.09108611196279526,0.3761809170246124,0.2294033169746399
rosenbrock,1.0,2,cholesky,5,exact_marginalization,8192,0.02,1000,2,rosenbrock,48,0.015599250793457031,-1.256664514541626,,0.4388366639614105,0.08752678334712982,0.3716602325439453,0.21629922091960907
rosenbrock,1.0,2,cholesky,5,exact_marginalization,8192,0.02,1000,2,rosenbrock,49,0.015000104904174805,-1.2486332654953003,,0.4912763237953186,0.0816393792629242,0.4466637670993805,0.18756048381328583
rosenbrock,1.0,2,cholesky,5,exact_marginalization,8192,0.02,1000,2,rosenbrock,50,0.015855073928833008,-1.2342363595962524,,0.47556689381599426,0.0804370641708374,0.42723703384399414,0.1927751749753952
rosenbrock,1.0,2,cholesky,5,exact_marginalization,8192,0.02,1000,2,rosenbrock,51,0.015799999237060547,-1.2291017770767212,,0.4543919861316681,0.07748332619667053,0.4134559631347656,0.17182140052318573
rosenbrock,1.0,2,cholesky,5,exact_marginalization,8192,0.02,1000,2,rosenbrock,52,0.01565384864807129,-1.214997410774231,,0.4285220801830292,0.0792301818728447,0.38313940167427063,0.17480838298797607
rosenbrock,1.0,2,cholesky,5,exact_marginalization,8192,0.02,1000,2,rosenbrock,53,0.015130996704101562,-1.2048345804214478,,0.45046550035476685,0.08093265444040298,0.4139292240142822,0.15821406245231628
rosenbrock,1.0,2,cholesky,5,exact_marginalization,8192,0.02,1000,2,rosenbrock,54,0.015817880630493164,-1.20656156539917,,0.43867847323417664,0.07219812273979187,0.3996802270412445,0.1657768189907074
rosenbrock,1.0,2,cholesky,5,exact_marginalization,8192,0.02,1000,2,rosenbrock,55,0.014833927154541016,-1.1846204996109009,,0.39226269721984863,0.07225353270769119,0.36193370819091797,0.13286620378494263
rosenbrock,1.0,2,cholesky,5,exact_marginalization,8192,0.02,1000,2,rosenbrock,56,0.015447139739990234,-1.1853454113006592,,0.34343913197517395,0.06932751089334488,0.3129424750804901,0.12333346158266068
rosenbrock,1.0,2,cholesky,5,exact_marginalization,8192,0.02,1000,2,rosenbrock,57,0.014628887176513672,-1.1722537279129028,,0.3189208209514618,0.07138344645500183,0.29092681407928467,0.10943715274333954
rosenbrock,1.0,2,cholesky,5,exact_marginalization,8192,0.02,1000,2,rosenbrock,58,0.016343116760253906,-1.168337345123291,,0.3245295584201813,0.0663440078496933,0.28158554434776306,0.14706283807754517
rosenbrock,1.0,2,cholesky,5,exact_marginalization,8192,0.02,1000,2,rosenbrock,59,0.015072822570800781,-1.164799690246582,,0.3146253228187561,0.06213049963116646,0.2890150249004364,0.1076996698975563
rosenbrock,1.0,2,cholesky,5,exact_marginalization,8192,0.02,1000,2,rosenbrock,60,0.016337871551513672,-1.1590914726257324,,0.31658032536506653,0.06246514245867729,0.2838520109653473,0.1254960298538208
rosenbrock,1.0,2,cholesky,5,exact_marginalization,8192,0.02,1000,2,rosenbrock,61,0.016032934188842773,-1.1531399488449097,,0.3510408103466034,0.06238335743546486,0.3163321316242218,0.1388235241174698
rosenbrock,1.0,2,cholesky,5,exact_marginalization,8192,0.02,1000,2,rosenbrock,62,0.015305042266845703,-1.1537760496139526,,0.3605373501777649,0.054819781333208084,0.32226622104644775,0.15207384526729584
rosenbrock,1.0,2,cholesky,5,exact_marginalization,8192,0.02,1000,2,rosenbrock,63,0.016059160232543945,-1.137044906616211,,0.34073543548583984,0.057302456349134445,0.3213677406311035,0.09767218679189682
rosenbrock,1.0,2,cholesky,5,exact_marginalization,8192,0.02,1000,2,rosenbrock,64,0.015333890914916992,-1.1349420547485352,,0.3901187777519226,0.05243923142552376,0.3463496267795563,0.17171123623847961
rosenbrock,1.0,2,cholesky,5,exact_marginalization,8192,0.02,1000,2,rosenbrock,65,0.015411853790283203,-1.1284501552581787,,0.2940521240234375,0.053911712020635605,0.26775190234184265,0.10894537717103958
rosenbrock,1.0,2,cholesky,5,exact_marginalization,8192,0.02,1000,2,rosenbrock,66,0.0159451961517334,-1.128113031387329,,0.29877403378486633,0.04934743046760559,0.27498576045036316,0.10589422285556793
rosenbrock,1.0,2,cholesky,5,exact_marginalization,8192,0.02,1000,2,rosenbrock,67,0.016623973846435547,-1.1138312816619873,,0.27787086367607117,0.04908277094364166,0.25669679045677185,0.09439204633235931
rosenbrock,1.0,2,cholesky,5,exact_marginalization,8192,0.02,1000,2,rosenbrock,68,0.016007184982299805,-1.1099649667739868,,0.28117212653160095,0.0471835695207119,0.2630360722541809,0.08742708712816238
rosenbrock,1.0,2,cholesky,5,exact_marginalization,8192,0.02,1000,2,rosenbrock,69,0.01557016372680664,-1.1083152294158936,,0.2752096652984619,0.04485033452510834,0.25839412212371826,0.08343428373336792
rosenbrock,1.0,2,cholesky,5,exact_marginalization,8192,0.02,1000,2,rosenbrock,70,0.015188932418823242,-1.1001213788986206,,0.3075645864009857,0.043708160519599915,0.29564204812049866,0.07267294824123383
rosenbrock,1.0,2,cholesky,5,exact_marginalization,8192,0.02,1000,2,rosenbrock,71,0.01581096649169922,-1.094690203666687,,0.31647711992263794,0.04328460618853569,0.3051493763923645,0.07188928872346878
rosenbrock,1.0,2,cholesky,5,exact_marginalization,8192,0.02,1000,2,rosenbrock,72,0.015252113342285156,-1.0988006591796875,,0.2843721807003021,0.03543463349342346,0.27540087699890137,0.06137003377079964
rosenbrock,1.0,2,cholesky,5,exact_marginalization,8192,0.02,1000,2,rosenbrock,73,0.015195131301879883,-1.0882441997528076,,0.3118763267993927,0.03643950819969177,0.3002287745475769,0.07616879791021347
rosenbrock,1.0,2,cholesky,5,exact_marginalization,8192,0.02,1000,2,rosenbrock,74,0.015348434448242188,-1.0861258506774902,,0.28684812784194946,0.0383850634098053,0.2732211947441101,0.07847673445940018
rosenbrock,1.0,2,cholesky,5,exact_marginalization,8192,0.02,1000,2,rosenbrock,75,0.01813673973083496,-1.0822492837905884,,0.3148139417171478,0.03506395220756531,0.2951255738735199,0.1038229689002037
rosenbrock,1.0,2,cholesky,5,exact_marginalization,8192,0.02,1000,2,rosenbrock,76,0.015106201171875,-1.080245018005371,,0.24646233022212982,0.02989584393799305,0.24053041636943817,0.044665828347206116
rosenbrock,1.0,2,cholesky,5,exact_marginalization,8192,0.02,1000,2,rosenbrock,77,0.01447606086730957,-1.0768252611160278,,0.24864980578422546,0.0306311696767807,0.2299460917711258,0.0895167887210846
rosenbrock,1.0,2,cholesky,5,exact_marginalization,8192,0.02,1000,2,rosenbrock,78,0.015376091003417969,-1.0692059993743896,,0.22640421986579895,0.030358068645000458,0.20103482902050018,0.09961052238941193
rosenbrock,1.0,2,cholesky,5,exact_marginalization,8192,0.02,1000,2,rosenbrock,79,0.015546083450317383,-1.067929744720459,,0.24722345173358917,0.026272716000676155,0.23275351524353027,0.07908844202756882
rosenbrock,1.0,2,cholesky,5,exact_marginalization,8192,0.02,1000,2,rosenbrock,80,0.015731096267700195,-1.0686615705490112,,0.24027812480926514,0.024791134521365166,0.2255057543516159,0.07915886491537094
rosenbrock,1.0,2,cholesky,5,exact_marginalization,8192,0.02,1000,2,rosenbrock,81,0.016060829162597656,-1.0608265399932861,,0.21543729305267334,0.02670666202902794,0.1982850581407547,0.07989376038312912
rosenbrock,1.0,2,cholesky,5,exact_marginalization,8192,0.02,1000,2,rosenbrock,82,0.016225099563598633,-1.0531690120697021,,0.2117185741662979,0.024022361263632774,0.19709844887256622,0.07348386198282242
rosenbrock,1.0,2,cholesky,5,exact_marginalization,8192,0.02,1000,2,rosenbrock,83,0.017833948135375977,-1.048747181892395,,0.20642945170402527,0.021738708019256592,0.18899470567703247,0.0801345705986023
rosenbrock,1.0,2,cholesky,5,exact_marginalization,8192,0.02,1000,2,rosenbrock,84,0.01625514030456543,-1.0552749633789062,,0.1996590942144394,0.019332541152834892,0.19114288687705994,0.054354432970285416
rosenbrock,1.0,2,cholesky,5,exact_marginalization,8192,0.02,1000,2,rosenbrock,85,0.0164339542388916,-1.0511903762817383,,0.22508490085601807,0.02007901668548584,0.20676890015602112,0.08664100617170334
rosenbrock,1.0,2,cholesky,5,exact_marginalization,8192,0.02,1000,2,rosenbrock,86,0.015325784683227539,-1.0408841371536255,,0.21898481249809265,0.020089630037546158,0.20444539189338684,0.07584743946790695
rosenbrock,1.0,2,cholesky,5,exact_marginalization,8192,0.02,1000,2,rosenbrock,87,0.016000032424926758,-1.0412499904632568,,0.20113791525363922,0.01879454404115677,0.18755410611629486,0.07019028812646866
rosenbrock,1.0,2,cholesky,5,exact_marginalization,8192,0.02,1000,2,rosenbrock,88,0.015594005584716797,-1.0338068008422852,,0.2151980698108673,0.02156505361199379,0.19953179359436035,0.07766734063625336
rosenbrock,1.0,2,cholesky,5,exact_marginalization,8192,0.02,1000,2,rosenbrock,89,0.01573014259338379,-1.0360134840011597,,0.2161458134651184,0.013273288495838642,0.19842950999736786,0.08466736972332001
rosenbrock,1.0,2,cholesky,5,exact_marginalization,8192,0.02,1000,2,rosenbrock,90,0.015206098556518555,-1.037312388420105,,0.20863065123558044,0.013112570159137249,0.19877390563488007,0.0619979202747345
rosenbrock,1.0,2,cholesky,5,exact_marginalization,8192,0.02,1000,2,rosenbrock,91,0.01577925682067871,-1.0297555923461914,,0.22224567830562592,0.016503125429153442,0.20055152475833893,0.09433908760547638
rosenbrock,1.0,2,cholesky,5,exact_marginalization,8192,0.02,1000,2,rosenbrock,92,0.015787124633789062,-1.0282318592071533,,0.2396533489227295,0.011152373626828194,0.23337380588054657,0.053347960114479065
rosenbrock,1.0,2,cholesky,5,exact_marginalization,8192,0.02,1000,2,rosenbrock,93,0.014926910400390625,-1.028908371925354,,0.2168281376361847,0.013055291958153248,0.20416748523712158,0.07183066010475159
rosenbrock,1.0,2,cholesky,5,exact_marginalization,8192,0.02,1000,2,rosenbrock,94,0.01559591293334961,-1.0216076374053955,,0.1961219161748886,0.012595108710229397,0.18124020099639893,0.07387255132198334
rosenbrock,1.0,2,cholesky,5,exact_marginalization,8192,0.02,1000,2,rosenbrock,95,0.015620946884155273,-1.0193010568618774,,0.20447376370429993,0.010959872975945473,0.19161456823349,0.07052133232355118
rosenbrock,1.0,2,cholesky,5,exact_marginalization,8192,0.02,1000,2,rosenbrock,96,0.015523195266723633,-1.019031047821045,,0.17291732132434845,0.009888632223010063,0.16082900762557983,0.0627427026629448
rosenbrock,1.0,2,cholesky,5,exact_marginalization,8192,0.02,1000,2,rosenbrock,97,0.015168905258178711,-1.0115629434585571,,0.17619970440864563,0.009342318400740623,0.1649705022573471,0.06118651479482651
rosenbrock,1.0,2,cholesky,5,exact_marginalization,8192,0.02,1000,2,rosenbrock,98,0.015625953674316406,-1.018036961555481,,0.1727343499660492,0.00527119031175971,0.16358117759227753,0.055231932550668716
rosenbrock,1.0,2,cholesky,5,exact_marginalization,8192,0.02,1000,2,rosenbrock,99,0.015237808227539062,-1.0045092105865479,,0.19736552238464355,0.00868571549654007,0.16719594597816467,0.1045142114162445
rosenbrock,1.0,2,cholesky,5,exact_marginalization,8192,0.02,1000,2,rosenbrock,100,0.015619039535522461,-1.0141043663024902,,0.18510755896568298,0.005792670883238316,0.17292623221874237,0.06578580290079117
rosenbrock,1.0,2,cholesky,5,exact_marginalization,8192,0.02,1000,2,rosenbrock,101,0.015608072280883789,-1.010453224182129,,0.18814359605312347,0.007016332354396582,0.1632942259311676,0.09318678826093674
rosenbrock,1.0,2,cholesky,5,exact_marginalization,8192,0.02,1000,2,rosenbrock,102,0.01595306396484375,-1.0052034854888916,,0.2152695208787918,0.004503791686147451,0.18523865938186646,0.10957790166139603
rosenbrock,1.0,2,cholesky,5,exact_marginalization,8192,0.02,1000,2,rosenbrock,103,0.015741825103759766,-1.0076160430908203,,0.2378242462873459,0.0021721620578318834,0.1827297806739807,0.15220209956169128
rosenbrock,1.0,2,cholesky,5,exact_marginalization,8192,0.02,1000,2,rosenbrock,104,0.014425039291381836,-1.004223108291626,,0.16505549848079681,0.00481518404558301,0.15583331882953644,0.054185882210731506
rosenbrock,1.0,2,cholesky,5,exact_marginalization,8192,0.02,1000,2,rosenbrock,105,0.01489710807800293,-0.9953974485397339,,0.18348513543605804,0.005825735162943602,0.17375729978084564,0.05866221711039543
rosenbrock,1.0,2,cholesky,5,exact_marginalization,8192,0.02,1000,2,rosenbrock,106,0.015343666076660156,-0.9900801181793213,,0.18848508596420288,0.007234376389533281,0.18306592106819153,0.04428498446941376
rosenbrock,1.0,2,cholesky,5,exact_marginalization,8192,0.02,1000,2,rosenbrock,107,0.015216827392578125,-0.9992038607597351,,0.20053935050964355,0.003128967247903347,0.16475287079811096,0.11429230123758316
rosenbrock,1.0,2,cholesky,5,exact_marginalization,8192,0.02,1000,2,rosenbrock,108,0.015057802200317383,-0.992190420627594,,0.24914708733558655,0.0055089411325752735,0.23800525069236755,0.07346714287996292
rosenbrock,1.0,2,cholesky,5,exact_marginalization,8192,0.02,1000,2,rosenbrock,109,0.015629053115844727,-0.9944660067558289,,0.2149420976638794,0.006619201973080635,0.20742642879486084,0.05595148354768753
rosenbrock,1.0,2,cholesky,5,exact_marginalization,8192,0.02,1000,2,rosenbrock,110,0.0155029296875,-0.9959936141967773,,0.2585887312889099,0.00558319641277194,0.24985739588737488,0.06639454513788223
rosenbrock,1.0,2,cholesky,5,exact_marginalization,8192,0.02,1000,2,rosenbrock,111,0.01629328727722168,-0.9793150424957275,,0.17814025282859802,0.005413109436631203,0.16677896678447723,0.06236524134874344
rosenbrock,1.0,2,cholesky,5,exact_marginalization,8192,0.02,1000,2,rosenbrock,112,0.016579151153564453,-0.9785751700401306,,0.19648019969463348,0.004475302528589964,0.1579054743051529,0.11683449894189835
rosenbrock,1.0,2,cholesky,5,exact_marginalization,8192,0.02,1000,2,rosenbrock,113,0.014363288879394531,-0.989480197429657,,0.19233545660972595,0.007633573841303587,0.15730471909046173,0.11040779948234558
rosenbrock,1.0,2,cholesky,5,exact_marginalization,8192,0.02,1000,2,rosenbrock,114,0.014635086059570312,-0.9842682480812073,,0.17600075900554657,0.005869219079613686,0.16470655798912048,0.06175406649708748
rosenbrock,1.0,2,cholesky,5,exact_marginalization,8192,0.02,1000,2,rosenbrock,115,0.01446080207824707,-0.9800757765769958,,0.20087569952011108,0.004880544729530811,0.18010424077510834,0.08882393687963486
rosenbrock,1.0,2,cholesky,5,exact_marginalization,8192,0.02,1000,2,rosenbrock,116,0.015316963195800781,-0.9774563312530518,,0.20637641847133636,0.007718069478869438,0.18372699618339539,0.09368059039115906
rosenbrock,1.0,2,cholesky,5,exact_marginalization,8192,0.02,1000,2,rosenbrock,117,0.016260862350463867,-0.9759114384651184,,0.16479690372943878,0.008911946788430214,0.1554444432258606,0.053996507078409195
rosenbrock,1.0,2,cholesky,5,exact_marginalization,8192,0.02,1000,2,rosenbrock,118,0.015333890914916992,-0.983694314956665,,0.15793275833129883,0.010568779893219471,0.14808478951454163,0.05386982858181
rosenbrock,1.0,2,cholesky,5,exact_marginalization,8192,0.02,1000,2,rosenbrock,119,0.014796972274780273,-0.9792248010635376,,0.1586015820503235,0.011405255645513535,0.13880528509616852,0.07587801665067673
rosenbrock,1.0,2,cholesky,5,exact_marginalization,8192,0.02,1000,2,rosenbrock,120,0.014633893966674805,-0.9660952091217041,,0.17672409117221832,0.00981166772544384,0.13984020054340363,0.10760972648859024
rosenbrock,1.0,2,cholesky,5,exact_marginalization,8192,0.02,1000,2,rosenbrock,121,0.014388084411621094,-0.9665125608444214,,0.15632495284080505,0.0085654491558671,0.1482030302286148,0.04898970201611519
rosenbrock,1.0,2,cholesky,5,exact_marginalization,8192,0.02,1000,2,rosenbrock,122,0.014345884323120117,-0.9732184410095215,,0.19436801970005035,0.013463313691318035,0.17749029397964478,0.07806961983442307
rosenbrock,1.0,2,cholesky,5,exact_marginalization,8192,0.02,1000,2,rosenbrock,123,0.016206026077270508,-0.9699382781982422,,0.23523056507110596,0.01372850313782692,0.20966224372386932,0.10576710850000381
rosenbrock,1.0,2,cholesky,5,exact_marginalization,8192,0.02,1000,2,rosenbrock,124,0.015977859497070312,-0.9593995809555054,,0.16796980798244476,0.010049495846033096,0.15323075652122498,0.06806762516498566
rosenbrock,1.0,2,cholesky,5,exact_marginalization,8192,0.02,1000,2,rosenbrock,125,0.01546168327331543,-0.9643094539642334,,0.16453467309474945,0.015264960005879402,0.1536676287651062,0.05678819864988327
rosenbrock,1.0,2,cholesky,5,exact_marginalization,8192,0.02,1000,2,rosenbrock,126,0.014442920684814453,-0.9586899280548096,,0.17660555243492126,0.014158635400235653,0.1662019044160843,0.0580170638859272
rosenbrock,1.0,2,cholesky,5,exact_marginalization,8192,0.02,1000,2,rosenbrock,127,0.01445913314819336,-0.9577978849411011,,0.1618138700723648,0.01181348878890276,0.14905470609664917,0.06186165660619736
rosenbrock,1.0,2,cholesky,5,exact_marginalization,8192,0.02,1000,2,rosenbrock,128,0.01433706283569336,-0.957675576210022,,0.2121157944202423,0.014798633754253387,0.17723360657691956,0.11559567600488663
rosenbrock,1.0,2,cholesky,5,exact_marginalization,8192,0.02,1000,2,rosenbrock,129,0.014705896377563477,-0.9562904834747314,,0.18558093905448914,0.013833520002663136,0.16964277625083923,0.07396111637353897
rosenbrock,1.0,2,cholesky,5,exact_marginalization,8192,0.02,1000,2,rosenbrock,130,0.014347076416015625,-0.9548887014389038,,0.19612999260425568,0.015401012264192104,0.16156135499477386,0.11012587696313858
rosenbrock,1.0,2,cholesky,5,exact_marginalization,8192,0.02,1000,2,rosenbrock,131,0.014222860336303711,-0.9464753866195679,,0.16544000804424286,0.01526912022382021,0.15166625380516052,0.06430082768201828
rosenbrock,1.0,2,cholesky,5,exact_marginalization,8192,0.02,1000,2,rosenbrock,132,0.014246225357055664,-0.9488742351531982,,0.1526699960231781,0.016126232221722603,0.13433034718036652,0.0707349106669426
rosenbrock,1.0,2,cholesky,5,exact_marginalization,8192,0.02,1000,2,rosenbrock,133,0.014394998550415039,-0.9456179141998291,,0.19106453657150269,0.015528731048107147,0.17487703263759613,0.0753825455904007
rosenbrock,1.0,2,cholesky,5,exact_marginalization,8192,0.02,1000,2,rosenbrock,134,0.014271974563598633,-0.9502169489860535,,0.18060213327407837,0.01746496558189392,0.16459067165851593,0.07226353138685226
rosenbrock,1.0,2,cholesky,5,exact_marginalization,8192,0.02,1000,2,rosenbrock,135,0.014326095581054688,-0.9452611207962036,,0.1882941722869873,0.019701242446899414,0.17857369780540466,0.0563737191259861
rosenbrock,1.0,2,cholesky,5,exact_marginalization,8192,0.02,1000,2,rosenbrock,136,0.014263153076171875,-0.946035623550415,,0.22454677522182465,0.020728783681988716,0.21442323923110962,0.06335809081792831
rosenbrock,1.0,2,cholesky,5,exact_marginalization,8192,0.02,1000,2,rosenbrock,137,0.014286041259765625,-0.9434307217597961,,0.22803644835948944,0.01775706373155117,0.21666060388088226,0.06887299567461014
rosenbrock,1.0,2,cholesky,5,exact_marginalization,8192,0.02,1000,2,rosenbrock,138,0.01418924331665039,-0.9482439160346985,,0.16737519204616547,0.020556673407554626,0.14891952276229858,0.07358569651842117
rosenbrock,1.0,2,cholesky,5,exact_marginalization,8192,0.02,1000,2,rosenbrock,139,0.014203786849975586,-0.9405412673950195,,0.16202278435230255,0.017539801076054573,0.14464372396469116,0.07086560130119324
rosenbrock,1.0,2,cholesky,5,exact_marginalization,8192,0.02,1000,2,rosenbrock,140,0.013967037200927734,-0.9340428113937378,,0.14224879443645477,0.018815848976373672,0.121141716837883,0.07214826345443726
rosenbrock,1.0,2,cholesky,5,exact_marginalization,8192,0.02,1000,2,rosenbrock,141,0.014368057250976562,-0.9357937574386597,,0.2296648770570755,0.01706274040043354,0.1933230608701706,0.12280475348234177
rosenbrock,1.0,2,cholesky,5,exact_marginalization,8192,0.02,1000,2,rosenbrock,142,0.014288187026977539,-0.936072587966919,,0.1386510282754898,0.0196060948073864,0.12055662274360657,0.06561866402626038
rosenbrock,1.0,2,cholesky,5,exact_marginalization,8192,0.02,1000,2,rosenbrock,143,0.014163970947265625,-0.9312278032302856,,0.13903608918190002,0.019944002851843834,0.11341886967420578,0.0779065489768982
rosenbrock,1.0,2,cholesky,5,exact_marginalization,8192,0.02,1000,2,rosenbrock,144,0.014609813690185547,-0.9300002455711365,,0.15646019577980042,0.020412733778357506,0.1179342046380043,0.10077021270990372
rosenbrock,1.0,2,cholesky,5,exact_marginalization,8192,0.02,1000,2,rosenbrock,145,0.014907121658325195,-0.9296277761459351,,0.1457715630531311,0.02078724279999733,0.13525648415088654,0.05022871121764183
rosenbrock,1.0,2,cholesky,5,exact_marginalization,8192,0.02,1000,2,rosenbrock,146,0.016195058822631836,-0.9294920563697815,,0.16954860091209412,0.01896953582763672,0.15323106944561005,0.07005087286233902
rosenbrock,1.0,2,cholesky,5,exact_marginalization,8192,0.02,1000,2,rosenbrock,147,0.016189098358154297,-0.9287952780723572,,0.13953745365142822,0.021921666339039803,0.12829060852527618,0.05031561478972435
rosenbrock,1.0,2,cholesky,5,exact_marginalization,8192,0.02,1000,2,rosenbrock,148,0.016076087951660156,-0.9261845946311951,,0.15315990149974823,0.019202301278710365,0.13605916500091553,0.06765452027320862
rosenbrock,1.0,2,cholesky,5,exact_marginalization,8192,0.02,1000,2,rosenbrock,149,0.02983999252319336,-0.9327809810638428,,0.16962957382202148,0.02075432799756527,0.15357379615306854,0.06898216903209686
rosenbrock,1.0,2,cholesky,5,exact_marginalization,8192,0.02,1000,2,rosenbrock,150,0.0241701602935791,-0.9247878193855286,,0.2023153454065323,0.020773939788341522,0.19118663668632507,0.06283003091812134
rosenbrock,1.0,2,cholesky,5,exact_marginalization,8192,0.02,1000,2,rosenbrock,151,0.01577281951904297,-0.9204948544502258,,0.1919078677892685,0.020680299028754234,0.17340713739395142,0.079567089676857
rosenbrock,1.0,2,cholesky,5,exact_marginalization,8192,0.02,1000,2,rosenbrock,152,0.01593017578125,-0.920714259147644,,0.15046022832393646,0.020478490740060806,0.12718448042869568,0.07773683965206146
rosenbrock,1.0,2,cholesky,5,exact_marginalization,8192,0.02,1000,2,rosenbrock,153,0.0157318115234375,-0.9194614887237549,,0.16093726456165314,0.02037947252392769,0.13951122760772705,0.07760215550661087
rosenbrock,1.0,2,cholesky,5,exact_marginalization,8192,0.02,1000,2,rosenbrock,154,0.014804840087890625,-0.916068434715271,,0.16416500508785248,0.021396011114120483,0.14064259827136993,0.08192689716815948
rosenbrock,1.0,2,cholesky,5,exact_marginalization,8192,0.02,1000,2,rosenbrock,155,0.014982223510742188,-0.9162062406539917,,0.16707396507263184,0.01997331529855728,0.1472827047109604,0.07630585879087448
rosenbrock,1.0,2,cholesky,5,exact_marginalization,8192,0.02,1000,2,rosenbrock,156,0.01517796516418457,-0.9124510288238525,,0.1594608575105667,0.02119324542582035,0.14460672438144684,0.06377702951431274
rosenbrock,1.0,2,cholesky,5,exact_marginalization,8192,0.02,1000,2,rosenbrock,157,0.015463113784790039,-0.9171881079673767,,0.1523960679769516,0.02166181057691574,0.1361447274684906,0.06496107578277588
rosenbrock,1.0,2,cholesky,5,exact_marginalization,8192,0.02,1000,2,rosenbrock,158,0.015096902847290039,-0.916560173034668,,0.16077837347984314,0.02367006428539753,0.13389720022678375,0.08579598367214203
rosenbrock,1.0,2,cholesky,5,exact_marginalization,8192,0.02,1000,2,rosenbrock,159,0.01602625846862793,-0.9106428027153015,,0.2099549025297165,0.02262193337082863,0.1904592514038086,0.08540838956832886
rosenbrock,1.0,2,cholesky,5,exact_marginalization,8192,0.02,1000,2,rosenbrock,160,0.014719963073730469,-0.9085410833358765,,0.15067027509212494,0.021503224968910217,0.11493214219808578,0.095024973154068
rosenbrock,1.0,2,cholesky,5,exact_marginalization,8192,0.02,1000,2,rosenbrock,161,0.014841079711914062,-0.9140726327896118,,0.1464707851409912,0.023309040814638138,0.13779565691947937,0.04384901374578476
rosenbrock,1.0,2,cholesky,5,exact_marginalization,8192,0.02,1000,2,rosenbrock,162,0.015330076217651367,-0.9140951633453369,,0.20870620012283325,0.023138519376516342,0.18526354432106018,0.09327545017004013
rosenbrock,1.0,2,cholesky,5,exact_marginalization,8192,0.02,1000,2,rosenbrock,163,0.015694141387939453,-0.9040042161941528,,0.1523878276348114,0.02001580037176609,0.1430424153804779,0.048582758754491806
rosenbrock,1.0,2,cholesky,5,exact_marginalization,8192,0.02,1000,2,rosenbrock,164,0.015554666519165039,-0.8994956612586975,,0.12734727561473846,0.02044425904750824,0.11261202394962311,0.055838100612163544
rosenbrock,1.0,2,cholesky,5,exact_marginalization,8192,0.02,1000,2,rosenbrock,165,0.014636993408203125,-0.9066091179847717,,0.1437327265739441,0.024622581899166107,0.1290351003408432,0.05833324417471886
rosenbrock,1.0,2,cholesky,5,exact_marginalization,8192,0.02,1000,2,rosenbrock,166,0.015336990356445312,-0.903026819229126,,0.18692131340503693,0.0230227280408144,0.1447935551404953,0.11594980210065842
rosenbrock,1.0,2,cholesky,5,exact_marginalization,8192,0.02,1000,2,rosenbrock,167,0.015539884567260742,-0.9001785516738892,,0.1736544966697693,0.02228822559118271,0.15348482131958008,0.07811228185892105
rosenbrock,1.0,2,cholesky,5,exact_marginalization,8192,0.02,1000,2,rosenbrock,168,0.01592278480529785,-0.9015184640884399,,0.16044090688228607,0.021536657586693764,0.1435144990682602,0.06841818243265152
rosenbrock,1.0,2,cholesky,5,exact_marginalization,8192,0.02,1000,2,rosenbrock,169,0.015574932098388672,-0.9007160067558289,,0.12564696371555328,0.022394919767975807,0.11855379492044449,0.035080306231975555
rosenbrock,1.0,2,cholesky,5,exact_marginalization,8192,0.02,1000,2,rosenbrock,170,0.01635122299194336,-0.9012134075164795,,0.14762021601200104,0.021866193041205406,0.11679935455322266,0.0875871479511261
rosenbrock,1.0,2,cholesky,5,exact_marginalization,8192,0.02,1000,2,rosenbrock,171,0.016458988189697266,-0.8985506892204285,,0.13650818169116974,0.023028843104839325,0.12493021041154861,0.0499659888446331
rosenbrock,1.0,2,cholesky,5,exact_marginalization,8192,0.02,1000,2,rosenbrock,172,0.015925884246826172,-0.8964842557907104,,0.15488959848880768,0.0223634485155344,0.1276092678308487,0.08489134907722473
rosenbrock,1.0,2,cholesky,5,exact_marginalization,8192,0.02,1000,2,rosenbrock,173,0.015034198760986328,-0.8923726677894592,,0.13047941029071808,0.020868241786956787,0.11350498348474503,0.0608769953250885
rosenbrock,1.0,2,cholesky,5,exact_marginalization,8192,0.02,1000,2,rosenbrock,174,0.015594005584716797,-0.8942294716835022,,0.14586864411830902,0.02246938645839691,0.10859718918800354,0.09475990384817123
rosenbrock,1.0,2,cholesky,5,exact_marginalization,8192,0.02,1000,2,rosenbrock,175,0.01621413230895996,-0.8914826512336731,,0.14832773804664612,0.023118462413549423,0.13508807122707367,0.05672627314925194
rosenbrock,1.0,2,cholesky,5,exact_marginalization,8192,0.02,1000,2,rosenbrock,176,0.015954971313476562,-0.898574709892273,,0.18841589987277985,0.025550823658704758,0.17657729983329773,0.06056539714336395
rosenbrock,1.0,2,cholesky,5,exact_marginalization,8192,0.02,1000,2,rosenbrock,177,0.016314983367919922,-0.8880908489227295,,0.1981373280286789,0.022702183574438095,0.187916100025177,0.05857086181640625
rosenbrock,1.0,2,cholesky,5,exact_marginalization,8192,0.02,1000,2,rosenbrock,178,0.017378807067871094,-0.8888992071151733,,0.13334813714027405,0.024480972439050674,0.10146598517894745,0.08298832178115845
rosenbrock,1.0,2,cholesky,5,exact_marginalization,8192,0.02,1000,2,rosenbrock,179,0.016319990158081055,-0.8867645859718323,,0.13581426441669464,0.024522848427295685,0.11825748533010483,0.06212339550256729
rosenbrock,1.0,2,cholesky,5,exact_marginalization,8192,0.02,1000,2,rosenbrock,180,0.016123056411743164,-0.8852633237838745,,0.1399596482515335,0.02313561923801899,0.13208504021167755,0.04008730500936508
rosenbrock,1.0,2,cholesky,5,exact_marginalization,8192,0.02,1000,2,rosenbrock,181,0.016149044036865234,-0.882197380065918,,0.1225723922252655,0.022119490429759026,0.1100667417049408,0.04919379949569702
rosenbrock,1.0,2,cholesky,5,exact_marginalization,8192,0.02,1000,2,rosenbrock,182,0.015130043029785156,-0.8816361427307129,,0.1640433967113495,0.023538080975413322,0.14738796651363373,0.06806603074073792
rosenbrock,1.0,2,cholesky,5,exact_marginalization,8192,0.02,1000,2,rosenbrock,183,0.01785111427307129,-0.8809623718261719,,0.12590666115283966,0.024315759539604187,0.1102789118885994,0.05567577853798866
rosenbrock,1.0,2,cholesky,5,exact_marginalization,8192,0.02,1000,2,rosenbrock,184,0.015855789184570312,-0.8875102400779724,,0.1632404327392578,0.027225177735090256,0.14782868325710297,0.06366245448589325
rosenbrock,1.0,2,cholesky,5,exact_marginalization,8192,0.02,1000,2,rosenbrock,185,0.01587200164794922,-0.8887588977813721,,0.14243780076503754,0.02679877169430256,0.12314176559448242,0.06638114899396896
rosenbrock,1.0,2,cholesky,5,exact_marginalization,8192,0.02,1000,2,rosenbrock,186,0.015729904174804688,-0.8758935928344727,,0.14334258437156677,0.025059709325432777,0.1043405532836914,0.09503765404224396
rosenbrock,1.0,2,cholesky,5,exact_marginalization,8192,0.02,1000,2,rosenbrock,187,0.0156557559967041,-0.8794699311256409,,0.14398713409900665,0.02594342827796936,0.12087646126747131,0.0738113671541214
rosenbrock,1.0,2,cholesky,5,exact_marginalization,8192,0.02,1000,2,rosenbrock,188,0.01515507698059082,-0.8732721209526062,,0.17262102663516998,0.02440045401453972,0.15947678685188293,0.06139863654971123
rosenbrock,1.0,2,cholesky,5,exact_marginalization,8192,0.02,1000,2,rosenbrock,189,0.015622854232788086,-0.8800199031829834,,0.12916819751262665,0.026987098157405853,0.106206975877285,0.06838272511959076
rosenbrock,1.0,2,cholesky,5,exact_marginalization,8192,0.02,1000,2,rosenbrock,190,0.015378952026367188,-0.8733352422714233,,0.11786802113056183,0.02765774168074131,0.1031961515545845,0.049784280359745026
rosenbrock,1.0,2,cholesky,5,exact_marginalization,8192,0.02,1000,2,rosenbrock,191,0.01561117172241211,-0.8747889399528503,,0.1899441033601761,0.02563510090112686,0.1798364669084549,0.0555017925798893
rosenbrock,1.0,2,cholesky,5,exact_marginalization,8192,0.02,1000,2,rosenbrock,192,0.015655040740966797,-0.8766540288925171,,0.1884331852197647,0.026951219886541367,0.12713024020195007,0.13644997775554657
rosenbrock,1.0,2,cholesky,5,exact_marginalization,8192,0.02,1000,2,rosenbrock,193,0.015584945678710938,-0.8716598153114319,,0.13481329381465912,0.02497727982699871,0.11807915568351746,0.06006722152233124
rosenbrock,1.0,2,cholesky,5,exact_marginalization,8192,0.02,1000,2,rosenbrock,194,0.01591801643371582,-0.8724985122680664,,0.14993034303188324,0.025212492793798447,0.13384369015693665,0.06268414855003357
rosenbrock,1.0,2,cholesky,5,exact_marginalization,8192,0.02,1000,2,rosenbrock,195,0.015180110931396484,-0.8713144659996033,,0.1370190680027008,0.025766167789697647,0.12795820832252502,0.041677653789520264
rosenbrock,1.0,2,cholesky,5,exact_marginalization,8192,0.02,1000,2,rosenbrock,196,0.015130758285522461,-0.8735045194625854,,0.12987881898880005,0.025749601423740387,0.11470408737659454,0.055212657898664474
rosenbrock,1.0,2,cholesky,5,exact_marginalization,8192,0.02,1000,2,rosenbrock,197,0.016037702560424805,-0.8669079542160034,,0.1597519814968109,0.027509009465575218,0.13178017735481262,0.08601125329732895
rosenbrock,1.0,2,cholesky,5,exact_marginalization,8192,0.02,1000,2,rosenbrock,198,0.015137195587158203,-0.8658602237701416,,0.1692664623260498,0.026960615068674088,0.1544070988893509,0.0638960525393486
rosenbrock,1.0,2,cholesky,5,exact_marginalization,8192,0.02,1000,2,rosenbrock,199,0.015184164047241211,-0.8677017092704773,,0.12837788462638855,0.028180675581097603,0.11371234059333801,0.05249982699751854
rosenbrock,1.0,2,cholesky,5,exact_marginalization,8192,0.02,1000,2,rosenbrock,200,0.015716075897216797,-0.8695588111877441,,0.12496665865182877,0.027291348204016685,0.1072033941745758,0.05813157930970192
rosenbrock,1.0,2,cholesky,5,exact_marginalization,8192,0.02,1000,2,rosenbrock,201,0.016413211822509766,-0.8629161715507507,,0.16265197098255157,0.0278207715600729,0.14492517709732056,0.06839852780103683
rosenbrock,1.0,2,cholesky,5,exact_marginalization,8192,0.02,1000,2,rosenbrock,202,0.015420913696289062,-0.8652894496917725,,0.15282869338989258,0.028220033273100853,0.13135679066181183,0.07283978164196014
rosenbrock,1.0,2,cholesky,5,exact_marginalization,8192,0.02,1000,2,rosenbrock,203,0.01512598991394043,-0.8675727248191833,,0.11935713142156601,0.028546474874019623,0.10330703109502792,0.052525050938129425
rosenbrock,1.0,2,cholesky,5,exact_marginalization,8192,0.02,1000,2,rosenbrock,204,0.015997886657714844,-0.8556454181671143,,0.1964097023010254,0.02707839198410511,0.18692366778850555,0.05388019233942032
rosenbrock,1.0,2,cholesky,5,exact_marginalization,8192,0.02,1000,2,rosenbrock,205,0.015892982482910156,-0.8578871488571167,,0.1952282041311264,0.02949940226972103,0.18012966215610504,0.06926138699054718
rosenbrock,1.0,2,cholesky,5,exact_marginalization,8192,0.02,1000,2,rosenbrock,206,0.015556812286376953,-0.8567877411842346,,0.1599908322095871,0.027243323624134064,0.14594267308712006,0.059628866612911224
rosenbrock,1.0,2,cholesky,5,exact_marginalization,8192,0.02,1000,2,rosenbrock,207,0.015777111053466797,-0.8604302406311035,,0.11058197170495987,0.02770967409014702,0.09413232654333115,0.050986774265766144
rosenbrock,1.0,2,cholesky,5,exact_marginalization,8192,0.02,1000,2,rosenbrock,208,0.016211986541748047,-0.8626711368560791,,0.18628820776939392,0.029782265424728394,0.1685611754655838,0.07350809127092361
rosenbrock,1.0,2,cholesky,5,exact_marginalization,8192,0.02,1000,2,rosenbrock,209,0.015305280685424805,-0.8598923683166504,,0.13747233152389526,0.028444040566682816,0.1293887346982956,0.03671697527170181
rosenbrock,1.0,2,cholesky,5,exact_marginalization,8192,0.02,1000,2,rosenbrock,210,0.014410018920898438,-0.8559907674789429,,0.17228278517723083,0.028022723272442818,0.1503419131040573,0.07933090627193451
rosenbrock,1.0,2,cholesky,5,exact_marginalization,8192,0.02,1000,2,rosenbrock,211,0.015438079833984375,-0.8533324003219604,,0.1365078240633011,0.02962545119225979,0.11554484814405441,0.06637848913669586
rosenbrock,1.0,2,cholesky,5,exact_marginalization,8192,0.02,1000,2,rosenbrock,212,0.01511383056640625,-0.8534649610519409,,0.19960923492908478,0.028644975274801254,0.19157376885414124,0.04819545894861221
rosenbrock,1.0,2,cholesky,5,exact_marginalization,8192,0.02,1000,2,rosenbrock,213,0.01734304428100586,-0.8522812724113464,,0.19563761353492737,0.02850418910384178,0.1833149641752243,0.06210646778345108
rosenbrock,1.0,2,cholesky,5,exact_marginalization,8192,0.02,1000,2,rosenbrock,214,0.014564037322998047,-0.8447465896606445,,0.1243543028831482,0.026614151895046234,0.11298678815364838,0.044605642557144165
rosenbrock,1.0,2,cholesky,5,exact_marginalization,8192,0.02,1000,2,rosenbrock,215,0.014967918395996094,-0.8525630831718445,,0.12497056275606155,0.029156465083360672,0.11041155457496643,0.050762493163347244
rosenbrock,1.0,2,cholesky,5,exact_marginalization,8192,0.02,1000,2,rosenbrock,216,0.015354156494140625,-0.8529616594314575,,0.24422882497310638,0.028232108801603317,0.2145797610282898,0.11316446959972382
rosenbrock,1.0,2,cholesky,5,exact_marginalization,8192,0.02,1000,2,rosenbrock,217,0.01519918441772461,-0.8482644557952881,,0.1774669885635376,0.02798105776309967,0.1616188883781433,0.06775637716054916
rosenbrock,1.0,2,cholesky,5,exact_marginalization,8192,0.02,1000,2,rosenbrock,218,0.015867948532104492,-0.8474350571632385,,0.1408746838569641,0.02816767245531082,0.1186908707022667,0.07046087831258774
rosenbrock,1.0,2,cholesky,5,exact_marginalization,8192,0.02,1000,2,rosenbrock,219,0.01594996452331543,-0.8414922952651978,,0.23139795660972595,0.02775486558675766,0.22118349373340607,0.06206892058253288
rosenbrock,1.0,2,cholesky,5,exact_marginalization,8192,0.02,1000,2,rosenbrock,220,0.015881061553955078,-0.8421143889427185,,0.20106440782546997,0.028650281950831413,0.19164766371250153,0.05363980308175087
rosenbrock,1.0,2,cholesky,5,exact_marginalization,8192,0.02,1000,2,rosenbrock,221,0.015632152557373047,-0.8378537893295288,,0.17980267107486725,0.028680484741926193,0.16475871205329895,0.0660378560423851
rosenbrock,1.0,2,cholesky,5,exact_marginalization,8192,0.02,1000,2,rosenbrock,222,0.01517629623413086,-0.8383364081382751,,0.10753612220287323,0.02706330083310604,0.09461271017789841,0.04335932806134224
rosenbrock,1.0,2,cholesky,5,exact_marginalization,8192,0.02,1000,2,rosenbrock,223,0.016197919845581055,-0.8424578905105591,,0.16708217561244965,0.026654357090592384,0.14240556955337524,0.08322653919458389
rosenbrock,1.0,2,cholesky,5,exact_marginalization,8192,0.02,1000,2,rosenbrock,224,0.01643204689025879,-0.8412330150604248,,0.1665997952222824,0.026999546214938164,0.144886776804924,0.07768098264932632
rosenbrock,1.0,2,cholesky,5,exact_marginalization,8192,0.02,1000,2,rosenbrock,225,0.016243934631347656,-0.8390542268753052,,0.10884600132703781,0.026455026119947433,0.08919452130794525,0.056497082114219666
rosenbrock,1.0,2,cholesky,5,exact_marginalization,8192,0.02,1000,2,rosenbrock,226,0.016000032424926758,-0.840229868888855,,0.17515800893306732,0.029046770185232162,0.13907989859580994,0.10243725776672363
rosenbrock,1.0,2,cholesky,5,exact_marginalization,8192,0.02,1000,2,rosenbrock,227,0.016304969787597656,-0.8400355577468872,,0.18168112635612488,0.027287498116493225,0.15152448415756226,0.09645599126815796
rosenbrock,1.0,2,cholesky,5,exact_marginalization,8192,0.02,1000,2,rosenbrock,228,0.01621723175048828,-0.8490036129951477,,0.22590824961662292,0.032686248421669006,0.19908611476421356,0.10164085030555725
rosenbrock,1.0,2,cholesky,5,exact_marginalization,8192,0.02,1000,2,rosenbrock,229,0.016613006591796875,-0.8327346444129944,,0.11178164184093475,0.027529053390026093,0.08873046934604645,0.062162600457668304
rosenbrock,1.0,2,cholesky,5,exact_marginalization,8192,0.02,1000,2,rosenbrock,230,0.015637874603271484,-0.8333841562271118,,0.18798066675662994,0.028329305350780487,0.16726790368556976,0.08096683025360107
rosenbrock,1.0,2,cholesky,5,exact_marginalization,8192,0.02,1000,2,rosenbrock,231,0.015254735946655273,-0.8405631184577942,,0.14049053192138672,0.02923717349767685,0.07662949711084366,0.11406443268060684
rosenbrock,1.0,2,cholesky,5,exact_marginalization,8192,0.02,1000,2,rosenbrock,232,0.015890836715698242,-0.8354330658912659,,0.13626164197921753,0.029145285487174988,0.11301358044147491,0.07032579928636551
rosenbrock,1.0,2,cholesky,5,exact_marginalization,8192,0.02,1000,2,rosenbrock,233,0.015517950057983398,-0.8261659145355225,,0.10018923133611679,0.028210826218128204,0.08184085786342621,0.05043913424015045
rosenbrock,1.0,2,cholesky,5,exact_marginalization,8192,0.02,1000,2,rosenbrock,234,0.01540994644165039,-0.8319957256317139,,0.134855717420578,0.028956446796655655,0.11079122126102448,0.07122423499822617
rosenbrock,1.0,2,cholesky,5,exact_marginalization,8192,0.02,1000,2,rosenbrock,235,0.016640186309814453,-0.8325060606002808,,0.14072342216968536,0.02809065394103527,0.10758665204048157,0.08625028282403946
rosenbrock,1.0,2,cholesky,5,exact_marginalization,8192,0.02,1000,2,rosenbrock,236,0.015660762786865234,-0.8312817811965942,,0.09924963861703873,0.02762901782989502,0.0857291892170906,0.041684944182634354
rosenbrock,1.0,2,cholesky,5,exact_marginalization,8192,0.02,1000,2,rosenbrock,237,0.016176939010620117,-0.8275522589683533,,0.13884714245796204,0.027808837592601776,0.12485247850418091,0.05400979518890381
rosenbrock,1.0,2,cholesky,5,exact_marginalization,8192,0.02,1000,2,rosenbrock,238,0.015578746795654297,-0.8269021511077881,,0.13307753205299377,0.02843739651143551,0.11631374061107635,0.058069437742233276
rosenbrock,1.0,2,cholesky,5,exact_marginalization,8192,0.02,1000,2,rosenbrock,239,0.015464067459106445,-0.8334272503852844,,0.1419859379529953,0.029214713722467422,0.1094326302409172,0.08562127500772476
rosenbrock,1.0,2,cholesky,5,exact_marginalization,8192,0.02,1000,2,rosenbrock,240,0.014873027801513672,-0.8225224614143372,,0.10380610078573227,0.026561221107840538,0.08397848904132843,0.05493469163775444
rosenbrock,1.0,2,cholesky,5,exact_marginalization,8192,0.02,1000,2,rosenbrock,241,0.01597309112548828,-0.8242916464805603,,0.09690960496664047,0.027256840839982033,0.08374474942684174,0.040439486503601074
rosenbrock,1.0,2,cholesky,5,exact_marginalization,8192,0.02,1000,2,rosenbrock,242,0.015853166580200195,-0.8253465294837952,,0.10894529521465302,0.028416557237505913,0.09261932969093323,0.04983208701014519
rosenbrock,1.0,2,cholesky,5,exact_marginalization,8192,0.02,1000,2,rosenbrock,243,0.01633620262145996,-0.8291888236999512,,0.10124262422323227,0.027781931683421135,0.08594756573438644,0.04573018103837967
rosenbrock,1.0,2,cholesky,5,exact_marginalization,8192,0.02,1000,2,rosenbrock,244,0.01612377166748047,-0.8221172094345093,,0.11180835962295532,0.028703365474939346,0.0975649282336235,0.04645760357379913
rosenbrock,1.0,2,cholesky,5,exact_marginalization,8192,0.02,1000,2,rosenbrock,245,0.015419721603393555,-0.8239215612411499,,0.12096025049686432,0.02699265629053116,0.11302610486745834,0.0335838720202446
rosenbrock,1.0,2,cholesky,5,exact_marginalization,8192,0.02,1000,2,rosenbrock,246,0.016527175903320312,-0.8245089054107666,,0.1182674840092659,0.028472688049077988,0.10610648989677429,0.04379403591156006
rosenbrock,1.0,2,cholesky,5,exact_marginalization,8192,0.02,1000,2,rosenbrock,247,0.016035079956054688,-0.8242133855819702,,0.1338694840669632,0.030258534476161003,0.11423888057470322,0.06288829445838928
rosenbrock,1.0,2,cholesky,5,exact_marginalization,8192,0.02,1000,2,rosenbrock,248,0.015058040618896484,-0.8208307027816772,,0.1082887277007103,0.026821088045835495,0.09926076978445053,0.03397613391280174
rosenbrock,1.0,2,cholesky,5,exact_marginalization,8192,0.02,1000,2,rosenbrock,249,0.015375137329101562,-0.8264397382736206,,0.1109040305018425,0.029597941786050797,0.09486110508441925,0.049244657158851624
rosenbrock,1.0,2,cholesky,5,exact_marginalization,8192,0.02,1000,2,rosenbrock,250,0.014673233032226562,-0.8194238543510437,,0.11464906483888626,0.02606252208352089,0.07821087539196014,0.07967565953731537
rosenbrock,1.0,2,cholesky,5,exact_marginalization,8192,0.02,1000,2,rosenbrock,251,0.016520977020263672,-0.8129802346229553,,0.12517178058624268,0.024551041424274445,0.0998520702123642,0.07137775421142578
rosenbrock,1.0,2,cholesky,5,exact_marginalization,8192,0.02,1000,2,rosenbrock,252,0.016093015670776367,-0.8155919909477234,,0.1461133509874344,0.02651292085647583,0.12245494872331619,0.07517289370298386
rosenbrock,1.0,2,cholesky,5,exact_marginalization,8192,0.02,1000,2,rosenbrock,253,0.015644311904907227,-0.8147440552711487,,0.15558600425720215,0.024758072569966316,0.12846194207668304,0.08421147614717484
rosenbrock,1.0,2,cholesky,5,exact_marginalization,8192,0.02,1000,2,rosenbrock,254,0.015492916107177734,-0.8161407113075256,,0.11237452924251556,0.025105170905590057,0.10184162855148315,0.040324266999959946
rosenbrock,1.0,2,cholesky,5,exact_marginalization,8192,0.02,1000,2,rosenbrock,255,0.015820026397705078,-0.8162296414375305,,0.101821169257164,0.024588389322161674,0.09383420646190643,0.03095323219895363
rosenbrock,1.0,2,cholesky,5,exact_marginalization,8192,0.02,1000,2,rosenbrock,256,0.016515016555786133,-0.8144049644470215,,0.12856139242649078,0.025772344321012497,0.09780172258615494,0.07936398684978485
rosenbrock,1.0,2,cholesky,5,exact_marginalization,8192,0.02,1000,2,rosenbrock,257,0.016640186309814453,-0.8164379596710205,,0.20832252502441406,0.026622239500284195,0.19497555494308472,0.0683671087026596
rosenbrock,1.0,2,cholesky,5,exact_marginalization,8192,0.02,1000,2,rosenbrock,258,0.015941858291625977,-0.8120896816253662,,0.17896173894405365,0.024327900260686874,0.1585456132888794,0.07936462759971619
rosenbrock,1.0,2,cholesky,5,exact_marginalization,8192,0.02,1000,2,rosenbrock,259,0.015343904495239258,-0.8109772801399231,,0.09992928802967072,0.025548473000526428,0.08700284361839294,0.041995756328105927
rosenbrock,1.0,2,cholesky,5,exact_marginalization,8192,0.02,1000,2,rosenbrock,260,0.016207218170166016,-0.8093402981758118,,0.11188618093729019,0.0241714995354414,0.0941607803106308,0.05538957193493843
rosenbrock,1.0,2,cholesky,5,exact_marginalization,8192,0.02,1000,2,rosenbrock,261,0.015112876892089844,-0.8150508403778076,,0.1431272029876709,0.024938927963376045,0.12962107360363007,0.05533371493220329
rosenbrock,1.0,2,cholesky,5,exact_marginalization,8192,0.02,1000,2,rosenbrock,262,0.015375852584838867,-0.8115432858467102,,0.18394218385219574,0.026369495317339897,0.17367421090602875,0.0545586459338665
rosenbrock,1.0,2,cholesky,5,exact_marginalization,8192,0.02,1000,2,rosenbrock,263,0.016128063201904297,-0.811732292175293,,0.10073409974575043,0.023694956675171852,0.08242085576057434,0.052846089005470276
rosenbrock,1.0,2,cholesky,5,exact_marginalization,8192,0.02,1000,2,rosenbrock,264,0.015353202819824219,-0.8111515045166016,,0.1141074001789093,0.027007371187210083,0.08986306190490723,0.06492866575717926
rosenbrock,1.0,2,cholesky,5,exact_marginalization,8192,0.02,1000,2,rosenbrock,265,0.015291929244995117,-0.8133566975593567,,0.11443965137004852,0.02656635455787182,0.09539071470499039,0.05736961588263512
rosenbrock,1.0,2,cholesky,5,exact_marginalization,8192,0.02,1000,2,rosenbrock,266,0.016171932220458984,-0.8122804760932922,,0.13087347149848938,0.023846548050642014,0.11849931627511978,0.05017092078924179
rosenbrock,1.0,2,cholesky,5,exact_marginalization,8192,0.02,1000,2,rosenbrock,267,0.015890121459960938,-0.8104561567306519,,0.1710967868566513,0.025237511843442917,0.16320383548736572,0.044740229845047
rosenbrock,1.0,2,cholesky,5,exact_marginalization,8192,0.02,1000,2,rosenbrock,268,0.015783071517944336,-0.8038214445114136,,0.13705718517303467,0.022697679698467255,0.12644629180431366,0.047757960855960846
rosenbrock,1.0,2,cholesky,5,exact_marginalization,8192,0.02,1000,2,rosenbrock,269,0.015254020690917969,-0.8033695220947266,,0.1362885683774948,0.024571478366851807,0.1046275943517685,0.08380860835313797
rosenbrock,1.0,2,cholesky,5,exact_marginalization,8192,0.02,1000,2,rosenbrock,270,0.016483068466186523,-0.8029471039772034,,0.10830128937959671,0.02329867146909237,0.08103244006633759,0.06797121465206146
rosenbrock,1.0,2,cholesky,5,exact_marginalization,8192,0.02,1000,2,rosenbrock,271,0.01641702651977539,-0.8059561252593994,,0.1449543535709381,0.025675026699900627,0.1162266954779625,0.08272796124219894
rosenbrock,1.0,2,cholesky,5,exact_marginalization,8192,0.02,1000,2,rosenbrock,272,0.015018939971923828,-0.8057962656021118,,0.22564035654067993,0.020918576046824455,0.19369454681873322,0.11383496224880219
rosenbrock,1.0,2,cholesky,5,exact_marginalization,8192,0.02,1000,2,rosenbrock,273,0.016209840774536133,-0.8089777231216431,,0.10707765072584152,0.0234671737998724,0.08811406791210175,0.05613222345709801
rosenbrock,1.0,2,cholesky,5,exact_marginalization,8192,0.02,1000,2,rosenbrock,274,0.016517162322998047,-0.8058627247810364,,0.1679665893316269,0.023211393505334854,0.13780459761619568,0.09318742901086807
rosenbrock,1.0,2,cholesky,5,exact_marginalization,8192,0.02,1000,2,rosenbrock,275,0.01607680320739746,-0.801697850227356,,0.12530796229839325,0.02212735079228878,0.10823775827884674,0.05913588032126427
rosenbrock,1.0,2,cholesky,5,exact_marginalization,8192,0.02,1000,2,rosenbrock,276,0.01582813262939453,-0.7996025085449219,,0.13379666209220886,0.020457549020648003,0.09554098546504974,0.09140543639659882
rosenbrock,1.0,2,cholesky,5,exact_marginalization,8192,0.02,1000,2,rosenbrock,277,0.0162198543548584,-0.8051856756210327,,0.18209435045719147,0.023095788434147835,0.15128068625926971,0.09868685156106949
rosenbrock,1.0,2,cholesky,5,exact_marginalization,8192,0.02,1000,2,rosenbrock,278,0.016310930252075195,-0.7958498597145081,,0.1710393875837326,0.022208238020539284,0.14659540355205536,0.08527050912380219
rosenbrock,1.0,2,cholesky,5,exact_marginalization,8192,0.02,1000,2,rosenbrock,279,0.01500701904296875,-0.8007548451423645,,0.14150403439998627,0.02214796096086502,0.12376280874013901,0.064927838742733
rosenbrock,1.0,2,cholesky,5,exact_marginalization,8192,0.02,1000,2,rosenbrock,280,0.015770912170410156,-0.7978883981704712,,0.11983248591423035,0.02347712405025959,0.09752822667360306,0.06555070728063583
rosenbrock,1.0,2,cholesky,5,exact_marginalization,8192,0.02,1000,2,rosenbrock,281,0.016295909881591797,-0.7997851967811584,,0.11314500868320465,0.023805107921361923,0.09911821037530899,0.04909877851605415
rosenbrock,1.0,2,cholesky,5,exact_marginalization,8192,0.02,1000,2,rosenbrock,282,0.015813827514648438,-0.7968873977661133,,0.10205621272325516,0.02346045710146427,0.08723735064268112,0.04748391732573509
rosenbrock,1.0,2,cholesky,5,exact_marginalization,8192,0.02,1000,2,rosenbrock,283,0.015208959579467773,-0.8005761504173279,,0.1361858993768692,0.02458515577018261,0.12211362272500992,0.055049385875463486
rosenbrock,1.0,2,cholesky,5,exact_marginalization,8192,0.02,1000,2,rosenbrock,284,0.014821767807006836,-0.8009397387504578,,0.10714945197105408,0.024494972079992294,0.08901479840278625,0.054381661117076874
rosenbrock,1.0,2,cholesky,5,exact_marginalization,8192,0.02,1000,2,rosenbrock,285,0.016525745391845703,-0.7936292886734009,,0.112209253013134,0.020756760612130165,0.09698187559843063,0.052484191954135895
rosenbrock,1.0,2,cholesky,5,exact_marginalization,8192,0.02,1000,2,rosenbrock,286,0.017652034759521484,-0.7984805107116699,,0.1052587553858757,0.021711360663175583,0.07699885219335556,0.0684046819806099
rosenbrock,1.0,2,cholesky,5,exact_marginalization,8192,0.02,1000,2,rosenbrock,287,0.015828847885131836,-0.7912051677703857,,0.09059397131204605,0.020062750205397606,0.07413115352392197,0.04805544391274452
rosenbrock,1.0,2,cholesky,5,exact_marginalization,8192,0.02,1000,2,rosenbrock,288,0.016052961349487305,-0.7886719703674316,,0.1557249128818512,0.02050303854048252,0.1264379620552063,0.08856251835823059
rosenbrock,1.0,2,cholesky,5,exact_marginalization,8192,0.02,1000,2,rosenbrock,289,0.01514291763305664,-0.8001333475112915,,0.09573619812726974,0.022605108097195625,0.07597893476486206,0.05368083342909813
rosenbrock,1.0,2,cholesky,5,exact_marginalization,8192,0.02,1000,2,rosenbrock,290,0.015284299850463867,-0.7911704778671265,,0.09913002699613571,0.019895412027835846,0.07253661006689072,0.06457070261240005
rosenbrock,1.0,2,cholesky,5,exact_marginalization,8192,0.02,1000,2,rosenbrock,291,0.015652179718017578,-0.7850278615951538,,0.11899182945489883,0.018358353525400162,0.08779553323984146,0.07819188386201859
rosenbrock,1.0,2,cholesky,5,exact_marginalization,8192,0.02,1000,2,rosenbrock,292,0.0156400203704834,-0.7990580797195435,,0.12436266988515854,0.022097311913967133,0.08998386561870575,0.08294989913702011
rosenbrock,1.0,2,cholesky,5,exact_marginalization,8192,0.02,1000,2,rosenbrock,293,0.015769243240356445,-0.7911921143531799,,0.10890951752662659,0.020775344222784042,0.0749528706073761,0.07623474299907684
rosenbrock,1.0,2,cholesky,5,exact_marginalization,8192,0.02,1000,2,rosenbrock,294,0.015465974807739258,-0.7879728674888611,,0.11234287917613983,0.021694444119930267,0.09816670417785645,0.050135545432567596
rosenbrock,1.0,2,cholesky,5,exact_marginalization,8192,0.02,1000,2,rosenbrock,295,0.01644587516784668,-0.7934550642967224,,0.1262822151184082,0.02099980227649212,0.07172313332557678,0.10179388523101807
rosenbrock,1.0,2,cholesky,5,exact_marginalization,8192,0.02,1000,2,rosenbrock,296,0.015892982482910156,-0.792110800743103,,0.17711296677589417,0.022322632372379303,0.15149997174739838,0.08898571878671646
rosenbrock,1.0,2,cholesky,5,exact_marginalization,8192,0.02,1000,2,rosenbrock,297,0.015383243560791016,-0.787662923336029,,0.11649984866380692,0.019192665815353394,0.09381754696369171,0.06634850800037384
rosenbrock,1.0,2,cholesky,5,exact_marginalization,8192,0.02,1000,2,rosenbrock,298,0.014664173126220703,-0.7908884286880493,,0.13232848048210144,0.02201918326318264,0.10784903913736343,0.07344771176576614
rosenbrock,1.0,2,cholesky,5,exact_marginalization,8192,0.02,1000,2,rosenbrock,299,0.015179157257080078,-0.7862452864646912,,0.10350913554430008,0.019804898649454117,0.0855724886059761,0.05476546287536621
rosenbrock,1.0,2,cholesky,5,exact_marginalization,8192,0.02,1000,2,rosenbrock,300,0.016345739364624023,-0.7876402735710144,,0.08922775834798813,0.021409673616290092,0.06965024024248123,0.0514981783926487
rosenbrock,1.0,2,cholesky,5,exact_marginalization,8192,0.02,1000,2,rosenbrock,301,0.0155029296875,-0.7822573781013489,,0.1626972109079361,0.017062224447727203,0.14038696885108948,0.08044100552797318
rosenbrock,1.0,2,cholesky,5,exact_marginalization,8192,0.02,1000,2,rosenbrock,302,0.015573978424072266,-0.7831192016601562,,0.11037664860486984,0.01791984960436821,0.09569031745195389,0.052011989057064056
rosenbrock,1.0,2,cholesky,5,exact_marginalization,8192,0.02,1000,2,rosenbrock,303,0.015545845031738281,-0.789220929145813,,0.0941104143857956,0.02142348699271679,0.0799320787191391,0.04481816664338112
rosenbrock,1.0,2,cholesky,5,exact_marginalization,8192,0.02,1000,2,rosenbrock,304,0.015641212463378906,-0.7829729914665222,,0.09976588934659958,0.020262112841010094,0.06949648261070251,0.06865070760250092
rosenbrock,1.0,2,cholesky,5,exact_marginalization,8192,0.02,1000,2,rosenbrock,305,0.014481067657470703,-0.78858882188797,,0.11803022772073746,0.019328925758600235,0.09958183765411377,0.06034057214856148
rosenbrock,1.0,2,cholesky,5,exact_marginalization,8192,0.02,1000,2,rosenbrock,306,0.01447606086730957,-0.7852619886398315,,0.12601494789123535,0.017815839499235153,0.10296644270420074,0.07042922079563141
rosenbrock,1.0,2,cholesky,5,exact_marginalization,8192,0.02,1000,2,rosenbrock,307,0.014413118362426758,-0.7810051441192627,,0.11743345111608505,0.020052025094628334,0.10017197579145432,0.057914648205041885
rosenbrock,1.0,2,cholesky,5,exact_marginalization,8192,0.02,1000,2,rosenbrock,308,0.014387845993041992,-0.7832664251327515,,0.13631819188594818,0.017587346956133842,0.11753073334693909,0.06678223609924316
rosenbrock,1.0,2,cholesky,5,exact_marginalization,8192,0.02,1000,2,rosenbrock,309,0.014436006546020508,-0.7812219262123108,,0.14524264633655548,0.018166109919548035,0.12874175608158112,0.06473777443170547
rosenbrock,1.0,2,cholesky,5,exact_marginalization,8192,0.02,1000,2,rosenbrock,310,0.014902114868164062,-0.7791868448257446,,0.092097707092762,0.01704331301152706,0.07271293550729752,0.05389195308089256
rosenbrock,1.0,2,cholesky,5,exact_marginalization,8192,0.02,1000,2,rosenbrock,311,0.01585221290588379,-0.7800990343093872,,0.10171536356210709,0.019144708290696144,0.08066076040267944,0.0589350201189518
rosenbrock,1.0,2,cholesky,5,exact_marginalization,8192,0.02,1000,2,rosenbrock,312,0.016358137130737305,-0.7804136276245117,,0.15057428181171417,0.01688336580991745,0.13963595032691956,0.05375281348824501
rosenbrock,1.0,2,cholesky,5,exact_marginalization,8192,0.02,1000,2,rosenbrock,313,0.015144109725952148,-0.7790471911430359,,0.13759008049964905,0.017984207719564438,0.12118379026651382,0.06262657791376114
rosenbrock,1.0,2,cholesky,5,exact_marginalization,8192,0.02,1000,2,rosenbrock,314,0.01498270034790039,-0.7789894342422485,,0.1418481022119522,0.019005652517080307,0.12310070544481277,0.06786666810512543
rosenbrock,1.0,2,cholesky,5,exact_marginalization,8192,0.02,1000,2,rosenbrock,315,0.016582965850830078,-0.7800979018211365,,0.08362030237913132,0.019519299268722534,0.06910993158817291,0.04283886402845383
rosenbrock,1.0,2,cholesky,5,exact_marginalization,8192,0.02,1000,2,rosenbrock,316,0.0162811279296875,-0.7811899185180664,,0.15365104377269745,0.017929065972566605,0.1397237628698349,0.06135521084070206
rosenbrock,1.0,2,cholesky,5,exact_marginalization,8192,0.02,1000,2,rosenbrock,317,0.017381906509399414,-0.7802207469940186,,0.15794606506824493,0.018699783831834793,0.14405936002731323,0.06200144439935684
rosenbrock,1.0,2,cholesky,5,exact_marginalization,8192,0.02,1000,2,rosenbrock,318,0.01514577865600586,-0.7818101644515991,,0.15528564155101776,0.020236730575561523,0.14436261355876923,0.053512074053287506
rosenbrock,1.0,2,cholesky,5,exact_marginalization,8192,0.02,1000,2,rosenbrock,319,0.01658797264099121,-0.7778401374816895,,0.22912895679473877,0.0167174581438303,0.21475648880004883,0.0781041607260704
rosenbrock,1.0,2,cholesky,5,exact_marginalization,8192,0.02,1000,2,rosenbrock,320,0.015152931213378906,-0.7764435410499573,,0.15181660652160645,0.017536912113428116,0.12758176028728485,0.08039671927690506
rosenbrock,1.0,2,cholesky,5,exact_marginalization,8192,0.02,1000,2,rosenbrock,321,0.015348196029663086,-0.7702245116233826,,0.14798389375209808,0.015399906784296036,0.11567375063896179,0.09100361168384552
rosenbrock,1.0,2,cholesky,5,exact_marginalization,8192,0.02,1000,2,rosenbrock,322,0.0146942138671875,-0.7780205607414246,,0.14414019882678986,0.018779674544930458,0.13449053466320038,0.04833237826824188
rosenbrock,1.0,2,cholesky,5,exact_marginalization,8192,0.02,1000,2,rosenbrock,323,0.014464139938354492,-0.7745262980461121,,0.17907048761844635,0.016835426911711693,0.15499724447727203,0.08808328211307526
rosenbrock,1.0,2,cholesky,5,exact_marginalization,8192,0.02,1000,2,rosenbrock,324,0.014470100402832031,-0.7744346857070923,,0.22059446573257446,0.01728220470249653,0.1977488249540329,0.09622183442115784
rosenbrock,1.0,2,cholesky,5,exact_marginalization,8192,0.02,1000,2,rosenbrock,325,0.014346122741699219,-0.7736829519271851,,0.11106625199317932,0.015402202494442463,0.09400640428066254,0.057107627391815186
rosenbrock,1.0,2,cholesky,5,exact_marginalization,8192,0.02,1000,2,rosenbrock,326,0.014416933059692383,-0.770174503326416,,0.20490314066410065,0.015174351632595062,0.16515129804611206,0.1203332245349884
rosenbrock,1.0,2,cholesky,5,exact_marginalization,8192,0.02,1000,2,rosenbrock,327,0.014310121536254883,-0.7708293795585632,,0.13910816609859467,0.016210323199629784,0.1014246940612793,0.09381543099880219
rosenbrock,1.0,2,cholesky,5,exact_marginalization,8192,0.02,1000,2,rosenbrock,328,0.014349937438964844,-0.7715029716491699,,0.14683997631072998,0.01682230830192566,0.12904275953769684,0.0680217370390892
rosenbrock,1.0,2,cholesky,5,exact_marginalization,8192,0.02,1000,2,rosenbrock,329,0.014374732971191406,-0.7710148096084595,,0.16637243330478668,0.01627112552523613,0.15110042691230774,0.06770303100347519
rosenbrock,1.0,2,cholesky,5,exact_marginalization,8192,0.02,1000,2,rosenbrock,330,0.014353036880493164,-0.7650487422943115,,0.1155676394701004,0.015850387513637543,0.07758037745952606,0.08417796343564987
rosenbrock,1.0,2,cholesky,5,exact_marginalization,8192,0.02,1000,2,rosenbrock,331,0.014287948608398438,-0.7696738243103027,,0.15107162296772003,0.019837636500597,0.08938178420066833,0.12016655504703522
rosenbrock,1.0,2,cholesky,5,exact_marginalization,8192,0.02,1000,2,rosenbrock,332,0.014307022094726562,-0.7699761986732483,,0.07709471136331558,0.017467474564909935,0.06537096947431564,0.03694751858711243
rosenbrock,1.0,2,cholesky,5,exact_marginalization,8192,0.02,1000,2,rosenbrock,333,0.014264106750488281,-0.769775390625,,0.12826821208000183,0.01412682980298996,0.10469850152730942,0.07274194061756134
rosenbrock,1.0,2,cholesky,5,exact_marginalization,8192,0.02,1000,2,rosenbrock,334,0.014384031295776367,-0.7706018686294556,,0.1399434208869934,0.016427725553512573,0.09324311465024948,0.10305343568325043
rosenbrock,1.0,2,cholesky,5,exact_marginalization,8192,0.02,1000,2,rosenbrock,335,0.01431584358215332,-0.7666152715682983,,0.11611959338188171,0.01696743629872799,0.09582556039094925,0.06335083395242691
rosenbrock,1.0,2,cholesky,5,exact_marginalization,8192,0.02,1000,2,rosenbrock,336,0.014467000961303711,-0.7665435671806335,,0.1611190140247345,0.016895268112421036,0.14414748549461365,0.06996705383062363
rosenbrock,1.0,2,cholesky,5,exact_marginalization,8192,0.02,1000,2,rosenbrock,337,0.014429807662963867,-0.768165111541748,,0.1191597431898117,0.017685048282146454,0.10462982952594757,0.05421148240566254
rosenbrock,1.0,2,cholesky,5,exact_marginalization,8192,0.02,1000,2,rosenbrock,338,0.014348030090332031,-0.7671204805374146,,0.13251802325248718,0.01714038848876953,0.11346103996038437,0.06628593057394028
rosenbrock,1.0,2,cholesky,5,exact_marginalization,8192,0.02,1000,2,rosenbrock,339,0.015504121780395508,-0.7642637491226196,,0.16911664605140686,0.017043597996234894,0.14199182391166687,0.09026781469583511
rosenbrock,1.0,2,cholesky,5,exact_marginalization,8192,0.02,1000,2,rosenbrock,340,0.01659107208251953,-0.7710334062576294,,0.13346724212169647,0.01419263705611229,0.09035735577344894,0.09719885885715485
rosenbrock,1.0,2,cholesky,5,exact_marginalization,8192,0.02,1000,2,rosenbrock,341,0.016045093536376953,-0.7667847275733948,,0.0864766538143158,0.01403750292956829,0.06758064776659012,0.05209621042013168
rosenbrock,1.0,2,cholesky,5,exact_marginalization,8192,0.02,1000,2,rosenbrock,342,0.016398191452026367,-0.7586827278137207,,0.1221514567732811,0.015484967269003391,0.08694366365671158,0.08439190685749054
rosenbrock,1.0,2,cholesky,5,exact_marginalization,8192,0.02,1000,2,rosenbrock,343,0.015144109725952148,-0.7647159099578857,,0.16791260242462158,0.016257530078291893,0.15075623989105225,0.07213107496500015
rosenbrock,1.0,2,cholesky,5,exact_marginalization,8192,0.02,1000,2,rosenbrock,344,0.014757871627807617,-0.7590362429618835,,0.12147919088602066,0.013693328946828842,0.11068402975797653,0.048153214156627655
rosenbrock,1.0,2,cholesky,5,exact_marginalization,8192,0.02,1000,2,rosenbrock,345,0.014616012573242188,-0.7588697671890259,,0.10150586813688278,0.015258693136274815,0.07525724917650223,0.0663849338889122
rosenbrock,1.0,2,cholesky,5,exact_marginalization,8192,0.02,1000,2,rosenbrock,346,0.01474308967590332,-0.7630086541175842,,0.08483042567968369,0.013034974224865437,0.0717543214559555,0.04333137348294258
rosenbrock,1.0,2,cholesky,5,exact_marginalization,8192,0.02,1000,2,rosenbrock,347,0.014576196670532227,-0.7620577216148376,,0.10380920022726059,0.016498789191246033,0.0639994740486145,0.08005128055810928
rosenbrock,1.0,2,cholesky,5,exact_marginalization,8192,0.02,1000,2,rosenbrock,348,0.015469074249267578,-0.7624523639678955,,0.10215447843074799,0.014931166544556618,0.0684276595711708,0.07436567544937134
rosenbrock,1.0,2,cholesky,5,exact_marginalization,8192,0.02,1000,2,rosenbrock,349,0.01648998260498047,-0.7566854357719421,,0.09901581704616547,0.01457547303289175,0.08608078956604004,0.046709563583135605
rosenbrock,1.0,2,cholesky,5,exact_marginalization,8192,0.02,1000,2,rosenbrock,350,0.015903949737548828,-0.7576555013656616,,0.10118973255157471,0.015205650590360165,0.08679769933223724,0.049742426723241806
rosenbrock,1.0,2,cholesky,5,exact_marginalization,8192,0.02,1000,2,rosenbrock,351,0.01620197296142578,-0.7595035433769226,,0.1033477783203125,0.016581490635871887,0.07976804673671722,0.0635836198925972
rosenbrock,1.0,2,cholesky,5,exact_marginalization,8192,0.02,1000,2,rosenbrock,352,0.015915870666503906,-0.7624803185462952,,0.11982857435941696,0.014337415806949139,0.09047860652208328,0.07724601775407791
rosenbrock,1.0,2,cholesky,5,exact_marginalization,8192,0.02,1000,2,rosenbrock,353,0.015803813934326172,-0.7540479898452759,,0.09912700206041336,0.014315248467028141,0.07893665879964828,0.05822577327489853
rosenbrock,1.0,2,cholesky,5,exact_marginalization,8192,0.02,1000,2,rosenbrock,354,0.014780998229980469,-0.7616428136825562,,0.08179539442062378,0.013345945626497269,0.061137717217206955,0.05267401039600372
rosenbrock,1.0,2,cholesky,5,exact_marginalization,8192,0.02,1000,2,rosenbrock,355,0.014669179916381836,-0.754812479019165,,0.1638510525226593,0.01178652886301279,0.12894918024539948,0.10040096193552017
rosenbrock,1.0,2,cholesky,5,exact_marginalization,8192,0.02,1000,2,rosenbrock,356,0.015278100967407227,-0.7572156190872192,,0.09067436307668686,0.013390100561082363,0.07358287274837494,0.05126504600048065
rosenbrock,1.0,2,cholesky,5,exact_marginalization,8192,0.02,1000,2,rosenbrock,357,0.016084909439086914,-0.7593177556991577,,0.09372365474700928,0.014537620358169079,0.07396993041038513,0.05568868666887283
rosenbrock,1.0,2,cholesky,5,exact_marginalization,8192,0.02,1000,2,rosenbrock,358,0.01586318016052246,-0.7546676397323608,,0.1291554719209671,0.013945400714874268,0.07832200080156326,0.10174637287855148
rosenbrock,1.0,2,cholesky,5,exact_marginalization,8192,0.02,1000,2,rosenbrock,359,0.015330076217651367,-0.754794180393219,,0.23496012389659882,0.014909880235791206,0.20362025499343872,0.11628735810518265
rosenbrock,1.0,2,cholesky,5,exact_marginalization,8192,0.02,1000,2,rosenbrock,360,0.014554262161254883,-0.754802942276001,,0.13281646370887756,0.01409704890102148,0.09381401538848877,0.09295384585857391
rosenbrock,1.0,2,cholesky,5,exact_marginalization,8192,0.02,1000,2,rosenbrock,361,0.016184091567993164,-0.7636429667472839,,0.11548662930727005,0.016286512836813927,0.1010543629527092,0.053478289395570755
rosenbrock,1.0,2,cholesky,5,exact_marginalization,8192,0.02,1000,2,rosenbrock,362,0.014983892440795898,-0.7589231729507446,,0.09127157926559448,0.016269903630018234,0.07631923258304596,0.04734095185995102
rosenbrock,1.0,2,cholesky,5,exact_marginalization,8192,0.02,1000,2,rosenbrock,363,0.015705108642578125,-0.7554037570953369,,0.09851635992527008,0.014193173497915268,0.0675298348069191,0.07031180709600449
rosenbrock,1.0,2,cholesky,5,exact_marginalization,8192,0.02,1000,2,rosenbrock,364,0.01591205596923828,-0.7540679574012756,,0.12030240148305893,0.014835747890174389,0.10563426464796066,0.055623460561037064
rosenbrock,1.0,2,cholesky,5,exact_marginalization,8192,0.02,1000,2,rosenbrock,365,0.015679121017456055,-0.7518265843391418,,0.15208092331886292,0.01419826503843069,0.11417636275291443,0.09945240616798401
rosenbrock,1.0,2,cholesky,5,exact_marginalization,8192,0.02,1000,2,rosenbrock,366,0.016222000122070312,-0.7556872367858887,,0.10943998396396637,0.015023129060864449,0.08677060902118683,0.06497904658317566
rosenbrock,1.0,2,cholesky,5,exact_marginalization,8192,0.02,1000,2,rosenbrock,367,0.015151023864746094,-0.7543432116508484,,0.12007991224527359,0.013975159265100956,0.10805969685316086,0.05046764016151428
rosenbrock,1.0,2,cholesky,5,exact_marginalization,8192,0.02,1000,2,rosenbrock,368,0.015687942504882812,-0.7459381222724915,,0.11885212361812592,0.01218994241207838,0.07078749686479568,0.09469088912010193
rosenbrock,1.0,2,cholesky,5,exact_marginalization,8192,0.02,1000,2,rosenbrock,369,0.015919923782348633,-0.7519383430480957,,0.14846178889274597,0.013105543330311775,0.11460191756486893,0.09346415847539902
rosenbrock,1.0,2,cholesky,5,exact_marginalization,8192,0.02,1000,2,rosenbrock,370,0.015726089477539062,-0.7541839480400085,,0.07447550445795059,0.013415913097560406,0.057331718504428864,0.04560359567403793
rosenbrock,1.0,2,cholesky,5,exact_marginalization,8192,0.02,1000,2,rosenbrock,371,0.01634383201599121,-0.755804717540741,,0.12453044205904007,0.014075658284127712,0.0849708840250969,0.08994249254465103
rosenbrock,1.0,2,cholesky,5,exact_marginalization,8192,0.02,1000,2,rosenbrock,372,0.015987873077392578,-0.7544580698013306,,0.12687699496746063,0.015075836330652237,0.11091983318328857,0.05972672253847122
rosenbrock,1.0,2,cholesky,5,exact_marginalization,8192,0.02,1000,2,rosenbrock,373,0.016442060470581055,-0.752254068851471,,0.0892314463853836,0.013266888447105885,0.07169342786073685,0.051442138850688934
rosenbrock,1.0,2,cholesky,5,exact_marginalization,8192,0.02,1000,2,rosenbrock,374,0.015880107879638672,-0.7525067329406738,,0.09542341530323029,0.012790766544640064,0.07477129995822906,0.057890210300683975
rosenbrock,1.0,2,cholesky,5,exact_marginalization,8192,0.02,1000,2,rosenbrock,375,0.016208887100219727,-0.7489904761314392,,0.1500590741634369,0.012885838747024536,0.14072109758853912,0.05049010366201401
rosenbrock,1.0,2,cholesky,5,exact_marginalization,8192,0.02,1000,2,rosenbrock,376,0.015358924865722656,-0.7559428811073303,,0.17497947812080383,0.013461976312100887,0.16284066438674927,0.06260596960783005
rosenbrock,1.0,2,cholesky,5,exact_marginalization,8192,0.02,1000,2,rosenbrock,377,0.01637101173400879,-0.7518891096115112,,0.10420213639736176,0.015646139159798622,0.09634468704462051,0.03648265823721886
rosenbrock,1.0,2,cholesky,5,exact_marginalization,8192,0.02,1000,2,rosenbrock,378,0.016088008880615234,-0.7545862793922424,,0.11600837856531143,0.013158249668776989,0.10345980525016785,0.05080229043960571
rosenbrock,1.0,2,cholesky,5,exact_marginalization,8192,0.02,1000,2,rosenbrock,379,0.015178918838500977,-0.7552788853645325,,0.11654919385910034,0.014274852350354195,0.09977853298187256,0.058516550809144974
rosenbrock,1.0,2,cholesky,5,exact_marginalization,8192,0.02,1000,2,rosenbrock,380,0.016263246536254883,-0.751289963722229,,0.11632338166236877,0.013183067552745342,0.10460944473743439,0.049134511500597
rosenbrock,1.0,2,cholesky,5,exact_marginalization,8192,0.02,1000,2,rosenbrock,381,0.016344070434570312,-0.7499303221702576,,0.15355443954467773,0.014996436424553394,0.14624184370040894,0.044355351477861404
rosenbrock,1.0,2,cholesky,5,exact_marginalization,8192,0.02,1000,2,rosenbrock,382,0.01530003547668457,-0.7434142231941223,,0.15457820892333984,0.011583542451262474,0.13058829307556152,0.08189593255519867
rosenbrock,1.0,2,cholesky,5,exact_marginalization,8192,0.02,1000,2,rosenbrock,383,0.01590704917907715,-0.74744713306427,,0.11302466690540314,0.013313433155417442,0.06448110938072205,0.09186682850122452
rosenbrock,1.0,2,cholesky,5,exact_marginalization,8192,0.02,1000,2,rosenbrock,384,0.015712976455688477,-0.7541726231575012,,0.0978206992149353,0.015783969312906265,0.0899178758263588,0.03513588756322861
rosenbrock,1.0,2,cholesky,5,exact_marginalization,8192,0.02,1000,2,rosenbrock,385,0.014920949935913086,-0.7474249601364136,,0.21834063529968262,0.012439195066690445,0.20423921942710876,0.07618553191423416
rosenbrock,1.0,2,cholesky,5,exact_marginalization,8192,0.02,1000,2,rosenbrock,386,0.016328811645507812,-0.7416639924049377,,0.10832547396421432,0.011648286134004593,0.09650534391403198,0.04780631884932518
rosenbrock,1.0,2,cholesky,5,exact_marginalization,8192,0.02,1000,2,rosenbrock,387,0.015666961669921875,-0.7498196959495544,,0.14308582246303558,0.012865891680121422,0.12706175446510315,0.0645238608121872
rosenbrock,1.0,2,cholesky,5,exact_marginalization,8192,0.02,1000,2,rosenbrock,388,0.01571202278137207,-0.7440446615219116,,0.1445891559123993,0.013624913990497589,0.13422654569149017,0.05199636146426201
rosenbrock,1.0,2,cholesky,5,exact_marginalization,8192,0.02,1000,2,rosenbrock,389,0.015673160552978516,-0.7440861463546753,,0.08203691989183426,0.012363003566861153,0.06717907637357712,0.04543328657746315
rosenbrock,1.0,2,cholesky,5,exact_marginalization,8192,0.02,1000,2,rosenbrock,390,0.016059160232543945,-0.7446901798248291,,0.08428625762462616,0.011836037039756775,0.06910550594329834,0.046781525015830994
rosenbrock,1.0,2,cholesky,5,exact_marginalization,8192,0.02,1000,2,rosenbrock,391,0.015426158905029297,-0.7498798370361328,,0.08896222710609436,0.014116018079221249,0.06708481162786484,0.05669783055782318
rosenbrock,1.0,2,cholesky,5,exact_marginalization,8192,0.02,1000,2,rosenbrock,392,0.01595902442932129,-0.748895525932312,,0.113950714468956,0.012853994034230709,0.10405339300632477,0.04463664069771767
rosenbrock,1.0,2,cholesky,5,exact_marginalization,8192,0.02,1000,2,rosenbrock,393,0.015144109725952148,-0.7435587644577026,,0.0928518995642662,0.011657406575977802,0.07956162840127945,0.0464276522397995
rosenbrock,1.0,2,cholesky,5,exact_marginalization,8192,0.02,1000,2,rosenbrock,394,0.015787601470947266,-0.7488102912902832,,0.1156129315495491,0.011694207787513733,0.09077072143554688,0.07064185291528702
rosenbrock,1.0,2,cholesky,5,exact_marginalization,8192,0.02,1000,2,rosenbrock,395,0.015334844589233398,-0.7465195655822754,,0.09381777793169022,0.009755756705999374,0.06408795714378357,0.06781838834285736
rosenbrock,1.0,2,cholesky,5,exact_marginalization,8192,0.02,1000,2,rosenbrock,396,0.015538930892944336,-0.7442083358764648,,0.11790630966424942,0.011862704530358315,0.09332355111837387,0.0710766464471817
rosenbrock,1.0,2,cholesky,5,exact_marginalization,8192,0.02,1000,2,rosenbrock,397,0.016666889190673828,-0.7478002905845642,,0.11093483865261078,0.012649957090616226,0.10677293688058853,0.027314042672514915
rosenbrock,1.0,2,cholesky,5,exact_marginalization,8192,0.02,1000,2,rosenbrock,398,0.016442060470581055,-0.7400672435760498,,0.11617358773946762,0.008877021260559559,0.10154955834150314,0.055724211037158966
rosenbrock,1.0,2,cholesky,5,exact_marginalization,8192,0.02,1000,2,rosenbrock,399,0.015598058700561523,-0.7468572854995728,,0.127291738986969,0.013051007874310017,0.11921589821577072,0.042666491121053696
rosenbrock,1.0,2,cholesky,5,exact_marginalization,8192,0.02,1000,2,rosenbrock,400,0.016378164291381836,-0.740832507610321,,0.09960567206144333,0.006766957696527243,0.08966574817895889,0.042843349277973175
rosenbrock,1.0,2,cholesky,5,exact_marginalization,8192,0.02,1000,2,rosenbrock,401,0.014761924743652344,-0.7422465682029724,,0.07937674969434738,0.013354749418795109,0.05495300889015198,0.05569995939731598
rosenbrock,1.0,2,cholesky,5,exact_marginalization,8192,0.02,1000,2,rosenbrock,402,0.015460968017578125,-0.7412998080253601,,0.08964322507381439,0.013615199364721775,0.07661668211221695,0.044501882046461105
rosenbrock,1.0,2,cholesky,5,exact_marginalization,8192,0.02,1000,2,rosenbrock,403,0.01605677604675293,-0.7458398938179016,,0.1915532499551773,0.013710563071072102,0.18154555559158325,0.05954723805189133
rosenbrock,1.0,2,cholesky,5,exact_marginalization,8192,0.02,1000,2,rosenbrock,404,0.01664590835571289,-0.7429474592208862,,0.1897103190422058,0.008729776367545128,0.1687459796667099,0.08624725043773651
rosenbrock,1.0,2,cholesky,5,exact_marginalization,8192,0.02,1000,2,rosenbrock,405,0.01622915267944336,-0.7410458326339722,,0.10967446118593216,0.01082667801529169,0.09332871437072754,0.05657755956053734
rosenbrock,1.0,2,cholesky,5,exact_marginalization,8192,0.02,1000,2,rosenbrock,406,0.01568317413330078,-0.7397549152374268,,0.13429667055606842,0.009696725755929947,0.09455899149179459,0.0948692113161087
rosenbrock,1.0,2,cholesky,5,exact_marginalization,8192,0.02,1000,2,rosenbrock,407,0.0166170597076416,-0.7345970273017883,,0.16428039968013763,0.008457870222628117,0.14630810916423798,0.07423241436481476
rosenbrock,1.0,2,cholesky,5,exact_marginalization,8192,0.02,1000,2,rosenbrock,408,0.01581287384033203,-0.737436830997467,,0.11513542383909225,0.007845115847885609,0.08433597534894943,0.07798758149147034
rosenbrock,1.0,2,cholesky,5,exact_marginalization,8192,0.02,1000,2,rosenbrock,409,0.016420841217041016,-0.7365970611572266,,0.13674765825271606,0.007565556094050407,0.12882867455482483,0.045231159776449203
rosenbrock,1.0,2,cholesky,5,exact_marginalization,8192,0.02,1000,2,rosenbrock,410,0.015985727310180664,-0.7368982434272766,,0.08801329135894775,0.009563595056533813,0.05381336063146591,0.06898551434278488
rosenbrock,1.0,2,cholesky,5,exact_marginalization,8192,0.02,1000,2,rosenbrock,411,0.015667200088500977,-0.7357907891273499,,0.1359017789363861,0.008880265057086945,0.08313269168138504,0.10714191943407059
rosenbrock,1.0,2,cholesky,5,exact_marginalization,8192,0.02,1000,2,rosenbrock,412,0.015948057174682617,-0.7396669387817383,,0.09251447021961212,0.005375102628022432,0.07643318176269531,0.051845964044332504
rosenbrock,1.0,2,cholesky,5,exact_marginalization,8192,0.02,1000,2,rosenbrock,413,0.015858888626098633,-0.7362990379333496,,0.08947821706533432,0.007833419367671013,0.08423538506031036,0.029144279658794403
rosenbrock,1.0,2,cholesky,5,exact_marginalization,8192,0.02,1000,2,rosenbrock,414,0.016171932220458984,-0.740513026714325,,0.1349821239709854,0.009288528002798557,0.11852452903985977,0.06392049789428711
rosenbrock,1.0,2,cholesky,5,exact_marginalization,8192,0.02,1000,2,rosenbrock,415,0.015022039413452148,-0.7351340651512146,,0.08523973822593689,0.009189590811729431,0.07586140185594559,0.037767861038446426
rosenbrock,1.0,2,cholesky,5,exact_marginalization,8192,0.02,1000,2,rosenbrock,416,0.015955209732055664,-0.732468843460083,,0.09289491176605225,0.006121694575995207,0.07704858481884003,0.0515316016972065
rosenbrock,1.0,2,cholesky,5,exact_marginalization,8192,0.02,1000,2,rosenbrock,417,0.016048908233642578,-0.7378096580505371,,0.14595091342926025,0.011590011417865753,0.1358591914176941,0.05205400660634041
rosenbrock,1.0,2,cholesky,5,exact_marginalization,8192,0.02,1000,2,rosenbrock,418,0.01551198959350586,-0.737544059753418,,0.08899535238742828,0.006603267043828964,0.05786297470331192,0.06729372590780258
rosenbrock,1.0,2,cholesky,5,exact_marginalization,8192,0.02,1000,2,rosenbrock,419,0.014904022216796875,-0.7340167164802551,,0.07187668979167938,0.007349377032369375,0.06076214835047722,0.03768562525510788
rosenbrock,1.0,2,cholesky,5,exact_marginalization,8192,0.02,1000,2,rosenbrock,420,0.0157470703125,-0.7421911358833313,,0.07757829129695892,0.008625366725027561,0.05765821039676666,0.051181305199861526
rosenbrock,1.0,2,cholesky,5,exact_marginalization,8192,0.02,1000,2,rosenbrock,421,0.015954971313476562,-0.7339792251586914,,0.08391766250133514,0.009290803223848343,0.0714607909321785,0.043002452701330185
rosenbrock,1.0,2,cholesky,5,exact_marginalization,8192,0.02,1000,2,rosenbrock,422,0.015205144882202148,-0.7323170304298401,,0.15036402642726898,0.005778503138571978,0.14402474462985992,0.04281143471598625
rosenbrock,1.0,2,cholesky,5,exact_marginalization,8192,0.02,1000,2,rosenbrock,423,0.015002012252807617,-0.7382894158363342,,0.1483203023672104,0.007910987362265587,0.10723656415939331,0.10215992480516434
rosenbrock,1.0,2,cholesky,5,exact_marginalization,8192,0.02,1000,2,rosenbrock,424,0.01546788215637207,-0.7325693368911743,,0.06505384296178818,0.01085829921066761,0.05232030898332596,0.03710370138287544
rosenbrock,1.0,2,cholesky,5,exact_marginalization,8192,0.02,1000,2,rosenbrock,425,0.01561284065246582,-0.73841792345047,,0.07894813269376755,0.008755490183830261,0.06222831830382347,0.04778897017240524
rosenbrock,1.0,2,cholesky,5,exact_marginalization,8192,0.02,1000,2,rosenbrock,426,0.0158078670501709,-0.7331047654151917,,0.1657102406024933,0.00583815248683095,0.1414625495672226,0.08610542863607407
rosenbrock,1.0,2,cholesky,5,exact_marginalization,8192,0.02,1000,2,rosenbrock,427,0.016173124313354492,-0.7292535901069641,,0.09194673597812653,0.0062537044286727905,0.07969602197408676,0.04542727395892143
rosenbrock,1.0,2,cholesky,5,exact_marginalization,8192,0.02,1000,2,rosenbrock,428,0.015469074249267578,-0.7310869693756104,,0.08201524615287781,0.0064013926312327385,0.07389048486948013,0.03501025587320328
rosenbrock,1.0,2,cholesky,5,exact_marginalization,8192,0.02,1000,2,rosenbrock,429,0.015836715698242188,-0.7321122884750366,,0.097540944814682,0.006291152909398079,0.08439189940690994,0.04850427433848381
rosenbrock,1.0,2,cholesky,5,exact_marginalization,8192,0.02,1000,2,rosenbrock,430,0.016381025314331055,-0.7361239194869995,,0.15684396028518677,0.008531653322279453,0.13684424757957458,0.07616359740495682
rosenbrock,1.0,2,cholesky,5,exact_marginalization,8192,0.02,1000,2,rosenbrock,431,0.01618194580078125,-0.7279688119888306,,0.1198703721165657,0.004972520284354687,0.1043967604637146,0.05869834125041962
rosenbrock,1.0,2,cholesky,5,exact_marginalization,8192,0.02,1000,2,rosenbrock,432,0.015366792678833008,-0.7309932708740234,,0.09550362825393677,0.005334652028977871,0.07593365013599396,0.05767637491226196
rosenbrock,1.0,2,cholesky,5,exact_marginalization,8192,0.02,1000,2,rosenbrock,433,0.016662120819091797,-0.7360327243804932,,0.18768900632858276,0.004401084966957569,0.18186748027801514,0.04617377743124962
rosenbrock,1.0,2,cholesky,5,exact_marginalization,8192,0.02,1000,2,rosenbrock,434,0.0175778865814209,-0.7325051426887512,,0.22484669089317322,0.005692047532647848,0.19447511434555054,0.11270789057016373
rosenbrock,1.0,2,cholesky,5,exact_marginalization,8192,0.02,1000,2,rosenbrock,435,0.015606880187988281,-0.7290902733802795,,0.10483414679765701,0.005929610226303339,0.09806425869464874,0.03658469766378403
rosenbrock,1.0,2,cholesky,5,exact_marginalization,8192,0.02,1000,2,rosenbrock,436,0.01581597328186035,-0.7294988036155701,,0.10426077991724014,0.007800578605383635,0.09470081329345703,0.0429094098508358
rosenbrock,1.0,2,cholesky,5,exact_marginalization,8192,0.02,1000,2,rosenbrock,437,0.015824317932128906,-0.7342440485954285,,0.12633083760738373,0.007224934175610542,0.08351175487041473,0.09451489895582199
rosenbrock,1.0,2,cholesky,5,exact_marginalization,8192,0.02,1000,2,rosenbrock,438,0.0164492130279541,-0.7279087901115417,,0.10196250677108765,0.006916697137057781,0.09252752363681793,0.04227493703365326
rosenbrock,1.0,2,cholesky,5,exact_marginalization,8192,0.02,1000,2,rosenbrock,439,0.01634979248046875,-0.7348912358283997,,0.16343940794467926,0.00660368800163269,0.13875967264175415,0.08610796928405762
rosenbrock,1.0,2,cholesky,5,exact_marginalization,8192,0.02,1000,2,rosenbrock,440,0.016572952270507812,-0.7266868352890015,,0.10114479809999466,0.0071512931026518345,0.08259015530347824,0.057948216795921326
rosenbrock,1.0,2,cholesky,5,exact_marginalization,8192,0.02,1000,2,rosenbrock,441,0.015128850936889648,-0.7298352718353271,,0.13844825327396393,0.008558861911296844,0.12643618881702423,0.0557544007897377
rosenbrock,1.0,2,cholesky,5,exact_marginalization,8192,0.02,1000,2,rosenbrock,442,0.017967939376831055,-0.7311122417449951,,0.1387690007686615,0.008005586452782154,0.13251399993896484,0.040407732129096985
rosenbrock,1.0,2,cholesky,5,exact_marginalization,8192,0.02,1000,2,rosenbrock,443,0.015006780624389648,-0.7262669205665588,,0.13215909898281097,0.006479552946984768,0.12919476628303528,0.027069447562098503
rosenbrock,1.0,2,cholesky,5,exact_marginalization,8192,0.02,1000,2,rosenbrock,444,0.016056060791015625,-0.731951117515564,,0.06500132381916046,0.005925810430198908,0.05462087318301201,0.034736379981040955
rosenbrock,1.0,2,cholesky,5,exact_marginalization,8192,0.02,1000,2,rosenbrock,445,0.017416954040527344,-0.7313469648361206,,0.07428323477506638,0.008488097228109837,0.05863821133971214,0.04480525478720665
rosenbrock,1.0,2,cholesky,5,exact_marginalization,8192,0.02,1000,2,rosenbrock,446,0.016476869583129883,-0.731490433216095,,0.07903614640235901,0.006111606489866972,0.06744242459535599,0.04075389355421066
rosenbrock,1.0,2,cholesky,5,exact_marginalization,8192,0.02,1000,2,rosenbrock,447,0.016726970672607422,-0.7263566255569458,,0.12359387427568436,0.0075012026354670525,0.10460331290960312,0.06540125608444214
rosenbrock,1.0,2,cholesky,5,exact_marginalization,8192,0.02,1000,2,rosenbrock,448,0.0168001651763916,-0.7292155027389526,,0.0962064191699028,0.009199805557727814,0.08033444732427597,0.05212884768843651
rosenbrock,1.0,2,cholesky,5,exact_marginalization,8192,0.02,1000,2,rosenbrock,449,0.01549530029296875,-0.730266809463501,,0.07042054831981659,0.008557622320950031,0.05636293441057205,0.04134053736925125
rosenbrock,1.0,2,cholesky,5,exact_marginalization,8192,0.02,1000,2,rosenbrock,450,0.015652894973754883,-0.7257673144340515,,0.056203022599220276,0.006520423572510481,0.05013563856482506,0.0245495717972517
rosenbrock,1.0,2,cholesky,5,exact_marginalization,8192,0.02,1000,2,rosenbrock,451,0.016486167907714844,-0.7284274101257324,,0.1949264407157898,0.005594838876277208,0.13978949189186096,0.1357346922159195
rosenbrock,1.0,2,cholesky,5,exact_marginalization,8192,0.02,1000,2,rosenbrock,452,0.01620006561279297,-0.7229938507080078,,0.11965446919202805,0.006852109916508198,0.11022455990314484,0.046052005141973495
rosenbrock,1.0,2,cholesky,5,exact_marginalization,8192,0.02,1000,2,rosenbrock,453,0.017843961715698242,-0.7217487692832947,,0.10430141538381577,0.006725400686264038,0.08267156034708023,0.06323739141225815
rosenbrock,1.0,2,cholesky,5,exact_marginalization,8192,0.02,1000,2,rosenbrock,454,0.016106843948364258,-0.7251455783843994,,0.14889860153198242,0.004806854296475649,0.13073155283927917,0.07111222296953201
rosenbrock,1.0,2,cholesky,5,exact_marginalization,8192,0.02,1000,2,rosenbrock,455,0.016465187072753906,-0.7311890125274658,,0.10321643948554993,0.0076173716224730015,0.08030454069375992,0.06439556181430817
rosenbrock,1.0,2,cholesky,5,exact_marginalization,8192,0.02,1000,2,rosenbrock,456,0.018342256546020508,-0.7232972383499146,,0.115044005215168,0.007616948802024126,0.10517678409814835,0.045988570898771286
rosenbrock,1.0,2,cholesky,5,exact_marginalization,8192,0.02,1000,2,rosenbrock,457,0.015843868255615234,-0.7281593084335327,,0.10078708827495575,0.005948386620730162,0.08948830515146255,0.04598366096615791
rosenbrock,1.0,2,cholesky,5,exact_marginalization,8192,0.02,1000,2,rosenbrock,458,0.018903017044067383,-0.7317103147506714,,0.0917733833193779,0.008486238308250904,0.06776987016201019,0.061299122869968414
rosenbrock,1.0,2,cholesky,5,exact_marginalization,8192,0.02,1000,2,rosenbrock,459,0.017879009246826172,-0.7264742255210876,,0.11029735207557678,0.0034759771078824997,0.07078903168439865,0.08451233804225922
rosenbrock,1.0,2,cholesky,5,exact_marginalization,8192,0.02,1000,2,rosenbrock,460,0.01611804962158203,-0.7202488780021667,,0.07439769059419632,0.005968975368887186,0.045419737696647644,0.0586211197078228
rosenbrock,1.0,2,cholesky,5,exact_marginalization,8192,0.02,1000,2,rosenbrock,461,0.016860008239746094,-0.7293222546577454,,0.11619081348180771,0.004411050584167242,0.09481488168239594,0.06701483577489853
rosenbrock,1.0,2,cholesky,5,exact_marginalization,8192,0.02,1000,2,rosenbrock,462,0.017673254013061523,-0.7271645069122314,,0.10226082056760788,0.007341301534324884,0.07671498507261276,0.06721749901771545
rosenbrock,1.0,2,cholesky,5,exact_marginalization,8192,0.02,1000,2,rosenbrock,463,0.017246246337890625,-0.7281836271286011,,0.08870670199394226,0.008625242859125137,0.07874207198619843,0.039927076548337936
rosenbrock,1.0,2,cholesky,5,exact_marginalization,8192,0.02,1000,2,rosenbrock,464,0.016113996505737305,-0.728212833404541,,0.16868452727794647,0.00577476667240262,0.16275076568126678,0.043969396501779556
rosenbrock,1.0,2,cholesky,5,exact_marginalization,8192,0.02,1000,2,rosenbrock,465,0.016398191452026367,-0.7233349680900574,,0.10671637952327728,0.007956648245453835,0.06968299299478531,0.08043231815099716
rosenbrock,1.0,2,cholesky,5,exact_marginalization,8192,0.02,1000,2,rosenbrock,466,0.016107797622680664,-0.7244372367858887,,0.13569653034210205,0.006428888998925686,0.1009971871972084,0.09039793163537979
rosenbrock,1.0,2,cholesky,5,exact_marginalization,8192,0.02,1000,2,rosenbrock,467,0.01769089698791504,-0.7261992692947388,,0.14107763767242432,0.004941236227750778,0.1363195776939392,0.03599246218800545
rosenbrock,1.0,2,cholesky,5,exact_marginalization,8192,0.02,1000,2,rosenbrock,468,0.01708221435546875,-0.7247245907783508,,0.12780450284481049,0.0058453623205423355,0.11348669230937958,0.05848582834005356
rosenbrock,1.0,2,cholesky,5,exact_marginalization,8192,0.02,1000,2,rosenbrock,469,0.016888856887817383,-0.7194100618362427,,0.10499926656484604,0.0052129714749753475,0.08022065460681915,0.06754493713378906
rosenbrock,1.0,2,cholesky,5,exact_marginalization,8192,0.02,1000,2,rosenbrock,470,0.016567230224609375,-0.7243017554283142,,0.09185594320297241,0.004450772888958454,0.06267285346984863,0.06700610369443893
rosenbrock,1.0,2,cholesky,5,exact_marginalization,8192,0.02,1000,2,rosenbrock,471,0.01787090301513672,-0.7189441919326782,,0.16241519153118134,0.0070305513218045235,0.14426487684249878,0.07427588105201721
rosenbrock,1.0,2,cholesky,5,exact_marginalization,8192,0.02,1000,2,rosenbrock,472,0.015874147415161133,-0.7236850261688232,,0.14928440749645233,0.0026721078902482986,0.1470061093568802,0.025843722745776176
rosenbrock,1.0,2,cholesky,5,exact_marginalization,8192,0.02,1000,2,rosenbrock,473,0.015472888946533203,-0.7209702730178833,,0.0950893759727478,0.0036803993862122297,0.07683154195547104,0.05590490624308586
rosenbrock,1.0,2,cholesky,5,exact_marginalization,8192,0.02,1000,2,rosenbrock,474,0.019711971282958984,-0.7274296879768372,,0.07358283549547195,0.006221369374543428,0.0628320649266243,0.03778703138232231
rosenbrock,1.0,2,cholesky,5,exact_marginalization,8192,0.02,1000,2,rosenbrock,475,0.016750097274780273,-0.7269611954689026,,0.06996793299913406,0.0048891706392169,0.06125739589333534,0.03345353156328201
rosenbrock,1.0,2,cholesky,5,exact_marginalization,8192,0.02,1000,2,rosenbrock,476,0.015746116638183594,-0.7240127325057983,,0.08623476326465607,0.005610585678368807,0.07640829682350159,0.03958192467689514
rosenbrock,1.0,2,cholesky,5,exact_marginalization,8192,0.02,1000,2,rosenbrock,477,0.01579904556274414,-0.7166453003883362,,0.11794205009937286,0.0028433974366635084,0.10989467799663544,0.042724721133708954
rosenbrock,1.0,2,cholesky,5,exact_marginalization,8192,0.02,1000,2,rosenbrock,478,0.018218994140625,-0.7159703969955444,,0.0619707852602005,0.004355934448540211,0.05342685431241989,0.031096218153834343
rosenbrock,1.0,2,cholesky,5,exact_marginalization,8192,0.02,1000,2,rosenbrock,479,0.015091180801391602,-0.7184789776802063,,0.126426562666893,0.004652110859751701,0.12037420272827148,0.03836776688694954
rosenbrock,1.0,2,cholesky,5,exact_marginalization,8192,0.02,1000,2,rosenbrock,480,0.018491029739379883,-0.7229257225990295,,0.08501347154378891,0.008995397947728634,0.06439295411109924,0.054771538823843
rosenbrock,1.0,2,cholesky,5,exact_marginalization,8192,0.02,1000,2,rosenbrock,481,0.0172271728515625,-0.7170867323875427,,0.15773513913154602,0.005210985895246267,0.1468173712491989,0.057427167892456055
rosenbrock,1.0,2,cholesky,5,exact_marginalization,8192,0.02,1000,2,rosenbrock,482,0.017034053802490234,-0.720594048500061,,0.10024192184209824,0.004355980549007654,0.08555034548044205,0.052063483744859695
rosenbrock,1.0,2,cholesky,5,exact_marginalization,8192,0.02,1000,2,rosenbrock,483,0.018049001693725586,-0.7254325151443481,,0.09663651883602142,0.004464221652597189,0.06859388947486877,0.06792323291301727
rosenbrock,1.0,2,cholesky,5,exact_marginalization,8192,0.02,1000,2,rosenbrock,484,0.015642881393432617,-0.7241424918174744,,0.0965159460902214,0.00709919398650527,0.08831623941659927,0.038277555257081985
rosenbrock,1.0,2,cholesky,5,exact_marginalization,8192,0.02,1000,2,rosenbrock,485,0.023226022720336914,-0.7156634330749512,,0.06401992589235306,0.0038855087477713823,0.04229110851883888,0.04790527746081352
rosenbrock,1.0,2,cholesky,5,exact_marginalization,8192,0.02,1000,2,rosenbrock,486,0.015969038009643555,-0.7206612825393677,,0.0840502381324768,0.00592195987701416,0.06818391382694244,0.04878858104348183
rosenbrock,1.0,2,cholesky,5,exact_marginalization,8192,0.02,1000,2,rosenbrock,487,0.015475988388061523,-0.7196381688117981,,0.07382212579250336,0.0022662999108433723,0.06409608572721481,0.036554910242557526
rosenbrock,1.0,2,cholesky,5,exact_marginalization,8192,0.02,1000,2,rosenbrock,488,0.018426895141601562,-0.7168470025062561,,0.1028023436665535,0.004393165931105614,0.08587876707315445,0.05633701756596565
rosenbrock,1.0,2,cholesky,5,exact_marginalization,8192,0.02,1000,2,rosenbrock,489,0.016326189041137695,-0.7272465229034424,,0.13649369776248932,0.006832378916442394,0.10996090620756149,0.08057571947574615
rosenbrock,1.0,2,cholesky,5,exact_marginalization,8192,0.02,1000,2,rosenbrock,490,0.016965150833129883,-0.7196300029754639,,0.08720750361680984,0.004224071279168129,0.07718005031347275,0.04038000851869583
rosenbrock,1.0,2,cholesky,5,exact_marginalization,8192,0.02,1000,2,rosenbrock,491,0.015685081481933594,-0.7179595828056335,,0.12170567363500595,0.005092966370284557,0.11623770743608475,0.035708948969841
rosenbrock,1.0,2,cholesky,5,exact_marginalization,8192,0.02,1000,2,rosenbrock,492,0.01491093635559082,-0.7251307368278503,,0.09541327506303787,0.00552880996838212,0.08300197869539261,0.0467311292886734
rosenbrock,1.0,2,cholesky,5,exact_marginalization,8192,0.02,1000,2,rosenbrock,493,0.015811920166015625,-0.7212965488433838,,0.12708133459091187,0.004473571665585041,0.11045399308204651,0.0626862496137619
rosenbrock,1.0,2,cholesky,5,exact_marginalization,8192,0.02,1000,2,rosenbrock,494,0.01836228370666504,-0.7165598273277283,,0.09071216732263565,0.004369566682726145,0.055019576102495193,0.07198923826217651
rosenbrock,1.0,2,cholesky,5,exact_marginalization,8192,0.02,1000,2,rosenbrock,495,0.015925884246826172,-0.7160005569458008,,0.1208275780081749,0.007485686801373959,0.10324826091527939,0.0623142346739769
rosenbrock,1.0,2,cholesky,5,exact_marginalization,8192,0.02,1000,2,rosenbrock,496,0.016910076141357422,-0.7192526459693909,,0.0951424166560173,0.00601431168615818,0.07064758986234665,0.06344151496887207
rosenbrock,1.0,2,cholesky,5,exact_marginalization,8192,0.02,1000,2,rosenbrock,497,0.017319917678833008,-0.7174364328384399,,0.12729868292808533,0.003163251094520092,0.10857512056827545,0.06638065725564957
rosenbrock,1.0,2,cholesky,5,exact_marginalization,8192,0.02,1000,2,rosenbrock,498,0.01769709587097168,-0.7161238789558411,,0.0911567211151123,0.0032185630407184362,0.06467927247285843,0.06415434926748276
rosenbrock,1.0,2,cholesky,5,exact_marginalization,8192,0.02,1000,2,rosenbrock,499,0.01756596565246582,-0.7123514413833618,,0.12863346934318542,0.005508854985237122,0.11439580470323563,0.058564696460962296
rosenbrock,1.0,2,cholesky,5,exact_marginalization,8192,0.02,1000,2,rosenbrock,500,0.018735885620117188,-0.716624915599823,,0.15530277788639069,0.0031839050352573395,0.1061871275305748,0.11328332126140594
rosenbrock,1.0,2,cholesky,5,exact_marginalization,8192,0.02,1000,2,rosenbrock,501,0.016836881637573242,-0.7166937589645386,,0.09877178817987442,0.006423193961381912,0.09245985001325607,0.0341436006128788
rosenbrock,1.0,2,cholesky,5,exact_marginalization,8192,0.02,1000,2,rosenbrock,502,0.015522956848144531,-0.7190982699394226,,0.11132694035768509,0.002830490004271269,0.09659075736999512,0.055280204862356186
rosenbrock,1.0,2,cholesky,5,exact_marginalization,8192,0.02,1000,2,rosenbrock,503,0.017925024032592773,-0.716720461845398,,0.16510991752147675,0.0065492428839206696,0.1485716849565506,0.07172760367393494
rosenbrock,1.0,2,cholesky,5,exact_marginalization,8192,0.02,1000,2,rosenbrock,504,0.016442060470581055,-0.7149070501327515,,0.11692734062671661,0.005530744791030884,0.08793238550424576,0.07687202841043472
rosenbrock,1.0,2,cholesky,5,exact_marginalization,8192,0.02,1000,2,rosenbrock,505,0.016756057739257812,-0.7191377878189087,,0.11640125513076782,0.0040222834795713425,0.10227606445550919,0.055431753396987915
rosenbrock,1.0,2,cholesky,5,exact_marginalization,8192,0.02,1000,2,rosenbrock,506,0.017678022384643555,-0.7126646041870117,,0.11450172960758209,0.0021687373518943787,0.09675964713096619,0.06118424981832504
rosenbrock,1.0,2,cholesky,5,exact_marginalization,8192,0.02,1000,2,rosenbrock,507,0.018520116806030273,-0.7178385257720947,,0.12365057319402695,0.005527672357857227,0.11022976785898209,0.05575220659375191
rosenbrock,1.0,2,cholesky,5,exact_marginalization,8192,0.02,1000,2,rosenbrock,508,0.01597428321838379,-0.7083092927932739,,0.12517745792865753,0.002458424074575305,0.11876698583364487,0.03946837782859802
rosenbrock,1.0,2,cholesky,5,exact_marginalization,8192,0.02,1000,2,rosenbrock,509,0.015720844268798828,-0.7120149731636047,,0.09772175550460815,0.005038339179009199,0.06910350918769836,0.06891199946403503
rosenbrock,1.0,2,cholesky,5,exact_marginalization,8192,0.02,1000,2,rosenbrock,510,0.01594376564025879,-0.7117772698402405,,0.061633892357349396,0.0014466558350250125,0.04556926712393761,0.04147392138838768
rosenbrock,1.0,2,cholesky,5,exact_marginalization,8192,0.02,1000,2,rosenbrock,511,0.015230178833007812,-0.7159674167633057,,0.0809730738401413,0.0053242831490933895,0.07224584370851517,0.03617773577570915
rosenbrock,1.0,2,cholesky,5,exact_marginalization,8192,0.02,1000,2,rosenbrock,512,0.016402244567871094,-0.7140111923217773,,0.1290646642446518,0.004690325818955898,0.11614907532930374,0.05608098953962326
rosenbrock,1.0,2,cholesky,5,exact_marginalization,8192,0.02,1000,2,rosenbrock,513,0.015598058700561523,-0.7133756279945374,,0.06679978221654892,0.004310181830078363,0.05608949437737465,0.036022234708070755
rosenbrock,1.0,2,cholesky,5,exact_marginalization,8192,0.02,1000,2,rosenbrock,514,0.015618085861206055,-0.7197191119194031,,0.07701366394758224,0.006838965695351362,0.0433071069419384,0.06331529468297958
rosenbrock,1.0,2,cholesky,5,exact_marginalization,8192,0.02,1000,2,rosenbrock,515,0.016930818557739258,-0.7149896621704102,,0.1594933122396469,0.003996874671429396,0.13326041400432587,0.08754317462444305
rosenbrock,1.0,2,cholesky,5,exact_marginalization,8192,0.02,1000,2,rosenbrock,516,0.017822980880737305,-0.7185632586479187,,0.1123325303196907,0.004358770791441202,0.05054339021444321,0.1002245619893074
rosenbrock,1.0,2,cholesky,5,exact_marginalization,8192,0.02,1000,2,rosenbrock,517,0.01596808433532715,-0.7159750461578369,,0.08187903463840485,0.007330566644668579,0.06415409594774246,0.050345711410045624
rosenbrock,1.0,2,cholesky,5,exact_marginalization,8192,0.02,1000,2,rosenbrock,518,0.017117023468017578,-0.7201888561248779,,0.07333159446716309,0.003772726049646735,0.05957312136888504,0.04259498789906502
rosenbrock,1.0,2,cholesky,5,exact_marginalization,8192,0.02,1000,2,rosenbrock,519,0.01561880111694336,-0.7123837471008301,,0.09626353532075882,0.002805763389915228,0.04582858458161354,0.08460813015699387
rosenbrock,1.0,2,cholesky,5,exact_marginalization,8192,0.02,1000,2,rosenbrock,520,0.01760411262512207,-0.7180930376052856,,0.08502021431922913,0.004476928152143955,0.06951641291379929,0.04874282702803612
rosenbrock,1.0,2,cholesky,5,exact_marginalization,8192,0.02,1000,2,rosenbrock,521,0.016824007034301758,-0.7128495573997498,,0.06684456020593643,0.0036250983830541372,0.043944548815488815,0.05023873597383499
rosenbrock,1.0,2,cholesky,5,exact_marginalization,8192,0.02,1000,2,rosenbrock,522,0.016961097717285156,-0.7099098563194275,,0.06344500929117203,0.003191594034433365,0.04828527197241783,0.04103189706802368
rosenbrock,1.0,2,cholesky,5,exact_marginalization,8192,0.02,1000,2,rosenbrock,523,0.016278982162475586,-0.7156418561935425,,0.07822644710540771,0.006020224653184414,0.04633051156997681,0.06274247169494629
rosenbrock,1.0,2,cholesky,5,exact_marginalization,8192,0.02,1000,2,rosenbrock,524,0.016040325164794922,-0.7095954418182373,,0.13855504989624023,0.004190029576420784,0.12570686638355255,0.05811823904514313
rosenbrock,1.0,2,cholesky,5,exact_marginalization,8192,0.02,1000,2,rosenbrock,525,0.016271114349365234,-0.7180776596069336,,0.13993561267852783,0.003474062541499734,0.13338160514831543,0.04218123108148575
rosenbrock,1.0,2,cholesky,5,exact_marginalization,8192,0.02,1000,2,rosenbrock,526,0.01719808578491211,-0.7139740586280823,,0.07519230246543884,0.003221368882805109,0.052520375698804855,0.05371325835585594
rosenbrock,1.0,2,cholesky,5,exact_marginalization,8192,0.02,1000,2,rosenbrock,527,0.02482891082763672,-0.7226831316947937,,0.10653436183929443,0.0048728203400969505,0.09099091589450836,0.0551949180662632
rosenbrock,1.0,2,cholesky,5,exact_marginalization,8192,0.02,1000,2,rosenbrock,528,0.0177457332611084,-0.7119742035865784,,0.12346456944942474,0.003027378348633647,0.11406911909580231,0.047144126147031784
rosenbrock,1.0,2,cholesky,5,exact_marginalization,8192,0.02,1000,2,rosenbrock,529,0.0165860652923584,-0.7127360701560974,,0.12412433326244354,0.0020581327844411135,0.11878714710474014,0.03594759851694107
rosenbrock,1.0,2,cholesky,5,exact_marginalization,8192,0.02,1000,2,rosenbrock,530,0.015363931655883789,-0.711151659488678,,0.09785490483045578,0.003932356834411621,0.07764053344726562,0.05943119153380394
rosenbrock,1.0,2,cholesky,5,exact_marginalization,8192,0.02,1000,2,rosenbrock,531,0.015651702880859375,-0.7082682251930237,,0.08352496474981308,0.0037997739855200052,0.07109934836626053,0.043667640537023544
rosenbrock,1.0,2,cholesky,5,exact_marginalization,8192,0.02,1000,2,rosenbrock,532,0.018958091735839844,-0.7132319211959839,,0.17319625616073608,0.007055933587253094,0.15035565197467804,0.08567575365304947
rosenbrock,1.0,2,cholesky,5,exact_marginalization,8192,0.02,1000,2,rosenbrock,533,0.015316963195800781,-0.7093515992164612,,0.1450413167476654,0.002560605760663748,0.12658149003982544,0.07076407968997955
rosenbrock,1.0,2,cholesky,5,exact_marginalization,8192,0.02,1000,2,rosenbrock,534,0.017589092254638672,-0.7110025882720947,,0.1132974848151207,0.007589432410895824,0.10216159373521805,0.04839140921831131
rosenbrock,1.0,2,cholesky,5,exact_marginalization,8192,0.02,1000,2,rosenbrock,535,0.016336917877197266,-0.7126192450523376,,0.1016242653131485,0.003062475472688675,0.09150883555412292,0.04409359395503998
rosenbrock,1.0,2,cholesky,5,exact_marginalization,8192,0.02,1000,2,rosenbrock,536,0.019839048385620117,-0.7106325626373291,,0.10306676477193832,0.0027259874623268843,0.09186898916959763,0.04664134234189987
rosenbrock,1.0,2,cholesky,5,exact_marginalization,8192,0.02,1000,2,rosenbrock,537,0.04910016059875488,-0.7128596305847168,,0.10732494294643402,0.0019327636109665036,0.07476061582565308,0.07697894424200058
rosenbrock,1.0,2,cholesky,5,exact_marginalization,8192,0.02,1000,2,rosenbrock,538,0.029385089874267578,-0.7082654237747192,,0.16161927580833435,0.0030486180912703276,0.13870365917682648,0.08290229737758636
rosenbrock,1.0,2,cholesky,5,exact_marginalization,8192,0.02,1000,2,rosenbrock,539,0.024229049682617188,-0.7089815139770508,,0.08978302776813507,0.003377242712303996,0.07518322765827179,0.04895986244082451
rosenbrock,1.0,2,cholesky,5,exact_marginalization,8192,0.02,1000,2,rosenbrock,540,0.02077794075012207,-0.7106801271438599,,0.11139881610870361,0.0041144839487969875,0.10214081406593323,0.04427213594317436
rosenbrock,1.0,2,cholesky,5,exact_marginalization,8192,0.02,1000,2,rosenbrock,541,0.016503095626831055,-0.7106199264526367,,0.17307712137699127,0.0018689726712182164,0.13172802329063416,0.11224939674139023
rosenbrock,1.0,2,cholesky,5,exact_marginalization,8192,0.02,1000,2,rosenbrock,542,0.016527891159057617,-0.7130146026611328,,0.13691569864749908,0.002077514538541436,0.12887433171272278,0.04618439823389053
rosenbrock,1.0,2,cholesky,5,exact_marginalization,8192,0.02,1000,2,rosenbrock,543,0.015598058700561523,-0.7083921432495117,,0.16178786754608154,0.0018318829825147986,0.15249046683311462,0.05402420461177826
rosenbrock,1.0,2,cholesky,5,exact_marginalization,8192,0.02,1000,2,rosenbrock,544,0.01648092269897461,-0.716900110244751,,0.11246754229068756,0.008449439890682697,0.09057069569826126,0.06614004075527191
rosenbrock,1.0,2,cholesky,5,exact_marginalization,8192,0.02,1000,2,rosenbrock,545,0.014687061309814453,-0.7102851867675781,,0.09589467942714691,0.0033591133542358875,0.07823412865400314,0.055352743715047836
rosenbrock,1.0,2,cholesky,5,exact_marginalization,8192,0.02,1000,2,rosenbrock,546,0.016256093978881836,-0.7097541689872742,,0.14242248237133026,0.0039474512450397015,0.11842629313468933,0.07901768386363983
rosenbrock,1.0,2,cholesky,5,exact_marginalization,8192,0.02,1000,2,rosenbrock,547,0.016530990600585938,-0.7083685398101807,,0.10223772376775742,0.0034182153176516294,0.07775814831256866,0.06629130989313126
rosenbrock,1.0,2,cholesky,5,exact_marginalization,8192,0.02,1000,2,rosenbrock,548,0.01657390594482422,-0.7095356583595276,,0.1311970204114914,0.0030572416726499796,0.10750015079975128,0.07514671236276627
rosenbrock,1.0,2,cholesky,5,exact_marginalization,8192,0.02,1000,2,rosenbrock,549,0.016010046005249023,-0.7140671610832214,,0.068019337952137,0.005154557526111603,0.05559840798377991,0.0388442724943161
rosenbrock,1.0,2,cholesky,5,exact_marginalization,8192,0.02,1000,2,rosenbrock,550,0.015424013137817383,-0.7019554972648621,,0.10032494366168976,0.002282313071191311,0.0622168630361557,0.07866986840963364
rosenbrock,1.0,2,cholesky,5,exact_marginalization,8192,0.02,1000,2,rosenbrock,551,0.015566825866699219,-0.7112652063369751,,0.135436549782753,0.0035868422128260136,0.12693649530410767,0.04708842560648918
rosenbrock,1.0,2,cholesky,5,exact_marginalization,8192,0.02,1000,2,rosenbrock,552,0.01645207405090332,-0.7077624797821045,,0.12409625947475433,0.005502110812813044,0.08895531296730042,0.08635138720273972
rosenbrock,1.0,2,cholesky,5,exact_marginalization,8192,0.02,1000,2,rosenbrock,553,0.015022993087768555,-0.7106319665908813,,0.07527952641248703,0.0023628214839845896,0.05027160793542862,0.05598384141921997
rosenbrock,1.0,2,cholesky,5,exact_marginalization,8192,0.02,1000,2,rosenbrock,554,0.015867948532104492,-0.7148988842964172,,0.11636217683553696,0.007157556712627411,0.10881529748439789,0.04059750959277153
rosenbrock,1.0,2,cholesky,5,exact_marginalization,8192,0.02,1000,2,rosenbrock,555,0.015563011169433594,-0.708098828792572,,0.07560542970895767,0.002797697903588414,0.04830233380198479,0.05809679999947548
rosenbrock,1.0,2,cholesky,5,exact_marginalization,8192,0.02,1000,2,rosenbrock,556,0.0161588191986084,-0.714231014251709,,0.10373560339212418,0.004426504485309124,0.08615350723266602,0.05761124566197395
rosenbrock,1.0,2,cholesky,5,exact_marginalization,8192,0.02,1000,2,rosenbrock,557,0.01611018180847168,-0.7086030840873718,,0.07681743800640106,0.003436328610405326,0.07009897381067276,0.031228909268975258
rosenbrock,1.0,2,cholesky,5,exact_marginalization,8192,0.02,1000,2,rosenbrock,558,0.01577901840209961,-0.7168990969657898,,0.08664823323488235,0.00434904033318162,0.06574688106775284,0.05627032369375229
rosenbrock,1.0,2,cholesky,5,exact_marginalization,8192,0.02,1000,2,rosenbrock,559,0.016384124755859375,-0.7139613032341003,,0.10186927020549774,0.0056037260219454765,0.086269311606884,0.053884636610746384
rosenbrock,1.0,2,cholesky,5,exact_marginalization,8192,0.02,1000,2,rosenbrock,560,0.015036821365356445,-0.7032907009124756,,0.0868077427148819,0.0015562463086098433,0.06703543663024902,0.055130861699581146
rosenbrock,1.0,2,cholesky,5,exact_marginalization,8192,0.02,1000,2,rosenbrock,561,0.016257762908935547,-0.7091121673583984,,0.11169259995222092,0.0013384126359596848,0.09966128319501877,0.05040907859802246
rosenbrock,1.0,2,cholesky,5,exact_marginalization,8192,0.02,1000,2,rosenbrock,562,0.014692068099975586,-0.7067641615867615,,0.0899110659956932,0.0030499701388180256,0.08057566732168198,0.03977763652801514
rosenbrock,1.0,2,cholesky,5,exact_marginalization,8192,0.02,1000,2,rosenbrock,563,0.016659975051879883,-0.7064176797866821,,0.11647356301546097,0.003425281960517168,0.10313951969146729,0.05400553345680237
rosenbrock,1.0,2,cholesky,5,exact_marginalization,8192,0.02,1000,2,rosenbrock,564,0.020489931106567383,-0.7079899311065674,,0.09220264106988907,0.004097498953342438,0.08337009698152542,0.039165861904621124
rosenbrock,1.0,2,cholesky,5,exact_marginalization,8192,0.02,1000,2,rosenbrock,565,0.020827770233154297,-0.7083661556243896,,0.15583446621894836,0.004258767236024141,0.13927577435970306,0.06977467238903046
rosenbrock,1.0,2,cholesky,5,exact_marginalization,8192,0.02,1000,2,rosenbrock,566,0.01641988754272461,-0.7039054036140442,,0.0941428393125534,0.002926298649981618,0.06661239266395569,0.06646127998828888
rosenbrock,1.0,2,cholesky,5,exact_marginalization,8192,0.02,1000,2,rosenbrock,567,0.0154571533203125,-0.7002569437026978,,0.12860457599163055,0.004014157690107822,0.09383463859558105,0.08785261958837509
rosenbrock,1.0,2,cholesky,5,exact_marginalization,8192,0.02,1000,2,rosenbrock,568,0.015977144241333008,-0.7039454579353333,,0.09968433529138565,0.004212937317788601,0.0886254534125328,0.04543948546051979
rosenbrock,1.0,2,cholesky,5,exact_marginalization,8192,0.02,1000,2,rosenbrock,569,0.015542030334472656,-0.7137331962585449,,0.17342080175876617,0.005383345764130354,0.15008410811424255,0.08672115206718445
rosenbrock,1.0,2,cholesky,5,exact_marginalization,8192,0.02,1000,2,rosenbrock,570,0.015219926834106445,-0.7094124555587769,,0.14679232239723206,0.004981940146535635,0.14080947637557983,0.04118082672357559
rosenbrock,1.0,2,cholesky,5,exact_marginalization,8192,0.02,1000,2,rosenbrock,571,0.015006303787231445,-0.706268310546875,,0.16033490002155304,0.006030364893376827,0.14869137108325958,0.05968073382973671
rosenbrock,1.0,2,cholesky,5,exact_marginalization,8192,0.02,1000,2,rosenbrock,572,0.01568317413330078,-0.7074636816978455,,0.09993384033441544,0.004252936691045761,0.08647651225328445,0.049904901534318924
rosenbrock,1.0,2,cholesky,5,exact_marginalization,8192,0.02,1000,2,rosenbrock,573,0.01601886749267578,-0.7082439064979553,,0.14825040102005005,0.004735116381198168,0.14035648107528687,0.04749549925327301
rosenbrock,1.0,2,cholesky,5,exact_marginalization,8192,0.02,1000,2,rosenbrock,574,0.015305042266845703,-0.7084670662879944,,0.17270971834659576,0.005721330177038908,0.14676879346370697,0.09085611253976822
rosenbrock,1.0,2,cholesky,5,exact_marginalization,8192,0.02,1000,2,rosenbrock,575,0.015227794647216797,-0.7035874128341675,,0.10036672651767731,0.0034438669681549072,0.09316616505384445,0.03717105835676193
rosenbrock,1.0,2,cholesky,5,exact_marginalization,8192,0.02,1000,2,rosenbrock,576,0.015906810760498047,-0.7013802528381348,,0.13623087108135223,0.001643852679990232,0.09375566989183426,0.0988231748342514
rosenbrock,1.0,2,cholesky,5,exact_marginalization,8192,0.02,1000,2,rosenbrock,577,0.0160520076751709,-0.7126452922821045,,0.13830237090587616,0.003818972734734416,0.11986895650625229,0.06887955963611603
rosenbrock,1.0,2,cholesky,5,exact_marginalization,8192,0.02,1000,2,rosenbrock,578,0.016085147857666016,-0.7032815217971802,,0.12814262509346008,0.005049238912761211,0.098333440721035,0.08200959116220474
rosenbrock,1.0,2,cholesky,5,exact_marginalization,8192,0.02,1000,2,rosenbrock,579,0.0171201229095459,-0.7029610872268677,,0.09803791344165802,0.004582813475281,0.0831770971417427,0.05169140174984932
rosenbrock,1.0,2,cholesky,5,exact_marginalization,8192,0.02,1000,2,rosenbrock,580,0.01630091667175293,-0.7051777243614197,,0.08571279793977737,0.00401267921552062,0.0787588357925415,0.033580150455236435
rosenbrock,1.0,2,cholesky,5,exact_marginalization,8192,0.02,1000,2,rosenbrock,581,0.01540994644165039,-0.7052410840988159,,0.15575706958770752,0.0008798592025414109,0.14848098158836365,0.047041382640600204
rosenbrock,1.0,2,cholesky,5,exact_marginalization,8192,0.02,1000,2,rosenbrock,582,0.018596172332763672,-0.703468918800354,,0.13213960826396942,0.0040732091292738914,0.11579092592000961,0.06353539228439331
rosenbrock,1.0,2,cholesky,5,exact_marginalization,8192,0.02,1000,2,rosenbrock,583,0.014900922775268555,-0.7050896883010864,,0.12710219621658325,0.0024646983947604895,0.11552241444587708,0.0529477596282959
rosenbrock,1.0,2,cholesky,5,exact_marginalization,8192,0.02,1000,2,rosenbrock,584,0.015726089477539062,-0.7021539807319641,,0.07590087503194809,0.0040022279135882854,0.061121344566345215,0.0448230542242527
rosenbrock,1.0,2,cholesky,5,exact_marginalization,8192,0.02,1000,2,rosenbrock,585,0.02008509635925293,-0.7035769820213318,,0.14163322746753693,0.003346350509673357,0.13484521210193634,0.04319193214178085
rosenbrock,1.0,2,cholesky,5,exact_marginalization,8192,0.02,1000,2,rosenbrock,586,0.017160892486572266,-0.7059621214866638,,0.16804131865501404,0.0033195873256772757,0.15534520149230957,0.06399012356996536
rosenbrock,1.0,2,cholesky,5,exact_marginalization,8192,0.02,1000,2,rosenbrock,587,0.017078876495361328,-0.7086951732635498,,0.1020948588848114,0.007652330677956343,0.09291289746761322,0.041617251932621
rosenbrock,1.0,2,cholesky,5,exact_marginalization,8192,0.02,1000,2,rosenbrock,588,0.016273021697998047,-0.706563413143158,,0.09239476919174194,0.0019750455394387245,0.07311269640922546,0.05645730346441269
rosenbrock,1.0,2,cholesky,5,exact_marginalization,8192,0.02,1000,2,rosenbrock,589,0.0175931453704834,-0.7050912976264954,,0.11272686719894409,0.003541115205734968,0.0846656933426857,0.07434062659740448
rosenbrock,1.0,2,cholesky,5,exact_marginalization,8192,0.02,1000,2,rosenbrock,590,0.015982866287231445,-0.7047139406204224,,0.07688307762145996,0.004735074006021023,0.07080598175525665,0.029582081362605095
rosenbrock,1.0,2,cholesky,5,exact_marginalization,8192,0.02,1000,2,rosenbrock,591,0.016437053680419922,-0.7045827507972717,,0.04658989608287811,0.0035519059747457504,0.039613306522369385,0.02426496334373951
rosenbrock,1.0,2,cholesky,5,exact_marginalization,8192,0.02,1000,2,rosenbrock,592,0.01581406593322754,-0.7110295295715332,,0.08115366846323013,0.0030323483515530825,0.05599496141076088,0.05866248533129692
rosenbrock,1.0,2,cholesky,5,exact_marginalization,8192,0.02,1000,2,rosenbrock,593,0.016109228134155273,-0.7023833394050598,,0.09621041268110275,0.0021588094532489777,0.0691768154501915,0.06683075428009033
rosenbrock,1.0,2,cholesky,5,exact_marginalization,8192,0.02,1000,2,rosenbrock,594,0.015738964080810547,-0.7034064531326294,,0.12301313132047653,0.0037690182216465473,0.08665104955434799,0.08723313361406326
rosenbrock,1.0,2,cholesky,5,exact_marginalization,8192,0.02,1000,2,rosenbrock,595,0.016916990280151367,-0.7016968131065369,,0.08791319280862808,0.0017575739184394479,0.08030853420495987,0.035723667591810226
rosenbrock,1.0,2,cholesky,5,exact_marginalization,8192,0.02,1000,2,rosenbrock,596,0.016582250595092773,-0.7056618332862854,,0.1284531205892563,0.0065114423632621765,0.11418378353118896,0.05847964808344841
rosenbrock,1.0,2,cholesky,5,exact_marginalization,8192,0.02,1000,2,rosenbrock,597,0.019892215728759766,-0.7071471810340881,,0.11008381098508835,0.002538042375817895,0.09891308844089508,0.04825146496295929
rosenbrock,1.0,2,cholesky,5,exact_marginalization,8192,0.02,1000,2,rosenbrock,598,0.02960824966430664,-0.7035940289497375,,0.1389392912387848,0.005809275899082422,0.12829133868217468,0.053025588393211365
rosenbrock,1.0,2,cholesky,5,exact_marginalization,8192,0.02,1000,2,rosenbrock,599,0.020207881927490234,-0.7043889760971069,,0.1169356107711792,0.005515226628631353,0.10675187408924103,0.047408413141965866
rosenbrock,1.0,2,cholesky,5,exact_marginalization,8192,0.02,1000,2,rosenbrock,600,0.03893303871154785,-0.7059454917907715,,0.1335701048374176,0.0044126627035439014,0.12763869762420654,0.039113469421863556
rosenbrock,1.0,2,cholesky,5,exact_marginalization,8192,0.02,1000,2,rosenbrock,601,0.01753687858581543,-0.7111023664474487,,0.06434301286935806,0.005738405045121908,0.0554569847881794,0.032118793576955795
rosenbrock,1.0,2,cholesky,5,exact_marginalization,8192,0.02,1000,2,rosenbrock,602,0.016108036041259766,-0.701630711555481,,0.07594756782054901,0.0031893854029476643,0.07015349715948105,0.02891967073082924
rosenbrock,1.0,2,cholesky,5,exact_marginalization,8192,0.02,1000,2,rosenbrock,603,0.015956878662109375,-0.7095695734024048,,0.09718898683786392,0.007866082713007927,0.07381235808134079,0.06273403763771057
rosenbrock,1.0,2,cholesky,5,exact_marginalization,8192,0.02,1000,2,rosenbrock,604,0.015334129333496094,-0.7049119472503662,,0.06224658712744713,0.002873367164283991,0.05506133660674095,0.02888997457921505
rosenbrock,1.0,2,cholesky,5,exact_marginalization,8192,0.02,1000,2,rosenbrock,605,0.015275716781616211,-0.7006068229675293,,0.10825356841087341,0.004511337261646986,0.10247179120779037,0.034612346440553665
rosenbrock,1.0,2,cholesky,5,exact_marginalization,8192,0.02,1000,2,rosenbrock,606,0.01576709747314453,-0.7019569277763367,,0.15593905746936798,0.0031730937771499157,0.13951237499713898,0.06959321349859238
rosenbrock,1.0,2,cholesky,5,exact_marginalization,8192,0.02,1000,2,rosenbrock,607,0.015288114547729492,-0.7021595239639282,,0.08176629990339279,0.0020035235211253166,0.06446057558059692,0.050264786928892136
rosenbrock,1.0,2,cholesky,5,exact_marginalization,8192,0.02,1000,2,rosenbrock,608,0.015053987503051758,-0.6999659538269043,,0.07555065304040909,0.0030879105906933546,0.04291214048862457,0.062104061245918274
rosenbrock,1.0,2,cholesky,5,exact_marginalization,8192,0.02,1000,2,rosenbrock,609,0.015514135360717773,-0.7000716924667358,,0.08153975009918213,0.0026682636234909296,0.06129291653633118,0.053710244596004486
rosenbrock,1.0,2,cholesky,5,exact_marginalization,8192,0.02,1000,2,rosenbrock,610,0.01513814926147461,-0.7051470279693604,,0.10671751946210861,0.006428627762943506,0.07826285064220428,0.07226499170064926
rosenbrock,1.0,2,cholesky,5,exact_marginalization,8192,0.02,1000,2,rosenbrock,611,0.015220880508422852,-0.7013434171676636,,0.1138855442404747,0.002646705834195018,0.07318036258220673,0.08722127228975296
rosenbrock,1.0,2,cholesky,5,exact_marginalization,8192,0.02,1000,2,rosenbrock,612,0.015366315841674805,-0.7054669857025146,,0.23552650213241577,0.004334557335823774,0.21959391236305237,0.08504383265972137
rosenbrock,1.0,2,cholesky,5,exact_marginalization,8192,0.02,1000,2,rosenbrock,613,0.015736818313598633,-0.7026696801185608,,0.24156522750854492,0.0027507084887474775,0.22769565880298615,0.08062797784805298
rosenbrock,1.0,2,cholesky,5,exact_marginalization,8192,0.02,1000,2,rosenbrock,614,0.015466928482055664,-0.7043176293373108,,0.12343394011259079,0.005819225218147039,0.10931091010570526,0.05703682452440262
rosenbrock,1.0,2,cholesky,5,exact_marginalization,8192,0.02,1000,2,rosenbrock,615,0.01740574836730957,-0.7058714032173157,,0.1326598823070526,0.006279027555137873,0.12116428464651108,0.05365106463432312
rosenbrock,1.0,2,cholesky,5,exact_marginalization,8192,0.02,1000,2,rosenbrock,616,0.015251874923706055,-0.7031728029251099,,0.18409359455108643,0.004791470244526863,0.16797176003456116,0.07518627494573593
rosenbrock,1.0,2,cholesky,5,exact_marginalization,8192,0.02,1000,2,rosenbrock,617,0.015910863876342773,-0.7030339241027832,,0.1529027372598648,0.001979239983484149,0.14683133363723755,0.042613234370946884
rosenbrock,1.0,2,cholesky,5,exact_marginalization,8192,0.02,1000,2,rosenbrock,618,0.015323877334594727,-0.7022026777267456,,0.17931920289993286,0.00368404109030962,0.1732652187347412,0.046053994446992874
rosenbrock,1.0,2,cholesky,5,exact_marginalization,8192,0.02,1000,2,rosenbrock,619,0.015343904495239258,-0.6962956190109253,,0.15661640465259552,0.0013160330709069967,0.14244277775287628,0.06509237736463547
rosenbrock,1.0,2,cholesky,5,exact_marginalization,8192,0.02,1000,2,rosenbrock,620,0.01568317413330078,-0.7051182985305786,,0.10220393538475037,0.0033482154831290245,0.07095416635274887,0.07348428666591644
rosenbrock,1.0,2,cholesky,5,exact_marginalization,8192,0.02,1000,2,rosenbrock,621,0.015737056732177734,-0.7043501734733582,,0.09630268812179565,0.0020388043485581875,0.08735949546098709,0.040476780384778976
rosenbrock,1.0,2,cholesky,5,exact_marginalization,8192,0.02,1000,2,rosenbrock,622,0.015705108642578125,-0.702876091003418,,0.11932919919490814,0.003127217525616288,0.11222916841506958,0.040426358580589294
rosenbrock,1.0,2,cholesky,5,exact_marginalization,8192,0.02,1000,2,rosenbrock,623,0.015874147415161133,-0.7042767405509949,,0.11460583657026291,0.004176503978669643,0.1060812845826149,0.043171919882297516
rosenbrock,1.0,2,cholesky,5,exact_marginalization,8192,0.02,1000,2,rosenbrock,624,0.014769315719604492,-0.7006818056106567,,0.2012787014245987,0.005858277902007103,0.1812298595905304,0.08737580478191376
rosenbrock,1.0,2,cholesky,5,exact_marginalization,8192,0.02,1000,2,rosenbrock,625,0.016198158264160156,-0.7041441202163696,,0.07876967638731003,0.004255203064531088,0.07119008153676987,0.03344438597559929
rosenbrock,1.0,2,cholesky,5,exact_marginalization,8192,0.02,1000,2,rosenbrock,626,0.015316963195800781,-0.6963951587677002,,0.10035533457994461,0.005685777869075537,0.06378389149904251,0.07726888358592987
rosenbrock,1.0,2,cholesky,5,exact_marginalization,8192,0.02,1000,2,rosenbrock,627,0.015594959259033203,-0.6973230838775635,,0.10032976418733597,0.0022159572690725327,0.08382998406887054,0.05507887154817581
rosenbrock,1.0,2,cholesky,5,exact_marginalization,8192,0.02,1000,2,rosenbrock,628,0.01611185073852539,-0.7017685174942017,,0.21551591157913208,0.003941238392144442,0.18975721299648285,0.10209687054157257
rosenbrock,1.0,2,cholesky,5,exact_marginalization,8192,0.02,1000,2,rosenbrock,629,0.015902996063232422,-0.6964608430862427,,0.07082617282867432,0.0029183344449847937,0.04206838831305504,0.0569041445851326
rosenbrock,1.0,2,cholesky,5,exact_marginalization,8192,0.02,1000,2,rosenbrock,630,0.015202045440673828,-0.6967247724533081,,0.15909940004348755,0.003756800200790167,0.14691071212291718,0.06095688417553902
rosenbrock,1.0,2,cholesky,5,exact_marginalization,8192,0.02,1000,2,rosenbrock,631,0.015079259872436523,-0.7045172452926636,,0.06714427471160889,0.0023678618017584085,0.04776149243116379,0.047133710235357285
rosenbrock,1.0,2,cholesky,5,exact_marginalization,8192,0.02,1000,2,rosenbrock,632,0.015735864639282227,-0.6983311176300049,,0.14938190579414368,0.00430233683437109,0.12388843297958374,0.08335526287555695
rosenbrock,1.0,2,cholesky,5,exact_marginalization,8192,0.02,1000,2,rosenbrock,633,0.015507221221923828,-0.702496349811554,,0.14394511282444,0.0022750080097466707,0.1302536427974701,0.061229124665260315
rosenbrock,1.0,2,cholesky,5,exact_marginalization,8192,0.02,1000,2,rosenbrock,634,0.015049934387207031,-0.6997063159942627,,0.11582177877426147,0.0020443694666028023,0.10528359562158585,0.048227280378341675
rosenbrock,1.0,2,cholesky,5,exact_marginalization,8192,0.02,1000,2,rosenbrock,635,0.01464700698852539,-0.6983658075332642,,0.17123077809810638,0.004241259768605232,0.1672949492931366,0.03625448793172836
rosenbrock,1.0,2,cholesky,5,exact_marginalization,8192,0.02,1000,2,rosenbrock,636,0.014517068862915039,-0.6977346539497375,,0.10242170095443726,0.0026050256565213203,0.09619764238595963,0.035063233226537704
rosenbrock,1.0,2,cholesky,5,exact_marginalization,8192,0.02,1000,2,rosenbrock,637,0.014532089233398438,-0.7030338644981384,,0.13418425619602203,0.002068787580356002,0.12517642974853516,0.04829076677560806
rosenbrock,1.0,2,cholesky,5,exact_marginalization,8192,0.02,1000,2,rosenbrock,638,0.014515161514282227,-0.6969431042671204,,0.15566939115524292,0.001917871879413724,0.12380494922399521,0.09434837102890015
rosenbrock,1.0,2,cholesky,5,exact_marginalization,8192,0.02,1000,2,rosenbrock,639,0.014396190643310547,-0.695957362651825,,0.10378868877887726,0.0032160584814846516,0.09465829282999039,0.04244474321603775
rosenbrock,1.0,2,cholesky,5,exact_marginalization,8192,0.02,1000,2,rosenbrock,640,0.015751361846923828,-0.702346682548523,,0.10271462053060532,0.0018509611254557967,0.09579186886548996,0.03702409937977791
rosenbrock,1.0,2,cholesky,5,exact_marginalization,8192,0.02,1000,2,rosenbrock,641,0.016082763671875,-0.7024353742599487,,0.11342353373765945,0.0034350771456956863,0.09094209969043732,0.06769514083862305
rosenbrock,1.0,2,cholesky,5,exact_marginalization,8192,0.02,1000,2,rosenbrock,642,0.014775991439819336,-0.702802300453186,,0.1110074445605278,0.0047498769126832485,0.09364034235477448,0.059427086263895035
rosenbrock,1.0,2,cholesky,5,exact_marginalization,8192,0.02,1000,2,rosenbrock,643,0.014746904373168945,-0.6972909569740295,,0.1635584533214569,0.0066996184177696705,0.15770205855369568,0.04285484552383423
rosenbrock,1.0,2,cholesky,5,exact_marginalization,8192,0.02,1000,2,rosenbrock,644,0.015109062194824219,-0.6987287998199463,,0.14603525400161743,0.00472840154543519,0.13942228257656097,0.043189845979213715
rosenbrock,1.0,2,cholesky,5,exact_marginalization,8192,0.02,1000,2,rosenbrock,645,0.017080068588256836,-0.6950873732566833,,0.09025350958108902,0.0034280281979590654,0.06318514049053192,0.06435512751340866
rosenbrock,1.0,2,cholesky,5,exact_marginalization,8192,0.02,1000,2,rosenbrock,646,0.015243053436279297,-0.7006767988204956,,0.084405817091465,0.004195238463580608,0.06615472584962845,0.05225222557783127
rosenbrock,1.0,2,cholesky,5,exact_marginalization,8192,0.02,1000,2,rosenbrock,647,0.015115976333618164,-0.696325957775116,,0.07535426318645477,0.0036749662831425667,0.053369391709566116,0.05307039991021156
rosenbrock,1.0,2,cholesky,5,exact_marginalization,8192,0.02,1000,2,rosenbrock,648,0.016302108764648438,-0.695985734462738,,0.11757022142410278,0.0009231508010998368,0.09967204928398132,0.06234890595078468
rosenbrock,1.0,2,cholesky,5,exact_marginalization,8192,0.02,1000,2,rosenbrock,649,0.01499795913696289,-0.7005152106285095,,0.09371855109930038,0.006307703442871571,0.0827183648943901,0.04360106214880943
rosenbrock,1.0,2,cholesky,5,exact_marginalization,8192,0.02,1000,2,rosenbrock,650,0.016482114791870117,-0.7007312178611755,,0.09183263778686523,0.004908829927444458,0.08115054666996002,0.04270510375499725
rosenbrock,1.0,2,cholesky,5,exact_marginalization,8192,0.02,1000,2,rosenbrock,651,0.01607489585876465,-0.6973456144332886,,0.0724431648850441,0.0029486599378287792,0.05719183757901192,0.04436678811907768
rosenbrock,1.0,2,cholesky,5,exact_marginalization,8192,0.02,1000,2,rosenbrock,652,0.015157938003540039,-0.7006708979606628,,0.05698743835091591,0.004062345251441002,0.043809570372104645,0.03621859848499298
rosenbrock,1.0,2,cholesky,5,exact_marginalization,8192,0.02,1000,2,rosenbrock,653,0.01599884033203125,-0.7015838027000427,,0.11374419182538986,0.0022045779041945934,0.08747681230306625,0.07266835123300552
rosenbrock,1.0,2,cholesky,5,exact_marginalization,8192,0.02,1000,2,rosenbrock,654,0.015822887420654297,-0.6987404227256775,,0.08252154290676117,0.0011365457903593779,0.05899708718061447,0.057687584310770035
rosenbrock,1.0,2,cholesky,5,exact_marginalization,8192,0.02,1000,2,rosenbrock,655,0.015830039978027344,-0.6932013034820557,,0.07377875596284866,0.0025939978659152985,0.06660495698451996,0.03162840008735657
rosenbrock,1.0,2,cholesky,5,exact_marginalization,8192,0.02,1000,2,rosenbrock,656,0.014881134033203125,-0.697746217250824,,0.08484460413455963,0.00387997692450881,0.06312718987464905,0.0565553680062294
rosenbrock,1.0,2,cholesky,5,exact_marginalization,8192,0.02,1000,2,rosenbrock,657,0.015803098678588867,-0.6978188157081604,,0.07487268000841141,0.007888495922088623,0.054092828184366226,0.05116304010152817
rosenbrock,1.0,2,cholesky,5,exact_marginalization,8192,0.02,1000,2,rosenbrock,658,0.015321731567382812,-0.6933162212371826,,0.14234659075737,0.0020975619554519653,0.11662456393241882,0.08158960193395615
rosenbrock,1.0,2,cholesky,5,exact_marginalization,8192,0.02,1000,2,rosenbrock,659,0.016911745071411133,-0.6924097537994385,,0.12166062742471695,0.006027492228895426,0.09378368407487869,0.07726317644119263
rosenbrock,1.0,2,cholesky,5,exact_marginalization,8192,0.02,1000,2,rosenbrock,660,0.01615595817565918,-0.6953591108322144,,0.1356010138988495,0.0019433468114584684,0.11192013323307037,0.0765359103679657
rosenbrock,1.0,2,cholesky,5,exact_marginalization,8192,0.02,1000,2,rosenbrock,661,0.01548004150390625,-0.6939026117324829,,0.11763613671064377,0.0037549014668911695,0.07554516941308975,0.09009488672018051
rosenbrock,1.0,2,cholesky,5,exact_marginalization,8192,0.02,1000,2,rosenbrock,662,0.016064882278442383,-0.702872097492218,,0.1256115883588791,0.0037947201635688543,0.08253782987594604,0.09461171180009842
rosenbrock,1.0,2,cholesky,5,exact_marginalization,8192,0.02,1000,2,rosenbrock,663,0.015420913696289062,-0.7062821388244629,,0.13426418602466583,0.006118308752775192,0.08459127694368362,0.10408533364534378
rosenbrock,1.0,2,cholesky,5,exact_marginalization,8192,0.02,1000,2,rosenbrock,664,0.015470743179321289,-0.6994766592979431,,0.11882370710372925,0.0021209914702922106,0.09501510858535767,0.07132111489772797
rosenbrock,1.0,2,cholesky,5,exact_marginalization,8192,0.02,1000,2,rosenbrock,665,0.015869140625,-0.7016140222549438,,0.10693201422691345,0.003606157610192895,0.08950906246900558,0.058391619473695755
rosenbrock,1.0,2,cholesky,5,exact_marginalization,8192,0.02,1000,2,rosenbrock,666,0.01591205596923828,-0.6973727345466614,,0.07657497376203537,0.001804682775400579,0.05579133331775665,0.05241943895816803
rosenbrock,1.0,2,cholesky,5,exact_marginalization,8192,0.02,1000,2,rosenbrock,667,0.01595902442932129,-0.6970497965812683,,0.1011250838637352,0.0027405607979744673,0.09363006055355072,0.03810752555727959
rosenbrock,1.0,2,cholesky,5,exact_marginalization,8192,0.02,1000,2,rosenbrock,668,0.015887737274169922,-0.7013880610466003,,0.14129041135311127,0.006213706452399492,0.11140722036361694,0.08667641878128052
rosenbrock,1.0,2,cholesky,5,exact_marginalization,8192,0.02,1000,2,rosenbrock,669,0.015340089797973633,-0.6964786648750305,,0.09242109954357147,0.0031769240740686655,0.06621865928173065,0.06439453363418579
rosenbrock,1.0,2,cholesky,5,exact_marginalization,8192,0.02,1000,2,rosenbrock,670,0.015759944915771484,-0.6967203617095947,,0.05933501943945885,0.0024179986212402582,0.04914325103163719,0.03316231071949005
rosenbrock,1.0,2,cholesky,5,exact_marginalization,8192,0.02,1000,2,rosenbrock,671,0.015364885330200195,-0.6931807398796082,,0.08801977336406708,0.002070460468530655,0.07141901552677155,0.05140542984008789
rosenbrock,1.0,2,cholesky,5,exact_marginalization,8192,0.02,1000,2,rosenbrock,672,0.01640605926513672,-0.6886570453643799,,0.08739834278821945,0.004363930784165859,0.07113805413246155,0.050584614276885986
rosenbrock,1.0,2,cholesky,5,exact_marginalization,8192,0.02,1000,2,rosenbrock,673,0.015889883041381836,-0.6948742866516113,,0.11208534240722656,0.003690597601234913,0.058897532522678375,0.0952920913696289
rosenbrock,1.0,2,cholesky,5,exact_marginalization,8192,0.02,1000,2,rosenbrock,674,0.015288829803466797,-0.6969284415245056,,0.14432673156261444,0.004791093524545431,0.12593476474285126,0.07033976912498474
rosenbrock,1.0,2,cholesky,5,exact_marginalization,8192,0.02,1000,2,rosenbrock,675,0.015774965286254883,-0.6994886994361877,,0.09032537788152695,0.006036879029124975,0.07537205517292023,0.049409348517656326
rosenbrock,1.0,2,cholesky,5,exact_marginalization,8192,0.02,1000,2,rosenbrock,676,0.01618480682373047,-0.6935516595840454,,0.20306088030338287,0.003900236450135708,0.11027775704860687,0.17046207189559937
rosenbrock,1.0,2,cholesky,5,exact_marginalization,8192,0.02,1000,2,rosenbrock,677,0.021036148071289062,-0.6971065998077393,,0.12894420325756073,0.0014836862683296204,0.10528649389743805,0.07442554086446762
rosenbrock,1.0,2,cholesky,5,exact_marginalization,8192,0.02,1000,2,rosenbrock,678,0.016088008880615234,-0.69266277551651,,0.13727086782455444,0.004010590258985758,0.08812569826841354,0.10517159104347229
rosenbrock,1.0,2,cholesky,5,exact_marginalization,8192,0.02,1000,2,rosenbrock,679,0.01592707633972168,-0.6923521161079407,,0.1297655999660492,0.0051982044242322445,0.1016409769654274,0.08050589263439178
rosenbrock,1.0,2,cholesky,5,exact_marginalization,8192,0.02,1000,2,rosenbrock,680,0.015662193298339844,-0.6984102129936218,,0.16256237030029297,0.003328055376186967,0.12478596717119217,0.10413412749767303
rosenbrock,1.0,2,cholesky,5,exact_marginalization,8192,0.02,1000,2,rosenbrock,681,0.015087127685546875,-0.69243985414505,,0.10064878314733505,0.002243194729089737,0.054322585463523865,0.08470065891742706
rosenbrock,1.0,2,cholesky,5,exact_marginalization,8192,0.02,1000,2,rosenbrock,682,0.016132116317749023,-0.6932601928710938,,0.09468893706798553,0.0023520849645137787,0.07643681019544601,0.055837929248809814
rosenbrock,1.0,2,cholesky,5,exact_marginalization,8192,0.02,1000,2,rosenbrock,683,0.015146017074584961,-0.6945497989654541,,0.12001197785139084,0.001381995971314609,0.10839328169822693,0.0514962337911129
rosenbrock,1.0,2,cholesky,5,exact_marginalization,8192,0.02,1000,2,rosenbrock,684,0.01649618148803711,-0.7006275057792664,,0.08597937226295471,0.0022480266634374857,0.04740394651889801,0.07169564068317413
rosenbrock,1.0,2,cholesky,5,exact_marginalization,8192,0.02,1000,2,rosenbrock,685,0.01622295379638672,-0.6973857879638672,,0.12067151814699173,0.0030593285337090492,0.11342350393533707,0.04107756167650223
rosenbrock,1.0,2,cholesky,5,exact_marginalization,8192,0.02,1000,2,rosenbrock,686,0.015494108200073242,-0.6961395740509033,,0.09800159186124802,0.004669644869863987,0.08036763966083527,0.055888719856739044
rosenbrock,1.0,2,cholesky,5,exact_marginalization,8192,0.02,1000,2,rosenbrock,687,0.015794992446899414,-0.6927509307861328,,0.08473318070173264,0.0033030686900019646,0.07341551780700684,0.04217775911092758
rosenbrock,1.0,2,cholesky,5,exact_marginalization,8192,0.02,1000,2,rosenbrock,688,0.01563739776611328,-0.694974422454834,,0.0853976234793663,0.004199265968054533,0.060488246381282806,0.0601356104016304
rosenbrock,1.0,2,cholesky,5,exact_marginalization,8192,0.02,1000,2,rosenbrock,689,0.01596808433532715,-0.6890113353729248,,0.15087413787841797,0.0031310338526964188,0.11349931359291077,0.09935345500707626
rosenbrock,1.0,2,cholesky,5,exact_marginalization,8192,0.02,1000,2,rosenbrock,690,0.015609979629516602,-0.6933282017707825,,0.13723933696746826,0.004397254902869463,0.09735115617513657,0.09663359820842743
rosenbrock,1.0,2,cholesky,5,exact_marginalization,8192,0.02,1000,2,rosenbrock,691,0.01530909538269043,-0.6940110921859741,,0.10935935378074646,0.005535195115953684,0.06729143112897873,0.08602727204561234
rosenbrock,1.0,2,cholesky,5,exact_marginalization,8192,0.02,1000,2,rosenbrock,692,0.015271902084350586,-0.6913303136825562,,0.12719987332820892,0.001568206469528377,0.1157819926738739,0.052648670971393585
rosenbrock,1.0,2,cholesky,5,exact_marginalization,8192,0.02,1000,2,rosenbrock,693,0.016769886016845703,-0.6940353512763977,,0.18391087651252747,0.005662510637193918,0.16564683616161346,0.07970114052295685
rosenbrock,1.0,2,cholesky,5,exact_marginalization,8192,0.02,1000,2,rosenbrock,694,0.016270160675048828,-0.6911337375640869,,0.15066403150558472,0.001822550781071186,0.12786924839019775,0.07966043055057526
rosenbrock,1.0,2,cholesky,5,exact_marginalization,8192,0.02,1000,2,rosenbrock,695,0.016833066940307617,-0.6888920664787292,,0.16586478054523468,0.006118814926594496,0.15075618028640747,0.06889312714338303
rosenbrock,1.0,2,cholesky,5,exact_marginalization,8192,0.02,1000,2,rosenbrock,696,0.01604318618774414,-0.6944293975830078,,0.10727270692586899,0.007196386810392141,0.05897719785571098,0.08931592851877213
rosenbrock,1.0,2,cholesky,5,exact_marginalization,8192,0.02,1000,2,rosenbrock,697,0.016223907470703125,-0.700106143951416,,0.1440936177968979,0.005593867041170597,0.12553928792476654,0.07050930708646774
rosenbrock,1.0,2,cholesky,5,exact_marginalization,8192,0.02,1000,2,rosenbrock,698,0.015280008316040039,-0.693062424659729,,0.11124500632286072,0.0074391234666109085,0.09044855087995529,0.0643363893032074
rosenbrock,1.0,2,cholesky,5,exact_marginalization,8192,0.02,1000,2,rosenbrock,699,0.016364097595214844,-0.6924660801887512,,0.13395680487155914,0.004892675671726465,0.1099935919046402,0.07630135864019394
rosenbrock,1.0,2,cholesky,5,exact_marginalization,8192,0.02,1000,2,rosenbrock,700,0.015966176986694336,-0.6926976442337036,,0.17625626921653748,0.007265574298799038,0.15126338601112366,0.09018243104219437
rosenbrock,1.0,2,cholesky,5,exact_marginalization,8192,0.02,1000,2,rosenbrock,701,0.016540050506591797,-0.684987485408783,,0.16029925644397736,0.005499569233506918,0.13518406450748444,0.08597021549940109
rosenbrock,1.0,2,cholesky,5,exact_marginalization,8192,0.02,1000,2,rosenbrock,702,0.015932798385620117,-0.6883302927017212,,0.1570301502943039,0.004260921850800514,0.13528752326965332,0.07960904389619827
rosenbrock,1.0,2,cholesky,5,exact_marginalization,8192,0.02,1000,2,rosenbrock,703,0.01584601402282715,-0.6841912865638733,,0.15730027854442596,0.0058013759553432465,0.08800508826971054,0.13024909794330597
rosenbrock,1.0,2,cholesky,5,exact_marginalization,8192,0.02,1000,2,rosenbrock,704,0.016257047653198242,-0.683729887008667,,0.14807194471359253,0.008084014989435673,0.11267302930355072,0.09573262184858322
rosenbrock,1.0,2,cholesky,5,exact_marginalization,8192,0.02,1000,2,rosenbrock,705,0.01906418800354004,-0.6835130453109741,,0.13133561611175537,0.008982102386653423,0.09392478317022324,0.09135918319225311
rosenbrock,1.0,2,cholesky,5,exact_marginalization,8192,0.02,1000,2,rosenbrock,706,0.017092227935791016,-0.6802642345428467,,0.13473166525363922,0.006048258394002914,0.10748318582773209,0.08101484924554825
rosenbrock,1.0,2,cholesky,5,exact_marginalization,8192,0.02,1000,2,rosenbrock,707,0.016539812088012695,-0.681589663028717,,0.15662798285484314,0.00830783136188984,0.1060781255364418,0.11493798345327377
rosenbrock,1.0,2,cholesky,5,exact_marginalization,8192,0.02,1000,2,rosenbrock,708,0.016936063766479492,-0.6873005032539368,,0.1380521059036255,0.011059703305363655,0.09049494564533234,0.10366643965244293
rosenbrock,1.0,2,cholesky,5,exact_marginalization,8192,0.02,1000,2,rosenbrock,709,0.01615285873413086,-0.6812345385551453,,0.18008169531822205,0.011438635177910328,0.14027269184589386,0.11234836280345917
rosenbrock,1.0,2,cholesky,5,exact_marginalization,8192,0.02,1000,2,rosenbrock,710,0.01630115509033203,-0.6809577345848083,,0.13265186548233032,0.014943146146833897,0.1002252995967865,0.08560439199209213
rosenbrock,1.0,2,cholesky,5,exact_marginalization,8192,0.02,1000,2,rosenbrock,711,0.015280008316040039,-0.6807686686515808,,0.13274480402469635,0.012588974088430405,0.09778439998626709,0.08888707309961319
rosenbrock,1.0,2,cholesky,5,exact_marginalization,8192,0.02,1000,2,rosenbrock,712,0.015249967575073242,-0.6739408373832703,,0.15745164453983307,0.013721873052418232,0.10810138285160065,0.11365219205617905
rosenbrock,1.0,2,cholesky,5,exact_marginalization,8192,0.02,1000,2,rosenbrock,713,0.015729904174804688,-0.6784038543701172,,0.1427178680896759,0.015603329986333847,0.09453021734952927,0.10577790439128876
rosenbrock,1.0,2,cholesky,5,exact_marginalization,8192,0.02,1000,2,rosenbrock,714,0.0159759521484375,-0.676927387714386,,0.18276910483837128,0.016033517196774483,0.11037994176149368,0.14478857815265656
rosenbrock,1.0,2,cholesky,5,exact_marginalization,8192,0.02,1000,2,rosenbrock,715,0.0159912109375,-0.6748568415641785,,0.12889942526817322,0.015038488432765007,0.08341874182224274,0.09710931777954102
rosenbrock,1.0,2,cholesky,5,exact_marginalization,8192,0.02,1000,2,rosenbrock,716,0.014955997467041016,-0.6740427017211914,,0.17221280932426453,0.018205735832452774,0.1125287339091301,0.12908557057380676
rosenbrock,1.0,2,cholesky,5,exact_marginalization,8192,0.02,1000,2,rosenbrock,717,0.016087055206298828,-0.6684377193450928,,0.14550723135471344,0.01782342605292797,0.09439907968044281,0.10928628593683243
rosenbrock,1.0,2,cholesky,5,exact_marginalization,8192,0.02,1000,2,rosenbrock,718,0.01550602912902832,-0.6748952269554138,,0.13326320052146912,0.020307958126068115,0.09528829157352448,0.09092197567224503
rosenbrock,1.0,2,cholesky,5,exact_marginalization,8192,0.02,1000,2,rosenbrock,719,0.015635013580322266,-0.6745451092720032,,0.18366636335849762,0.020797401666641235,0.15145762264728546,0.10179091989994049
rosenbrock,1.0,2,cholesky,5,exact_marginalization,8192,0.02,1000,2,rosenbrock,720,0.015313863754272461,-0.6661248207092285,,0.198868066072464,0.019139336422085762,0.15230146050453186,0.12643755972385406
rosenbrock,1.0,2,cholesky,5,exact_marginalization,8192,0.02,1000,2,rosenbrock,721,0.015208005905151367,-0.6694796681404114,,0.15094402432441711,0.019698085263371468,0.09414838999509811,0.11632783710956573
rosenbrock,1.0,2,cholesky,5,exact_marginalization,8192,0.02,1000,2,rosenbrock,722,0.016098976135253906,-0.6669333577156067,,0.13336023688316345,0.021517183631658554,0.09229325503110886,0.0938291996717453
rosenbrock,1.0,2,cholesky,5,exact_marginalization,8192,0.02,1000,2,rosenbrock,723,0.01583099365234375,-0.6630511283874512,,0.13229690492153168,0.02223815768957138,0.10402166843414307,0.07866019755601883
rosenbrock,1.0,2,cholesky,5,exact_marginalization,8192,0.02,1000,2,rosenbrock,724,0.0168609619140625,-0.6683641672134399,,0.12489431351423264,0.022892331704497337,0.09631101042032242,0.07614932209253311
rosenbrock,1.0,2,cholesky,5,exact_marginalization,8192,0.02,1000,2,rosenbrock,725,0.015799999237060547,-0.664413332939148,,0.12196426093578339,0.02237577736377716,0.07886802405118942,0.09030195325613022
rosenbrock,1.0,2,cholesky,5,exact_marginalization,8192,0.02,1000,2,rosenbrock,726,0.014865875244140625,-0.6635233163833618,,0.12732334434986115,0.020330063998699188,0.0783730149269104,0.09826288372278214
rosenbrock,1.0,2,cholesky,5,exact_marginalization,8192,0.02,1000,2,rosenbrock,727,0.016071081161499023,-0.6679030060768127,,0.13306322693824768,0.023036960512399673,0.08343996852636337,0.10105886310338974
rosenbrock,1.0,2,cholesky,5,exact_marginalization,8192,0.02,1000,2,rosenbrock,728,0.016485214233398438,-0.6616590619087219,,0.14039261639118195,0.02293502539396286,0.12182050943374634,0.06590777635574341
rosenbrock,1.0,2,cholesky,5,exact_marginalization,8192,0.02,1000,2,rosenbrock,729,0.0164339542388916,-0.6724626421928406,,0.14037850499153137,0.02477438561618328,0.11382121592760086,0.07833955436944962
rosenbrock,1.0,2,cholesky,5,exact_marginalization,8192,0.02,1000,2,rosenbrock,730,0.016243934631347656,-0.6689580082893372,,0.1429857611656189,0.024910394102334976,0.10958949476480484,0.08839991688728333
rosenbrock,1.0,2,cholesky,5,exact_marginalization,8192,0.02,1000,2,rosenbrock,731,0.016216754913330078,-0.6620012521743774,,0.11164426803588867,0.021844936534762383,0.08837676793336868,0.06462809443473816
rosenbrock,1.0,2,cholesky,5,exact_marginalization,8192,0.02,1000,2,rosenbrock,732,0.015260934829711914,-0.6636430621147156,,0.15437625348567963,0.020986443385481834,0.11758778989315033,0.09779932349920273
rosenbrock,1.0,2,cholesky,5,exact_marginalization,8192,0.02,1000,2,rosenbrock,733,0.016148090362548828,-0.6629213094711304,,0.1182624101638794,0.022175565361976624,0.08797252923250198,0.07586222887039185
rosenbrock,1.0,2,cholesky,5,exact_marginalization,8192,0.02,1000,2,rosenbrock,734,0.014777898788452148,-0.6606827974319458,,0.11711832880973816,0.021624665707349777,0.0930958241224289,0.06769227236509323
rosenbrock,1.0,2,cholesky,5,exact_marginalization,8192,0.02,1000,2,rosenbrock,735,0.01600193977355957,-0.6611131429672241,,0.10781225562095642,0.020499657839536667,0.08218599110841751,0.06669864803552628
rosenbrock,1.0,2,cholesky,5,exact_marginalization,8192,0.02,1000,2,rosenbrock,736,0.014895200729370117,-0.661727249622345,,0.19256901741027832,0.020199567079544067,0.1756584346294403,0.0762818455696106
rosenbrock,1.0,2,cholesky,5,exact_marginalization,8192,0.02,1000,2,rosenbrock,737,0.014605045318603516,-0.6661096811294556,,0.15228572487831116,0.021532399579882622,0.1193389892578125,0.09211680293083191
rosenbrock,1.0,2,cholesky,5,exact_marginalization,8192,0.02,1000,2,rosenbrock,738,0.016562938690185547,-0.6656352281570435,,0.1168903037905693,0.021551266312599182,0.09337200224399567,0.06693695485591888
rosenbrock,1.0,2,cholesky,5,exact_marginalization,8192,0.02,1000,2,rosenbrock,739,0.016056060791015625,-0.6628501415252686,,0.1031598448753357,0.02078617550432682,0.0844104215502739,0.05554067716002464
rosenbrock,1.0,2,cholesky,5,exact_marginalization,8192,0.02,1000,2,rosenbrock,740,0.016254186630249023,-0.6590467691421509,,0.08832541108131409,0.022942550480365753,0.06648857891559601,0.053425513207912445
rosenbrock,1.0,2,cholesky,5,exact_marginalization,8192,0.02,1000,2,rosenbrock,741,0.015961170196533203,-0.6640731692314148,,0.11316584050655365,0.02020498923957348,0.08930512517690659,0.0665045976638794
rosenbrock,1.0,2,cholesky,5,exact_marginalization,8192,0.02,1000,2,rosenbrock,742,0.016273975372314453,-0.6614958643913269,,0.11118405312299728,0.01955607533454895,0.08852999657392502,0.06435754895210266
rosenbrock,1.0,2,cholesky,5,exact_marginalization,8192,0.02,1000,2,rosenbrock,743,0.01601886749267578,-0.6602784395217896,,0.1811576932668686,0.019651606678962708,0.14212405681610107,0.11060143262147903
rosenbrock,1.0,2,cholesky,5,exact_marginalization,8192,0.02,1000,2,rosenbrock,744,0.0161898136138916,-0.6618764996528625,,0.12680833041667938,0.019335012882947922,0.11403482407331467,0.05198623612523079
rosenbrock,1.0,2,cholesky,5,exact_marginalization,8192,0.02,1000,2,rosenbrock,745,0.014775991439819336,-0.6626166701316833,,0.11431903392076492,0.019448496401309967,0.08756277710199356,0.07087565213441849
rosenbrock,1.0,2,cholesky,5,exact_marginalization,8192,0.02,1000,2,rosenbrock,746,0.015942096710205078,-0.6667738556861877,,0.11555556952953339,0.02008882537484169,0.09157796949148178,0.06755001097917557
rosenbrock,1.0,2,cholesky,5,exact_marginalization,8192,0.02,1000,2,rosenbrock,747,0.015814781188964844,-0.6580530405044556,,0.14479562640190125,0.016594795510172844,0.11958127468824387,0.07994187623262405
rosenbrock,1.0,2,cholesky,5,exact_marginalization,8192,0.02,1000,2,rosenbrock,748,0.01566290855407715,-0.6645151376724243,,0.13389793038368225,0.018122924491763115,0.09062258154153824,0.09689045697450638
rosenbrock,1.0,2,cholesky,5,exact_marginalization,8192,0.02,1000,2,rosenbrock,749,0.015377998352050781,-0.6644575595855713,,0.09277516603469849,0.018649188801646233,0.06893514096736908,0.05922318622469902
rosenbrock,1.0,2,cholesky,5,exact_marginalization,8192,0.02,1000,2,rosenbrock,750,0.015487909317016602,-0.6580893993377686,,0.12323303520679474,0.018037758767604828,0.09367816150188446,0.07800912111997604
rosenbrock,1.0,2,cholesky,5,exact_marginalization,8192,0.02,1000,2,rosenbrock,751,0.016785144805908203,-0.6609540581703186,,0.08432318270206451,0.01723206229507923,0.054561007767915726,0.06193990260362625
rosenbrock,1.0,2,cholesky,5,exact_marginalization,8192,0.02,1000,2,rosenbrock,752,0.01530599594116211,-0.6595758199691772,,0.11935880035161972,0.01727626845240593,0.1030464842915535,0.057701610028743744
rosenbrock,1.0,2,cholesky,5,exact_marginalization,8192,0.02,1000,2,rosenbrock,753,0.01730203628540039,-0.6645941138267517,,0.10897580534219742,0.017591340467333794,0.08261924982070923,0.06885005533695221
rosenbrock,1.0,2,cholesky,5,exact_marginalization,8192,0.02,1000,2,rosenbrock,754,0.01621389389038086,-0.6565059423446655,,0.11783166974782944,0.018550002947449684,0.06375913321971893,0.09733946621417999
rosenbrock,1.0,2,cholesky,5,exact_marginalization,8192,0.02,1000,2,rosenbrock,755,0.016333818435668945,-0.6531187295913696,,0.11412522941827774,0.01597786508500576,0.07620451599359512,0.08343948423862457
rosenbrock,1.0,2,cholesky,5,exact_marginalization,8192,0.02,1000,2,rosenbrock,756,0.015529870986938477,-0.6600149273872375,,0.10841379314661026,0.017641326412558556,0.09886585921049118,0.04083961620926857
rosenbrock,1.0,2,cholesky,5,exact_marginalization,8192,0.02,1000,2,rosenbrock,757,0.016012907028198242,-0.6586167812347412,,0.12548215687274933,0.017143363133072853,0.08924499154090881,0.08652866631746292
rosenbrock,1.0,2,cholesky,5,exact_marginalization,8192,0.02,1000,2,rosenbrock,758,0.015398025512695312,-0.6557438373565674,,0.10282819718122482,0.019237101078033447,0.06464086472988129,0.0776217132806778
rosenbrock,1.0,2,cholesky,5,exact_marginalization,8192,0.02,1000,2,rosenbrock,759,0.015050888061523438,-0.6593040823936462,,0.08663085103034973,0.016974441707134247,0.07283194363117218,0.04372963309288025
rosenbrock,1.0,2,cholesky,5,exact_marginalization,8192,0.02,1000,2,rosenbrock,760,0.01567697525024414,-0.6552318334579468,,0.1093970313668251,0.017420487478375435,0.09744319319725037,0.046573203057050705
rosenbrock,1.0,2,cholesky,5,exact_marginalization,8192,0.02,1000,2,rosenbrock,761,0.016651153564453125,-0.6569838523864746,,0.09972940385341644,0.016474395990371704,0.0899323970079422,0.039833519607782364
rosenbrock,1.0,2,cholesky,5,exact_marginalization,8192,0.02,1000,2,rosenbrock,762,0.015434026718139648,-0.6538110971450806,,0.10227891802787781,0.018174245953559875,0.0778174176812172,0.06383669376373291
rosenbrock,1.0,2,cholesky,5,exact_marginalization,8192,0.02,1000,2,rosenbrock,763,0.015789031982421875,-0.6605552434921265,,0.11810007691383362,0.017438260838389397,0.08832165598869324,0.07643834501504898
rosenbrock,1.0,2,cholesky,5,exact_marginalization,8192,0.02,1000,2,rosenbrock,764,0.016134023666381836,-0.654601514339447,,0.07919611781835556,0.015104780904948711,0.06201628968119621,0.04688125103712082
rosenbrock,1.0,2,cholesky,5,exact_marginalization,8192,0.02,1000,2,rosenbrock,765,0.014788150787353516,-0.6545180678367615,,0.13352149724960327,0.016144340857863426,0.10803218185901642,0.07678798586130142
rosenbrock,1.0,2,cholesky,5,exact_marginalization,8192,0.02,1000,2,rosenbrock,766,0.014868974685668945,-0.6564281582832336,,0.08895716816186905,0.01578669622540474,0.07326646894216537,0.04791849106550217
rosenbrock,1.0,2,cholesky,5,exact_marginalization,8192,0.02,1000,2,rosenbrock,767,0.016218185424804688,-0.6540309190750122,,0.1476747989654541,0.016680540516972542,0.11723348498344421,0.08823786675930023
rosenbrock,1.0,2,cholesky,5,exact_marginalization,8192,0.02,1000,2,rosenbrock,768,0.01612114906311035,-0.6570637822151184,,0.08073461800813675,0.015701768919825554,0.07094471901655197,0.03519062325358391
rosenbrock,1.0,2,cholesky,5,exact_marginalization,8192,0.02,1000,2,rosenbrock,769,0.01627802848815918,-0.6517706513404846,,0.08278395980596542,0.016795393079519272,0.05695377662777901,0.057683322578668594
rosenbrock,1.0,2,cholesky,5,exact_marginalization,8192,0.02,1000,2,rosenbrock,770,0.016470909118652344,-0.6564950942993164,,0.10184140503406525,0.017529327422380447,0.08040875941514969,0.05999022349715233
rosenbrock,1.0,2,cholesky,5,exact_marginalization,8192,0.02,1000,2,rosenbrock,771,0.015674114227294922,-0.6577366590499878,,0.11326917260885239,0.015173565596342087,0.08225979655981064,0.07637405395507812
rosenbrock,1.0,2,cholesky,5,exact_marginalization,8192,0.02,1000,2,rosenbrock,772,0.01593303680419922,-0.6552305221557617,,0.11222364008426666,0.01559365913271904,0.0863649770617485,0.069943368434906
rosenbrock,1.0,2,cholesky,5,exact_marginalization,8192,0.02,1000,2,rosenbrock,773,0.01590871810913086,-0.6546807289123535,,0.09312859177589417,0.013340024277567863,0.06593438982963562,0.06440212577581406
rosenbrock,1.0,2,cholesky,5,exact_marginalization,8192,0.02,1000,2,rosenbrock,774,0.016055822372436523,-0.6533774137496948,,0.1606314331293106,0.016781525686383247,0.14043796062469482,0.0761447474360466
rosenbrock,1.0,2,cholesky,5,exact_marginalization,8192,0.02,1000,2,rosenbrock,775,0.015548944473266602,-0.6542388200759888,,0.11794121563434601,0.015560970641672611,0.10484303534030914,0.05172932893037796
rosenbrock,1.0,2,cholesky,5,exact_marginalization,8192,0.02,1000,2,rosenbrock,776,0.01578378677368164,-0.653550386428833,,0.11093510687351227,0.014530621469020844,0.08162534236907959,0.07370725274085999
rosenbrock,1.0,2,cholesky,5,exact_marginalization,8192,0.02,1000,2,rosenbrock,777,0.017600059509277344,-0.6549288034439087,,0.17595921456813812,0.013756217435002327,0.16579651832580566,0.05730559304356575
rosenbrock,1.0,2,cholesky,5,exact_marginalization,8192,0.02,1000,2,rosenbrock,778,0.02427196502685547,-0.65311598777771,,0.09505292028188705,0.01605563797056675,0.08630365878343582,0.03645480424165726
rosenbrock,1.0,2,cholesky,5,exact_marginalization,8192,0.02,1000,2,rosenbrock,779,0.01651310920715332,-0.6546199917793274,,0.09290201961994171,0.014723259955644608,0.0809035673737526,0.04322759434580803
rosenbrock,1.0,2,cholesky,5,exact_marginalization,8192,0.02,1000,2,rosenbrock,780,0.022017955780029297,-0.6501206159591675,,0.08543766289949417,0.014374927617609501,0.06659415364265442,0.051557473838329315
rosenbrock,1.0,2,cholesky,5,exact_marginalization,8192,0.02,1000,2,rosenbrock,781,0.01627802848815918,-0.6541292667388916,,0.09769692271947861,0.012808406725525856,0.08159871399402618,0.05217548459768295
rosenbrock,1.0,2,cholesky,5,exact_marginalization,8192,0.02,1000,2,rosenbrock,782,0.01557302474975586,-0.6534461379051208,,0.0826849713921547,0.014698930084705353,0.07243775576353073,0.037060998380184174
rosenbrock,1.0,2,cholesky,5,exact_marginalization,8192,0.02,1000,2,rosenbrock,783,0.016555070877075195,-0.6487454175949097,,0.11549941450357437,0.01210011262446642,0.10225415229797363,0.052323900163173676
rosenbrock,1.0,2,cholesky,5,exact_marginalization,8192,0.02,1000,2,rosenbrock,784,0.016622066497802734,-0.6483713984489441,,0.13315613567829132,0.013917284086346626,0.11976613849401474,0.05650607496500015
rosenbrock,1.0,2,cholesky,5,exact_marginalization,8192,0.02,1000,2,rosenbrock,785,0.018648147583007812,-0.6537740230560303,,0.10728247463703156,0.014467512257397175,0.09595157206058502,0.04575495421886444
rosenbrock,1.0,2,cholesky,5,exact_marginalization,8192,0.02,1000,2,rosenbrock,786,0.01634502410888672,-0.6481600403785706,,0.12175291776657104,0.015184798277914524,0.11365748941898346,0.04092884808778763
rosenbrock,1.0,2,cholesky,5,exact_marginalization,8192,0.02,1000,2,rosenbrock,787,0.019324064254760742,-0.6483088135719299,,0.09852749109268188,0.012610318139195442,0.07274570316076279,0.06524346023797989
rosenbrock,1.0,2,cholesky,5,exact_marginalization,8192,0.02,1000,2,rosenbrock,788,0.016922712326049805,-0.6464260220527649,,0.08037147670984268,0.01498612854629755,0.06073034182190895,0.05046598240733147
rosenbrock,1.0,2,cholesky,5,exact_marginalization,8192,0.02,1000,2,rosenbrock,789,0.014903068542480469,-0.6490527987480164,,0.12058515101671219,0.013396317139267921,0.07907170057296753,0.09004990011453629
rosenbrock,1.0,2,cholesky,5,exact_marginalization,8192,0.02,1000,2,rosenbrock,790,0.014949798583984375,-0.6504517197608948,,0.10506311058998108,0.01521039567887783,0.08430914580821991,0.060818325728178024
rosenbrock,1.0,2,cholesky,5,exact_marginalization,8192,0.02,1000,2,rosenbrock,791,0.01630997657775879,-0.6542071104049683,,0.10948219150304794,0.012711046263575554,0.10442099720239639,0.030348561704158783
rosenbrock,1.0,2,cholesky,5,exact_marginalization,8192,0.02,1000,2,rosenbrock,792,0.016478300094604492,-0.6522877216339111,,0.08486243337392807,0.011354424990713596,0.07649008184671402,0.034956786781549454
rosenbrock,1.0,2,cholesky,5,exact_marginalization,8192,0.02,1000,2,rosenbrock,793,0.015496253967285156,-0.6493167877197266,,0.13700410723686218,0.011082553304731846,0.1130804494023323,0.0765513926744461
rosenbrock,1.0,2,cholesky,5,exact_marginalization,8192,0.02,1000,2,rosenbrock,794,0.019801855087280273,-0.6528677940368652,,0.10694096237421036,0.01311572641134262,0.08676102757453918,0.06112994626164436
rosenbrock,1.0,2,cholesky,5,exact_marginalization,8192,0.02,1000,2,rosenbrock,795,0.016536951065063477,-0.6484225392341614,,0.10672637075185776,0.01140572689473629,0.07557222247123718,0.0744934007525444
rosenbrock,1.0,2,cholesky,5,exact_marginalization,8192,0.02,1000,2,rosenbrock,796,0.015790224075317383,-0.6486119627952576,,0.10726969689130783,0.01319572888314724,0.09936901926994324,0.038189783692359924
rosenbrock,1.0,2,cholesky,5,exact_marginalization,8192,0.02,1000,2,rosenbrock,797,0.015192985534667969,-0.652649998664856,,0.09501156955957413,0.015734238550066948,0.08096226304769516,0.047167204320430756
rosenbrock,1.0,2,cholesky,5,exact_marginalization,8192,0.02,1000,2,rosenbrock,798,0.015908002853393555,-0.6488263010978699,,0.08948326110839844,0.01451201643794775,0.0724581927061081,0.0504625141620636
rosenbrock,1.0,2,cholesky,5,exact_marginalization,8192,0.02,1000,2,rosenbrock,799,0.01603102684020996,-0.6510871648788452,,0.09550180286169052,0.011846591718494892,0.08498048782348633,0.041935306042432785
rosenbrock,1.0,2,cholesky,5,exact_marginalization,8192,0.02,1000,2,rosenbrock,800,0.016605854034423828,-0.6528354287147522,,0.08039212226867676,0.012816512025892735,0.06904583424329758,0.039131857454776764
rosenbrock,1.0,2,cholesky,5,exact_marginalization,8192,0.02,1000,2,rosenbrock,801,0.01689600944519043,-0.6503913998603821,,0.09560564160346985,0.010912611149251461,0.09224831312894821,0.022618599236011505
rosenbrock,1.0,2,cholesky,5,exact_marginalization,8192,0.02,1000,2,rosenbrock,802,0.015546083450317383,-0.6477319002151489,,0.09580442309379578,0.0121842036023736,0.07673618197441101,0.0560498982667923
rosenbrock,1.0,2,cholesky,5,exact_marginalization,8192,0.02,1000,2,rosenbrock,803,0.01593804359436035,-0.642942488193512,,0.10072667896747589,0.00946784671396017,0.09433268755674362,0.03402304649353027
rosenbrock,1.0,2,cholesky,5,exact_marginalization,8192,0.02,1000,2,rosenbrock,804,0.015860795974731445,-0.647331953048706,,0.13854683935642242,0.013331249356269836,0.12090545147657394,0.0663277730345726
rosenbrock,1.0,2,cholesky,5,exact_marginalization,8192,0.02,1000,2,rosenbrock,805,0.01579594612121582,-0.6502617597579956,,0.13867636024951935,0.012896730564534664,0.11059489846229553,0.08266542851924896
rosenbrock,1.0,2,cholesky,5,exact_marginalization,8192,0.02,1000,2,rosenbrock,806,0.016237974166870117,-0.6485211253166199,,0.10865944623947144,0.011649632826447487,0.07969237118959427,0.07294029742479324
rosenbrock,1.0,2,cholesky,5,exact_marginalization,8192,0.02,1000,2,rosenbrock,807,0.01565098762512207,-0.6476280689239502,,0.0944969579577446,0.011983461678028107,0.07139921188354492,0.06073074787855148
rosenbrock,1.0,2,cholesky,5,exact_marginalization,8192,0.02,1000,2,rosenbrock,808,0.016463041305541992,-0.6521435379981995,,0.09294387698173523,0.012610766105353832,0.08503256738185883,0.035341132432222366
rosenbrock,1.0,2,cholesky,5,exact_marginalization,8192,0.02,1000,2,rosenbrock,809,0.015207767486572266,-0.643805742263794,,0.1807093471288681,0.010837244801223278,0.1626296490430832,0.07803855091333389
rosenbrock,1.0,2,cholesky,5,exact_marginalization,8192,0.02,1000,2,rosenbrock,810,0.015420913696289062,-0.6518685221672058,,0.10205202549695969,0.011982707306742668,0.09905218333005905,0.021440545096993446
rosenbrock,1.0,2,cholesky,5,exact_marginalization,8192,0.02,1000,2,rosenbrock,811,0.018548011779785156,-0.6460921764373779,,0.09629947692155838,0.012920286506414413,0.08555390685796738,0.04227510467171669
rosenbrock,1.0,2,cholesky,5,exact_marginalization,8192,0.02,1000,2,rosenbrock,812,0.01771688461303711,-0.6523811221122742,,0.07618430256843567,0.013086941093206406,0.07069064676761627,0.025211365893483162
rosenbrock,1.0,2,cholesky,5,exact_marginalization,8192,0.02,1000,2,rosenbrock,813,0.01623988151550293,-0.642217755317688,,0.08486571162939072,0.011758078821003437,0.07598158717155457,0.03592679649591446
rosenbrock,1.0,2,cholesky,5,exact_marginalization,8192,0.02,1000,2,rosenbrock,814,0.015567302703857422,-0.6475176811218262,,0.10030607879161835,0.012031665071845055,0.08463060110807419,0.052480548620224
rosenbrock,1.0,2,cholesky,5,exact_marginalization,8192,0.02,1000,2,rosenbrock,815,0.01597738265991211,-0.6474099159240723,,0.11034922301769257,0.012196602299809456,0.09352153539657593,0.05728800594806671
rosenbrock,1.0,2,cholesky,5,exact_marginalization,8192,0.02,1000,2,rosenbrock,816,0.016240835189819336,-0.6507654786109924,,0.09961535036563873,0.01211502030491829,0.06367599964141846,0.0756426602602005
rosenbrock,1.0,2,cholesky,5,exact_marginalization,8192,0.02,1000,2,rosenbrock,817,0.016482114791870117,-0.6468896865844727,,0.11936195194721222,0.010014205239713192,0.09626658260822296,0.06985511630773544
rosenbrock,1.0,2,cholesky,5,exact_marginalization,8192,0.02,1000,2,rosenbrock,818,0.02827906608581543,-0.6486689448356628,,0.10052424669265747,0.013341205194592476,0.07316255569458008,0.06763415038585663
rosenbrock,1.0,2,cholesky,5,exact_marginalization,8192,0.02,1000,2,rosenbrock,819,0.04382061958312988,-0.6425944566726685,,0.136211097240448,0.013149735517799854,0.13070209324359894,0.03602103516459465
rosenbrock,1.0,2,cholesky,5,exact_marginalization,8192,0.02,1000,2,rosenbrock,820,0.015951871871948242,-0.644473671913147,,0.10139589011669159,0.012388701550662518,0.09175154566764832,0.04134366288781166
rosenbrock,1.0,2,cholesky,5,exact_marginalization,8192,0.02,1000,2,rosenbrock,821,0.03241896629333496,-0.6451249122619629,,0.13413867354393005,0.010298368521034718,0.10297676175832748,0.08534001559019089
rosenbrock,1.0,2,cholesky,5,exact_marginalization,8192,0.02,1000,2,rosenbrock,822,0.025470972061157227,-0.6463043093681335,,0.1266070306301117,0.011867322959005833,0.11100181937217712,0.05972522124648094
rosenbrock,1.0,2,cholesky,5,exact_marginalization,8192,0.02,1000,2,rosenbrock,823,0.01869964599609375,-0.6441588997840881,,0.10939344018697739,0.011738359928131104,0.09695467352867126,0.04928413778543472
rosenbrock,1.0,2,cholesky,5,exact_marginalization,8192,0.02,1000,2,rosenbrock,824,0.017385005950927734,-0.6441259384155273,,0.08773971349000931,0.011387196369469166,0.07389823347330093,0.04590904340147972
rosenbrock,1.0,2,cholesky,5,exact_marginalization,8192,0.02,1000,2,rosenbrock,825,0.016370296478271484,-0.6435516476631165,,0.10074874013662338,0.011992002837359905,0.07818122953176498,0.06240347772836685
rosenbrock,1.0,2,cholesky,5,exact_marginalization,8192,0.02,1000,2,rosenbrock,826,0.01902008056640625,-0.6448853015899658,,0.18232272565364838,0.012324468232691288,0.1600283831357956,0.0864904448390007
rosenbrock,1.0,2,cholesky,5,exact_marginalization,8192,0.02,1000,2,rosenbrock,827,0.01639699935913086,-0.6435216665267944,,0.10990257561206818,0.010081346146762371,0.0937773734331131,0.056415848433971405
rosenbrock,1.0,2,cholesky,5,exact_marginalization,8192,0.02,1000,2,rosenbrock,828,0.015078067779541016,-0.6454771757125854,,0.12803062796592712,0.010926365852355957,0.12298103421926498,0.03388397768139839
rosenbrock,1.0,2,cholesky,5,exact_marginalization,8192,0.02,1000,2,rosenbrock,829,0.016108989715576172,-0.6424149870872498,,0.11174647510051727,0.009503766894340515,0.08240051567554474,0.07488061487674713
rosenbrock,1.0,2,cholesky,5,exact_marginalization,8192,0.02,1000,2,rosenbrock,830,0.01633477210998535,-0.642679750919342,,0.0859733372926712,0.010705435648560524,0.07379741966724396,0.04278726875782013
rosenbrock,1.0,2,cholesky,5,exact_marginalization,8192,0.02,1000,2,rosenbrock,831,0.01663517951965332,-0.6521642804145813,,0.0924651175737381,0.012448168359696865,0.07318444550037384,0.055126022547483444
rosenbrock,1.0,2,cholesky,5,exact_marginalization,8192,0.02,1000,2,rosenbrock,832,0.01509404182434082,-0.646494448184967,,0.0927545353770256,0.010523436591029167,0.07092391699552536,0.05884265527129173
rosenbrock,1.0,2,cholesky,5,exact_marginalization,8192,0.02,1000,2,rosenbrock,833,0.015997886657714844,-0.6434745788574219,,0.09557713568210602,0.00976963248103857,0.07465948909521103,0.05886852368712425
rosenbrock,1.0,2,cholesky,5,exact_marginalization,8192,0.02,1000,2,rosenbrock,834,0.0160977840423584,-0.6452358961105347,,0.08584941923618317,0.009327528066933155,0.07209287583827972,0.045669883489608765
rosenbrock,1.0,2,cholesky,5,exact_marginalization,8192,0.02,1000,2,rosenbrock,835,0.01647210121154785,-0.643559992313385,,0.0744372010231018,0.010147683322429657,0.05789816007018089,0.045669738203287125
rosenbrock,1.0,2,cholesky,5,exact_marginalization,8192,0.02,1000,2,rosenbrock,836,0.016520023345947266,-0.6417361497879028,,0.08308650553226471,0.007653165142983198,0.07823549211025238,0.02690732851624489
rosenbrock,1.0,2,cholesky,5,exact_marginalization,8192,0.02,1000,2,rosenbrock,837,0.016349315643310547,-0.6477799415588379,,0.0789608433842659,0.012825505807995796,0.07113538682460785,0.031781718134880066
rosenbrock,1.0,2,cholesky,5,exact_marginalization,8192,0.02,1000,2,rosenbrock,838,0.01663827896118164,-0.6407780051231384,,0.10569330304861069,0.00911113154143095,0.08055402338504791,0.06781673431396484
rosenbrock,1.0,2,cholesky,5,exact_marginalization,8192,0.02,1000,2,rosenbrock,839,0.017383337020874023,-0.6436420679092407,,0.084463931620121,0.010190087370574474,0.06857350468635559,0.048249274492263794
rosenbrock,1.0,2,cholesky,5,exact_marginalization,8192,0.02,1000,2,rosenbrock,840,0.015719890594482422,-0.6453569531440735,,0.07984991371631622,0.013324110768735409,0.06283830106258392,0.0474323146045208
rosenbrock,1.0,2,cholesky,5,exact_marginalization,8192,0.02,1000,2,rosenbrock,841,0.0157623291015625,-0.6404560208320618,,0.1620790958404541,0.01096411608159542,0.1331224888563156,0.0918031707406044
rosenbrock,1.0,2,cholesky,5,exact_marginalization,8192,0.02,1000,2,rosenbrock,842,0.015761852264404297,-0.6426270008087158,,0.11434321105480194,0.010817362926900387,0.0995759516954422,0.055154167115688324
rosenbrock,1.0,2,cholesky,5,exact_marginalization,8192,0.02,1000,2,rosenbrock,843,0.015420198440551758,-0.6490921974182129,,0.10181664675474167,0.013140247203409672,0.06924738734960556,0.07347627729177475
rosenbrock,1.0,2,cholesky,5,exact_marginalization,8192,0.02,1000,2,rosenbrock,844,0.016412734985351562,-0.6472092866897583,,0.09302450716495514,0.009186294861137867,0.07859382778406143,0.04890993982553482
rosenbrock,1.0,2,cholesky,5,exact_marginalization,8192,0.02,1000,2,rosenbrock,845,0.016206741333007812,-0.6447694897651672,,0.08190649747848511,0.011173482984304428,0.06388454139232635,0.05002592131495476
rosenbrock,1.0,2,cholesky,5,exact_marginalization,8192,0.02,1000,2,rosenbrock,846,0.017301082611083984,-0.6442184448242188,,0.10245583951473236,0.010716460645198822,0.08742191642522812,0.05234275013208389
rosenbrock,1.0,2,cholesky,5,exact_marginalization,8192,0.02,1000,2,rosenbrock,847,0.01621389389038086,-0.6427950859069824,,0.12763184309005737,0.010728397406637669,0.11972717195749283,0.04289746284484863
rosenbrock,1.0,2,cholesky,5,exact_marginalization,8192,0.02,1000,2,rosenbrock,848,0.015311002731323242,-0.6396452188491821,,0.07859699428081512,0.009995730593800545,0.0716717466711998,0.0306713804602623
rosenbrock,1.0,2,cholesky,5,exact_marginalization,8192,0.02,1000,2,rosenbrock,849,0.017121076583862305,-0.6477760076522827,,0.10677845776081085,0.009541305713355541,0.07835029810667038,0.07191546261310577
rosenbrock,1.0,2,cholesky,5,exact_marginalization,8192,0.02,1000,2,rosenbrock,850,0.024508953094482422,-0.643357515335083,,0.10217603296041489,0.009473984129726887,0.0796389952301979,0.06330732256174088
rosenbrock,1.0,2,cholesky,5,exact_marginalization,8192,0.02,1000,2,rosenbrock,851,0.020135879516601562,-0.6426960229873657,,0.12007539719343185,0.010368787683546543,0.10737689584493637,0.052733227610588074
rosenbrock,1.0,2,cholesky,5,exact_marginalization,8192,0.02,1000,2,rosenbrock,852,0.01870107650756836,-0.6387689709663391,,0.13499967753887177,0.009932007640600204,0.12789595127105713,0.04205821454524994
rosenbrock,1.0,2,cholesky,5,exact_marginalization,8192,0.02,1000,2,rosenbrock,853,0.016189098358154297,-0.6444488763809204,,0.10365775972604752,0.009856948629021645,0.08913185447454453,0.05199311673641205
rosenbrock,1.0,2,cholesky,5,exact_marginalization,8192,0.02,1000,2,rosenbrock,854,0.01837635040283203,-0.6362000107765198,,0.09086522459983826,0.011061528697609901,0.07733499258756638,0.04640505462884903
rosenbrock,1.0,2,cholesky,5,exact_marginalization,8192,0.02,1000,2,rosenbrock,855,0.020549297332763672,-0.6403540372848511,,0.09454578906297684,0.011310894973576069,0.07110747694969177,0.06127557530999184
rosenbrock,1.0,2,cholesky,5,exact_marginalization,8192,0.02,1000,2,rosenbrock,856,0.018225908279418945,-0.6410741209983826,,0.09554339945316315,0.009488965384662151,0.0884774774312973,0.03478847071528435
rosenbrock,1.0,2,cholesky,5,exact_marginalization,8192,0.02,1000,2,rosenbrock,857,0.018725156784057617,-0.6377184987068176,,0.09475594013929367,0.008325629867613316,0.08905240893363953,0.03128962963819504
rosenbrock,1.0,2,cholesky,5,exact_marginalization,8192,0.02,1000,2,rosenbrock,858,0.01812887191772461,-0.6381399035453796,,0.09032253921031952,0.011077458038926125,0.0729360431432724,0.05211317911744118
rosenbrock,1.0,2,cholesky,5,exact_marginalization,8192,0.02,1000,2,rosenbrock,859,0.016337871551513672,-0.6392217874526978,,0.14747774600982666,0.0077824960462749004,0.1146947592496872,0.09238090366125107
rosenbrock,1.0,2,cholesky,5,exact_marginalization,8192,0.02,1000,2,rosenbrock,860,0.014893054962158203,-0.6426804065704346,,0.15270507335662842,0.0097093116492033,0.13982342183589935,0.060613345354795456
rosenbrock,1.0,2,cholesky,5,exact_marginalization,8192,0.02,1000,2,rosenbrock,861,0.016421794891357422,-0.6427538990974426,,0.10410904139280319,0.009712637402117252,0.08471644669771194,0.05972839891910553
rosenbrock,1.0,2,cholesky,5,exact_marginalization,8192,0.02,1000,2,rosenbrock,862,0.018080949783325195,-0.6397243738174438,,0.08004987984895706,0.011119886301457882,0.06607861071825027,0.043794404715299606
rosenbrock,1.0,2,cholesky,5,exact_marginalization,8192,0.02,1000,2,rosenbrock,863,0.017528057098388672,-0.6324269771575928,,0.08631337434053421,0.010469322092831135,0.053549863398075104,0.0668790265917778
rosenbrock,1.0,2,cholesky,5,exact_marginalization,8192,0.02,1000,2,rosenbrock,864,0.015757083892822266,-0.6418223977088928,,0.10515260696411133,0.00956234522163868,0.07915370911359787,0.06855890154838562
rosenbrock,1.0,2,cholesky,5,exact_marginalization,8192,0.02,1000,2,rosenbrock,865,0.01752018928527832,-0.6396276950836182,,0.12388547509908676,0.009751160629093647,0.10567232966423035,0.06392093002796173
rosenbrock,1.0,2,cholesky,5,exact_marginalization,8192,0.02,1000,2,rosenbrock,866,0.018301963806152344,-0.6343481540679932,,0.10625040531158447,0.009871135465800762,0.07589316368103027,0.0737016573548317
rosenbrock,1.0,2,cholesky,5,exact_marginalization,8192,0.02,1000,2,rosenbrock,867,0.016978979110717773,-0.6338433027267456,,0.09597484767436981,0.008589141070842743,0.08005735278129578,0.05223234370350838
rosenbrock,1.0,2,cholesky,5,exact_marginalization,8192,0.02,1000,2,rosenbrock,868,0.015638113021850586,-0.6389108896255493,,0.15287604928016663,0.01018236018717289,0.13801006972789764,0.0649663433432579
rosenbrock,1.0,2,cholesky,5,exact_marginalization,8192,0.02,1000,2,rosenbrock,869,0.016170978546142578,-0.6355936527252197,,0.11072397977113724,0.010259817354381084,0.06132034212350845,0.09162069112062454
rosenbrock,1.0,2,cholesky,5,exact_marginalization,8192,0.02,1000,2,rosenbrock,870,0.015449762344360352,-0.6413483023643494,,0.0905783399939537,0.007368018850684166,0.07486167550086975,0.050456684082746506
rosenbrock,1.0,2,cholesky,5,exact_marginalization,8192,0.02,1000,2,rosenbrock,871,0.016351938247680664,-0.6399736404418945,,0.11666125059127808,0.011549300514161587,0.10697717219591141,0.04508155584335327
rosenbrock,1.0,2,cholesky,5,exact_marginalization,8192,0.02,1000,2,rosenbrock,872,0.014818906784057617,-0.6396046876907349,,0.12404222041368484,0.009386420249938965,0.11745396256446838,0.03876768425107002
rosenbrock,1.0,2,cholesky,5,exact_marginalization,8192,0.02,1000,2,rosenbrock,873,0.014486074447631836,-0.6402120590209961,,0.11312375217676163,0.009764066897332668,0.09076549112796783,0.06680772453546524
rosenbrock,1.0,2,cholesky,5,exact_marginalization,8192,0.02,1000,2,rosenbrock,874,0.015932083129882812,-0.6378300189971924,,0.11174394190311432,0.009063348174095154,0.0933600515127182,0.06073273345828056
rosenbrock,1.0,2,cholesky,5,exact_marginalization,8192,0.02,1000,2,rosenbrock,875,0.01624584197998047,-0.6435660123825073,,0.1620977222919464,0.010092663578689098,0.09950821101665497,0.12756145000457764
rosenbrock,1.0,2,cholesky,5,exact_marginalization,8192,0.02,1000,2,rosenbrock,876,0.01520991325378418,-0.6480129957199097,,0.10383427888154984,0.00970708578824997,0.06505756080150604,0.08034203946590424
rosenbrock,1.0,2,cholesky,5,exact_marginalization,8192,0.02,1000,2,rosenbrock,877,0.016537189483642578,-0.6377990245819092,,0.07030192762613297,0.010001102462410927,0.05847309157252312,0.03772580623626709
rosenbrock,1.0,2,cholesky,5,exact_marginalization,8192,0.02,1000,2,rosenbrock,878,0.015776872634887695,-0.6379557847976685,,0.16467967629432678,0.008420492522418499,0.13455525040626526,0.09456943720579147
rosenbrock,1.0,2,cholesky,5,exact_marginalization,8192,0.02,1000,2,rosenbrock,879,0.01566791534423828,-0.6418368220329285,,0.08645768463611603,0.009525869973003864,0.06415215879678726,0.05717245861887932
rosenbrock,1.0,2,cholesky,5,exact_marginalization,8192,0.02,1000,2,rosenbrock,880,0.015419960021972656,-0.6365044713020325,,0.11676503717899323,0.008745834231376648,0.08301589637994766,0.08164525032043457
rosenbrock,1.0,2,cholesky,5,exact_marginalization,8192,0.02,1000,2,rosenbrock,881,0.024786949157714844,-0.638141393661499,,0.08687528967857361,0.010285072028636932,0.07126491516828537,0.04860910028219223
rosenbrock,1.0,2,cholesky,5,exact_marginalization,8192,0.02,1000,2,rosenbrock,882,0.014954090118408203,-0.6402117013931274,,0.0860944464802742,0.009832198731601238,0.06691849231719971,0.053268153220415115
rosenbrock,1.0,2,cholesky,5,exact_marginalization,8192,0.02,1000,2,rosenbrock,883,0.015276193618774414,-0.6404623985290527,,0.08595696836709976,0.00847101304680109,0.06912197172641754,0.050388433039188385
rosenbrock,1.0,2,cholesky,5,exact_marginalization,8192,0.02,1000,2,rosenbrock,884,0.015864133834838867,-0.639255702495575,,0.08722969144582748,0.008815104141831398,0.07698067277669907,0.04006606712937355
rosenbrock,1.0,2,cholesky,5,exact_marginalization,8192,0.02,1000,2,rosenbrock,885,0.015581130981445312,-0.6397169232368469,,0.0941363126039505,0.008638842031359673,0.05769198760390282,0.07388266921043396
rosenbrock,1.0,2,cholesky,5,exact_marginalization,8192,0.02,1000,2,rosenbrock,886,0.014609813690185547,-0.6407953500747681,,0.07770220190286636,0.008923965506255627,0.06758149713277817,0.03729257732629776
rosenbrock,1.0,2,cholesky,5,exact_marginalization,8192,0.02,1000,2,rosenbrock,887,0.015861988067626953,-0.6356030702590942,,0.08185020834207535,0.0075254300609230995,0.0627502053976059,0.052011888474226
rosenbrock,1.0,2,cholesky,5,exact_marginalization,8192,0.02,1000,2,rosenbrock,888,0.015152215957641602,-0.6410241723060608,,0.09577127546072006,0.01003870740532875,0.07773757725954056,0.05502936616539955
rosenbrock,1.0,2,cholesky,5,exact_marginalization,8192,0.02,1000,2,rosenbrock,889,0.01588582992553711,-0.6350297927856445,,0.12746484577655792,0.00785121601074934,0.11470049619674683,0.055040352046489716
rosenbrock,1.0,2,cholesky,5,exact_marginalization,8192,0.02,1000,2,rosenbrock,890,0.016594886779785156,-0.6336023211479187,,0.10273153334856033,0.007707648910582066,0.05730094760656357,0.08491738140583038
rosenbrock,1.0,2,cholesky,5,exact_marginalization,8192,0.02,1000,2,rosenbrock,891,0.01575326919555664,-0.6363154649734497,,0.09294275939464569,0.00930278655141592,0.07867158204317093,0.048606544733047485
rosenbrock,1.0,2,cholesky,5,exact_marginalization,8192,0.02,1000,2,rosenbrock,892,0.015773296356201172,-0.6411336064338684,,0.09276251494884491,0.007763648871332407,0.07887905091047287,0.04819444566965103
rosenbrock,1.0,2,cholesky,5,exact_marginalization,8192,0.02,1000,2,rosenbrock,893,0.01611614227294922,-0.6358661651611328,,0.12160841375589371,0.008267232216894627,0.10681086778640747,0.057547345757484436
rosenbrock,1.0,2,cholesky,5,exact_marginalization,8192,0.02,1000,2,rosenbrock,894,0.015050172805786133,-0.6359890103340149,,0.08924499154090881,0.009105529636144638,0.07430011034011841,0.048592709004879
rosenbrock,1.0,2,cholesky,5,exact_marginalization,8192,0.02,1000,2,rosenbrock,895,0.015280008316040039,-0.6393438577651978,,0.07900379598140717,0.010280732996761799,0.07201874256134033,0.030809195712208748
rosenbrock,1.0,2,cholesky,5,exact_marginalization,8192,0.02,1000,2,rosenbrock,896,0.016475200653076172,-0.6359916925430298,,0.06953620165586472,0.01027697417885065,0.05891512334346771,0.03547780215740204
rosenbrock,1.0,2,cholesky,5,exact_marginalization,8192,0.02,1000,2,rosenbrock,897,0.01493978500366211,-0.6352254748344421,,0.0950712263584137,0.007330726832151413,0.07796970009803772,0.05390291288495064
rosenbrock,1.0,2,cholesky,5,exact_marginalization,8192,0.02,1000,2,rosenbrock,898,0.016387939453125,-0.6444038152694702,,0.0879049226641655,0.00800042413175106,0.065807044506073,0.057729557156562805
rosenbrock,1.0,2,cholesky,5,exact_marginalization,8192,0.02,1000,2,rosenbrock,899,0.016261816024780273,-0.6371667981147766,,0.0908711776137352,0.0064188153482973576,0.07296431064605713,0.05378270521759987
rosenbrock,1.0,2,cholesky,5,exact_marginalization,8192,0.02,1000,2,rosenbrock,900,0.08628296852111816,-0.6359499096870422,,0.08620714396238327,0.009650721214711666,0.07085941731929779,0.04814019054174423
rosenbrock,1.0,2,cholesky,5,exact_marginalization,8192,0.02,1000,2,rosenbrock,901,0.017746925354003906,-0.6340373158454895,,0.08770497888326645,0.009440304711461067,0.07474228739738464,0.04490695893764496
rosenbrock,1.0,2,cholesky,5,exact_marginalization,8192,0.02,1000,2,rosenbrock,902,0.015844106674194336,-0.6400993466377258,,0.09504738450050354,0.009429124183952808,0.08703731745481491,0.0370081402361393
rosenbrock,1.0,2,cholesky,5,exact_marginalization,8192,0.02,1000,2,rosenbrock,903,0.015453338623046875,-0.640005350112915,,0.12907086312770844,0.006899804808199406,0.11685635894536972,0.05437159165740013
rosenbrock,1.0,2,cholesky,5,exact_marginalization,8192,0.02,1000,2,rosenbrock,904,0.015169620513916016,-0.6299243569374084,,0.11852028965950012,0.008717622607946396,0.08891977369785309,0.07787386327981949
rosenbrock,1.0,2,cholesky,5,exact_marginalization,8192,0.02,1000,2,rosenbrock,905,0.01586008071899414,-0.6353648900985718,,0.07653975486755371,0.007127887103706598,0.06436914205551147,0.04079388454556465
rosenbrock,1.0,2,cholesky,5,exact_marginalization,8192,0.02,1000,2,rosenbrock,906,0.015326976776123047,-0.6355149149894714,,0.09404914081096649,0.008426009677350521,0.07996658235788345,0.04878101870417595
rosenbrock,1.0,2,cholesky,5,exact_marginalization,8192,0.02,1000,2,rosenbrock,907,0.016075849533081055,-0.6362652778625488,,0.07195395231246948,0.00900204200297594,0.060904610902071,0.037241946905851364
rosenbrock,1.0,2,cholesky,5,exact_marginalization,8192,0.02,1000,2,rosenbrock,908,0.01566791534423828,-0.6334904432296753,,0.07171709835529327,0.00838695652782917,0.05683014541864395,0.04293408244848251
rosenbrock,1.0,2,cholesky,5,exact_marginalization,8192,0.02,1000,2,rosenbrock,909,0.016351938247680664,-0.6355682015419006,,0.07108476012945175,0.007536655757576227,0.059935636818408966,0.037469469010829926
rosenbrock,1.0,2,cholesky,5,exact_marginalization,8192,0.02,1000,2,rosenbrock,910,0.016208171844482422,-0.6305521130561829,,0.08652491122484207,0.010263296775519848,0.07650567591190338,0.03909101337194443
rosenbrock,1.0,2,cholesky,5,exact_marginalization,8192,0.02,1000,2,rosenbrock,911,0.015633821487426758,-0.6359859704971313,,0.18207965791225433,0.007238029967993498,0.16936084628105164,0.0664643719792366
rosenbrock,1.0,2,cholesky,5,exact_marginalization,8192,0.02,1000,2,rosenbrock,912,0.015772342681884766,-0.6351112723350525,,0.08202652633190155,0.007379757706075907,0.05916786193847656,0.056329868733882904
rosenbrock,1.0,2,cholesky,5,exact_marginalization,8192,0.02,1000,2,rosenbrock,913,0.01570415496826172,-0.638046383857727,,0.11907840520143509,0.006795396097004414,0.10164818912744522,0.06165333837270737
rosenbrock,1.0,2,cholesky,5,exact_marginalization,8192,0.02,1000,2,rosenbrock,914,0.015084028244018555,-0.6389015913009644,,0.0806017816066742,0.007271501235663891,0.05332580581307411,0.06000109389424324
rosenbrock,1.0,2,cholesky,5,exact_marginalization,8192,0.02,1000,2,rosenbrock,915,0.016349077224731445,-0.6372901201248169,,0.08050574362277985,0.00879186112433672,0.06350642442703247,0.04869097098708153
rosenbrock,1.0,2,cholesky,5,exact_marginalization,8192,0.02,1000,2,rosenbrock,916,0.01621389389038086,-0.6367010474205017,,0.1014452800154686,0.00855257548391819,0.08536510169506073,0.05413685739040375
rosenbrock,1.0,2,cholesky,5,exact_marginalization,8192,0.02,1000,2,rosenbrock,917,0.01585984230041504,-0.6341846585273743,,0.0968385636806488,0.009587028995156288,0.08743539452552795,0.04050740227103233
rosenbrock,1.0,2,cholesky,5,exact_marginalization,8192,0.02,1000,2,rosenbrock,918,0.015639066696166992,-0.6371984481811523,,0.1196017861366272,0.007251576986163855,0.10657232254743576,0.053799111396074295
rosenbrock,1.0,2,cholesky,5,exact_marginalization,8192,0.02,1000,2,rosenbrock,919,0.015282869338989258,-0.6340305209159851,,0.07812400162220001,0.00923218671232462,0.05952989310026169,0.04974251240491867
rosenbrock,1.0,2,cholesky,5,exact_marginalization,8192,0.02,1000,2,rosenbrock,920,0.016228199005126953,-0.6348495483398438,,0.08819267153739929,0.008916446007788181,0.063477523624897,0.06057267263531685
rosenbrock,1.0,2,cholesky,5,exact_marginalization,8192,0.02,1000,2,rosenbrock,921,0.01633310317993164,-0.6370241045951843,,0.10936834663152695,0.008073506876826286,0.08757415413856506,0.06501553952693939
rosenbrock,1.0,2,cholesky,5,exact_marginalization,8192,0.02,1000,2,rosenbrock,922,0.016257047653198242,-0.6333171129226685,,0.12680289149284363,0.010047603398561478,0.10115966200828552,0.07579409331083298
rosenbrock,1.0,2,cholesky,5,exact_marginalization,8192,0.02,1000,2,rosenbrock,923,0.015362977981567383,-0.6357078552246094,,0.098811574280262,0.008923277258872986,0.08226495236158371,0.05400538444519043
rosenbrock,1.0,2,cholesky,5,exact_marginalization,8192,0.02,1000,2,rosenbrock,924,0.01603412628173828,-0.6350974440574646,,0.09625829011201859,0.009468726813793182,0.06247229129076004,0.07261689007282257
rosenbrock,1.0,2,cholesky,5,exact_marginalization,8192,0.02,1000,2,rosenbrock,925,0.015919208526611328,-0.6324230432510376,,0.10941952466964722,0.007849753834307194,0.08968497812747955,0.06219017878174782
rosenbrock,1.0,2,cholesky,5,exact_marginalization,8192,0.02,1000,2,rosenbrock,926,0.016389846801757812,-0.6386120915412903,,0.11938031762838364,0.009645022451877594,0.09873223304748535,0.06641218811273575
rosenbrock,1.0,2,cholesky,5,exact_marginalization,8192,0.02,1000,2,rosenbrock,927,0.016291141510009766,-0.6375139951705933,,0.09561440348625183,0.006241641938686371,0.08343954384326935,0.04627092555165291
rosenbrock,1.0,2,cholesky,5,exact_marginalization,8192,0.02,1000,2,rosenbrock,928,0.015014886856079102,-0.6365747451782227,,0.09307608008384705,0.006336124148219824,0.06118429824709892,0.06985335052013397
rosenbrock,1.0,2,cholesky,5,exact_marginalization,8192,0.02,1000,2,rosenbrock,929,0.015880823135375977,-0.6342271566390991,,0.09119819849729538,0.007946047931909561,0.07083012908697128,0.05689520761370659
rosenbrock,1.0,2,cholesky,5,exact_marginalization,8192,0.02,1000,2,rosenbrock,930,0.015047073364257812,-0.6361056566238403,,0.10295678675174713,0.009144817478954792,0.09708958864212036,0.03301643952727318
rosenbrock,1.0,2,cholesky,5,exact_marginalization,8192,0.02,1000,2,rosenbrock,931,0.017022132873535156,-0.6335086226463318,,0.1040249764919281,0.007633842993527651,0.09571052342653275,0.040030185133218765
rosenbrock,1.0,2,cholesky,5,exact_marginalization,8192,0.02,1000,2,rosenbrock,932,0.016037702560424805,-0.6384064555168152,,0.07709838449954987,0.006883543916046619,0.06811399012804031,0.03545788675546646
rosenbrock,1.0,2,cholesky,5,exact_marginalization,8192,0.02,1000,2,rosenbrock,933,0.01640915870666504,-0.6341572403907776,,0.08615197241306305,0.007846266962587833,0.07743356376886368,0.03694107010960579
rosenbrock,1.0,2,cholesky,5,exact_marginalization,8192,0.02,1000,2,rosenbrock,934,0.016154766082763672,-0.6332410573959351,,0.10743515193462372,0.009280337952077389,0.08455803245306015,0.06562107801437378
rosenbrock,1.0,2,cholesky,5,exact_marginalization,8192,0.02,1000,2,rosenbrock,935,0.014716863632202148,-0.6355909705162048,,0.09463143348693848,0.007951837033033371,0.07323168218135834,0.0594053715467453
rosenbrock,1.0,2,cholesky,5,exact_marginalization,8192,0.02,1000,2,rosenbrock,936,0.015737056732177734,-0.6323853731155396,,0.09775698930025101,0.00828778836876154,0.06800076365470886,0.06973979622125626
rosenbrock,1.0,2,cholesky,5,exact_marginalization,8192,0.02,1000,2,rosenbrock,937,0.015928030014038086,-0.6330499649047852,,0.07412422448396683,0.00674617663025856,0.06238456070423126,0.03945956006646156
rosenbrock,1.0,2,cholesky,5,exact_marginalization,8192,0.02,1000,2,rosenbrock,938,0.014973878860473633,-0.6326735019683838,,0.08630865067243576,0.010294188745319843,0.07645756006240845,0.03869696334004402
rosenbrock,1.0,2,cholesky,5,exact_marginalization,8192,0.02,1000,2,rosenbrock,939,0.015544891357421875,-0.6317356824874878,,0.09740035235881805,0.007743794936686754,0.08666253834962845,0.0437774695456028
rosenbrock,1.0,2,cholesky,5,exact_marginalization,8192,0.02,1000,2,rosenbrock,940,0.014966011047363281,-0.6341432929039001,,0.09112899005413055,0.006136580370366573,0.08476859331130981,0.03288040682673454
rosenbrock,1.0,2,cholesky,5,exact_marginalization,8192,0.02,1000,2,rosenbrock,941,0.014919042587280273,-0.6303521394729614,,0.09311843663454056,0.006093254778534174,0.08747061342000961,0.03134976699948311
rosenbrock,1.0,2,cholesky,5,exact_marginalization,8192,0.02,1000,2,rosenbrock,942,0.015070915222167969,-0.6314789056777954,,0.1350904405117035,0.007297524716705084,0.1206183210015297,0.06039368361234665
rosenbrock,1.0,2,cholesky,5,exact_marginalization,8192,0.02,1000,2,rosenbrock,943,0.015115976333618164,-0.6378062963485718,,0.15026499330997467,0.008545329794287682,0.07831384986639023,0.12795892357826233
rosenbrock,1.0,2,cholesky,5,exact_marginalization,8192,0.02,1000,2,rosenbrock,944,0.01566600799560547,-0.6315518617630005,,0.08360601216554642,0.006187190767377615,0.07207509875297546,0.041914958506822586
rosenbrock,1.0,2,cholesky,5,exact_marginalization,8192,0.02,1000,2,rosenbrock,945,0.01442408561706543,-0.6337512135505676,,0.13751088082790375,0.006029469892382622,0.11179842799901962,0.07983734458684921
rosenbrock,1.0,2,cholesky,5,exact_marginalization,8192,0.02,1000,2,rosenbrock,946,0.01559901237487793,-0.6312467455863953,,0.08591074496507645,0.006726167630404234,0.07930533587932587,0.03234314173460007
rosenbrock,1.0,2,cholesky,5,exact_marginalization,8192,0.02,1000,2,rosenbrock,947,0.018402814865112305,-0.6338181495666504,,0.08151929825544357,0.007860669866204262,0.07374008744955063,0.0338527150452137
rosenbrock,1.0,2,cholesky,5,exact_marginalization,8192,0.02,1000,2,rosenbrock,948,0.01567387580871582,-0.6335018873214722,,0.11362840980291367,0.007223502267152071,0.10505565255880356,0.04269131273031235
rosenbrock,1.0,2,cholesky,5,exact_marginalization,8192,0.02,1000,2,rosenbrock,949,0.016569137573242188,-0.6293665766716003,,0.10679484903812408,0.007946698926389217,0.08533582836389542,0.06371642649173737
rosenbrock,1.0,2,cholesky,5,exact_marginalization,8192,0.02,1000,2,rosenbrock,950,0.01709294319152832,-0.6332206726074219,,0.12808871269226074,0.0055579436011612415,0.11311927437782288,0.059831902384757996
rosenbrock,1.0,2,cholesky,5,exact_marginalization,8192,0.02,1000,2,rosenbrock,951,0.01552581787109375,-0.637881875038147,,0.106659434735775,0.007798017468303442,0.10060369968414307,0.03455893322825432
rosenbrock,1.0,2,cholesky,5,exact_marginalization,8192,0.02,1000,2,rosenbrock,952,0.015569925308227539,-0.6337873339653015,,0.10498921573162079,0.006791635416448116,0.09439340233802795,0.04545872285962105
rosenbrock,1.0,2,cholesky,5,exact_marginalization,8192,0.02,1000,2,rosenbrock,953,0.01577305793762207,-0.6324567794799805,,0.08676030486822128,0.00561161432415247,0.07824622094631195,0.03705928102135658
rosenbrock,1.0,2,cholesky,5,exact_marginalization,8192,0.02,1000,2,rosenbrock,954,0.015194892883300781,-0.6350321769714355,,0.08384256809949875,0.006535822991281748,0.07142612338066101,0.043418511748313904
rosenbrock,1.0,2,cholesky,5,exact_marginalization,8192,0.02,1000,2,rosenbrock,955,0.01583099365234375,-0.6304076313972473,,0.08759190142154694,0.006505806930363178,0.07097310572862625,0.05091986805200577
rosenbrock,1.0,2,cholesky,5,exact_marginalization,8192,0.02,1000,2,rosenbrock,956,0.016321182250976562,-0.6331368684768677,,0.1071508526802063,0.007113666273653507,0.06573615223169327,0.08431761711835861
rosenbrock,1.0,2,cholesky,5,exact_marginalization,8192,0.02,1000,2,rosenbrock,957,0.015320777893066406,-0.6301365494728088,,0.11014659702777863,0.007423499599099159,0.08613394945859909,0.06825033575296402
rosenbrock,1.0,2,cholesky,5,exact_marginalization,8192,0.02,1000,2,rosenbrock,958,0.015202999114990234,-0.6305192112922668,,0.12770599126815796,0.00604889914393425,0.10649225860834122,0.0702255517244339
rosenbrock,1.0,2,cholesky,5,exact_marginalization,8192,0.02,1000,2,rosenbrock,959,0.015486001968383789,-0.6325729489326477,,0.07429920881986618,0.007059585768729448,0.05522451549768448,0.04920149967074394
rosenbrock,1.0,2,cholesky,5,exact_marginalization,8192,0.02,1000,2,rosenbrock,960,0.01579904556274414,-0.6330214142799377,,0.11237352341413498,0.006626626942306757,0.09899814426898956,0.0527566596865654
rosenbrock,1.0,2,cholesky,5,exact_marginalization,8192,0.02,1000,2,rosenbrock,961,0.01563429832458496,-0.6328093409538269,,0.07473033666610718,0.004823646973818541,0.06475535035133362,0.03698784112930298
rosenbrock,1.0,2,cholesky,5,exact_marginalization,8192,0.02,1000,2,rosenbrock,962,0.015413045883178711,-0.630859375,,0.12719960510730743,0.00731746107339859,0.11933689564466476,0.04341542348265648
rosenbrock,1.0,2,cholesky,5,exact_marginalization,8192,0.02,1000,2,rosenbrock,963,0.014581918716430664,-0.634202778339386,,0.08414454013109207,0.007350333966314793,0.0661957785487175,0.05142367258667946
rosenbrock,1.0,2,cholesky,5,exact_marginalization,8192,0.02,1000,2,rosenbrock,964,0.01546621322631836,-0.6336348056793213,,0.08987580984830856,0.008018284104764462,0.08072857558727264,0.038681577891111374
rosenbrock,1.0,2,cholesky,5,exact_marginalization,8192,0.02,1000,2,rosenbrock,965,0.015391826629638672,-0.6296485066413879,,0.10780747979879379,0.008265386335551739,0.07738468050956726,0.07460394501686096
rosenbrock,1.0,2,cholesky,5,exact_marginalization,8192,0.02,1000,2,rosenbrock,966,0.016682863235473633,-0.6304576992988586,,0.1002371609210968,0.0085045350715518,0.06887657195329666,0.07232688367366791
rosenbrock,1.0,2,cholesky,5,exact_marginalization,8192,0.02,1000,2,rosenbrock,967,0.015194177627563477,-0.6321403980255127,,0.08279147744178772,0.007291356101632118,0.07224123179912567,0.03978027403354645
rosenbrock,1.0,2,cholesky,5,exact_marginalization,8192,0.02,1000,2,rosenbrock,968,0.015488862991333008,-0.6322123408317566,,0.07870457321405411,0.007968571968376637,0.06803121417760849,0.038764242082834244
rosenbrock,1.0,2,cholesky,5,exact_marginalization,8192,0.02,1000,2,rosenbrock,969,0.015365839004516602,-0.6296210885047913,,0.06499874591827393,0.005248290952295065,0.04971351474523544,0.04154346138238907
rosenbrock,1.0,2,cholesky,5,exact_marginalization,8192,0.02,1000,2,rosenbrock,970,0.015275001525878906,-0.6325094699859619,,0.09840118139982224,0.006117678713053465,0.09064120054244995,0.03780927509069443
rosenbrock,1.0,2,cholesky,5,exact_marginalization,8192,0.02,1000,2,rosenbrock,971,0.015899181365966797,-0.6343296766281128,,0.08580727130174637,0.008933081291615963,0.07178101688623428,0.04615812748670578
rosenbrock,1.0,2,cholesky,5,exact_marginalization,8192,0.02,1000,2,rosenbrock,972,0.01645636558532715,-0.6303092837333679,,0.08096009492874146,0.007373299449682236,0.07076847553253174,0.03862634673714638
rosenbrock,1.0,2,cholesky,5,exact_marginalization,8192,0.02,1000,2,rosenbrock,973,0.015478134155273438,-0.6373909711837769,,0.13846716284751892,0.008007168769836426,0.12776677310466766,0.052770186215639114
rosenbrock,1.0,2,cholesky,5,exact_marginalization,8192,0.02,1000,2,rosenbrock,974,0.01676011085510254,-0.6274299621582031,,0.12826178967952728,0.00764752272516489,0.11598033457994461,0.05423247441649437
rosenbrock,1.0,2,cholesky,5,exact_marginalization,8192,0.02,1000,2,rosenbrock,975,0.016582012176513672,-0.6318021416664124,,0.07066107541322708,0.006218793801963329,0.05782535299658775,0.04013156518340111
rosenbrock,1.0,2,cholesky,5,exact_marginalization,8192,0.02,1000,2,rosenbrock,976,0.01544499397277832,-0.6288688778877258,,0.09367341548204422,0.0051359934732317924,0.08557488024234772,0.03775274381041527
rosenbrock,1.0,2,cholesky,5,exact_marginalization,8192,0.02,1000,2,rosenbrock,977,0.01838231086730957,-0.6284078359603882,,0.06340879201889038,0.006524568889290094,0.05416266620159149,0.03231888636946678
rosenbrock,1.0,2,cholesky,5,exact_marginalization,8192,0.02,1000,2,rosenbrock,978,0.01728987693786621,-0.6320765614509583,,0.08746170997619629,0.006089034955948591,0.07869825512170792,0.037670403718948364
rosenbrock,1.0,2,cholesky,5,exact_marginalization,8192,0.02,1000,2,rosenbrock,979,0.01721334457397461,-0.6321390271186829,,0.10023839771747589,0.007247311994433403,0.050027746707201004,0.08655886352062225
rosenbrock,1.0,2,cholesky,5,exact_marginalization,8192,0.02,1000,2,rosenbrock,980,0.015166282653808594,-0.6311982870101929,,0.11830452084541321,0.006752829533070326,0.1003175899386406,0.06234372407197952
rosenbrock,1.0,2,cholesky,5,exact_marginalization,8192,0.02,1000,2,rosenbrock,981,0.016463756561279297,-0.6330731511116028,,0.09371267259120941,0.005749083124101162,0.06565313786268234,0.06662341207265854
rosenbrock,1.0,2,cholesky,5,exact_marginalization,8192,0.02,1000,2,rosenbrock,982,0.016447067260742188,-0.6261179447174072,,0.09218840301036835,0.004870211705565453,0.07993345707654953,0.04566863924264908
rosenbrock,1.0,2,cholesky,5,exact_marginalization,8192,0.02,1000,2,rosenbrock,983,0.015179157257080078,-0.628800630569458,,0.07024414092302322,0.004997707903385162,0.05624513700604439,0.041782137006521225
rosenbrock,1.0,2,cholesky,5,exact_marginalization,8192,0.02,1000,2,rosenbrock,984,0.01665782928466797,-0.6335101127624512,,0.11299724131822586,0.006538023706525564,0.1041683554649353,0.043296460062265396
rosenbrock,1.0,2,cholesky,5,exact_marginalization,8192,0.02,1000,2,rosenbrock,985,0.015401124954223633,-0.6355817914009094,,0.11749763786792755,0.006630888674408197,0.08499014377593994,0.08086037635803223
rosenbrock,1.0,2,cholesky,5,exact_marginalization,8192,0.02,1000,2,rosenbrock,986,0.015122175216674805,-0.6280746459960938,,0.09409376233816147,0.006915080361068249,0.08134716749191284,0.046780940145254135
rosenbrock,1.0,2,cholesky,5,exact_marginalization,8192,0.02,1000,2,rosenbrock,987,0.015585184097290039,-0.6293114423751831,,0.11228734254837036,0.006877414416521788,0.0984458327293396,0.05356833338737488
rosenbrock,1.0,2,cholesky,5,exact_marginalization,8192,0.02,1000,2,rosenbrock,988,0.015379905700683594,-0.6304344534873962,,0.09555593132972717,0.006246838252991438,0.08651182055473328,0.04009510949254036
rosenbrock,1.0,2,cholesky,5,exact_marginalization,8192,0.02,1000,2,rosenbrock,989,0.015280008316040039,-0.623475968837738,,0.10710351169109344,0.008778390474617481,0.0884254202246666,0.05979170277714729
rosenbrock,1.0,2,cholesky,5,exact_marginalization,8192,0.02,1000,2,rosenbrock,990,0.01624608039855957,-0.6255946755409241,,0.07503398507833481,0.0084304790943861,0.06634055823087692,0.03402875363826752
rosenbrock,1.0,2,cholesky,5,exact_marginalization,8192,0.02,1000,2,rosenbrock,991,0.014889955520629883,-0.6319237947463989,,0.08575439453125,0.0076570031233131886,0.07616455107927322,0.03865420073270798
rosenbrock,1.0,2,cholesky,5,exact_marginalization,8192,0.02,1000,2,rosenbrock,992,0.016305923461914062,-0.6331616044044495,,0.07318548113107681,0.006710793823003769,0.06329664587974548,0.036119431257247925
rosenbrock,1.0,2,cholesky,5,exact_marginalization,8192,0.02,1000,2,rosenbrock,993,0.016160011291503906,-0.6319159269332886,,0.12067823112010956,0.004786855541169643,0.11105144768953323,0.04698827490210533
rosenbrock,1.0,2,cholesky,5,exact_marginalization,8192,0.02,1000,2,rosenbrock,994,0.015119075775146484,-0.6324973106384277,,0.07745835930109024,0.007948525249958038,0.0656176507472992,0.0403849259018898
rosenbrock,1.0,2,cholesky,5,exact_marginalization,8192,0.02,1000,2,rosenbrock,995,0.015952110290527344,-0.6319302916526794,,0.08211038261651993,0.008383060805499554,0.07373166084289551,0.035149410367012024
rosenbrock,1.0,2,cholesky,5,exact_marginalization,8192,0.02,1000,2,rosenbrock,996,0.015986919403076172,-0.629641056060791,,0.13096551597118378,0.005869932938367128,0.11737694591283798,0.05779412388801575
rosenbrock,1.0,2,cholesky,5,exact_marginalization,8192,0.02,1000,2,rosenbrock,997,0.015643835067749023,-0.6273094415664673,,0.08066383004188538,0.007369936443865299,0.06891416758298874,0.041269537061452866
rosenbrock,1.0,2,cholesky,5,exact_marginalization,8192,0.02,1000,2,rosenbrock,998,0.015119791030883789,-0.6325736045837402,,0.08853301405906677,0.007145330775529146,0.07605394721031189,0.0447530597448349
rosenbrock,1.0,2,cholesky,5,exact_marginalization,8192,0.02,1000,2,rosenbrock,999,0.016325950622558594,-0.6306074261665344,,0.12425946444272995,0.0074986848048865795,0.10710963606834412,0.06254364550113678
