target,target_Z,dim,chart,components,estimator,mc,lr,n_steps,seed,tag,step,wall_s,elbo,elbo_std,nfe,grad_norm,grad_norm_w,grad_norm_a,grad_norm_A
rosenbrock,1.0,2,cholesky,5,ode_transport,8192,0.02,1000,5,rosenbrock,0,0.16248393058776855,-3.2695257663726807,4.915289878845215,38,4.428006172180176,0.49324285984039307,1.8955342769622803,3.971259117126465
rosenbrock,1.0,2,cholesky,5,ode_transport,8192,0.02,1000,5,rosenbrock,1,0.1453557014465332,-2.9538331031799316,3.823817014694214,38,3.6664230823516846,0.4746905565261841,1.6452165842056274,3.2420036792755127
rosenbrock,1.0,2,cholesky,5,ode_transport,8192,0.02,1000,5,rosenbrock,2,0.15365934371948242,-2.6948039531707764,3.428401231765747,38,3.0365121364593506,0.41462066769599915,1.419533610343933,2.652059555053711
rosenbrock,1.0,2,cholesky,5,ode_transport,8192,0.02,1000,5,rosenbrock,3,0.1639542579650879,-2.5504770278930664,2.911074161529541,38,2.656820297241211,0.3910902738571167,1.3196851015090942,2.272481918334961
rosenbrock,1.0,2,cholesky,5,ode_transport,8192,0.02,1000,5,rosenbrock,4,0.1492290496826172,-2.341492176055908,2.6063308715820312,38,2.1551899909973145,0.32993364334106445,1.1461467742919922,1.79508638381958
rosenbrock,1.0,2,cholesky,5,ode_transport,8192,0.02,1000,5,rosenbrock,5,0.14940881729125977,-2.2065677642822266,2.0449397563934326,38,1.8276078701019287,0.2934015095233917,1.0708673000335693,1.4516574144363403
rosenbrock,1.0,2,cholesky,5,ode_transport,8192,0.02,1000,5,rosenbrock,6,0.14677810668945312,-2.098567008972168,1.819488525390625,38,1.5880367755889893,0.249895378947258,1.0101855993270874,1.1995574235916138
rosenbrock,1.0,2,cholesky,5,ode_transport,8192,0.02,1000,5,rosenbrock,7,0.23224592208862305,-2.0322864055633545,1.6280690431594849,50,1.4500616788864136,0.219549298286438,0.9683095812797546,1.0568128824234009
rosenbrock,1.0,2,cholesky,5,ode_transport,8192,0.02,1000,5,rosenbrock,8,0.20433688163757324,-1.9390650987625122,1.381415605545044,50,1.2514773607254028,0.19767552614212036,0.9002236723899841,0.8465916514396667
rosenbrock,1.0,2,cholesky,5,ode_transport,8192,0.02,1000,5,rosenbrock,9,0.21195292472839355,-1.8683379888534546,1.2259708642959595,50,1.0966541767120361,0.173573836684227,0.8134558200836182,0.7147111892700195
rosenbrock,1.0,2,cholesky,5,ode_transport,8192,0.02,1000,5,rosenbrock,10,0.2057950496673584,-1.8542803525924683,1.2173047065734863,50,0.9986949563026428,0.16625556349754333,0.7938271164894104,0.5827428698539734
rosenbrock,1.0,2,cholesky,5,ode_transport,8192,0.02,1000,5,rosenbrock,11,0.19656610488891602,-1.744808554649353,0.9834874868392944,50,0.8830253481864929,0.15163880586624146,0.7298039793968201,0.4734189808368683
rosenbrock,1.0,2,cholesky,5,ode_transport,8192,0.02,1000,5,rosenbrock,12,0.18952608108520508,-1.7131097316741943,0.9711122512817383,50,0.7749040126800537,0.141859769821167,0.673615038394928,0.35580161213874817
rosenbrock,1.0,2,cholesky,5,ode_transport,8192,0.02,1000,5,rosenbrock,13,0.21075987815856934,-1.7056965827941895,0.8963736295700073,50,0.7305482029914856,0.13766077160835266,0.6567044258117676,0.2889453172683716
rosenbrock,1.0,2,cholesky,5,ode_transport,8192,0.02,1000,5,rosenbrock,14,0.19314312934875488,-1.6617109775543213,0.8645925521850586,50,0.6608172655105591,0.1293908655643463,0.6065863370895386,0.228014275431633
rosenbrock,1.0,2,cholesky,5,ode_transport,8192,0.02,1000,5,rosenbrock,15,0.19889497756958008,-1.6212458610534668,0.8073857426643372,50,0.61379474401474,0.1297944337129593,0.5768417119979858,0.16477565467357635
rosenbrock,1.0,2,cholesky,5,ode_transport,8192,0.02,1000,5,rosenbrock,16,0.21378087997436523,-1.6096906661987305,0.7899835705757141,50,0.5372858643531799,0.1210739016532898,0.4939591884613037,0.17326709628105164
rosenbrock,1.0,2,cholesky,5,ode_transport,8192,0.02,1000,5,rosenbrock,17,0.20623111724853516,-1.5878956317901611,0.7528080344200134,50,0.5137937068939209,0.12669894099235535,0.46672049164772034,0.17350317537784576
rosenbrock,1.0,2,cholesky,5,ode_transport,8192,0.02,1000,5,rosenbrock,18,0.21599268913269043,-1.5806045532226562,0.7611702680587769,50,0.4985007643699646,0.12750914692878723,0.43844500184059143,0.2000260055065155
rosenbrock,1.0,2,cholesky,5,ode_transport,8192,0.02,1000,5,rosenbrock,19,0.20964884757995605,-1.5810127258300781,0.90479576587677,50,0.5255406498908997,0.11615442484617233,0.4325202703475952,0.2750042974948883
rosenbrock,1.0,2,cholesky,5,ode_transport,8192,0.02,1000,5,rosenbrock,20,0.1975102424621582,-1.5287189483642578,0.6590244770050049,50,0.4739918112754822,0.101990707218647,0.40794888138771057,0.21873238682746887
rosenbrock,1.0,2,cholesky,5,ode_transport,8192,0.02,1000,5,rosenbrock,21,0.21092987060546875,-1.5331851243972778,0.6588077545166016,50,0.4815841317176819,0.10073813050985336,0.37124204635620117,0.2897489368915558
rosenbrock,1.0,2,cholesky,5,ode_transport,8192,0.02,1000,5,rosenbrock,22,0.21084904670715332,-1.4990235567092896,0.6695436239242554,50,0.4659203588962555,0.0884985625743866,0.3423546850681305,0.30338597297668457
rosenbrock,1.0,2,cholesky,5,ode_transport,8192,0.02,1000,5,rosenbrock,23,0.2533602714538574,-1.4976528882980347,0.6731930375099182,62,0.48696404695510864,0.08663417398929596,0.31629377603530884,0.35998162627220154
rosenbrock,1.0,2,cholesky,5,ode_transport,8192,0.02,1000,5,rosenbrock,24,0.23861908912658691,-1.4577146768569946,0.6614723801612854,62,0.4964289665222168,0.10506102442741394,0.3244676887989044,0.3607279062271118
rosenbrock,1.0,2,cholesky,5,ode_transport,8192,0.02,1000,5,rosenbrock,25,0.2474820613861084,-1.4606740474700928,0.6775311231613159,62,0.47325068712234497,0.09002454578876495,0.29689154028892517,0.35737544298171997
rosenbrock,1.0,2,cholesky,5,ode_transport,8192,0.02,1000,5,rosenbrock,26,0.24765396118164062,-1.4451125860214233,0.5788208842277527,62,0.5083379149436951,0.10847749561071396,0.32296332716941833,0.3772728443145752
rosenbrock,1.0,2,cholesky,5,ode_transport,8192,0.02,1000,5,rosenbrock,27,0.235090970993042,-1.4387179613113403,0.6357772350311279,62,0.492533802986145,0.09160667657852173,0.2517254054546356,0.413318395614624
rosenbrock,1.0,2,cholesky,5,ode_transport,8192,0.02,1000,5,rosenbrock,28,0.24869799613952637,-1.419339895248413,0.6101314425468445,62,0.4762512743473053,0.09710127860307693,0.26759880781173706,0.38180816173553467
rosenbrock,1.0,2,cholesky,5,ode_transport,8192,0.02,1000,5,rosenbrock,29,0.23736906051635742,-1.4011259078979492,0.5756515860557556,62,0.44737517833709717,0.03885919600725174,0.2652052342891693,0.3581908643245697
rosenbrock,1.0,2,cholesky,5,ode_transport,8192,0.02,1000,5,rosenbrock,30,0.24139404296875,-1.3861315250396729,0.6379834413528442,62,0.46197640895843506,0.07119277119636536,0.2555404305458069,0.37822332978248596
rosenbrock,1.0,2,cholesky,5,ode_transport,8192,0.02,1000,5,rosenbrock,31,0.24927616119384766,-1.3696801662445068,0.6200257539749146,62,0.4721539318561554,0.042919304221868515,0.26778528094291687,0.386494904756546
rosenbrock,1.0,2,cholesky,5,ode_transport,8192,0.02,1000,5,rosenbrock,32,0.2430253028869629,-1.3583683967590332,0.5682746171951294,62,0.46526795625686646,0.0965590849518776,0.280008465051651,0.35881173610687256
rosenbrock,1.0,2,cholesky,5,ode_transport,8192,0.02,1000,5,rosenbrock,33,0.23419189453125,-1.342771053314209,0.5294115543365479,62,0.5423941016197205,0.0536520890891552,0.34539228677749634,0.4147493243217468
rosenbrock,1.0,2,cholesky,5,ode_transport,8192,0.02,1000,5,rosenbrock,34,0.23678302764892578,-1.3310528993606567,0.6132124662399292,62,0.46505558490753174,0.03429275006055832,0.2877894341945648,0.36370036005973816
rosenbrock,1.0,2,cholesky,5,ode_transport,8192,0.02,1000,5,rosenbrock,35,0.24843525886535645,-1.3244929313659668,0.5583726167678833,62,0.46454888582229614,0.12354331463575363,0.27626559138298035,0.35244864225387573
rosenbrock,1.0,2,cholesky,5,ode_transport,8192,0.02,1000,5,rosenbrock,36,0.24195194244384766,-1.3029868602752686,0.5308756828308105,62,0.429106205701828,0.025381658226251602,0.22852711379528046,0.3623027205467224
rosenbrock,1.0,2,cholesky,5,ode_transport,8192,0.02,1000,5,rosenbrock,37,0.2374110221862793,-1.2941985130310059,0.5315833687782288,62,0.44972166419029236,0.09777036309242249,0.30048248171806335,0.3200012743473053
rosenbrock,1.0,2,cholesky,5,ode_transport,8192,0.02,1000,5,rosenbrock,38,0.2376401424407959,-1.2706594467163086,0.5137853026390076,62,0.39063215255737305,0.017890319228172302,0.2470729798078537,0.30204030871391296
rosenbrock,1.0,2,cholesky,5,ode_transport,8192,0.02,1000,5,rosenbrock,39,0.2505619525909424,-1.257131576538086,0.5065036416053772,62,0.4648829400539398,0.12184365093708038,0.27922093868255615,0.35114946961402893
rosenbrock,1.0,2,cholesky,5,ode_transport,8192,0.02,1000,5,rosenbrock,40,0.2630140781402588,-1.2426588535308838,0.5666804909706116,62,0.4011894762516022,0.02642209641635418,0.21767500042915344,0.33596497774124146
rosenbrock,1.0,2,cholesky,5,ode_transport,8192,0.02,1000,5,rosenbrock,41,0.24321365356445312,-1.2278496026992798,0.4798176884651184,62,0.3825194835662842,0.022707361727952957,0.25576019287109375,0.2835352420806885
rosenbrock,1.0,2,cholesky,5,ode_transport,8192,0.02,1000,5,rosenbrock,42,0.24363994598388672,-1.2255854606628418,0.48253950476646423,62,0.3395019769668579,0.042608074843883514,0.22615104913711548,0.24960340559482574
rosenbrock,1.0,2,cholesky,5,ode_transport,8192,0.02,1000,5,rosenbrock,43,0.2576122283935547,-1.2079535722732544,0.5108267664909363,62,0.37628984451293945,0.061204176396131516,0.22422724962234497,0.2959226667881012
rosenbrock,1.0,2,cholesky,5,ode_transport,8192,0.02,1000,5,rosenbrock,44,0.2495131492614746,-1.2029879093170166,0.5107313394546509,62,0.3328978419303894,0.03860827162861824,0.2405138611793518,0.2268996387720108
rosenbrock,1.0,2,cholesky,5,ode_transport,8192,0.02,1000,5,rosenbrock,45,0.23158669471740723,-1.19244384765625,0.48779505491256714,62,0.3141784369945526,0.015580803155899048,0.26160386204719543,0.1732880175113678
rosenbrock,1.0,2,cholesky,5,ode_transport,8192,0.02,1000,5,rosenbrock,46,0.23465180397033691,-1.185713768005371,0.5208990573883057,62,0.361340194940567,0.06011968478560448,0.26601937413215637,0.23703600466251373
rosenbrock,1.0,2,cholesky,5,ode_transport,8192,0.02,1000,5,rosenbrock,47,0.2757558822631836,-1.1792913675308228,0.5791707038879395,74,0.7452808618545532,0.3219870924949646,0.48780393600463867,0.46240150928497314
rosenbrock,1.0,2,cholesky,5,ode_transport,8192,0.02,1000,5,rosenbrock,48,0.2615039348602295,-1.1684774160385132,0.5291012525558472,62,0.3170875012874603,0.019846323877573013,0.2871294319629669,0.13306871056556702
rosenbrock,1.0,2,cholesky,5,ode_transport,8192,0.02,1000,5,rosenbrock,49,0.31939101219177246,-1.157712697982788,0.5620161294937134,62,0.33917877078056335,0.0639156624674797,0.30256956815719604,0.13931506872177124
rosenbrock,1.0,2,cholesky,5,ode_transport,8192,0.02,1000,5,rosenbrock,50,0.2733759880065918,-1.1370598077774048,0.5189304351806641,62,0.33042868971824646,0.07840101420879364,0.24350963532924652,0.20913982391357422
rosenbrock,1.0,2,cholesky,5,ode_transport,8192,0.02,1000,5,rosenbrock,51,0.24590611457824707,-1.1515637636184692,0.6880109906196594,56,0.28303709626197815,0.049122270196676254,0.2449146807193756,0.13309316337108612
rosenbrock,1.0,2,cholesky,5,ode_transport,8192,0.02,1000,5,rosenbrock,52,0.22159099578857422,-1.1208585500717163,0.510944664478302,56,0.29546383023262024,0.06260380893945694,0.2609913647174835,0.12354409694671631
rosenbrock,1.0,2,cholesky,5,ode_transport,8192,0.02,1000,5,rosenbrock,53,0.27327513694763184,-1.1151916980743408,0.6034396886825562,68,0.31835681200027466,0.029154963791370392,0.27644526958465576,0.15517425537109375
rosenbrock,1.0,2,cholesky,5,ode_transport,8192,0.02,1000,5,rosenbrock,54,0.25777697563171387,-1.1104964017868042,0.5856397747993469,68,0.33444711565971375,0.10356756299734116,0.2512636184692383,0.19492365419864655
rosenbrock,1.0,2,cholesky,5,ode_transport,8192,0.02,1000,5,rosenbrock,55,0.24649310111999512,-1.110300064086914,0.5585883855819702,62,0.3182285726070404,0.12455696612596512,0.27741122245788574,0.09379765391349792
rosenbrock,1.0,2,cholesky,5,ode_transport,8192,0.02,1000,5,rosenbrock,56,0.27416181564331055,-1.1016722917556763,0.6762020587921143,74,1.658491849899292,0.9010338187217712,0.852596640586853,1.1008232831954956
rosenbrock,1.0,2,cholesky,5,ode_transport,8192,0.02,1000,5,rosenbrock,57,0.2845470905303955,-1.0844190120697021,0.5983066558837891,74,0.9836894273757935,0.6288762092590332,0.5316216349601746,0.5380874276161194
rosenbrock,1.0,2,cholesky,5,ode_transport,8192,0.02,1000,5,rosenbrock,58,0.2631099224090576,-1.098665475845337,0.6930074691772461,62,0.4866829812526703,0.22505398094654083,0.363442063331604,0.23263892531394958
rosenbrock,1.0,2,cholesky,5,ode_transport,8192,0.02,1000,5,rosenbrock,59,0.2766108512878418,-1.1032273769378662,0.6717601418495178,68,0.5273885130882263,0.1313110888004303,0.49730193614959717,0.11656254529953003
rosenbrock,1.0,2,cholesky,5,ode_transport,8192,0.02,1000,5,rosenbrock,60,0.2731630802154541,-1.0857188701629639,0.5693320035934448,68,0.8745437264442444,0.4254031777381897,0.6792968511581421,0.3498782217502594
rosenbrock,1.0,2,cholesky,5,ode_transport,8192,0.02,1000,5,rosenbrock,61,0.29632091522216797,-1.0881524085998535,0.5955495238304138,74,0.6737462282180786,0.1876760572195053,0.5974936485290527,0.24842120707035065
rosenbrock,1.0,2,cholesky,5,ode_transport,8192,0.02,1000,5,rosenbrock,62,0.26042795181274414,-1.0669562816619873,0.5585110187530518,68,0.2679934799671173,0.0629308670759201,0.25298330187797546,0.06212612986564636
rosenbrock,1.0,2,cholesky,5,ode_transport,8192,0.02,1000,5,rosenbrock,63,0.2872011661529541,-1.0655720233917236,0.6049916744232178,68,0.3590399920940399,0.11418246477842331,0.3028543293476105,0.15540702641010284
rosenbrock,1.0,2,cholesky,5,ode_transport,8192,0.02,1000,5,rosenbrock,64,0.2807149887084961,-1.0594120025634766,0.546351432800293,68,0.25274455547332764,0.05169978365302086,0.21533066034317017,0.12181805074214935
rosenbrock,1.0,2,cholesky,5,ode_transport,8192,0.02,1000,5,rosenbrock,65,0.2607429027557373,-1.0678099393844604,0.6332287192344666,68,0.3811837136745453,0.030325982719659805,0.3476914167404175,0.15327103435993195
rosenbrock,1.0,2,cholesky,5,ode_transport,8192,0.02,1000,5,rosenbrock,66,0.2758939266204834,-1.058821678161621,0.5694424510002136,68,0.5126418471336365,0.12875163555145264,0.4629909098148346,0.17850494384765625
rosenbrock,1.0,2,cholesky,5,ode_transport,8192,0.02,1000,5,rosenbrock,67,0.28348588943481445,-1.0710034370422363,0.5708853602409363,68,0.4563549757003784,0.023690156638622284,0.41562196612358093,0.18696795403957367
rosenbrock,1.0,2,cholesky,5,ode_transport,8192,0.02,1000,5,rosenbrock,68,0.27924084663391113,-1.0511566400527954,0.5653338432312012,68,0.3562987446784973,0.036137454211711884,0.33160799741744995,0.12521593272686005
rosenbrock,1.0,2,cholesky,5,ode_transport,8192,0.02,1000,5,rosenbrock,69,0.28095483779907227,-1.0571742057800293,0.5901671648025513,68,0.455567330121994,0.2055475264787674,0.38255125284194946,0.1376456320285797
rosenbrock,1.0,2,cholesky,5,ode_transport,8192,0.02,1000,5,rosenbrock,70,0.2748451232910156,-1.0540857315063477,0.8230459690093994,68,0.46564972400665283,0.3362506330013275,0.27084121108055115,0.17438530921936035
rosenbrock,1.0,2,cholesky,5,ode_transport,8192,0.02,1000,5,rosenbrock,71,0.27286767959594727,-1.0446765422821045,0.5915676355361938,68,0.40100178122520447,0.2914294898509979,0.21423926949501038,0.17312653362751007
rosenbrock,1.0,2,cholesky,5,ode_transport,8192,0.02,1000,5,rosenbrock,72,0.3011190891265869,-1.0423401594161987,0.5661540031433105,74,0.48052921891212463,0.1799030750989914,0.3880389630794525,0.2190181463956833
rosenbrock,1.0,2,cholesky,5,ode_transport,8192,0.02,1000,5,rosenbrock,73,0.2669551372528076,-1.0343685150146484,0.5826281905174255,68,0.41646209359169006,0.1962159425020218,0.2822955846786499,0.23505143821239471
rosenbrock,1.0,2,cholesky,5,ode_transport,8192,0.02,1000,5,rosenbrock,74,0.30388784408569336,-1.0251963138580322,0.6046949625015259,68,0.37564510107040405,0.16643363237380981,0.2516169250011444,0.2238258421421051
rosenbrock,1.0,2,cholesky,5,ode_transport,8192,0.02,1000,5,rosenbrock,75,0.2960970401763916,-1.035034418106079,0.5461386442184448,74,0.32350653409957886,0.23359093070030212,0.16840849816799164,0.14741212129592896
rosenbrock,1.0,2,cholesky,5,ode_transport,8192,0.02,1000,5,rosenbrock,76,0.2822730541229248,-1.02948796749115,0.6331461668014526,68,0.3788655996322632,0.13439548015594482,0.2538728713989258,0.2470335215330124
rosenbrock,1.0,2,cholesky,5,ode_transport,8192,0.02,1000,5,rosenbrock,77,0.28691697120666504,-1.0233010053634644,0.597205400466919,74,0.23344780504703522,0.022341392934322357,0.15493886172771454,0.17318396270275116
rosenbrock,1.0,2,cholesky,5,ode_transport,8192,0.02,1000,5,rosenbrock,78,0.29230284690856934,-1.0270522832870483,0.5543508529663086,68,0.4555339813232422,0.3179181218147278,0.25470107793807983,0.2038789689540863
rosenbrock,1.0,2,cholesky,5,ode_transport,8192,0.02,1000,5,rosenbrock,79,0.2758448123931885,-1.0136704444885254,0.608472466468811,68,0.2879362106323242,0.06074243038892746,0.18064215779304504,0.2158380150794983
rosenbrock,1.0,2,cholesky,5,ode_transport,8192,0.02,1000,5,rosenbrock,80,0.26035308837890625,-1.0196843147277832,0.6229916214942932,68,0.3419613838195801,0.07192584872245789,0.3165331184864044,0.10756886750459671
rosenbrock,1.0,2,cholesky,5,ode_transport,8192,0.02,1000,5,rosenbrock,81,0.2629270553588867,-1.0149778127670288,0.5963321328163147,68,0.2472020983695984,0.02247556485235691,0.19614776968955994,0.14876079559326172
rosenbrock,1.0,2,cholesky,5,ode_transport,8192,0.02,1000,5,rosenbrock,82,0.28189611434936523,-1.0120996236801147,0.583612859249115,68,0.3966973125934601,0.22473032772541046,0.27284401655197144,0.18005885183811188
rosenbrock,1.0,2,cholesky,5,ode_transport,8192,0.02,1000,5,rosenbrock,83,0.2833130359649658,-1.022688627243042,0.6196872591972351,74,0.39467164874076843,0.22966739535331726,0.27746039628982544,0.1613515019416809
rosenbrock,1.0,2,cholesky,5,ode_transport,8192,0.02,1000,5,rosenbrock,84,0.34186816215515137,-1.0084881782531738,0.6038041710853577,80,0.35513049364089966,0.09196736663579941,0.2627013027667999,0.22056223452091217
rosenbrock,1.0,2,cholesky,5,ode_transport,8192,0.02,1000,5,rosenbrock,85,0.2682943344116211,-1.008535385131836,0.6087884902954102,68,0.19834552705287933,0.040601495653390884,0.15348969399929047,0.11888391524553299
rosenbrock,1.0,2,cholesky,5,ode_transport,8192,0.02,1000,5,rosenbrock,86,0.2707350254058838,-0.9943543672561646,0.5523282885551453,68,0.24740523099899292,0.08699619024991989,0.2027294933795929,0.11198998242616653
rosenbrock,1.0,2,cholesky,5,ode_transport,8192,0.02,1000,5,rosenbrock,87,0.2780170440673828,-0.975856363773346,0.5665551424026489,68,0.7290964126586914,0.52439945936203,0.44929957389831543,0.23391583561897278
rosenbrock,1.0,2,cholesky,5,ode_transport,8192,0.02,1000,5,rosenbrock,88,0.2723698616027832,-0.9937005043029785,0.5873269438743591,68,0.21931025385856628,0.055153459310531616,0.18269503116607666,0.1080629751086235
rosenbrock,1.0,2,cholesky,5,ode_transport,8192,0.02,1000,5,rosenbrock,89,0.2827751636505127,-0.9926697015762329,0.5945081114768982,68,0.2865794599056244,0.14618462324142456,0.1779077649116516,0.170606791973114
rosenbrock,1.0,2,cholesky,5,ode_transport,8192,0.02,1000,5,rosenbrock,90,0.2927398681640625,-0.9840736985206604,0.5832358598709106,68,0.26752737164497375,0.14574378728866577,0.18822216987609863,0.1220739483833313
rosenbrock,1.0,2,cholesky,5,ode_transport,8192,0.02,1000,5,rosenbrock,91,0.2744929790496826,-0.9942792654037476,0.6363296508789062,68,0.19899438321590424,0.028563138097524643,0.17934295535087585,0.08135731518268585
rosenbrock,1.0,2,cholesky,5,ode_transport,8192,0.02,1000,5,rosenbrock,92,0.29283714294433594,-0.9861844778060913,0.5963996052742004,68,0.2304053008556366,0.05111004412174225,0.20322172343730927,0.09578781574964523
rosenbrock,1.0,2,cholesky,5,ode_transport,8192,0.02,1000,5,rosenbrock,93,0.280062198638916,-0.9873619675636292,0.8090022802352905,68,0.226011261343956,0.11911266297101974,0.14224907755851746,0.12906765937805176
rosenbrock,1.0,2,cholesky,5,ode_transport,8192,0.02,1000,5,rosenbrock,94,0.2811160087585449,-0.9809696674346924,0.6551488637924194,68,0.38485339283943176,0.28695541620254517,0.22385486960411072,0.12513072788715363
rosenbrock,1.0,2,cholesky,5,ode_transport,8192,0.02,1000,5,rosenbrock,95,0.2931828498840332,-0.970599889755249,0.6395961046218872,68,0.2101004719734192,0.03120190091431141,0.1753907948732376,0.11138542741537094
rosenbrock,1.0,2,cholesky,5,ode_transport,8192,0.02,1000,5,rosenbrock,96,0.31055426597595215,-0.9614973068237305,0.6135300397872925,74,0.2600700855255127,0.1106794998049736,0.18970341980457306,0.13928072154521942
rosenbrock,1.0,2,cholesky,5,ode_transport,8192,0.02,1000,5,rosenbrock,97,0.30273890495300293,-0.9670732021331787,0.5997942090034485,74,0.2176978588104248,0.0245948676019907,0.14282827079296112,0.1624424010515213
rosenbrock,1.0,2,cholesky,5,ode_transport,8192,0.02,1000,5,rosenbrock,98,0.2675497531890869,-0.9567024111747742,0.5939388275146484,68,0.23103047907352448,0.024251393973827362,0.21115383505821228,0.0905594453215599
rosenbrock,1.0,2,cholesky,5,ode_transport,8192,0.02,1000,5,rosenbrock,99,0.2933640480041504,-0.9501286149024963,0.6244102120399475,68,0.27838265895843506,0.14292001724243164,0.19404877722263336,0.13934078812599182
rosenbrock,1.0,2,cholesky,5,ode_transport,8192,0.02,1000,5,rosenbrock,100,0.34665393829345703,-0.9446265697479248,0.5033574104309082,86,0.22458294034004211,0.09330782294273376,0.14398212730884552,0.14491477608680725
rosenbrock,1.0,2,cholesky,5,ode_transport,8192,0.02,1000,5,rosenbrock,101,0.27660298347473145,-0.9483333826065063,0.5131090879440308,68,1.0570191144943237,0.7925281524658203,0.6124959588050842,0.33769407868385315
rosenbrock,1.0,2,cholesky,5,ode_transport,8192,0.02,1000,5,rosenbrock,102,0.2698071002960205,-0.9423130750656128,0.5009567737579346,62,0.19434943795204163,0.06112482026219368,0.15214237570762634,0.10434634983539581
rosenbrock,1.0,2,cholesky,5,ode_transport,8192,0.02,1000,5,rosenbrock,103,0.2861971855163574,-0.9397808313369751,0.5204141736030579,74,0.22593607008457184,0.021345041692256927,0.18689969182014465,0.12513995170593262
rosenbrock,1.0,2,cholesky,5,ode_transport,8192,0.02,1000,5,rosenbrock,104,0.2760171890258789,-0.9330736994743347,0.5324570536613464,68,0.2763955295085907,0.06262226402759552,0.22963212430477142,0.1405063271522522
rosenbrock,1.0,2,cholesky,5,ode_transport,8192,0.02,1000,5,rosenbrock,105,0.264862060546875,-0.9324147701263428,0.588424801826477,68,0.29763245582580566,0.1325095146894455,0.23321041464805603,0.12899304926395416
rosenbrock,1.0,2,cholesky,5,ode_transport,8192,0.02,1000,5,rosenbrock,106,0.32004618644714355,-0.9355015754699707,0.5843543410301208,74,0.20759636163711548,0.04140014201402664,0.16755756735801697,0.11535481363534927
rosenbrock,1.0,2,cholesky,5,ode_transport,8192,0.02,1000,5,rosenbrock,107,0.27982592582702637,-0.930627703666687,0.5803982615470886,62,0.20933502912521362,0.05248227342963219,0.17421430349349976,0.10351882129907608
rosenbrock,1.0,2,cholesky,5,ode_transport,8192,0.02,1000,5,rosenbrock,108,0.34682607650756836,-0.9296749830245972,0.5846243500709534,86,0.20471853017807007,0.10137148201465607,0.15282730758190155,0.09097976237535477
rosenbrock,1.0,2,cholesky,5,ode_transport,8192,0.02,1000,5,rosenbrock,109,0.3477299213409424,-0.9201995730400085,0.613150954246521,86,0.32203441858291626,0.05131049081683159,0.1683911830186844,0.26966243982315063
rosenbrock,1.0,2,cholesky,5,ode_transport,8192,0.02,1000,5,rosenbrock,110,0.2899641990661621,-0.9342977404594421,0.5909703373908997,68,0.344641774892807,0.0512879379093647,0.3066282868385315,0.1487501859664917
rosenbrock,1.0,2,cholesky,5,ode_transport,8192,0.02,1000,5,rosenbrock,111,0.2682809829711914,-0.9272521734237671,0.6040137410163879,62,0.21413539350032806,0.016899622976779938,0.1817285120487213,0.11199605464935303
rosenbrock,1.0,2,cholesky,5,ode_transport,8192,0.02,1000,5,rosenbrock,112,0.2997901439666748,-0.9197497367858887,0.5964047312736511,74,0.2155018001794815,0.06318575888872147,0.1770031601190567,0.10544414073228836
rosenbrock,1.0,2,cholesky,5,ode_transport,8192,0.02,1000,5,rosenbrock,113,0.2674739360809326,-0.917055606842041,0.5678514242172241,62,0.16189971566200256,0.041508812457323074,0.13391298055648804,0.0809682235121727
rosenbrock,1.0,2,cholesky,5,ode_transport,8192,0.02,1000,5,rosenbrock,114,0.25426387786865234,-0.9123673439025879,0.5484477877616882,62,0.2029992640018463,0.12071307748556137,0.13409094512462616,0.09304124116897583
rosenbrock,1.0,2,cholesky,5,ode_transport,8192,0.02,1000,5,rosenbrock,115,0.3061487674713135,-0.904283881187439,0.5406968593597412,68,0.29800161719322205,0.20919185876846313,0.1805463582277298,0.11156494170427322
rosenbrock,1.0,2,cholesky,5,ode_transport,8192,0.02,1000,5,rosenbrock,116,0.2604858875274658,-0.8947621583938599,0.5183940529823303,62,0.21467900276184082,0.0465630404651165,0.18637599050998688,0.09582768380641937
rosenbrock,1.0,2,cholesky,5,ode_transport,8192,0.02,1000,5,rosenbrock,117,0.2713930606842041,-0.9034537672996521,0.5169723629951477,68,0.2804710566997528,0.038655031472444534,0.22948864102363586,0.15654000639915466
rosenbrock,1.0,2,cholesky,5,ode_transport,8192,0.02,1000,5,rosenbrock,118,0.26696205139160156,-0.905667781829834,0.6217435002326965,62,0.2730797529220581,0.1587027609348297,0.13459810614585876,0.17683134973049164
rosenbrock,1.0,2,cholesky,5,ode_transport,8192,0.02,1000,5,rosenbrock,119,0.27803611755371094,-0.8897926807403564,0.5937236547470093,68,0.2772011458873749,0.14343005418777466,0.17463374137878418,0.1605345904827118
rosenbrock,1.0,2,cholesky,5,ode_transport,8192,0.02,1000,5,rosenbrock,120,0.3530871868133545,-0.8882059454917908,0.5060063600540161,86,0.2602277994155884,0.11357690393924713,0.20099148154258728,0.12008839845657349
rosenbrock,1.0,2,cholesky,5,ode_transport,8192,0.02,1000,5,rosenbrock,121,0.32749390602111816,-0.8959730267524719,0.5975720286369324,80,0.29824593663215637,0.010634640231728554,0.2823987901210785,0.09533340483903885
rosenbrock,1.0,2,cholesky,5,ode_transport,8192,0.02,1000,5,rosenbrock,122,0.2986171245574951,-0.8848965764045715,0.593205451965332,74,0.17419485747814178,0.031169027090072632,0.139455646276474,0.09962160885334015
rosenbrock,1.0,2,cholesky,5,ode_transport,8192,0.02,1000,5,rosenbrock,123,0.28363704681396484,-0.885299563407898,0.547361433506012,68,0.36444371938705444,0.18891668319702148,0.24686960875988007,0.19022387266159058
rosenbrock,1.0,2,cholesky,5,ode_transport,8192,0.02,1000,5,rosenbrock,124,0.2776601314544678,-0.8881691694259644,0.5516218543052673,68,0.3002244830131531,0.13268005847930908,0.22627988457679749,0.1460416615009308
rosenbrock,1.0,2,cholesky,5,ode_transport,8192,0.02,1000,5,rosenbrock,125,0.3163790702819824,-0.8795899748802185,0.5310437083244324,74,0.23254956305027008,0.08738448470830917,0.20223093032836914,0.0744708850979805
rosenbrock,1.0,2,cholesky,5,ode_transport,8192,0.02,1000,5,rosenbrock,126,0.3160519599914551,-0.8763737082481384,0.5492269992828369,74,0.31314370036125183,0.19516459107398987,0.2154659926891327,0.11637932062149048
rosenbrock,1.0,2,cholesky,5,ode_transport,8192,0.02,1000,5,rosenbrock,127,0.29534482955932617,-0.8731915354728699,0.5306257009506226,74,0.41585901379585266,0.13978378474712372,0.37225839495658875,0.12174926698207855
rosenbrock,1.0,2,cholesky,5,ode_transport,8192,0.02,1000,5,rosenbrock,128,0.3354330062866211,-0.8830583095550537,0.5772252678871155,86,0.6659896373748779,0.39771994948387146,0.33107390999794006,0.4192267656326294
rosenbrock,1.0,2,cholesky,5,ode_transport,8192,0.02,1000,5,rosenbrock,129,0.29122304916381836,-0.8798779845237732,0.5696349143981934,68,0.3171892762184143,0.08433961868286133,0.28561505675315857,0.10917835682630539
rosenbrock,1.0,2,cholesky,5,ode_transport,8192,0.02,1000,5,rosenbrock,130,0.3656792640686035,-0.8775104284286499,0.5474243760108948,74,0.19672806560993195,0.049558646976947784,0.16582444310188293,0.09353141486644745
rosenbrock,1.0,2,cholesky,5,ode_transport,8192,0.02,1000,5,rosenbrock,131,0.25690770149230957,-0.8649727702140808,0.466684490442276,62,0.2748856842517853,0.039094917476177216,0.2550869882106781,0.0946802943944931
rosenbrock,1.0,2,cholesky,5,ode_transport,8192,0.02,1000,5,rosenbrock,132,0.31791090965270996,-0.8683093190193176,0.5929778218269348,74,0.32021868228912354,0.19835543632507324,0.22949160635471344,0.10260963439941406
rosenbrock,1.0,2,cholesky,5,ode_transport,8192,0.02,1000,5,rosenbrock,133,0.28728294372558594,-0.8715752363204956,0.5430139303207397,68,0.3166196346282959,0.09526477009057999,0.26850101351737976,0.1381298154592514
rosenbrock,1.0,2,cholesky,5,ode_transport,8192,0.02,1000,5,rosenbrock,134,0.2859058380126953,-0.8622885346412659,0.5129000544548035,68,0.2870491147041321,0.02495984174311161,0.23635780811309814,0.16096335649490356
rosenbrock,1.0,2,cholesky,5,ode_transport,8192,0.02,1000,5,rosenbrock,135,0.28176283836364746,-0.8566950559616089,0.5409331917762756,68,4.172231674194336,3.3611621856689453,1.9990479946136475,1.4539307355880737
rosenbrock,1.0,2,cholesky,5,ode_transport,8192,0.02,1000,5,rosenbrock,136,0.3302457332611084,-0.8516188263893127,0.5282885432243347,86,5.912684917449951,4.74011754989624,2.8013901710510254,2.154841184616089
rosenbrock,1.0,2,cholesky,5,ode_transport,8192,0.02,1000,5,rosenbrock,137,0.30967211723327637,-0.8624265789985657,0.556894838809967,74,0.20926737785339355,0.05635768920183182,0.1620422899723053,0.11982877552509308
rosenbrock,1.0,2,cholesky,5,ode_transport,8192,0.02,1000,5,rosenbrock,138,0.293410062789917,-0.8606516122817993,0.5074323415756226,68,0.7671401500701904,0.6204491853713989,0.36118850111961365,0.2703512907028198
rosenbrock,1.0,2,cholesky,5,ode_transport,8192,0.02,1000,5,rosenbrock,139,0.3268249034881592,-0.865323007106781,0.5412977933883667,80,0.573276162147522,0.4790823757648468,0.20215347409248352,0.24137039482593536
rosenbrock,1.0,2,cholesky,5,ode_transport,8192,0.02,1000,5,rosenbrock,140,0.32859206199645996,-0.8660686612129211,0.5529336929321289,74,0.3900006115436554,0.18052121996879578,0.3193322718143463,0.13243672251701355
rosenbrock,1.0,2,cholesky,5,ode_transport,8192,0.02,1000,5,rosenbrock,141,0.29796504974365234,-0.8596827983856201,0.597844123840332,68,0.6785059571266174,0.13899987936019897,0.6099510192871094,0.26269596815109253
rosenbrock,1.0,2,cholesky,5,ode_transport,8192,0.02,1000,5,rosenbrock,142,0.305387020111084,-0.8651016354560852,0.5751837491989136,74,0.6772948503494263,0.031727395951747894,0.5719425678253174,0.3613908886909485
rosenbrock,1.0,2,cholesky,5,ode_transport,8192,0.02,1000,5,rosenbrock,143,0.34156012535095215,-0.8495120406150818,0.5014870762825012,80,0.3824145495891571,0.07410043478012085,0.34742817282676697,0.14157573878765106
rosenbrock,1.0,2,cholesky,5,ode_transport,8192,0.02,1000,5,rosenbrock,144,0.262239933013916,-0.8402215838432312,0.4909496307373047,62,0.20594345033168793,0.05790082737803459,0.1678444743156433,0.10434769093990326
rosenbrock,1.0,2,cholesky,5,ode_transport,8192,0.02,1000,5,rosenbrock,145,0.2659900188446045,-0.8484899401664734,0.5076163411140442,68,0.36740121245384216,0.05305534228682518,0.30772918462753296,0.1935756355524063
rosenbrock,1.0,2,cholesky,5,ode_transport,8192,0.02,1000,5,rosenbrock,146,0.29944276809692383,-0.8363638520240784,0.523197591304779,74,0.44398605823516846,0.1725492775440216,0.375802218914032,0.16162627935409546
rosenbrock,1.0,2,cholesky,5,ode_transport,8192,0.02,1000,5,rosenbrock,147,0.26021790504455566,-0.8495677709579468,0.4913747012615204,62,0.4263567328453064,0.04327530041337013,0.37703901529312134,0.19429072737693787
rosenbrock,1.0,2,cholesky,5,ode_transport,8192,0.02,1000,5,rosenbrock,148,0.2480149269104004,-0.8503744602203369,0.5248305797576904,62,0.47612982988357544,0.05730919539928436,0.4505216181278229,0.14298789203166962
rosenbrock,1.0,2,cholesky,5,ode_transport,8192,0.02,1000,5,rosenbrock,149,0.32074403762817383,-0.8431019186973572,0.5944179892539978,80,0.6294494271278381,0.5002886056900024,0.30963134765625,0.2237105816602707
rosenbrock,1.0,2,cholesky,5,ode_transport,8192,0.02,1000,5,rosenbrock,150,0.252302885055542,-0.8399614095687866,0.47783252596855164,62,25.26348304748535,20.59979820251465,11.288102149963379,9.298958778381348
rosenbrock,1.0,2,cholesky,5,ode_transport,8192,0.02,1000,5,rosenbrock,151,0.3105809688568115,-0.8524854779243469,0.4974759519100189,80,1.134610891342163,0.31380704045295715,1.0345230102539062,0.34442585706710815
rosenbrock,1.0,2,cholesky,5,ode_transport,8192,0.02,1000,5,rosenbrock,152,0.3478419780731201,-0.9036054611206055,0.6819260716438293,80,1.9389945268630981,0.19437631964683533,1.7471932172775269,0.8180667757987976
rosenbrock,1.0,2,cholesky,5,ode_transport,8192,0.02,1000,5,rosenbrock,153,0.3237130641937256,-0.9574093222618103,0.8740307092666626,68,2.6553962230682373,0.12054426223039627,2.403569459915161,1.1222528219223022
rosenbrock,1.0,2,cholesky,5,ode_transport,8192,0.02,1000,5,rosenbrock,154,0.3219327926635742,-0.9774980545043945,1.0059788227081299,74,2.6362106800079346,0.1451440155506134,2.294767141342163,1.2894121408462524
rosenbrock,1.0,2,cholesky,5,ode_transport,8192,0.02,1000,5,rosenbrock,155,0.302509069442749,-0.9684639573097229,0.8915888071060181,74,2.235430955886841,0.0778418779373169,1.979317307472229,1.0360478162765503
rosenbrock,1.0,2,cholesky,5,ode_transport,8192,0.02,1000,5,rosenbrock,156,0.24978208541870117,-0.9245665669441223,0.7515861392021179,62,1.523497223854065,0.32987579703330994,1.270984411239624,0.7725441455841064
rosenbrock,1.0,2,cholesky,5,ode_transport,8192,0.02,1000,5,rosenbrock,157,0.27610301971435547,-0.9049897193908691,0.587984025478363,68,1.0206847190856934,0.05160338431596756,0.7728745937347412,0.6646800637245178
rosenbrock,1.0,2,cholesky,5,ode_transport,8192,0.02,1000,5,rosenbrock,158,0.33515405654907227,-0.8888903260231018,0.7021639943122864,80,1.0259606838226318,0.5171224474906921,0.3815210461616516,0.7997633814811707
rosenbrock,1.0,2,cholesky,5,ode_transport,8192,0.02,1000,5,rosenbrock,159,0.33078598976135254,-0.8823953866958618,0.6133666634559631,80,0.8390762805938721,0.2656306326389313,0.5826466679573059,0.5422289967536926
rosenbrock,1.0,2,cholesky,5,ode_transport,8192,0.02,1000,5,rosenbrock,160,0.2662642002105713,-0.8848791122436523,0.6895796656608582,62,0.9282535314559937,0.017356112599372864,0.8505395650863647,0.3713971972465515
rosenbrock,1.0,2,cholesky,5,ode_transport,8192,0.02,1000,5,rosenbrock,161,0.3403968811035156,-0.899340808391571,0.6547772884368896,86,1.2465306520462036,0.03855900838971138,1.20047128200531,0.3334974944591522
rosenbrock,1.0,2,cholesky,5,ode_transport,8192,0.02,1000,5,rosenbrock,162,0.31177711486816406,-0.9210139513015747,0.7702828049659729,80,1.5660542249679565,0.05040036886930466,1.5101220607757568,0.4117249548435211
rosenbrock,1.0,2,cholesky,5,ode_transport,8192,0.02,1000,5,rosenbrock,163,0.29607105255126953,-0.9059118032455444,0.7150447368621826,74,2.1599743366241455,1.4308552742004395,1.1419860124588013,1.1463029384613037
rosenbrock,1.0,2,cholesky,5,ode_transport,8192,0.02,1000,5,rosenbrock,164,0.32698917388916016,-0.916861891746521,0.843808650970459,80,1.8751347064971924,0.5946552753448486,1.5645478963851929,0.8454022407531738
rosenbrock,1.0,2,cholesky,5,ode_transport,8192,0.02,1000,5,rosenbrock,165,0.3336200714111328,-0.8910391330718994,0.6597433090209961,86,1.1254923343658447,0.17790478467941284,1.0243967771530151,0.43092241883277893
rosenbrock,1.0,2,cholesky,5,ode_transport,8192,0.02,1000,5,rosenbrock,166,0.29723095893859863,-0.8766211271286011,0.5772053599357605,74,0.8489809632301331,0.12057071179151535,0.7471576929092407,0.38469037413597107
rosenbrock,1.0,2,cholesky,5,ode_transport,8192,0.02,1000,5,rosenbrock,167,0.34426379203796387,-0.863876461982727,0.5416941046714783,80,0.5949996113777161,0.21591149270534515,0.45844173431396484,0.3118300437927246
rosenbrock,1.0,2,cholesky,5,ode_transport,8192,0.02,1000,5,rosenbrock,168,0.3236429691314697,-0.8677894473075867,0.5410122871398926,86,0.7000499367713928,0.43948614597320557,0.3396252691745758,0.4261179566383362
rosenbrock,1.0,2,cholesky,5,ode_transport,8192,0.02,1000,5,rosenbrock,169,0.29086995124816895,-0.8784393668174744,0.6120225787162781,74,0.5601261258125305,0.04192831367254257,0.4815792441368103,0.2829570770263672
rosenbrock,1.0,2,cholesky,5,ode_transport,8192,0.02,1000,5,rosenbrock,170,0.2881331443786621,-0.8901970982551575,0.612808346748352,68,1.3725842237472534,1.1389994621276855,0.5659915804862976,0.5160635709762573
rosenbrock,1.0,2,cholesky,5,ode_transport,8192,0.02,1000,5,rosenbrock,171,0.32482099533081055,-0.8856169581413269,0.7090650200843811,80,0.879348635673523,0.13182583451271057,0.8003888726234436,0.3394901156425476
rosenbrock,1.0,2,cholesky,5,ode_transport,8192,0.02,1000,5,rosenbrock,172,0.2900831699371338,-0.889170229434967,0.5603104829788208,68,1.1050935983657837,0.06032836064696312,1.054352879524231,0.3254723846912384
rosenbrock,1.0,2,cholesky,5,ode_transport,8192,0.02,1000,5,rosenbrock,173,0.31039905548095703,-0.8844494223594666,0.6365411877632141,74,1.1200997829437256,0.11410892754793167,1.0761398077011108,0.28900861740112305
rosenbrock,1.0,2,cholesky,5,ode_transport,8192,0.02,1000,5,rosenbrock,174,0.3680899143218994,-0.8736543655395508,0.6728465557098389,92,0.972879946231842,0.21470539271831512,0.8961867094039917,0.3118433356285095
rosenbrock,1.0,2,cholesky,5,ode_transport,8192,0.02,1000,5,rosenbrock,175,0.3000462055206299,-0.8760578632354736,0.5636842846870422,74,1.756700038909912,1.5595771074295044,0.6866109371185303,0.4269421100616455
rosenbrock,1.0,2,cholesky,5,ode_transport,8192,0.02,1000,5,rosenbrock,176,0.33974599838256836,-0.865973949432373,0.5740532875061035,86,0.6517659425735474,0.06039632111787796,0.5911362171173096,0.26778560876846313
rosenbrock,1.0,2,cholesky,5,ode_transport,8192,0.02,1000,5,rosenbrock,177,0.32313108444213867,-0.8665738105773926,0.4943408668041229,86,0.407459557056427,0.050501011312007904,0.33765023946762085,0.22240780293941498
rosenbrock,1.0,2,cholesky,5,ode_transport,8192,0.02,1000,5,rosenbrock,178,0.3188300132751465,-0.8539364337921143,0.46813252568244934,86,0.259692519903183,0.04364071413874626,0.14582407474517822,0.2104068100452423
rosenbrock,1.0,2,cholesky,5,ode_transport,8192,0.02,1000,5,rosenbrock,179,0.3213319778442383,-0.8567684888839722,0.48172152042388916,80,0.4036071300506592,0.20837143063545227,0.29478272795677185,0.18050816655158997
rosenbrock,1.0,2,cholesky,5,ode_transport,8192,0.02,1000,5,rosenbrock,180,0.3100168704986572,-0.8681261539459229,0.48757827281951904,74,0.4203076660633087,0.06674021482467651,0.3407972753047943,0.2367730289697647
rosenbrock,1.0,2,cholesky,5,ode_transport,8192,0.02,1000,5,rosenbrock,181,0.3132660388946533,-0.8457629680633545,0.5079905390739441,80,0.6936442255973816,0.19066353142261505,0.5930340886116028,0.30512353777885437
rosenbrock,1.0,2,cholesky,5,ode_transport,8192,0.02,1000,5,rosenbrock,182,0.32030415534973145,-0.8496232032775879,0.48794886469841003,74,0.6647397875785828,0.10070782154798508,0.6002247333526611,0.2673335075378418
rosenbrock,1.0,2,cholesky,5,ode_transport,8192,0.02,1000,5,rosenbrock,183,0.33864521980285645,-0.8493896722793579,0.5053173899650574,80,0.483636736869812,0.12106365710496902,0.41460561752319336,0.21760116517543793
rosenbrock,1.0,2,cholesky,5,ode_transport,8192,0.02,1000,5,rosenbrock,184,0.3437540531158447,-0.8469638228416443,0.5259697437286377,86,0.4563162922859192,0.15419894456863403,0.3684532344341278,0.2206568866968155
rosenbrock,1.0,2,cholesky,5,ode_transport,8192,0.02,1000,5,rosenbrock,185,0.32170701026916504,-0.8485831022262573,0.48878994584083557,80,0.434347927570343,0.025630181655287743,0.3991447687149048,0.16936546564102173
rosenbrock,1.0,2,cholesky,5,ode_transport,8192,0.02,1000,5,rosenbrock,186,0.27507519721984863,-0.8443918228149414,0.4696270525455475,68,1.6320464611053467,1.363347053527832,0.7161623239517212,0.5403445363044739
rosenbrock,1.0,2,cholesky,5,ode_transport,8192,0.02,1000,5,rosenbrock,187,0.3145451545715332,-0.8573628664016724,0.5874468684196472,74,0.4094616770744324,0.23348468542099,0.30961310863494873,0.13146667182445526
rosenbrock,1.0,2,cholesky,5,ode_transport,8192,0.02,1000,5,rosenbrock,188,0.3497769832611084,-0.8430169820785522,0.4761807322502136,80,0.3066452443599701,0.05707361176609993,0.2598564624786377,0.15247465670108795
rosenbrock,1.0,2,cholesky,5,ode_transport,8192,0.02,1000,5,rosenbrock,189,0.31145381927490234,-0.8373931050300598,0.5572955012321472,74,0.1850845068693161,0.0739332064986229,0.12654981017112732,0.1130278930068016
rosenbrock,1.0,2,cholesky,5,ode_transport,8192,0.02,1000,5,rosenbrock,190,0.3410189151763916,-0.8402048349380493,0.5616837739944458,86,0.2892158627510071,0.041106924414634705,0.2351551055908203,0.16327309608459473
rosenbrock,1.0,2,cholesky,5,ode_transport,8192,0.02,1000,5,rosenbrock,191,0.2974371910095215,-0.8369014263153076,0.5530362725257874,74,0.9892863631248474,0.6508814096450806,0.35404282808303833,0.6555109024047852
rosenbrock,1.0,2,cholesky,5,ode_transport,8192,0.02,1000,5,rosenbrock,192,0.3151819705963135,-0.8341244459152222,0.5545638203620911,80,0.2618178725242615,0.1069166287779808,0.18147136270999908,0.1555171012878418
rosenbrock,1.0,2,cholesky,5,ode_transport,8192,0.02,1000,5,rosenbrock,193,0.32146310806274414,-0.8425424098968506,0.5625520348548889,80,0.2895379662513733,0.09144213050603867,0.2096138447523117,0.1775742769241333
rosenbrock,1.0,2,cholesky,5,ode_transport,8192,0.02,1000,5,rosenbrock,194,0.32764387130737305,-0.8274270296096802,0.45747706294059753,80,0.3518346846103668,0.09469540417194366,0.2605210840702057,0.21667762100696564
rosenbrock,1.0,2,cholesky,5,ode_transport,8192,0.02,1000,5,rosenbrock,195,0.3321540355682373,-0.8426951766014099,0.5182533264160156,86,0.4650919437408447,0.05890723317861557,0.38249361515045166,0.2579517662525177
rosenbrock,1.0,2,cholesky,5,ode_transport,8192,0.02,1000,5,rosenbrock,196,0.3102257251739502,-0.8339636921882629,0.4929792284965515,80,0.3387238383293152,0.04757523909211159,0.23153924942016602,0.24261082708835602
rosenbrock,1.0,2,cholesky,5,ode_transport,8192,0.02,1000,5,rosenbrock,197,0.2953767776489258,-0.8358706831932068,0.5270750522613525,74,0.3483316898345947,0.037069134414196014,0.29710355401039124,0.1780177354812622
rosenbrock,1.0,2,cholesky,5,ode_transport,8192,0.02,1000,5,rosenbrock,198,0.3260610103607178,-0.8394414782524109,0.5591166019439697,74,0.23140420019626617,0.08982384204864502,0.16126294434070587,0.13954868912696838
rosenbrock,1.0,2,cholesky,5,ode_transport,8192,0.02,1000,5,rosenbrock,199,0.31200170516967773,-0.8332029581069946,0.5462625622749329,80,0.23229452967643738,0.06423509865999222,0.2035161852836609,0.09173748642206192
rosenbrock,1.0,2,cholesky,5,ode_transport,8192,0.02,1000,5,rosenbrock,200,0.29605770111083984,-0.843352735042572,0.6105219125747681,74,0.20425918698310852,0.05523952841758728,0.12252962589263916,0.15380798280239105
rosenbrock,1.0,2,cholesky,5,ode_transport,8192,0.02,1000,5,rosenbrock,201,0.35819506645202637,-0.8324793577194214,0.6073068976402283,98,0.2550985515117645,0.008228393271565437,0.1868657022714615,0.1734611839056015
rosenbrock,1.0,2,cholesky,5,ode_transport,8192,0.02,1000,5,rosenbrock,202,0.32561373710632324,-0.8328500390052795,0.5531641840934753,80,0.2532321512699127,0.03458976000547409,0.1636817753314972,0.19010089337825775
rosenbrock,1.0,2,cholesky,5,ode_transport,8192,0.02,1000,5,rosenbrock,203,0.33177709579467773,-0.8356053829193115,0.5548048615455627,80,0.2379487007856369,0.047193266451358795,0.18853159248828888,0.13728880882263184
rosenbrock,1.0,2,cholesky,5,ode_transport,8192,0.02,1000,5,rosenbrock,204,0.3159370422363281,-0.8263182044029236,0.5292220711708069,74,0.40667420625686646,0.29987114667892456,0.22458235919475555,0.15818960964679718
rosenbrock,1.0,2,cholesky,5,ode_transport,8192,0.02,1000,5,rosenbrock,205,0.3809061050415039,-0.8241057991981506,0.4758533239364624,86,0.3205128312110901,0.10790208727121353,0.24499467015266418,0.17624759674072266
rosenbrock,1.0,2,cholesky,5,ode_transport,8192,0.02,1000,5,rosenbrock,206,0.2913627624511719,-0.8222870826721191,0.5809731483459473,62,0.30065101385116577,0.041854098439216614,0.19359524548053741,0.2261861264705658
rosenbrock,1.0,2,cholesky,5,ode_transport,8192,0.02,1000,5,rosenbrock,207,0.35204195976257324,-0.823566734790802,0.4683864712715149,80,0.1913558840751648,0.10170292854309082,0.1201731264591217,0.10877499729394913
rosenbrock,1.0,2,cholesky,5,ode_transport,8192,0.02,1000,5,rosenbrock,208,0.3235311508178711,-0.8240010738372803,0.5018144845962524,80,0.2343311309814453,0.04991397634148598,0.19004888832569122,0.12767574191093445
rosenbrock,1.0,2,cholesky,5,ode_transport,8192,0.02,1000,5,rosenbrock,209,0.3355429172515869,-0.8288975358009338,0.522264838218689,86,0.1476498544216156,0.041899245232343674,0.1160053238272667,0.0811646357178688
rosenbrock,1.0,2,cholesky,5,ode_transport,8192,0.02,1000,5,rosenbrock,210,0.390794038772583,-0.8211102485656738,0.47183507680892944,86,0.23102924227714539,0.06869799643754959,0.1839158535003662,0.121778704226017
rosenbrock,1.0,2,cholesky,5,ode_transport,8192,0.02,1000,5,rosenbrock,211,0.2665889263153076,-0.8209301233291626,0.5111297965049744,62,0.30416950583457947,0.20345112681388855,0.20140695571899414,0.10277145355939865
rosenbrock,1.0,2,cholesky,5,ode_transport,8192,0.02,1000,5,rosenbrock,212,0.33185791969299316,-0.8166210651397705,0.4381380081176758,74,0.15439027547836304,0.027647675946354866,0.12720544636249542,0.08301044255495071
rosenbrock,1.0,2,cholesky,5,ode_transport,8192,0.02,1000,5,rosenbrock,213,0.36842989921569824,-0.8154060244560242,0.49200305342674255,80,0.22141209244728088,0.07567588239908218,0.18250396847724915,0.09994390606880188
rosenbrock,1.0,2,cholesky,5,ode_transport,8192,0.02,1000,5,rosenbrock,214,0.3342578411102295,-0.8339048624038696,0.49582356214523315,74,1.253456950187683,1.0788267850875854,0.4703199565410614,0.4313773512840271
rosenbrock,1.0,2,cholesky,5,ode_transport,8192,0.02,1000,5,rosenbrock,215,0.33971381187438965,-0.8180931806564331,0.4878106117248535,80,0.2601180374622345,0.015948856249451637,0.22908759117126465,0.12217164039611816
rosenbrock,1.0,2,cholesky,5,ode_transport,8192,0.02,1000,5,rosenbrock,216,0.331312894821167,-0.8199852108955383,0.46428149938583374,80,0.28498581051826477,0.08162406831979752,0.21723921597003937,0.1654132753610611
rosenbrock,1.0,2,cholesky,5,ode_transport,8192,0.02,1000,5,rosenbrock,217,0.31539487838745117,-0.814358651638031,0.5140705108642578,80,0.22413410246372223,0.014241741970181465,0.20022259652614594,0.09972050040960312
rosenbrock,1.0,2,cholesky,5,ode_transport,8192,0.02,1000,5,rosenbrock,218,0.30001091957092285,-0.805942952632904,0.4292771518230438,74,0.46013712882995605,0.2795916497707367,0.270757257938385,0.24544894695281982
rosenbrock,1.0,2,cholesky,5,ode_transport,8192,0.02,1000,5,rosenbrock,219,0.31917691230773926,-0.8233240246772766,0.5043549537658691,74,0.5876198410987854,0.3395439684391022,0.4249957203865051,0.22222860157489777
rosenbrock,1.0,2,cholesky,5,ode_transport,8192,0.02,1000,5,rosenbrock,220,0.30711793899536133,-0.817108154296875,0.495150625705719,74,0.1392940729856491,0.03404594585299492,0.12196603417396545,0.05803444981575012
rosenbrock,1.0,2,cholesky,5,ode_transport,8192,0.02,1000,5,rosenbrock,221,0.3183107376098633,-0.8259012699127197,0.5491583943367004,80,0.3149908483028412,0.13405635952949524,0.20362131297588348,0.19946545362472534
rosenbrock,1.0,2,cholesky,5,ode_transport,8192,0.02,1000,5,rosenbrock,222,0.32401371002197266,-0.8135300874710083,0.5043839812278748,80,0.2721653878688812,0.14323563873767853,0.1926783174276352,0.1281897872686386
rosenbrock,1.0,2,cholesky,5,ode_transport,8192,0.02,1000,5,rosenbrock,223,0.3411080837249756,-0.8229513168334961,0.5389377474784851,80,0.17800959944725037,0.03441401198506355,0.14673088490962982,0.09472665935754776
rosenbrock,1.0,2,cholesky,5,ode_transport,8192,0.02,1000,5,rosenbrock,224,0.3323347568511963,-0.8148663640022278,0.43306446075439453,80,0.2267388254404068,0.07398993521928787,0.17502765357494354,0.12369845807552338
rosenbrock,1.0,2,cholesky,5,ode_transport,8192,0.02,1000,5,rosenbrock,225,0.3255319595336914,-0.814134418964386,0.4928044080734253,74,3.0390453338623047,2.5921437740325928,1.2104177474975586,1.025415301322937
rosenbrock,1.0,2,cholesky,5,ode_transport,8192,0.02,1000,5,rosenbrock,226,0.33089113235473633,-0.8182768821716309,0.8095904588699341,86,0.32546886801719666,0.06292011588811874,0.2973431348800659,0.11643931269645691
rosenbrock,1.0,2,cholesky,5,ode_transport,8192,0.02,1000,5,rosenbrock,227,0.33231091499328613,-0.8050264716148376,0.4607284665107727,80,0.3287239670753479,0.04584958031773567,0.31145331263542175,0.0946260467171669
rosenbrock,1.0,2,cholesky,5,ode_transport,8192,0.02,1000,5,rosenbrock,228,0.3102128505706787,-0.8146311044692993,0.4941279888153076,74,0.35033151507377625,0.136737659573555,0.31359022855758667,0.07547274231910706
rosenbrock,1.0,2,cholesky,5,ode_transport,8192,0.02,1000,5,rosenbrock,229,0.31496596336364746,-0.8117238879203796,0.49094241857528687,80,0.2943068742752075,0.06610901653766632,0.26273810863494873,0.11495571583509445
rosenbrock,1.0,2,cholesky,5,ode_transport,8192,0.02,1000,5,rosenbrock,230,0.29128003120422363,-0.8049411773681641,0.43543741106987,74,0.30676645040512085,0.08666113018989563,0.26817306876182556,0.12115579098463058
rosenbrock,1.0,2,cholesky,5,ode_transport,8192,0.02,1000,5,rosenbrock,231,0.3105950355529785,-0.8130189776420593,0.5215836763381958,74,0.23501238226890564,0.11612504720687866,0.1871064305305481,0.08207903802394867
rosenbrock,1.0,2,cholesky,5,ode_transport,8192,0.02,1000,5,rosenbrock,232,0.35712194442749023,-0.8036782741546631,0.48878854513168335,86,0.23813596367835999,0.16445623338222504,0.11913160234689713,0.12438064813613892
rosenbrock,1.0,2,cholesky,5,ode_transport,8192,0.02,1000,5,rosenbrock,233,0.3130629062652588,-0.8179362416267395,0.513844907283783,80,0.21452225744724274,0.1127580851316452,0.14484772086143494,0.11101597547531128
rosenbrock,1.0,2,cholesky,5,ode_transport,8192,0.02,1000,5,rosenbrock,234,0.3120689392089844,-0.8027079701423645,0.4757942259311676,80,0.29046106338500977,0.14672401547431946,0.20647835731506348,0.14214907586574554
rosenbrock,1.0,2,cholesky,5,ode_transport,8192,0.02,1000,5,rosenbrock,235,0.349351167678833,-0.8043796420097351,0.5134808421134949,80,0.2610890865325928,0.01525140181183815,0.20129163563251495,0.16557954251766205
rosenbrock,1.0,2,cholesky,5,ode_transport,8192,0.02,1000,5,rosenbrock,236,0.3205702304840088,-0.8060608506202698,0.503120481967926,80,0.29560157656669617,0.09283397346735,0.2177070826292038,0.17710384726524353
rosenbrock,1.0,2,cholesky,5,ode_transport,8192,0.02,1000,5,rosenbrock,237,0.33506298065185547,-0.8024163246154785,0.4292706251144409,80,0.28725865483283997,0.12987792491912842,0.2502520978450775,0.05498310178518295
rosenbrock,1.0,2,cholesky,5,ode_transport,8192,0.02,1000,5,rosenbrock,238,0.32129788398742676,-0.8168364763259888,0.5204402208328247,80,0.2612802982330322,0.030201153829693794,0.2197577953338623,0.13806448876857758
rosenbrock,1.0,2,cholesky,5,ode_transport,8192,0.02,1000,5,rosenbrock,239,0.314133882522583,-0.8024437427520752,0.43579649925231934,80,1.1260552406311035,0.905473530292511,0.5169110298156738,0.4253482520580292
rosenbrock,1.0,2,cholesky,5,ode_transport,8192,0.02,1000,5,rosenbrock,240,0.3771851062774658,-0.8063234090805054,0.5003030896186829,74,0.21517328917980194,0.0720113143324852,0.17700307071208954,0.09891323745250702
rosenbrock,1.0,2,cholesky,5,ode_transport,8192,0.02,1000,5,rosenbrock,241,0.40877413749694824,-0.791401743888855,0.4609990417957306,80,0.3007136881351471,0.1376655101776123,0.16251051425933838,0.21229051053524017
rosenbrock,1.0,2,cholesky,5,ode_transport,8192,0.02,1000,5,rosenbrock,242,0.29531073570251465,-0.8128914833068848,0.5078355073928833,74,0.26365962624549866,0.16918005049228668,0.15565554797649384,0.12909632921218872
rosenbrock,1.0,2,cholesky,5,ode_transport,8192,0.02,1000,5,rosenbrock,243,0.31750988960266113,-0.8017326593399048,0.4120580554008484,80,0.14328692853450775,0.013663113117218018,0.1098334863781929,0.09100037813186646
rosenbrock,1.0,2,cholesky,5,ode_transport,8192,0.02,1000,5,rosenbrock,244,0.3287041187286377,-0.7988890409469604,0.45859295129776,80,0.43830442428588867,0.31958645582199097,0.22962073981761932,0.19300147891044617
rosenbrock,1.0,2,cholesky,5,ode_transport,8192,0.02,1000,5,rosenbrock,245,0.35205721855163574,-0.8021658658981323,0.4707610309123993,74,0.19801506400108337,0.031604912132024765,0.1320076733827591,0.14417026937007904
rosenbrock,1.0,2,cholesky,5,ode_transport,8192,0.02,1000,5,rosenbrock,246,0.36099720001220703,-0.8018405437469482,0.478026807308197,80,0.16487017273902893,0.02788928896188736,0.13575764000415802,0.08929849416017532
rosenbrock,1.0,2,cholesky,5,ode_transport,8192,0.02,1000,5,rosenbrock,247,0.3585059642791748,-0.8001295328140259,0.44413214921951294,86,0.2950776517391205,0.21342922747135162,0.16933009028434753,0.11334070563316345
rosenbrock,1.0,2,cholesky,5,ode_transport,8192,0.02,1000,5,rosenbrock,248,0.32744789123535156,-0.7908014059066772,0.4639427661895752,80,0.23826712369918823,0.14286886155605316,0.1479058414697647,0.12034770101308823
rosenbrock,1.0,2,cholesky,5,ode_transport,8192,0.02,1000,5,rosenbrock,249,0.3464522361755371,-0.7933072447776794,0.48314231634140015,86,0.21680137515068054,0.07634930312633514,0.15472054481506348,0.13128280639648438
rosenbrock,1.0,2,cholesky,5,ode_transport,8192,0.02,1000,5,rosenbrock,250,0.3197598457336426,-0.7940439581871033,0.48038920760154724,80,0.14829759299755096,0.024687467142939568,0.12234626710414886,0.08008802682161331
rosenbrock,1.0,2,cholesky,5,ode_transport,8192,0.02,1000,5,rosenbrock,251,0.35016703605651855,-0.7980616092681885,0.4928712248802185,92,0.16886383295059204,0.07092799991369247,0.11824808269739151,0.09747616946697235
rosenbrock,1.0,2,cholesky,5,ode_transport,8192,0.02,1000,5,rosenbrock,252,0.3077709674835205,-0.8058950901031494,0.5026110410690308,80,0.2877805233001709,0.19521881639957428,0.17088763415813446,0.12451773136854172
rosenbrock,1.0,2,cholesky,5,ode_transport,8192,0.02,1000,5,rosenbrock,253,0.31596899032592773,-0.7950969934463501,0.4580736458301544,80,0.25961095094680786,0.13978217542171478,0.16633202135562897,0.14210009574890137
rosenbrock,1.0,2,cholesky,5,ode_transport,8192,0.02,1000,5,rosenbrock,254,0.34042906761169434,-0.806545078754425,0.58392733335495,86,0.23783721029758453,0.09082731604576111,0.16390399634838104,0.146466463804245
rosenbrock,1.0,2,cholesky,5,ode_transport,8192,0.02,1000,5,rosenbrock,255,0.3394501209259033,-0.7956558465957642,0.44232848286628723,80,0.3805609941482544,0.2692347764968872,0.2330014705657959,0.13434888422489166
rosenbrock,1.0,2,cholesky,5,ode_transport,8192,0.02,1000,5,rosenbrock,256,0.32032275199890137,-0.8021023869514465,0.6184083819389343,80,0.9815254211425781,0.8081141114234924,0.4476206600666046,0.33163154125213623
rosenbrock,1.0,2,cholesky,5,ode_transport,8192,0.02,1000,5,rosenbrock,257,0.34670305252075195,-0.7931207418441772,0.48716244101524353,80,1.3031049966812134,1.0625745058059692,0.6149706840515137,0.43684014678001404
rosenbrock,1.0,2,cholesky,5,ode_transport,8192,0.02,1000,5,rosenbrock,258,0.3263089656829834,-0.796488881111145,0.5082916021347046,80,0.1612020879983902,0.07091225683689117,0.13137151300907135,0.060820143669843674
rosenbrock,1.0,2,cholesky,5,ode_transport,8192,0.02,1000,5,rosenbrock,259,0.3411269187927246,-0.7962241768836975,0.4072771370410919,86,0.18035408854484558,0.046066686511039734,0.12418459355831146,0.1224077045917511
rosenbrock,1.0,2,cholesky,5,ode_transport,8192,0.02,1000,5,rosenbrock,260,0.3475019931793213,-0.7933903932571411,0.4640325903892517,80,0.13297073543071747,0.027266643941402435,0.12067554891109467,0.048735588788986206
rosenbrock,1.0,2,cholesky,5,ode_transport,8192,0.02,1000,5,rosenbrock,261,0.37464118003845215,-0.7824220657348633,0.44936150312423706,86,0.15897254645824432,0.03166882321238518,0.12178533524274826,0.09714776277542114
rosenbrock,1.0,2,cholesky,5,ode_transport,8192,0.02,1000,5,rosenbrock,262,0.33327507972717285,-0.7905735373497009,0.5013644695281982,80,0.16494083404541016,0.027482464909553528,0.12527139484882355,0.10371725261211395
rosenbrock,1.0,2,cholesky,5,ode_transport,8192,0.02,1000,5,rosenbrock,263,0.31192588806152344,-0.7946150898933411,0.534408688545227,74,0.1322493553161621,0.028079316020011902,0.10001953691244125,0.08183848112821579
rosenbrock,1.0,2,cholesky,5,ode_transport,8192,0.02,1000,5,rosenbrock,264,0.3262190818786621,-0.7998744249343872,0.4494814872741699,80,0.19473713636398315,0.012399145402014256,0.1778453141450882,0.07835723459720612
rosenbrock,1.0,2,cholesky,5,ode_transport,8192,0.02,1000,5,rosenbrock,265,0.33922505378723145,-0.7991926074028015,0.5543161630630493,80,0.2273113876581192,0.03092128224670887,0.19497732818126678,0.11268623173236847
rosenbrock,1.0,2,cholesky,5,ode_transport,8192,0.02,1000,5,rosenbrock,266,0.3040781021118164,-0.7886306643486023,0.4697973132133484,74,0.2444991171360016,0.017432859167456627,0.2188669741153717,0.10757865011692047
rosenbrock,1.0,2,cholesky,5,ode_transport,8192,0.02,1000,5,rosenbrock,267,0.2893178462982178,-0.7962057590484619,0.4887653887271881,74,0.9953180551528931,0.8734127879142761,0.37766802310943604,0.2918475866317749
rosenbrock,1.0,2,cholesky,5,ode_transport,8192,0.02,1000,5,rosenbrock,268,0.25319933891296387,-0.795382022857666,0.4836251139640808,62,0.16225150227546692,0.026493752375245094,0.10545770078897476,0.12042552977800369
rosenbrock,1.0,2,cholesky,5,ode_transport,8192,0.02,1000,5,rosenbrock,269,0.2606840133666992,-0.7921280860900879,0.46723079681396484,62,0.18393060564994812,0.013415660709142685,0.15125083923339844,0.10379628837108612
rosenbrock,1.0,2,cholesky,5,ode_transport,8192,0.02,1000,5,rosenbrock,270,0.31076979637145996,-0.779857337474823,0.4348360300064087,80,0.18169905245304108,0.08615756779909134,0.14081034064292908,0.07592011988162994
rosenbrock,1.0,2,cholesky,5,ode_transport,8192,0.02,1000,5,rosenbrock,271,0.31958818435668945,-0.7898492813110352,0.46360158920288086,80,0.5013814568519592,0.3438107967376709,0.30483004450798035,0.20063939690589905
rosenbrock,1.0,2,cholesky,5,ode_transport,8192,0.02,1000,5,rosenbrock,272,0.30864500999450684,-0.8016809225082397,0.5091480612754822,74,0.2668638825416565,0.17250178754329681,0.1903899908065796,0.07218803465366364
rosenbrock,1.0,2,cholesky,5,ode_transport,8192,0.02,1000,5,rosenbrock,273,0.30481505393981934,-0.7917829155921936,0.46418702602386475,80,0.22280608117580414,0.052086666226387024,0.18536606431007385,0.11211136728525162
rosenbrock,1.0,2,cholesky,5,ode_transport,8192,0.02,1000,5,rosenbrock,274,0.31365203857421875,-0.7801606059074402,0.48954349756240845,74,0.19775505363941193,0.10428319871425629,0.15349100530147552,0.06835632026195526
rosenbrock,1.0,2,cholesky,5,ode_transport,8192,0.02,1000,5,rosenbrock,275,0.29845285415649414,-0.7902274131774902,0.4393951892852783,74,0.21091178059577942,0.1024397537112236,0.13977479934692383,0.12022014707326889
rosenbrock,1.0,2,cholesky,5,ode_transport,8192,0.02,1000,5,rosenbrock,276,0.2974691390991211,-0.7917284369468689,0.45364728569984436,74,0.24742893874645233,0.10274751484394073,0.20246879756450653,0.09833826869726181
rosenbrock,1.0,2,cholesky,5,ode_transport,8192,0.02,1000,5,rosenbrock,277,0.29924726486206055,-0.7911268472671509,0.45764029026031494,74,0.15968358516693115,0.018095290288329124,0.1461632251739502,0.06170668825507164
rosenbrock,1.0,2,cholesky,5,ode_transport,8192,0.02,1000,5,rosenbrock,278,0.31398820877075195,-0.7898253202438354,0.5081205368041992,74,0.30999985337257385,0.19210277497768402,0.20484678447246552,0.13127921521663666
rosenbrock,1.0,2,cholesky,5,ode_transport,8192,0.02,1000,5,rosenbrock,279,0.3717319965362549,-0.7863204479217529,0.47381144762039185,80,0.2279328554868698,0.08586760610342026,0.17841126024723053,0.11291395127773285
rosenbrock,1.0,2,cholesky,5,ode_transport,8192,0.02,1000,5,rosenbrock,280,0.318558931350708,-0.7813841700553894,0.4290299713611603,80,0.20179639756679535,0.021743588149547577,0.16914549469947815,0.10788328945636749
rosenbrock,1.0,2,cholesky,5,ode_transport,8192,0.02,1000,5,rosenbrock,281,0.3440723419189453,-0.7996225357055664,0.5304351449012756,86,0.23656292259693146,0.02219143882393837,0.15387724339962006,0.17830128967761993
rosenbrock,1.0,2,cholesky,5,ode_transport,8192,0.02,1000,5,rosenbrock,282,0.3143470287322998,-0.7859054803848267,0.4299038052558899,80,0.2168566733598709,0.1085357666015625,0.1420097053050995,0.12280085682868958
rosenbrock,1.0,2,cholesky,5,ode_transport,8192,0.02,1000,5,rosenbrock,283,0.29004788398742676,-0.7804125547409058,0.4868222177028656,74,0.2585221230983734,0.15522721409797668,0.12105406075716019,0.167583167552948
rosenbrock,1.0,2,cholesky,5,ode_transport,8192,0.02,1000,5,rosenbrock,284,0.3101329803466797,-0.7907499074935913,0.5462382435798645,74,0.24436905980110168,0.05111844092607498,0.1771547645330429,0.16037249565124512
rosenbrock,1.0,2,cholesky,5,ode_transport,8192,0.02,1000,5,rosenbrock,285,0.34329676628112793,-0.7857028245925903,0.4429805874824524,74,0.5565273761749268,0.44884270429611206,0.2680432200431824,0.19082918763160706
rosenbrock,1.0,2,cholesky,5,ode_transport,8192,0.02,1000,5,rosenbrock,286,0.36819934844970703,-0.7838730812072754,0.43548449873924255,92,0.19401101768016815,0.08007574081420898,0.13385602831840515,0.11537204682826996
rosenbrock,1.0,2,cholesky,5,ode_transport,8192,0.02,1000,5,rosenbrock,287,0.350985050201416,-0.7926629781723022,0.478432297706604,80,0.174400195479393,0.05129111558198929,0.13724420964717865,0.0945974811911583
rosenbrock,1.0,2,cholesky,5,ode_transport,8192,0.02,1000,5,rosenbrock,288,0.3542308807373047,-0.7801988124847412,0.40895265340805054,74,0.2514103949069977,0.17085455358028412,0.13281631469726562,0.12796764075756073
rosenbrock,1.0,2,cholesky,5,ode_transport,8192,0.02,1000,5,rosenbrock,289,0.33588504791259766,-0.7979667782783508,0.5090051889419556,80,0.3371638357639313,0.20362041890621185,0.18212853372097015,0.19760404527187347
rosenbrock,1.0,2,cholesky,5,ode_transport,8192,0.02,1000,5,rosenbrock,290,0.34108471870422363,-0.7841759920120239,0.47558996081352234,80,1.1756845712661743,1.0094969272613525,0.4876418709754944,0.3540557324886322
rosenbrock,1.0,2,cholesky,5,ode_transport,8192,0.02,1000,5,rosenbrock,291,0.3236119747161865,-0.7839490175247192,0.4984015226364136,74,0.16108660399913788,0.02611413784325123,0.1423283815383911,0.07077839970588684
rosenbrock,1.0,2,cholesky,5,ode_transport,8192,0.02,1000,5,rosenbrock,292,0.32860803604125977,-0.7855405211448669,0.5351163148880005,74,0.20582875609397888,0.07565280795097351,0.13140812516212463,0.13919061422348022
rosenbrock,1.0,2,cholesky,5,ode_transport,8192,0.02,1000,5,rosenbrock,293,0.34239792823791504,-0.7745980024337769,0.40703660249710083,80,6.299015998840332,5.4500203132629395,2.443617343902588,2.0009024143218994
rosenbrock,1.0,2,cholesky,5,ode_transport,8192,0.02,1000,5,rosenbrock,294,0.3321516513824463,-0.7745406031608582,0.40929245948791504,80,0.21625034511089325,0.0835447832942009,0.16977830231189728,0.1046891063451767
rosenbrock,1.0,2,cholesky,5,ode_transport,8192,0.02,1000,5,rosenbrock,295,0.36144495010375977,-0.7820761799812317,0.477578341960907,74,0.3987101912498474,0.05919119343161583,0.38138556480407715,0.10005644708871841
rosenbrock,1.0,2,cholesky,5,ode_transport,8192,0.02,1000,5,rosenbrock,296,0.36379289627075195,-0.7904825806617737,0.501215934753418,80,0.5931336879730225,0.04109620302915573,0.563402533531189,0.1808210164308548
rosenbrock,1.0,2,cholesky,5,ode_transport,8192,0.02,1000,5,rosenbrock,297,0.365095853805542,-0.7919175028800964,0.49811822175979614,80,0.5723069906234741,0.028126757591962814,0.5555036067962646,0.1347588300704956
rosenbrock,1.0,2,cholesky,5,ode_transport,8192,0.02,1000,5,rosenbrock,298,0.312391996383667,-0.7917039394378662,0.4883785545825958,74,0.42594364285469055,0.1212114468216896,0.39281466603279114,0.11150064319372177
rosenbrock,1.0,2,cholesky,5,ode_transport,8192,0.02,1000,5,rosenbrock,299,0.3582029342651367,-0.7981476187705994,0.597453773021698,80,0.5438557267189026,0.026912132278084755,0.49406200647354126,0.2257375717163086
rosenbrock,1.0,2,cholesky,5,ode_transport,8192,0.02,1000,5,rosenbrock,300,0.3480970859527588,-0.787550151348114,0.430317759513855,80,0.3203577399253845,0.108660988509655,0.25045040249824524,0.1676200032234192
rosenbrock,1.0,2,cholesky,5,ode_transport,8192,0.02,1000,5,rosenbrock,301,0.4097568988800049,-0.7868371605873108,0.4474464952945709,92,0.20680393278598785,0.0399690642952919,0.14733347296714783,0.13951052725315094
rosenbrock,1.0,2,cholesky,5,ode_transport,8192,0.02,1000,5,rosenbrock,302,0.3439629077911377,-0.7814196944236755,0.4406096637248993,80,0.28731223940849304,0.07584710419178009,0.20831693708896637,0.18275552988052368
rosenbrock,1.0,2,cholesky,5,ode_transport,8192,0.02,1000,5,rosenbrock,303,0.35933780670166016,-0.7891599535942078,0.5109341740608215,80,0.22417698800563812,0.06374655663967133,0.1797259896993637,0.1178569570183754
rosenbrock,1.0,2,cholesky,5,ode_transport,8192,0.02,1000,5,rosenbrock,304,0.3440079689025879,-0.7840695381164551,0.472522497177124,80,0.3292950689792633,0.01595044694840908,0.3072037100791931,0.11750195175409317
rosenbrock,1.0,2,cholesky,5,ode_transport,8192,0.02,1000,5,rosenbrock,305,0.3915903568267822,-0.7886016964912415,0.45370930433273315,80,0.33610042929649353,0.05286046862602234,0.28446871042251587,0.17101703584194183
rosenbrock,1.0,2,cholesky,5,ode_transport,8192,0.02,1000,5,rosenbrock,306,0.41453099250793457,-0.7851027846336365,0.4953407049179077,86,0.31031039357185364,0.11314095556735992,0.25220707058906555,0.14100798964500427
rosenbrock,1.0,2,cholesky,5,ode_transport,8192,0.02,1000,5,rosenbrock,307,0.3943750858306885,-0.7976267337799072,0.5259829759597778,80,0.3565603494644165,0.020211677998304367,0.3158789277076721,0.16415616869926453
rosenbrock,1.0,2,cholesky,5,ode_transport,8192,0.02,1000,5,rosenbrock,308,0.3972008228302002,-0.7866241931915283,0.48102709650993347,86,0.31343936920166016,0.048263244330883026,0.28758475184440613,0.11493438482284546
rosenbrock,1.0,2,cholesky,5,ode_transport,8192,0.02,1000,5,rosenbrock,309,0.33435869216918945,-0.8012831807136536,0.563352644443512,74,0.24179841578006744,0.047612983733415604,0.19266192615032196,0.13813351094722748
rosenbrock,1.0,2,cholesky,5,ode_transport,8192,0.02,1000,5,rosenbrock,310,0.32572126388549805,-0.792108416557312,0.4566322863101959,80,0.17925623059272766,0.07483108341693878,0.13117000460624695,0.0965791791677475
rosenbrock,1.0,2,cholesky,5,ode_transport,8192,0.02,1000,5,rosenbrock,311,0.3189549446105957,-0.7960454225540161,0.49878254532814026,74,0.2558896541595459,0.08125801384449005,0.1929684281349182,0.14710485935211182
rosenbrock,1.0,2,cholesky,5,ode_transport,8192,0.02,1000,5,rosenbrock,312,0.34181976318359375,-0.798913300037384,0.5068068504333496,74,0.22765842080116272,0.0748593658208847,0.15447166562080383,0.149542436003685
rosenbrock,1.0,2,cholesky,5,ode_transport,8192,0.02,1000,5,rosenbrock,313,0.33049869537353516,-0.7863340377807617,0.47061920166015625,74,0.2619381844997406,0.13704122602939606,0.18158270418643951,0.1298423707485199
rosenbrock,1.0,2,cholesky,5,ode_transport,8192,0.02,1000,5,rosenbrock,314,0.3573341369628906,-0.7808019518852234,0.5190553665161133,86,0.3808594048023224,0.21463140845298767,0.2605758011341095,0.17631646990776062
rosenbrock,1.0,2,cholesky,5,ode_transport,8192,0.02,1000,5,rosenbrock,315,0.3477609157562256,-0.7912723422050476,0.4892527461051941,80,0.2631387710571289,0.060699768364429474,0.20282672345638275,0.15626540780067444
rosenbrock,1.0,2,cholesky,5,ode_transport,8192,0.02,1000,5,rosenbrock,316,0.34104490280151367,-0.7862279415130615,0.4802892208099365,80,0.17407573759555817,0.054603900760412216,0.13077424466609955,0.10108844935894012
rosenbrock,1.0,2,cholesky,5,ode_transport,8192,0.02,1000,5,rosenbrock,317,0.34683799743652344,-0.7816194295883179,0.46484145522117615,86,0.16579939424991608,0.080335333943367,0.12091369926929474,0.08009708672761917
rosenbrock,1.0,2,cholesky,5,ode_transport,8192,0.02,1000,5,rosenbrock,318,0.3398892879486084,-0.7897971272468567,0.47227057814598083,80,0.23094584047794342,0.04517325386404991,0.19726482033729553,0.11127418279647827
rosenbrock,1.0,2,cholesky,5,ode_transport,8192,0.02,1000,5,rosenbrock,319,0.3263370990753174,-0.7937544584274292,0.42868754267692566,86,0.1469075232744217,0.006471358705312014,0.11519093811511993,0.09094497561454773
rosenbrock,1.0,2,cholesky,5,ode_transport,8192,0.02,1000,5,rosenbrock,320,0.3315088748931885,-0.7907610535621643,0.5076667070388794,80,0.29360517859458923,0.06671202927827835,0.25008636713027954,0.13860122859477997
rosenbrock,1.0,2,cholesky,5,ode_transport,8192,0.02,1000,5,rosenbrock,321,0.3007078170776367,-0.7874970436096191,0.4514206051826477,74,0.3028554916381836,0.03363114222884178,0.2557690441608429,0.1586586982011795
rosenbrock,1.0,2,cholesky,5,ode_transport,8192,0.02,1000,5,rosenbrock,322,0.3164706230163574,-0.7753194570541382,0.4711252450942993,80,0.3937576413154602,0.29602259397506714,0.2179650217294693,0.141091987490654
rosenbrock,1.0,2,cholesky,5,ode_transport,8192,0.02,1000,5,rosenbrock,323,0.30293989181518555,-0.7805359959602356,0.512481689453125,74,0.23410266637802124,0.12579947710037231,0.15628163516521454,0.12064243108034134
rosenbrock,1.0,2,cholesky,5,ode_transport,8192,0.02,1000,5,rosenbrock,324,0.31513309478759766,-0.7965010404586792,0.5983971953392029,74,0.3138035237789154,0.219795823097229,0.13070999085903168,0.18187174201011658
rosenbrock,1.0,2,cholesky,5,ode_transport,8192,0.02,1000,5,rosenbrock,325,0.3262019157409668,-0.7767280340194702,0.43336549401283264,74,0.1777605414390564,0.053887125104665756,0.1301310807466507,0.10844766348600388
rosenbrock,1.0,2,cholesky,5,ode_transport,8192,0.02,1000,5,rosenbrock,326,0.34940099716186523,-0.7860090136528015,0.4481540322303772,80,0.17831552028656006,0.05231134966015816,0.1473022699356079,0.08580202609300613
rosenbrock,1.0,2,cholesky,5,ode_transport,8192,0.02,1000,5,rosenbrock,327,0.33824872970581055,-0.7877642512321472,0.5050387382507324,74,0.17011712491512299,0.03733369708061218,0.12702126801013947,0.10682521760463715
rosenbrock,1.0,2,cholesky,5,ode_transport,8192,0.02,1000,5,rosenbrock,328,0.3351290225982666,-0.7843334078788757,0.48228949308395386,74,0.2503310441970825,0.1270557940006256,0.12758010625839233,0.1739131212234497
rosenbrock,1.0,2,cholesky,5,ode_transport,8192,0.02,1000,5,rosenbrock,329,0.3650999069213867,-0.7829784154891968,0.44878315925598145,80,0.14475245773792267,0.02315836027264595,0.1238359659910202,0.07128547132015228
rosenbrock,1.0,2,cholesky,5,ode_transport,8192,0.02,1000,5,rosenbrock,330,0.349057674407959,-0.7818418741226196,0.4481000602245331,74,0.19980114698410034,0.11373217403888702,0.12751315534114838,0.10356587916612625
rosenbrock,1.0,2,cholesky,5,ode_transport,8192,0.02,1000,5,rosenbrock,331,0.37778210639953613,-0.778608500957489,0.5498023629188538,80,0.3033193051815033,0.21528640389442444,0.15606021881103516,0.14594373106956482
rosenbrock,1.0,2,cholesky,5,ode_transport,8192,0.02,1000,5,rosenbrock,332,0.32434511184692383,-0.7832393646240234,0.544613242149353,74,0.22507207095623016,0.061537645757198334,0.17960628867149353,0.12088065594434738
rosenbrock,1.0,2,cholesky,5,ode_transport,8192,0.02,1000,5,rosenbrock,333,0.32926392555236816,-0.7752819061279297,0.4753420650959015,80,0.6320469975471497,0.4157324433326721,0.34651559591293335,0.32646119594573975
rosenbrock,1.0,2,cholesky,5,ode_transport,8192,0.02,1000,5,rosenbrock,334,0.328899621963501,-0.7891731262207031,0.5596588253974915,80,0.1890575885772705,0.053131941705942154,0.11705110967159271,0.1386318951845169
rosenbrock,1.0,2,cholesky,5,ode_transport,8192,0.02,1000,5,rosenbrock,335,0.43526506423950195,-0.7799922227859497,0.5159480571746826,80,0.1820920705795288,0.08581625670194626,0.13968536257743835,0.07925330847501755
rosenbrock,1.0,2,cholesky,5,ode_transport,8192,0.02,1000,5,rosenbrock,336,0.3795440196990967,-0.7799264192581177,0.44234156608581543,74,0.1893025040626526,0.014779709279537201,0.16739821434020996,0.08714833855628967
rosenbrock,1.0,2,cholesky,5,ode_transport,8192,0.02,1000,5,rosenbrock,337,0.3718750476837158,-0.7754055857658386,0.5497769713401794,80,0.22820879518985748,0.13000233471393585,0.13865025341510773,0.12631213665008545
rosenbrock,1.0,2,cholesky,5,ode_transport,8192,0.02,1000,5,rosenbrock,338,0.33821630477905273,-0.7839148044586182,0.5617666840553284,80,0.2487861067056656,0.03138314560055733,0.20183654129505157,0.1420269012451172
rosenbrock,1.0,2,cholesky,5,ode_transport,8192,0.02,1000,5,rosenbrock,339,0.32703208923339844,-0.7730603814125061,0.4519957900047302,80,0.41255879402160645,0.33134931325912476,0.20201992988586426,0.14000122249126434
rosenbrock,1.0,2,cholesky,5,ode_transport,8192,0.02,1000,5,rosenbrock,340,0.3315298557281494,-0.7655150890350342,0.451365202665329,86,0.24434545636177063,0.13577984273433685,0.15532663464546204,0.1309281289577484
rosenbrock,1.0,2,cholesky,5,ode_transport,8192,0.02,1000,5,rosenbrock,341,0.32079482078552246,-0.7757762670516968,0.49831926822662354,80,0.18087328970432281,0.07686580717563629,0.14738653600215912,0.07130220532417297
rosenbrock,1.0,2,cholesky,5,ode_transport,8192,0.02,1000,5,rosenbrock,342,0.3685441017150879,-0.7719268202781677,0.5827046632766724,86,0.20159600675106049,0.03910095989704132,0.1622731238603592,0.11304643005132675
rosenbrock,1.0,2,cholesky,5,ode_transport,8192,0.02,1000,5,rosenbrock,343,0.310103178024292,-0.7696912288665771,0.4592798352241516,80,0.1370648294687271,0.011553642340004444,0.08980169892311096,0.10290255397558212
rosenbrock,1.0,2,cholesky,5,ode_transport,8192,0.02,1000,5,rosenbrock,344,0.33542895317077637,-0.763176441192627,0.43974849581718445,80,0.14714623987674713,0.023284632712602615,0.12976977229118347,0.06534251570701599
rosenbrock,1.0,2,cholesky,5,ode_transport,8192,0.02,1000,5,rosenbrock,345,0.31031322479248047,-0.7729545831680298,0.43666625022888184,80,0.26244401931762695,0.16953344643115997,0.16334962844848633,0.11598347127437592
rosenbrock,1.0,2,cholesky,5,ode_transport,8192,0.02,1000,5,rosenbrock,346,0.3264291286468506,-0.7769747376441956,0.6196833252906799,80,0.44875460863113403,0.3664785921573639,0.19696581363677979,0.16816240549087524
rosenbrock,1.0,2,cholesky,5,ode_transport,8192,0.02,1000,5,rosenbrock,347,0.33423614501953125,-0.7766621112823486,0.43796300888061523,80,0.5928081274032593,0.41053080558776855,0.3307211995124817,0.2711261510848999
rosenbrock,1.0,2,cholesky,5,ode_transport,8192,0.02,1000,5,rosenbrock,348,0.32747387886047363,-0.7797241806983948,0.4693922996520996,80,0.218623086810112,0.015412907116115093,0.14064668118953705,0.16666434705257416
rosenbrock,1.0,2,cholesky,5,ode_transport,8192,0.02,1000,5,rosenbrock,349,0.32500195503234863,-0.7661482095718384,0.435884565114975,80,0.7605239748954773,0.5788106918334961,0.404826819896698,0.28193995356559753
rosenbrock,1.0,2,cholesky,5,ode_transport,8192,0.02,1000,5,rosenbrock,350,0.316547155380249,-0.7714104652404785,0.5510277152061462,80,0.2739001214504242,0.06257297098636627,0.23204956948757172,0.13137318193912506
rosenbrock,1.0,2,cholesky,5,ode_transport,8192,0.02,1000,5,rosenbrock,351,0.31235504150390625,-0.7646312117576599,0.42100927233695984,74,0.37821105122566223,0.262409508228302,0.21265463531017303,0.17018479108810425
rosenbrock,1.0,2,cholesky,5,ode_transport,8192,0.02,1000,5,rosenbrock,352,0.3564717769622803,-0.7677832841873169,0.4979165196418762,92,0.19051747024059296,0.08913066238164902,0.1352444589138031,0.1003073900938034
rosenbrock,1.0,2,cholesky,5,ode_transport,8192,0.02,1000,5,rosenbrock,353,0.3213329315185547,-0.7619036436080933,0.41165727376937866,80,0.22453387081623077,0.10004284232854843,0.17544153332710266,0.09811804443597794
rosenbrock,1.0,2,cholesky,5,ode_transport,8192,0.02,1000,5,rosenbrock,354,0.2989199161529541,-0.7742972373962402,0.4510892629623413,74,0.17847579717636108,0.058284394443035126,0.121314637362957,0.11721475422382355
rosenbrock,1.0,2,cholesky,5,ode_transport,8192,0.02,1000,5,rosenbrock,355,0.3200702667236328,-0.770635724067688,0.5002525448799133,80,0.2048148363828659,0.0592561736702919,0.16858519613742828,0.10008423775434494
rosenbrock,1.0,2,cholesky,5,ode_transport,8192,0.02,1000,5,rosenbrock,356,0.2933230400085449,-0.7729803323745728,0.5300212502479553,74,0.5453277230262756,0.43985483050346375,0.21885661780834198,0.23666812479496002
rosenbrock,1.0,2,cholesky,5,ode_transport,8192,0.02,1000,5,rosenbrock,357,0.3205387592315674,-0.7708714604377747,0.4497641623020172,80,0.31344693899154663,0.042396098375320435,0.20189931988716125,0.23598350584506989
rosenbrock,1.0,2,cholesky,5,ode_transport,8192,0.02,1000,5,rosenbrock,358,0.3480949401855469,-0.7860492467880249,0.604303240776062,86,0.2875816226005554,0.03045370802283287,0.26368656754493713,0.11065785586833954
rosenbrock,1.0,2,cholesky,5,ode_transport,8192,0.02,1000,5,rosenbrock,359,0.3181569576263428,-0.7693633437156677,0.4272885322570801,80,0.21244166791439056,0.020605726167559624,0.1244099885225296,0.17096497118473053
rosenbrock,1.0,2,cholesky,5,ode_transport,8192,0.02,1000,5,rosenbrock,360,0.3223881721496582,-0.7713952660560608,0.4808891713619232,80,0.20874927937984467,0.008451079949736595,0.16902755200862885,0.12220689654350281
rosenbrock,1.0,2,cholesky,5,ode_transport,8192,0.02,1000,5,rosenbrock,361,0.36276912689208984,-0.7660467624664307,0.4857029914855957,80,0.1814352571964264,0.024918027222156525,0.16389931738376617,0.0737214982509613
rosenbrock,1.0,2,cholesky,5,ode_transport,8192,0.02,1000,5,rosenbrock,362,0.3855292797088623,-0.7575864791870117,0.40738192200660706,92,0.8973183631896973,0.7357883453369141,0.3421960473060608,0.38301125168800354
rosenbrock,1.0,2,cholesky,5,ode_transport,8192,0.02,1000,5,rosenbrock,363,0.39840006828308105,-0.7672497034072876,0.4873187839984894,92,0.2818007469177246,0.11856205761432648,0.20839592814445496,0.1480737179517746
rosenbrock,1.0,2,cholesky,5,ode_transport,8192,0.02,1000,5,rosenbrock,364,0.317425012588501,-0.7607089877128601,0.4983551800251007,74,0.24020950496196747,0.12867312133312225,0.16416963934898376,0.11913088709115982
rosenbrock,1.0,2,cholesky,5,ode_transport,8192,0.02,1000,5,rosenbrock,365,0.327700138092041,-0.7656564116477966,0.45279598236083984,80,0.4272093176841736,0.2084036022424698,0.2929282784461975,0.2308003157377243
rosenbrock,1.0,2,cholesky,5,ode_transport,8192,0.02,1000,5,rosenbrock,366,0.39668822288513184,-0.7653727531433105,0.5284796357154846,92,0.21091462671756744,0.049029406160116196,0.1571907103061676,0.1318035125732422
rosenbrock,1.0,2,cholesky,5,ode_transport,8192,0.02,1000,5,rosenbrock,367,0.3470919132232666,-0.7646030783653259,0.4668833911418915,86,0.22613337635993958,0.015245974063873291,0.19606143236160278,0.1116412952542305
rosenbrock,1.0,2,cholesky,5,ode_transport,8192,0.02,1000,5,rosenbrock,368,0.3358299732208252,-0.7659647464752197,0.48668915033340454,80,0.2993897795677185,0.20169560611248016,0.1778813749551773,0.13157254457473755
rosenbrock,1.0,2,cholesky,5,ode_transport,8192,0.02,1000,5,rosenbrock,369,0.3252432346343994,-0.7579153776168823,0.42938780784606934,74,0.2316790223121643,0.1530117392539978,0.15905602276325226,0.0704539567232132
rosenbrock,1.0,2,cholesky,5,ode_transport,8192,0.02,1000,5,rosenbrock,370,0.3388218879699707,-0.761012852191925,0.48959895968437195,80,0.158206969499588,0.07759633660316467,0.10870633274316788,0.0848008468747139
rosenbrock,1.0,2,cholesky,5,ode_transport,8192,0.02,1000,5,rosenbrock,371,0.3457789421081543,-0.7606125473976135,0.4599747359752655,80,5.558396339416504,4.830496788024902,2.180320978164673,1.6757898330688477
rosenbrock,1.0,2,cholesky,5,ode_transport,8192,0.02,1000,5,rosenbrock,372,0.3136019706726074,-0.7768244743347168,0.530545175075531,74,0.24794775247573853,0.14062120020389557,0.17133094370365143,0.11112821847200394
rosenbrock,1.0,2,cholesky,5,ode_transport,8192,0.02,1000,5,rosenbrock,373,0.3153109550476074,-0.7588629126548767,0.4422077238559723,74,0.21790380775928497,0.015659604221582413,0.19836503267288208,0.08881530910730362
rosenbrock,1.0,2,cholesky,5,ode_transport,8192,0.02,1000,5,rosenbrock,374,0.3430750370025635,-0.7650011777877808,0.46552756428718567,74,0.640562117099762,0.5586557388305664,0.2860269546508789,0.1281098574399948
rosenbrock,1.0,2,cholesky,5,ode_transport,8192,0.02,1000,5,rosenbrock,375,0.37409090995788574,-0.7727324366569519,0.47118133306503296,98,0.5444623231887817,0.04138503596186638,0.4974312484264374,0.21745960414409637
rosenbrock,1.0,2,cholesky,5,ode_transport,8192,0.02,1000,5,rosenbrock,376,0.3491659164428711,-0.7604116797447205,0.4385196566581726,86,0.6322020292282104,0.21276575326919556,0.5485555529594421,0.23129411041736603
rosenbrock,1.0,2,cholesky,5,ode_transport,8192,0.02,1000,5,rosenbrock,377,0.3569819927215576,-0.773777186870575,0.5711389780044556,80,0.4298410415649414,0.034932948648929596,0.38813409209251404,0.18136964738368988
rosenbrock,1.0,2,cholesky,5,ode_transport,8192,0.02,1000,5,rosenbrock,378,0.30864500999450684,-0.7598737478256226,0.49202340841293335,74,0.3129620850086212,0.050552692264318466,0.2500969171524048,0.18122147023677826
rosenbrock,1.0,2,cholesky,5,ode_transport,8192,0.02,1000,5,rosenbrock,379,0.33496785163879395,-0.765780508518219,0.5213309526443481,74,0.743120551109314,0.5651025176048279,0.39398184418678284,0.27868539094924927
rosenbrock,1.0,2,cholesky,5,ode_transport,8192,0.02,1000,5,rosenbrock,380,0.3889741897583008,-0.7696685791015625,0.5349382758140564,92,0.2842363715171814,0.024231867864727974,0.20297279953956604,0.19749730825424194
rosenbrock,1.0,2,cholesky,5,ode_transport,8192,0.02,1000,5,rosenbrock,381,0.37191104888916016,-0.761552095413208,0.5020233988761902,86,0.2838047444820404,0.10236138105392456,0.24812127649784088,0.09221234172582626
rosenbrock,1.0,2,cholesky,5,ode_transport,8192,0.02,1000,5,rosenbrock,382,0.3293452262878418,-0.7639954090118408,0.5521171689033508,74,0.3150668740272522,0.13658544421195984,0.15256282687187195,0.2394496500492096
rosenbrock,1.0,2,cholesky,5,ode_transport,8192,0.02,1000,5,rosenbrock,383,0.33925700187683105,-0.7660046815872192,0.49519437551498413,80,0.41000059247016907,0.0831337496638298,0.38449952006340027,0.11553939431905746
rosenbrock,1.0,2,cholesky,5,ode_transport,8192,0.02,1000,5,rosenbrock,384,0.33782196044921875,-0.7624787092208862,0.6071175932884216,80,0.36668112874031067,0.018018702045083046,0.35319384932518005,0.09687350690364838
rosenbrock,1.0,2,cholesky,5,ode_transport,8192,0.02,1000,5,rosenbrock,385,0.3252267837524414,-0.7510441541671753,0.47750985622406006,80,0.39424413442611694,0.04326882213354111,0.3351539075374603,0.2030470371246338
rosenbrock,1.0,2,cholesky,5,ode_transport,8192,0.02,1000,5,rosenbrock,386,0.30576276779174805,-0.7486191391944885,0.42238640785217285,74,0.3002519905567169,0.14058127999305725,0.2215879261493683,0.1459004282951355
rosenbrock,1.0,2,cholesky,5,ode_transport,8192,0.02,1000,5,rosenbrock,387,0.3176100254058838,-0.7597754001617432,0.46669676899909973,80,0.3127310276031494,0.14408279955387115,0.21598075330257416,0.17433631420135498
rosenbrock,1.0,2,cholesky,5,ode_transport,8192,0.02,1000,5,rosenbrock,388,0.30681920051574707,-0.7525870203971863,0.4154401421546936,80,0.5828321576118469,0.4822898507118225,0.2084915190935135,0.2522323429584503
rosenbrock,1.0,2,cholesky,5,ode_transport,8192,0.02,1000,5,rosenbrock,389,0.3564469814300537,-0.7549461126327515,0.43971511721611023,86,0.4001491367816925,0.17636027932167053,0.2995019257068634,0.19828015565872192
rosenbrock,1.0,2,cholesky,5,ode_transport,8192,0.02,1000,5,rosenbrock,390,0.33867812156677246,-0.7548697590827942,0.4984726011753082,80,0.35319480299949646,0.17129026353359222,0.20099206268787384,0.23453868925571442
rosenbrock,1.0,2,cholesky,5,ode_transport,8192,0.02,1000,5,rosenbrock,391,0.3185720443725586,-0.7565563321113586,0.4435257911682129,80,0.2672588527202606,0.15202130377292633,0.1740255206823349,0.13428306579589844
rosenbrock,1.0,2,cholesky,5,ode_transport,8192,0.02,1000,5,rosenbrock,392,0.33421802520751953,-0.7680884003639221,0.505174458026886,80,0.22412844002246857,0.13560909032821655,0.1382586658000946,0.11281967163085938
rosenbrock,1.0,2,cholesky,5,ode_transport,8192,0.02,1000,5,rosenbrock,393,0.33118200302124023,-0.7658506631851196,0.5271175503730774,80,0.3497738242149353,0.10456221550703049,0.30784252285957336,0.129001647233963
rosenbrock,1.0,2,cholesky,5,ode_transport,8192,0.02,1000,5,rosenbrock,394,0.32303929328918457,-0.7570176720619202,0.4454265534877777,74,0.13593509793281555,0.027285777032375336,0.11531722545623779,0.06660160422325134
rosenbrock,1.0,2,cholesky,5,ode_transport,8192,0.02,1000,5,rosenbrock,395,0.31976914405822754,-0.7499134540557861,0.621417224407196,74,0.23600652813911438,0.0998903289437294,0.16406401991844177,0.13712771236896515
rosenbrock,1.0,2,cholesky,5,ode_transport,8192,0.02,1000,5,rosenbrock,396,0.3631737232208252,-0.7487806081771851,0.37663647532463074,80,0.19607453048229218,0.055220019072294235,0.14555533230304718,0.11920410394668579
rosenbrock,1.0,2,cholesky,5,ode_transport,8192,0.02,1000,5,rosenbrock,397,0.33381104469299316,-0.7600276470184326,0.505652666091919,74,0.18001030385494232,0.04332708939909935,0.12552888691425323,0.12152763456106186
rosenbrock,1.0,2,cholesky,5,ode_transport,8192,0.02,1000,5,rosenbrock,398,0.33046984672546387,-0.7572433352470398,0.4563618302345276,74,1.4036951065063477,1.1434108018875122,0.6498373746871948,0.49059441685676575
rosenbrock,1.0,2,cholesky,5,ode_transport,8192,0.02,1000,5,rosenbrock,399,0.3044412136077881,-0.7572462558746338,0.46813493967056274,74,0.2759020924568176,0.20772866904735565,0.15019601583480835,0.10203879326581955
rosenbrock,1.0,2,cholesky,5,ode_transport,8192,0.02,1000,5,rosenbrock,400,0.3305830955505371,-0.7474604249000549,0.49252644181251526,80,0.1894928365945816,0.049811627715826035,0.09448631852865219,0.1565205305814743
rosenbrock,1.0,2,cholesky,5,ode_transport,8192,0.02,1000,5,rosenbrock,401,0.27698779106140137,-0.7537994384765625,0.4398161768913269,68,0.17709621787071228,0.037198036909103394,0.14431339502334595,0.0956714078783989
rosenbrock,1.0,2,cholesky,5,ode_transport,8192,0.02,1000,5,rosenbrock,402,0.29917097091674805,-0.7515276670455933,0.463982492685318,74,0.37503257393836975,0.29470571875572205,0.17442403733730316,0.15288640558719635
rosenbrock,1.0,2,cholesky,5,ode_transport,8192,0.02,1000,5,rosenbrock,403,0.31337594985961914,-0.7507337927818298,0.438224196434021,80,0.5855075120925903,0.13015630841255188,0.22128617763519287,0.5262231826782227
rosenbrock,1.0,2,cholesky,5,ode_transport,8192,0.02,1000,5,rosenbrock,404,0.37604188919067383,-0.7534502744674683,0.4426333010196686,98,0.21536517143249512,0.09589806944131851,0.1705707311630249,0.08995188772678375
rosenbrock,1.0,2,cholesky,5,ode_transport,8192,0.02,1000,5,rosenbrock,405,0.31015920639038086,-0.7509578466415405,0.5595861077308655,74,1.9028232097625732,1.6218503713607788,0.7817103266716003,0.6158460378646851
rosenbrock,1.0,2,cholesky,5,ode_transport,8192,0.02,1000,5,rosenbrock,406,0.3302919864654541,-0.7558362483978271,0.4236224293708801,80,0.1750131994485855,0.012880902737379074,0.13210061192512512,0.11407509446144104
rosenbrock,1.0,2,cholesky,5,ode_transport,8192,0.02,1000,5,rosenbrock,407,0.32277894020080566,-0.7560704350471497,0.43502989411354065,80,0.2978106141090393,0.0997234433889389,0.24434693157672882,0.1379890739917755
rosenbrock,1.0,2,cholesky,5,ode_transport,8192,0.02,1000,5,rosenbrock,408,0.31792712211608887,-0.7492082118988037,0.4257737100124359,80,0.23045861721038818,0.023486293852329254,0.20415151119232178,0.10431554913520813
rosenbrock,1.0,2,cholesky,5,ode_transport,8192,0.02,1000,5,rosenbrock,409,0.3153269290924072,-0.7539041638374329,0.4540570080280304,80,0.9387066960334778,0.7958574891090393,0.3140072822570801,0.3862389624118805
rosenbrock,1.0,2,cholesky,5,ode_transport,8192,0.02,1000,5,rosenbrock,410,0.31535911560058594,-0.7517242431640625,0.408681720495224,74,0.24366679787635803,0.013088067062199116,0.1972055286169052,0.14252084493637085
rosenbrock,1.0,2,cholesky,5,ode_transport,8192,0.02,1000,5,rosenbrock,411,0.3162698745727539,-0.7532992959022522,0.4794674217700958,74,0.17970451712608337,0.02447153627872467,0.11442412436008453,0.13638904690742493
rosenbrock,1.0,2,cholesky,5,ode_transport,8192,0.02,1000,5,rosenbrock,412,0.30476880073547363,-0.7499122619628906,0.5235204100608826,74,0.30062559247016907,0.14095503091812134,0.21072858572006226,0.16155768930912018
rosenbrock,1.0,2,cholesky,5,ode_transport,8192,0.02,1000,5,rosenbrock,413,0.3274660110473633,-0.7508611679077148,0.42645400762557983,80,0.1965099424123764,0.02115824818611145,0.18134693801403046,0.07267586141824722
rosenbrock,1.0,2,cholesky,5,ode_transport,8192,0.02,1000,5,rosenbrock,414,0.3815741539001465,-0.7425413727760315,0.48190030455589294,80,0.5495203137397766,0.4904884397983551,0.1974661499261856,0.149668887257576
rosenbrock,1.0,2,cholesky,5,ode_transport,8192,0.02,1000,5,rosenbrock,415,0.4035048484802246,-0.7415230870246887,0.4464011788368225,80,0.39203113317489624,0.33857253193855286,0.1465548276901245,0.13258475065231323
rosenbrock,1.0,2,cholesky,5,ode_transport,8192,0.02,1000,5,rosenbrock,416,0.4316868782043457,-0.7554723024368286,0.4942803978919983,86,0.15009886026382446,0.010475258342921734,0.10167084634304047,0.10992259532213211
rosenbrock,1.0,2,cholesky,5,ode_transport,8192,0.02,1000,5,rosenbrock,417,0.4540281295776367,-0.7530730962753296,0.5974496603012085,92,8.917281150817871,3.6366991996765137,2.32265567779541,7.8036909103393555
rosenbrock,1.0,2,cholesky,5,ode_transport,8192,0.02,1000,5,rosenbrock,418,0.3205749988555908,-0.7540236115455627,0.5238749980926514,74,0.32589980959892273,0.04661210998892784,0.2459937334060669,0.2086266279220581
rosenbrock,1.0,2,cholesky,5,ode_transport,8192,0.02,1000,5,rosenbrock,419,0.31697916984558105,-0.7568747997283936,0.513383686542511,80,0.5767953991889954,0.06351158022880554,0.3299656808376312,0.46880900859832764
rosenbrock,1.0,2,cholesky,5,ode_transport,8192,0.02,1000,5,rosenbrock,420,0.38619399070739746,-0.793585479259491,0.8357795476913452,80,0.8924040198326111,0.050273433327674866,0.5495312213897705,0.7013366222381592
rosenbrock,1.0,2,cholesky,5,ode_transport,8192,0.02,1000,5,rosenbrock,421,0.3595759868621826,-0.7943491339683533,0.7305031418800354,86,0.9375181794166565,0.20630314946174622,0.3343421220779419,0.8512312769889832
rosenbrock,1.0,2,cholesky,5,ode_transport,8192,0.02,1000,5,rosenbrock,422,0.4067380428314209,-0.7767543792724609,0.762110710144043,92,0.9550500512123108,0.11405348032712936,0.4737808108329773,0.8213672637939453
rosenbrock,1.0,2,cholesky,5,ode_transport,8192,0.02,1000,5,rosenbrock,423,0.4022340774536133,-0.7869279384613037,0.7636138200759888,86,0.7860881686210632,0.10376207530498505,0.22789831459522247,0.7451378703117371
rosenbrock,1.0,2,cholesky,5,ode_transport,8192,0.02,1000,5,rosenbrock,424,0.43942713737487793,-0.7882205843925476,0.8464164733886719,98,0.6090866327285767,0.0971459224820137,0.20392094552516937,0.5656549334526062
rosenbrock,1.0,2,cholesky,5,ode_transport,8192,0.02,1000,5,rosenbrock,425,0.37912487983703613,-0.7836214303970337,0.6667323708534241,92,1.1601353883743286,0.710942268371582,0.4752655327320099,0.7839629054069519
rosenbrock,1.0,2,cholesky,5,ode_transport,8192,0.02,1000,5,rosenbrock,426,0.4020848274230957,-0.7836682200431824,0.7397674918174744,98,0.6834282875061035,0.0497957319021225,0.31649938225746155,0.6036744117736816
rosenbrock,1.0,2,cholesky,5,ode_transport,8192,0.02,1000,5,rosenbrock,427,0.32846808433532715,-0.7900992631912231,0.9090873599052429,80,0.6749147176742554,0.5090836882591248,0.26073911786079407,0.3582719564437866
rosenbrock,1.0,2,cholesky,5,ode_transport,8192,0.02,1000,5,rosenbrock,428,0.3367488384246826,-0.7735509872436523,0.6141149997711182,80,0.5828221440315247,0.03082258813083172,0.4745178818702698,0.3369930684566498
rosenbrock,1.0,2,cholesky,5,ode_transport,8192,0.02,1000,5,rosenbrock,429,0.32528090476989746,-0.7959709763526917,0.8954408764839172,74,0.6423358917236328,0.12833203375339508,0.44246748089790344,0.44760337471961975
rosenbrock,1.0,2,cholesky,5,ode_transport,8192,0.02,1000,5,rosenbrock,430,0.33316993713378906,-0.7751765251159668,0.7467141151428223,74,1.287502646446228,0.7359380722045898,0.872804582118988,0.5952061414718628
rosenbrock,1.0,2,cholesky,5,ode_transport,8192,0.02,1000,5,rosenbrock,431,0.35921716690063477,-0.7834888696670532,0.8805791735649109,80,0.4894011616706848,0.12476906180381775,0.3312498927116394,0.3379639983177185
rosenbrock,1.0,2,cholesky,5,ode_transport,8192,0.02,1000,5,rosenbrock,432,0.3698089122772217,-0.7719288468360901,0.7139973044395447,74,1.7854588031768799,0.5185820460319519,0.460859090089798,1.6451579332351685
rosenbrock,1.0,2,cholesky,5,ode_transport,8192,0.02,1000,5,rosenbrock,433,0.34232115745544434,-0.7684289216995239,0.647664487361908,80,0.3692123591899872,0.08449577540159225,0.18286100029945374,0.3094189465045929
rosenbrock,1.0,2,cholesky,5,ode_transport,8192,0.02,1000,5,rosenbrock,434,0.3741261959075928,-0.7722513675689697,0.6277183294296265,74,0.5858475565910339,0.21191899478435516,0.297658771276474,0.45793768763542175
rosenbrock,1.0,2,cholesky,5,ode_transport,8192,0.02,1000,5,rosenbrock,435,0.39052700996398926,-0.7804083824157715,0.8204067945480347,80,0.51573646068573,0.09047199040651321,0.4308590292930603,0.26862502098083496
rosenbrock,1.0,2,cholesky,5,ode_transport,8192,0.02,1000,5,rosenbrock,436,0.4035649299621582,-0.7768833637237549,0.6434545516967773,80,0.665605366230011,0.2625720798969269,0.5419272184371948,0.28355127573013306
rosenbrock,1.0,2,cholesky,5,ode_transport,8192,0.02,1000,5,rosenbrock,437,0.3853898048400879,-0.7742315530776978,0.7160688042640686,86,0.7270547747612,0.3244646191596985,0.6248226165771484,0.1814606934785843
rosenbrock,1.0,2,cholesky,5,ode_transport,8192,0.02,1000,5,rosenbrock,438,0.35570406913757324,-0.7667115926742554,0.5570006370544434,80,0.7597600817680359,0.4975074529647827,0.44987034797668457,0.35684502124786377
rosenbrock,1.0,2,cholesky,5,ode_transport,8192,0.02,1000,5,rosenbrock,439,0.34094786643981934,-0.772510826587677,0.636510968208313,80,0.6674923896789551,0.5109303593635559,0.2892613112926483,0.3175281882286072
rosenbrock,1.0,2,cholesky,5,ode_transport,8192,0.02,1000,5,rosenbrock,440,0.33821964263916016,-0.7494702935218811,0.4767149090766907,80,0.35855066776275635,0.04639681801199913,0.30774545669555664,0.17804118990898132
rosenbrock,1.0,2,cholesky,5,ode_transport,8192,0.02,1000,5,rosenbrock,441,0.34476590156555176,-0.7661806344985962,0.728001058101654,80,0.518447756767273,0.36284273862838745,0.32237139344215393,0.18223606050014496
rosenbrock,1.0,2,cholesky,5,ode_transport,8192,0.02,1000,5,rosenbrock,442,0.37606000900268555,-0.746509313583374,0.5105268955230713,80,0.17380119860172272,0.043447934091091156,0.12111034244298935,0.11683928966522217
rosenbrock,1.0,2,cholesky,5,ode_transport,8192,0.02,1000,5,rosenbrock,443,0.3715989589691162,-0.764134407043457,0.5611454248428345,80,0.25231197476387024,0.043677933514118195,0.14796917140483856,0.19964641332626343
rosenbrock,1.0,2,cholesky,5,ode_transport,8192,0.02,1000,5,rosenbrock,444,0.30609893798828125,-0.7625266313552856,0.4699733257293701,74,0.29966500401496887,0.06623955070972443,0.2191273421049118,0.19337698817253113
rosenbrock,1.0,2,cholesky,5,ode_transport,8192,0.02,1000,5,rosenbrock,445,0.4052317142486572,-0.7417346239089966,0.4403528571128845,86,0.2871142029762268,0.11876371502876282,0.2234584242105484,0.13563214242458344
rosenbrock,1.0,2,cholesky,5,ode_transport,8192,0.02,1000,5,rosenbrock,446,0.4026157855987549,-0.7566614151000977,0.4848994016647339,80,3.592022180557251,3.0266036987304688,1.6270471811294556,1.046427607536316
rosenbrock,1.0,2,cholesky,5,ode_transport,8192,0.02,1000,5,rosenbrock,447,0.3928539752960205,-0.7574014067649841,0.5826645493507385,80,0.40810292959213257,0.0639505460858345,0.34032580256462097,0.21595525741577148
rosenbrock,1.0,2,cholesky,5,ode_transport,8192,0.02,1000,5,rosenbrock,448,0.3520381450653076,-0.7543103098869324,0.5220136046409607,74,0.35749927163124084,0.07498427480459213,0.2908034920692444,0.19394949078559875
rosenbrock,1.0,2,cholesky,5,ode_transport,8192,0.02,1000,5,rosenbrock,449,0.377976655960083,-0.7559256553649902,0.5219646096229553,80,0.2421381175518036,0.04443727061152458,0.1740766167640686,0.16233767569065094
rosenbrock,1.0,2,cholesky,5,ode_transport,8192,0.02,1000,5,rosenbrock,450,0.4104928970336914,-0.7439883947372437,0.4744029641151428,80,0.2642069458961487,0.1085038036108017,0.1973833292722702,0.13810168206691742
rosenbrock,1.0,2,cholesky,5,ode_transport,8192,0.02,1000,5,rosenbrock,451,0.38099217414855957,-0.753589928150177,0.4514666199684143,80,0.3288156986236572,0.02804829366505146,0.28173312544822693,0.1672109216451645
rosenbrock,1.0,2,cholesky,5,ode_transport,8192,0.02,1000,5,rosenbrock,452,0.3587820529937744,-0.7448931932449341,0.475674569606781,80,0.36287927627563477,0.09278074651956558,0.24652545154094696,0.24959628283977509
rosenbrock,1.0,2,cholesky,5,ode_transport,8192,0.02,1000,5,rosenbrock,453,0.3778269290924072,-0.7427870035171509,0.4325016736984253,86,0.5967643857002258,0.3280109465122223,0.4196370840072632,0.26914912462234497
rosenbrock,1.0,2,cholesky,5,ode_transport,8192,0.02,1000,5,rosenbrock,454,0.3710811138153076,-0.7300847768783569,0.41437381505966187,80,0.35966756939888,0.14266374707221985,0.262658029794693,0.20004640519618988
rosenbrock,1.0,2,cholesky,5,ode_transport,8192,0.02,1000,5,rosenbrock,455,0.353090763092041,-0.7444356679916382,0.48635542392730713,80,0.24969734251499176,0.052663590759038925,0.2112237811088562,0.1223103478550911
rosenbrock,1.0,2,cholesky,5,ode_transport,8192,0.02,1000,5,rosenbrock,456,0.32711195945739746,-0.7431793212890625,0.46794393658638,74,0.4763334393501282,0.09751157462596893,0.2740177810192108,0.3772258162498474
rosenbrock,1.0,2,cholesky,5,ode_transport,8192,0.02,1000,5,rosenbrock,457,0.38924717903137207,-0.7375063896179199,0.4724271893501282,80,0.17058709263801575,0.01899719424545765,0.11939267069101334,0.1203513815999031
rosenbrock,1.0,2,cholesky,5,ode_transport,8192,0.02,1000,5,rosenbrock,458,0.35524988174438477,-0.7443174123764038,0.425405889749527,74,0.4525461792945862,0.3188396990299225,0.2169504463672638,0.2367948740720749
rosenbrock,1.0,2,cholesky,5,ode_transport,8192,0.02,1000,5,rosenbrock,459,0.3874518871307373,-0.7423005700111389,0.4965004622936249,80,0.5920745730400085,0.4296322762966156,0.3366258442401886,0.22945919632911682
rosenbrock,1.0,2,cholesky,5,ode_transport,8192,0.02,1000,5,rosenbrock,460,0.40925073623657227,-0.7357609868049622,0.47246283292770386,80,0.2573392689228058,0.04515204206109047,0.22363533079624176,0.11904636025428772
rosenbrock,1.0,2,cholesky,5,ode_transport,8192,0.02,1000,5,rosenbrock,461,0.3720970153808594,-0.7457677125930786,0.4442189931869507,80,0.28945499658584595,0.021856386214494705,0.2573384642601013,0.13070350885391235
rosenbrock,1.0,2,cholesky,5,ode_transport,8192,0.02,1000,5,rosenbrock,462,0.3608887195587158,-0.7321076989173889,0.4109269082546234,80,0.7012732625007629,0.5000508427619934,0.38584432005882263,0.30472514033317566
rosenbrock,1.0,2,cholesky,5,ode_transport,8192,0.02,1000,5,rosenbrock,463,0.3645360469818115,-0.7393583655357361,0.4568498134613037,80,0.26241248846054077,0.14984987676143646,0.14725860953330994,0.15722669661045074
rosenbrock,1.0,2,cholesky,5,ode_transport,8192,0.02,1000,5,rosenbrock,464,0.3664510250091553,-0.7391357421875,0.42211416363716125,80,0.2114659547805786,0.056825991719961166,0.12104565650224686,0.16381880640983582
rosenbrock,1.0,2,cholesky,5,ode_transport,8192,0.02,1000,5,rosenbrock,465,0.41356492042541504,-0.7416572570800781,0.40975263714790344,80,0.22671791911125183,0.12894770503044128,0.09430550038814545,0.16087253391742706
rosenbrock,1.0,2,cholesky,5,ode_transport,8192,0.02,1000,5,rosenbrock,466,0.3944408893585205,-0.7501701712608337,0.4736069142818451,80,0.20828746259212494,0.07522813230752945,0.12796463072299957,0.1461144983768463
rosenbrock,1.0,2,cholesky,5,ode_transport,8192,0.02,1000,5,rosenbrock,467,0.3787651062011719,-0.739186704158783,0.4184270203113556,74,0.6945335268974304,0.5964483618736267,0.24994589388370514,0.2532849907875061
rosenbrock,1.0,2,cholesky,5,ode_transport,8192,0.02,1000,5,rosenbrock,468,0.3948657512664795,-0.7374387383460999,0.43782368302345276,86,0.3063586950302124,0.16575880348682404,0.2386608123779297,0.0970601886510849
rosenbrock,1.0,2,cholesky,5,ode_transport,8192,0.02,1000,5,rosenbrock,469,0.34268808364868164,-0.7447773814201355,0.4745458662509918,74,0.31744226813316345,0.05041646212339401,0.30194100737571716,0.08402032405138016
rosenbrock,1.0,2,cholesky,5,ode_transport,8192,0.02,1000,5,rosenbrock,470,0.3270590305328369,-0.7412346005439758,0.5266904234886169,74,0.5420677661895752,0.3927721083164215,0.2761106491088867,0.25165536999702454
rosenbrock,1.0,2,cholesky,5,ode_transport,8192,0.02,1000,5,rosenbrock,471,0.3950779438018799,-0.7368893623352051,0.39385008811950684,92,0.33374232053756714,0.06912978738546371,0.28460729122161865,0.16001154482364655
rosenbrock,1.0,2,cholesky,5,ode_transport,8192,0.02,1000,5,rosenbrock,472,0.36548519134521484,-0.7422362565994263,0.43499627709388733,80,0.3179055452346802,0.20030319690704346,0.21644173562526703,0.11872459203004837
rosenbrock,1.0,2,cholesky,5,ode_transport,8192,0.02,1000,5,rosenbrock,473,0.3996100425720215,-0.7383254766464233,0.4544191360473633,80,0.31296855211257935,0.2475057989358902,0.15276165306568146,0.11555984616279602
rosenbrock,1.0,2,cholesky,5,ode_transport,8192,0.02,1000,5,rosenbrock,474,0.37125492095947266,-0.7387403845787048,0.4334430694580078,80,0.3030603528022766,0.19980451464653015,0.1742459535598755,0.14684030413627625
rosenbrock,1.0,2,cholesky,5,ode_transport,8192,0.02,1000,5,rosenbrock,475,0.3866300582885742,-0.7293312549591064,0.4228771924972534,80,0.4696732461452484,0.3897576928138733,0.20585937798023224,0.162184476852417
rosenbrock,1.0,2,cholesky,5,ode_transport,8192,0.02,1000,5,rosenbrock,476,0.39693307876586914,-0.7323172092437744,0.4367961585521698,80,0.2896571159362793,0.19883249700069427,0.12269273400306702,0.17121149599552155
rosenbrock,1.0,2,cholesky,5,ode_transport,8192,0.02,1000,5,rosenbrock,477,0.4075789451599121,-0.7329950332641602,0.473671019077301,92,1.0471217632293701,0.9260274767875671,0.3517146110534668,0.33946168422698975
rosenbrock,1.0,2,cholesky,5,ode_transport,8192,0.02,1000,5,rosenbrock,478,0.3276488780975342,-0.7339056730270386,0.5128405094146729,68,2.8562707901000977,2.5128068923950195,1.1272640228271484,0.757205605506897
rosenbrock,1.0,2,cholesky,5,ode_transport,8192,0.02,1000,5,rosenbrock,479,0.359468936920166,-0.738530158996582,0.43550387024879456,80,0.13612733781337738,0.014782124198973179,0.09026174992322922,0.10082143545150757
rosenbrock,1.0,2,cholesky,5,ode_transport,8192,0.02,1000,5,rosenbrock,480,0.4390869140625,-0.7430617213249207,0.41576164960861206,86,0.3286592662334442,0.15692339837551117,0.18029579520225525,0.22557790577411652
rosenbrock,1.0,2,cholesky,5,ode_transport,8192,0.02,1000,5,rosenbrock,481,0.39753007888793945,-0.7444465756416321,0.46518605947494507,80,0.1616421490907669,0.08033935725688934,0.12466131895780563,0.06429099291563034
rosenbrock,1.0,2,cholesky,5,ode_transport,8192,0.02,1000,5,rosenbrock,482,0.3605470657348633,-0.7412614822387695,0.4816650152206421,80,0.2162688821554184,0.09829944372177124,0.1662946492433548,0.09723958373069763
rosenbrock,1.0,2,cholesky,5,ode_transport,8192,0.02,1000,5,rosenbrock,483,0.3354659080505371,-0.7342103719711304,0.4219588339328766,74,0.17770425975322723,0.04894065111875534,0.1427464336156845,0.09384600818157196
rosenbrock,1.0,2,cholesky,5,ode_transport,8192,0.02,1000,5,rosenbrock,484,0.3260660171508789,-0.7333999276161194,0.450020432472229,74,0.22579413652420044,0.08748084306716919,0.17655658721923828,0.11026272177696228
rosenbrock,1.0,2,cholesky,5,ode_transport,8192,0.02,1000,5,rosenbrock,485,0.33598828315734863,-0.7339772582054138,0.48900365829467773,74,0.20106159150600433,0.10316315293312073,0.14868061244487762,0.08761963993310928
rosenbrock,1.0,2,cholesky,5,ode_transport,8192,0.02,1000,5,rosenbrock,486,0.3610680103302002,-0.7380493879318237,0.4553793966770172,74,0.21896032989025116,0.1252751350402832,0.14401394128799438,0.10728351771831512
rosenbrock,1.0,2,cholesky,5,ode_transport,8192,0.02,1000,5,rosenbrock,487,0.33955883979797363,-0.742735743522644,0.48975712060928345,74,0.19943423569202423,0.051060836762189865,0.13506430387496948,0.13756610453128815
rosenbrock,1.0,2,cholesky,5,ode_transport,8192,0.02,1000,5,rosenbrock,488,0.38922691345214844,-0.7337672114372253,0.4087253510951996,92,0.21465043723583221,0.06389179825782776,0.13800084590911865,0.1514873206615448
rosenbrock,1.0,2,cholesky,5,ode_transport,8192,0.02,1000,5,rosenbrock,489,0.34175801277160645,-0.734942615032196,0.5078859329223633,80,0.18912754952907562,0.039382390677928925,0.13029806315898895,0.13130371272563934
rosenbrock,1.0,2,cholesky,5,ode_transport,8192,0.02,1000,5,rosenbrock,490,0.3554418087005615,-0.730657696723938,0.500503420829773,80,0.21663889288902283,0.07899214327335358,0.1638936698436737,0.11760745197534561
rosenbrock,1.0,2,cholesky,5,ode_transport,8192,0.02,1000,5,rosenbrock,491,0.3952751159667969,-0.7304396629333496,0.42286553978919983,92,2.117727279663086,1.3183470964431763,0.8262263536453247,1.4366902112960815
rosenbrock,1.0,2,cholesky,5,ode_transport,8192,0.02,1000,5,rosenbrock,492,0.3491389751434326,-0.7309604287147522,0.5017209053039551,80,0.19821709394454956,0.05794110894203186,0.16172651946544647,0.09888063371181488
rosenbrock,1.0,2,cholesky,5,ode_transport,8192,0.02,1000,5,rosenbrock,493,0.3260350227355957,-0.7368826270103455,0.5506770014762878,74,0.21831104159355164,0.04341667518019676,0.1894427090883255,0.09942919760942459
rosenbrock,1.0,2,cholesky,5,ode_transport,8192,0.02,1000,5,rosenbrock,494,0.33510398864746094,-0.7320876121520996,0.47424769401550293,80,0.4743550419807434,0.3742474913597107,0.19153183698654175,0.2196977287530899
rosenbrock,1.0,2,cholesky,5,ode_transport,8192,0.02,1000,5,rosenbrock,495,0.3228728771209717,-0.7460942268371582,0.6431019306182861,74,0.309759259223938,0.1412808895111084,0.18617212772369385,0.2032989263534546
rosenbrock,1.0,2,cholesky,5,ode_transport,8192,0.02,1000,5,rosenbrock,496,0.39679694175720215,-0.7328039407730103,0.5229427814483643,98,0.2669551372528076,0.10443218797445297,0.19039621949195862,0.15526828169822693
rosenbrock,1.0,2,cholesky,5,ode_transport,8192,0.02,1000,5,rosenbrock,497,0.3061981201171875,-0.7315747141838074,0.4558519721031189,80,0.26420775055885315,0.08278471976518631,0.18873922526836395,0.16531766951084137
rosenbrock,1.0,2,cholesky,5,ode_transport,8192,0.02,1000,5,rosenbrock,498,0.3381218910217285,-0.7304140329360962,0.5053448677062988,86,0.22274066507816315,0.09315737336874008,0.13186834752559662,0.15344657003879547
rosenbrock,1.0,2,cholesky,5,ode_transport,8192,0.02,1000,5,rosenbrock,499,0.3809480667114258,-0.7293134331703186,0.425759494304657,98,0.6051612496376038,0.4450087547302246,0.24915698170661926,0.32574236392974854
rosenbrock,1.0,2,cholesky,5,ode_transport,8192,0.02,1000,5,rosenbrock,500,0.3404979705810547,-0.7372015714645386,0.48942694067955017,80,0.23316426575183868,0.09575122594833374,0.13105008006095886,0.16740117967128754
rosenbrock,1.0,2,cholesky,5,ode_transport,8192,0.02,1000,5,rosenbrock,501,0.3270378112792969,-0.7360154986381531,0.5304370522499084,80,0.2531428933143616,0.06331226229667664,0.18092337250709534,0.1653469055891037
rosenbrock,1.0,2,cholesky,5,ode_transport,8192,0.02,1000,5,rosenbrock,502,0.32839393615722656,-0.7242555618286133,0.46107450127601624,80,0.2704322040081024,0.16889023780822754,0.1364566534757614,0.1612117886543274
rosenbrock,1.0,2,cholesky,5,ode_transport,8192,0.02,1000,5,rosenbrock,503,0.31505298614501953,-0.7325380444526672,0.4702189862728119,80,0.20248617231845856,0.053467847406864166,0.17977803945541382,0.07630006968975067
rosenbrock,1.0,2,cholesky,5,ode_transport,8192,0.02,1000,5,rosenbrock,504,0.35288500785827637,-0.7305892109870911,0.5026364326477051,80,0.21710734069347382,0.020633911713957787,0.19250012934207916,0.09825246036052704
rosenbrock,1.0,2,cholesky,5,ode_transport,8192,0.02,1000,5,rosenbrock,505,0.43712377548217773,-0.7314393520355225,0.49347031116485596,86,0.16953051090240479,0.021210290491580963,0.15528713166713715,0.06462680548429489
rosenbrock,1.0,2,cholesky,5,ode_transport,8192,0.02,1000,5,rosenbrock,506,0.35701799392700195,-0.735480546951294,0.5033466815948486,80,0.2656797468662262,0.057244233787059784,0.2358827441930771,0.10801917314529419
rosenbrock,1.0,2,cholesky,5,ode_transport,8192,0.02,1000,5,rosenbrock,507,0.31224513053894043,-0.7354440093040466,0.47960254549980164,80,0.13480763137340546,0.015813132748007774,0.09929729998111725,0.08979470282793045
rosenbrock,1.0,2,cholesky,5,ode_transport,8192,0.02,1000,5,rosenbrock,508,0.386354923248291,-0.7275033593177795,0.4343613386154175,92,0.28525686264038086,0.12798818945884705,0.22766239941120148,0.11471850425004959
rosenbrock,1.0,2,cholesky,5,ode_transport,8192,0.02,1000,5,rosenbrock,509,0.31906795501708984,-0.7272540330886841,0.4457401633262634,80,0.19396215677261353,0.06055740267038345,0.1468639373779297,0.1112884059548378
rosenbrock,1.0,2,cholesky,5,ode_transport,8192,0.02,1000,5,rosenbrock,510,0.33036303520202637,-0.7300227880477905,0.4439202845096588,80,0.24689169228076935,0.07259906083345413,0.21943050622940063,0.08680512756109238
rosenbrock,1.0,2,cholesky,5,ode_transport,8192,0.02,1000,5,rosenbrock,511,0.3315269947052002,-0.7290891408920288,0.4774186313152313,86,0.17534522712230682,0.05134950578212738,0.13396236300468445,0.10081300884485245
rosenbrock,1.0,2,cholesky,5,ode_transport,8192,0.02,1000,5,rosenbrock,512,0.3249998092651367,-0.7274642586708069,0.46052083373069763,80,0.26013895869255066,0.11758266389369965,0.21548856794834137,0.08608871698379517
rosenbrock,1.0,2,cholesky,5,ode_transport,8192,0.02,1000,5,rosenbrock,513,0.3101942539215088,-0.7265293598175049,0.49893897771835327,74,0.4815778434276581,0.3887147307395935,0.21513204276561737,0.18583936989307404
rosenbrock,1.0,2,cholesky,5,ode_transport,8192,0.02,1000,5,rosenbrock,514,0.33490705490112305,-0.7250410318374634,0.42656171321868896,80,0.25280413031578064,0.06194211542606354,0.21728956699371338,0.11339466273784637
rosenbrock,1.0,2,cholesky,5,ode_transport,8192,0.02,1000,5,rosenbrock,515,0.3092153072357178,-0.7211070656776428,0.4892936050891876,74,1.0497088432312012,0.8074442744255066,0.4393954575061798,0.5068077445030212
rosenbrock,1.0,2,cholesky,5,ode_transport,8192,0.02,1000,5,rosenbrock,516,0.36105799674987793,-0.7297489047050476,0.45495831966400146,92,0.2072020024061203,0.12159512937068939,0.12870381772518158,0.10762258619070053
rosenbrock,1.0,2,cholesky,5,ode_transport,8192,0.02,1000,5,rosenbrock,517,0.3082156181335449,-0.7390515804290771,0.5400277376174927,74,0.4477255344390869,0.338089257478714,0.2724810242652893,0.10912339389324188
rosenbrock,1.0,2,cholesky,5,ode_transport,8192,0.02,1000,5,rosenbrock,518,0.3351318836212158,-0.7329357862472534,0.4947870075702667,86,0.2159508317708969,0.05132149159908295,0.15964917838573456,0.13606247305870056
rosenbrock,1.0,2,cholesky,5,ode_transport,8192,0.02,1000,5,rosenbrock,519,0.35430097579956055,-0.7313184142112732,0.5082309246063232,86,0.5541540384292603,0.3857019245624542,0.28824371099472046,0.2742922604084015
rosenbrock,1.0,2,cholesky,5,ode_transport,8192,0.02,1000,5,rosenbrock,520,0.3394458293914795,-0.737133800983429,0.46945419907569885,80,1.956356167793274,1.6838759183883667,0.7510208487510681,0.6541094183921814
rosenbrock,1.0,2,cholesky,5,ode_transport,8192,0.02,1000,5,rosenbrock,521,0.37088918685913086,-0.7305965423583984,0.44570866227149963,92,1.2688874006271362,0.9959754347801208,0.4665079414844513,0.6328337788581848
rosenbrock,1.0,2,cholesky,5,ode_transport,8192,0.02,1000,5,rosenbrock,522,0.31206774711608887,-0.7287384271621704,0.504939615726471,74,0.26963499188423157,0.11844980716705322,0.19050505757331848,0.14960111677646637
rosenbrock,1.0,2,cholesky,5,ode_transport,8192,0.02,1000,5,rosenbrock,523,0.35659074783325195,-0.7339010834693909,0.5673605799674988,92,0.23060885071754456,0.08417253941297531,0.19385601580142975,0.09227824211120605
rosenbrock,1.0,2,cholesky,5,ode_transport,8192,0.02,1000,5,rosenbrock,524,0.3154430389404297,-0.7239570021629333,0.45505574345588684,74,0.14278101921081543,0.022904032841324806,0.11195878684520721,0.08559820801019669
rosenbrock,1.0,2,cholesky,5,ode_transport,8192,0.02,1000,5,rosenbrock,525,0.33605408668518066,-0.7311859130859375,0.625681459903717,80,0.2325739860534668,0.06601607799530029,0.20784518122673035,0.08082644641399384
rosenbrock,1.0,2,cholesky,5,ode_transport,8192,0.02,1000,5,rosenbrock,526,0.29583191871643066,-0.7414113879203796,0.687099814414978,74,0.2689891457557678,0.16210715472698212,0.1594715714454651,0.14368455111980438
rosenbrock,1.0,2,cholesky,5,ode_transport,8192,0.02,1000,5,rosenbrock,527,0.3592391014099121,-0.7273438572883606,0.44516173005104065,92,0.20184995234012604,0.1494493931531906,0.12230440229177475,0.05873607099056244
rosenbrock,1.0,2,cholesky,5,ode_transport,8192,0.02,1000,5,rosenbrock,528,0.36661362648010254,-0.7370778322219849,0.49288660287857056,92,0.21460294723510742,0.06606891006231308,0.1758672595024109,0.10373056679964066
rosenbrock,1.0,2,cholesky,5,ode_transport,8192,0.02,1000,5,rosenbrock,529,0.3182840347290039,-0.7338773608207703,0.49077218770980835,80,0.19197122752666473,0.10211191326379776,0.13005372881889343,0.09753018617630005
rosenbrock,1.0,2,cholesky,5,ode_transport,8192,0.02,1000,5,rosenbrock,530,0.3459968566894531,-0.7285009026527405,0.4256015419960022,86,0.17577660083770752,0.034664250910282135,0.1101861372590065,0.13249459862709045
rosenbrock,1.0,2,cholesky,5,ode_transport,8192,0.02,1000,5,rosenbrock,531,0.31803178787231445,-0.7186446785926819,0.45115649700164795,80,0.15922032296657562,0.04951206222176552,0.13321436941623688,0.07178860157728195
rosenbrock,1.0,2,cholesky,5,ode_transport,8192,0.02,1000,5,rosenbrock,532,0.33701515197753906,-0.7234690189361572,0.4871104657649994,80,0.16286787390708923,0.0592174232006073,0.11223242431879044,0.10209370404481888
rosenbrock,1.0,2,cholesky,5,ode_transport,8192,0.02,1000,5,rosenbrock,533,0.29824399948120117,-0.7238202691078186,0.4567900598049164,74,0.2655174136161804,0.04565533250570297,0.20603999495506287,0.1611292064189911
rosenbrock,1.0,2,cholesky,5,ode_transport,8192,0.02,1000,5,rosenbrock,534,0.3140380382537842,-0.733189582824707,0.44000381231307983,80,0.20781999826431274,0.05392049252986908,0.18391631543636322,0.08035244047641754
rosenbrock,1.0,2,cholesky,5,ode_transport,8192,0.02,1000,5,rosenbrock,535,0.30437207221984863,-0.7261257171630859,0.44569292664527893,74,0.22280913591384888,0.016115359961986542,0.20024240016937256,0.09637007117271423
rosenbrock,1.0,2,cholesky,5,ode_transport,8192,0.02,1000,5,rosenbrock,536,0.32343292236328125,-0.7223985195159912,0.4430624842643738,80,0.47971200942993164,0.35022082924842834,0.1834097057580948,0.27171653509140015
rosenbrock,1.0,2,cholesky,5,ode_transport,8192,0.02,1000,5,rosenbrock,537,0.349700927734375,-0.7283705472946167,0.5598557591438293,80,0.20975559949874878,0.10785013437271118,0.12799601256847382,0.12642304599285126
rosenbrock,1.0,2,cholesky,5,ode_transport,8192,0.02,1000,5,rosenbrock,538,0.42237377166748047,-0.7325779795646667,0.47386032342910767,86,0.20546257495880127,0.08553417772054672,0.1073376014828682,0.1528967320919037
rosenbrock,1.0,2,cholesky,5,ode_transport,8192,0.02,1000,5,rosenbrock,539,0.3493950366973877,-0.7280418872833252,0.48589253425598145,86,0.17768219113349915,0.10569176822900772,0.11972226202487946,0.07788962125778198
rosenbrock,1.0,2,cholesky,5,ode_transport,8192,0.02,1000,5,rosenbrock,540,0.356658935546875,-0.7239590287208557,0.4648060202598572,80,0.20404152572155,0.02211114764213562,0.17622455954551697,0.10044378787279129
rosenbrock,1.0,2,cholesky,5,ode_transport,8192,0.02,1000,5,rosenbrock,541,0.3895230293273926,-0.7296192646026611,0.5818352103233337,92,0.1940111219882965,0.106585793197155,0.11002444475889206,0.1190563216805458
rosenbrock,1.0,2,cholesky,5,ode_transport,8192,0.02,1000,5,rosenbrock,542,0.29361891746520996,-0.7261648178100586,0.45142504572868347,74,0.16292963922023773,0.03534365072846413,0.1277209371328354,0.09478532522916794
rosenbrock,1.0,2,cholesky,5,ode_transport,8192,0.02,1000,5,rosenbrock,543,0.3517029285430908,-0.7372512817382812,0.4968779981136322,86,0.40283265709877014,0.2894018590450287,0.21364489197731018,0.1813189685344696
rosenbrock,1.0,2,cholesky,5,ode_transport,8192,0.02,1000,5,rosenbrock,544,0.3640270233154297,-0.7160594463348389,0.4820522964000702,80,0.30874359607696533,0.15836463868618011,0.2075909972190857,0.1647702157497406
rosenbrock,1.0,2,cholesky,5,ode_transport,8192,0.02,1000,5,rosenbrock,545,0.36526918411254883,-0.7201458215713501,0.4408888816833496,80,0.427264928817749,0.3095175623893738,0.2061178982257843,0.21040348708629608
rosenbrock,1.0,2,cholesky,5,ode_transport,8192,0.02,1000,5,rosenbrock,546,0.3593769073486328,-0.7137324213981628,0.46718740463256836,74,0.2093455195426941,0.040852926671504974,0.1700134575366974,0.1151173785328865
rosenbrock,1.0,2,cholesky,5,ode_transport,8192,0.02,1000,5,rosenbrock,547,0.4349479675292969,-0.7301207184791565,0.5403298735618591,86,100.95709228515625,24.292116165161133,17.39949607849121,96.43385314941406
rosenbrock,1.0,2,cholesky,5,ode_transport,8192,0.02,1000,5,rosenbrock,548,0.40152716636657715,-0.7361276149749756,0.47724929451942444,80,0.5617139339447021,0.046619296073913574,0.425367146730423,0.3638845682144165
rosenbrock,1.0,2,cholesky,5,ode_transport,8192,0.02,1000,5,rosenbrock,549,0.3697941303253174,-0.7519402503967285,0.5332177877426147,74,6.499634742736816,5.443941116333008,1.8174582719802856,3.050508499145508
rosenbrock,1.0,2,cholesky,5,ode_transport,8192,0.02,1000,5,rosenbrock,550,0.3411688804626465,-0.7871328592300415,0.6852864027023315,74,1.6177424192428589,0.05987732484936714,1.270824670791626,0.9992547631263733
rosenbrock,1.0,2,cholesky,5,ode_transport,8192,0.02,1000,5,rosenbrock,551,0.4060790538787842,-0.8292988538742065,0.9766972064971924,74,1.9382628202438354,0.2048523873090744,1.4981379508972168,1.2126338481903076
rosenbrock,1.0,2,cholesky,5,ode_transport,8192,0.02,1000,5,rosenbrock,552,0.5794827938079834,-0.8476375937461853,0.9064720869064331,92,2.009813070297241,0.07429809123277664,1.5569950342178345,1.2686980962753296
rosenbrock,1.0,2,cholesky,5,ode_transport,8192,0.02,1000,5,rosenbrock,553,0.4464449882507324,-0.8337000608444214,0.9002493619918823,74,1.731119990348816,0.10432084649801254,1.2500247955322266,1.1930344104766846
rosenbrock,1.0,2,cholesky,5,ode_transport,8192,0.02,1000,5,rosenbrock,554,0.6380271911621094,-0.8749250769615173,1.0258994102478027,74,1.7333955764770508,0.11245183646678925,0.9428606033325195,1.450182318687439
rosenbrock,1.0,2,cholesky,5,ode_transport,8192,0.02,1000,5,rosenbrock,555,0.39284610748291016,-0.8348771929740906,0.8670359253883362,86,1.423989176750183,0.2024068534374237,0.7557300925254822,1.1898102760314941
rosenbrock,1.0,2,cholesky,5,ode_transport,8192,0.02,1000,5,rosenbrock,556,0.3297698497772217,-0.8431642651557922,1.0983810424804688,74,1.2625975608825684,0.06996683031320572,0.347119003534317,1.2119263410568237
rosenbrock,1.0,2,cholesky,5,ode_transport,8192,0.02,1000,5,rosenbrock,557,0.42792177200317383,-0.8702224493026733,1.2863363027572632,98,1.4040199518203735,0.18580427765846252,0.28535494208335876,1.3621017932891846
rosenbrock,1.0,2,cholesky,5,ode_transport,8192,0.02,1000,5,rosenbrock,558,0.39020800590515137,-0.8573079109191895,1.2253221273422241,92,1.3251785039901733,0.13984277844429016,0.40750646591186523,1.253188133239746
rosenbrock,1.0,2,cholesky,5,ode_transport,8192,0.02,1000,5,rosenbrock,559,0.3608670234680176,-0.873849630355835,1.214314341545105,86,1.5393084287643433,0.10188217461109161,0.9305432438850403,1.2219572067260742
rosenbrock,1.0,2,cholesky,5,ode_transport,8192,0.02,1000,5,rosenbrock,560,0.36883997917175293,-0.8367074728012085,0.8978118896484375,86,1.2539314031600952,0.0826931968331337,0.8908260464668274,0.878598153591156
rosenbrock,1.0,2,cholesky,5,ode_transport,8192,0.02,1000,5,rosenbrock,561,0.4104008674621582,-0.8305244445800781,0.9474399089813232,98,1.2627116441726685,0.08470781147480011,0.864170491695404,0.9167740345001221
rosenbrock,1.0,2,cholesky,5,ode_transport,8192,0.02,1000,5,rosenbrock,562,0.41994786262512207,-0.8527470827102661,1.1993011236190796,98,1.4583709239959717,0.05974248796701431,1.2013111114501953,0.8246987462043762
rosenbrock,1.0,2,cholesky,5,ode_transport,8192,0.02,1000,5,rosenbrock,563,0.34232115745544434,-0.8480308651924133,1.2429274320602417,80,1.3474150896072388,0.06942635029554367,1.0040373802185059,0.89588862657547
rosenbrock,1.0,2,cholesky,5,ode_transport,8192,0.02,1000,5,rosenbrock,564,0.3431398868560791,-0.8348850607872009,0.9815276265144348,80,1.115322232246399,0.06737091392278671,0.7594279050827026,0.8140480518341064
rosenbrock,1.0,2,cholesky,5,ode_transport,8192,0.02,1000,5,rosenbrock,565,0.3587939739227295,-0.8335071802139282,1.334479570388794,86,1.2725694179534912,0.10807918757200241,0.6411681771278381,1.0939172506332397
rosenbrock,1.0,2,cholesky,5,ode_transport,8192,0.02,1000,5,rosenbrock,566,0.4244363307952881,-0.8121545910835266,0.8764533400535583,92,1.6291117668151855,0.5238471627235413,0.5781580805778503,1.430147647857666
rosenbrock,1.0,2,cholesky,5,ode_transport,8192,0.02,1000,5,rosenbrock,567,0.3269927501678467,-0.8471588492393494,1.2566221952438354,74,1.0665020942687988,0.21077093482017517,0.3626965582370758,0.9805372953414917
rosenbrock,1.0,2,cholesky,5,ode_transport,8192,0.02,1000,5,rosenbrock,568,0.3315441608428955,-0.8278365731239319,1.0145522356033325,74,0.8310039639472961,0.19894187152385712,0.27646294236183167,0.7579959630966187
rosenbrock,1.0,2,cholesky,5,ode_transport,8192,0.02,1000,5,rosenbrock,569,0.4056739807128906,-0.8265741467475891,1.0461558103561401,80,0.7727476358413696,0.11817149817943573,0.31639957427978516,0.6950292587280273
rosenbrock,1.0,2,cholesky,5,ode_transport,8192,0.02,1000,5,rosenbrock,570,0.3272528648376465,-0.8236691355705261,0.9972306489944458,74,0.7745068669319153,0.23069129884243011,0.4196014404296875,0.6087504029273987
rosenbrock,1.0,2,cholesky,5,ode_transport,8192,0.02,1000,5,rosenbrock,571,0.332794189453125,-0.8195071220397949,0.8254006505012512,80,0.7785346508026123,0.15266835689544678,0.4966009855270386,0.5798242092132568
rosenbrock,1.0,2,cholesky,5,ode_transport,8192,0.02,1000,5,rosenbrock,572,0.38740992546081543,-0.8264787197113037,1.1910381317138672,86,13.703927040100098,11.703895568847656,5.232393741607666,4.841330051422119
rosenbrock,1.0,2,cholesky,5,ode_transport,8192,0.02,1000,5,rosenbrock,573,0.36586809158325195,-0.8181623220443726,1.0840815305709839,80,0.6566756367683411,0.2399173080921173,0.26992249488830566,0.5484563708305359
rosenbrock,1.0,2,cholesky,5,ode_transport,8192,0.02,1000,5,rosenbrock,574,0.3576779365539551,-0.8125612735748291,1.0491387844085693,74,0.605099618434906,0.1368774175643921,0.2346164435148239,0.540708065032959
rosenbrock,1.0,2,cholesky,5,ode_transport,8192,0.02,1000,5,rosenbrock,575,0.3609640598297119,-0.8126067519187927,0.9970835447311401,74,0.6628322601318359,0.11648225039243698,0.26983562111854553,0.5941104292869568
rosenbrock,1.0,2,cholesky,5,ode_transport,8192,0.02,1000,5,rosenbrock,576,0.3510739803314209,-0.8255660533905029,1.5050500631332397,68,0.7175931930541992,0.2204039990901947,0.3821212947368622,0.5659906268119812
rosenbrock,1.0,2,cholesky,5,ode_transport,8192,0.02,1000,5,rosenbrock,577,0.3586571216583252,-0.8075751662254333,1.0046234130859375,74,0.8053986430168152,0.17318913340568542,0.5312266945838928,0.5800608396530151
rosenbrock,1.0,2,cholesky,5,ode_transport,8192,0.02,1000,5,rosenbrock,578,0.3526730537414551,-0.823340117931366,1.5052175521850586,74,0.9311213493347168,0.1265989989042282,0.5864937901496887,0.7120285630226135
rosenbrock,1.0,2,cholesky,5,ode_transport,8192,0.02,1000,5,rosenbrock,579,0.3576529026031494,-0.8061502575874329,0.9503676295280457,80,1.0578722953796387,0.4738512635231018,0.6564998030662537,0.6808574199676514
rosenbrock,1.0,2,cholesky,5,ode_transport,8192,0.02,1000,5,rosenbrock,580,0.3496391773223877,-0.8142315149307251,0.9615368843078613,74,0.8244349956512451,0.09099999815225601,0.5958781242370605,0.5624423027038574
rosenbrock,1.0,2,cholesky,5,ode_transport,8192,0.02,1000,5,rosenbrock,581,0.38350892066955566,-0.8227748870849609,1.0481895208358765,86,0.7748593688011169,0.34932562708854675,0.5591840744018555,0.40705251693725586
rosenbrock,1.0,2,cholesky,5,ode_transport,8192,0.02,1000,5,rosenbrock,582,0.33529186248779297,-0.8198273181915283,1.0032804012298584,74,0.6167609691619873,0.1294494867324829,0.331609308719635,0.5036588311195374
rosenbrock,1.0,2,cholesky,5,ode_transport,8192,0.02,1000,5,rosenbrock,583,0.35398077964782715,-0.7924346327781677,0.8280901908874512,80,0.46605345606803894,0.03196202218532562,0.2244962751865387,0.40716788172721863
rosenbrock,1.0,2,cholesky,5,ode_transport,8192,0.02,1000,5,rosenbrock,584,0.36156797409057617,-0.7870042324066162,0.8297029137611389,80,0.6521318554878235,0.3133944571018219,0.3174322247505188,0.47570645809173584
rosenbrock,1.0,2,cholesky,5,ode_transport,8192,0.02,1000,5,rosenbrock,585,0.3484208583831787,-0.7991185784339905,0.8227793574333191,80,0.5893682837486267,0.2747359871864319,0.20468683540821075,0.47956064343452454
rosenbrock,1.0,2,cholesky,5,ode_transport,8192,0.02,1000,5,rosenbrock,586,0.36269211769104004,-0.7979781627655029,1.2065597772598267,80,0.6781622767448425,0.14851471781730652,0.3787679076194763,0.5425701141357422
rosenbrock,1.0,2,cholesky,5,ode_transport,8192,0.02,1000,5,rosenbrock,587,0.3659708499908447,-0.8142134547233582,1.1098408699035645,80,0.7090654373168945,0.09550883620977402,0.3882908523082733,0.5855612754821777
rosenbrock,1.0,2,cholesky,5,ode_transport,8192,0.02,1000,5,rosenbrock,588,0.41235804557800293,-0.7978818416595459,0.9233391880989075,80,0.8759355545043945,0.15343596041202545,0.3839183449745178,0.7722222208976746
rosenbrock,1.0,2,cholesky,5,ode_transport,8192,0.02,1000,5,rosenbrock,589,0.3601977825164795,-0.8021688461303711,0.9614417552947998,74,0.5853891968727112,0.04302680119872093,0.3599393963813782,0.45964425802230835
rosenbrock,1.0,2,cholesky,5,ode_transport,8192,0.02,1000,5,rosenbrock,590,0.3232860565185547,-0.8168408870697021,1.309835433959961,74,1.899163007736206,1.6016349792480469,0.7996995449066162,0.634087085723877
rosenbrock,1.0,2,cholesky,5,ode_transport,8192,0.02,1000,5,rosenbrock,591,0.3292107582092285,-0.7834407091140747,0.87766432762146,74,0.5217413902282715,0.1833798885345459,0.22503231465816498,0.43352776765823364
rosenbrock,1.0,2,cholesky,5,ode_transport,8192,0.02,1000,5,rosenbrock,592,0.34343504905700684,-0.7855603694915771,0.8222813606262207,74,0.5068923830986023,0.15888173878192902,0.22543130815029144,0.4252965748310089
rosenbrock,1.0,2,cholesky,5,ode_transport,8192,0.02,1000,5,rosenbrock,593,0.4146456718444824,-0.8001728653907776,0.9238172173500061,86,0.6677137613296509,0.17272306978702545,0.17751024663448334,0.6200794577598572
rosenbrock,1.0,2,cholesky,5,ode_transport,8192,0.02,1000,5,rosenbrock,594,0.3643012046813965,-0.8131709098815918,1.06898033618927,74,4.5948405265808105,3.332756757736206,1.5157617330551147,2.776285409927368
rosenbrock,1.0,2,cholesky,5,ode_transport,8192,0.02,1000,5,rosenbrock,595,0.33357906341552734,-0.7910311222076416,0.8783240914344788,74,0.667617917060852,0.08789016306400299,0.23162581026554108,0.6199504137039185
rosenbrock,1.0,2,cholesky,5,ode_transport,8192,0.02,1000,5,rosenbrock,596,0.3878920078277588,-0.7706419229507446,0.7285109758377075,80,0.6198042631149292,0.3278985917568207,0.2949463725090027,0.43548423051834106
rosenbrock,1.0,2,cholesky,5,ode_transport,8192,0.02,1000,5,rosenbrock,597,0.3531181812286377,-0.786535382270813,0.902435302734375,80,0.5758664608001709,0.013721279799938202,0.4157255291938782,0.3982539474964142
rosenbrock,1.0,2,cholesky,5,ode_transport,8192,0.02,1000,5,rosenbrock,598,0.37795495986938477,-0.7970251441001892,0.9023641347885132,92,0.7397093772888184,0.07511434704065323,0.5588144063949585,0.4788050055503845
rosenbrock,1.0,2,cholesky,5,ode_transport,8192,0.02,1000,5,rosenbrock,599,0.3202629089355469,-0.7826640605926514,0.8451170325279236,80,0.8891081213951111,0.38033226132392883,0.5872502326965332,0.5486326217651367
rosenbrock,1.0,2,cholesky,5,ode_transport,8192,0.02,1000,5,rosenbrock,600,0.3302762508392334,-0.7880637645721436,0.8394849300384521,80,0.5667285919189453,0.19700485467910767,0.3574187159538269,0.39322033524513245
rosenbrock,1.0,2,cholesky,5,ode_transport,8192,0.02,1000,5,rosenbrock,601,0.39368295669555664,-0.783191442489624,0.7256419062614441,86,0.515627384185791,0.03775240108370781,0.30775976181030273,0.41198334097862244
rosenbrock,1.0,2,cholesky,5,ode_transport,8192,0.02,1000,5,rosenbrock,602,0.35209083557128906,-0.7712969779968262,0.6997618675231934,80,0.3420230746269226,0.11303683370351791,0.24812918901443481,0.20648092031478882
rosenbrock,1.0,2,cholesky,5,ode_transport,8192,0.02,1000,5,rosenbrock,603,0.3216109275817871,-0.7856460809707642,0.835465133190155,74,0.5918474793434143,0.19303959608078003,0.23358790576457977,0.5083855390548706
rosenbrock,1.0,2,cholesky,5,ode_transport,8192,0.02,1000,5,rosenbrock,604,0.3288290500640869,-0.781635046005249,0.8839995861053467,80,0.5594063401222229,0.21074368059635162,0.1643354743719101,0.4914432168006897
rosenbrock,1.0,2,cholesky,5,ode_transport,8192,0.02,1000,5,rosenbrock,605,0.31296730041503906,-0.7829381227493286,0.8067359924316406,80,0.9128753542900085,0.6132329106330872,0.272005170583725,0.6191124320030212
rosenbrock,1.0,2,cholesky,5,ode_transport,8192,0.02,1000,5,rosenbrock,606,0.3839528560638428,-0.7731776237487793,0.867220401763916,86,0.3490489423274994,0.11269588768482208,0.17973653972148895,0.277181476354599
rosenbrock,1.0,2,cholesky,5,ode_transport,8192,0.02,1000,5,rosenbrock,607,0.36832475662231445,-0.7708690166473389,0.7517412900924683,80,0.4985853135585785,0.08544906228780746,0.32729506492614746,0.366283655166626
rosenbrock,1.0,2,cholesky,5,ode_transport,8192,0.02,1000,5,rosenbrock,608,0.37473034858703613,-0.7859191298484802,0.7590038180351257,74,0.43965595960617065,0.201613187789917,0.1967577040195465,0.33754396438598633
rosenbrock,1.0,2,cholesky,5,ode_transport,8192,0.02,1000,5,rosenbrock,609,0.3182828426361084,-0.7774060964584351,0.7560911178588867,68,0.40237414836883545,0.06103089824318886,0.28206703066825867,0.2803896963596344
rosenbrock,1.0,2,cholesky,5,ode_transport,8192,0.02,1000,5,rosenbrock,610,0.33388304710388184,-0.7701340913772583,0.7497259974479675,74,0.3523120880126953,0.027511265128850937,0.2430148720741272,0.25359559059143066
rosenbrock,1.0,2,cholesky,5,ode_transport,8192,0.02,1000,5,rosenbrock,611,0.3321037292480469,-0.7806738615036011,1.0993146896362305,80,0.5064948797225952,0.203455850481987,0.21238429844379425,0.41235387325286865
rosenbrock,1.0,2,cholesky,5,ode_transport,8192,0.02,1000,5,rosenbrock,612,0.32912397384643555,-0.7650890350341797,0.6813945770263672,74,0.38713663816452026,0.09427347034215927,0.22958076000213623,0.2971194386482239
rosenbrock,1.0,2,cholesky,5,ode_transport,8192,0.02,1000,5,rosenbrock,613,0.3085949420928955,-0.7934397459030151,0.938169002532959,74,0.5653342008590698,0.1342286914587021,0.1767973005771637,0.519930899143219
rosenbrock,1.0,2,cholesky,5,ode_transport,8192,0.02,1000,5,rosenbrock,614,0.3836369514465332,-0.7619442343711853,0.7221255302429199,80,0.5561552047729492,0.1636647880077362,0.2675575017929077,0.45927709341049194
rosenbrock,1.0,2,cholesky,5,ode_transport,8192,0.02,1000,5,rosenbrock,615,0.35111403465270996,-0.7729036808013916,0.7611742615699768,74,0.5673823952674866,0.25567764043807983,0.23566646873950958,0.44834479689598083
rosenbrock,1.0,2,cholesky,5,ode_transport,8192,0.02,1000,5,rosenbrock,616,0.3648247718811035,-0.7758394479751587,0.7730222344398499,80,0.3700934648513794,0.021054113283753395,0.24741342663764954,0.2744311988353729
rosenbrock,1.0,2,cholesky,5,ode_transport,8192,0.02,1000,5,rosenbrock,617,0.33971405029296875,-0.7679842710494995,0.6225351095199585,80,0.3766999840736389,0.08780039846897125,0.18242040276527405,0.3176739513874054
rosenbrock,1.0,2,cholesky,5,ode_transport,8192,0.02,1000,5,rosenbrock,618,0.3556361198425293,-0.7739584445953369,0.7478060722351074,80,0.7987170815467834,0.6689276099205017,0.33500954508781433,0.279738187789917
rosenbrock,1.0,2,cholesky,5,ode_transport,8192,0.02,1000,5,rosenbrock,619,0.33969783782958984,-0.7610784769058228,0.5584466457366943,74,0.3438009023666382,0.09814625233411789,0.1422387659549713,0.2972111999988556
rosenbrock,1.0,2,cholesky,5,ode_transport,8192,0.02,1000,5,rosenbrock,620,0.3687317371368408,-0.7557183504104614,0.6798998713493347,74,0.579096257686615,0.47013381123542786,0.19072258472442627,0.2791979908943176
rosenbrock,1.0,2,cholesky,5,ode_transport,8192,0.02,1000,5,rosenbrock,621,0.36971330642700195,-0.7588876485824585,0.6148481369018555,80,0.35694676637649536,0.06379836052656174,0.19579894840717316,0.29155364632606506
rosenbrock,1.0,2,cholesky,5,ode_transport,8192,0.02,1000,5,rosenbrock,622,0.3631720542907715,-0.768024742603302,0.7218430042266846,74,0.46899521350860596,0.08584913611412048,0.28940802812576294,0.35892820358276367
rosenbrock,1.0,2,cholesky,5,ode_transport,8192,0.02,1000,5,rosenbrock,623,0.3264951705932617,-0.7782183289527893,0.8151944279670715,74,0.41858136653900146,0.07268503308296204,0.21129558980464935,0.3539511561393738
rosenbrock,1.0,2,cholesky,5,ode_transport,8192,0.02,1000,5,rosenbrock,624,0.3584318161010742,-0.7553678154945374,0.6647343039512634,74,0.3139760494232178,0.024086054414510727,0.20418405532836914,0.23729661107063293
rosenbrock,1.0,2,cholesky,5,ode_transport,8192,0.02,1000,5,rosenbrock,625,0.3460230827331543,-0.7637144327163696,0.5824965238571167,74,0.5174646377563477,0.26097333431243896,0.26807472109794617,0.3574892282485962
rosenbrock,1.0,2,cholesky,5,ode_transport,8192,0.02,1000,5,rosenbrock,626,0.33878326416015625,-0.7668524980545044,0.6545376777648926,74,0.3402405083179474,0.035244449973106384,0.11784500628709793,0.31722861528396606
rosenbrock,1.0,2,cholesky,5,ode_transport,8192,0.02,1000,5,rosenbrock,627,0.33351898193359375,-0.7731761336326599,0.7253615260124207,74,0.4266037046909332,0.13762545585632324,0.2266446202993393,0.33418887853622437
rosenbrock,1.0,2,cholesky,5,ode_transport,8192,0.02,1000,5,rosenbrock,628,0.37520718574523926,-0.7636592388153076,0.7358279228210449,80,0.6164621114730835,0.37864330410957336,0.3792992830276489,0.3046093285083771
rosenbrock,1.0,2,cholesky,5,ode_transport,8192,0.02,1000,5,rosenbrock,629,0.36852002143859863,-0.7597609162330627,0.585527777671814,80,0.4401978552341461,0.20629483461380005,0.13505209982395172,0.3646608591079712
rosenbrock,1.0,2,cholesky,5,ode_transport,8192,0.02,1000,5,rosenbrock,630,0.3096020221710205,-0.7610085010528564,0.7832634449005127,74,0.3238236904144287,0.038348495960235596,0.11266975849866867,0.30115893483161926
rosenbrock,1.0,2,cholesky,5,ode_transport,8192,0.02,1000,5,rosenbrock,631,0.351489782333374,-0.7568159103393555,0.6457821726799011,80,0.2037702053785324,0.03361826390028,0.15377545356750488,0.12940329313278198
rosenbrock,1.0,2,cholesky,5,ode_transport,8192,0.02,1000,5,rosenbrock,632,0.3800828456878662,-0.7539318799972534,0.6108325123786926,80,0.4063084125518799,0.13159601390361786,0.12881556153297424,0.3621816635131836
rosenbrock,1.0,2,cholesky,5,ode_transport,8192,0.02,1000,5,rosenbrock,633,0.3879411220550537,-0.7484703063964844,0.5564796328544617,74,0.2830110788345337,0.04149303957819939,0.0890149399638176,0.26542410254478455
rosenbrock,1.0,2,cholesky,5,ode_transport,8192,0.02,1000,5,rosenbrock,634,0.4238440990447998,-0.7602933645248413,0.6080185770988464,92,0.3659207820892334,0.09665895998477936,0.15063905715942383,0.31915974617004395
rosenbrock,1.0,2,cholesky,5,ode_transport,8192,0.02,1000,5,rosenbrock,635,0.35289716720581055,-0.7566580772399902,0.6466662287712097,80,0.2940431833267212,0.10797494649887085,0.12309006601572037,0.2442368119955063
rosenbrock,1.0,2,cholesky,5,ode_transport,8192,0.02,1000,5,rosenbrock,636,0.34380197525024414,-0.773987352848053,0.6273407340049744,80,0.8401736617088318,0.6387615203857422,0.2889288365840912,0.46302875876426697
rosenbrock,1.0,2,cholesky,5,ode_transport,8192,0.02,1000,5,rosenbrock,637,0.32119297981262207,-0.7692170143127441,0.8164603114128113,74,0.4541461765766144,0.026283200830221176,0.14902417361736298,0.4281935691833496
rosenbrock,1.0,2,cholesky,5,ode_transport,8192,0.02,1000,5,rosenbrock,638,0.41043806076049805,-0.762549877166748,0.6450526714324951,80,0.35323038697242737,0.026537736877799034,0.22221630811691284,0.27328991889953613
rosenbrock,1.0,2,cholesky,5,ode_transport,8192,0.02,1000,5,rosenbrock,639,0.4275789260864258,-0.7515909075737,0.4796655774116516,80,0.2807430624961853,0.0817006528377533,0.08768091350793839,0.2538773715496063
rosenbrock,1.0,2,cholesky,5,ode_transport,8192,0.02,1000,5,rosenbrock,640,0.4139227867126465,-0.7489826083183289,0.6513603925704956,80,0.40689918398857117,0.10915906727313995,0.21236532926559448,0.3294726312160492
rosenbrock,1.0,2,cholesky,5,ode_transport,8192,0.02,1000,5,rosenbrock,641,0.4124898910522461,-0.756249725818634,0.6361821293830872,92,0.36349624395370483,0.16470719873905182,0.15964023768901825,0.28198590874671936
rosenbrock,1.0,2,cholesky,5,ode_transport,8192,0.02,1000,5,rosenbrock,642,0.3671741485595703,-0.7551108598709106,0.6714672446250916,80,0.38485363125801086,0.13594603538513184,0.14056825637817383,0.331468790769577
rosenbrock,1.0,2,cholesky,5,ode_transport,8192,0.02,1000,5,rosenbrock,643,0.37572288513183594,-0.7596920728683472,0.6687034964561462,86,0.3227614760398865,0.05678131803870201,0.1400448977947235,0.2851986289024353
rosenbrock,1.0,2,cholesky,5,ode_transport,8192,0.02,1000,5,rosenbrock,644,0.3761591911315918,-0.7559381723403931,0.4855417013168335,80,0.33199286460876465,0.08846292644739151,0.12458248436450958,0.2947418987751007
rosenbrock,1.0,2,cholesky,5,ode_transport,8192,0.02,1000,5,rosenbrock,645,0.35912489891052246,-0.7590540647506714,0.5809940695762634,74,0.3630651533603668,0.052794910967350006,0.2182493507862091,0.28530022501945496
rosenbrock,1.0,2,cholesky,5,ode_transport,8192,0.02,1000,5,rosenbrock,646,0.31915807723999023,-0.7519189119338989,0.6960222125053406,74,0.34819015860557556,0.026314614340662956,0.19360895454883575,0.2882004380226135
rosenbrock,1.0,2,cholesky,5,ode_transport,8192,0.02,1000,5,rosenbrock,647,0.3311328887939453,-0.7473844885826111,0.6570155620574951,74,0.2723511755466461,0.03847380355000496,0.12725913524627686,0.23769736289978027
rosenbrock,1.0,2,cholesky,5,ode_transport,8192,0.02,1000,5,rosenbrock,648,0.3358910083770752,-0.7413932085037231,0.454750120639801,80,0.4908409118652344,0.31549763679504395,0.14914949238300323,0.34516724944114685
rosenbrock,1.0,2,cholesky,5,ode_transport,8192,0.02,1000,5,rosenbrock,649,0.3237419128417969,-0.7437213659286499,0.5031796097755432,74,0.5022040009498596,0.27528756856918335,0.218715101480484,0.3585934340953827
rosenbrock,1.0,2,cholesky,5,ode_transport,8192,0.02,1000,5,rosenbrock,650,0.37775397300720215,-0.7631336450576782,0.8404953479766846,80,0.7244048714637756,0.4470013678073883,0.3220045268535614,0.47038841247558594
rosenbrock,1.0,2,cholesky,5,ode_transport,8192,0.02,1000,5,rosenbrock,651,0.4239919185638428,-0.7497231960296631,0.5429369807243347,92,0.44052743911743164,0.20591479539871216,0.2773050367832184,0.2734326720237732
rosenbrock,1.0,2,cholesky,5,ode_transport,8192,0.02,1000,5,rosenbrock,652,0.352841854095459,-0.745559573173523,0.5218163132667542,74,0.2690483629703522,0.09827982634305954,0.13092084228992462,0.2135130763053894
rosenbrock,1.0,2,cholesky,5,ode_transport,8192,0.02,1000,5,rosenbrock,653,0.3240671157836914,-0.7390551567077637,0.45686063170433044,74,0.3496840298175812,0.2167455554008484,0.2114804983139038,0.17486074566841125
rosenbrock,1.0,2,cholesky,5,ode_transport,8192,0.02,1000,5,rosenbrock,654,0.3390469551086426,-0.743567168712616,0.5419336557388306,80,0.8359724879264832,0.6000099182128906,0.2629207670688629,0.5193368792533875
rosenbrock,1.0,2,cholesky,5,ode_transport,8192,0.02,1000,5,rosenbrock,655,0.31810617446899414,-0.7531927227973938,0.5926358699798584,80,0.2456997185945511,0.036776479333639145,0.14319509267807007,0.19624221324920654
rosenbrock,1.0,2,cholesky,5,ode_transport,8192,0.02,1000,5,rosenbrock,656,0.3281893730163574,-0.7516748905181885,0.5985736846923828,80,0.35684317350387573,0.08073019981384277,0.11374612152576447,0.3284531831741333
rosenbrock,1.0,2,cholesky,5,ode_transport,8192,0.02,1000,5,rosenbrock,657,0.3456912040710449,-0.7405577301979065,0.48263490200042725,80,0.24615709483623505,0.06489230692386627,0.1075824648141861,0.21167975664138794
rosenbrock,1.0,2,cholesky,5,ode_transport,8192,0.02,1000,5,rosenbrock,658,0.3416922092437744,-0.7565237283706665,0.5769025087356567,74,0.4065452516078949,0.2087889313697815,0.14861264824867249,0.31559544801712036
rosenbrock,1.0,2,cholesky,5,ode_transport,8192,0.02,1000,5,rosenbrock,659,0.3412761688232422,-0.7511488199234009,0.6663002967834473,74,0.2905568480491638,0.10520343482494354,0.0940893143415451,0.2539738416671753
rosenbrock,1.0,2,cholesky,5,ode_transport,8192,0.02,1000,5,rosenbrock,660,0.32392406463623047,-0.7469238638877869,0.5703752040863037,74,0.21813064813613892,0.028649916872382164,0.12681478261947632,0.17515186965465546
rosenbrock,1.0,2,cholesky,5,ode_transport,8192,0.02,1000,5,rosenbrock,661,0.35752010345458984,-0.7462630271911621,0.5140273571014404,80,0.23193494975566864,0.062054116278886795,0.11479151993989944,0.19174465537071228
rosenbrock,1.0,2,cholesky,5,ode_transport,8192,0.02,1000,5,rosenbrock,662,0.32216596603393555,-0.7497648000717163,0.6033204793930054,80,0.33337533473968506,0.08457523584365845,0.1762096881866455,0.27006715536117554
rosenbrock,1.0,2,cholesky,5,ode_transport,8192,0.02,1000,5,rosenbrock,663,0.34986019134521484,-0.7511394023895264,0.5672429800033569,80,0.2987525463104248,0.04113505035638809,0.1302952617406845,0.2656767666339874
rosenbrock,1.0,2,cholesky,5,ode_transport,8192,0.02,1000,5,rosenbrock,664,0.3402886390686035,-0.753926157951355,0.5546493530273438,74,0.2745093107223511,0.030370527878403664,0.10555955022573471,0.25157538056373596
rosenbrock,1.0,2,cholesky,5,ode_transport,8192,0.02,1000,5,rosenbrock,665,0.3434290885925293,-0.753566563129425,0.595304548740387,86,0.33862951397895813,0.03988372161984444,0.12660303711891174,0.3115299344062805
rosenbrock,1.0,2,cholesky,5,ode_transport,8192,0.02,1000,5,rosenbrock,666,0.3435370922088623,-0.7522894740104675,0.4947715699672699,80,1.2656959295272827,0.9286775588989258,0.4428984820842743,0.7371464967727661
rosenbrock,1.0,2,cholesky,5,ode_transport,8192,0.02,1000,5,rosenbrock,667,0.3184061050415039,-0.736970067024231,0.47607165575027466,74,0.2584885358810425,0.054194964468479156,0.14775626361370087,0.2050544023513794
rosenbrock,1.0,2,cholesky,5,ode_transport,8192,0.02,1000,5,rosenbrock,668,0.34953808784484863,-0.7484915852546692,0.5680617094039917,86,1.9036955833435059,1.6559358835220337,0.7091916799545288,0.6156144142150879
rosenbrock,1.0,2,cholesky,5,ode_transport,8192,0.02,1000,5,rosenbrock,669,0.3719329833984375,-0.7495904564857483,0.5405600666999817,80,0.41651198267936707,0.27903521060943604,0.1928730309009552,0.24170559644699097
rosenbrock,1.0,2,cholesky,5,ode_transport,8192,0.02,1000,5,rosenbrock,670,0.324739933013916,-0.749428391456604,0.6622341275215149,74,0.3306210935115814,0.06259648501873016,0.18963830173015594,0.26349443197250366
rosenbrock,1.0,2,cholesky,5,ode_transport,8192,0.02,1000,5,rosenbrock,671,0.30505967140197754,-0.7511391043663025,0.7108026742935181,74,0.3875451683998108,0.06067117676138878,0.22557345032691956,0.30923599004745483
rosenbrock,1.0,2,cholesky,5,ode_transport,8192,0.02,1000,5,rosenbrock,672,0.3536860942840576,-0.753316342830658,0.587074339389801,80,0.2976592779159546,0.09728297591209412,0.0995427668094635,0.26311272382736206
rosenbrock,1.0,2,cholesky,5,ode_transport,8192,0.02,1000,5,rosenbrock,673,0.3696918487548828,-0.7370939254760742,0.5656514167785645,80,0.32157522439956665,0.050464849919080734,0.2542003393173218,0.1903841197490692
rosenbrock,1.0,2,cholesky,5,ode_transport,8192,0.02,1000,5,rosenbrock,674,0.31997084617614746,-0.7457462549209595,0.6429182887077332,80,0.4243210554122925,0.13881543278694153,0.1824548840522766,0.3570558428764343
rosenbrock,1.0,2,cholesky,5,ode_transport,8192,0.02,1000,5,rosenbrock,675,0.38060522079467773,-0.7546406388282776,0.4952844977378845,92,0.36774247884750366,0.17324095964431763,0.23871617019176483,0.21962855756282806
rosenbrock,1.0,2,cholesky,5,ode_transport,8192,0.02,1000,5,rosenbrock,676,0.3286290168762207,-0.7410256266593933,0.5629362463951111,80,0.32223671674728394,0.1037827581167221,0.13432326912879944,0.2739030718803406
rosenbrock,1.0,2,cholesky,5,ode_transport,8192,0.02,1000,5,rosenbrock,677,0.34691405296325684,-0.7589026689529419,0.6765069365501404,86,0.4541793465614319,0.03739737346768379,0.13689187169075012,0.431440532207489
rosenbrock,1.0,2,cholesky,5,ode_transport,8192,0.02,1000,5,rosenbrock,678,0.39138007164001465,-0.7513405680656433,0.7327603697776794,86,0.23783203959465027,0.03005257621407509,0.13414496183395386,0.19407741725444794
rosenbrock,1.0,2,cholesky,5,ode_transport,8192,0.02,1000,5,rosenbrock,679,0.31931495666503906,-0.7505567073822021,0.5654861330986023,80,0.40768349170684814,0.13826681673526764,0.139133483171463,0.3573933243751526
rosenbrock,1.0,2,cholesky,5,ode_transport,8192,0.02,1000,5,rosenbrock,680,0.31810784339904785,-0.7497777938842773,0.5800951719284058,80,0.291116863489151,0.024704894050955772,0.15856952965259552,0.24288761615753174
rosenbrock,1.0,2,cholesky,5,ode_transport,8192,0.02,1000,5,rosenbrock,681,0.3851947784423828,-0.7465694546699524,0.6021486520767212,92,0.4701840281486511,0.1452421098947525,0.17322473227977753,0.41227537393569946
rosenbrock,1.0,2,cholesky,5,ode_transport,8192,0.02,1000,5,rosenbrock,682,0.3636507987976074,-0.7434906959533691,0.5037805438041687,74,0.21898317337036133,0.07134567201137543,0.09302742779254913,0.1849576234817505
rosenbrock,1.0,2,cholesky,5,ode_transport,8192,0.02,1000,5,rosenbrock,683,0.3488929271697998,-0.7382263541221619,0.48689115047454834,80,0.24532988667488098,0.05359649285674095,0.15491989254951477,0.18252120912075043
rosenbrock,1.0,2,cholesky,5,ode_transport,8192,0.02,1000,5,rosenbrock,684,0.3485710620880127,-0.7376914620399475,0.4392048418521881,80,0.4712698459625244,0.2950054705142975,0.1385369896888733,0.3404035270214081
rosenbrock,1.0,2,cholesky,5,ode_transport,8192,0.02,1000,5,rosenbrock,685,0.3758227825164795,-0.744432270526886,0.48694178462028503,80,0.3088406026363373,0.15755131840705872,0.2030191719532013,0.17129893600940704
rosenbrock,1.0,2,cholesky,5,ode_transport,8192,0.02,1000,5,rosenbrock,686,0.3431050777435303,-0.7609497904777527,0.6756962537765503,74,0.35092893242836,0.12838788330554962,0.14763259887695312,0.29132845997810364
rosenbrock,1.0,2,cholesky,5,ode_transport,8192,0.02,1000,5,rosenbrock,687,0.33478617668151855,-0.7460041046142578,0.5149950385093689,74,0.5501860976219177,0.36693182587623596,0.21801918745040894,0.3471791744232178
rosenbrock,1.0,2,cholesky,5,ode_transport,8192,0.02,1000,5,rosenbrock,688,0.3243110179901123,-0.7481807470321655,0.645273745059967,80,0.21225790679454803,0.03395244851708412,0.09414353966712952,0.1871834546327591
rosenbrock,1.0,2,cholesky,5,ode_transport,8192,0.02,1000,5,rosenbrock,689,0.3086068630218506,-0.7409254312515259,0.5414794683456421,68,0.2115388810634613,0.10481898486614227,0.15666303038597107,0.09601235389709473
rosenbrock,1.0,2,cholesky,5,ode_transport,8192,0.02,1000,5,rosenbrock,690,0.3989701271057129,-0.7398012280464172,0.6006007194519043,86,0.2923506498336792,0.015760431066155434,0.13412705063819885,0.25928831100463867
rosenbrock,1.0,2,cholesky,5,ode_transport,8192,0.02,1000,5,rosenbrock,691,0.3397853374481201,-0.7317827939987183,0.43622466921806335,80,0.21431683003902435,0.07504836469888687,0.08279214799404144,0.1828794926404953
rosenbrock,1.0,2,cholesky,5,ode_transport,8192,0.02,1000,5,rosenbrock,692,0.36394381523132324,-0.740656852722168,0.5254934430122375,80,0.2832536995410919,0.08660711348056793,0.12983745336532593,0.2363770455121994
rosenbrock,1.0,2,cholesky,5,ode_transport,8192,0.02,1000,5,rosenbrock,693,0.3383650779724121,-0.7447372078895569,0.47878867387771606,80,0.3294241726398468,0.1006113812327385,0.16070765256881714,0.26938948035240173
rosenbrock,1.0,2,cholesky,5,ode_transport,8192,0.02,1000,5,rosenbrock,694,0.33785295486450195,-0.7423593401908875,0.5316697955131531,80,1.0243953466415405,0.8606359362602234,0.4550158977508545,0.31882938742637634
rosenbrock,1.0,2,cholesky,5,ode_transport,8192,0.02,1000,5,rosenbrock,695,0.3191952705383301,-0.742457389831543,0.47453993558883667,80,0.608500063419342,0.497711181640625,0.22158294916152954,0.27102938294410706
rosenbrock,1.0,2,cholesky,5,ode_transport,8192,0.02,1000,5,rosenbrock,696,0.3316962718963623,-0.7459534406661987,0.4835194945335388,80,0.7044718265533447,0.6154640316963196,0.26948627829551697,0.21180586516857147
rosenbrock,1.0,2,cholesky,5,ode_transport,8192,0.02,1000,5,rosenbrock,697,0.31640124320983887,-0.7407084107398987,0.48265311121940613,74,0.6072604060173035,0.37581682205200195,0.2421388030052185,0.41096919775009155
rosenbrock,1.0,2,cholesky,5,ode_transport,8192,0.02,1000,5,rosenbrock,698,0.3493349552154541,-0.7467281818389893,0.619351863861084,86,0.6253480911254883,0.30626800656318665,0.24070143699645996,0.489206463098526
rosenbrock,1.0,2,cholesky,5,ode_transport,8192,0.02,1000,5,rosenbrock,699,0.3550748825073242,-0.737068772315979,0.7640966773033142,86,0.37122422456741333,0.021001923829317093,0.20904767513275146,0.30604806542396545
rosenbrock,1.0,2,cholesky,5,ode_transport,8192,0.02,1000,5,rosenbrock,700,0.32210683822631836,-0.7361886501312256,0.527400553226471,80,0.2924068570137024,0.08996327966451645,0.14606338739395142,0.23679925501346588
rosenbrock,1.0,2,cholesky,5,ode_transport,8192,0.02,1000,5,rosenbrock,701,0.36227893829345703,-0.7397674918174744,0.42488178610801697,92,0.21187694370746613,0.10280313342809677,0.11037901043891907,0.14879462122917175
rosenbrock,1.0,2,cholesky,5,ode_transport,8192,0.02,1000,5,rosenbrock,702,0.3631460666656494,-0.7491775751113892,0.6632973551750183,92,0.3795979917049408,0.16208118200302124,0.22554589807987213,0.2587535083293915
rosenbrock,1.0,2,cholesky,5,ode_transport,8192,0.02,1000,5,rosenbrock,703,0.3645341396331787,-0.7485368251800537,0.516235888004303,86,0.24994316697120667,0.017830898985266685,0.15920390188694,0.19185347855091095
rosenbrock,1.0,2,cholesky,5,ode_transport,8192,0.02,1000,5,rosenbrock,704,0.3882749080657959,-0.7395104169845581,0.5408828854560852,98,0.4438382089138031,0.2489956021308899,0.23154862225055695,0.28526970744132996
rosenbrock,1.0,2,cholesky,5,ode_transport,8192,0.02,1000,5,rosenbrock,705,0.3130218982696533,-0.7368034720420837,0.4706721305847168,80,0.2994256615638733,0.04184882715344429,0.19078820943832397,0.22694548964500427
rosenbrock,1.0,2,cholesky,5,ode_transport,8192,0.02,1000,5,rosenbrock,706,0.3193337917327881,-0.7444391846656799,0.6035722494125366,74,0.2495322823524475,0.015904681757092476,0.12342063337564468,0.21628856658935547
rosenbrock,1.0,2,cholesky,5,ode_transport,8192,0.02,1000,5,rosenbrock,707,0.40410494804382324,-0.740354061126709,0.506782591342926,98,0.3089280426502228,0.009406326338648796,0.20482638478279114,0.23107187449932098
rosenbrock,1.0,2,cholesky,5,ode_transport,8192,0.02,1000,5,rosenbrock,708,0.3220829963684082,-0.7299878001213074,0.4843372404575348,74,0.2955145537853241,0.12884046137332916,0.13141269981861115,0.2312135100364685
rosenbrock,1.0,2,cholesky,5,ode_transport,8192,0.02,1000,5,rosenbrock,709,0.3319859504699707,-0.7298524379730225,0.5516101121902466,80,0.36175811290740967,0.19207337498664856,0.1513063907623291,0.2666141390800476
rosenbrock,1.0,2,cholesky,5,ode_transport,8192,0.02,1000,5,rosenbrock,710,0.3296172618865967,-0.7489612698554993,0.6654077768325806,74,0.3742499351501465,0.14366856217384338,0.17349521815776825,0.29886749386787415
rosenbrock,1.0,2,cholesky,5,ode_transport,8192,0.02,1000,5,rosenbrock,711,0.3144969940185547,-0.7441572546958923,0.5113143920898438,74,0.22642214596271515,0.06155943498015404,0.11225903779268265,0.1867493838071823
rosenbrock,1.0,2,cholesky,5,ode_transport,8192,0.02,1000,5,rosenbrock,712,0.30965685844421387,-0.7272024154663086,0.5067307353019714,74,0.29882726073265076,0.12441958487033844,0.13261286914348602,0.23713144659996033
rosenbrock,1.0,2,cholesky,5,ode_transport,8192,0.02,1000,5,rosenbrock,713,0.3342010974884033,-0.735629677772522,0.44845449924468994,86,0.2317018359899521,0.09814699739217758,0.11764246225357056,0.17381933331489563
rosenbrock,1.0,2,cholesky,5,ode_transport,8192,0.02,1000,5,rosenbrock,714,0.37409210205078125,-0.7351049184799194,0.5666414499282837,86,0.26212912797927856,0.026614263653755188,0.1639178991317749,0.20281587541103363
rosenbrock,1.0,2,cholesky,5,ode_transport,8192,0.02,1000,5,rosenbrock,715,0.3270237445831299,-0.7257263660430908,0.4496481418609619,74,0.21619686484336853,0.10764449834823608,0.07893440127372742,0.1700679510831833
rosenbrock,1.0,2,cholesky,5,ode_transport,8192,0.02,1000,5,rosenbrock,716,0.3336460590362549,-0.737323522567749,0.5797830820083618,74,0.3634721338748932,0.022677099332213402,0.2118881791830063,0.2944505512714386
rosenbrock,1.0,2,cholesky,5,ode_transport,8192,0.02,1000,5,rosenbrock,717,0.36992597579956055,-0.7477856278419495,0.5972132682800293,92,0.2587791681289673,0.07836636155843735,0.13526585698127747,0.20622441172599792
rosenbrock,1.0,2,cholesky,5,ode_transport,8192,0.02,1000,5,rosenbrock,718,0.29654598236083984,-0.7470923662185669,0.6008126735687256,68,1.756361484527588,1.5515861511230469,0.6565901041030884,0.4962613582611084
rosenbrock,1.0,2,cholesky,5,ode_transport,8192,0.02,1000,5,rosenbrock,719,0.3340611457824707,-0.7400505542755127,0.5455224514007568,80,0.22518087923526764,0.04387647286057472,0.1285737007856369,0.1795831024646759
rosenbrock,1.0,2,cholesky,5,ode_transport,8192,0.02,1000,5,rosenbrock,720,0.38428711891174316,-0.7472740411758423,0.6899747848510742,80,0.41993778944015503,0.1630416214466095,0.19221729040145874,0.3358834385871887
rosenbrock,1.0,2,cholesky,5,ode_transport,8192,0.02,1000,5,rosenbrock,721,0.3833489418029785,-0.7360967993736267,0.47098493576049805,74,0.4284273684024811,0.36389896273612976,0.19761456549167633,0.10989104211330414
rosenbrock,1.0,2,cholesky,5,ode_transport,8192,0.02,1000,5,rosenbrock,722,0.3053271770477295,-0.7350839376449585,0.49858689308166504,74,0.2330598682165146,0.025867586955428123,0.11060972511768341,0.20350246131420135
rosenbrock,1.0,2,cholesky,5,ode_transport,8192,0.02,1000,5,rosenbrock,723,0.3054540157318115,-0.731661856174469,0.5024528503417969,74,0.40671876072883606,0.31862562894821167,0.17566435039043427,0.1817687749862671
rosenbrock,1.0,2,cholesky,5,ode_transport,8192,0.02,1000,5,rosenbrock,724,0.38344383239746094,-0.7369821071624756,0.469216525554657,98,0.28508180379867554,0.0564734973013401,0.09496477246284485,0.2628004252910614
rosenbrock,1.0,2,cholesky,5,ode_transport,8192,0.02,1000,5,rosenbrock,725,0.37399792671203613,-0.7384839057922363,0.6075760722160339,74,0.24358291923999786,0.08363767713308334,0.16543394327163696,0.15801577270030975
rosenbrock,1.0,2,cholesky,5,ode_transport,8192,0.02,1000,5,rosenbrock,726,0.3464341163635254,-0.7312019467353821,0.4353277087211609,74,0.49706408381462097,0.4344087243080139,0.17246069014072418,0.16917172074317932
rosenbrock,1.0,2,cholesky,5,ode_transport,8192,0.02,1000,5,rosenbrock,727,0.3784940242767334,-0.7431207895278931,0.5055760145187378,92,0.3206249475479126,0.08877358585596085,0.20143641531467438,0.2331158071756363
rosenbrock,1.0,2,cholesky,5,ode_transport,8192,0.02,1000,5,rosenbrock,728,0.30663108825683594,-0.7290464639663696,0.4672139585018158,68,0.9485387802124023,0.5876085162162781,0.4075208902359009,0.6231924891471863
rosenbrock,1.0,2,cholesky,5,ode_transport,8192,0.02,1000,5,rosenbrock,729,0.3181731700897217,-0.74068683385849,0.553686261177063,74,0.3225029706954956,0.03917909041047096,0.22017967700958252,0.23236626386642456
rosenbrock,1.0,2,cholesky,5,ode_transport,8192,0.02,1000,5,rosenbrock,730,0.37470483779907227,-0.7362080216407776,0.4851800799369812,92,0.2638528048992157,0.047084659337997437,0.1252497434616089,0.22740675508975983
rosenbrock,1.0,2,cholesky,5,ode_transport,8192,0.02,1000,5,rosenbrock,731,0.40664196014404297,-0.7367770671844482,0.5842506885528564,92,0.31427115201950073,0.08723114430904388,0.1484355926513672,0.26291435956954956
rosenbrock,1.0,2,cholesky,5,ode_transport,8192,0.02,1000,5,rosenbrock,732,0.33338189125061035,-0.7305575013160706,0.4816730320453644,74,0.22596809267997742,0.12453199177980423,0.09822864830493927,0.1609487384557724
rosenbrock,1.0,2,cholesky,5,ode_transport,8192,0.02,1000,5,rosenbrock,733,0.3330409526824951,-0.7408573031425476,0.5607876181602478,80,0.2725719213485718,0.052294179797172546,0.0801319107413292,0.25522467494010925
rosenbrock,1.0,2,cholesky,5,ode_transport,8192,0.02,1000,5,rosenbrock,734,0.3763608932495117,-0.7382445335388184,0.47495391964912415,86,0.31123602390289307,0.06481608748435974,0.138706773519516,0.2709744870662689
rosenbrock,1.0,2,cholesky,5,ode_transport,8192,0.02,1000,5,rosenbrock,735,0.34442806243896484,-0.7276123762130737,0.5274400115013123,80,0.3393038809299469,0.1436491310596466,0.16470302641391754,0.2595475912094116
rosenbrock,1.0,2,cholesky,5,ode_transport,8192,0.02,1000,5,rosenbrock,736,0.3078608512878418,-0.7314516305923462,0.48584797978401184,74,0.22911950945854187,0.04913298040628433,0.10531345009803772,0.1974608302116394
rosenbrock,1.0,2,cholesky,5,ode_transport,8192,0.02,1000,5,rosenbrock,737,0.3489100933074951,-0.7397714853286743,0.5789560079574585,80,0.31587687134742737,0.15814368426799774,0.14400088787078857,0.23244896531105042
rosenbrock,1.0,2,cholesky,5,ode_transport,8192,0.02,1000,5,rosenbrock,738,0.36310911178588867,-0.7336519956588745,0.5514312982559204,86,0.46664905548095703,0.37636592984199524,0.2235347479581833,0.16168561577796936
rosenbrock,1.0,2,cholesky,5,ode_transport,8192,0.02,1000,5,rosenbrock,739,0.32742929458618164,-0.7395823001861572,0.44532233476638794,74,0.3307507038116455,0.16418376564979553,0.10318192094564438,0.26794254779815674
rosenbrock,1.0,2,cholesky,5,ode_transport,8192,0.02,1000,5,rosenbrock,740,0.34714198112487793,-0.7342258095741272,0.49007073044776917,92,0.22908231616020203,0.04864763468503952,0.09112174808979034,0.20447233319282532
rosenbrock,1.0,2,cholesky,5,ode_transport,8192,0.02,1000,5,rosenbrock,741,0.3154470920562744,-0.7432273030281067,0.8427738547325134,80,0.37362685799598694,0.14285515248775482,0.15840508043766022,0.3067527711391449
rosenbrock,1.0,2,cholesky,5,ode_transport,8192,0.02,1000,5,rosenbrock,742,0.340224027633667,-0.737679660320282,0.5584958791732788,80,1.304305911064148,1.1080201864242554,0.4978933036327362,0.4749813675880432
rosenbrock,1.0,2,cholesky,5,ode_transport,8192,0.02,1000,5,rosenbrock,743,0.3649709224700928,-0.7249484658241272,0.5134599804878235,86,0.384037047624588,0.11996002495288849,0.1939171850681305,0.30901479721069336
rosenbrock,1.0,2,cholesky,5,ode_transport,8192,0.02,1000,5,rosenbrock,744,0.3174018859863281,-0.7314788699150085,0.49232158064842224,80,0.22401344776153564,0.12173352390527725,0.12745614349842072,0.13826753199100494
rosenbrock,1.0,2,cholesky,5,ode_transport,8192,0.02,1000,5,rosenbrock,745,0.422558069229126,-0.7456222772598267,0.5510932207107544,98,0.5271023511886597,0.0489443838596344,0.12198858708143234,0.5104508996009827
rosenbrock,1.0,2,cholesky,5,ode_transport,8192,0.02,1000,5,rosenbrock,746,0.32477903366088867,-0.7351824045181274,0.4839130640029907,80,0.37088072299957275,0.20906923711299896,0.11805344372987747,0.28267642855644226
rosenbrock,1.0,2,cholesky,5,ode_transport,8192,0.02,1000,5,rosenbrock,747,0.31318211555480957,-0.7298644781112671,0.41180911660194397,74,0.4901873767375946,0.341190904378891,0.17466989159584045,0.3055534064769745
rosenbrock,1.0,2,cholesky,5,ode_transport,8192,0.02,1000,5,rosenbrock,748,0.3593919277191162,-0.7349605560302734,0.5041247010231018,86,0.4170735776424408,0.22821414470672607,0.22787632048130035,0.26446372270584106
rosenbrock,1.0,2,cholesky,5,ode_transport,8192,0.02,1000,5,rosenbrock,749,0.3265221118927002,-0.7241775393486023,0.40308651328086853,80,0.21848413348197937,0.029203560203313828,0.13159774243831635,0.1719433069229126
rosenbrock,1.0,2,cholesky,5,ode_transport,8192,0.02,1000,5,rosenbrock,750,0.3164701461791992,-0.7424503564834595,0.5381178855895996,74,0.26280805468559265,0.019747229292988777,0.17696595191955566,0.19329039752483368
rosenbrock,1.0,2,cholesky,5,ode_transport,8192,0.02,1000,5,rosenbrock,751,0.30809807777404785,-0.7248432636260986,0.4713815152645111,74,0.35588279366493225,0.13259011507034302,0.15806101262569427,0.28998124599456787
rosenbrock,1.0,2,cholesky,5,ode_transport,8192,0.02,1000,5,rosenbrock,752,0.31377601623535156,-0.7262033820152283,0.5001484155654907,74,0.3286050260066986,0.23414382338523865,0.1696978062391281,0.15607880055904388
rosenbrock,1.0,2,cholesky,5,ode_transport,8192,0.02,1000,5,rosenbrock,753,0.3144199848175049,-0.7321009635925293,0.5201849341392517,74,0.4341616928577423,0.2702876329421997,0.20157670974731445,0.2735100984573364
rosenbrock,1.0,2,cholesky,5,ode_transport,8192,0.02,1000,5,rosenbrock,754,0.30454492568969727,-0.7330544590950012,0.7199248671531677,68,0.24451568722724915,0.02801862172782421,0.12386590242385864,0.20895002782344818
rosenbrock,1.0,2,cholesky,5,ode_transport,8192,0.02,1000,5,rosenbrock,755,0.379138708114624,-0.7286801338195801,0.49567148089408875,80,0.4872684180736542,0.30983805656433105,0.16029858589172363,0.3401988446712494
rosenbrock,1.0,2,cholesky,5,ode_transport,8192,0.02,1000,5,rosenbrock,756,0.40752720832824707,-0.7283302545547485,0.4925127625465393,92,4.250008583068848,3.113459587097168,1.5910663604736328,2.416080951690674
rosenbrock,1.0,2,cholesky,5,ode_transport,8192,0.02,1000,5,rosenbrock,757,0.40944480895996094,-0.7321210503578186,0.5351836085319519,86,0.31048211455345154,0.04460332170128822,0.22654640674591064,0.20757266879081726
rosenbrock,1.0,2,cholesky,5,ode_transport,8192,0.02,1000,5,rosenbrock,758,0.37787508964538574,-0.741612434387207,0.5215098261833191,80,0.3293858468532562,0.05009600147604942,0.18276460468769073,0.26941144466400146
rosenbrock,1.0,2,cholesky,5,ode_transport,8192,0.02,1000,5,rosenbrock,759,0.3392491340637207,-0.7308967113494873,0.4950955808162689,80,0.353758841753006,0.22569675743579865,0.1914428323507309,0.19379352033138275
rosenbrock,1.0,2,cholesky,5,ode_transport,8192,0.02,1000,5,rosenbrock,760,0.393768310546875,-0.738651692867279,0.651492714881897,74,0.3085809648036957,0.1839675009250641,0.16671259701251984,0.18326234817504883
rosenbrock,1.0,2,cholesky,5,ode_transport,8192,0.02,1000,5,rosenbrock,761,0.4540407657623291,-0.7276543378829956,0.4704512655735016,86,0.4351474940776825,0.20776057243347168,0.1874353140592575,0.333251953125
rosenbrock,1.0,2,cholesky,5,ode_transport,8192,0.02,1000,5,rosenbrock,762,0.3663349151611328,-0.7399925589561462,0.6587965488433838,80,0.44084274768829346,0.3705410957336426,0.19583681225776672,0.13670988380908966
rosenbrock,1.0,2,cholesky,5,ode_transport,8192,0.02,1000,5,rosenbrock,763,0.3458900451660156,-0.7393396496772766,0.5375353097915649,74,0.18025587499141693,0.02458583563566208,0.1119115948677063,0.13915283977985382
rosenbrock,1.0,2,cholesky,5,ode_transport,8192,0.02,1000,5,rosenbrock,764,0.39748215675354004,-0.7393516302108765,0.48675134778022766,74,0.6874295473098755,0.5605742335319519,0.3010907769203186,0.2601158618927002
rosenbrock,1.0,2,cholesky,5,ode_transport,8192,0.02,1000,5,rosenbrock,765,0.49915599822998047,-0.7222930788993835,0.509669303894043,74,0.23205238580703735,0.057434894144535065,0.0968766063451767,0.2028902918100357
rosenbrock,1.0,2,cholesky,5,ode_transport,8192,0.02,1000,5,rosenbrock,766,0.4154658317565918,-0.7314724326133728,0.4549207091331482,80,0.2461787611246109,0.032321423292160034,0.1254730522632599,0.20932228863239288
rosenbrock,1.0,2,cholesky,5,ode_transport,8192,0.02,1000,5,rosenbrock,767,0.3715181350708008,-0.7341165542602539,0.5104823112487793,74,0.22402292490005493,0.019298290833830833,0.1194167509675026,0.18855631351470947
rosenbrock,1.0,2,cholesky,5,ode_transport,8192,0.02,1000,5,rosenbrock,768,0.37893104553222656,-0.7336970567703247,0.4198106825351715,80,0.2377702295780182,0.016786111518740654,0.16640043258666992,0.1690082997083664
rosenbrock,1.0,2,cholesky,5,ode_transport,8192,0.02,1000,5,rosenbrock,769,0.37533998489379883,-0.7275382280349731,0.3748493790626526,74,0.299386203289032,0.16835977137088776,0.15471363067626953,0.1932634860277176
rosenbrock,1.0,2,cholesky,5,ode_transport,8192,0.02,1000,5,rosenbrock,770,0.34607505798339844,-0.726650595664978,0.44057559967041016,74,0.23090168833732605,0.015624244697391987,0.1612922102212906,0.16448797285556793
rosenbrock,1.0,2,cholesky,5,ode_transport,8192,0.02,1000,5,rosenbrock,771,0.33912205696105957,-0.7306198477745056,0.523865818977356,80,0.21212512254714966,0.026977350935339928,0.10015030950307846,0.18503837287425995
rosenbrock,1.0,2,cholesky,5,ode_transport,8192,0.02,1000,5,rosenbrock,772,0.34570813179016113,-0.7208459973335266,0.4510437548160553,74,0.36880001425743103,0.024508044123649597,0.1410413533449173,0.3398825526237488
rosenbrock,1.0,2,cholesky,5,ode_transport,8192,0.02,1000,5,rosenbrock,773,0.35273289680480957,-0.7223871946334839,0.4368220269680023,80,0.29049423336982727,0.06777497380971909,0.08534404635429382,0.26927649974823
rosenbrock,1.0,2,cholesky,5,ode_transport,8192,0.02,1000,5,rosenbrock,774,0.3742351531982422,-0.7365067601203918,0.5123516917228699,86,0.27274826169013977,0.09383731335401535,0.14634329080581665,0.21016614139080048
rosenbrock,1.0,2,cholesky,5,ode_transport,8192,0.02,1000,5,rosenbrock,775,0.32767796516418457,-0.7293602824211121,0.449760377407074,74,0.20413990318775177,0.02129393257200718,0.09864088147878647,0.17745323479175568
rosenbrock,1.0,2,cholesky,5,ode_transport,8192,0.02,1000,5,rosenbrock,776,0.4297192096710205,-0.7318038940429688,0.5207183957099915,74,0.2559354603290558,0.09236253052949905,0.11473694443702698,0.20930255949497223
rosenbrock,1.0,2,cholesky,5,ode_transport,8192,0.02,1000,5,rosenbrock,777,0.376680850982666,-0.7255702614784241,0.5051578879356384,80,0.2653786242008209,0.05393146723508835,0.14112263917922974,0.218177929520607
rosenbrock,1.0,2,cholesky,5,ode_transport,8192,0.02,1000,5,rosenbrock,778,0.4583160877227783,-0.727109432220459,0.4589054584503174,104,2.7193150520324707,2.3902347087860107,1.0434551239013672,0.7698403000831604
rosenbrock,1.0,2,cholesky,5,ode_transport,8192,0.02,1000,5,rosenbrock,779,0.32804393768310547,-0.731782078742981,0.4634872078895569,68,2.088996171951294,1.8177928924560547,0.6893394589424133,0.7644246816635132
rosenbrock,1.0,2,cholesky,5,ode_transport,8192,0.02,1000,5,rosenbrock,780,0.44698500633239746,-0.7314158082008362,0.45546188950538635,98,0.40886208415031433,0.16360223293304443,0.2049487680196762,0.3136853575706482
rosenbrock,1.0,2,cholesky,5,ode_transport,8192,0.02,1000,5,rosenbrock,781,0.3595569133758545,-0.7326573729515076,0.5001806020736694,74,0.4813285768032074,0.4076811671257019,0.16904880106449127,0.19208267331123352
rosenbrock,1.0,2,cholesky,5,ode_transport,8192,0.02,1000,5,rosenbrock,782,0.39662790298461914,-0.7359390258789062,0.7002238035202026,92,0.31312689185142517,0.07604019343852997,0.13071618974208832,0.2741889953613281
rosenbrock,1.0,2,cholesky,5,ode_transport,8192,0.02,1000,5,rosenbrock,783,0.3708040714263916,-0.7272537350654602,0.4508313834667206,80,0.22379055619239807,0.012442522682249546,0.12945784628391266,0.18212102353572845
rosenbrock,1.0,2,cholesky,5,ode_transport,8192,0.02,1000,5,rosenbrock,784,0.4091620445251465,-0.7248399257659912,0.5363878011703491,92,0.40117302536964417,0.04316304624080658,0.1213931143283844,0.37992164492607117
rosenbrock,1.0,2,cholesky,5,ode_transport,8192,0.02,1000,5,rosenbrock,785,0.3582620620727539,-0.7307727932929993,0.4466550052165985,74,0.2998729944229126,0.014292044565081596,0.20190830528736115,0.22125232219696045
rosenbrock,1.0,2,cholesky,5,ode_transport,8192,0.02,1000,5,rosenbrock,786,0.38547301292419434,-0.7315091490745544,0.5318147540092468,86,0.28058281540870667,0.12551774084568024,0.1378365457057953,0.2096976488828659
rosenbrock,1.0,2,cholesky,5,ode_transport,8192,0.02,1000,5,rosenbrock,787,0.3407571315765381,-0.7299151420593262,0.4365379810333252,74,0.3104335069656372,0.2030988484621048,0.10623591393232346,0.2093650847673416
rosenbrock,1.0,2,cholesky,5,ode_transport,8192,0.02,1000,5,rosenbrock,788,0.37343621253967285,-0.7282482981681824,0.4176684319972992,80,0.49047935009002686,0.253057599067688,0.30968835949897766,0.28394538164138794
rosenbrock,1.0,2,cholesky,5,ode_transport,8192,0.02,1000,5,rosenbrock,789,0.36113786697387695,-0.7306344509124756,0.5176061391830444,86,1.3471946716308594,1.018744945526123,0.5181460976600647,0.7131738662719727
rosenbrock,1.0,2,cholesky,5,ode_transport,8192,0.02,1000,5,rosenbrock,790,0.41404175758361816,-0.7237215042114258,0.4263458251953125,92,0.32594412565231323,0.12365053594112396,0.1527014970779419,0.26006224751472473
rosenbrock,1.0,2,cholesky,5,ode_transport,8192,0.02,1000,5,rosenbrock,791,0.3383316993713379,-0.7327852845191956,0.469032883644104,74,0.45069530606269836,0.32162806391716003,0.20197157561779022,0.24267086386680603
rosenbrock,1.0,2,cholesky,5,ode_transport,8192,0.02,1000,5,rosenbrock,792,0.3362429141998291,-0.7333008050918579,0.5288876891136169,80,0.1811988353729248,0.04183283820748329,0.08760673552751541,0.15299704670906067
rosenbrock,1.0,2,cholesky,5,ode_transport,8192,0.02,1000,5,rosenbrock,793,0.3051300048828125,-0.7282319664955139,0.4183412194252014,74,0.24008721113204956,0.08013937622308731,0.13178353011608124,0.18399089574813843
rosenbrock,1.0,2,cholesky,5,ode_transport,8192,0.02,1000,5,rosenbrock,794,0.3533627986907959,-0.7290603518486023,0.4281121790409088,80,0.2560701370239258,0.0735873356461525,0.12718777358531952,0.20971430838108063
rosenbrock,1.0,2,cholesky,5,ode_transport,8192,0.02,1000,5,rosenbrock,795,0.3836090564727783,-0.7231985330581665,0.4350518584251404,86,0.29455381631851196,0.07673094421625137,0.08365543931722641,0.27180153131484985
rosenbrock,1.0,2,cholesky,5,ode_transport,8192,0.02,1000,5,rosenbrock,796,0.3704056739807129,-0.7233803868293762,0.4330742657184601,74,0.2210405319929123,0.04295835271477699,0.10101509094238281,0.19185788929462433
rosenbrock,1.0,2,cholesky,5,ode_transport,8192,0.02,1000,5,rosenbrock,797,0.37787604331970215,-0.7271689772605896,0.4661977291107178,80,0.36259597539901733,0.17455318570137024,0.20621922612190247,0.24182778596878052
rosenbrock,1.0,2,cholesky,5,ode_transport,8192,0.02,1000,5,rosenbrock,798,0.3697648048400879,-0.7387986183166504,0.5666952729225159,86,1.4491360187530518,1.1634736061096191,0.4433419108390808,0.7414661049842834
rosenbrock,1.0,2,cholesky,5,ode_transport,8192,0.02,1000,5,rosenbrock,799,0.33655309677124023,-0.7299277782440186,0.4502198100090027,80,0.35505881905555725,0.17349034547805786,0.14605164527893066,0.27319738268852234
rosenbrock,1.0,2,cholesky,5,ode_transport,8192,0.02,1000,5,rosenbrock,800,0.36333584785461426,-0.7243624329566956,0.40564480423927307,80,0.3635362386703491,0.18940214812755585,0.12532590329647064,0.2838641107082367
rosenbrock,1.0,2,cholesky,5,ode_transport,8192,0.02,1000,5,rosenbrock,801,0.35443997383117676,-0.7235971093177795,0.5342690944671631,74,0.5689236521720886,0.3679887652397156,0.21667134761810303,0.3759148418903351
rosenbrock,1.0,2,cholesky,5,ode_transport,8192,0.02,1000,5,rosenbrock,802,0.41333603858947754,-0.7300604581832886,0.5994252562522888,86,0.299222469329834,0.11816924065351486,0.18650980293750763,0.2019510120153427
rosenbrock,1.0,2,cholesky,5,ode_transport,8192,0.02,1000,5,rosenbrock,803,0.351809024810791,-0.7292841672897339,0.4476451575756073,80,0.30342623591423035,0.019864410161972046,0.2557809352874756,0.16201543807983398
rosenbrock,1.0,2,cholesky,5,ode_transport,8192,0.02,1000,5,rosenbrock,804,0.32816219329833984,-0.7317169904708862,0.4855230748653412,74,0.47842469811439514,0.29014158248901367,0.19448575377464294,0.3269301652908325
rosenbrock,1.0,2,cholesky,5,ode_transport,8192,0.02,1000,5,rosenbrock,805,0.387988805770874,-0.7313090562820435,0.4961298406124115,80,0.22536994516849518,0.046159956604242325,0.15319722890853882,0.15871822834014893
rosenbrock,1.0,2,cholesky,5,ode_transport,8192,0.02,1000,5,rosenbrock,806,0.456953763961792,-0.7272779941558838,0.45814964175224304,92,0.4580240547657013,0.3097439408302307,0.1329067051410675,0.3101298213005066
rosenbrock,1.0,2,cholesky,5,ode_transport,8192,0.02,1000,5,rosenbrock,807,0.3240230083465576,-0.7271908521652222,0.5095627903938293,74,0.23026959598064423,0.07445527613162994,0.13804900646209717,0.16859114170074463
rosenbrock,1.0,2,cholesky,5,ode_transport,8192,0.02,1000,5,rosenbrock,808,0.37499499320983887,-0.7252808809280396,0.4202384948730469,92,0.2549554109573364,0.10124111920595169,0.17274871468544006,0.15783020853996277
rosenbrock,1.0,2,cholesky,5,ode_transport,8192,0.02,1000,5,rosenbrock,809,0.35048508644104004,-0.7224545478820801,0.46415629982948303,74,0.367708295583725,0.2375141829252243,0.10818102955818176,0.25902366638183594
rosenbrock,1.0,2,cholesky,5,ode_transport,8192,0.02,1000,5,rosenbrock,810,0.3430051803588867,-0.7212656736373901,0.42604202032089233,80,0.7497811913490295,0.5484585165977478,0.2526450455188751,0.4444497525691986
rosenbrock,1.0,2,cholesky,5,ode_transport,8192,0.02,1000,5,rosenbrock,811,0.3414032459259033,-0.7202295064926147,0.6866879463195801,80,0.2322726994752884,0.007063041441142559,0.1439141184091568,0.18217968940734863
rosenbrock,1.0,2,cholesky,5,ode_transport,8192,0.02,1000,5,rosenbrock,812,0.36377406120300293,-0.7179487347602844,0.4118868410587311,80,0.7599741816520691,0.6190423965454102,0.23572559654712677,0.37253281474113464
rosenbrock,1.0,2,cholesky,5,ode_transport,8192,0.02,1000,5,rosenbrock,813,0.3333601951599121,-0.7383159399032593,0.6316335797309875,74,0.24588294327259064,0.07722747325897217,0.10213099420070648,0.20991332828998566
rosenbrock,1.0,2,cholesky,5,ode_transport,8192,0.02,1000,5,rosenbrock,814,0.36397600173950195,-0.7211897969245911,0.5648329854011536,86,0.3930089771747589,0.2560197710990906,0.19432605803012848,0.22615769505500793
rosenbrock,1.0,2,cholesky,5,ode_transport,8192,0.02,1000,5,rosenbrock,815,0.31359004974365234,-0.7254689931869507,0.4175581932067871,74,0.1790403425693512,0.030977420508861542,0.11145367473363876,0.13665255904197693
rosenbrock,1.0,2,cholesky,5,ode_transport,8192,0.02,1000,5,rosenbrock,816,0.33852601051330566,-0.7206984758377075,0.4413197636604309,80,0.2483261525630951,0.04488557204604149,0.20098863542079926,0.13876141607761383
rosenbrock,1.0,2,cholesky,5,ode_transport,8192,0.02,1000,5,rosenbrock,817,0.36300182342529297,-0.7302432656288147,0.4416840374469757,92,0.32167044281959534,0.03024306334555149,0.18413493037223816,0.2620144188404083
rosenbrock,1.0,2,cholesky,5,ode_transport,8192,0.02,1000,5,rosenbrock,818,0.31713104248046875,-0.7272840738296509,0.45193541049957275,74,0.19502240419387817,0.03270446136593819,0.10558556765317917,0.1606730967760086
rosenbrock,1.0,2,cholesky,5,ode_transport,8192,0.02,1000,5,rosenbrock,819,0.32138919830322266,-0.718212902545929,0.42382028698921204,74,0.37232428789138794,0.25767478346824646,0.17609885334968567,0.20302285254001617
rosenbrock,1.0,2,cholesky,5,ode_transport,8192,0.02,1000,5,rosenbrock,820,0.46157383918762207,-0.7292931079864502,0.47655752301216125,74,0.36821597814559937,0.17250625789165497,0.20534668862819672,0.2523040771484375
rosenbrock,1.0,2,cholesky,5,ode_transport,8192,0.02,1000,5,rosenbrock,821,0.3508942127227783,-0.7263059020042419,0.460446834564209,74,0.32599326968193054,0.2153504341840744,0.1615782380104065,0.18381592631340027
rosenbrock,1.0,2,cholesky,5,ode_transport,8192,0.02,1000,5,rosenbrock,822,0.332477331161499,-0.7302218079566956,0.572448194026947,74,0.22264382243156433,0.023462332785129547,0.11142408847808838,0.1913229078054428
rosenbrock,1.0,2,cholesky,5,ode_transport,8192,0.02,1000,5,rosenbrock,823,0.33801817893981934,-0.7156370878219604,0.4637749493122101,80,0.2373867779970169,0.04586957022547722,0.10173839330673218,0.2095179557800293
rosenbrock,1.0,2,cholesky,5,ode_transport,8192,0.02,1000,5,rosenbrock,824,0.33264899253845215,-0.7236566543579102,0.6254235506057739,80,0.26131168007850647,0.14336073398590088,0.10015104711055756,0.19416815042495728
rosenbrock,1.0,2,cholesky,5,ode_transport,8192,0.02,1000,5,rosenbrock,825,0.33323001861572266,-0.7192452549934387,0.4381706118583679,80,0.23461100459098816,0.03875952586531639,0.11191171407699585,0.20252354443073273
rosenbrock,1.0,2,cholesky,5,ode_transport,8192,0.02,1000,5,rosenbrock,826,0.3537919521331787,-0.7344236373901367,0.5566352605819702,80,0.29543763399124146,0.06357157975435257,0.1091935783624649,0.26705583930015564
rosenbrock,1.0,2,cholesky,5,ode_transport,8192,0.02,1000,5,rosenbrock,827,0.3142280578613281,-0.7256397604942322,0.46723446249961853,74,0.2620507776737213,0.03587447106838226,0.15618182718753815,0.20734235644340515
rosenbrock,1.0,2,cholesky,5,ode_transport,8192,0.02,1000,5,rosenbrock,828,0.3608059883117676,-0.7297295331954956,0.7651526927947998,80,0.2376289814710617,0.10663363337516785,0.13422617316246033,0.1645604372024536
rosenbrock,1.0,2,cholesky,5,ode_transport,8192,0.02,1000,5,rosenbrock,829,0.39635610580444336,-0.7191168665885925,0.49338456988334656,92,0.22114744782447815,0.06381461024284363,0.10502862930297852,0.1838555932044983
rosenbrock,1.0,2,cholesky,5,ode_transport,8192,0.02,1000,5,rosenbrock,830,0.3298821449279785,-0.7291568517684937,0.5326387882232666,80,0.26165303587913513,0.030757473781704903,0.1273728758096695,0.22647835314273834
rosenbrock,1.0,2,cholesky,5,ode_transport,8192,0.02,1000,5,rosenbrock,831,0.31429076194763184,-0.7182351350784302,0.4378679096698761,80,0.22095854580402374,0.0416804663836956,0.11109825223684311,0.1863936483860016
rosenbrock,1.0,2,cholesky,5,ode_transport,8192,0.02,1000,5,rosenbrock,832,0.3051588535308838,-0.7263447046279907,0.6405834555625916,74,0.24049507081508636,0.15124328434467316,0.11564851552248001,0.14693117141723633
rosenbrock,1.0,2,cholesky,5,ode_transport,8192,0.02,1000,5,rosenbrock,833,0.3726840019226074,-0.711234986782074,0.4488784372806549,92,0.2017834484577179,0.06608282029628754,0.08928946405649185,0.16845476627349854
rosenbrock,1.0,2,cholesky,5,ode_transport,8192,0.02,1000,5,rosenbrock,834,0.3269650936126709,-0.7329927682876587,0.508730411529541,80,0.2167952060699463,0.06767397373914719,0.12359316647052765,0.16475775837898254
rosenbrock,1.0,2,cholesky,5,ode_transport,8192,0.02,1000,5,rosenbrock,835,0.3277010917663574,-0.7307143211364746,0.4817313849925995,80,0.2645564377307892,0.11487104743719101,0.1355108618736267,0.19603969156742096
rosenbrock,1.0,2,cholesky,5,ode_transport,8192,0.02,1000,5,rosenbrock,836,0.31588292121887207,-0.7261697053909302,0.4231215715408325,74,0.388009250164032,0.31257912516593933,0.17783041298389435,0.14567705988883972
rosenbrock,1.0,2,cholesky,5,ode_transport,8192,0.02,1000,5,rosenbrock,837,0.3639390468597412,-0.7279585003852844,0.4643082320690155,92,0.2459610104560852,0.03060096502304077,0.10918526351451874,0.21826355159282684
rosenbrock,1.0,2,cholesky,5,ode_transport,8192,0.02,1000,5,rosenbrock,838,0.3057589530944824,-0.730333685874939,0.4265388548374176,74,0.6024099588394165,0.3973104655742645,0.2272954285144806,0.39163634181022644
rosenbrock,1.0,2,cholesky,5,ode_transport,8192,0.02,1000,5,rosenbrock,839,0.3330972194671631,-0.7249423861503601,0.43687570095062256,80,0.21480205655097961,0.07527859508991241,0.1034933403134346,0.17251719534397125
rosenbrock,1.0,2,cholesky,5,ode_transport,8192,0.02,1000,5,rosenbrock,840,0.3273928165435791,-0.7238443493843079,0.47197985649108887,74,0.31418704986572266,0.11026982963085175,0.15822681784629822,0.24802888929843903
rosenbrock,1.0,2,cholesky,5,ode_transport,8192,0.02,1000,5,rosenbrock,841,0.31912970542907715,-0.7206189632415771,0.4170176088809967,80,0.18397831916809082,0.04366927593946457,0.08005392551422119,0.15978854894638062
rosenbrock,1.0,2,cholesky,5,ode_transport,8192,0.02,1000,5,rosenbrock,842,0.46096110343933105,-0.7213174700737,0.4576873779296875,92,0.4600556492805481,0.3981698155403137,0.17817085981369019,0.14617492258548737
rosenbrock,1.0,2,cholesky,5,ode_transport,8192,0.02,1000,5,rosenbrock,843,0.37722301483154297,-0.7228312492370605,0.4075864553451538,80,0.18619005382061005,0.03635019436478615,0.08984198421239853,0.15897740423679352
rosenbrock,1.0,2,cholesky,5,ode_transport,8192,0.02,1000,5,rosenbrock,844,0.36684608459472656,-0.7194738388061523,0.4458045959472656,74,0.22529853880405426,0.08677417039871216,0.15100400149822235,0.1429246962070465
rosenbrock,1.0,2,cholesky,5,ode_transport,8192,0.02,1000,5,rosenbrock,845,0.37737393379211426,-0.7262612581253052,0.4913013279438019,74,0.7193247079849243,0.5224925875663757,0.261465847492218,0.4196012020111084
rosenbrock,1.0,2,cholesky,5,ode_transport,8192,0.02,1000,5,rosenbrock,846,0.35250401496887207,-0.7247602939605713,0.48885905742645264,74,0.24782824516296387,0.009158517234027386,0.13468614220619202,0.20783312618732452
rosenbrock,1.0,2,cholesky,5,ode_transport,8192,0.02,1000,5,rosenbrock,847,0.33213210105895996,-0.7187603116035461,0.4458133280277252,80,0.17899636924266815,0.046888258308172226,0.12845759093761444,0.11549819260835648
rosenbrock,1.0,2,cholesky,5,ode_transport,8192,0.02,1000,5,rosenbrock,848,0.30104899406433105,-0.7276103496551514,0.48463794589042664,74,0.3077123761177063,0.13696569204330444,0.17755095660686493,0.21072012186050415
rosenbrock,1.0,2,cholesky,5,ode_transport,8192,0.02,1000,5,rosenbrock,849,0.31313300132751465,-0.7211690545082092,0.5124291181564331,80,0.4072001874446869,0.22534285485744476,0.1445547342300415,0.3068167567253113
rosenbrock,1.0,2,cholesky,5,ode_transport,8192,0.02,1000,5,rosenbrock,850,0.3101379871368408,-0.7262867093086243,0.5474132299423218,74,0.20272214710712433,0.10204929113388062,0.11045446246862411,0.13594859838485718
rosenbrock,1.0,2,cholesky,5,ode_transport,8192,0.02,1000,5,rosenbrock,851,0.31092214584350586,-0.7232370972633362,0.511066198348999,74,0.3198279142379761,0.043584443628787994,0.22599221765995026,0.22207613289356232
rosenbrock,1.0,2,cholesky,5,ode_transport,8192,0.02,1000,5,rosenbrock,852,0.383342981338501,-0.721595048904419,0.41751378774642944,80,0.27987992763519287,0.09042822569608688,0.15270259976387024,0.21641956269741058
rosenbrock,1.0,2,cholesky,5,ode_transport,8192,0.02,1000,5,rosenbrock,853,0.4102199077606201,-0.717522144317627,0.44073837995529175,92,0.15199348330497742,0.021165136247873306,0.07929245382547379,0.12793265283107758
rosenbrock,1.0,2,cholesky,5,ode_transport,8192,0.02,1000,5,rosenbrock,854,0.32575201988220215,-0.7258890867233276,0.41844606399536133,74,0.3258022665977478,0.12001000344753265,0.14635765552520752,0.26518702507019043
rosenbrock,1.0,2,cholesky,5,ode_transport,8192,0.02,1000,5,rosenbrock,855,0.3624289035797119,-0.7210030555725098,0.4409322440624237,80,0.2671993374824524,0.11249572783708572,0.07441224157810211,0.23065778613090515
rosenbrock,1.0,2,cholesky,5,ode_transport,8192,0.02,1000,5,rosenbrock,856,0.4164998531341553,-0.7172122597694397,0.4813452363014221,92,0.2935899496078491,0.1403266340494156,0.17377501726150513,0.1905406415462494
rosenbrock,1.0,2,cholesky,5,ode_transport,8192,0.02,1000,5,rosenbrock,857,0.4229271411895752,-0.7219529151916504,0.4535156190395355,92,0.2827531397342682,0.035788726061582565,0.22026589512825012,0.17364171147346497
rosenbrock,1.0,2,cholesky,5,ode_transport,8192,0.02,1000,5,rosenbrock,858,0.41307592391967773,-0.7232884168624878,0.4844529330730438,86,0.23921148478984833,0.05781658738851547,0.09091059863567352,0.21357585489749908
rosenbrock,1.0,2,cholesky,5,ode_transport,8192,0.02,1000,5,rosenbrock,859,0.3997039794921875,-0.7229102253913879,0.494930624961853,86,0.15530529618263245,0.058715783059597015,0.11040012538433075,0.09210862219333649
rosenbrock,1.0,2,cholesky,5,ode_transport,8192,0.02,1000,5,rosenbrock,860,0.4157698154449463,-0.7299422025680542,0.5234327912330627,92,0.4391017556190491,0.07988189905881882,0.157613143324852,0.4019792675971985
rosenbrock,1.0,2,cholesky,5,ode_transport,8192,0.02,1000,5,rosenbrock,861,0.4643409252166748,-0.719080924987793,0.41995394229888916,92,0.29269465804100037,0.1916615515947342,0.17465971410274506,0.13575711846351624
rosenbrock,1.0,2,cholesky,5,ode_transport,8192,0.02,1000,5,rosenbrock,862,0.4183039665222168,-0.7216271162033081,0.4459681212902069,86,0.2207859605550766,0.11674680560827255,0.13019387423992157,0.13478201627731323
rosenbrock,1.0,2,cholesky,5,ode_transport,8192,0.02,1000,5,rosenbrock,863,0.40623998641967773,-0.7241262197494507,0.46970292925834656,86,0.17968936264514923,0.046469151973724365,0.0768003761768341,0.15566177666187286
rosenbrock,1.0,2,cholesky,5,ode_transport,8192,0.02,1000,5,rosenbrock,864,0.3252828121185303,-0.7267270088195801,0.45670822262763977,80,0.2616836130619049,0.1114594116806984,0.11581943929195404,0.20649689435958862
rosenbrock,1.0,2,cholesky,5,ode_transport,8192,0.02,1000,5,rosenbrock,865,0.2986931800842285,-0.7175901532173157,0.46926069259643555,68,0.34709087014198303,0.2881237268447876,0.1523188054561615,0.1193976104259491
rosenbrock,1.0,2,cholesky,5,ode_transport,8192,0.02,1000,5,rosenbrock,866,0.3628511428833008,-0.725795328617096,0.5324919819831848,92,0.3587360978126526,0.2225029021501541,0.1317780613899231,0.24863342940807343
rosenbrock,1.0,2,cholesky,5,ode_transport,8192,0.02,1000,5,rosenbrock,867,0.3087921142578125,-0.7217053771018982,0.4212269186973572,74,0.17524828016757965,0.05994240567088127,0.09371859580278397,0.13540934026241302
rosenbrock,1.0,2,cholesky,5,ode_transport,8192,0.02,1000,5,rosenbrock,868,0.3510000705718994,-0.7170588374137878,0.4339400827884674,86,0.31640082597732544,0.09403246641159058,0.1426507979631424,0.266304612159729
rosenbrock,1.0,2,cholesky,5,ode_transport,8192,0.02,1000,5,rosenbrock,869,0.3213682174682617,-0.7245987057685852,0.5747125744819641,80,0.22295670211315155,0.10995633155107498,0.12546898424625397,0.14790819585323334
rosenbrock,1.0,2,cholesky,5,ode_transport,8192,0.02,1000,5,rosenbrock,870,0.31052398681640625,-0.7158233523368835,0.4164499044418335,80,0.48503750562667847,0.33285295963287354,0.2063484638929367,0.28616538643836975
rosenbrock,1.0,2,cholesky,5,ode_transport,8192,0.02,1000,5,rosenbrock,871,0.36897873878479004,-0.7213284969329834,0.5594070553779602,92,0.3231227993965149,0.1228424459695816,0.13955043256282806,0.26427966356277466
rosenbrock,1.0,2,cholesky,5,ode_transport,8192,0.02,1000,5,rosenbrock,872,0.3173811435699463,-0.7199565172195435,0.4485744833946228,74,0.3645629286766052,0.20880065858364105,0.13949361443519592,0.26429131627082825
rosenbrock,1.0,2,cholesky,5,ode_transport,8192,0.02,1000,5,rosenbrock,873,0.3196251392364502,-0.7192935943603516,0.42769426107406616,80,0.2984234690666199,0.13150621950626373,0.12591350078582764,0.236449733376503
rosenbrock,1.0,2,cholesky,5,ode_transport,8192,0.02,1000,5,rosenbrock,874,0.3208582401275635,-0.717650294303894,0.40793272852897644,74,1.4364209175109863,1.1986836194992065,0.5374947786331177,0.5810009241104126
rosenbrock,1.0,2,cholesky,5,ode_transport,8192,0.02,1000,5,rosenbrock,875,0.33365797996520996,-0.7123536467552185,0.4303630292415619,80,0.2788875699043274,0.09280911087989807,0.16276201605796814,0.20657509565353394
rosenbrock,1.0,2,cholesky,5,ode_transport,8192,0.02,1000,5,rosenbrock,876,0.30025696754455566,-0.718870222568512,0.5270683169364929,74,0.23568719625473022,0.03534046933054924,0.16324275732040405,0.16628679633140564
rosenbrock,1.0,2,cholesky,5,ode_transport,8192,0.02,1000,5,rosenbrock,877,0.29592013359069824,-0.722779393196106,0.44061926007270813,74,0.27038705348968506,0.04346093907952309,0.1821567863225937,0.19503647089004517
rosenbrock,1.0,2,cholesky,5,ode_transport,8192,0.02,1000,5,rosenbrock,878,0.33052802085876465,-0.7146640419960022,0.42969462275505066,80,0.3600361943244934,0.16708151996135712,0.12816275656223297,0.29203447699546814
rosenbrock,1.0,2,cholesky,5,ode_transport,8192,0.02,1000,5,rosenbrock,879,0.30561304092407227,-0.7191413044929504,0.5240027904510498,74,0.34767773747444153,0.14899548888206482,0.22158995270729065,0.2226613312959671
rosenbrock,1.0,2,cholesky,5,ode_transport,8192,0.02,1000,5,rosenbrock,880,0.3355100154876709,-0.7164969444274902,0.44722986221313477,86,0.19514024257659912,0.027359487488865852,0.11690641194581985,0.15383128821849823
rosenbrock,1.0,2,cholesky,5,ode_transport,8192,0.02,1000,5,rosenbrock,881,0.31004810333251953,-0.7140343189239502,0.425931453704834,74,0.24491490423679352,0.04025464504957199,0.1305927187204361,0.20324473083019257
rosenbrock,1.0,2,cholesky,5,ode_transport,8192,0.02,1000,5,rosenbrock,882,0.37493276596069336,-0.7168009877204895,0.4837671220302582,86,1.8159335851669312,1.589171051979065,0.6896798014640808,0.5445108413696289
rosenbrock,1.0,2,cholesky,5,ode_transport,8192,0.02,1000,5,rosenbrock,883,0.3112368583679199,-0.7199157476425171,0.5131890773773193,74,0.2633815407752991,0.05071171373128891,0.11488492041826248,0.23151586949825287
rosenbrock,1.0,2,cholesky,5,ode_transport,8192,0.02,1000,5,rosenbrock,884,0.3621029853820801,-0.7177844643592834,0.41194087266921997,80,0.39926785230636597,0.28440263867378235,0.1451612412929535,0.23970429599285126
rosenbrock,1.0,2,cholesky,5,ode_transport,8192,0.02,1000,5,rosenbrock,885,0.34001994132995605,-0.7067855000495911,0.4280760586261749,74,0.8062313199043274,0.6580480933189392,0.3455412983894348,0.31238245964050293
rosenbrock,1.0,2,cholesky,5,ode_transport,8192,0.02,1000,5,rosenbrock,886,0.40707921981811523,-0.7163754105567932,0.44119390845298767,80,0.46247076988220215,0.3530314564704895,0.156386598944664,0.2545412480831146
rosenbrock,1.0,2,cholesky,5,ode_transport,8192,0.02,1000,5,rosenbrock,887,0.3520321846008301,-0.7250227928161621,0.46778783202171326,74,0.22841106355190277,0.06876873970031738,0.1925891786813736,0.10174418985843658
rosenbrock,1.0,2,cholesky,5,ode_transport,8192,0.02,1000,5,rosenbrock,888,0.34082984924316406,-0.7192449569702148,0.4225552976131439,74,0.19845232367515564,0.04706057906150818,0.10734517127275467,0.16014254093170166
rosenbrock,1.0,2,cholesky,5,ode_transport,8192,0.02,1000,5,rosenbrock,889,0.3469541072845459,-0.7231314182281494,0.4325813353061676,80,0.6071995496749878,0.4721700847148895,0.3153535723686218,0.21517175436019897
rosenbrock,1.0,2,cholesky,5,ode_transport,8192,0.02,1000,5,rosenbrock,890,0.3486747741699219,-0.7229993939399719,0.4392184913158417,86,0.23843955993652344,0.04568680748343468,0.12423190474510193,0.19832442700862885
rosenbrock,1.0,2,cholesky,5,ode_transport,8192,0.02,1000,5,rosenbrock,891,0.32645297050476074,-0.7198129892349243,0.40064725279808044,74,0.3492961525917053,0.26594078540802,0.17490871250629425,0.143840953707695
rosenbrock,1.0,2,cholesky,5,ode_transport,8192,0.02,1000,5,rosenbrock,892,0.331650972366333,-0.714775562286377,0.4318598508834839,80,0.58603435754776,0.45532047748565674,0.2109699696302414,0.3026735782623291
rosenbrock,1.0,2,cholesky,5,ode_transport,8192,0.02,1000,5,rosenbrock,893,0.31098103523254395,-0.716995358467102,0.400459885597229,74,0.21776172518730164,0.04779161512851715,0.10135654360055923,0.18671630322933197
rosenbrock,1.0,2,cholesky,5,ode_transport,8192,0.02,1000,5,rosenbrock,894,0.3878612518310547,-0.7091584801673889,0.3820004463195801,98,42.629859924316406,37.702430725097656,15.512260437011719,12.457992553710938
rosenbrock,1.0,2,cholesky,5,ode_transport,8192,0.02,1000,5,rosenbrock,895,0.326185941696167,-0.7214624285697937,0.44935014843940735,74,0.37673234939575195,0.061877619475126266,0.33283987641334534,0.1652756780385971
rosenbrock,1.0,2,cholesky,5,ode_transport,8192,0.02,1000,5,rosenbrock,896,0.34255003929138184,-0.7270503044128418,0.3954368531703949,74,0.4833854138851166,0.029703738167881966,0.41085880994796753,0.2529311180114746
rosenbrock,1.0,2,cholesky,5,ode_transport,8192,0.02,1000,5,rosenbrock,897,0.3095088005065918,-0.7238612771034241,0.46823611855506897,74,0.8522069454193115,0.4786450266838074,0.628888726234436,0.31883326172828674
rosenbrock,1.0,2,cholesky,5,ode_transport,8192,0.02,1000,5,rosenbrock,898,0.29215478897094727,-0.7321659922599792,0.47286924719810486,74,0.917081356048584,0.5021976232528687,0.7201164960861206,0.2650810182094574
rosenbrock,1.0,2,cholesky,5,ode_transport,8192,0.02,1000,5,rosenbrock,899,0.29390907287597656,-0.7369534373283386,0.4382023811340332,74,0.7304869890213013,0.0922321155667305,0.654681921005249,0.31063827872276306
rosenbrock,1.0,2,cholesky,5,ode_transport,8192,0.02,1000,5,rosenbrock,900,0.3681609630584717,-0.7336976528167725,0.510278046131134,92,2.096950054168701,0.7382552027702332,1.1531206369400024,1.5882354974746704
rosenbrock,1.0,2,cholesky,5,ode_transport,8192,0.02,1000,5,rosenbrock,901,0.311431884765625,-0.7318903207778931,0.4682670831680298,74,0.922112762928009,0.10307668894529343,0.8838084936141968,0.2419702410697937
rosenbrock,1.0,2,cholesky,5,ode_transport,8192,0.02,1000,5,rosenbrock,902,0.3256256580352783,-0.7352855801582336,0.43446657061576843,80,0.9306585192680359,0.132684588432312,0.8806686997413635,0.27007919549942017
rosenbrock,1.0,2,cholesky,5,ode_transport,8192,0.02,1000,5,rosenbrock,903,0.2866780757904053,-0.7262080311775208,0.4269126355648041,68,0.7285352945327759,0.05653878301382065,0.7022472023963928,0.1855153888463974
rosenbrock,1.0,2,cholesky,5,ode_transport,8192,0.02,1000,5,rosenbrock,904,0.31441497802734375,-0.7342080473899841,0.4645128548145294,74,0.9782959222793579,0.05504225194454193,0.933854877948761,0.28626617789268494
rosenbrock,1.0,2,cholesky,5,ode_transport,8192,0.02,1000,5,rosenbrock,905,0.39081716537475586,-0.7309272289276123,0.5288344621658325,92,0.7560513019561768,0.1821000874042511,0.7040137052536011,0.20692448318004608
rosenbrock,1.0,2,cholesky,5,ode_transport,8192,0.02,1000,5,rosenbrock,906,0.3309028148651123,-0.7296479344367981,0.4434707760810852,80,0.856830894947052,0.08181791007518768,0.8364733457565308,0.1666654795408249
rosenbrock,1.0,2,cholesky,5,ode_transport,8192,0.02,1000,5,rosenbrock,907,0.38693976402282715,-0.7247857451438904,0.46009767055511475,80,0.7458011507987976,0.25536713004112244,0.632970929145813,0.30059078335762024
rosenbrock,1.0,2,cholesky,5,ode_transport,8192,0.02,1000,5,rosenbrock,908,0.36771297454833984,-0.7313345074653625,0.47069188952445984,86,1.3879443407058716,0.9236304759979248,0.9595993757247925,0.3904677927494049
rosenbrock,1.0,2,cholesky,5,ode_transport,8192,0.02,1000,5,rosenbrock,909,0.37281203269958496,-0.7236480116844177,0.5463966131210327,92,0.5749827027320862,0.09509122371673584,0.537186324596405,0.1816413849592209
rosenbrock,1.0,2,cholesky,5,ode_transport,8192,0.02,1000,5,rosenbrock,910,0.3632650375366211,-0.723883330821991,0.4771880805492401,80,0.5594942569732666,0.02387246862053871,0.5303083658218384,0.17673973739147186
rosenbrock,1.0,2,cholesky,5,ode_transport,8192,0.02,1000,5,rosenbrock,911,0.37932610511779785,-0.7136955261230469,0.4664049744606018,98,0.4602451026439667,0.09824205935001373,0.38739514350891113,0.22825218737125397
rosenbrock,1.0,2,cholesky,5,ode_transport,8192,0.02,1000,5,rosenbrock,912,0.34476494789123535,-0.7228017449378967,0.4837270677089691,74,0.4132099449634552,0.06890387088060379,0.3630680441856384,0.18486835062503815
rosenbrock,1.0,2,cholesky,5,ode_transport,8192,0.02,1000,5,rosenbrock,913,0.36239123344421387,-0.726609468460083,0.5018436908721924,74,0.32714149355888367,0.12082698941230774,0.2583135664463043,0.16030125319957733
rosenbrock,1.0,2,cholesky,5,ode_transport,8192,0.02,1000,5,rosenbrock,914,0.37377429008483887,-0.7199559211730957,0.48655447363853455,80,0.2935442328453064,0.13282619416713715,0.22171366214752197,0.13917066156864166
rosenbrock,1.0,2,cholesky,5,ode_transport,8192,0.02,1000,5,rosenbrock,915,0.39182162284851074,-0.7206545472145081,0.48387038707733154,86,0.6476078033447266,0.5677498579025269,0.2465655505657196,0.19042426347732544
rosenbrock,1.0,2,cholesky,5,ode_transport,8192,0.02,1000,5,rosenbrock,916,0.3302621841430664,-0.7184067964553833,0.5104154944419861,80,0.21507950127124786,0.06397232413291931,0.13835281133651733,0.1517406851053238
rosenbrock,1.0,2,cholesky,5,ode_transport,8192,0.02,1000,5,rosenbrock,917,0.3386118412017822,-0.7085074782371521,0.38879913091659546,80,0.2461971789598465,0.01859106495976448,0.20448605716228485,0.13584133982658386
rosenbrock,1.0,2,cholesky,5,ode_transport,8192,0.02,1000,5,rosenbrock,918,0.32521510124206543,-0.7228344082832336,0.4882862865924835,80,0.24732714891433716,0.08334054797887802,0.18108858168125153,0.1463967263698578
rosenbrock,1.0,2,cholesky,5,ode_transport,8192,0.02,1000,5,rosenbrock,919,0.33017396926879883,-0.7134544253349304,0.4208656847476959,74,0.3065599203109741,0.025536922737956047,0.22019045054912567,0.2117617130279541
rosenbrock,1.0,2,cholesky,5,ode_transport,8192,0.02,1000,5,rosenbrock,920,0.3418848514556885,-0.7097206115722656,0.4229311943054199,80,0.32730832695961,0.06276930123567581,0.17616109549999237,0.26862242817878723
rosenbrock,1.0,2,cholesky,5,ode_transport,8192,0.02,1000,5,rosenbrock,921,0.31772804260253906,-0.720445990562439,0.4718575179576874,74,0.4263887405395508,0.22786104679107666,0.28311994671821594,0.22300183773040771
rosenbrock,1.0,2,cholesky,5,ode_transport,8192,0.02,1000,5,rosenbrock,922,0.31229615211486816,-0.7204096913337708,0.47824952006340027,74,0.3423602879047394,0.04180325195193291,0.28415217995643616,0.18633465468883514
rosenbrock,1.0,2,cholesky,5,ode_transport,8192,0.02,1000,5,rosenbrock,923,0.32558107376098633,-0.7214290499687195,0.4748504161834717,80,0.5719611048698425,0.42035946249961853,0.2946365475654602,0.2522434592247009
rosenbrock,1.0,2,cholesky,5,ode_transport,8192,0.02,1000,5,rosenbrock,924,0.3417210578918457,-0.711726188659668,0.5087719559669495,86,0.42694520950317383,0.1781044602394104,0.32790666818618774,0.2074565589427948
rosenbrock,1.0,2,cholesky,5,ode_transport,8192,0.02,1000,5,rosenbrock,925,0.36855602264404297,-0.7122819423675537,0.47310444712638855,92,0.5147566795349121,0.2564357817173004,0.26358944177627563,0.36018842458724976
rosenbrock,1.0,2,cholesky,5,ode_transport,8192,0.02,1000,5,rosenbrock,926,0.3235478401184082,-0.7125181555747986,0.40724778175354004,80,0.3084794282913208,0.06010108441114426,0.2679259181022644,0.14058132469654083
rosenbrock,1.0,2,cholesky,5,ode_transport,8192,0.02,1000,5,rosenbrock,927,0.31902194023132324,-0.7154088020324707,0.4021857678890228,74,0.25237369537353516,0.030186442658305168,0.20839321613311768,0.13911694288253784
rosenbrock,1.0,2,cholesky,5,ode_transport,8192,0.02,1000,5,rosenbrock,928,0.3932919502258301,-0.7158890962600708,0.4299046993255615,86,0.22036337852478027,0.10814157873392105,0.1415448784828186,0.12973228096961975
rosenbrock,1.0,2,cholesky,5,ode_transport,8192,0.02,1000,5,rosenbrock,929,0.36328697204589844,-0.7151715159416199,0.5018525123596191,80,0.23734217882156372,0.15066006779670715,0.13750453293323517,0.12134808301925659
rosenbrock,1.0,2,cholesky,5,ode_transport,8192,0.02,1000,5,rosenbrock,930,0.34720706939697266,-0.7172309160232544,0.4394702613353729,80,1.6022942066192627,1.4255200624465942,0.5021596550941467,0.5320479869842529
rosenbrock,1.0,2,cholesky,5,ode_transport,8192,0.02,1000,5,rosenbrock,931,0.3235139846801758,-0.7129523754119873,0.4632899761199951,80,0.5685576796531677,0.39277011156082153,0.2928839921951294,0.28845858573913574
rosenbrock,1.0,2,cholesky,5,ode_transport,8192,0.02,1000,5,rosenbrock,932,0.337360143661499,-0.7089064121246338,0.40211060643196106,86,0.71746826171875,0.534821093082428,0.3354802131652832,0.34085214138031006
rosenbrock,1.0,2,cholesky,5,ode_transport,8192,0.02,1000,5,rosenbrock,933,0.3274409770965576,-0.7128881812095642,0.3979538381099701,80,0.26820194721221924,0.07477260380983353,0.1895650029182434,0.17437444627285004
rosenbrock,1.0,2,cholesky,5,ode_transport,8192,0.02,1000,5,rosenbrock,934,0.3836791515350342,-0.7180882096290588,0.4657457768917084,98,0.3841443657875061,0.16291147470474243,0.19558550417423248,0.2877030670642853
rosenbrock,1.0,2,cholesky,5,ode_transport,8192,0.02,1000,5,rosenbrock,935,0.29889726638793945,-0.7194303274154663,0.44679003953933716,74,0.24157625436782837,0.02649531327188015,0.17763741314411163,0.1615612506866455
rosenbrock,1.0,2,cholesky,5,ode_transport,8192,0.02,1000,5,rosenbrock,936,0.3365802764892578,-0.7118602991104126,0.4294687509536743,80,0.24187114834785461,0.15470372140407562,0.12491254508495331,0.1377144455909729
rosenbrock,1.0,2,cholesky,5,ode_transport,8192,0.02,1000,5,rosenbrock,937,0.31674909591674805,-0.7077221274375916,0.484403133392334,80,1.3499683141708374,1.1402310132980347,0.4704713821411133,0.5485838055610657
rosenbrock,1.0,2,cholesky,5,ode_transport,8192,0.02,1000,5,rosenbrock,938,0.3008389472961426,-0.7209493517875671,0.442075252532959,74,0.19071970880031586,0.050817303359508514,0.1252179592847824,0.134581059217453
rosenbrock,1.0,2,cholesky,5,ode_transport,8192,0.02,1000,5,rosenbrock,939,0.32062602043151855,-0.7149974703788757,0.46500760316848755,74,0.32924169301986694,0.26667702198028564,0.1282878965139389,0.14431102573871613
rosenbrock,1.0,2,cholesky,5,ode_transport,8192,0.02,1000,5,rosenbrock,940,0.3459761142730713,-0.7168107032775879,0.4061138927936554,80,0.41196003556251526,0.3124659061431885,0.14956988394260406,0.22294612228870392
rosenbrock,1.0,2,cholesky,5,ode_transport,8192,0.02,1000,5,rosenbrock,941,0.33551597595214844,-0.7137569785118103,0.4605366289615631,80,0.5370351076126099,0.3736444413661957,0.1989392340183258,0.33048415184020996
rosenbrock,1.0,2,cholesky,5,ode_transport,8192,0.02,1000,5,rosenbrock,942,0.34820985794067383,-0.7253559231758118,0.4952767491340637,86,0.463206946849823,0.3275386393070221,0.21662482619285583,0.2456681728363037
rosenbrock,1.0,2,cholesky,5,ode_transport,8192,0.02,1000,5,rosenbrock,943,0.3235819339752197,-0.7174569964408875,0.4696671664714813,74,0.3737296462059021,0.30230340361595154,0.15928256511688232,0.1513788253068924
rosenbrock,1.0,2,cholesky,5,ode_transport,8192,0.02,1000,5,rosenbrock,944,2.238210916519165,-0.7136431932449341,0.45124319195747375,92,0.24032025039196014,0.08012989163398743,0.11631321907043457,0.19443318247795105
rosenbrock,1.0,2,cholesky,5,ode_transport,8192,0.02,1000,5,rosenbrock,945,0.3872079849243164,-0.7166473865509033,0.47867855429649353,74,0.218064546585083,0.07658509165048599,0.12782900035381317,0.15920622646808624
rosenbrock,1.0,2,cholesky,5,ode_transport,8192,0.02,1000,5,rosenbrock,946,0.4469921588897705,-0.7172363996505737,0.4778851568698883,80,0.35803547501564026,0.2609559893608093,0.21231478452682495,0.12253079563379288
rosenbrock,1.0,2,cholesky,5,ode_transport,8192,0.02,1000,5,rosenbrock,947,0.4620699882507324,-0.7122484445571899,0.4465898275375366,80,0.19158342480659485,0.047531966120004654,0.1329251378774643,0.12952153384685516
rosenbrock,1.0,2,cholesky,5,ode_transport,8192,0.02,1000,5,rosenbrock,948,0.36301326751708984,-0.718392014503479,0.4042138159275055,80,0.17604023218154907,0.06928569823503494,0.08602737635374069,0.13707278668880463
rosenbrock,1.0,2,cholesky,5,ode_transport,8192,0.02,1000,5,rosenbrock,949,0.3627948760986328,-0.7119067311286926,0.38933277130126953,86,0.17336592078208923,0.07489066570997238,0.06945168972015381,0.14008423686027527
rosenbrock,1.0,2,cholesky,5,ode_transport,8192,0.02,1000,5,rosenbrock,950,0.32211804389953613,-0.7139694690704346,0.46222275495529175,74,0.36441656947135925,0.22686374187469482,0.14609073102474213,0.24492815136909485
rosenbrock,1.0,2,cholesky,5,ode_transport,8192,0.02,1000,5,rosenbrock,951,0.3607668876647949,-0.7059627175331116,0.4066844582557678,80,0.9197974801063538,0.7963700890541077,0.29335713386535645,0.35463187098503113
rosenbrock,1.0,2,cholesky,5,ode_transport,8192,0.02,1000,5,rosenbrock,952,0.3473498821258545,-0.7210633754730225,0.39810609817504883,74,0.3973228633403778,0.09916625171899796,0.13776789605617523,0.359237402677536
rosenbrock,1.0,2,cholesky,5,ode_transport,8192,0.02,1000,5,rosenbrock,953,0.42824220657348633,-0.7101279497146606,0.42674168944358826,74,0.1561039835214615,0.04715561494231224,0.07072850316762924,0.13092853128910065
rosenbrock,1.0,2,cholesky,5,ode_transport,8192,0.02,1000,5,rosenbrock,954,0.40973496437072754,-0.7141122221946716,0.43055260181427,80,3.6546826362609863,3.1989831924438477,1.2968013286590576,1.2006330490112305
rosenbrock,1.0,2,cholesky,5,ode_transport,8192,0.02,1000,5,rosenbrock,955,0.33299899101257324,-0.7142318487167358,0.4306949973106384,74,0.1782381385564804,0.029952378943562508,0.10682005435228348,0.13950328528881073
rosenbrock,1.0,2,cholesky,5,ode_transport,8192,0.02,1000,5,rosenbrock,956,0.3957200050354004,-0.7063374519348145,0.4378356635570526,92,0.21122519671916962,0.04092983901500702,0.11734077334403992,0.17079804837703705
rosenbrock,1.0,2,cholesky,5,ode_transport,8192,0.02,1000,5,rosenbrock,957,0.36183881759643555,-0.7339147329330444,0.45046570897102356,86,1.530561089515686,1.3218499422073364,0.5440405011177063,0.5471287965774536
rosenbrock,1.0,2,cholesky,5,ode_transport,8192,0.02,1000,5,rosenbrock,958,0.3916490077972412,-0.7185447216033936,0.493095725774765,86,0.6774897575378418,0.5420499444007874,0.3250519335269928,0.2439580112695694
rosenbrock,1.0,2,cholesky,5,ode_transport,8192,0.02,1000,5,rosenbrock,959,0.3148379325866699,-0.713102400302887,0.4194190204143524,74,0.17135322093963623,0.036385051906108856,0.07990442216396332,0.14715071022510529
rosenbrock,1.0,2,cholesky,5,ode_transport,8192,0.02,1000,5,rosenbrock,960,0.3322901725769043,-0.7103166580200195,0.41490891575813293,80,0.2599721848964691,0.10077346861362457,0.17766065895557404,0.160832017660141
rosenbrock,1.0,2,cholesky,5,ode_transport,8192,0.02,1000,5,rosenbrock,961,0.3178238868713379,-0.7130035758018494,0.4124525189399719,80,0.2651558816432953,0.10704372823238373,0.13088111579418182,0.20425327122211456
rosenbrock,1.0,2,cholesky,5,ode_transport,8192,0.02,1000,5,rosenbrock,962,0.3247721195220947,-0.705497145652771,0.4191077649593353,80,0.2669861316680908,0.01613222435116768,0.22466495633125305,0.1433422565460205
rosenbrock,1.0,2,cholesky,5,ode_transport,8192,0.02,1000,5,rosenbrock,963,0.30536413192749023,-0.7086399793624878,0.4986991882324219,74,0.25895726680755615,0.08943310379981995,0.15613104403018951,0.18623556196689606
rosenbrock,1.0,2,cholesky,5,ode_transport,8192,0.02,1000,5,rosenbrock,964,0.32648396492004395,-0.7120806574821472,0.39500370621681213,80,0.2701323628425598,0.1326659768819809,0.096638023853302,0.21455147862434387
rosenbrock,1.0,2,cholesky,5,ode_transport,8192,0.02,1000,5,rosenbrock,965,0.34133100509643555,-0.7098224759101868,0.4779333770275116,74,1.0458952188491821,0.8576859831809998,0.3187703788280487,0.5066133141517639
rosenbrock,1.0,2,cholesky,5,ode_transport,8192,0.02,1000,5,rosenbrock,966,0.34029388427734375,-0.716365396976471,0.46118998527526855,80,0.4296046495437622,0.060521211475133896,0.13593348860740662,0.4030129313468933
rosenbrock,1.0,2,cholesky,5,ode_transport,8192,0.02,1000,5,rosenbrock,967,0.3351931571960449,-0.719893753528595,0.4528525471687317,74,0.3478088974952698,0.08266980946063995,0.08636467903852463,0.3266158103942871
rosenbrock,1.0,2,cholesky,5,ode_transport,8192,0.02,1000,5,rosenbrock,968,0.3460078239440918,-0.7123950719833374,0.43488332629203796,74,0.23482249677181244,0.051272060722112656,0.15572409331798553,0.16811540722846985
rosenbrock,1.0,2,cholesky,5,ode_transport,8192,0.02,1000,5,rosenbrock,969,0.3439340591430664,-0.7137802839279175,0.46833136677742004,68,1.3657712936401367,1.1224092245101929,0.39420026540756226,0.6709209084510803
rosenbrock,1.0,2,cholesky,5,ode_transport,8192,0.02,1000,5,rosenbrock,970,0.3528778553009033,-0.7089151740074158,0.3999617099761963,80,0.16781730949878693,0.022631743922829628,0.09789053350687027,0.1344168782234192
rosenbrock,1.0,2,cholesky,5,ode_transport,8192,0.02,1000,5,rosenbrock,971,0.32373809814453125,-0.7069337368011475,0.41561076045036316,80,0.2517341673374176,0.030112406238913536,0.13389761745929718,0.21103262901306152
rosenbrock,1.0,2,cholesky,5,ode_transport,8192,0.02,1000,5,rosenbrock,972,0.3171398639678955,-0.7161888480186462,0.4499777555465698,74,0.28595420718193054,0.15953963994979858,0.19461387395858765,0.13580264151096344
rosenbrock,1.0,2,cholesky,5,ode_transport,8192,0.02,1000,5,rosenbrock,973,0.3000979423522949,-0.7127905488014221,0.38734152913093567,74,0.17561492323875427,0.05474352091550827,0.06852668523788452,0.1521441489458084
rosenbrock,1.0,2,cholesky,5,ode_transport,8192,0.02,1000,5,rosenbrock,974,0.3325040340423584,-0.7096179723739624,0.4315226674079895,74,0.21603888273239136,0.07129178941249847,0.1373174488544464,0.1507786363363266
rosenbrock,1.0,2,cholesky,5,ode_transport,8192,0.02,1000,5,rosenbrock,975,0.39118003845214844,-0.7131636142730713,0.4181128144264221,92,0.27035054564476013,0.024766556918621063,0.21614274382591248,0.1604941040277481
rosenbrock,1.0,2,cholesky,5,ode_transport,8192,0.02,1000,5,rosenbrock,976,0.32913684844970703,-0.709739089012146,0.4108126163482666,74,0.6238799095153809,0.48521432280540466,0.23869411647319794,0.3111564815044403
rosenbrock,1.0,2,cholesky,5,ode_transport,8192,0.02,1000,5,rosenbrock,977,0.3270528316497803,-0.7228144407272339,0.4533797800540924,74,1.5422643423080444,1.2049187421798706,0.5544801950454712,0.7869570255279541
rosenbrock,1.0,2,cholesky,5,ode_transport,8192,0.02,1000,5,rosenbrock,978,0.3161327838897705,-0.7143552899360657,0.41567376255989075,74,0.2521304488182068,0.1080816313624382,0.18461620807647705,0.13343526422977448
rosenbrock,1.0,2,cholesky,5,ode_transport,8192,0.02,1000,5,rosenbrock,979,0.3542189598083496,-0.7191696166992188,0.47480887174606323,86,0.23389877378940582,0.03745848685503006,0.12525999546051025,0.193946972489357
rosenbrock,1.0,2,cholesky,5,ode_transport,8192,0.02,1000,5,rosenbrock,980,0.35814619064331055,-0.7177114486694336,0.4160648286342621,92,0.260869562625885,0.15152429044246674,0.10095910727977753,0.18681694567203522
rosenbrock,1.0,2,cholesky,5,ode_transport,8192,0.02,1000,5,rosenbrock,981,0.3407459259033203,-0.7090905904769897,0.41937875747680664,86,0.219358891248703,0.06765039265155792,0.10072505474090576,0.1827462911605835
rosenbrock,1.0,2,cholesky,5,ode_transport,8192,0.02,1000,5,rosenbrock,982,0.32260990142822266,-0.7097275257110596,0.510701060295105,80,0.291922003030777,0.18389129638671875,0.15359416604042053,0.16676713526248932
rosenbrock,1.0,2,cholesky,5,ode_transport,8192,0.02,1000,5,rosenbrock,983,0.30379271507263184,-0.7217814922332764,0.446711927652359,74,0.3415523171424866,0.22466017305850983,0.12837788462638855,0.22294598817825317
rosenbrock,1.0,2,cholesky,5,ode_transport,8192,0.02,1000,5,rosenbrock,984,0.36547303199768066,-0.7201173305511475,0.462114542722702,92,0.3703823387622833,0.24540676176548004,0.16685868799686432,0.22162312269210815
rosenbrock,1.0,2,cholesky,5,ode_transport,8192,0.02,1000,5,rosenbrock,985,0.9817149639129639,-0.7167173027992249,0.8312044143676758,74,0.19179098308086395,0.013551328331232071,0.13723237812519073,0.133294478058815
rosenbrock,1.0,2,cholesky,5,ode_transport,8192,0.02,1000,5,rosenbrock,986,1.0158038139343262,-0.7133504152297974,0.47226089239120483,80,0.4115182161331177,0.3038880527019501,0.22728070616722107,0.1591942012310028
rosenbrock,1.0,2,cholesky,5,ode_transport,8192,0.02,1000,5,rosenbrock,987,0.4354360103607178,-0.7108172178268433,0.39140018820762634,80,0.24425344169139862,0.06052384153008461,0.17441223561763763,0.1599280685186386
rosenbrock,1.0,2,cholesky,5,ode_transport,8192,0.02,1000,5,rosenbrock,988,0.41423487663269043,-0.7064816951751709,0.4237704277038574,86,0.3926506042480469,0.24186812341213226,0.2500797212123871,0.18202857673168182
rosenbrock,1.0,2,cholesky,5,ode_transport,8192,0.02,1000,5,rosenbrock,989,0.3842329978942871,-0.7166863083839417,0.4196091890335083,86,0.3871343731880188,0.2880910038948059,0.19000855088233948,0.17542345821857452
rosenbrock,1.0,2,cholesky,5,ode_transport,8192,0.02,1000,5,rosenbrock,990,0.4412651062011719,-0.7140384912490845,0.5133644342422485,74,0.17754068970680237,0.05989568307995796,0.1041129007935524,0.1307429075241089
rosenbrock,1.0,2,cholesky,5,ode_transport,8192,0.02,1000,5,rosenbrock,991,0.4964468479156494,-0.7129548788070679,0.41049855947494507,92,0.3843114972114563,0.27289751172065735,0.12830087542533875,0.23824593424797058
rosenbrock,1.0,2,cholesky,5,ode_transport,8192,0.02,1000,5,rosenbrock,992,0.4101090431213379,-0.7200254797935486,0.5288874506950378,80,0.20860591530799866,0.040239423513412476,0.12051968276500702,0.16544552147388458
rosenbrock,1.0,2,cholesky,5,ode_transport,8192,0.02,1000,5,rosenbrock,993,0.4707949161529541,-0.7144374251365662,0.4953825771808624,86,2.387727975845337,1.9555217027664185,0.7663115859031677,1.1357579231262207
rosenbrock,1.0,2,cholesky,5,ode_transport,8192,0.02,1000,5,rosenbrock,994,0.5240600109100342,-0.7108935117721558,0.3958917260169983,98,0.2710118591785431,0.13975101709365845,0.1154291182756424,0.2014775276184082
rosenbrock,1.0,2,cholesky,5,ode_transport,8192,0.02,1000,5,rosenbrock,995,0.6233928203582764,-0.7146824598312378,0.4343014657497406,92,0.4872790277004242,0.4092628061771393,0.16369223594665527,0.2077249437570572
rosenbrock,1.0,2,cholesky,5,ode_transport,8192,0.02,1000,5,rosenbrock,996,0.4163520336151123,-0.7195209860801697,0.44742390513420105,68,0.19211746752262115,0.07627037167549133,0.11910043656826019,0.13002707064151764
rosenbrock,1.0,2,cholesky,5,ode_transport,8192,0.02,1000,5,rosenbrock,997,0.47537994384765625,-0.7159189581871033,0.3886869549751282,74,0.18171574175357819,0.032739561051130295,0.11786513775587082,0.13437463343143463
rosenbrock,1.0,2,cholesky,5,ode_transport,8192,0.02,1000,5,rosenbrock,998,950.4156999588013,-0.7213112711906433,0.454364150762558,74,0.9453362822532654,0.7499093413352966,0.30740979313850403,0.48661690950393677
rosenbrock,1.0,2,cholesky,5,ode_transport,8192,0.02,1000,5,rosenbrock,999,0.5308561325073242,-0.7142505645751953,0.44848981499671936,86,4.7982258796691895,4.177014350891113,1.7689539194107056,1.5640738010406494
