target,target_Z,dim,chart,components,estimator,mc,lr,n_steps,seed,tag,step,wall_s,elbo,elbo_std,grad_norm,grad_norm_w,grad_norm_a,grad_norm_A
rosenbrock,1.0,2,cholesky,5,exact_marginalization,8192,0.02,1000,3,rosenbrock,0,0.0416569709777832,-3.011979103088379,,4.7500319480896,0.0652327686548233,1.9810048341751099,4.3167314529418945
rosenbrock,1.0,2,cholesky,5,exact_marginalization,8192,0.02,1000,3,rosenbrock,1,0.01804327964782715,-2.627272129058838,,3.580271005630493,0.032541751861572266,1.4338420629501343,3.28045392036438
rosenbrock,1.0,2,cholesky,5,exact_marginalization,8192,0.02,1000,3,rosenbrock,2,0.016946077346801758,-2.4391939640045166,,3.045576810836792,0.028599513694643974,1.1450939178466797,2.8219637870788574
rosenbrock,1.0,2,cholesky,5,exact_marginalization,8192,0.02,1000,3,rosenbrock,3,0.01653909683227539,-2.1901233196258545,,2.1985085010528564,0.05695026367902756,0.7699559330940247,2.058485984802246
rosenbrock,1.0,2,cholesky,5,exact_marginalization,8192,0.02,1000,3,rosenbrock,4,0.017331838607788086,-2.039963722229004,,1.7266350984573364,0.07305759191513062,0.5678590536117554,1.6289469003677368
rosenbrock,1.0,2,cholesky,5,exact_marginalization,8192,0.02,1000,3,rosenbrock,5,0.016906023025512695,-1.9276795387268066,,1.321126103401184,0.08193982392549515,0.4656985402107239,1.2336064577102661
rosenbrock,1.0,2,cholesky,5,exact_marginalization,8192,0.02,1000,3,rosenbrock,6,0.01670694351196289,-1.8593412637710571,,1.1050113439559937,0.0821472629904747,0.45664963126182556,1.0028822422027588
rosenbrock,1.0,2,cholesky,5,exact_marginalization,8192,0.02,1000,3,rosenbrock,7,0.01696014404296875,-1.8015756607055664,,0.9448296427726746,0.08473415672779083,0.4767383337020874,0.8113222122192383
rosenbrock,1.0,2,cholesky,5,exact_marginalization,8192,0.02,1000,3,rosenbrock,8,0.01522374153137207,-1.7568752765655518,,0.8859436511993408,0.07742583006620407,0.5662937760353088,0.6769140958786011
rosenbrock,1.0,2,cholesky,5,exact_marginalization,8192,0.02,1000,3,rosenbrock,9,0.01742100715637207,-1.7340583801269531,,0.8185893893241882,0.08228032290935516,0.591012179851532,0.5603776574134827
rosenbrock,1.0,2,cholesky,5,exact_marginalization,8192,0.02,1000,3,rosenbrock,10,0.019100189208984375,-1.7109429836273193,,0.8100330829620361,0.081461600959301,0.5966047048568726,0.5418307185173035
rosenbrock,1.0,2,cholesky,5,exact_marginalization,8192,0.02,1000,3,rosenbrock,11,0.016232967376708984,-1.6957390308380127,,0.8023109436035156,0.07976725697517395,0.6449358463287354,0.47052931785583496
rosenbrock,1.0,2,cholesky,5,exact_marginalization,8192,0.02,1000,3,rosenbrock,12,0.015858173370361328,-1.6624417304992676,,0.7764447927474976,0.08353976160287857,0.6178203225135803,0.4628019332885742
rosenbrock,1.0,2,cholesky,5,exact_marginalization,8192,0.02,1000,3,rosenbrock,13,0.015627145767211914,-1.6444576978683472,,0.7628878355026245,0.08193758875131607,0.6419480443000793,0.40396395325660706
rosenbrock,1.0,2,cholesky,5,exact_marginalization,8192,0.02,1000,3,rosenbrock,14,0.016412019729614258,-1.6315641403198242,,0.7850698232650757,0.08498595654964447,0.6408502459526062,0.4454468786716461
rosenbrock,1.0,2,cholesky,5,exact_marginalization,8192,0.02,1000,3,rosenbrock,15,0.016143798828125,-1.60533607006073,,0.7554847002029419,0.08623529225587845,0.6313769221305847,0.40581250190734863
rosenbrock,1.0,2,cholesky,5,exact_marginalization,8192,0.02,1000,3,rosenbrock,16,0.015208959579467773,-1.5860319137573242,,0.7470201849937439,0.08361773192882538,0.6212736368179321,0.40628349781036377
rosenbrock,1.0,2,cholesky,5,exact_marginalization,8192,0.02,1000,3,rosenbrock,17,0.016254186630249023,-1.574967861175537,,0.7419033050537109,0.0858384370803833,0.6137078404426575,0.4079398214817047
rosenbrock,1.0,2,cholesky,5,exact_marginalization,8192,0.02,1000,3,rosenbrock,18,0.014678001403808594,-1.553327202796936,,0.7017185688018799,0.08715027570724487,0.5801564455032349,0.3850095868110657
rosenbrock,1.0,2,cholesky,5,exact_marginalization,8192,0.02,1000,3,rosenbrock,19,0.015140295028686523,-1.5429842472076416,,0.6776331663131714,0.08769304305315018,0.5545198321342468,0.37947919964790344
rosenbrock,1.0,2,cholesky,5,exact_marginalization,8192,0.02,1000,3,rosenbrock,20,0.01559305191040039,-1.5244982242584229,,0.6554009914398193,0.08698686212301254,0.5350949764251709,0.36831656098365784
rosenbrock,1.0,2,cholesky,5,exact_marginalization,8192,0.02,1000,3,rosenbrock,21,0.015768051147460938,-1.5026302337646484,,0.6092889904975891,0.08800425380468369,0.4867198169231415,0.35579782724380493
rosenbrock,1.0,2,cholesky,5,exact_marginalization,8192,0.02,1000,3,rosenbrock,22,0.0166778564453125,-1.4919997453689575,,0.57591313123703,0.08502252399921417,0.4569282531738281,0.34009358286857605
rosenbrock,1.0,2,cholesky,5,exact_marginalization,8192,0.02,1000,3,rosenbrock,23,0.015514850616455078,-1.4739741086959839,,0.5359804034233093,0.08208493888378143,0.40868520736694336,0.336917519569397
rosenbrock,1.0,2,cholesky,5,exact_marginalization,8192,0.02,1000,3,rosenbrock,24,0.015249013900756836,-1.4617054462432861,,0.5222707986831665,0.0750008299946785,0.39700546860694885,0.33095070719718933
rosenbrock,1.0,2,cholesky,5,exact_marginalization,8192,0.02,1000,3,rosenbrock,25,0.015077829360961914,-1.4411762952804565,,0.5173689723014832,0.07367455959320068,0.3721647262573242,0.35176143050193787
rosenbrock,1.0,2,cholesky,5,exact_marginalization,8192,0.02,1000,3,rosenbrock,26,0.023310184478759766,-1.4327328205108643,,0.5032432079315186,0.06756509840488434,0.3801814615726471,0.32272395491600037
rosenbrock,1.0,2,cholesky,5,exact_marginalization,8192,0.02,1000,3,rosenbrock,27,0.026211023330688477,-1.4245994091033936,,0.5224540829658508,0.06057213991880417,0.3904781937599182,0.3417835831642151
rosenbrock,1.0,2,cholesky,5,exact_marginalization,8192,0.02,1000,3,rosenbrock,28,0.02073502540588379,-1.4096673727035522,,0.5312625765800476,0.0570407398045063,0.38195449113845825,0.3648245930671692
rosenbrock,1.0,2,cholesky,5,exact_marginalization,8192,0.02,1000,3,rosenbrock,29,0.027256011962890625,-1.3969769477844238,,0.5257895588874817,0.047731880098581314,0.3858959376811981,0.3539218008518219
rosenbrock,1.0,2,cholesky,5,exact_marginalization,8192,0.02,1000,3,rosenbrock,30,0.01774883270263672,-1.380252480506897,,0.5146999955177307,0.04545500501990318,0.3773045837879181,0.34711840748786926
rosenbrock,1.0,2,cholesky,5,exact_marginalization,8192,0.02,1000,3,rosenbrock,31,0.01898813247680664,-1.3718352317810059,,0.5211976170539856,0.038594216108322144,0.39868807792663574,0.33347445726394653
rosenbrock,1.0,2,cholesky,5,exact_marginalization,8192,0.02,1000,3,rosenbrock,32,0.029181957244873047,-1.3559753894805908,,0.4901614487171173,0.03827255964279175,0.3834642469882965,0.30290037393569946
rosenbrock,1.0,2,cholesky,5,exact_marginalization,8192,0.02,1000,3,rosenbrock,33,0.030400991439819336,-1.338100790977478,,0.4725528359413147,0.03386708348989487,0.38154545426368713,0.2767350673675537
rosenbrock,1.0,2,cholesky,5,exact_marginalization,8192,0.02,1000,3,rosenbrock,34,0.031640052795410156,-1.318802833557129,,0.441634863615036,0.031660810112953186,0.3441011905670166,0.2750150263309479
rosenbrock,1.0,2,cholesky,5,exact_marginalization,8192,0.02,1000,3,rosenbrock,35,0.02107977867126465,-1.3095719814300537,,0.39219942688941956,0.026679031550884247,0.3309578597545624,0.2087474912405014
rosenbrock,1.0,2,cholesky,5,exact_marginalization,8192,0.02,1000,3,rosenbrock,36,0.025135040283203125,-1.2971007823944092,,0.39129358530044556,0.026595234870910645,0.32433977723121643,0.21727192401885986
rosenbrock,1.0,2,cholesky,5,exact_marginalization,8192,0.02,1000,3,rosenbrock,37,0.016471147537231445,-1.2888965606689453,,0.35480836033821106,0.027852939441800117,0.3251059055328369,0.13935329020023346
rosenbrock,1.0,2,cholesky,5,exact_marginalization,8192,0.02,1000,3,rosenbrock,38,0.015046834945678711,-1.2742177248001099,,0.34309279918670654,0.02385118417441845,0.3106326460838318,0.14370517432689667
rosenbrock,1.0,2,cholesky,5,exact_marginalization,8192,0.02,1000,3,rosenbrock,39,0.015707731246948242,-1.266308069229126,,0.33967217803001404,0.023914458230137825,0.3192293047904968,0.11356910318136215
rosenbrock,1.0,2,cholesky,5,exact_marginalization,8192,0.02,1000,3,rosenbrock,40,0.01627492904663086,-1.2529281377792358,,0.35872960090637207,0.024379324167966843,0.3448619842529297,0.09572235494852066
rosenbrock,1.0,2,cholesky,5,exact_marginalization,8192,0.02,1000,3,rosenbrock,41,0.01622486114501953,-1.2425072193145752,,0.395290344953537,0.026149814948439598,0.3799353837966919,0.10592330992221832
rosenbrock,1.0,2,cholesky,5,exact_marginalization,8192,0.02,1000,3,rosenbrock,42,0.015240907669067383,-1.2408992052078247,,0.3926931321620941,0.023778727278113365,0.37220221757888794,0.12291447818279266
rosenbrock,1.0,2,cholesky,5,exact_marginalization,8192,0.02,1000,3,rosenbrock,43,0.01610279083251953,-1.2280739545822144,,0.39625364542007446,0.02587195858359337,0.3775063157081604,0.11762894690036774
rosenbrock,1.0,2,cholesky,5,exact_marginalization,8192,0.02,1000,3,rosenbrock,44,0.015470266342163086,-1.2203361988067627,,0.37544572353363037,0.025210455060005188,0.3522334396839142,0.12749719619750977
rosenbrock,1.0,2,cholesky,5,exact_marginalization,8192,0.02,1000,3,rosenbrock,45,0.015110969543457031,-1.2034257650375366,,0.40264034271240234,0.025908635929226875,0.3684026300907135,0.16039788722991943
rosenbrock,1.0,2,cholesky,5,exact_marginalization,8192,0.02,1000,3,rosenbrock,46,0.0158689022064209,-1.2064757347106934,,0.3448099195957184,0.02842450700700283,0.317887544631958,0.13051219284534454
rosenbrock,1.0,2,cholesky,5,exact_marginalization,8192,0.02,1000,3,rosenbrock,47,0.015550851821899414,-1.2006064653396606,,0.34832674264907837,0.026576977223157883,0.3118904232978821,0.1528056263923645
rosenbrock,1.0,2,cholesky,5,exact_marginalization,8192,0.02,1000,3,rosenbrock,48,0.015610933303833008,-1.1915464401245117,,0.30365270376205444,0.02985633909702301,0.27122563123703003,0.13322995603084564
rosenbrock,1.0,2,cholesky,5,exact_marginalization,8192,0.02,1000,3,rosenbrock,49,0.015778064727783203,-1.1820576190948486,,0.29021695256233215,0.02824738435447216,0.23885700106620789,0.16240477561950684
rosenbrock,1.0,2,cholesky,5,exact_marginalization,8192,0.02,1000,3,rosenbrock,50,0.01569533348083496,-1.1756093502044678,,0.2911369800567627,0.02807137370109558,0.2538730800151825,0.1397182047367096
rosenbrock,1.0,2,cholesky,5,exact_marginalization,8192,0.02,1000,3,rosenbrock,51,0.014705181121826172,-1.1727664470672607,,0.2703607380390167,0.030611110851168633,0.24662061035633087,0.1064714789390564
rosenbrock,1.0,2,cholesky,5,exact_marginalization,8192,0.02,1000,3,rosenbrock,52,0.015968799591064453,-1.172606348991394,,0.26559537649154663,0.027463333681225777,0.23025192320346832,0.1295018345117569
rosenbrock,1.0,2,cholesky,5,exact_marginalization,8192,0.02,1000,3,rosenbrock,53,0.015980005264282227,-1.156744360923767,,0.28189730644226074,0.02691822312772274,0.23558177053928375,0.15245568752288818
rosenbrock,1.0,2,cholesky,5,exact_marginalization,8192,0.02,1000,3,rosenbrock,54,0.015604019165039062,-1.1565669775009155,,0.24759863317012787,0.023368073627352715,0.20119772851467133,0.1424025446176529
rosenbrock,1.0,2,cholesky,5,exact_marginalization,8192,0.02,1000,3,rosenbrock,55,0.01610875129699707,-1.147824764251709,,0.25093668699264526,0.016804736107587814,0.19404536485671997,0.15821890532970428
rosenbrock,1.0,2,cholesky,5,exact_marginalization,8192,0.02,1000,3,rosenbrock,56,0.01449894905090332,-1.144453525543213,,0.22724699974060059,0.019338082522153854,0.1772175133228302,0.14092977344989777
rosenbrock,1.0,2,cholesky,5,exact_marginalization,8192,0.02,1000,3,rosenbrock,57,0.016026020050048828,-1.1417430639266968,,0.21149732172489166,0.020498991012573242,0.17694531381130219,0.1140231043100357
rosenbrock,1.0,2,cholesky,5,exact_marginalization,8192,0.02,1000,3,rosenbrock,58,0.01641392707824707,-1.1313092708587646,,0.2231958508491516,0.016506312415003777,0.17799881100654602,0.13364262878894806
rosenbrock,1.0,2,cholesky,5,exact_marginalization,8192,0.02,1000,3,rosenbrock,59,0.01682305335998535,-1.1278656721115112,,0.2595256268978119,0.017921460792422295,0.19270315766334534,0.17291001975536346
rosenbrock,1.0,2,cholesky,5,exact_marginalization,8192,0.02,1000,3,rosenbrock,60,0.01587510108947754,-1.1230679750442505,,0.24435767531394958,0.019302021712064743,0.20704539120197296,0.12833669781684875
rosenbrock,1.0,2,cholesky,5,exact_marginalization,8192,0.02,1000,3,rosenbrock,61,0.015575885772705078,-1.119097352027893,,0.24577821791172028,0.018706446513533592,0.18809540569782257,0.15708953142166138
rosenbrock,1.0,2,cholesky,5,exact_marginalization,8192,0.02,1000,3,rosenbrock,62,0.015336036682128906,-1.113368272781372,,0.2624818682670593,0.019074661657214165,0.2290603518486023,0.12674480676651
rosenbrock,1.0,2,cholesky,5,exact_marginalization,8192,0.02,1000,3,rosenbrock,63,0.016395092010498047,-1.1134463548660278,,0.26669588685035706,0.023809554055333138,0.2474992871284485,0.09645674377679825
rosenbrock,1.0,2,cholesky,5,exact_marginalization,8192,0.02,1000,3,rosenbrock,64,0.016079187393188477,-1.1046600341796875,,0.2472795844078064,0.01886354759335518,0.2350001186132431,0.07460764050483704
rosenbrock,1.0,2,cholesky,5,exact_marginalization,8192,0.02,1000,3,rosenbrock,65,0.015215873718261719,-1.0979751348495483,,0.22168105840682983,0.019856804981827736,0.21130996942520142,0.06400230526924133
rosenbrock,1.0,2,cholesky,5,exact_marginalization,8192,0.02,1000,3,rosenbrock,66,0.015463829040527344,-1.0954582691192627,,0.1970440149307251,0.023941904306411743,0.18691684305667877,0.057577945291996
rosenbrock,1.0,2,cholesky,5,exact_marginalization,8192,0.02,1000,3,rosenbrock,67,0.015845775604248047,-1.0911368131637573,,0.1933000683784485,0.022157281637191772,0.1694469451904297,0.09034217894077301
rosenbrock,1.0,2,cholesky,5,exact_marginalization,8192,0.02,1000,3,rosenbrock,68,0.017421960830688477,-1.0926107168197632,,0.1884308010339737,0.023938855156302452,0.17503191530704498,0.06555097550153732
rosenbrock,1.0,2,cholesky,5,exact_marginalization,8192,0.02,1000,3,rosenbrock,69,0.01600813865661621,-1.080817461013794,,0.19581031799316406,0.021110426634550095,0.17781926691532135,0.07922335714101791
rosenbrock,1.0,2,cholesky,5,exact_marginalization,8192,0.02,1000,3,rosenbrock,70,0.015666723251342773,-1.079409122467041,,0.19490377604961395,0.02336711995303631,0.17605289816856384,0.08029219508171082
rosenbrock,1.0,2,cholesky,5,exact_marginalization,8192,0.02,1000,3,rosenbrock,71,0.01641702651977539,-1.0721700191497803,,0.2019631564617157,0.021124910563230515,0.18120428919792175,0.0866478979587555
rosenbrock,1.0,2,cholesky,5,exact_marginalization,8192,0.02,1000,3,rosenbrock,72,0.01547694206237793,-1.0748707056045532,,0.21543700993061066,0.022020433098077774,0.20462974905967712,0.06367788463830948
rosenbrock,1.0,2,cholesky,5,exact_marginalization,8192,0.02,1000,3,rosenbrock,73,0.01583099365234375,-1.0651226043701172,,0.22775690257549286,0.022217251360416412,0.20191660523414612,0.10300134122371674
rosenbrock,1.0,2,cholesky,5,exact_marginalization,8192,0.02,1000,3,rosenbrock,74,0.015069246292114258,-1.0671110153198242,,0.20079346001148224,0.023017793893814087,0.1859312802553177,0.07223409414291382
rosenbrock,1.0,2,cholesky,5,exact_marginalization,8192,0.02,1000,3,rosenbrock,75,0.015911102294921875,-1.0561070442199707,,0.22741734981536865,0.02142021246254444,0.21658587455749512,0.0659574419260025
rosenbrock,1.0,2,cholesky,5,exact_marginalization,8192,0.02,1000,3,rosenbrock,76,0.015323877334594727,-1.0508953332901,,0.20252595841884613,0.019935308024287224,0.19159488379955292,0.06253592669963837
rosenbrock,1.0,2,cholesky,5,exact_marginalization,8192,0.02,1000,3,rosenbrock,77,0.015397071838378906,-1.0443658828735352,,0.19782708585262299,0.021669771522283554,0.18538179993629456,0.06557109206914902
rosenbrock,1.0,2,cholesky,5,exact_marginalization,8192,0.02,1000,3,rosenbrock,78,0.015267133712768555,-1.0531479120254517,,0.2026916742324829,0.021344806998968124,0.19309726357460022,0.05780794098973274
rosenbrock,1.0,2,cholesky,5,exact_marginalization,8192,0.02,1000,3,rosenbrock,79,0.015343189239501953,-1.048830509185791,,0.18669480085372925,0.019221263006329536,0.17586728930473328,0.05963382124900818
rosenbrock,1.0,2,cholesky,5,exact_marginalization,8192,0.02,1000,3,rosenbrock,80,0.014798164367675781,-1.0364279747009277,,0.1848117560148239,0.022089939564466476,0.1747206449508667,0.05603673681616783
rosenbrock,1.0,2,cholesky,5,exact_marginalization,8192,0.02,1000,3,rosenbrock,81,0.015390872955322266,-1.0340527296066284,,0.1771833896636963,0.018342185765504837,0.15571996569633484,0.08251551538705826
rosenbrock,1.0,2,cholesky,5,exact_marginalization,8192,0.02,1000,3,rosenbrock,82,0.015275001525878906,-1.0345088243484497,,0.18559202551841736,0.018427226692438126,0.17190232872962952,0.06748654693365097
rosenbrock,1.0,2,cholesky,5,exact_marginalization,8192,0.02,1000,3,rosenbrock,83,0.01566791534423828,-1.0319496393203735,,0.18209600448608398,0.019328413531184196,0.1669376790523529,0.07012255489826202
rosenbrock,1.0,2,cholesky,5,exact_marginalization,8192,0.02,1000,3,rosenbrock,84,0.01651620864868164,-1.0285383462905884,,0.21744973957538605,0.019038885831832886,0.19625182449817657,0.09169037640094757
rosenbrock,1.0,2,cholesky,5,exact_marginalization,8192,0.02,1000,3,rosenbrock,85,0.017038822174072266,-1.0205894708633423,,0.1999439001083374,0.016008179634809494,0.1869015246629715,0.06920351833105087
rosenbrock,1.0,2,cholesky,5,exact_marginalization,8192,0.02,1000,3,rosenbrock,86,0.014753103256225586,-1.0172994136810303,,0.18598850071430206,0.012263351120054722,0.1770736575126648,0.055554039776325226
rosenbrock,1.0,2,cholesky,5,exact_marginalization,8192,0.02,1000,3,rosenbrock,87,0.015166044235229492,-1.0176655054092407,,0.17674951255321503,0.01709076203405857,0.16378609836101532,0.06420599669218063
rosenbrock,1.0,2,cholesky,5,exact_marginalization,8192,0.02,1000,3,rosenbrock,88,0.016503095626831055,-1.0136852264404297,,0.18274015188217163,0.01330601330846548,0.16127842664718628,0.08488922566175461
rosenbrock,1.0,2,cholesky,5,exact_marginalization,8192,0.02,1000,3,rosenbrock,89,0.01589488983154297,-1.0049364566802979,,0.17905008792877197,0.012045543640851974,0.15998034179210663,0.0794992744922638
rosenbrock,1.0,2,cholesky,5,exact_marginalization,8192,0.02,1000,3,rosenbrock,90,0.016075849533081055,-1.000857949256897,,0.18635499477386475,0.013332566246390343,0.16785316169261932,0.07984823733568192
rosenbrock,1.0,2,cholesky,5,exact_marginalization,8192,0.02,1000,3,rosenbrock,91,0.016889095306396484,-0.9913314580917358,,0.18884818255901337,0.006064096000045538,0.16912314295768738,0.08381060510873795
rosenbrock,1.0,2,cholesky,5,exact_marginalization,8192,0.02,1000,3,rosenbrock,92,0.016955852508544922,-0.9965914487838745,,0.18634511530399323,0.007766417693346739,0.1693824827671051,0.07729010283946991
rosenbrock,1.0,2,cholesky,5,exact_marginalization,8192,0.02,1000,3,rosenbrock,93,0.016800880432128906,-0.9962921738624573,,0.1971249282360077,0.007645455654710531,0.17367340624332428,0.09293728321790695
rosenbrock,1.0,2,cholesky,5,exact_marginalization,8192,0.02,1000,3,rosenbrock,94,0.01661205291748047,-0.9915665984153748,,0.1826598197221756,0.010085535235702991,0.1672171652317047,0.07281012088060379
rosenbrock,1.0,2,cholesky,5,exact_marginalization,8192,0.02,1000,3,rosenbrock,95,0.01644301414489746,-0.9915372133255005,,0.19375357031822205,0.007758426945656538,0.18156787753105164,0.0671815425157547
rosenbrock,1.0,2,cholesky,5,exact_marginalization,8192,0.02,1000,3,rosenbrock,96,0.01631903648376465,-0.9837508201599121,,0.16632932424545288,0.004235864616930485,0.15898379683494568,0.04869961738586426
rosenbrock,1.0,2,cholesky,5,exact_marginalization,8192,0.02,1000,3,rosenbrock,97,0.016798973083496094,-0.9764468669891357,,0.18898098170757294,0.0032416267786175013,0.170363187789917,0.08172932267189026
rosenbrock,1.0,2,cholesky,5,exact_marginalization,8192,0.02,1000,3,rosenbrock,98,0.01643991470336914,-0.9783012866973877,,0.1767486333847046,0.006671165581792593,0.15500393509864807,0.08467205613851547
rosenbrock,1.0,2,cholesky,5,exact_marginalization,8192,0.02,1000,3,rosenbrock,99,0.015752077102661133,-0.9702869653701782,,0.17300933599472046,0.0053509920835494995,0.15512873232364655,0.07641120254993439
rosenbrock,1.0,2,cholesky,5,exact_marginalization,8192,0.02,1000,3,rosenbrock,100,0.015573978424072266,-0.9745993614196777,,0.1854144036769867,0.005354028195142746,0.15438656508922577,0.10254082828760147
rosenbrock,1.0,2,cholesky,5,exact_marginalization,8192,0.02,1000,3,rosenbrock,101,0.015607118606567383,-0.9715535044670105,,0.1793026477098465,0.0068752639926970005,0.1570451706647873,0.08624956756830215
rosenbrock,1.0,2,cholesky,5,exact_marginalization,8192,0.02,1000,3,rosenbrock,102,0.016802072525024414,-0.9592782855033875,,0.16771996021270752,0.0077438512817025185,0.14678269624710083,0.08077660202980042
rosenbrock,1.0,2,cholesky,5,exact_marginalization,8192,0.02,1000,3,rosenbrock,103,0.017060279846191406,-0.9646881818771362,,0.1702071726322174,0.006432593800127506,0.1623155176639557,0.050821032375097275
rosenbrock,1.0,2,cholesky,5,exact_marginalization,8192,0.02,1000,3,rosenbrock,104,0.016431808471679688,-0.9615380764007568,,0.1820131242275238,0.007202969864010811,0.161770761013031,0.08310908079147339
rosenbrock,1.0,2,cholesky,5,exact_marginalization,8192,0.02,1000,3,rosenbrock,105,0.017663955688476562,-0.9560096859931946,,0.17152056097984314,0.008579009212553501,0.15228784084320068,0.07844817638397217
rosenbrock,1.0,2,cholesky,5,exact_marginalization,8192,0.02,1000,3,rosenbrock,106,0.01598525047302246,-0.947416365146637,,0.17814671993255615,0.006537699140608311,0.16630278527736664,0.06353657692670822
rosenbrock,1.0,2,cholesky,5,exact_marginalization,8192,0.02,1000,3,rosenbrock,107,0.017915964126586914,-0.9548677206039429,,0.19804763793945312,0.011621720157563686,0.1887398064136505,0.058864958584308624
rosenbrock,1.0,2,cholesky,5,exact_marginalization,8192,0.02,1000,3,rosenbrock,108,0.017076969146728516,-0.9498453140258789,,0.2478265017271042,0.010779917240142822,0.23845244944095612,0.06664981693029404
rosenbrock,1.0,2,cholesky,5,exact_marginalization,8192,0.02,1000,3,rosenbrock,109,0.015580892562866211,-0.9401155114173889,,0.16388000547885895,0.009992274455726147,0.14912721514701843,0.06721517443656921
rosenbrock,1.0,2,cholesky,5,exact_marginalization,8192,0.02,1000,3,rosenbrock,110,0.015879154205322266,-0.9369606375694275,,0.2116834670305252,0.008006308227777481,0.18972426652908325,0.09354402124881744
rosenbrock,1.0,2,cholesky,5,exact_marginalization,8192,0.02,1000,3,rosenbrock,111,0.015543222427368164,-0.9321710467338562,,0.15823346376419067,0.009032852947711945,0.1431773453950882,0.06675689667463303
rosenbrock,1.0,2,cholesky,5,exact_marginalization,8192,0.02,1000,3,rosenbrock,112,0.015506982803344727,-0.9316982626914978,,0.1664804071187973,0.0073519679717719555,0.1509169340133667,0.06989816576242447
rosenbrock,1.0,2,cholesky,5,exact_marginalization,8192,0.02,1000,3,rosenbrock,113,0.01599597930908203,-0.9294248819351196,,0.15915249288082123,0.008220684714615345,0.15152239799499512,0.04798850044608116
rosenbrock,1.0,2,cholesky,5,exact_marginalization,8192,0.02,1000,3,rosenbrock,114,0.015307903289794922,-0.9292638301849365,,0.18134407699108124,0.012034066021442413,0.16840025782585144,0.06619829684495926
rosenbrock,1.0,2,cholesky,5,exact_marginalization,8192,0.02,1000,3,rosenbrock,115,0.015175104141235352,-0.9260603189468384,,0.15904287993907928,0.009410644881427288,0.14667817950248718,0.060758430510759354
rosenbrock,1.0,2,cholesky,5,exact_marginalization,8192,0.02,1000,3,rosenbrock,116,0.014926910400390625,-0.9193395972251892,,0.16094794869422913,0.009852953255176544,0.1383003294467926,0.0817323550581932
rosenbrock,1.0,2,cholesky,5,exact_marginalization,8192,0.02,1000,3,rosenbrock,117,0.015713930130004883,-0.9105677008628845,,0.15782126784324646,0.008485117927193642,0.13888302445411682,0.0744786188006401
rosenbrock,1.0,2,cholesky,5,exact_marginalization,8192,0.02,1000,3,rosenbrock,118,0.014660120010375977,-0.9085437655448914,,0.18263965845108032,0.011603905819356441,0.16935478150844574,0.0673910453915596
rosenbrock,1.0,2,cholesky,5,exact_marginalization,8192,0.02,1000,3,rosenbrock,119,0.01453399658203125,-0.9141190648078918,,0.16049621999263763,0.011844933032989502,0.15200062096118927,0.050145283341407776
rosenbrock,1.0,2,cholesky,5,exact_marginalization,8192,0.02,1000,3,rosenbrock,120,0.014600992202758789,-0.9077998399734497,,0.15218687057495117,0.010463964194059372,0.14167408645153046,0.05458759516477585
rosenbrock,1.0,2,cholesky,5,exact_marginalization,8192,0.02,1000,3,rosenbrock,121,0.014510869979858398,-0.9021244049072266,,0.15620000660419464,0.011853225529193878,0.14487075805664062,0.05718744173645973
rosenbrock,1.0,2,cholesky,5,exact_marginalization,8192,0.02,1000,3,rosenbrock,122,0.014441967010498047,-0.9013345241546631,,0.1849219650030136,0.010714832693338394,0.1731107383966446,0.0641404241323471
rosenbrock,1.0,2,cholesky,5,exact_marginalization,8192,0.02,1000,3,rosenbrock,123,0.014447927474975586,-0.899339497089386,,0.18459181487560272,0.012014666572213173,0.15993864834308624,0.09137511998414993
rosenbrock,1.0,2,cholesky,5,exact_marginalization,8192,0.02,1000,3,rosenbrock,124,0.015173912048339844,-0.8967107534408569,,0.15652909874916077,0.010868409648537636,0.14539629220962524,0.05694868788123131
rosenbrock,1.0,2,cholesky,5,exact_marginalization,8192,0.02,1000,3,rosenbrock,125,0.014824867248535156,-0.8880853056907654,,0.1550672948360443,0.011311523616313934,0.1309000849723816,0.08235947787761688
rosenbrock,1.0,2,cholesky,5,exact_marginalization,8192,0.02,1000,3,rosenbrock,126,0.014716863632202148,-0.8933233618736267,,0.15921136736869812,0.014364184811711311,0.14908534288406372,0.0539952777326107
rosenbrock,1.0,2,cholesky,5,exact_marginalization,8192,0.02,1000,3,rosenbrock,127,0.014721870422363281,-0.887468695640564,,0.18219712376594543,0.008148680441081524,0.17421601712703705,0.05270844325423241
rosenbrock,1.0,2,cholesky,5,exact_marginalization,8192,0.02,1000,3,rosenbrock,128,0.014590024948120117,-0.8878034949302673,,0.15663838386535645,0.0097620515152812,0.14481329917907715,0.05890160799026489
rosenbrock,1.0,2,cholesky,5,exact_marginalization,8192,0.02,1000,3,rosenbrock,129,0.016376256942749023,-0.8860454559326172,,0.18233612179756165,0.00824444368481636,0.1686534881591797,0.06880762428045273
rosenbrock,1.0,2,cholesky,5,exact_marginalization,8192,0.02,1000,3,rosenbrock,130,0.015668869018554688,-0.8796340227127075,,0.23132218420505524,0.008737904019653797,0.21298955380916595,0.08982788026332855
rosenbrock,1.0,2,cholesky,5,exact_marginalization,8192,0.02,1000,3,rosenbrock,131,0.015503168106079102,-0.8786996603012085,,0.1694057434797287,0.007350492756813765,0.14441248774528503,0.0882570669054985
rosenbrock,1.0,2,cholesky,5,exact_marginalization,8192,0.02,1000,3,rosenbrock,132,0.014651060104370117,-0.8746821880340576,,0.1381291300058365,0.009807992726564407,0.12472208589315414,0.05854792520403862
rosenbrock,1.0,2,cholesky,5,exact_marginalization,8192,0.02,1000,3,rosenbrock,133,0.016232967376708984,-0.8685283064842224,,0.18700213730335236,0.005927532911300659,0.18132133781909943,0.04535675048828125
rosenbrock,1.0,2,cholesky,5,exact_marginalization,8192,0.02,1000,3,rosenbrock,134,0.01581740379333496,-0.8653864860534668,,0.13790854811668396,0.005069467704743147,0.123810313642025,0.06053159013390541
rosenbrock,1.0,2,cholesky,5,exact_marginalization,8192,0.02,1000,3,rosenbrock,135,0.016299009323120117,-0.8601667881011963,,0.14873506128787994,0.008187331259250641,0.1341591328382492,0.06368996202945709
rosenbrock,1.0,2,cholesky,5,exact_marginalization,8192,0.02,1000,3,rosenbrock,136,0.015346050262451172,-0.8650227785110474,,0.16459695994853973,0.005177877843379974,0.14889705181121826,0.06996441632509232
rosenbrock,1.0,2,cholesky,5,exact_marginalization,8192,0.02,1000,3,rosenbrock,137,0.015687942504882812,-0.8595244288444519,,0.15557126700878143,0.005921670235693455,0.1432609111070633,0.06036277860403061
rosenbrock,1.0,2,cholesky,5,exact_marginalization,8192,0.02,1000,3,rosenbrock,138,0.015645980834960938,-0.85854172706604,,0.149711012840271,0.007241357583552599,0.1407991498708725,0.05036413297057152
rosenbrock,1.0,2,cholesky,5,exact_marginalization,8192,0.02,1000,3,rosenbrock,139,0.014598846435546875,-0.8612452149391174,,0.13958297669887543,0.00779035734012723,0.12946298718452454,0.05159509554505348
rosenbrock,1.0,2,cholesky,5,exact_marginalization,8192,0.02,1000,3,rosenbrock,140,0.014690876007080078,-0.8549141883850098,,0.14567047357559204,0.006930733099579811,0.12985984981060028,0.06563740223646164
rosenbrock,1.0,2,cholesky,5,exact_marginalization,8192,0.02,1000,3,rosenbrock,141,0.014518976211547852,-0.8555284738540649,,0.15326207876205444,0.007778396364301443,0.12413201481103897,0.08955449610948563
rosenbrock,1.0,2,cholesky,5,exact_marginalization,8192,0.02,1000,3,rosenbrock,142,0.015066146850585938,-0.8535175919532776,,0.1421193778514862,0.004159707576036453,0.12884031236171722,0.05983968451619148
rosenbrock,1.0,2,cholesky,5,exact_marginalization,8192,0.02,1000,3,rosenbrock,143,0.015887975692749023,-0.8487188220024109,,0.15397396683692932,0.0058565824292600155,0.12783183157444,0.08563120663166046
rosenbrock,1.0,2,cholesky,5,exact_marginalization,8192,0.02,1000,3,rosenbrock,144,0.014748096466064453,-0.8422160744667053,,0.1893584281206131,0.0023433228489011526,0.16117604076862335,0.0993649959564209
rosenbrock,1.0,2,cholesky,5,exact_marginalization,8192,0.02,1000,3,rosenbrock,145,0.014589071273803711,-0.8437672853469849,,0.13484521210193634,0.005948683246970177,0.11488758772611618,0.070346899330616
rosenbrock,1.0,2,cholesky,5,exact_marginalization,8192,0.02,1000,3,rosenbrock,146,0.014516115188598633,-0.841322124004364,,0.14942722022533417,0.006523968186229467,0.10737262666225433,0.10371618717908859
rosenbrock,1.0,2,cholesky,5,exact_marginalization,8192,0.02,1000,3,rosenbrock,147,0.014595985412597656,-0.8369075059890747,,0.13534080982208252,0.002971959998831153,0.12142173200845718,0.059708159416913986
rosenbrock,1.0,2,cholesky,5,exact_marginalization,8192,0.02,1000,3,rosenbrock,148,0.014505863189697266,-0.8402532339096069,,0.1516900658607483,0.0031748185865581036,0.1322116106748581,0.07429593801498413
rosenbrock,1.0,2,cholesky,5,exact_marginalization,8192,0.02,1000,3,rosenbrock,149,0.014406919479370117,-0.8370147943496704,,0.13444800674915314,0.0063133807852864265,0.12465276569128036,0.04998098686337471
rosenbrock,1.0,2,cholesky,5,exact_marginalization,8192,0.02,1000,3,rosenbrock,150,0.015371084213256836,-0.8276349306106567,,0.13544830679893494,0.0025450331158936024,0.12477783858776093,0.05263320729136467
rosenbrock,1.0,2,cholesky,5,exact_marginalization,8192,0.02,1000,3,rosenbrock,151,0.016096830368041992,-0.833975076675415,,0.1536467969417572,0.004791866522282362,0.14446556568145752,0.05209680274128914
rosenbrock,1.0,2,cholesky,5,exact_marginalization,8192,0.02,1000,3,rosenbrock,152,0.016527891159057617,-0.8327776789665222,,0.21330960094928741,0.006680975202471018,0.20137256383895874,0.0700388103723526
rosenbrock,1.0,2,cholesky,5,exact_marginalization,8192,0.02,1000,3,rosenbrock,153,0.016525983810424805,-0.8347712755203247,,0.1512281894683838,0.006541892886161804,0.14375944435596466,0.04648001864552498
rosenbrock,1.0,2,cholesky,5,exact_marginalization,8192,0.02,1000,3,rosenbrock,154,0.017065048217773438,-0.8211225867271423,,0.12061723321676254,0.004511797800660133,0.11031358689069748,0.04857028275728226
rosenbrock,1.0,2,cholesky,5,exact_marginalization,8192,0.02,1000,3,rosenbrock,155,0.015504121780395508,-0.8273483514785767,,0.14204652607440948,0.0029328169766813517,0.13777166604995728,0.034461263567209244
rosenbrock,1.0,2,cholesky,5,exact_marginalization,8192,0.02,1000,3,rosenbrock,156,0.015583038330078125,-0.8211348056793213,,0.15212547779083252,0.003331613028421998,0.14637669920921326,0.04129074141383171
rosenbrock,1.0,2,cholesky,5,exact_marginalization,8192,0.02,1000,3,rosenbrock,157,0.015973806381225586,-0.8256823420524597,,0.14569568634033203,0.004563748836517334,0.14150965213775635,0.034371815621852875
rosenbrock,1.0,2,cholesky,5,exact_marginalization,8192,0.02,1000,3,rosenbrock,158,0.01715373992919922,-0.8188908696174622,,0.12524916231632233,0.004534942097961903,0.10790353268384933,0.06343194097280502
rosenbrock,1.0,2,cholesky,5,exact_marginalization,8192,0.02,1000,3,rosenbrock,159,0.01624298095703125,-0.8180605173110962,,0.1349199265241623,0.004305541981011629,0.11862827092409134,0.06412629038095474
rosenbrock,1.0,2,cholesky,5,exact_marginalization,8192,0.02,1000,3,rosenbrock,160,0.015434980392456055,-0.8175695538520813,,0.19946832954883575,0.005032847169786692,0.1939079761505127,0.04649711400270462
rosenbrock,1.0,2,cholesky,5,exact_marginalization,8192,0.02,1000,3,rosenbrock,161,0.016759157180786133,-0.8157609105110168,,0.16137737035751343,0.004101998172700405,0.14404648542404175,0.0726391151547432
rosenbrock,1.0,2,cholesky,5,exact_marginalization,8192,0.02,1000,3,rosenbrock,162,0.01493692398071289,-0.814795196056366,,0.12650665640830994,0.00412670848891139,0.11922014504671097,0.04211248829960823
rosenbrock,1.0,2,cholesky,5,exact_marginalization,8192,0.02,1000,3,rosenbrock,163,0.01587200164794922,-0.812791109085083,,0.19687022268772125,0.006830192636698484,0.17860256135463715,0.08253701031208038
rosenbrock,1.0,2,cholesky,5,exact_marginalization,8192,0.02,1000,3,rosenbrock,164,0.018224000930786133,-0.8081567287445068,,0.19116294384002686,0.0032547160517424345,0.17691470682621002,0.07234542071819305
rosenbrock,1.0,2,cholesky,5,exact_marginalization,8192,0.02,1000,3,rosenbrock,165,0.015749216079711914,-0.8057156205177307,,0.1070718839764595,0.0029143348801881075,0.10244923830032349,0.030984649434685707
rosenbrock,1.0,2,cholesky,5,exact_marginalization,8192,0.02,1000,3,rosenbrock,166,0.014728784561157227,-0.8072333335876465,,0.145516499876976,0.005525433458387852,0.13574060797691345,0.0521441288292408
rosenbrock,1.0,2,cholesky,5,exact_marginalization,8192,0.02,1000,3,rosenbrock,167,0.015880346298217773,-0.802499532699585,,0.1996079981327057,0.00488621462136507,0.18323306739330292,0.07902608066797256
rosenbrock,1.0,2,cholesky,5,exact_marginalization,8192,0.02,1000,3,rosenbrock,168,0.0164339542388916,-0.8048836588859558,,0.19332511723041534,0.003476084442809224,0.18789894878864288,0.04534865543246269
rosenbrock,1.0,2,cholesky,5,exact_marginalization,8192,0.02,1000,3,rosenbrock,169,0.016206026077270508,-0.8031136989593506,,0.16313374042510986,0.0024859721306711435,0.15807297825813293,0.04024145007133484
rosenbrock,1.0,2,cholesky,5,exact_marginalization,8192,0.02,1000,3,rosenbrock,170,0.015423774719238281,-0.8002029657363892,,0.19599157571792603,0.002484754892066121,0.18794460594654083,0.0555279403924942
rosenbrock,1.0,2,cholesky,5,exact_marginalization,8192,0.02,1000,3,rosenbrock,171,0.015923023223876953,-0.7951472401618958,,0.16356562077999115,0.0033435621298849583,0.15393571555614471,0.05519358068704605
rosenbrock,1.0,2,cholesky,5,exact_marginalization,8192,0.02,1000,3,rosenbrock,172,0.014761209487915039,-0.7976605296134949,,0.14190883934497833,0.002071565017104149,0.12723131477832794,0.06281735748052597
rosenbrock,1.0,2,cholesky,5,exact_marginalization,8192,0.02,1000,3,rosenbrock,173,0.014587879180908203,-0.7940254211425781,,0.22602997720241547,0.0038124672137200832,0.21527133882045746,0.06879875808954239
rosenbrock,1.0,2,cholesky,5,exact_marginalization,8192,0.02,1000,3,rosenbrock,174,0.014519691467285156,-0.7901155948638916,,0.22601859271526337,0.0026923404075205326,0.21879449486732483,0.056622616946697235
rosenbrock,1.0,2,cholesky,5,exact_marginalization,8192,0.02,1000,3,rosenbrock,175,0.014544963836669922,-0.7923538684844971,,0.18449918925762177,0.001991451485082507,0.17343899607658386,0.06288792192935944
rosenbrock,1.0,2,cholesky,5,exact_marginalization,8192,0.02,1000,3,rosenbrock,176,0.014541149139404297,-0.7898745536804199,,0.1782534420490265,0.005838531069457531,0.1666024625301361,0.06311754137277603
rosenbrock,1.0,2,cholesky,5,exact_marginalization,8192,0.02,1000,3,rosenbrock,177,0.014454126358032227,-0.7857218980789185,,0.2797711193561554,0.004220165777951479,0.2732061445713043,0.06010381877422333
rosenbrock,1.0,2,cholesky,5,exact_marginalization,8192,0.02,1000,3,rosenbrock,178,0.014566898345947266,-0.7921512722969055,,0.14752045273780823,0.003013400826603174,0.13779067993164062,0.05260166525840759
rosenbrock,1.0,2,cholesky,5,exact_marginalization,8192,0.02,1000,3,rosenbrock,179,0.014493942260742188,-0.7828807830810547,,0.13263282179832458,0.002643353072926402,0.1199391558766365,0.056560419499874115
rosenbrock,1.0,2,cholesky,5,exact_marginalization,8192,0.02,1000,3,rosenbrock,180,0.014460086822509766,-0.7821174263954163,,0.2381572127342224,0.0017448239959776402,0.21966788172721863,0.09198823571205139
rosenbrock,1.0,2,cholesky,5,exact_marginalization,8192,0.02,1000,3,rosenbrock,181,0.014496088027954102,-0.7863120436668396,,0.3088611364364624,0.0054248785600066185,0.30012044310569763,0.07275636494159698
rosenbrock,1.0,2,cholesky,5,exact_marginalization,8192,0.02,1000,3,rosenbrock,182,0.014487981796264648,-0.7821581363677979,,0.14608553051948547,0.003313870634883642,0.13342934846878052,0.05938524007797241
rosenbrock,1.0,2,cholesky,5,exact_marginalization,8192,0.02,1000,3,rosenbrock,183,0.01445770263671875,-0.7795540690422058,,0.15349777042865753,0.0021730309817939997,0.14054156839847565,0.06168398633599281
rosenbrock,1.0,2,cholesky,5,exact_marginalization,8192,0.02,1000,3,rosenbrock,184,0.014456987380981445,-0.7802737951278687,,0.2191680520772934,0.0025785425677895546,0.20475825667381287,0.0781155526638031
rosenbrock,1.0,2,cholesky,5,exact_marginalization,8192,0.02,1000,3,rosenbrock,185,0.014636993408203125,-0.781995952129364,,0.19267477095127106,0.0037721581757068634,0.1833345890045166,0.05914187803864479
rosenbrock,1.0,2,cholesky,5,exact_marginalization,8192,0.02,1000,3,rosenbrock,186,0.014415979385375977,-0.7719680666923523,,0.11276276409626007,0.003001291071996093,0.0969027429819107,0.057587265968322754
rosenbrock,1.0,2,cholesky,5,exact_marginalization,8192,0.02,1000,3,rosenbrock,187,0.015520095825195312,-0.7745047807693481,,0.2526532709598541,0.0037742096465080976,0.20344620943069458,0.14976340532302856
rosenbrock,1.0,2,cholesky,5,exact_marginalization,8192,0.02,1000,3,rosenbrock,188,0.014839887619018555,-0.770967960357666,,0.27691224217414856,0.0033786240965127945,0.24593748152256012,0.12721529603004456
rosenbrock,1.0,2,cholesky,5,exact_marginalization,8192,0.02,1000,3,rosenbrock,189,0.014586210250854492,-0.7765594720840454,,0.12401272356510162,0.004573754966259003,0.08943765610456467,0.08578544110059738
rosenbrock,1.0,2,cholesky,5,exact_marginalization,8192,0.02,1000,3,rosenbrock,190,0.014620065689086914,-0.772485613822937,,0.17628200352191925,0.004584359936416149,0.1690797507762909,0.04966254532337189
rosenbrock,1.0,2,cholesky,5,exact_marginalization,8192,0.02,1000,3,rosenbrock,191,0.014507055282592773,-0.7675084471702576,,0.3060764670372009,0.002531785052269697,0.2845791280269623,0.11265481263399124
rosenbrock,1.0,2,cholesky,5,exact_marginalization,8192,0.02,1000,3,rosenbrock,192,0.01597738265991211,-0.7694599032402039,,0.1219353899359703,0.006527336779981852,0.10220006853342056,0.06618747115135193
rosenbrock,1.0,2,cholesky,5,exact_marginalization,8192,0.02,1000,3,rosenbrock,193,0.014654874801635742,-0.7689477205276489,,0.15276147425174713,0.006469177547842264,0.14214543998241425,0.055577799677848816
rosenbrock,1.0,2,cholesky,5,exact_marginalization,8192,0.02,1000,3,rosenbrock,194,0.014740943908691406,-0.7652568221092224,,0.2655365765094757,0.003941020462661982,0.2558402419090271,0.07099244743585587
rosenbrock,1.0,2,cholesky,5,exact_marginalization,8192,0.02,1000,3,rosenbrock,195,0.014560937881469727,-0.7653857469558716,,0.13129720091819763,0.00421897042542696,0.11977797001600266,0.05361337587237358
rosenbrock,1.0,2,cholesky,5,exact_marginalization,8192,0.02,1000,3,rosenbrock,196,0.014687061309814453,-0.765748143196106,,0.10417165607213974,0.003772260155528784,0.09508644789457321,0.04238007590174675
rosenbrock,1.0,2,cholesky,5,exact_marginalization,8192,0.02,1000,3,rosenbrock,197,0.014562129974365234,-0.7599872350692749,,0.2269066423177719,0.00857460591942072,0.2210489958524704,0.05050187557935715
rosenbrock,1.0,2,cholesky,5,exact_marginalization,8192,0.02,1000,3,rosenbrock,198,0.014885187149047852,-0.761148989200592,,0.18537333607673645,0.006256416440010071,0.1810808777809143,0.039164312183856964
rosenbrock,1.0,2,cholesky,5,exact_marginalization,8192,0.02,1000,3,rosenbrock,199,0.014716148376464844,-0.7567986845970154,,0.12580667436122894,0.0030181361362338066,0.11506861448287964,0.05076836794614792
rosenbrock,1.0,2,cholesky,5,exact_marginalization,8192,0.02,1000,3,rosenbrock,200,0.014684200286865234,-0.7611872553825378,,0.15864545106887817,0.003609160427004099,0.14919918775558472,0.053804799914360046
rosenbrock,1.0,2,cholesky,5,exact_marginalization,8192,0.02,1000,3,rosenbrock,201,0.01456594467163086,-0.7616737484931946,,0.19873423874378204,0.007773948833346367,0.1377914696931839,0.14299781620502472
rosenbrock,1.0,2,cholesky,5,exact_marginalization,8192,0.02,1000,3,rosenbrock,202,0.014640092849731445,-0.7602381706237793,,0.15496018528938293,0.0032736333087086678,0.13678377866744995,0.07274709641933441
rosenbrock,1.0,2,cholesky,5,exact_marginalization,8192,0.02,1000,3,rosenbrock,203,0.014599800109863281,-0.7535508871078491,,0.13998496532440186,0.0069666532799601555,0.11157450079917908,0.08425191789865494
rosenbrock,1.0,2,cholesky,5,exact_marginalization,8192,0.02,1000,3,rosenbrock,204,0.014533042907714844,-0.7533145546913147,,0.17288441956043243,0.002376277931034565,0.1538136601448059,0.07889700680971146
rosenbrock,1.0,2,cholesky,5,exact_marginalization,8192,0.02,1000,3,rosenbrock,205,0.014554262161254883,-0.7532695531845093,,0.22856642305850983,0.002934912219643593,0.19684617221355438,0.11612742394208908
rosenbrock,1.0,2,cholesky,5,exact_marginalization,8192,0.02,1000,3,rosenbrock,206,0.014557361602783203,-0.7497087121009827,,0.10739269107580185,0.002863638335838914,0.0971543937921524,0.04567289724946022
rosenbrock,1.0,2,cholesky,5,exact_marginalization,8192,0.02,1000,3,rosenbrock,207,0.01518106460571289,-0.7547138929367065,,0.14385315775871277,0.004881266504526138,0.13649621605873108,0.04515186324715614
rosenbrock,1.0,2,cholesky,5,exact_marginalization,8192,0.02,1000,3,rosenbrock,208,0.014900922775268555,-0.749171257019043,,0.2117699831724167,0.001311949105001986,0.202810138463974,0.060933127999305725
rosenbrock,1.0,2,cholesky,5,exact_marginalization,8192,0.02,1000,3,rosenbrock,209,0.014925241470336914,-0.7500072717666626,,0.1395009160041809,0.002562670735642314,0.12062118202447891,0.07003191113471985
rosenbrock,1.0,2,cholesky,5,exact_marginalization,8192,0.02,1000,3,rosenbrock,210,0.014608144760131836,-0.7516695857048035,,0.1175062283873558,0.004274970851838589,0.11003106832504272,0.04101954400539398
rosenbrock,1.0,2,cholesky,5,exact_marginalization,8192,0.02,1000,3,rosenbrock,211,0.014430046081542969,-0.7431215047836304,,0.1285921335220337,0.0025667466688901186,0.11162058264017105,0.06379806995391846
rosenbrock,1.0,2,cholesky,5,exact_marginalization,8192,0.02,1000,3,rosenbrock,212,0.014533758163452148,-0.7489956021308899,,0.1282801330089569,0.002836566884070635,0.12109975516796112,0.04222080856561661
rosenbrock,1.0,2,cholesky,5,exact_marginalization,8192,0.02,1000,3,rosenbrock,213,0.014565229415893555,-0.7396870255470276,,0.09524255245923996,0.004006452392786741,0.07574378699064255,0.057601820677518845
rosenbrock,1.0,2,cholesky,5,exact_marginalization,8192,0.02,1000,3,rosenbrock,214,0.014343976974487305,-0.7415533661842346,,0.10078898817300797,0.0015602315543219447,0.08335591107606888,0.0566372312605381
rosenbrock,1.0,2,cholesky,5,exact_marginalization,8192,0.02,1000,3,rosenbrock,215,0.014548063278198242,-0.7455754280090332,,0.09729491174221039,0.0044166408479213715,0.0910482257604599,0.03401489183306694
rosenbrock,1.0,2,cholesky,5,exact_marginalization,8192,0.02,1000,3,rosenbrock,216,0.015047311782836914,-0.7450084090232849,,0.12588636577129364,0.004798322916030884,0.11967139691114426,0.0387699268758297
rosenbrock,1.0,2,cholesky,5,exact_marginalization,8192,0.02,1000,3,rosenbrock,217,0.014578104019165039,-0.7361280918121338,,0.13318000733852386,0.002474063541740179,0.12483560293912888,0.04633427783846855
rosenbrock,1.0,2,cholesky,5,exact_marginalization,8192,0.02,1000,3,rosenbrock,218,0.01465606689453125,-0.7412712574005127,,0.10097148269414902,0.0030075963586568832,0.09145078808069229,0.042696017771959305
rosenbrock,1.0,2,cholesky,5,exact_marginalization,8192,0.02,1000,3,rosenbrock,219,0.014577865600585938,-0.7402045130729675,,0.14992615580558777,0.0035859555937349796,0.1323476880788803,0.07034973055124283
rosenbrock,1.0,2,cholesky,5,exact_marginalization,8192,0.02,1000,3,rosenbrock,220,0.014524221420288086,-0.7376782298088074,,0.14824217557907104,0.002695341594517231,0.1350257247686386,0.0611271895468235
rosenbrock,1.0,2,cholesky,5,exact_marginalization,8192,0.02,1000,3,rosenbrock,221,0.01458597183227539,-0.7383386492729187,,0.14954295754432678,0.002497405279427767,0.14489784836769104,0.03689815104007721
rosenbrock,1.0,2,cholesky,5,exact_marginalization,8192,0.02,1000,3,rosenbrock,222,0.014617919921875,-0.7415432333946228,,0.11366245150566101,0.003856042167171836,0.10340210050344467,0.04703497514128685
rosenbrock,1.0,2,cholesky,5,exact_marginalization,8192,0.02,1000,3,rosenbrock,223,0.014501810073852539,-0.7381070256233215,,0.16262994706630707,0.003347090445458889,0.1530281901359558,0.0549515075981617
rosenbrock,1.0,2,cholesky,5,exact_marginalization,8192,0.02,1000,3,rosenbrock,224,0.014699935913085938,-0.7368884086608887,,0.10379335284233093,0.0034176597837358713,0.08414120972156525,0.06067648530006409
rosenbrock,1.0,2,cholesky,5,exact_marginalization,8192,0.02,1000,3,rosenbrock,225,0.015537023544311523,-0.7330687046051025,,0.11876869946718216,0.002100937534123659,0.10311601310968399,0.05889548361301422
rosenbrock,1.0,2,cholesky,5,exact_marginalization,8192,0.02,1000,3,rosenbrock,226,0.014511823654174805,-0.7318830490112305,,0.10017174482345581,0.002821529982611537,0.0941849872469902,0.03399423882365227
rosenbrock,1.0,2,cholesky,5,exact_marginalization,8192,0.02,1000,3,rosenbrock,227,0.0164182186126709,-0.7295085191726685,,0.08953063935041428,0.0022511084098368883,0.07322346419095993,0.05146833509206772
rosenbrock,1.0,2,cholesky,5,exact_marginalization,8192,0.02,1000,3,rosenbrock,228,0.01857900619506836,-0.730021595954895,,0.10276362299919128,0.0017411934677511454,0.08325149118900299,0.06022059917449951
rosenbrock,1.0,2,cholesky,5,exact_marginalization,8192,0.02,1000,3,rosenbrock,229,0.017254114151000977,-0.7270388603210449,,0.15394964814186096,0.0029693644028156996,0.14395245909690857,0.05449190363287926
rosenbrock,1.0,2,cholesky,5,exact_marginalization,8192,0.02,1000,3,rosenbrock,230,0.01761007308959961,-0.7288130521774292,,0.12304192036390305,0.00278089614585042,0.08602724969387054,0.0879255011677742
rosenbrock,1.0,2,cholesky,5,exact_marginalization,8192,0.02,1000,3,rosenbrock,231,0.015977859497070312,-0.7309260964393616,,0.13129833340644836,0.005524101201444864,0.12195219844579697,0.04833630099892616
rosenbrock,1.0,2,cholesky,5,exact_marginalization,8192,0.02,1000,3,rosenbrock,232,0.015619039535522461,-0.7278096079826355,,0.13053351640701294,0.004800836555659771,0.12283996492624283,0.0438896007835865
rosenbrock,1.0,2,cholesky,5,exact_marginalization,8192,0.02,1000,3,rosenbrock,233,0.016579151153564453,-0.7283878326416016,,0.10571986436843872,0.004611702170222998,0.09096384793519974,0.053674954921007156
rosenbrock,1.0,2,cholesky,5,exact_marginalization,8192,0.02,1000,3,rosenbrock,234,0.016607999801635742,-0.7231386303901672,,0.0981505736708641,0.0038382397033274174,0.08560468256473541,0.04786064103245735
rosenbrock,1.0,2,cholesky,5,exact_marginalization,8192,0.02,1000,3,rosenbrock,235,0.016982078552246094,-0.7266389727592468,,0.12717299163341522,0.0045142644084990025,0.12167941778898239,0.03669761121273041
rosenbrock,1.0,2,cholesky,5,exact_marginalization,8192,0.02,1000,3,rosenbrock,236,0.01696181297302246,-0.7262380123138428,,0.12352930009365082,0.003833689261227846,0.07370740920305252,0.09905558079481125
rosenbrock,1.0,2,cholesky,5,exact_marginalization,8192,0.02,1000,3,rosenbrock,237,0.01863718032836914,-0.7239692211151123,,0.12962861359119415,0.00394172640517354,0.06554467976093292,0.11176732182502747
rosenbrock,1.0,2,cholesky,5,exact_marginalization,8192,0.02,1000,3,rosenbrock,238,0.018205881118774414,-0.7226731181144714,,0.1634044349193573,0.0027820724062621593,0.1458941251039505,0.07354029268026352
rosenbrock,1.0,2,cholesky,5,exact_marginalization,8192,0.02,1000,3,rosenbrock,239,0.01693105697631836,-0.7245184779167175,,0.10210882127285004,0.005231357645243406,0.08780290186405182,0.051860351115465164
rosenbrock,1.0,2,cholesky,5,exact_marginalization,8192,0.02,1000,3,rosenbrock,240,0.016197919845581055,-0.7210298776626587,,0.0975840836763382,0.0014886679127812386,0.0845390185713768,0.04871950298547745
rosenbrock,1.0,2,cholesky,5,exact_marginalization,8192,0.02,1000,3,rosenbrock,241,0.016465187072753906,-0.7234297394752502,,0.1298629343509674,0.003679747926071286,0.09318730235099792,0.09037128835916519
rosenbrock,1.0,2,cholesky,5,exact_marginalization,8192,0.02,1000,3,rosenbrock,242,0.01612114906311035,-0.7207914590835571,,0.12603121995925903,0.0016255525406450033,0.12185128033161163,0.032147977501153946
rosenbrock,1.0,2,cholesky,5,exact_marginalization,8192,0.02,1000,3,rosenbrock,243,0.01584911346435547,-0.7197094559669495,,0.10079432278871536,0.0034566663671284914,0.08724290877580643,0.05036091059446335
rosenbrock,1.0,2,cholesky,5,exact_marginalization,8192,0.02,1000,3,rosenbrock,244,0.016421794891357422,-0.7157190442085266,,0.11962408572435379,0.0018560312455520034,0.11688514798879623,0.025383859872817993
rosenbrock,1.0,2,cholesky,5,exact_marginalization,8192,0.02,1000,3,rosenbrock,245,0.015384197235107422,-0.7122137546539307,,0.13530825078487396,0.0044103660620749,0.12223655730485916,0.05785407871007919
rosenbrock,1.0,2,cholesky,5,exact_marginalization,8192,0.02,1000,3,rosenbrock,246,0.01622295379638672,-0.7125300168991089,,0.10928890854120255,0.002459264360368252,0.09796642512083054,0.04837973415851593
rosenbrock,1.0,2,cholesky,5,exact_marginalization,8192,0.02,1000,3,rosenbrock,247,0.015828847885131836,-0.7183897495269775,,0.13614784181118011,0.0016486310632899404,0.13113059103488922,0.036582544445991516
rosenbrock,1.0,2,cholesky,5,exact_marginalization,8192,0.02,1000,3,rosenbrock,248,0.015584945678710938,-0.7150037884712219,,0.14351949095726013,0.002776743844151497,0.13953566551208496,0.03346536308526993
rosenbrock,1.0,2,cholesky,5,exact_marginalization,8192,0.02,1000,3,rosenbrock,249,0.015152931213378906,-0.7092136144638062,,0.08759503811597824,0.0037465097848325968,0.07362271100282669,0.047313328832387924
rosenbrock,1.0,2,cholesky,5,exact_marginalization,8192,0.02,1000,3,rosenbrock,250,0.015388965606689453,-0.7145251035690308,,0.12725798785686493,0.0006251833401620388,0.10639873892068863,0.06981055438518524
rosenbrock,1.0,2,cholesky,5,exact_marginalization,8192,0.02,1000,3,rosenbrock,251,0.014745950698852539,-0.7117481231689453,,0.10009825974702835,0.0024809823371469975,0.07265512645244598,0.06880943477153778
rosenbrock,1.0,2,cholesky,5,exact_marginalization,8192,0.02,1000,3,rosenbrock,252,0.01448678970336914,-0.7060142755508423,,0.1170397698879242,0.004891614895313978,0.10353735089302063,0.05435436964035034
rosenbrock,1.0,2,cholesky,5,exact_marginalization,8192,0.02,1000,3,rosenbrock,253,0.014557123184204102,-0.7084690928459167,,0.08060616254806519,0.0034327502362430096,0.06574930995702744,0.04650373384356499
rosenbrock,1.0,2,cholesky,5,exact_marginalization,8192,0.02,1000,3,rosenbrock,254,0.01460409164428711,-0.7091127038002014,,0.1429973989725113,0.0025668584275990725,0.12536123394966125,0.06874757260084152
rosenbrock,1.0,2,cholesky,5,exact_marginalization,8192,0.02,1000,3,rosenbrock,255,0.014716863632202148,-0.708520770072937,,0.08422019332647324,0.0028768295887857676,0.07732024043798447,0.03326176851987839
rosenbrock,1.0,2,cholesky,5,exact_marginalization,8192,0.02,1000,3,rosenbrock,256,0.015701770782470703,-0.710135817527771,,0.17689993977546692,0.0042833806946873665,0.13781578838825226,0.11082439124584198
rosenbrock,1.0,2,cholesky,5,exact_marginalization,8192,0.02,1000,3,rosenbrock,257,0.01750326156616211,-0.703326940536499,,0.12428520619869232,0.0024865714367479086,0.11215618252754211,0.05349409952759743
rosenbrock,1.0,2,cholesky,5,exact_marginalization,8192,0.02,1000,3,rosenbrock,258,0.0170900821685791,-0.7070711255073547,,0.11394934356212616,0.007471711374819279,0.10846742242574692,0.03410932049155235
rosenbrock,1.0,2,cholesky,5,exact_marginalization,8192,0.02,1000,3,rosenbrock,259,0.015684843063354492,-0.7062379121780396,,0.15844357013702393,0.0032741858158260584,0.15424884855747223,0.03606848791241646
rosenbrock,1.0,2,cholesky,5,exact_marginalization,8192,0.02,1000,3,rosenbrock,260,0.014874696731567383,-0.7076510190963745,,0.11592540889978409,0.005702841095626354,0.11043185740709305,0.03479917347431183
rosenbrock,1.0,2,cholesky,5,exact_marginalization,8192,0.02,1000,3,rosenbrock,261,0.014599084854125977,-0.7015551328659058,,0.09432292729616165,0.002370926784351468,0.06722024828195572,0.06612587720155716
rosenbrock,1.0,2,cholesky,5,exact_marginalization,8192,0.02,1000,3,rosenbrock,262,0.014533281326293945,-0.706990122795105,,0.16041719913482666,0.0031070788390934467,0.15737581253051758,0.030933452770113945
rosenbrock,1.0,2,cholesky,5,exact_marginalization,8192,0.02,1000,3,rosenbrock,263,0.014566183090209961,-0.706333577632904,,0.12789210677146912,0.0038607423193752766,0.08945714682340622,0.09131761640310287
rosenbrock,1.0,2,cholesky,5,exact_marginalization,8192,0.02,1000,3,rosenbrock,264,0.014431953430175781,-0.7027645111083984,,0.1045914888381958,0.003404672723263502,0.10014251619577408,0.02998770773410797
rosenbrock,1.0,2,cholesky,5,exact_marginalization,8192,0.02,1000,3,rosenbrock,265,0.014410018920898438,-0.7004110813140869,,0.12147688865661621,0.002566182753071189,0.08887048810720444,0.08277731388807297
rosenbrock,1.0,2,cholesky,5,exact_marginalization,8192,0.02,1000,3,rosenbrock,266,0.014503002166748047,-0.7014801502227783,,0.17029407620429993,0.003349896287545562,0.16666872799396515,0.03479059785604477
rosenbrock,1.0,2,cholesky,5,exact_marginalization,8192,0.02,1000,3,rosenbrock,267,0.014402151107788086,-0.7036511301994324,,0.1272682249546051,0.002786176512017846,0.11098954826593399,0.06221545860171318
rosenbrock,1.0,2,cholesky,5,exact_marginalization,8192,0.02,1000,3,rosenbrock,268,0.014353036880493164,-0.7035107612609863,,0.16007164120674133,0.0053034014999866486,0.1534261703491211,0.04533444717526436
rosenbrock,1.0,2,cholesky,5,exact_marginalization,8192,0.02,1000,3,rosenbrock,269,0.014418840408325195,-0.6972007751464844,,0.20662656426429749,0.002184093464165926,0.1992569863796234,0.05464814975857735
rosenbrock,1.0,2,cholesky,5,exact_marginalization,8192,0.02,1000,3,rosenbrock,270,0.014333009719848633,-0.6969378590583801,,0.12903423607349396,0.003912119660526514,0.12349487841129303,0.037196025252342224
rosenbrock,1.0,2,cholesky,5,exact_marginalization,8192,0.02,1000,3,rosenbrock,271,0.014317035675048828,-0.698445200920105,,0.08531955629587173,0.003160956548526883,0.0775441899895668,0.03544478118419647
rosenbrock,1.0,2,cholesky,5,exact_marginalization,8192,0.02,1000,3,rosenbrock,272,0.014490842819213867,-0.6935460567474365,,0.12039396911859512,0.005275589879602194,0.09701841324567795,0.0710936114192009
rosenbrock,1.0,2,cholesky,5,exact_marginalization,8192,0.02,1000,3,rosenbrock,273,0.014258146286010742,-0.6990272998809814,,0.0991269126534462,0.0038352711126208305,0.09233023226261139,0.03586868941783905
rosenbrock,1.0,2,cholesky,5,exact_marginalization,8192,0.02,1000,3,rosenbrock,274,0.01427912712097168,-0.6956520080566406,,0.10043777525424957,0.004693581257015467,0.0891178771853447,0.04608384519815445
rosenbrock,1.0,2,cholesky,5,exact_marginalization,8192,0.02,1000,3,rosenbrock,275,0.014475107192993164,-0.6948538422584534,,0.14858750998973846,0.0036621184553951025,0.13672487437725067,0.05806158855557442
rosenbrock,1.0,2,cholesky,5,exact_marginalization,8192,0.02,1000,3,rosenbrock,276,0.014386892318725586,-0.6932870745658875,,0.07729841768741608,0.0036173188127577305,0.06417466700077057,0.042936842888593674
rosenbrock,1.0,2,cholesky,5,exact_marginalization,8192,0.02,1000,3,rosenbrock,277,0.014387845993041992,-0.6930643916130066,,0.1878526210784912,0.0024610869586467743,0.17117032408714294,0.0773516371846199
rosenbrock,1.0,2,cholesky,5,exact_marginalization,8192,0.02,1000,3,rosenbrock,278,0.014539957046508789,-0.6948220729827881,,0.08848950266838074,0.0025873819831758738,0.06978216767311096,0.0543520487844944
rosenbrock,1.0,2,cholesky,5,exact_marginalization,8192,0.02,1000,3,rosenbrock,279,0.015127897262573242,-0.6928993463516235,,0.10149098932743073,0.004143645986914635,0.09612808376550674,0.03228997439146042
rosenbrock,1.0,2,cholesky,5,exact_marginalization,8192,0.02,1000,3,rosenbrock,280,0.014295101165771484,-0.6945862174034119,,0.1009335145354271,0.0032769872341305017,0.08315593004226685,0.057113274931907654
rosenbrock,1.0,2,cholesky,5,exact_marginalization,8192,0.02,1000,3,rosenbrock,281,0.014353036880493164,-0.6890561580657959,,0.16005441546440125,0.0024899558629840612,0.15114784240722656,0.052588436752557755
rosenbrock,1.0,2,cholesky,5,exact_marginalization,8192,0.02,1000,3,rosenbrock,282,0.014377832412719727,-0.6859356164932251,,0.15967054665088654,0.0032173264771699905,0.1408083140850067,0.07521534711122513
rosenbrock,1.0,2,cholesky,5,exact_marginalization,8192,0.02,1000,3,rosenbrock,283,0.01427316665649414,-0.6872333288192749,,0.11903860419988632,0.0033224665094166994,0.10492760688066483,0.056119054555892944
rosenbrock,1.0,2,cholesky,5,exact_marginalization,8192,0.02,1000,3,rosenbrock,284,0.014391183853149414,-0.6885265111923218,,0.11650249361991882,0.004077161196619272,0.11128807067871094,0.03422238677740097
rosenbrock,1.0,2,cholesky,5,exact_marginalization,8192,0.02,1000,3,rosenbrock,285,0.01437997817993164,-0.686525285243988,,0.08237268030643463,0.003780496772378683,0.06299001723527908,0.052945468574762344
rosenbrock,1.0,2,cholesky,5,exact_marginalization,8192,0.02,1000,3,rosenbrock,286,0.014330863952636719,-0.6835171580314636,,0.14655722677707672,0.0028708744794130325,0.12532836198806763,0.07591826468706131
rosenbrock,1.0,2,cholesky,5,exact_marginalization,8192,0.02,1000,3,rosenbrock,287,0.014374256134033203,-0.6913591623306274,,0.2532132565975189,0.006306731607764959,0.22218561172485352,0.12128780782222748
rosenbrock,1.0,2,cholesky,5,exact_marginalization,8192,0.02,1000,3,rosenbrock,288,0.014322042465209961,-0.6837999820709229,,0.17187446355819702,0.002678508637472987,0.16678763926029205,0.041419126093387604
rosenbrock,1.0,2,cholesky,5,exact_marginalization,8192,0.02,1000,3,rosenbrock,289,0.01456308364868164,-0.6871023774147034,,0.11975043267011642,0.0021094547118991613,0.07093759626150131,0.09645503014326096
rosenbrock,1.0,2,cholesky,5,exact_marginalization,8192,0.02,1000,3,rosenbrock,290,0.014459848403930664,-0.6839561462402344,,0.264333039522171,0.003608036320656538,0.2477109730243683,0.09218573570251465
rosenbrock,1.0,2,cholesky,5,exact_marginalization,8192,0.02,1000,3,rosenbrock,291,0.014435768127441406,-0.680412232875824,,0.17145846784114838,0.003004424273967743,0.16685307025909424,0.039357755333185196
rosenbrock,1.0,2,cholesky,5,exact_marginalization,8192,0.02,1000,3,rosenbrock,292,0.014513254165649414,-0.6840518116950989,,0.13285991549491882,0.002807561308145523,0.10869114845991135,0.07635512948036194
rosenbrock,1.0,2,cholesky,5,exact_marginalization,8192,0.02,1000,3,rosenbrock,293,0.014452934265136719,-0.6885753870010376,,0.14179012179374695,0.004597891122102737,0.13231614232063293,0.050751686096191406
rosenbrock,1.0,2,cholesky,5,exact_marginalization,8192,0.02,1000,3,rosenbrock,294,0.01447606086730957,-0.6834761500358582,,0.3099879324436188,0.0022142797242850065,0.30134469270706177,0.07265664637088776
rosenbrock,1.0,2,cholesky,5,exact_marginalization,8192,0.02,1000,3,rosenbrock,295,0.014545917510986328,-0.6811476945877075,,0.14834396541118622,0.0037420678418129683,0.1408492922782898,0.046404801309108734
rosenbrock,1.0,2,cholesky,5,exact_marginalization,8192,0.02,1000,3,rosenbrock,296,0.014472007751464844,-0.6802058815956116,,0.07984224706888199,0.0029105711728334427,0.06899695843458176,0.04007159173488617
rosenbrock,1.0,2,cholesky,5,exact_marginalization,8192,0.02,1000,3,rosenbrock,297,0.014467954635620117,-0.6830355525016785,,0.2040604054927826,0.001974675804376602,0.19193561375141144,0.06926378607749939
rosenbrock,1.0,2,cholesky,5,exact_marginalization,8192,0.02,1000,3,rosenbrock,298,0.015198945999145508,-0.6772286891937256,,0.28127625584602356,0.002221485832706094,0.27363237738609314,0.06508994847536087
rosenbrock,1.0,2,cholesky,5,exact_marginalization,8192,0.02,1000,3,rosenbrock,299,0.014523029327392578,-0.6813036799430847,,0.09480049461126328,0.0026622177101671696,0.07375927269458771,0.05949467420578003
rosenbrock,1.0,2,cholesky,5,exact_marginalization,8192,0.02,1000,3,rosenbrock,300,0.014505147933959961,-0.6816655993461609,,0.1142677590250969,0.0053037418983876705,0.10825850069522858,0.03618132323026657
rosenbrock,1.0,2,cholesky,5,exact_marginalization,8192,0.02,1000,3,rosenbrock,301,0.014447927474975586,-0.6832348108291626,,0.2456837296485901,0.0033779132645577192,0.24373799562454224,0.030673662200570107
rosenbrock,1.0,2,cholesky,5,exact_marginalization,8192,0.02,1000,3,rosenbrock,302,0.014497995376586914,-0.6796367764472961,,0.20962747931480408,0.004752893466502428,0.20600010454654694,0.038536351174116135
rosenbrock,1.0,2,cholesky,5,exact_marginalization,8192,0.02,1000,3,rosenbrock,303,0.014544010162353516,-0.6780823469161987,,0.12982898950576782,0.00397310359403491,0.11083629727363586,0.06749144196510315
rosenbrock,1.0,2,cholesky,5,exact_marginalization,8192,0.02,1000,3,rosenbrock,304,0.014492988586425781,-0.6724748611450195,,0.18179143965244293,0.0018013766966760159,0.1739407628774643,0.052815597504377365
rosenbrock,1.0,2,cholesky,5,exact_marginalization,8192,0.02,1000,3,rosenbrock,305,0.017113208770751953,-0.6788370013237,,0.13497371971607208,0.003600061172619462,0.1253635734319687,0.04988907650113106
rosenbrock,1.0,2,cholesky,5,exact_marginalization,8192,0.02,1000,3,rosenbrock,306,0.01518106460571289,-0.6722798347473145,,0.09627065807580948,0.0013380582677200437,0.08525014668703079,0.044706378132104874
rosenbrock,1.0,2,cholesky,5,exact_marginalization,8192,0.02,1000,3,rosenbrock,307,0.014710187911987305,-0.6766670346260071,,0.09324237704277039,0.001670266268774867,0.08311468362808228,0.04222916066646576
rosenbrock,1.0,2,cholesky,5,exact_marginalization,8192,0.02,1000,3,rosenbrock,308,0.014677047729492188,-0.6722843050956726,,0.21774296462535858,0.0025226441211998463,0.19656740128993988,0.09363167732954025
rosenbrock,1.0,2,cholesky,5,exact_marginalization,8192,0.02,1000,3,rosenbrock,309,0.01465606689453125,-0.6762921810150146,,0.0989626795053482,0.0021112211979925632,0.08814731985330582,0.04493556171655655
rosenbrock,1.0,2,cholesky,5,exact_marginalization,8192,0.02,1000,3,rosenbrock,310,0.01635003089904785,-0.6702286601066589,,0.08875569701194763,0.0017685727216303349,0.08093001693487167,0.03639749437570572
rosenbrock,1.0,2,cholesky,5,exact_marginalization,8192,0.02,1000,3,rosenbrock,311,0.015882015228271484,-0.6727946400642395,,0.11045872420072556,0.0027416509110480547,0.1058526486158371,0.031445663422346115
rosenbrock,1.0,2,cholesky,5,exact_marginalization,8192,0.02,1000,3,rosenbrock,312,0.01495814323425293,-0.6725866794586182,,0.10979350656270981,0.0017788567347452044,0.09328557550907135,0.0578727088868618
rosenbrock,1.0,2,cholesky,5,exact_marginalization,8192,0.02,1000,3,rosenbrock,313,0.014763116836547852,-0.6701963543891907,,0.12714622914791107,0.00280473823659122,0.056987348943948746,0.1136254221200943
rosenbrock,1.0,2,cholesky,5,exact_marginalization,8192,0.02,1000,3,rosenbrock,314,0.014615058898925781,-0.6706278324127197,,0.12255322933197021,0.00416065426543355,0.11982692033052444,0.025367142632603645
rosenbrock,1.0,2,cholesky,5,exact_marginalization,8192,0.02,1000,3,rosenbrock,315,0.014654874801635742,-0.6692453026771545,,0.07005040347576141,0.0029104547575116158,0.06581705808639526,0.023805513978004456
rosenbrock,1.0,2,cholesky,5,exact_marginalization,8192,0.02,1000,3,rosenbrock,316,0.014754056930541992,-0.6720688939094543,,0.09847752749919891,0.0034512898419052362,0.07531940191984177,0.06334745138883591
rosenbrock,1.0,2,cholesky,5,exact_marginalization,8192,0.02,1000,3,rosenbrock,317,0.014639854431152344,-0.669385552406311,,0.0888468399643898,0.0060442425310611725,0.08314285427331924,0.030732616782188416
rosenbrock,1.0,2,cholesky,5,exact_marginalization,8192,0.02,1000,3,rosenbrock,318,0.014532089233398438,-0.6699683666229248,,0.07974392920732498,0.0025957096368074417,0.06621117889881134,0.04436706006526947
rosenbrock,1.0,2,cholesky,5,exact_marginalization,8192,0.02,1000,3,rosenbrock,319,0.014567852020263672,-0.6655031442642212,,0.08055893331766129,0.0020830926951020956,0.061010703444480896,0.05256516486406326
rosenbrock,1.0,2,cholesky,5,exact_marginalization,8192,0.02,1000,3,rosenbrock,320,0.014801979064941406,-0.6696293950080872,,0.09605704247951508,0.0032409443520009518,0.06897849589586258,0.06677141040563583
rosenbrock,1.0,2,cholesky,5,exact_marginalization,8192,0.02,1000,3,rosenbrock,321,0.014564990997314453,-0.6701260805130005,,0.13022194802761078,0.004770973697304726,0.12412606924772263,0.0390859879553318
rosenbrock,1.0,2,cholesky,5,exact_marginalization,8192,0.02,1000,3,rosenbrock,322,0.01450800895690918,-0.6699503660202026,,0.0888981893658638,0.0023270221427083015,0.08446517586708069,0.027624385431408882
rosenbrock,1.0,2,cholesky,5,exact_marginalization,8192,0.02,1000,3,rosenbrock,323,0.01444697380065918,-0.669006884098053,,0.08969055861234665,0.004288279451429844,0.08251331001520157,0.034893568605184555
rosenbrock,1.0,2,cholesky,5,exact_marginalization,8192,0.02,1000,3,rosenbrock,324,0.014513015747070312,-0.6634793281555176,,0.10403010249137878,0.0025670742616057396,0.09115013480186462,0.05007321387529373
rosenbrock,1.0,2,cholesky,5,exact_marginalization,8192,0.02,1000,3,rosenbrock,325,0.015256881713867188,-0.6639770865440369,,0.08857709914445877,0.002358272671699524,0.06555617600679398,0.05952083319425583
rosenbrock,1.0,2,cholesky,5,exact_marginalization,8192,0.02,1000,3,rosenbrock,326,0.01608872413635254,-0.6639269590377808,,0.1381818950176239,0.0019448064267635345,0.13485956192016602,0.030055789276957512
rosenbrock,1.0,2,cholesky,5,exact_marginalization,8192,0.02,1000,3,rosenbrock,327,0.01618790626525879,-0.6650309562683105,,0.07588033378124237,0.0009781061671674252,0.06244286522269249,0.043101705610752106
rosenbrock,1.0,2,cholesky,5,exact_marginalization,8192,0.02,1000,3,rosenbrock,328,0.01622605323791504,-0.6675041913986206,,0.12088898569345474,0.0046823169104754925,0.11278759688138962,0.043257128447294235
rosenbrock,1.0,2,cholesky,5,exact_marginalization,8192,0.02,1000,3,rosenbrock,329,0.016479015350341797,-0.6624854803085327,,0.10435059666633606,0.002288045594468713,0.09672165662050247,0.03909900039434433
rosenbrock,1.0,2,cholesky,5,exact_marginalization,8192,0.02,1000,3,rosenbrock,330,0.015686988830566406,-0.6638209223747253,,0.08888193964958191,0.0027155831921845675,0.07740465551614761,0.043602105230093
rosenbrock,1.0,2,cholesky,5,exact_marginalization,8192,0.02,1000,3,rosenbrock,331,0.016556978225708008,-0.6604954600334167,,0.10935460776090622,0.000988629530183971,0.09923149645328522,0.045940887182950974
rosenbrock,1.0,2,cholesky,5,exact_marginalization,8192,0.02,1000,3,rosenbrock,332,0.01644277572631836,-0.6625151634216309,,0.11163116991519928,0.003359180176630616,0.0895746573805809,0.06653282791376114
rosenbrock,1.0,2,cholesky,5,exact_marginalization,8192,0.02,1000,3,rosenbrock,333,0.017362356185913086,-0.6619981527328491,,0.13133342564105988,0.002922236453741789,0.11689911782741547,0.0597873292863369
rosenbrock,1.0,2,cholesky,5,exact_marginalization,8192,0.02,1000,3,rosenbrock,334,0.014994144439697266,-0.6623827815055847,,0.11271079629659653,0.001532234251499176,0.10786981880664825,0.0326417051255703
rosenbrock,1.0,2,cholesky,5,exact_marginalization,8192,0.02,1000,3,rosenbrock,335,0.01721787452697754,-0.6616804599761963,,0.1468118131160736,0.003026241436600685,0.1386532187461853,0.048164643347263336
rosenbrock,1.0,2,cholesky,5,exact_marginalization,8192,0.02,1000,3,rosenbrock,336,0.01603412628173828,-0.658157229423523,,0.10579536110162735,0.003334041917696595,0.07525346428155899,0.0742863342165947
rosenbrock,1.0,2,cholesky,5,exact_marginalization,8192,0.02,1000,3,rosenbrock,337,0.01514887809753418,-0.661360502243042,,0.1127563938498497,0.002379853744059801,0.07960795611143112,0.0798180028796196
rosenbrock,1.0,2,cholesky,5,exact_marginalization,8192,0.02,1000,3,rosenbrock,338,0.0149688720703125,-0.6599724888801575,,0.1821632832288742,0.003083634190261364,0.1706923246383667,0.06354589760303497
rosenbrock,1.0,2,cholesky,5,exact_marginalization,8192,0.02,1000,3,rosenbrock,339,0.01586627960205078,-0.658584475517273,,0.0652562603354454,0.0037604107055813074,0.058482442051172256,0.02870614267885685
rosenbrock,1.0,2,cholesky,5,exact_marginalization,8192,0.02,1000,3,rosenbrock,340,0.016157150268554688,-0.6598625779151917,,0.08035079389810562,0.004629921168088913,0.07323963940143585,0.032722607254981995
rosenbrock,1.0,2,cholesky,5,exact_marginalization,8192,0.02,1000,3,rosenbrock,341,0.015679121017456055,-0.6607313752174377,,0.1355254054069519,0.0020778258331120014,0.11269625276327133,0.07524873316287994
rosenbrock,1.0,2,cholesky,5,exact_marginalization,8192,0.02,1000,3,rosenbrock,342,0.014673948287963867,-0.6533657312393188,,0.08159506320953369,0.004306276794523001,0.07180282473564148,0.0385170541703701
rosenbrock,1.0,2,cholesky,5,exact_marginalization,8192,0.02,1000,3,rosenbrock,343,0.01461482048034668,-0.6553859114646912,,0.09204177558422089,0.002063949126750231,0.08453194051980972,0.03635627403855324
rosenbrock,1.0,2,cholesky,5,exact_marginalization,8192,0.02,1000,3,rosenbrock,344,0.014549016952514648,-0.6537014245986938,,0.07680272310972214,0.003745886730030179,0.06117105484008789,0.04628961905837059
rosenbrock,1.0,2,cholesky,5,exact_marginalization,8192,0.02,1000,3,rosenbrock,345,0.014585018157958984,-0.6570616960525513,,0.1257617324590683,0.005219785962253809,0.11401934921741486,0.0528048612177372
rosenbrock,1.0,2,cholesky,5,exact_marginalization,8192,0.02,1000,3,rosenbrock,346,0.014617919921875,-0.6589809060096741,,0.08022326231002808,0.0022803691681474447,0.06503577530384064,0.04691397398710251
rosenbrock,1.0,2,cholesky,5,exact_marginalization,8192,0.02,1000,3,rosenbrock,347,0.01459813117980957,-0.6574433445930481,,0.1340564489364624,0.0007947406847961247,0.08223789185285568,0.10586513578891754
rosenbrock,1.0,2,cholesky,5,exact_marginalization,8192,0.02,1000,3,rosenbrock,348,0.014596939086914062,-0.6561443209648132,,0.142799511551857,0.003138158703222871,0.10505197197198868,0.09667439013719559
rosenbrock,1.0,2,cholesky,5,exact_marginalization,8192,0.02,1000,3,rosenbrock,349,0.014569997787475586,-0.651685893535614,,0.14418961107730865,0.0026544579304754734,0.13956275582313538,0.03613627701997757
rosenbrock,1.0,2,cholesky,5,exact_marginalization,8192,0.02,1000,3,rosenbrock,350,0.014539957046508789,-0.6561920642852783,,0.09907335788011551,0.0015426140744239092,0.0759645476937294,0.0635809376835823
rosenbrock,1.0,2,cholesky,5,exact_marginalization,8192,0.02,1000,3,rosenbrock,351,0.016939163208007812,-0.6525659561157227,,0.08445841819047928,0.003104778239503503,0.060355909168720245,0.05899786576628685
rosenbrock,1.0,2,cholesky,5,exact_marginalization,8192,0.02,1000,3,rosenbrock,352,0.014757156372070312,-0.651979386806488,,0.11927927285432816,0.0016694871010258794,0.08403221517801285,0.08463655412197113
rosenbrock,1.0,2,cholesky,5,exact_marginalization,8192,0.02,1000,3,rosenbrock,353,0.014764070510864258,-0.6517014503479004,,0.10044342279434204,0.002897412981837988,0.09858782589435577,0.01899806410074234
rosenbrock,1.0,2,cholesky,5,exact_marginalization,8192,0.02,1000,3,rosenbrock,354,0.014636993408203125,-0.6487457156181335,,0.12774592638015747,0.004613106604665518,0.07509911805391312,0.10323692858219147
rosenbrock,1.0,2,cholesky,5,exact_marginalization,8192,0.02,1000,3,rosenbrock,355,0.014539003372192383,-0.6496952772140503,,0.08959365636110306,0.0015639805933460593,0.08297357708215714,0.033763349056243896
rosenbrock,1.0,2,cholesky,5,exact_marginalization,8192,0.02,1000,3,rosenbrock,356,0.014504194259643555,-0.6516091823577881,,0.08428245782852173,0.0024160733446478844,0.05542587488889694,0.06344814598560333
rosenbrock,1.0,2,cholesky,5,exact_marginalization,8192,0.02,1000,3,rosenbrock,357,0.014645814895629883,-0.651667594909668,,0.13422079384326935,0.0012615772429853678,0.07671830803155899,0.11012689024209976
rosenbrock,1.0,2,cholesky,5,exact_marginalization,8192,0.02,1000,3,rosenbrock,358,0.014594078063964844,-0.6476476788520813,,0.17291240394115448,0.0034824905451387167,0.16264083981513977,0.05860481783747673
rosenbrock,1.0,2,cholesky,5,exact_marginalization,8192,0.02,1000,3,rosenbrock,359,0.014456033706665039,-0.6493606567382812,,0.07897281646728516,0.00203235843218863,0.06484518200159073,0.04502974823117256
rosenbrock,1.0,2,cholesky,5,exact_marginalization,8192,0.02,1000,3,rosenbrock,360,0.014509916305541992,-0.6484194397926331,,0.09665520489215851,0.0021371084731072187,0.07446535676717758,0.061583854258060455
rosenbrock,1.0,2,cholesky,5,exact_marginalization,8192,0.02,1000,3,rosenbrock,361,0.014394998550415039,-0.6469650268554688,,0.12677760422229767,0.0030863704159855843,0.09306147694587708,0.08603835105895996
rosenbrock,1.0,2,cholesky,5,exact_marginalization,8192,0.02,1000,3,rosenbrock,362,0.014530181884765625,-0.6514002084732056,,0.10004536807537079,0.002871742006391287,0.08528799563646317,0.05221863090991974
rosenbrock,1.0,2,cholesky,5,exact_marginalization,8192,0.02,1000,3,rosenbrock,363,0.01445913314819336,-0.6527901291847229,,0.11433336138725281,0.004927705507725477,0.11070336401462555,0.028153160586953163
rosenbrock,1.0,2,cholesky,5,exact_marginalization,8192,0.02,1000,3,rosenbrock,364,0.014427900314331055,-0.6488644480705261,,0.10647446662187576,0.0029880753718316555,0.09190540760755539,0.05367754027247429
rosenbrock,1.0,2,cholesky,5,exact_marginalization,8192,0.02,1000,3,rosenbrock,365,0.01446080207824707,-0.6471711993217468,,0.10851893573999405,0.0021509621292352676,0.07697861641645432,0.07645929604768753
rosenbrock,1.0,2,cholesky,5,exact_marginalization,8192,0.02,1000,3,rosenbrock,366,0.01569199562072754,-0.6415470838546753,,0.07139064371585846,0.0015785889700055122,0.05957484245300293,0.03930610790848732
rosenbrock,1.0,2,cholesky,5,exact_marginalization,8192,0.02,1000,3,rosenbrock,367,0.016264915466308594,-0.6481100916862488,,0.07598329335451126,0.003999152220785618,0.06193159148097038,0.04383999481797218
rosenbrock,1.0,2,cholesky,5,exact_marginalization,8192,0.02,1000,3,rosenbrock,368,0.017728090286254883,-0.6469668745994568,,0.14506953954696655,0.00370572111569345,0.1344735026359558,0.05429842695593834
rosenbrock,1.0,2,cholesky,5,exact_marginalization,8192,0.02,1000,3,rosenbrock,369,0.016937971115112305,-0.6434260010719299,,0.17735448479652405,0.003202020423486829,0.16687636077404022,0.05997197702527046
rosenbrock,1.0,2,cholesky,5,exact_marginalization,8192,0.02,1000,3,rosenbrock,370,0.016208887100219727,-0.6390432119369507,,0.08800844103097916,0.0029485421255230904,0.07451298087835312,0.04673978313803673
rosenbrock,1.0,2,cholesky,5,exact_marginalization,8192,0.02,1000,3,rosenbrock,371,0.01977705955505371,-0.6422449350357056,,0.17267020046710968,0.0009813379729166627,0.15774689614772797,0.07021362334489822
rosenbrock,1.0,2,cholesky,5,exact_marginalization,8192,0.02,1000,3,rosenbrock,372,0.01653766632080078,-0.6455661654472351,,0.08061010390520096,0.0013161058304831386,0.07808824628591537,0.019962046295404434
rosenbrock,1.0,2,cholesky,5,exact_marginalization,8192,0.02,1000,3,rosenbrock,373,0.01564621925354004,-0.6441273093223572,,0.10270308703184128,0.006015674211084843,0.09085431694984436,0.0475102923810482
rosenbrock,1.0,2,cholesky,5,exact_marginalization,8192,0.02,1000,3,rosenbrock,374,0.016226768493652344,-0.6447277665138245,,0.12251154333353043,0.0022889263927936554,0.08338332921266556,0.08972769975662231
rosenbrock,1.0,2,cholesky,5,exact_marginalization,8192,0.02,1000,3,rosenbrock,375,0.016678810119628906,-0.6440085172653198,,0.10794265568256378,0.001321950345300138,0.10356174409389496,0.030411096289753914
rosenbrock,1.0,2,cholesky,5,exact_marginalization,8192,0.02,1000,3,rosenbrock,376,0.01594400405883789,-0.6451659202575684,,0.07742837071418762,0.0021251654252409935,0.07138220965862274,0.029920171946287155
rosenbrock,1.0,2,cholesky,5,exact_marginalization,8192,0.02,1000,3,rosenbrock,377,0.0157318115234375,-0.6463186144828796,,0.0888604074716568,0.002012301003560424,0.06692449003458023,0.05842290073633194
rosenbrock,1.0,2,cholesky,5,exact_marginalization,8192,0.02,1000,3,rosenbrock,378,0.014949321746826172,-0.6427105069160461,,0.09455892443656921,0.001257132738828659,0.08052615076303482,0.049551479518413544
rosenbrock,1.0,2,cholesky,5,exact_marginalization,8192,0.02,1000,3,rosenbrock,379,0.01614999771118164,-0.6439598798751831,,0.17605936527252197,0.0038380566984415054,0.1520913690328598,0.08860239386558533
rosenbrock,1.0,2,cholesky,5,exact_marginalization,8192,0.02,1000,3,rosenbrock,380,0.01622605323791504,-0.6437026262283325,,0.08624836057424545,0.002558744978159666,0.06767257302999496,0.05341026186943054
rosenbrock,1.0,2,cholesky,5,exact_marginalization,8192,0.02,1000,3,rosenbrock,381,0.015485048294067383,-0.6434715986251831,,0.09748958796262741,0.0020800537895411253,0.06796466559171677,0.0698619931936264
rosenbrock,1.0,2,cholesky,5,exact_marginalization,8192,0.02,1000,3,rosenbrock,382,0.015813827514648438,-0.6405856609344482,,0.12155909091234207,0.0029744943603873253,0.11626997590065002,0.03534200042486191
rosenbrock,1.0,2,cholesky,5,exact_marginalization,8192,0.02,1000,3,rosenbrock,383,0.015650033950805664,-0.6410473585128784,,0.09188085049390793,0.0026062733959406614,0.08913519233465195,0.022140827029943466
rosenbrock,1.0,2,cholesky,5,exact_marginalization,8192,0.02,1000,3,rosenbrock,384,0.015451908111572266,-0.639880359172821,,0.070502869784832,0.0016369958175346255,0.0583125539124012,0.03959319740533829
rosenbrock,1.0,2,cholesky,5,exact_marginalization,8192,0.02,1000,3,rosenbrock,385,0.015852689743041992,-0.6402488946914673,,0.10493727773427963,0.003102815942838788,0.07803300023078918,0.07009319961071014
rosenbrock,1.0,2,cholesky,5,exact_marginalization,8192,0.02,1000,3,rosenbrock,386,0.01586008071899414,-0.6375383138656616,,0.11381427198648453,0.002225094009190798,0.0750289261341095,0.08555348217487335
rosenbrock,1.0,2,cholesky,5,exact_marginalization,8192,0.02,1000,3,rosenbrock,387,0.015486001968383789,-0.6405184864997864,,0.09194651991128922,0.001829292974434793,0.061600036919116974,0.06823673099279404
rosenbrock,1.0,2,cholesky,5,exact_marginalization,8192,0.02,1000,3,rosenbrock,388,0.014777898788452148,-0.6440898180007935,,0.21009020507335663,0.0031076499726623297,0.20036685466766357,0.06309803575277328
rosenbrock,1.0,2,cholesky,5,exact_marginalization,8192,0.02,1000,3,rosenbrock,389,0.014653921127319336,-0.6356862187385559,,0.13971365988254547,0.0013011666014790535,0.1276792734861374,0.05671171844005585
rosenbrock,1.0,2,cholesky,5,exact_marginalization,8192,0.02,1000,3,rosenbrock,390,0.014564037322998047,-0.6378409266471863,,0.13711296021938324,0.004710650071501732,0.13272736966609955,0.034076642245054245
rosenbrock,1.0,2,cholesky,5,exact_marginalization,8192,0.02,1000,3,rosenbrock,391,0.014650821685791016,-0.638065755367279,,0.07640329748392105,0.0020821932703256607,0.07068337500095367,0.028930749744176865
rosenbrock,1.0,2,cholesky,5,exact_marginalization,8192,0.02,1000,3,rosenbrock,392,0.014676809310913086,-0.6326459646224976,,0.09527627378702164,0.0023279120214283466,0.078592449426651,0.05380868911743164
rosenbrock,1.0,2,cholesky,5,exact_marginalization,8192,0.02,1000,3,rosenbrock,393,0.014558076858520508,-0.6385403871536255,,0.1891239881515503,0.0026065034326165915,0.16922177374362946,0.08441019803285599
rosenbrock,1.0,2,cholesky,5,exact_marginalization,8192,0.02,1000,3,rosenbrock,394,0.01460409164428711,-0.6403558254241943,,0.10639569908380508,0.004189816303551197,0.05983004719018936,0.08787977695465088
rosenbrock,1.0,2,cholesky,5,exact_marginalization,8192,0.02,1000,3,rosenbrock,395,0.014571905136108398,-0.6380002498626709,,0.08478017896413803,0.0015208212425932288,0.05855581536889076,0.06129096448421478
rosenbrock,1.0,2,cholesky,5,exact_marginalization,8192,0.02,1000,3,rosenbrock,396,0.014599323272705078,-0.6347948312759399,,0.11336072534322739,0.001852246350608766,0.07429493963718414,0.08560073375701904
rosenbrock,1.0,2,cholesky,5,exact_marginalization,8192,0.02,1000,3,rosenbrock,397,0.014535188674926758,-0.6379069089889526,,0.10957647114992142,0.004982608836144209,0.0986025333404541,0.04753648117184639
rosenbrock,1.0,2,cholesky,5,exact_marginalization,8192,0.02,1000,3,rosenbrock,398,0.014737129211425781,-0.6339772343635559,,0.10349605232477188,0.0010293342638760805,0.09399136900901794,0.04331276938319206
rosenbrock,1.0,2,cholesky,5,exact_marginalization,8192,0.02,1000,3,rosenbrock,399,0.014615058898925781,-0.634422779083252,,0.15588240325450897,0.003127450356259942,0.09557434916496277,0.12310599535703659
rosenbrock,1.0,2,cholesky,5,exact_marginalization,8192,0.02,1000,3,rosenbrock,400,0.014566183090209961,-0.6353658437728882,,0.12419512122869492,0.002006499096751213,0.11377792060375214,0.0497492179274559
rosenbrock,1.0,2,cholesky,5,exact_marginalization,8192,0.02,1000,3,rosenbrock,401,0.014697074890136719,-0.6325551271438599,,0.09152662009000778,0.0035255441907793283,0.07316216826438904,0.05488159507513046
rosenbrock,1.0,2,cholesky,5,exact_marginalization,8192,0.02,1000,3,rosenbrock,402,0.014497995376586914,-0.6374201774597168,,0.0815349668264389,0.0028700705152004957,0.05303965508937836,0.061858776956796646
rosenbrock,1.0,2,cholesky,5,exact_marginalization,8192,0.02,1000,3,rosenbrock,403,0.014617204666137695,-0.6344797611236572,,0.09623788297176361,0.0032111608888953924,0.05485621467232704,0.07900769263505936
rosenbrock,1.0,2,cholesky,5,exact_marginalization,8192,0.02,1000,3,rosenbrock,404,0.014714717864990234,-0.6352021098136902,,0.0933678075671196,0.003469460178166628,0.08420704305171967,0.04018312320113182
rosenbrock,1.0,2,cholesky,5,exact_marginalization,8192,0.02,1000,3,rosenbrock,405,0.014612913131713867,-0.6311823129653931,,0.14641793072223663,0.003286762163043022,0.13283999264240265,0.06148937717080116
rosenbrock,1.0,2,cholesky,5,exact_marginalization,8192,0.02,1000,3,rosenbrock,406,0.014833211898803711,-0.6317058205604553,,0.11255785077810287,0.0030769892036914825,0.10618473589420319,0.037210263311862946
rosenbrock,1.0,2,cholesky,5,exact_marginalization,8192,0.02,1000,3,rosenbrock,407,0.014874935150146484,-0.632778525352478,,0.10602131485939026,0.0008396998746320605,0.1011127233505249,0.03187526389956474
rosenbrock,1.0,2,cholesky,5,exact_marginalization,8192,0.02,1000,3,rosenbrock,408,0.014628887176513672,-0.6349514722824097,,0.1739557534456253,0.003467991715297103,0.1493934988975525,0.08905144780874252
rosenbrock,1.0,2,cholesky,5,exact_marginalization,8192,0.02,1000,3,rosenbrock,409,0.014619112014770508,-0.6329652070999146,,0.08977847546339035,0.001302953576669097,0.07904362678527832,0.04255097359418869
rosenbrock,1.0,2,cholesky,5,exact_marginalization,8192,0.02,1000,3,rosenbrock,410,0.01448512077331543,-0.6308218240737915,,0.11310983449220657,0.0020820978097617626,0.10055654495954514,0.051748260855674744
rosenbrock,1.0,2,cholesky,5,exact_marginalization,8192,0.02,1000,3,rosenbrock,411,0.014496088027954102,-0.6268512010574341,,0.27911868691444397,0.0014409675495699048,0.25290197134017944,0.11809215694665909
rosenbrock,1.0,2,cholesky,5,exact_marginalization,8192,0.02,1000,3,rosenbrock,412,0.014567852020263672,-0.626479983329773,,0.07906155288219452,0.005804380867630243,0.06745999306440353,0.040818970650434494
rosenbrock,1.0,2,cholesky,5,exact_marginalization,8192,0.02,1000,3,rosenbrock,413,0.01452183723449707,-0.627059817314148,,0.12545619904994965,0.0027225513476878405,0.12022809684276581,0.035735830664634705
rosenbrock,1.0,2,cholesky,5,exact_marginalization,8192,0.02,1000,3,rosenbrock,414,0.014597892761230469,-0.6287125945091248,,0.12131528556346893,0.00237039802595973,0.10255390405654907,0.06476476788520813
rosenbrock,1.0,2,cholesky,5,exact_marginalization,8192,0.02,1000,3,rosenbrock,415,0.014489173889160156,-0.6291859745979309,,0.12261410802602768,0.0027030690107494593,0.11285647749900818,0.047857385128736496
rosenbrock,1.0,2,cholesky,5,exact_marginalization,8192,0.02,1000,3,rosenbrock,416,0.014484882354736328,-0.6265577077865601,,0.13930149376392365,0.0038049332797527313,0.13427886366844177,0.03687295317649841
rosenbrock,1.0,2,cholesky,5,exact_marginalization,8192,0.02,1000,3,rosenbrock,417,0.014490127563476562,-0.6300266981124878,,0.10191389173269272,0.0023495457135140896,0.09878451377153397,0.024950817227363586
rosenbrock,1.0,2,cholesky,5,exact_marginalization,8192,0.02,1000,3,rosenbrock,418,0.014512062072753906,-0.6270536184310913,,0.08929649740457535,0.003006887389346957,0.06172015145421028,0.06446274369955063
rosenbrock,1.0,2,cholesky,5,exact_marginalization,8192,0.02,1000,3,rosenbrock,419,0.014503240585327148,-0.6271791458129883,,0.14556704461574554,0.0018755767960101366,0.13236793875694275,0.060539066791534424
rosenbrock,1.0,2,cholesky,5,exact_marginalization,8192,0.02,1000,3,rosenbrock,420,0.01464390754699707,-0.6288222074508667,,0.10265658795833588,0.004537936300039291,0.08271609991788864,0.06062862277030945
rosenbrock,1.0,2,cholesky,5,exact_marginalization,8192,0.02,1000,3,rosenbrock,421,0.01444101333618164,-0.6286249160766602,,0.10993987321853638,0.001674360129982233,0.10420162975788116,0.035014159977436066
rosenbrock,1.0,2,cholesky,5,exact_marginalization,8192,0.02,1000,3,rosenbrock,422,0.014472007751464844,-0.6234750747680664,,0.15207712352275848,0.003128327429294586,0.14725467562675476,0.03786453232169151
rosenbrock,1.0,2,cholesky,5,exact_marginalization,8192,0.02,1000,3,rosenbrock,423,0.014496088027954102,-0.6268645524978638,,0.08148972690105438,0.00215436820872128,0.0754326581954956,0.030754651874303818
rosenbrock,1.0,2,cholesky,5,exact_marginalization,8192,0.02,1000,3,rosenbrock,424,0.014451026916503906,-0.6301061511039734,,0.1275598406791687,0.002779303817078471,0.11958480626344681,0.04430865868926048
rosenbrock,1.0,2,cholesky,5,exact_marginalization,8192,0.02,1000,3,rosenbrock,425,0.014467716217041016,-0.6240870952606201,,0.09979916363954544,0.002936584409326315,0.09049738198518753,0.04196993634104729
rosenbrock,1.0,2,cholesky,5,exact_marginalization,8192,0.02,1000,3,rosenbrock,426,0.014489173889160156,-0.6294441819190979,,0.11062220484018326,0.006355435121804476,0.09651726484298706,0.053677741438150406
rosenbrock,1.0,2,cholesky,5,exact_marginalization,8192,0.02,1000,3,rosenbrock,427,0.014644145965576172,-0.6225479245185852,,0.08619173616170883,0.0035919302608817816,0.059396740049123764,0.06235494837164879
rosenbrock,1.0,2,cholesky,5,exact_marginalization,8192,0.02,1000,3,rosenbrock,428,0.014436960220336914,-0.6280633807182312,,0.1239786446094513,0.0023736997973173857,0.1057855412364006,0.06461028009653091
rosenbrock,1.0,2,cholesky,5,exact_marginalization,8192,0.02,1000,3,rosenbrock,429,0.014479875564575195,-0.6224657297134399,,0.15482771396636963,0.005847534164786339,0.14757946133613586,0.046451386064291
rosenbrock,1.0,2,cholesky,5,exact_marginalization,8192,0.02,1000,3,rosenbrock,430,0.014430999755859375,-0.6260626316070557,,0.07898916304111481,0.00198057247325778,0.06826812028884888,0.03968411684036255
rosenbrock,1.0,2,cholesky,5,exact_marginalization,8192,0.02,1000,3,rosenbrock,431,0.014512062072753906,-0.6235685348510742,,0.09546959400177002,0.0022589813452214003,0.07027528434991837,0.06458114832639694
rosenbrock,1.0,2,cholesky,5,exact_marginalization,8192,0.02,1000,3,rosenbrock,432,0.014491796493530273,-0.6232702136039734,,0.0992492139339447,0.0005442578112706542,0.0792156383395195,0.05979125201702118
rosenbrock,1.0,2,cholesky,5,exact_marginalization,8192,0.02,1000,3,rosenbrock,433,0.01458597183227539,-0.6205249428749084,,0.08619362860918045,0.003201811807230115,0.06923875212669373,0.05123557522892952
rosenbrock,1.0,2,cholesky,5,exact_marginalization,8192,0.02,1000,3,rosenbrock,434,0.014562129974365234,-0.6212185621261597,,0.14140684902668,0.002804809482768178,0.13750509917736053,0.032869163900613785
rosenbrock,1.0,2,cholesky,5,exact_marginalization,8192,0.02,1000,3,rosenbrock,435,0.014481306076049805,-0.6221028566360474,,0.1425992250442505,0.0034427426289767027,0.13637666404247284,0.04152220860123634
rosenbrock,1.0,2,cholesky,5,exact_marginalization,8192,0.02,1000,3,rosenbrock,436,0.014424800872802734,-0.6204147338867188,,0.10233224928379059,0.003397370222955942,0.09857869893312454,0.02725043334066868
rosenbrock,1.0,2,cholesky,5,exact_marginalization,8192,0.02,1000,3,rosenbrock,437,0.014497995376586914,-0.6236627101898193,,0.1528833508491516,0.001310507534071803,0.1325686275959015,0.07613908499479294
rosenbrock,1.0,2,cholesky,5,exact_marginalization,8192,0.02,1000,3,rosenbrock,438,0.014399051666259766,-0.6247807741165161,,0.09325888007879257,0.0013005828950554132,0.08848012983798981,0.029441332444548607
rosenbrock,1.0,2,cholesky,5,exact_marginalization,8192,0.02,1000,3,rosenbrock,439,0.014404058456420898,-0.6195942759513855,,0.09110160917043686,0.0008698933525010943,0.06523342430591583,0.06358733028173447
rosenbrock,1.0,2,cholesky,5,exact_marginalization,8192,0.02,1000,3,rosenbrock,440,0.014573097229003906,-0.6238396167755127,,0.15368209779262543,0.004289811477065086,0.1306256651878357,0.08084996789693832
rosenbrock,1.0,2,cholesky,5,exact_marginalization,8192,0.02,1000,3,rosenbrock,441,0.01443791389465332,-0.6241419911384583,,0.09094157069921494,0.002509216545149684,0.08324790745973587,0.036522023379802704
rosenbrock,1.0,2,cholesky,5,exact_marginalization,8192,0.02,1000,3,rosenbrock,442,0.0173342227935791,-0.6230694055557251,,0.11540912091732025,0.0039453464560210705,0.10965490341186523,0.03577009215950966
rosenbrock,1.0,2,cholesky,5,exact_marginalization,8192,0.02,1000,3,rosenbrock,443,0.015211820602416992,-0.6264111995697021,,0.0970848873257637,0.004914337303489447,0.07943520694971085,0.0556001141667366
rosenbrock,1.0,2,cholesky,5,exact_marginalization,8192,0.02,1000,3,rosenbrock,444,0.014726877212524414,-0.616856038570404,,0.12042440474033356,0.00366284791380167,0.10618557035923004,0.056685492396354675
rosenbrock,1.0,2,cholesky,5,exact_marginalization,8192,0.02,1000,3,rosenbrock,445,0.014666080474853516,-0.6195377111434937,,0.12771987915039062,0.00030154173146001995,0.10519423335790634,0.07243236154317856
rosenbrock,1.0,2,cholesky,5,exact_marginalization,8192,0.02,1000,3,rosenbrock,446,0.014626026153564453,-0.6164015531539917,,0.1469273865222931,0.0017381362849846482,0.1409001499414444,0.04161471128463745
rosenbrock,1.0,2,cholesky,5,exact_marginalization,8192,0.02,1000,3,rosenbrock,447,0.014663934707641602,-0.6219801902770996,,0.1558077335357666,0.002933746436610818,0.14789360761642456,0.04893794655799866
rosenbrock,1.0,2,cholesky,5,exact_marginalization,8192,0.02,1000,3,rosenbrock,448,0.014650106430053711,-0.6213065385818481,,0.08868014812469482,0.002889191033318639,0.0766812264919281,0.044450096786022186
rosenbrock,1.0,2,cholesky,5,exact_marginalization,8192,0.02,1000,3,rosenbrock,449,0.01468801498413086,-0.6195202469825745,,0.0908023789525032,0.0022255037911236286,0.08423367142677307,0.033834975212812424
rosenbrock,1.0,2,cholesky,5,exact_marginalization,8192,0.02,1000,3,rosenbrock,450,0.014566183090209961,-0.6201607584953308,,0.09722930192947388,0.001008849823847413,0.08365623652935028,0.04953939467668533
rosenbrock,1.0,2,cholesky,5,exact_marginalization,8192,0.02,1000,3,rosenbrock,451,0.014603137969970703,-0.6161357760429382,,0.08628488332033157,0.004192098509520292,0.07801183313131332,0.03662868216633797
rosenbrock,1.0,2,cholesky,5,exact_marginalization,8192,0.02,1000,3,rosenbrock,452,0.015832185745239258,-0.6146886348724365,,0.09118375927209854,0.0020401652436703444,0.07840148359537125,0.04651365801692009
rosenbrock,1.0,2,cholesky,5,exact_marginalization,8192,0.02,1000,3,rosenbrock,453,0.014811992645263672,-0.6212175488471985,,0.07367116212844849,0.0037709008902311325,0.06247028708457947,0.03886750712990761
rosenbrock,1.0,2,cholesky,5,exact_marginalization,8192,0.02,1000,3,rosenbrock,454,0.014674901962280273,-0.6213037967681885,,0.1105271503329277,0.0035980313550680876,0.09842192381620407,0.050164029002189636
rosenbrock,1.0,2,cholesky,5,exact_marginalization,8192,0.02,1000,3,rosenbrock,455,0.014704704284667969,-0.6222019195556641,,0.07045295834541321,0.0020973747596144676,0.05898813530802727,0.038465842604637146
rosenbrock,1.0,2,cholesky,5,exact_marginalization,8192,0.02,1000,3,rosenbrock,456,0.014684915542602539,-0.6150962114334106,,0.13735555112361908,0.003568869549781084,0.10826630890369415,0.08445248007774353
rosenbrock,1.0,2,cholesky,5,exact_marginalization,8192,0.02,1000,3,rosenbrock,457,0.014684200286865234,-0.618874192237854,,0.1314755380153656,0.004325950052589178,0.12276622653007507,0.046856749802827835
rosenbrock,1.0,2,cholesky,5,exact_marginalization,8192,0.02,1000,3,rosenbrock,458,0.014698028564453125,-0.6212589144706726,,0.13620437681674957,0.0031086846720427275,0.12352318316698074,0.05730611830949783
rosenbrock,1.0,2,cholesky,5,exact_marginalization,8192,0.02,1000,3,rosenbrock,459,0.014628887176513672,-0.6157602667808533,,0.1665458232164383,0.002734646899625659,0.15686260163784027,0.055894169956445694
rosenbrock,1.0,2,cholesky,5,exact_marginalization,8192,0.02,1000,3,rosenbrock,460,0.014718770980834961,-0.6222795248031616,,0.1732301563024521,0.0035525502171367407,0.12932230532169342,0.11520335078239441
rosenbrock,1.0,2,cholesky,5,exact_marginalization,8192,0.02,1000,3,rosenbrock,461,0.014706850051879883,-0.6151223182678223,,0.10216931998729706,0.004282988607883453,0.09456274658441544,0.03844622150063515
rosenbrock,1.0,2,cholesky,5,exact_marginalization,8192,0.02,1000,3,rosenbrock,462,0.01459503173828125,-0.6199541687965393,,0.20240965485572815,0.0032076463103294373,0.19104081392288208,0.06680410355329514
rosenbrock,1.0,2,cholesky,5,exact_marginalization,8192,0.02,1000,3,rosenbrock,463,0.014546871185302734,-0.6143475770950317,,0.08375589549541473,0.0036685909144580364,0.07641515880823135,0.0340927354991436
rosenbrock,1.0,2,cholesky,5,exact_marginalization,8192,0.02,1000,3,rosenbrock,464,0.01459813117980957,-0.61887127161026,,0.10163114964962006,0.0034120483323931694,0.09344014525413513,0.03982695937156677
rosenbrock,1.0,2,cholesky,5,exact_marginalization,8192,0.02,1000,3,rosenbrock,465,0.01630997657775879,-0.6146281957626343,,0.1201104149222374,0.004178304225206375,0.08525542914867401,0.08450186997652054
rosenbrock,1.0,2,cholesky,5,exact_marginalization,8192,0.02,1000,3,rosenbrock,466,0.015316009521484375,-0.6141934990882874,,0.17893116176128387,0.004500998184084892,0.16347965598106384,0.07259828597307205
rosenbrock,1.0,2,cholesky,5,exact_marginalization,8192,0.02,1000,3,rosenbrock,467,0.015079975128173828,-0.6159655451774597,,0.07956469058990479,0.0022984796669334173,0.07111092656850815,0.03561592102050781
rosenbrock,1.0,2,cholesky,5,exact_marginalization,8192,0.02,1000,3,rosenbrock,468,0.017946720123291016,-0.6178141236305237,,0.09371019154787064,0.0027913812082260847,0.06205783784389496,0.07016146928071976
rosenbrock,1.0,2,cholesky,5,exact_marginalization,8192,0.02,1000,3,rosenbrock,469,0.01774907112121582,-0.6097878813743591,,0.1399061530828476,0.0027639728505164385,0.13459505140781403,0.0380822978913784
rosenbrock,1.0,2,cholesky,5,exact_marginalization,8192,0.02,1000,3,rosenbrock,470,0.017204761505126953,-0.6160857081413269,,0.1292635202407837,0.00687439925968647,0.12122748047113419,0.044336166232824326
rosenbrock,1.0,2,cholesky,5,exact_marginalization,8192,0.02,1000,3,rosenbrock,471,0.016170024871826172,-0.6160765886306763,,0.13932305574417114,0.002864925656467676,0.12921442091464996,0.05202248692512512
rosenbrock,1.0,2,cholesky,5,exact_marginalization,8192,0.02,1000,3,rosenbrock,472,0.016267061233520508,-0.6194632053375244,,0.1362152099609375,0.004519321024417877,0.13182353973388672,0.03401050716638565
rosenbrock,1.0,2,cholesky,5,exact_marginalization,8192,0.02,1000,3,rosenbrock,473,0.01703667640686035,-0.6156765222549438,,0.08404161036014557,0.0037488683592528105,0.07573568820953369,0.03623594343662262
rosenbrock,1.0,2,cholesky,5,exact_marginalization,8192,0.02,1000,3,rosenbrock,474,0.01711893081665039,-0.6156546473503113,,0.09389105439186096,0.004706959240138531,0.08791667968034744,0.032619502395391464
rosenbrock,1.0,2,cholesky,5,exact_marginalization,8192,0.02,1000,3,rosenbrock,475,0.01598501205444336,-0.6169124841690063,,0.08137138187885284,0.0027462649159133434,0.06556499749422073,0.0481143556535244
rosenbrock,1.0,2,cholesky,5,exact_marginalization,8192,0.02,1000,3,rosenbrock,476,0.016491174697875977,-0.6117282509803772,,0.09641478955745697,0.0013080805074423552,0.08294841647148132,0.04912900552153587
rosenbrock,1.0,2,cholesky,5,exact_marginalization,8192,0.02,1000,3,rosenbrock,477,0.01655411720275879,-0.6105378866195679,,0.10329672694206238,0.0015114491106942296,0.08297495543956757,0.06150680407881737
rosenbrock,1.0,2,cholesky,5,exact_marginalization,8192,0.02,1000,3,rosenbrock,478,0.019659996032714844,-0.6133255958557129,,0.08848460018634796,0.0017909103771671653,0.0646190196275711,0.06042102351784706
rosenbrock,1.0,2,cholesky,5,exact_marginalization,8192,0.02,1000,3,rosenbrock,479,0.018113136291503906,-0.6141478419303894,,0.10172000527381897,0.003096738364547491,0.07807133346796036,0.06513246148824692
rosenbrock,1.0,2,cholesky,5,exact_marginalization,8192,0.02,1000,3,rosenbrock,480,0.01635599136352539,-0.6130989193916321,,0.09915304183959961,0.002622424392029643,0.09053866565227509,0.04033855348825455
rosenbrock,1.0,2,cholesky,5,exact_marginalization,8192,0.02,1000,3,rosenbrock,481,0.019948244094848633,-0.6135468482971191,,0.11185108870267868,0.002805163851007819,0.10499709844589233,0.03845006227493286
rosenbrock,1.0,2,cholesky,5,exact_marginalization,8192,0.02,1000,3,rosenbrock,482,0.018191099166870117,-0.6117386817932129,,0.09581296145915985,0.002307055052369833,0.0875924825668335,0.038760267198085785
rosenbrock,1.0,2,cholesky,5,exact_marginalization,8192,0.02,1000,3,rosenbrock,483,0.01687312126159668,-0.611887514591217,,0.09617679566144943,0.0025121832732111216,0.08571992069482803,0.04354032501578331
rosenbrock,1.0,2,cholesky,5,exact_marginalization,8192,0.02,1000,3,rosenbrock,484,0.01613903045654297,-0.6073101758956909,,0.07880590856075287,0.0024842703714966774,0.06144173443317413,0.04928603768348694
rosenbrock,1.0,2,cholesky,5,exact_marginalization,8192,0.02,1000,3,rosenbrock,485,0.016913175582885742,-0.6118478775024414,,0.1094905436038971,0.0022634679917246103,0.08102709800004959,0.07360479980707169
rosenbrock,1.0,2,cholesky,5,exact_marginalization,8192,0.02,1000,3,rosenbrock,486,0.015825748443603516,-0.6119363307952881,,0.054284386336803436,0.0026732152327895164,0.04246516525745392,0.03370991349220276
rosenbrock,1.0,2,cholesky,5,exact_marginalization,8192,0.02,1000,3,rosenbrock,487,0.016836166381835938,-0.6111452579498291,,0.07552602142095566,0.002325759269297123,0.05695844069123268,0.04954298585653305
rosenbrock,1.0,2,cholesky,5,exact_marginalization,8192,0.02,1000,3,rosenbrock,488,0.016254186630249023,-0.6123888492584229,,0.07349816709756851,0.001898441114462912,0.06618819385766983,0.03189825639128685
rosenbrock,1.0,2,cholesky,5,exact_marginalization,8192,0.02,1000,3,rosenbrock,489,0.01584792137145996,-0.6101397275924683,,0.09818490594625473,0.0036741888616234064,0.07109399884939194,0.06761966645717621
rosenbrock,1.0,2,cholesky,5,exact_marginalization,8192,0.02,1000,3,rosenbrock,490,0.01634502410888672,-0.6092761158943176,,0.0984761193394661,0.002720709890127182,0.08391230553388596,0.051467154175043106
rosenbrock,1.0,2,cholesky,5,exact_marginalization,8192,0.02,1000,3,rosenbrock,491,0.016191959381103516,-0.6085359454154968,,0.08644048124551773,0.0022516839671880007,0.07871121168136597,0.03565710783004761
rosenbrock,1.0,2,cholesky,5,exact_marginalization,8192,0.02,1000,3,rosenbrock,492,0.015532970428466797,-0.611122190952301,,0.11739490181207657,0.002191693289205432,0.09130875766277313,0.073752760887146
rosenbrock,1.0,2,cholesky,5,exact_marginalization,8192,0.02,1000,3,rosenbrock,493,0.015479087829589844,-0.609832227230072,,0.13577808439731598,0.0015708928694948554,0.12863412499427795,0.04343365132808685
rosenbrock,1.0,2,cholesky,5,exact_marginalization,8192,0.02,1000,3,rosenbrock,494,0.016083955764770508,-0.6109718680381775,,0.0653131976723671,0.0021243966184556484,0.05549783259630203,0.034369926899671555
rosenbrock,1.0,2,cholesky,5,exact_marginalization,8192,0.02,1000,3,rosenbrock,495,0.016523122787475586,-0.6105295419692993,,0.10571582615375519,0.0033460245467722416,0.08706922829151154,0.05986308306455612
rosenbrock,1.0,2,cholesky,5,exact_marginalization,8192,0.02,1000,3,rosenbrock,496,0.01785111427307129,-0.6074012517929077,,0.07013504207134247,0.0020312375854700804,0.06592016667127609,0.023860642686486244
rosenbrock,1.0,2,cholesky,5,exact_marginalization,8192,0.02,1000,3,rosenbrock,497,0.016209840774536133,-0.6109477877616882,,0.12572205066680908,0.0032683347817510366,0.08568698167800903,0.09194071590900421
rosenbrock,1.0,2,cholesky,5,exact_marginalization,8192,0.02,1000,3,rosenbrock,498,0.016668081283569336,-0.6063120365142822,,0.06596087664365768,0.002496106317266822,0.0506383515894413,0.04219435527920723
rosenbrock,1.0,2,cholesky,5,exact_marginalization,8192,0.02,1000,3,rosenbrock,499,0.014807701110839844,-0.610075831413269,,0.10127485543489456,0.001114236656576395,0.08535131067037582,0.054502375423908234
rosenbrock,1.0,2,cholesky,5,exact_marginalization,8192,0.02,1000,3,rosenbrock,500,0.01510310173034668,-0.608177661895752,,0.16136619448661804,0.00557349156588316,0.12252380698919296,0.10486134141683578
rosenbrock,1.0,2,cholesky,5,exact_marginalization,8192,0.02,1000,3,rosenbrock,501,0.015167951583862305,-0.6123005151748657,,0.08859825879335403,0.0024968087673187256,0.06746204197406769,0.05737848952412605
rosenbrock,1.0,2,cholesky,5,exact_marginalization,8192,0.02,1000,3,rosenbrock,502,0.01464986801147461,-0.6064785122871399,,0.1588568240404129,0.00252747954800725,0.14434143900871277,0.0662921816110611
rosenbrock,1.0,2,cholesky,5,exact_marginalization,8192,0.02,1000,3,rosenbrock,503,0.014781951904296875,-0.6078577041625977,,0.22171650826931,0.003430053358897567,0.1801568865776062,0.12918953597545624
rosenbrock,1.0,2,cholesky,5,exact_marginalization,8192,0.02,1000,3,rosenbrock,504,0.016188859939575195,-0.6080400347709656,,0.09415052831172943,0.002291493583470583,0.06658851355314255,0.06652100384235382
rosenbrock,1.0,2,cholesky,5,exact_marginalization,8192,0.02,1000,3,rosenbrock,505,0.01740288734436035,-0.6102750301361084,,0.10026589781045914,0.0014333900762721896,0.08766601234674454,0.04864015802741051
rosenbrock,1.0,2,cholesky,5,exact_marginalization,8192,0.02,1000,3,rosenbrock,506,0.016726970672607422,-0.605038583278656,,0.16823063790798187,0.0037004142068326473,0.14872798323631287,0.07853559404611588
rosenbrock,1.0,2,cholesky,5,exact_marginalization,8192,0.02,1000,3,rosenbrock,507,0.015919208526611328,-0.6028101444244385,,0.07110070437192917,0.001800347468815744,0.05970335751771927,0.038569122552871704
rosenbrock,1.0,2,cholesky,5,exact_marginalization,8192,0.02,1000,3,rosenbrock,508,0.0175931453704834,-0.6077135801315308,,0.10334520787000656,0.0035812444984912872,0.05008931830525398,0.09032423794269562
rosenbrock,1.0,2,cholesky,5,exact_marginalization,8192,0.02,1000,3,rosenbrock,509,0.017431020736694336,-0.6050752401351929,,0.0914456844329834,0.0011676107533276081,0.07554183900356293,0.0515206977725029
rosenbrock,1.0,2,cholesky,5,exact_marginalization,8192,0.02,1000,3,rosenbrock,510,0.018764972686767578,-0.6058521270751953,,0.1570550501346588,0.0012944582849740982,0.13065674901008606,0.08714026212692261
rosenbrock,1.0,2,cholesky,5,exact_marginalization,8192,0.02,1000,3,rosenbrock,511,0.01963210105895996,-0.6127760410308838,,0.16874787211418152,0.004071935545653105,0.12399453669786453,0.11438801884651184
rosenbrock,1.0,2,cholesky,5,exact_marginalization,8192,0.02,1000,3,rosenbrock,512,0.021934032440185547,-0.6033228635787964,,0.07369498163461685,0.0011167009361088276,0.05086255818605423,0.05331699550151825
rosenbrock,1.0,2,cholesky,5,exact_marginalization,8192,0.02,1000,3,rosenbrock,513,0.0225069522857666,-0.6042583584785461,,0.09887881577014923,0.002448831917718053,0.09307151287794113,0.03329741209745407
rosenbrock,1.0,2,cholesky,5,exact_marginalization,8192,0.02,1000,3,rosenbrock,514,0.018764019012451172,-0.6066268682479858,,0.19997170567512512,0.003728300565853715,0.19571353495121002,0.040877893567085266
rosenbrock,1.0,2,cholesky,5,exact_marginalization,8192,0.02,1000,3,rosenbrock,515,0.01731276512145996,-0.6097567081451416,,0.11361606419086456,0.002637656405568123,0.10560285300016403,0.041829295456409454
rosenbrock,1.0,2,cholesky,5,exact_marginalization,8192,0.02,1000,3,rosenbrock,516,0.017848730087280273,-0.607303261756897,,0.12498761713504791,0.003517407225444913,0.05689854919910431,0.11122988909482956
rosenbrock,1.0,2,cholesky,5,exact_marginalization,8192,0.02,1000,3,rosenbrock,517,0.016546964645385742,-0.6069234609603882,,0.12357214838266373,0.0011777555337175727,0.07373639941215515,0.09915458410978317
rosenbrock,1.0,2,cholesky,5,exact_marginalization,8192,0.02,1000,3,rosenbrock,518,0.01701807975769043,-0.5996202826499939,,0.240648090839386,0.0013899232726544142,0.23369887471199036,0.05739690735936165
rosenbrock,1.0,2,cholesky,5,exact_marginalization,8192,0.02,1000,3,rosenbrock,519,0.01764369010925293,-0.6032444834709167,,0.10816799849271774,0.0017935625510290265,0.1035962626338005,0.031063050031661987
rosenbrock,1.0,2,cholesky,5,exact_marginalization,8192,0.02,1000,3,rosenbrock,520,0.017091035842895508,-0.5992292165756226,,0.1036875993013382,0.003482988104224205,0.0647067129611969,0.08094459772109985
rosenbrock,1.0,2,cholesky,5,exact_marginalization,8192,0.02,1000,3,rosenbrock,521,0.015949726104736328,-0.6032249331474304,,0.1287364661693573,0.0019417052390053868,0.10611974447965622,0.0728553831577301
rosenbrock,1.0,2,cholesky,5,exact_marginalization,8192,0.02,1000,3,rosenbrock,522,0.01702404022216797,-0.6057386994361877,,0.2566903233528137,0.001537970150820911,0.2462289184331894,0.07251816987991333
rosenbrock,1.0,2,cholesky,5,exact_marginalization,8192,0.02,1000,3,rosenbrock,523,0.020289182662963867,-0.6023414134979248,,0.10957236588001251,0.002160162664949894,0.10494406521320343,0.031435370445251465
rosenbrock,1.0,2,cholesky,5,exact_marginalization,8192,0.02,1000,3,rosenbrock,524,0.016665935516357422,-0.6042007207870483,,0.19183407723903656,0.0030809242743998766,0.16840492188930511,0.09181833267211914
rosenbrock,1.0,2,cholesky,5,exact_marginalization,8192,0.02,1000,3,rosenbrock,525,0.023267030715942383,-0.6009525060653687,,0.1429356187582016,0.004529453814029694,0.1130630299448967,0.08733171224594116
rosenbrock,1.0,2,cholesky,5,exact_marginalization,8192,0.02,1000,3,rosenbrock,526,0.018663883209228516,-0.6066679954528809,,0.24200208485126495,0.0027203881181776524,0.23428569734096527,0.06056247279047966
rosenbrock,1.0,2,cholesky,5,exact_marginalization,8192,0.02,1000,3,rosenbrock,527,0.01643991470336914,-0.5990495681762695,,0.10912071913480759,0.005048236809670925,0.07737524062395096,0.07677837461233139
rosenbrock,1.0,2,cholesky,5,exact_marginalization,8192,0.02,1000,3,rosenbrock,528,0.015223979949951172,-0.6032536029815674,,0.28950831294059753,0.001967904856428504,0.2670687139034271,0.11173853278160095
rosenbrock,1.0,2,cholesky,5,exact_marginalization,8192,0.02,1000,3,rosenbrock,529,0.016726970672607422,-0.6005942225456238,,0.09716092795133591,0.0025913515128195286,0.0760168731212616,0.06045632064342499
rosenbrock,1.0,2,cholesky,5,exact_marginalization,8192,0.02,1000,3,rosenbrock,530,0.01606297492980957,-0.5984809994697571,,0.07008476555347443,0.0019103976665064692,0.040617622435092926,0.057082682847976685
rosenbrock,1.0,2,cholesky,5,exact_marginalization,8192,0.02,1000,3,rosenbrock,531,0.01566314697265625,-0.5972696542739868,,0.14206799864768982,0.0029288851656019688,0.08579623699188232,0.11319780349731445
rosenbrock,1.0,2,cholesky,5,exact_marginalization,8192,0.02,1000,3,rosenbrock,532,0.016334056854248047,-0.6023715734481812,,0.12071169912815094,0.004090145695954561,0.06630650162696838,0.10078706592321396
rosenbrock,1.0,2,cholesky,5,exact_marginalization,8192,0.02,1000,3,rosenbrock,533,0.015366792678833008,-0.6051076650619507,,0.08646507561206818,0.0034089910332113504,0.047639913856983185,0.07207653671503067
rosenbrock,1.0,2,cholesky,5,exact_marginalization,8192,0.02,1000,3,rosenbrock,534,0.015670061111450195,-0.602363109588623,,0.09422146528959274,0.004327936097979546,0.08147802948951721,0.04711989685893059
rosenbrock,1.0,2,cholesky,5,exact_marginalization,8192,0.02,1000,3,rosenbrock,535,0.015888214111328125,-0.602074921131134,,0.10724161565303802,0.0034650862216949463,0.07250294089317322,0.07894353568553925
rosenbrock,1.0,2,cholesky,5,exact_marginalization,8192,0.02,1000,3,rosenbrock,536,0.01591014862060547,-0.6015254259109497,,0.09198600053787231,0.0036657508462667465,0.06306618452072144,0.06686285883188248
rosenbrock,1.0,2,cholesky,5,exact_marginalization,8192,0.02,1000,3,rosenbrock,537,0.015060186386108398,-0.602751612663269,,0.1325245052576065,0.004825221840292215,0.09085078537464142,0.09636180847883224
rosenbrock,1.0,2,cholesky,5,exact_marginalization,8192,0.02,1000,3,rosenbrock,538,0.01483917236328125,-0.5994390249252319,,0.11637001484632492,0.002592373639345169,0.07715271413326263,0.08707881718873978
rosenbrock,1.0,2,cholesky,5,exact_marginalization,8192,0.02,1000,3,rosenbrock,539,0.014764785766601562,-0.600603461265564,,0.11544219404459,0.0030546525958925486,0.10394048690795898,0.05013927072286606
rosenbrock,1.0,2,cholesky,5,exact_marginalization,8192,0.02,1000,3,rosenbrock,540,0.014798879623413086,-0.6006538271903992,,0.20777708292007446,0.0025107571855187416,0.18492846190929413,0.09469147026538849
rosenbrock,1.0,2,cholesky,5,exact_marginalization,8192,0.02,1000,3,rosenbrock,541,0.014660120010375977,-0.6027019023895264,,0.14598383009433746,0.0028856920544058084,0.10939612984657288,0.09662008285522461
rosenbrock,1.0,2,cholesky,5,exact_marginalization,8192,0.02,1000,3,rosenbrock,542,0.014889001846313477,-0.5988125801086426,,0.1129797026515007,0.0021110959351062775,0.0697420984506607,0.088859423995018
rosenbrock,1.0,2,cholesky,5,exact_marginalization,8192,0.02,1000,3,rosenbrock,543,0.015526771545410156,-0.6017782688140869,,0.1693340539932251,0.0014855368062853813,0.16641230881214142,0.031285032629966736
rosenbrock,1.0,2,cholesky,5,exact_marginalization,8192,0.02,1000,3,rosenbrock,544,0.014745712280273438,-0.6012729406356812,,0.1639377474784851,0.0038226500619202852,0.12737874686717987,0.10312918573617935
rosenbrock,1.0,2,cholesky,5,exact_marginalization,8192,0.02,1000,3,rosenbrock,545,0.014750957489013672,-0.6018462181091309,,0.07575281709432602,0.0025311571080237627,0.06069382652640343,0.04525860399007797
rosenbrock,1.0,2,cholesky,5,exact_marginalization,8192,0.02,1000,3,rosenbrock,546,0.014651060104370117,-0.6025000214576721,,0.09915132075548172,0.0012464590836316347,0.09323263168334961,0.03372102230787277
rosenbrock,1.0,2,cholesky,5,exact_marginalization,8192,0.02,1000,3,rosenbrock,547,0.014535903930664062,-0.5940183401107788,,0.1456918716430664,0.0028832738753408194,0.1216142475605011,0.08017347753047943
rosenbrock,1.0,2,cholesky,5,exact_marginalization,8192,0.02,1000,3,rosenbrock,548,0.01477503776550293,-0.6049147844314575,,0.10891640931367874,0.002186969853937626,0.1021360456943512,0.03776541352272034
rosenbrock,1.0,2,cholesky,5,exact_marginalization,8192,0.02,1000,3,rosenbrock,549,0.017000198364257812,-0.5986922383308411,,0.17717988789081573,0.004703297279775143,0.1660790890455246,0.06154933571815491
rosenbrock,1.0,2,cholesky,5,exact_marginalization,8192,0.02,1000,3,rosenbrock,550,0.016763925552368164,-0.5999769568443298,,0.05182661488652229,0.004011256154626608,0.03673669323325157,0.036336250603199005
rosenbrock,1.0,2,cholesky,5,exact_marginalization,8192,0.02,1000,3,rosenbrock,551,0.015939950942993164,-0.6010406017303467,,0.12109591066837311,0.0020215173717588186,0.11174051463603973,0.046628229320049286
rosenbrock,1.0,2,cholesky,5,exact_marginalization,8192,0.02,1000,3,rosenbrock,552,0.01660895347595215,-0.5985526442527771,,0.17626042664051056,0.0027319721411913633,0.1533283293247223,0.08689473569393158
rosenbrock,1.0,2,cholesky,5,exact_marginalization,8192,0.02,1000,3,rosenbrock,553,0.01698589324951172,-0.5988792777061462,,0.12899422645568848,0.003195414086803794,0.11867072433233261,0.050463445484638214
rosenbrock,1.0,2,cholesky,5,exact_marginalization,8192,0.02,1000,3,rosenbrock,554,0.018236875534057617,-0.6006399989128113,,0.09919653832912445,0.0032945999410003424,0.07771017402410507,0.06156483292579651
rosenbrock,1.0,2,cholesky,5,exact_marginalization,8192,0.02,1000,3,rosenbrock,555,0.016988277435302734,-0.6027354598045349,,0.11831874400377274,0.0020283570047467947,0.10374724864959717,0.05684821680188179
rosenbrock,1.0,2,cholesky,5,exact_marginalization,8192,0.02,1000,3,rosenbrock,556,0.017163991928100586,-0.5994682908058167,,0.10518913716077805,0.002731313230469823,0.08787893503904343,0.057745885103940964
rosenbrock,1.0,2,cholesky,5,exact_marginalization,8192,0.02,1000,3,rosenbrock,557,0.016716957092285156,-0.5970953106880188,,0.10555698722600937,0.0020634590182453394,0.09382033348083496,0.04832975193858147
rosenbrock,1.0,2,cholesky,5,exact_marginalization,8192,0.02,1000,3,rosenbrock,558,0.016598939895629883,-0.5954165458679199,,0.1754608005285263,0.002673632698133588,0.163140669465065,0.06453268229961395
rosenbrock,1.0,2,cholesky,5,exact_marginalization,8192,0.02,1000,3,rosenbrock,559,0.017109155654907227,-0.5998382568359375,,0.13639862835407257,0.001373925944790244,0.12228503823280334,0.060407526791095734
rosenbrock,1.0,2,cholesky,5,exact_marginalization,8192,0.02,1000,3,rosenbrock,560,0.015302181243896484,-0.6003440618515015,,0.15527524054050446,0.00377662549726665,0.14037534594535828,0.0662638321518898
rosenbrock,1.0,2,cholesky,5,exact_marginalization,8192,0.02,1000,3,rosenbrock,561,0.01882481575012207,-0.5960057973861694,,0.11070486903190613,0.004241510760039091,0.08101445436477661,0.07532753050327301
rosenbrock,1.0,2,cholesky,5,exact_marginalization,8192,0.02,1000,3,rosenbrock,562,0.018522977828979492,-0.5979022979736328,,0.1135420873761177,0.002031266689300537,0.09580893814563751,0.06089603900909424
rosenbrock,1.0,2,cholesky,5,exact_marginalization,8192,0.02,1000,3,rosenbrock,563,0.017143964767456055,-0.5988694429397583,,0.11872834712266922,0.002068578964099288,0.11202555149793625,0.03927359730005264
rosenbrock,1.0,2,cholesky,5,exact_marginalization,8192,0.02,1000,3,rosenbrock,564,0.015608072280883789,-0.5954257249832153,,0.13040043413639069,0.0028890594840049744,0.11975520104169846,0.05152301862835884
rosenbrock,1.0,2,cholesky,5,exact_marginalization,8192,0.02,1000,3,rosenbrock,565,0.016536235809326172,-0.5985013842582703,,0.10820303857326508,0.0017926943255588412,0.0881536677479744,0.06271854788064957
rosenbrock,1.0,2,cholesky,5,exact_marginalization,8192,0.02,1000,3,rosenbrock,566,0.016148090362548828,-0.5979223251342773,,0.1492301970720291,0.004585349000990391,0.13964690268039703,0.05241537466645241
rosenbrock,1.0,2,cholesky,5,exact_marginalization,8192,0.02,1000,3,rosenbrock,567,0.016609907150268555,-0.5974540710449219,,0.10060229897499084,0.0030253881122916937,0.088822141289711,0.047141239047050476
rosenbrock,1.0,2,cholesky,5,exact_marginalization,8192,0.02,1000,3,rosenbrock,568,0.01633906364440918,-0.5988364219665527,,0.09434466063976288,0.002936011180281639,0.07643350213766098,0.05522875115275383
rosenbrock,1.0,2,cholesky,5,exact_marginalization,8192,0.02,1000,3,rosenbrock,569,0.019289255142211914,-0.597358226776123,,0.13355481624603271,0.001991290133446455,0.12740547955036163,0.04000956565141678
rosenbrock,1.0,2,cholesky,5,exact_marginalization,8192,0.02,1000,3,rosenbrock,570,0.01869678497314453,-0.5916575193405151,,0.120325967669487,0.0019590500742197037,0.08669117838144302,0.08342145383358002
rosenbrock,1.0,2,cholesky,5,exact_marginalization,8192,0.02,1000,3,rosenbrock,571,0.018145084381103516,-0.5946732759475708,,0.17908120155334473,0.0016597053036093712,0.17048011720180511,0.0548073947429657
rosenbrock,1.0,2,cholesky,5,exact_marginalization,8192,0.02,1000,3,rosenbrock,572,0.017953157424926758,-0.5955705642700195,,0.07612448185682297,0.003130900440737605,0.06699175387620926,0.03601721301674843
rosenbrock,1.0,2,cholesky,5,exact_marginalization,8192,0.02,1000,3,rosenbrock,573,0.01681995391845703,-0.597963273525238,,0.15864120423793793,0.0034912489354610443,0.1508939117193222,0.04884538799524307
rosenbrock,1.0,2,cholesky,5,exact_marginalization,8192,0.02,1000,3,rosenbrock,574,0.015224695205688477,-0.5978846549987793,,0.07767187058925629,0.0016194620402529836,0.05357716232538223,0.056211963295936584
rosenbrock,1.0,2,cholesky,5,exact_marginalization,8192,0.02,1000,3,rosenbrock,575,0.016260147094726562,-0.5957815051078796,,0.12257647514343262,0.0017745352815836668,0.06029364466667175,0.1067076325416565
rosenbrock,1.0,2,cholesky,5,exact_marginalization,8192,0.02,1000,3,rosenbrock,576,0.01576399803161621,-0.589837908744812,,0.11701881885528564,0.002743514021858573,0.10167697817087173,0.05785904824733734
rosenbrock,1.0,2,cholesky,5,exact_marginalization,8192,0.02,1000,3,rosenbrock,577,0.01589822769165039,-0.5969284772872925,,0.0811600536108017,0.004217548295855522,0.06257438659667969,0.051513224840164185
rosenbrock,1.0,2,cholesky,5,exact_marginalization,8192,0.02,1000,3,rosenbrock,578,0.016870737075805664,-0.5920532941818237,,0.0684826672077179,0.002466096542775631,0.0620017871260643,0.028975380584597588
rosenbrock,1.0,2,cholesky,5,exact_marginalization,8192,0.02,1000,3,rosenbrock,579,0.015538930892944336,-0.5962975025177002,,0.06675887852907181,0.002499276539310813,0.05591516196727753,0.03638676553964615
rosenbrock,1.0,2,cholesky,5,exact_marginalization,8192,0.02,1000,3,rosenbrock,580,0.015389204025268555,-0.5951130986213684,,0.13436657190322876,0.004043931141495705,0.10469383746385574,0.08412621915340424
rosenbrock,1.0,2,cholesky,5,exact_marginalization,8192,0.02,1000,3,rosenbrock,581,0.015133857727050781,-0.596541166305542,,0.1634560078382492,0.003487419104203582,0.15658122301101685,0.04677632078528404
rosenbrock,1.0,2,cholesky,5,exact_marginalization,8192,0.02,1000,3,rosenbrock,582,0.016197919845581055,-0.5960320830345154,,0.12066057324409485,0.003107733093202114,0.09679558128118515,0.07197172939777374
rosenbrock,1.0,2,cholesky,5,exact_marginalization,8192,0.02,1000,3,rosenbrock,583,0.01580333709716797,-0.5941802859306335,,0.08305216580629349,0.0031704858411103487,0.07232051342725754,0.04071062058210373
rosenbrock,1.0,2,cholesky,5,exact_marginalization,8192,0.02,1000,3,rosenbrock,584,0.016704082489013672,-0.5965900421142578,,0.15413141250610352,0.0025087574031203985,0.12953147292137146,0.0834972932934761
rosenbrock,1.0,2,cholesky,5,exact_marginalization,8192,0.02,1000,3,rosenbrock,585,0.01570296287536621,-0.5978092551231384,,0.07521269470453262,0.0022967697586864233,0.05714256316423416,0.04885081574320793
rosenbrock,1.0,2,cholesky,5,exact_marginalization,8192,0.02,1000,3,rosenbrock,586,0.01480722427368164,-0.5912412405014038,,0.08311723917722702,0.0024664984084665775,0.03415525332093239,0.07573512941598892
rosenbrock,1.0,2,cholesky,5,exact_marginalization,8192,0.02,1000,3,rosenbrock,587,0.01473689079284668,-0.5997135043144226,,0.13790978491306305,0.0019554076716303825,0.10042957961559296,0.09449435025453568
rosenbrock,1.0,2,cholesky,5,exact_marginalization,8192,0.02,1000,3,rosenbrock,588,0.01471090316772461,-0.5948818922042847,,0.1170719712972641,0.002528589917346835,0.046366993337869644,0.1074688583612442
rosenbrock,1.0,2,cholesky,5,exact_marginalization,8192,0.02,1000,3,rosenbrock,589,0.014685869216918945,-0.5931553840637207,,0.08256543427705765,0.002431329572573304,0.06346645951271057,0.05275556072592735
rosenbrock,1.0,2,cholesky,5,exact_marginalization,8192,0.02,1000,3,rosenbrock,590,0.01464986801147461,-0.5915804505348206,,0.09024970233440399,0.004215797875076532,0.07477445900440216,0.05035887658596039
rosenbrock,1.0,2,cholesky,5,exact_marginalization,8192,0.02,1000,3,rosenbrock,591,0.014697790145874023,-0.5925645232200623,,0.12826292216777802,0.00213876785710454,0.11554184556007385,0.05564959719777107
rosenbrock,1.0,2,cholesky,5,exact_marginalization,8192,0.02,1000,3,rosenbrock,592,0.014652013778686523,-0.5911595821380615,,0.10864687711000443,0.0016440920298919082,0.09202228486537933,0.05773507058620453
rosenbrock,1.0,2,cholesky,5,exact_marginalization,8192,0.02,1000,3,rosenbrock,593,0.015318870544433594,-0.5952284932136536,,0.09073739498853683,0.0038010114803910255,0.08379081636667252,0.03461108356714249
rosenbrock,1.0,2,cholesky,5,exact_marginalization,8192,0.02,1000,3,rosenbrock,594,0.014764070510864258,-0.6002384424209595,,0.13210053741931915,0.002452882006764412,0.10196682065725327,0.08394821733236313
rosenbrock,1.0,2,cholesky,5,exact_marginalization,8192,0.02,1000,3,rosenbrock,595,0.014590024948120117,-0.5927325487136841,,0.082511305809021,0.0015228581614792347,0.0712529867887497,0.04157894477248192
rosenbrock,1.0,2,cholesky,5,exact_marginalization,8192,0.02,1000,3,rosenbrock,596,0.014598846435546875,-0.5953437089920044,,0.08678372949361801,0.004031624179333448,0.0666218250989914,0.05546794831752777
rosenbrock,1.0,2,cholesky,5,exact_marginalization,8192,0.02,1000,3,rosenbrock,597,0.01462697982788086,-0.5952007174491882,,0.08950501680374146,0.0016724113374948502,0.06620214879512787,0.060213182121515274
rosenbrock,1.0,2,cholesky,5,exact_marginalization,8192,0.02,1000,3,rosenbrock,598,0.014619827270507812,-0.5897901058197021,,0.12236513197422028,0.0037539086770266294,0.05305720120668411,0.11020011454820633
rosenbrock,1.0,2,cholesky,5,exact_marginalization,8192,0.02,1000,3,rosenbrock,599,0.014610052108764648,-0.5975642204284668,,0.08762488514184952,0.0034753349609673023,0.0753469467163086,0.04459685832262039
rosenbrock,1.0,2,cholesky,5,exact_marginalization,8192,0.02,1000,3,rosenbrock,600,0.014587879180908203,-0.5911663770675659,,0.09766552597284317,0.0033976431004703045,0.0613701157271862,0.0758994072675705
rosenbrock,1.0,2,cholesky,5,exact_marginalization,8192,0.02,1000,3,rosenbrock,601,0.014587879180908203,-0.5962281823158264,,0.09318410605192184,0.0015184315852820873,0.05973067134618759,0.07150677591562271
rosenbrock,1.0,2,cholesky,5,exact_marginalization,8192,0.02,1000,3,rosenbrock,602,0.014692068099975586,-0.5893804430961609,,0.2023877650499344,0.003654491389170289,0.13088805973529816,0.15432357788085938
rosenbrock,1.0,2,cholesky,5,exact_marginalization,8192,0.02,1000,3,rosenbrock,603,0.0146331787109375,-0.5936331152915955,,0.07487799227237701,0.003331555984914303,0.041381560266017914,0.06231516972184181
rosenbrock,1.0,2,cholesky,5,exact_marginalization,8192,0.02,1000,3,rosenbrock,604,0.014689922332763672,-0.5949515700340271,,0.10633862018585205,0.0030627711676061153,0.07362877577543259,0.07666369527578354
rosenbrock,1.0,2,cholesky,5,exact_marginalization,8192,0.02,1000,3,rosenbrock,605,0.01462411880493164,-0.5888487696647644,,0.10558571666479111,0.002097024815157056,0.08593679219484329,0.061309169977903366
rosenbrock,1.0,2,cholesky,5,exact_marginalization,8192,0.02,1000,3,rosenbrock,606,0.014539003372192383,-0.5906839370727539,,0.0948934257030487,0.002544943243265152,0.057574156671762466,0.07538901269435883
rosenbrock,1.0,2,cholesky,5,exact_marginalization,8192,0.02,1000,3,rosenbrock,607,0.014603137969970703,-0.5897069573402405,,0.12872768938541412,0.0020986171439290047,0.07337453961372375,0.1057477742433548
rosenbrock,1.0,2,cholesky,5,exact_marginalization,8192,0.02,1000,3,rosenbrock,608,0.014575004577636719,-0.5918344259262085,,0.09328800439834595,0.003341966774314642,0.09036063402891159,0.02294427528977394
rosenbrock,1.0,2,cholesky,5,exact_marginalization,8192,0.02,1000,3,rosenbrock,609,0.014622211456298828,-0.5933881402015686,,0.2241637259721756,0.0047870902344584465,0.21656577289104462,0.05766911432147026
rosenbrock,1.0,2,cholesky,5,exact_marginalization,8192,0.02,1000,3,rosenbrock,610,0.014565229415893555,-0.5976594686508179,,0.08449461311101913,0.0033101283479481936,0.041225284337997437,0.07368078827857971
rosenbrock,1.0,2,cholesky,5,exact_marginalization,8192,0.02,1000,3,rosenbrock,611,0.015017986297607422,-0.5898240804672241,,0.11231652647256851,0.0019278530962765217,0.10333339869976044,0.043971531093120575
rosenbrock,1.0,2,cholesky,5,exact_marginalization,8192,0.02,1000,3,rosenbrock,612,0.014849662780761719,-0.5908824801445007,,0.1552756130695343,0.004551198799163103,0.1475715935230255,0.04808769375085831
rosenbrock,1.0,2,cholesky,5,exact_marginalization,8192,0.02,1000,3,rosenbrock,613,0.01459193229675293,-0.591841459274292,,0.06118634715676308,0.002295739483088255,0.036107614636421204,0.04934307187795639
rosenbrock,1.0,2,cholesky,5,exact_marginalization,8192,0.02,1000,3,rosenbrock,614,0.01640915870666504,-0.5894142389297485,,0.09010308235883713,0.0022239757236093283,0.04037894308567047,0.08051808178424835
rosenbrock,1.0,2,cholesky,5,exact_marginalization,8192,0.02,1000,3,rosenbrock,615,0.016335248947143555,-0.5903597474098206,,0.11142003536224365,0.0035552543122321367,0.1006593331694603,0.04763910546898842
rosenbrock,1.0,2,cholesky,5,exact_marginalization,8192,0.02,1000,3,rosenbrock,616,0.01505422592163086,-0.5885374546051025,,0.09190655499696732,0.0032738405279815197,0.07496928423643112,0.05306319147348404
rosenbrock,1.0,2,cholesky,5,exact_marginalization,8192,0.02,1000,3,rosenbrock,617,0.015379905700683594,-0.5897946357727051,,0.06386285275220871,0.0012689317809417844,0.06044098734855652,0.020584972575306892
rosenbrock,1.0,2,cholesky,5,exact_marginalization,8192,0.02,1000,3,rosenbrock,618,0.014761924743652344,-0.5911523103713989,,0.08041687309741974,0.0025244527496397495,0.050025053322315216,0.06291259080171585
rosenbrock,1.0,2,cholesky,5,exact_marginalization,8192,0.02,1000,3,rosenbrock,619,0.014620780944824219,-0.5899486541748047,,0.12280604243278503,0.0022352735977619886,0.11342630535364151,0.04701916128396988
rosenbrock,1.0,2,cholesky,5,exact_marginalization,8192,0.02,1000,3,rosenbrock,620,0.014601945877075195,-0.5898719429969788,,0.09951163083314896,0.0027920049615204334,0.09277866780757904,0.03587321564555168
rosenbrock,1.0,2,cholesky,5,exact_marginalization,8192,0.02,1000,3,rosenbrock,621,0.01466822624206543,-0.5919573307037354,,0.11008062958717346,0.0031952071003615856,0.0694427490234375,0.08535362035036087
rosenbrock,1.0,2,cholesky,5,exact_marginalization,8192,0.02,1000,3,rosenbrock,622,0.014663934707641602,-0.5927967429161072,,0.07462846487760544,0.003420105669647455,0.059165745973587036,0.04535553604364395
rosenbrock,1.0,2,cholesky,5,exact_marginalization,8192,0.02,1000,3,rosenbrock,623,0.01460576057434082,-0.5906607508659363,,0.07267342507839203,0.0022878253366798162,0.056141067296266556,0.04609091207385063
rosenbrock,1.0,2,cholesky,5,exact_marginalization,8192,0.02,1000,3,rosenbrock,624,0.016819000244140625,-0.5894181728363037,,0.10629034042358398,0.0018751423340290785,0.09723079949617386,0.042898617684841156
rosenbrock,1.0,2,cholesky,5,exact_marginalization,8192,0.02,1000,3,rosenbrock,625,0.015038013458251953,-0.5911965370178223,,0.07735670357942581,0.004663246218115091,0.06709948927164078,0.038209591060876846
rosenbrock,1.0,2,cholesky,5,exact_marginalization,8192,0.02,1000,3,rosenbrock,626,0.014750003814697266,-0.5922242403030396,,0.1280851662158966,0.005744036287069321,0.08731130510568619,0.0935390517115593
rosenbrock,1.0,2,cholesky,5,exact_marginalization,8192,0.02,1000,3,rosenbrock,627,0.014617919921875,-0.5874248743057251,,0.06097450479865074,0.004026229027658701,0.048170264810323715,0.037165913730859756
rosenbrock,1.0,2,cholesky,5,exact_marginalization,8192,0.02,1000,3,rosenbrock,628,0.014629125595092773,-0.5867128372192383,,0.06942692399024963,0.0033189288806170225,0.05497162416577339,0.0422753281891346
rosenbrock,1.0,2,cholesky,5,exact_marginalization,8192,0.02,1000,3,rosenbrock,629,0.014625072479248047,-0.593039870262146,,0.05687376484274864,0.002922322601079941,0.04682319611310959,0.032150790095329285
rosenbrock,1.0,2,cholesky,5,exact_marginalization,8192,0.02,1000,3,rosenbrock,630,0.01464080810546875,-0.5905206203460693,,0.12161318212747574,0.00269364845007658,0.10366760939359665,0.06352584809064865
rosenbrock,1.0,2,cholesky,5,exact_marginalization,8192,0.02,1000,3,rosenbrock,631,0.014816045761108398,-0.587377667427063,,0.10053601115942001,0.0015064033214002848,0.0946458950638771,0.03387293592095375
rosenbrock,1.0,2,cholesky,5,exact_marginalization,8192,0.02,1000,3,rosenbrock,632,0.014751195907592773,-0.5899263620376587,,0.13137081265449524,0.0018783009145408869,0.121243417263031,0.05054501071572304
rosenbrock,1.0,2,cholesky,5,exact_marginalization,8192,0.02,1000,3,rosenbrock,633,0.014657020568847656,-0.5910051465034485,,0.11270087957382202,0.00371066783554852,0.10599629580974579,0.038111716508865356
rosenbrock,1.0,2,cholesky,5,exact_marginalization,8192,0.02,1000,3,rosenbrock,634,0.015398263931274414,-0.586940586566925,,0.14662745594978333,0.002200804650783539,0.140059694647789,0.04333645477890968
rosenbrock,1.0,2,cholesky,5,exact_marginalization,8192,0.02,1000,3,rosenbrock,635,0.016315221786499023,-0.5889692306518555,,0.07194846868515015,0.0028635526541620493,0.06281153857707977,0.03497274965047836
rosenbrock,1.0,2,cholesky,5,exact_marginalization,8192,0.02,1000,3,rosenbrock,636,0.01610279083251953,-0.5852037072181702,,0.07435018569231033,0.0017107002204284072,0.06480643153190613,0.036402616649866104
rosenbrock,1.0,2,cholesky,5,exact_marginalization,8192,0.02,1000,3,rosenbrock,637,0.014722108840942383,-0.5913746356964111,,0.08989569544792175,0.003744082525372505,0.06762561947107315,0.05911002308130264
rosenbrock,1.0,2,cholesky,5,exact_marginalization,8192,0.02,1000,3,rosenbrock,638,0.01462101936340332,-0.5893368721008301,,0.09530375152826309,0.0032333703711628914,0.08373773097991943,0.04539100080728531
rosenbrock,1.0,2,cholesky,5,exact_marginalization,8192,0.02,1000,3,rosenbrock,639,0.014744043350219727,-0.5824044942855835,,0.12444053590297699,0.0031279802788048983,0.10670749843120575,0.06394664198160172
rosenbrock,1.0,2,cholesky,5,exact_marginalization,8192,0.02,1000,3,rosenbrock,640,0.014586925506591797,-0.5854825973510742,,0.07895061373710632,0.004243424627929926,0.07073134928941727,0.034817665815353394
rosenbrock,1.0,2,cholesky,5,exact_marginalization,8192,0.02,1000,3,rosenbrock,641,0.014674186706542969,-0.589585542678833,,0.13063694536685944,0.0013343470636755228,0.12570561468601227,0.03552926331758499
rosenbrock,1.0,2,cholesky,5,exact_marginalization,8192,0.02,1000,3,rosenbrock,642,0.014649152755737305,-0.5881571173667908,,0.08128800988197327,0.003661355236545205,0.05897531658411026,0.05582335963845253
rosenbrock,1.0,2,cholesky,5,exact_marginalization,8192,0.02,1000,3,rosenbrock,643,0.014599800109863281,-0.5870295166969299,,0.08288826048374176,0.003834197763353586,0.0634198933839798,0.053232308477163315
rosenbrock,1.0,2,cholesky,5,exact_marginalization,8192,0.02,1000,3,rosenbrock,644,0.014651298522949219,-0.5882813930511475,,0.15487073361873627,0.0012396242236718535,0.14287756383419037,0.05974453315138817
rosenbrock,1.0,2,cholesky,5,exact_marginalization,8192,0.02,1000,3,rosenbrock,645,0.014575958251953125,-0.5902026295661926,,0.15522010624408722,0.002677110256627202,0.13085728883743286,0.08344150334596634
rosenbrock,1.0,2,cholesky,5,exact_marginalization,8192,0.02,1000,3,rosenbrock,646,0.014605998992919922,-0.588409423828125,,0.10096771270036697,0.002405148698017001,0.07966934889554977,0.061979740858078
rosenbrock,1.0,2,cholesky,5,exact_marginalization,8192,0.02,1000,3,rosenbrock,647,0.016895055770874023,-0.5878510475158691,,0.10685646533966064,0.004481515847146511,0.10348951816558838,0.026232408359646797
rosenbrock,1.0,2,cholesky,5,exact_marginalization,8192,0.02,1000,3,rosenbrock,648,0.0167388916015625,-0.5886681079864502,,0.1682012677192688,0.002457084134221077,0.1399371325969696,0.09329113364219666
rosenbrock,1.0,2,cholesky,5,exact_marginalization,8192,0.02,1000,3,rosenbrock,649,0.015371084213256836,-0.5860683917999268,,0.10017846524715424,0.0017727124504745007,0.09248693287372589,0.03845452144742012
rosenbrock,1.0,2,cholesky,5,exact_marginalization,8192,0.02,1000,3,rosenbrock,650,0.014678955078125,-0.5846682786941528,,0.19443441927433014,0.0029387623071670532,0.17746201157569885,0.07939352095127106
rosenbrock,1.0,2,cholesky,5,exact_marginalization,8192,0.02,1000,3,rosenbrock,651,0.014694929122924805,-0.5837987065315247,,0.07114331424236298,0.002428291831165552,0.04394255578517914,0.05589746683835983
rosenbrock,1.0,2,cholesky,5,exact_marginalization,8192,0.02,1000,3,rosenbrock,652,0.014585733413696289,-0.5895335078239441,,0.10000618547201157,0.0016744000604376197,0.08867810666561127,0.04620203748345375
rosenbrock,1.0,2,cholesky,5,exact_marginalization,8192,0.02,1000,3,rosenbrock,653,0.01468515396118164,-0.5864702463150024,,0.07569621503353119,0.0022789547219872475,0.06278977543115616,0.04221571981906891
rosenbrock,1.0,2,cholesky,5,exact_marginalization,8192,0.02,1000,3,rosenbrock,654,0.014618873596191406,-0.5899794697761536,,0.1888980120420456,0.0026287403889000416,0.16498443484306335,0.09195482730865479
rosenbrock,1.0,2,cholesky,5,exact_marginalization,8192,0.02,1000,3,rosenbrock,655,0.014601945877075195,-0.587158739566803,,0.12500569224357605,0.003316541202366352,0.1129799336194992,0.0533943697810173
rosenbrock,1.0,2,cholesky,5,exact_marginalization,8192,0.02,1000,3,rosenbrock,656,0.014534950256347656,-0.5793271660804749,,0.07873191684484482,0.0040648216381669044,0.06842684745788574,0.03872930258512497
rosenbrock,1.0,2,cholesky,5,exact_marginalization,8192,0.02,1000,3,rosenbrock,657,0.014600276947021484,-0.5874680280685425,,0.08890713006258011,0.003490271745249629,0.0686635673046112,0.05637029930949211
rosenbrock,1.0,2,cholesky,5,exact_marginalization,8192,0.02,1000,3,rosenbrock,658,0.014564037322998047,-0.5827252864837646,,0.1266029179096222,0.0034488094970583916,0.11217231303453445,0.058598462492227554
rosenbrock,1.0,2,cholesky,5,exact_marginalization,8192,0.02,1000,3,rosenbrock,659,0.014590024948120117,-0.5872011184692383,,0.08774083107709885,0.0023867643903940916,0.07972093671560287,0.0365695096552372
rosenbrock,1.0,2,cholesky,5,exact_marginalization,8192,0.02,1000,3,rosenbrock,660,0.01462697982788086,-0.5861751437187195,,0.12427407503128052,0.002832649275660515,0.11211159825325012,0.05354447290301323
rosenbrock,1.0,2,cholesky,5,exact_marginalization,8192,0.02,1000,3,rosenbrock,661,0.014521121978759766,-0.5859095454216003,,0.09680455923080444,0.00183435482904315,0.0600416325032711,0.07591284811496735
rosenbrock,1.0,2,cholesky,5,exact_marginalization,8192,0.02,1000,3,rosenbrock,662,0.01455998420715332,-0.5825321674346924,,0.07855138182640076,0.003058740170672536,0.046308670192956924,0.06337563693523407
rosenbrock,1.0,2,cholesky,5,exact_marginalization,8192,0.02,1000,3,rosenbrock,663,0.014543771743774414,-0.5850868225097656,,0.11106051504611969,0.0015786112053319812,0.10823914408683777,0.024824030697345734
rosenbrock,1.0,2,cholesky,5,exact_marginalization,8192,0.02,1000,3,rosenbrock,664,0.014442920684814453,-0.5904475450515747,,0.07997467368841171,0.002931819064542651,0.07434526830911636,0.029328035190701485
rosenbrock,1.0,2,cholesky,5,exact_marginalization,8192,0.02,1000,3,rosenbrock,665,0.014580011367797852,-0.582587480545044,,0.09098870307207108,0.0024507823400199413,0.05936921760439873,0.06890741735696793
rosenbrock,1.0,2,cholesky,5,exact_marginalization,8192,0.02,1000,3,rosenbrock,666,0.014510154724121094,-0.5831785798072815,,0.08665115386247635,0.0019547201227396727,0.06211624667048454,0.060383547097444534
rosenbrock,1.0,2,cholesky,5,exact_marginalization,8192,0.02,1000,3,rosenbrock,667,0.014487266540527344,-0.5875928401947021,,0.09774352610111237,0.0018973260885104537,0.073136106133461,0.06481749564409256
rosenbrock,1.0,2,cholesky,5,exact_marginalization,8192,0.02,1000,3,rosenbrock,668,0.01449275016784668,-0.5829460620880127,,0.06000874564051628,0.002837975276634097,0.04737231135368347,0.036726828664541245
rosenbrock,1.0,2,cholesky,5,exact_marginalization,8192,0.02,1000,3,rosenbrock,669,0.014535903930664062,-0.578991711139679,,0.08319372683763504,0.0033344330731779337,0.05680367350578308,0.06069118157029152
rosenbrock,1.0,2,cholesky,5,exact_marginalization,8192,0.02,1000,3,rosenbrock,670,0.014794111251831055,-0.591458261013031,,0.06689110398292542,0.0036246548406779766,0.05731189623475075,0.034302014857530594
rosenbrock,1.0,2,cholesky,5,exact_marginalization,8192,0.02,1000,3,rosenbrock,671,0.014567852020263672,-0.5865293741226196,,0.06970956921577454,0.0038857099134474993,0.04109598323702812,0.056173354387283325
rosenbrock,1.0,2,cholesky,5,exact_marginalization,8192,0.02,1000,3,rosenbrock,672,0.014484167098999023,-0.5860468745231628,,0.10823646187782288,0.0023767619859427214,0.06401405483484268,0.08724495768547058
rosenbrock,1.0,2,cholesky,5,exact_marginalization,8192,0.02,1000,3,rosenbrock,673,0.014539003372192383,-0.5844380855560303,,0.10381761938333511,0.004853903781622648,0.09326156228780746,0.04535216465592384
rosenbrock,1.0,2,cholesky,5,exact_marginalization,8192,0.02,1000,3,rosenbrock,674,0.01479482650756836,-0.5878617763519287,,0.10641568899154663,0.0029713627882301807,0.06604453176259995,0.08338818699121475
rosenbrock,1.0,2,cholesky,5,exact_marginalization,8192,0.02,1000,3,rosenbrock,675,0.014539957046508789,-0.5817549228668213,,0.0870128646492958,0.0018921451410278678,0.07893817871809006,0.036557119339704514
rosenbrock,1.0,2,cholesky,5,exact_marginalization,8192,0.02,1000,3,rosenbrock,676,0.014503955841064453,-0.5841365456581116,,0.07079721242189407,0.0023040687665343285,0.05264585092663765,0.047279492020606995
rosenbrock,1.0,2,cholesky,5,exact_marginalization,8192,0.02,1000,3,rosenbrock,677,0.01450800895690918,-0.5838013291358948,,0.11938728392124176,0.0028746675234287977,0.07004091143608093,0.0966401994228363
rosenbrock,1.0,2,cholesky,5,exact_marginalization,8192,0.02,1000,3,rosenbrock,678,0.01454782485961914,-0.5811374187469482,,0.08596023917198181,0.0007991908933036029,0.07688631862401962,0.03843199461698532
rosenbrock,1.0,2,cholesky,5,exact_marginalization,8192,0.02,1000,3,rosenbrock,679,0.014556169509887695,-0.5862545371055603,,0.13477438688278198,0.0035313942935317755,0.12535110116004944,0.04938384145498276
rosenbrock,1.0,2,cholesky,5,exact_marginalization,8192,0.02,1000,3,rosenbrock,680,0.01456904411315918,-0.5827503204345703,,0.08569367974996567,0.004285674076527357,0.07148096710443497,0.04706921800971031
rosenbrock,1.0,2,cholesky,5,exact_marginalization,8192,0.02,1000,3,rosenbrock,681,0.014536857604980469,-0.5808924436569214,,0.11109118163585663,0.0028174358885735273,0.08602612465620041,0.0702340230345726
rosenbrock,1.0,2,cholesky,5,exact_marginalization,8192,0.02,1000,3,rosenbrock,682,0.01452493667602539,-0.5816932916641235,,0.13923726975917816,0.002502694958820939,0.12888291478157043,0.05263026803731918
rosenbrock,1.0,2,cholesky,5,exact_marginalization,8192,0.02,1000,3,rosenbrock,683,0.014553070068359375,-0.5850957632064819,,0.09025482088327408,0.0036686768289655447,0.08008793741464615,0.041453540325164795
rosenbrock,1.0,2,cholesky,5,exact_marginalization,8192,0.02,1000,3,rosenbrock,684,0.01563882827758789,-0.5838053226470947,,0.09769770503044128,0.0027106080669909716,0.08264340460300446,0.05203423649072647
rosenbrock,1.0,2,cholesky,5,exact_marginalization,8192,0.02,1000,3,rosenbrock,685,0.01471400260925293,-0.5831990838050842,,0.10382863879203796,0.004150077700614929,0.09296832233667374,0.04604403302073479
rosenbrock,1.0,2,cholesky,5,exact_marginalization,8192,0.02,1000,3,rosenbrock,686,0.014937639236450195,-0.5846816301345825,,0.14022955298423767,0.0016764270840212703,0.12503884732723236,0.06345708668231964
rosenbrock,1.0,2,cholesky,5,exact_marginalization,8192,0.02,1000,3,rosenbrock,687,0.01532888412475586,-0.5835443139076233,,0.08910874277353287,0.004475926980376244,0.0768548920750618,0.04487382248044014
rosenbrock,1.0,2,cholesky,5,exact_marginalization,8192,0.02,1000,3,rosenbrock,688,0.014502763748168945,-0.5833642482757568,,0.09062891453504562,0.0038554484490305185,0.06972260773181915,0.057771045714616776
rosenbrock,1.0,2,cholesky,5,exact_marginalization,8192,0.02,1000,3,rosenbrock,689,0.014589071273803711,-0.5838232040405273,,0.06882348656654358,0.005647864658385515,0.057483091950416565,0.03742283582687378
rosenbrock,1.0,2,cholesky,5,exact_marginalization,8192,0.02,1000,3,rosenbrock,690,0.014526844024658203,-0.583463191986084,,0.06629408895969391,0.0014394988538697362,0.047084610909223557,0.046646252274513245
rosenbrock,1.0,2,cholesky,5,exact_marginalization,8192,0.02,1000,3,rosenbrock,691,0.01460409164428711,-0.5837501883506775,,0.08438701182603836,0.0024174461141228676,0.06735722720623016,0.050777237862348557
rosenbrock,1.0,2,cholesky,5,exact_marginalization,8192,0.02,1000,3,rosenbrock,692,0.014550924301147461,-0.5832886695861816,,0.14274176955223083,0.0027630452532321215,0.11018308252096176,0.0907042920589447
rosenbrock,1.0,2,cholesky,5,exact_marginalization,8192,0.02,1000,3,rosenbrock,693,0.014596223831176758,-0.5811553001403809,,0.07459944486618042,0.002208824036642909,0.05327470973134041,0.052172835916280746
rosenbrock,1.0,2,cholesky,5,exact_marginalization,8192,0.02,1000,3,rosenbrock,694,0.014497995376586914,-0.5823163986206055,,0.07491002231836319,0.001500739250332117,0.060271743685007095,0.04445869103074074
rosenbrock,1.0,2,cholesky,5,exact_marginalization,8192,0.02,1000,3,rosenbrock,695,0.015580892562866211,-0.5793357491493225,,0.07920462638139725,0.0014427759451791644,0.07539202272891998,0.024234982207417488
rosenbrock,1.0,2,cholesky,5,exact_marginalization,8192,0.02,1000,3,rosenbrock,696,0.014750957489013672,-0.5847117304801941,,0.1191248744726181,0.003196833422407508,0.1109713539481163,0.04319579154253006
rosenbrock,1.0,2,cholesky,5,exact_marginalization,8192,0.02,1000,3,rosenbrock,697,0.015511751174926758,-0.5789901614189148,,0.05725445598363876,0.002580329542979598,0.04178977385163307,0.03905162587761879
rosenbrock,1.0,2,cholesky,5,exact_marginalization,8192,0.02,1000,3,rosenbrock,698,0.014692068099975586,-0.583221971988678,,0.09178640693426132,0.0014683252666145563,0.07532472163438797,0.05242875590920448
rosenbrock,1.0,2,cholesky,5,exact_marginalization,8192,0.02,1000,3,rosenbrock,699,0.014684200286865234,-0.5781314373016357,,0.0647611990571022,0.0044751898385584354,0.035223864018917084,0.05415962636470795
rosenbrock,1.0,2,cholesky,5,exact_marginalization,8192,0.02,1000,3,rosenbrock,700,0.014721870422363281,-0.5860754251480103,,0.09083522856235504,0.0015071158995851874,0.06855006515979767,0.05957898125052452
rosenbrock,1.0,2,cholesky,5,exact_marginalization,8192,0.02,1000,3,rosenbrock,701,0.014733076095581055,-0.5750223398208618,,0.0830530896782875,0.0026643385645002127,0.057405441999435425,0.05996108800172806
rosenbrock,1.0,2,cholesky,5,exact_marginalization,8192,0.02,1000,3,rosenbrock,702,0.014695882797241211,-0.5842381715774536,,0.131505087018013,0.0035098297521471977,0.11801890283823013,0.05790343135595322
rosenbrock,1.0,2,cholesky,5,exact_marginalization,8192,0.02,1000,3,rosenbrock,703,0.014918804168701172,-0.5847681760787964,,0.10352054983377457,0.0028339819982647896,0.08914545178413391,0.052550558000802994
rosenbrock,1.0,2,cholesky,5,exact_marginalization,8192,0.02,1000,3,rosenbrock,704,0.014544963836669922,-0.5799886584281921,,0.08344122022390366,0.0035596026573330164,0.07949730008840561,0.025098731741309166
rosenbrock,1.0,2,cholesky,5,exact_marginalization,8192,0.02,1000,3,rosenbrock,705,0.014674901962280273,-0.5803657174110413,,0.09706141799688339,0.0020086984150111675,0.08595030754804611,0.04504918307065964
rosenbrock,1.0,2,cholesky,5,exact_marginalization,8192,0.02,1000,3,rosenbrock,706,0.01474618911743164,-0.5852349400520325,,0.11694653332233429,0.003467685543000698,0.10544868558645248,0.05044842138886452
rosenbrock,1.0,2,cholesky,5,exact_marginalization,8192,0.02,1000,3,rosenbrock,707,0.014602899551391602,-0.5780790448188782,,0.12496034801006317,0.0027836747467517853,0.09415040165185928,0.0821160227060318
rosenbrock,1.0,2,cholesky,5,exact_marginalization,8192,0.02,1000,3,rosenbrock,708,0.014532089233398438,-0.5847092866897583,,0.12119892239570618,0.002382534323260188,0.10544528067111969,0.05970590561628342
rosenbrock,1.0,2,cholesky,5,exact_marginalization,8192,0.02,1000,3,rosenbrock,709,0.014613151550292969,-0.5841749310493469,,0.11065229773521423,0.003374240593984723,0.07999884337186813,0.07637231796979904
rosenbrock,1.0,2,cholesky,5,exact_marginalization,8192,0.02,1000,3,rosenbrock,710,0.014421939849853516,-0.58098965883255,,0.1560411900281906,0.003147435374557972,0.14396239817142487,0.060114700347185135
rosenbrock,1.0,2,cholesky,5,exact_marginalization,8192,0.02,1000,3,rosenbrock,711,0.015103816986083984,-0.5813165903091431,,0.12079252302646637,0.003045358695089817,0.1019006073474884,0.06479063630104065
rosenbrock,1.0,2,cholesky,5,exact_marginalization,8192,0.02,1000,3,rosenbrock,712,0.014842987060546875,-0.5808740854263306,,0.10949493199586868,0.0016873929416760802,0.0560932531952858,0.09402042627334595
rosenbrock,1.0,2,cholesky,5,exact_marginalization,8192,0.02,1000,3,rosenbrock,713,0.014663934707641602,-0.5856235027313232,,0.10308262705802917,0.0012534763664007187,0.09235518425703049,0.04577093571424484
rosenbrock,1.0,2,cholesky,5,exact_marginalization,8192,0.02,1000,3,rosenbrock,714,0.014662027359008789,-0.5796483159065247,,0.08455124497413635,0.002550194039940834,0.07915162295103073,0.02962142787873745
rosenbrock,1.0,2,cholesky,5,exact_marginalization,8192,0.02,1000,3,rosenbrock,715,0.014601945877075195,-0.578614354133606,,0.12427446991205215,0.0033681539352983236,0.11492423713207245,0.04717224836349487
rosenbrock,1.0,2,cholesky,5,exact_marginalization,8192,0.02,1000,3,rosenbrock,716,0.014664888381958008,-0.5825299024581909,,0.19249436259269714,0.002948218025267124,0.18661417067050934,0.047122612595558167
rosenbrock,1.0,2,cholesky,5,exact_marginalization,8192,0.02,1000,3,rosenbrock,717,0.014571905136108398,-0.5855435729026794,,0.08924276381731033,0.004120133351534605,0.07655122876167297,0.045685939490795135
rosenbrock,1.0,2,cholesky,5,exact_marginalization,8192,0.02,1000,3,rosenbrock,718,0.014724016189575195,-0.5817000269889832,,0.13018497824668884,0.003099268302321434,0.1262504756450653,0.03161235898733139
rosenbrock,1.0,2,cholesky,5,exact_marginalization,8192,0.02,1000,3,rosenbrock,719,0.014606714248657227,-0.5834935903549194,,0.1200680360198021,0.004638996906578541,0.056497618556022644,0.1058434471487999
rosenbrock,1.0,2,cholesky,5,exact_marginalization,8192,0.02,1000,3,rosenbrock,720,0.014534950256347656,-0.5830790400505066,,0.16952574253082275,0.0020836296025663614,0.133510559797287,0.10444886982440948
rosenbrock,1.0,2,cholesky,5,exact_marginalization,8192,0.02,1000,3,rosenbrock,721,0.014557838439941406,-0.5837362408638,,0.1308290660381317,0.0019395004492253065,0.09562350064516068,0.08926715701818466
rosenbrock,1.0,2,cholesky,5,exact_marginalization,8192,0.02,1000,3,rosenbrock,722,0.014505147933959961,-0.5764130353927612,,0.11329454928636551,0.0027566885109990835,0.10622341930866241,0.039301928132772446
rosenbrock,1.0,2,cholesky,5,exact_marginalization,8192,0.02,1000,3,rosenbrock,723,0.014612913131713867,-0.5795568823814392,,0.10103832930326462,0.0021855428349226713,0.0945080891251564,0.03566775843501091
rosenbrock,1.0,2,cholesky,5,exact_marginalization,8192,0.02,1000,3,rosenbrock,724,0.015017986297607422,-0.5809487104415894,,0.08868390321731567,0.00311644421890378,0.07594012469053268,0.045697037130594254
rosenbrock,1.0,2,cholesky,5,exact_marginalization,8192,0.02,1000,3,rosenbrock,725,0.014697074890136719,-0.5842598080635071,,0.1568388193845749,0.006472713779658079,0.13314077258110046,0.08264411985874176
rosenbrock,1.0,2,cholesky,5,exact_marginalization,8192,0.02,1000,3,rosenbrock,726,0.015722990036010742,-0.5811631679534912,,0.09730087965726852,0.00216383277438581,0.05452881008386612,0.0805567279458046
rosenbrock,1.0,2,cholesky,5,exact_marginalization,8192,0.02,1000,3,rosenbrock,727,0.01619410514831543,-0.5764676332473755,,0.06616353243589401,0.003401074092835188,0.05578811094164848,0.03540807589888573
rosenbrock,1.0,2,cholesky,5,exact_marginalization,8192,0.02,1000,3,rosenbrock,728,0.014885902404785156,-0.5782667398452759,,0.16198556125164032,0.005039201118052006,0.12920010089874268,0.09757695347070694
rosenbrock,1.0,2,cholesky,5,exact_marginalization,8192,0.02,1000,3,rosenbrock,729,0.014681816101074219,-0.5815776586532593,,0.07826632261276245,0.002609669929370284,0.05952554941177368,0.05074954032897949
rosenbrock,1.0,2,cholesky,5,exact_marginalization,8192,0.02,1000,3,rosenbrock,730,0.01480722427368164,-0.5838369131088257,,0.09099432826042175,0.0048037138767540455,0.08221819251775742,0.03869186341762543
rosenbrock,1.0,2,cholesky,5,exact_marginalization,8192,0.02,1000,3,rosenbrock,731,0.01471400260925293,-0.5820116996765137,,0.10243082791566849,0.002718726173043251,0.09120327234268188,0.04654724895954132
rosenbrock,1.0,2,cholesky,5,exact_marginalization,8192,0.02,1000,3,rosenbrock,732,0.014819860458374023,-0.5793470740318298,,0.053141504526138306,0.003217569552361965,0.04963696375489235,0.01870398037135601
rosenbrock,1.0,2,cholesky,5,exact_marginalization,8192,0.02,1000,3,rosenbrock,733,0.01476597785949707,-0.5776107311248779,,0.1055150032043457,0.00437938142567873,0.08540798723697662,0.061803821474313736
rosenbrock,1.0,2,cholesky,5,exact_marginalization,8192,0.02,1000,3,rosenbrock,734,0.01470494270324707,-0.5795000195503235,,0.113327756524086,0.0038596547674387693,0.08700881898403168,0.07251033186912537
rosenbrock,1.0,2,cholesky,5,exact_marginalization,8192,0.02,1000,3,rosenbrock,735,0.014632225036621094,-0.5821182727813721,,0.061785172671079636,0.0018771224422380328,0.054434776306152344,0.029167436063289642
rosenbrock,1.0,2,cholesky,5,exact_marginalization,8192,0.02,1000,3,rosenbrock,736,0.014627933502197266,-0.580409049987793,,0.10904058068990707,0.004444555379450321,0.09362843632698059,0.05571184307336807
rosenbrock,1.0,2,cholesky,5,exact_marginalization,8192,0.02,1000,3,rosenbrock,737,0.014635086059570312,-0.5789448618888855,,0.08718778192996979,0.001830274355597794,0.06782634556293488,0.05475349724292755
rosenbrock,1.0,2,cholesky,5,exact_marginalization,8192,0.02,1000,3,rosenbrock,738,0.015411376953125,-0.5815122723579407,,0.1927349716424942,0.0038766595534980297,0.11716524511575699,0.15298382937908173
rosenbrock,1.0,2,cholesky,5,exact_marginalization,8192,0.02,1000,3,rosenbrock,739,0.01557016372680664,-0.5821965932846069,,0.1419888734817505,0.0005487410235218704,0.12471942603588104,0.06786460429430008
rosenbrock,1.0,2,cholesky,5,exact_marginalization,8192,0.02,1000,3,rosenbrock,740,0.015024900436401367,-0.5766388177871704,,0.08439595252275467,0.0020124881993979216,0.0671834796667099,0.05103927105665207
rosenbrock,1.0,2,cholesky,5,exact_marginalization,8192,0.02,1000,3,rosenbrock,741,0.014822244644165039,-0.5807222127914429,,0.06913153827190399,0.0027185226790606976,0.05280366912484169,0.04453707113862038
rosenbrock,1.0,2,cholesky,5,exact_marginalization,8192,0.02,1000,3,rosenbrock,742,0.014767169952392578,-0.582688570022583,,0.11660564690828323,0.002644785912707448,0.11274618655443192,0.029634086415171623
rosenbrock,1.0,2,cholesky,5,exact_marginalization,8192,0.02,1000,3,rosenbrock,743,0.014726877212524414,-0.5793919563293457,,0.06785887479782104,0.0030916864052414894,0.05966193974018097,0.03218261897563934
rosenbrock,1.0,2,cholesky,5,exact_marginalization,8192,0.02,1000,3,rosenbrock,744,0.014737844467163086,-0.5828880667686462,,0.18153013288974762,0.0025505952071398497,0.14379581809043884,0.11076751351356506
rosenbrock,1.0,2,cholesky,5,exact_marginalization,8192,0.02,1000,3,rosenbrock,745,0.014595985412597656,-0.5776052474975586,,0.07267840206623077,0.002154229674488306,0.05240153521299362,0.050314899533987045
rosenbrock,1.0,2,cholesky,5,exact_marginalization,8192,0.02,1000,3,rosenbrock,746,0.014679670333862305,-0.5765736103057861,,0.07375863194465637,0.0029196261893957853,0.07000391185283661,0.023049186915159225
rosenbrock,1.0,2,cholesky,5,exact_marginalization,8192,0.02,1000,3,rosenbrock,747,0.014707088470458984,-0.5790867209434509,,0.07910924404859543,0.003556344658136368,0.03982865810394287,0.0682590901851654
rosenbrock,1.0,2,cholesky,5,exact_marginalization,8192,0.02,1000,3,rosenbrock,748,0.014561891555786133,-0.5819768905639648,,0.10697522759437561,0.002933623269200325,0.06616070866584778,0.0840110331773758
rosenbrock,1.0,2,cholesky,5,exact_marginalization,8192,0.02,1000,3,rosenbrock,749,0.014507055282592773,-0.5776124000549316,,0.11093321442604065,0.004053623881191015,0.0977972000837326,0.0522058829665184
rosenbrock,1.0,2,cholesky,5,exact_marginalization,8192,0.02,1000,3,rosenbrock,750,0.014670133590698242,-0.5813511610031128,,0.2143503576517105,0.0019226304721087217,0.20006974041461945,0.07690560817718506
rosenbrock,1.0,2,cholesky,5,exact_marginalization,8192,0.02,1000,3,rosenbrock,751,0.014785051345825195,-0.5799051523208618,,0.07694093883037567,0.0011769175762310624,0.05646072328090668,0.05225619673728943
rosenbrock,1.0,2,cholesky,5,exact_marginalization,8192,0.02,1000,3,rosenbrock,752,0.014583110809326172,-0.5841867923736572,,0.08662546426057816,0.0023312156554311514,0.074553482234478,0.04404901713132858
rosenbrock,1.0,2,cholesky,5,exact_marginalization,8192,0.02,1000,3,rosenbrock,753,0.014616012573242188,-0.5753786563873291,,0.11722055077552795,0.002625528257340193,0.08710858225822449,0.0783955305814743
rosenbrock,1.0,2,cholesky,5,exact_marginalization,8192,0.02,1000,3,rosenbrock,754,0.014520883560180664,-0.5751978754997253,,0.09695553034543991,0.002816256834194064,0.08090232312679291,0.05335971340537071
rosenbrock,1.0,2,cholesky,5,exact_marginalization,8192,0.02,1000,3,rosenbrock,755,0.014629840850830078,-0.5818241834640503,,0.13871370255947113,0.004441421013325453,0.12580107152462006,0.05827396363019943
rosenbrock,1.0,2,cholesky,5,exact_marginalization,8192,0.02,1000,3,rosenbrock,756,0.014580965042114258,-0.5771693587303162,,0.11835452914237976,0.0029858513735234737,0.1112680435180664,0.04022812843322754
rosenbrock,1.0,2,cholesky,5,exact_marginalization,8192,0.02,1000,3,rosenbrock,757,0.014470100402832031,-0.5786489844322205,,0.1485292613506317,0.0012967931106686592,0.1332125961780548,0.06567850708961487
rosenbrock,1.0,2,cholesky,5,exact_marginalization,8192,0.02,1000,3,rosenbrock,758,0.014667034149169922,-0.5781357884407043,,0.07967061549425125,0.0017974519869312644,0.06682011485099792,0.04335031658411026
rosenbrock,1.0,2,cholesky,5,exact_marginalization,8192,0.02,1000,3,rosenbrock,759,0.014517068862915039,-0.5790305733680725,,0.06143662706017494,0.002750155981630087,0.05026155710220337,0.03522316366434097
rosenbrock,1.0,2,cholesky,5,exact_marginalization,8192,0.02,1000,3,rosenbrock,760,0.014433145523071289,-0.5774343013763428,,0.0534357950091362,0.002639389829710126,0.041431449353694916,0.03364301472902298
rosenbrock,1.0,2,cholesky,5,exact_marginalization,8192,0.02,1000,3,rosenbrock,761,0.014616012573242188,-0.5800913572311401,,0.08844132721424103,0.0025647704023867846,0.07599544525146484,0.045166172087192535
rosenbrock,1.0,2,cholesky,5,exact_marginalization,8192,0.02,1000,3,rosenbrock,762,0.014436006546020508,-0.5783828496932983,,0.08243787288665771,0.0032241670414805412,0.07233228534460068,0.0394163504242897
rosenbrock,1.0,2,cholesky,5,exact_marginalization,8192,0.02,1000,3,rosenbrock,763,0.01437687873840332,-0.5796330571174622,,0.14891928434371948,0.0025333294179290533,0.14261078834533691,0.04281006380915642
rosenbrock,1.0,2,cholesky,5,exact_marginalization,8192,0.02,1000,3,rosenbrock,764,0.014564990997314453,-0.5789834856987,,0.08398330956697464,0.003297099843621254,0.06410246342420578,0.0541590191423893
rosenbrock,1.0,2,cholesky,5,exact_marginalization,8192,0.02,1000,3,rosenbrock,765,0.014829874038696289,-0.5761075615882874,,0.0642375648021698,0.004952155519276857,0.038392990827560425,0.0512632392346859
rosenbrock,1.0,2,cholesky,5,exact_marginalization,8192,0.02,1000,3,rosenbrock,766,0.01455378532409668,-0.5788436532020569,,0.0696757584810257,0.002106168307363987,0.06342499703168869,0.028767088428139687
rosenbrock,1.0,2,cholesky,5,exact_marginalization,8192,0.02,1000,3,rosenbrock,767,0.014669179916381836,-0.5783533453941345,,0.07030747830867767,0.002693010028451681,0.04950496926903725,0.04985124245285988
rosenbrock,1.0,2,cholesky,5,exact_marginalization,8192,0.02,1000,3,rosenbrock,768,0.014594793319702148,-0.5791525840759277,,0.09257902204990387,0.0018324496923014522,0.08653715252876282,0.03284568712115288
rosenbrock,1.0,2,cholesky,5,exact_marginalization,8192,0.02,1000,3,rosenbrock,769,0.016410112380981445,-0.5771700143814087,,0.11806730180978775,0.002193945460021496,0.10925848037004471,0.044695161283016205
rosenbrock,1.0,2,cholesky,5,exact_marginalization,8192,0.02,1000,3,rosenbrock,770,0.015260934829711914,-0.5758329629898071,,0.0683036744594574,0.0017267826478928328,0.052588410675525665,0.043553080409765244
rosenbrock,1.0,2,cholesky,5,exact_marginalization,8192,0.02,1000,3,rosenbrock,771,0.014901161193847656,-0.577427327632904,,0.06846889853477478,0.0018669025739654899,0.049784012138843536,0.04696869105100632
rosenbrock,1.0,2,cholesky,5,exact_marginalization,8192,0.02,1000,3,rosenbrock,772,0.014828920364379883,-0.5818138122558594,,0.06624089926481247,0.003577734110876918,0.04836265742778778,0.04512328281998634
rosenbrock,1.0,2,cholesky,5,exact_marginalization,8192,0.02,1000,3,rosenbrock,773,0.014886140823364258,-0.5775496959686279,,0.07081594318151474,0.00400279276072979,0.05831697955727577,0.03997504711151123
rosenbrock,1.0,2,cholesky,5,exact_marginalization,8192,0.02,1000,3,rosenbrock,774,0.014860153198242188,-0.575573742389679,,0.053363315761089325,0.004027958028018475,0.03918829932808876,0.03599577769637108
rosenbrock,1.0,2,cholesky,5,exact_marginalization,8192,0.02,1000,3,rosenbrock,775,0.01476597785949707,-0.5806082487106323,,0.0958525612950325,0.00322891678661108,0.046358972787857056,0.0838339701294899
rosenbrock,1.0,2,cholesky,5,exact_marginalization,8192,0.02,1000,3,rosenbrock,776,0.015152215957641602,-0.5794981718063354,,0.07982445508241653,0.0035427063703536987,0.05384165421128273,0.05882576107978821
rosenbrock,1.0,2,cholesky,5,exact_marginalization,8192,0.02,1000,3,rosenbrock,777,0.014834880828857422,-0.5787394046783447,,0.08070436865091324,0.0012803459540009499,0.04132002219557762,0.06931242346763611
rosenbrock,1.0,2,cholesky,5,exact_marginalization,8192,0.02,1000,3,rosenbrock,778,0.01482391357421875,-0.5777012705802917,,0.07074614614248276,0.0022600835654884577,0.059981249272823334,0.03744542598724365
rosenbrock,1.0,2,cholesky,5,exact_marginalization,8192,0.02,1000,3,rosenbrock,779,0.01456904411315918,-0.5834548473358154,,0.09981081634759903,0.0035926545970141888,0.08525209128856659,0.05178198218345642
rosenbrock,1.0,2,cholesky,5,exact_marginalization,8192,0.02,1000,3,rosenbrock,780,0.014565706253051758,-0.5768666863441467,,0.08465472608804703,0.0012683055829256773,0.05810664966702461,0.06155022606253624
rosenbrock,1.0,2,cholesky,5,exact_marginalization,8192,0.02,1000,3,rosenbrock,781,0.014512300491333008,-0.5756405591964722,,0.05737115442752838,0.0019595162011682987,0.0396089144051075,0.04145773500204086
rosenbrock,1.0,2,cholesky,5,exact_marginalization,8192,0.02,1000,3,rosenbrock,782,0.014544963836669922,-0.57643061876297,,0.07959945499897003,0.0024700849317014217,0.06544456630945206,0.04524357616901398
rosenbrock,1.0,2,cholesky,5,exact_marginalization,8192,0.02,1000,3,rosenbrock,783,0.014555215835571289,-0.5768463611602783,,0.11598054319620132,0.003996727056801319,0.041389260441064835,0.10827022790908813
rosenbrock,1.0,2,cholesky,5,exact_marginalization,8192,0.02,1000,3,rosenbrock,784,0.014489173889160156,-0.5792244672775269,,0.069918692111969,0.002206352772191167,0.04130662977695465,0.05636947229504585
rosenbrock,1.0,2,cholesky,5,exact_marginalization,8192,0.02,1000,3,rosenbrock,785,0.014871597290039062,-0.5746767520904541,,0.06446705013513565,0.0038853995501995087,0.047884292900562286,0.042988371104002
rosenbrock,1.0,2,cholesky,5,exact_marginalization,8192,0.02,1000,3,rosenbrock,786,0.01458597183227539,-0.5754039883613586,,0.06774120032787323,0.0024571127723902464,0.05956703796982765,0.032165221869945526
rosenbrock,1.0,2,cholesky,5,exact_marginalization,8192,0.02,1000,3,rosenbrock,787,0.014589309692382812,-0.5778922438621521,,0.1105145514011383,0.001945807016454637,0.08922240138053894,0.06518467515707016
rosenbrock,1.0,2,cholesky,5,exact_marginalization,8192,0.02,1000,3,rosenbrock,788,0.014461994171142578,-0.574554443359375,,0.09262654185295105,0.0026562947314232588,0.06021532416343689,0.07033303380012512
rosenbrock,1.0,2,cholesky,5,exact_marginalization,8192,0.02,1000,3,rosenbrock,789,0.014517068862915039,-0.5807563066482544,,0.09477300941944122,0.0030147098004817963,0.07109285891056061,0.06259903311729431
rosenbrock,1.0,2,cholesky,5,exact_marginalization,8192,0.02,1000,3,rosenbrock,790,0.014495849609375,-0.5753486156463623,,0.1352701187133789,0.0018574506975710392,0.09871160238981247,0.09246931225061417
rosenbrock,1.0,2,cholesky,5,exact_marginalization,8192,0.02,1000,3,rosenbrock,791,0.014611959457397461,-0.5782855749130249,,0.06713186204433441,0.002365975873544812,0.05959485098719597,0.030814647674560547
rosenbrock,1.0,2,cholesky,5,exact_marginalization,8192,0.02,1000,3,rosenbrock,792,0.015077352523803711,-0.5784701704978943,,0.08561776578426361,0.002486231504008174,0.05293872579932213,0.06724367290735245
rosenbrock,1.0,2,cholesky,5,exact_marginalization,8192,0.02,1000,3,rosenbrock,793,0.015774011611938477,-0.5738996267318726,,0.0711752399802208,0.0008758025942370296,0.03896080702543259,0.05955840274691582
rosenbrock,1.0,2,cholesky,5,exact_marginalization,8192,0.02,1000,3,rosenbrock,794,0.015363216400146484,-0.5758628249168396,,0.12129891663789749,0.003795937169343233,0.10000525414943695,0.06854171305894852
rosenbrock,1.0,2,cholesky,5,exact_marginalization,8192,0.02,1000,3,rosenbrock,795,0.01491403579711914,-0.5761234760284424,,0.0815589651465416,0.0021628278773278,0.05742942914366722,0.057870958000421524
rosenbrock,1.0,2,cholesky,5,exact_marginalization,8192,0.02,1000,3,rosenbrock,796,0.014653921127319336,-0.5758398175239563,,0.09654368460178375,0.002460985444486141,0.06077895313501358,0.0749702900648117
rosenbrock,1.0,2,cholesky,5,exact_marginalization,8192,0.02,1000,3,rosenbrock,797,0.015068292617797852,-0.5765976905822754,,0.09409987926483154,0.00291308481246233,0.0835326537489891,0.04322727769613266
rosenbrock,1.0,2,cholesky,5,exact_marginalization,8192,0.02,1000,3,rosenbrock,798,0.014636039733886719,-0.5760353803634644,,0.16838446259498596,0.002144229831174016,0.15777722001075745,0.058779895305633545
rosenbrock,1.0,2,cholesky,5,exact_marginalization,8192,0.02,1000,3,rosenbrock,799,0.014613866806030273,-0.5762233734130859,,0.10451862215995789,0.0021627843379974365,0.062344394624233246,0.083860844373703
rosenbrock,1.0,2,cholesky,5,exact_marginalization,8192,0.02,1000,3,rosenbrock,800,0.014582157135009766,-0.5772436857223511,,0.09039399772882462,0.0014626787742599845,0.0663841962814331,0.061335768550634384
rosenbrock,1.0,2,cholesky,5,exact_marginalization,8192,0.02,1000,3,rosenbrock,801,0.014811038970947266,-0.5774149298667908,,0.09114120900630951,0.002501881215721369,0.06757307052612305,0.06110924482345581
rosenbrock,1.0,2,cholesky,5,exact_marginalization,8192,0.02,1000,3,rosenbrock,802,0.014600038528442383,-0.575612485408783,,0.09064048528671265,0.00344783253967762,0.07783684134483337,0.04631670191884041
rosenbrock,1.0,2,cholesky,5,exact_marginalization,8192,0.02,1000,3,rosenbrock,803,0.014562129974365234,-0.5788425803184509,,0.19502928853034973,0.00347962137311697,0.18524807691574097,0.060888953506946564
rosenbrock,1.0,2,cholesky,5,exact_marginalization,8192,0.02,1000,3,rosenbrock,804,0.014801979064941406,-0.5764666795730591,,0.07059311121702194,0.0033448184840381145,0.06209731847047806,0.033408429473638535
rosenbrock,1.0,2,cholesky,5,exact_marginalization,8192,0.02,1000,3,rosenbrock,805,0.01457977294921875,-0.5792158246040344,,0.10308805108070374,0.00199647294357419,0.09630567580461502,0.03672027215361595
rosenbrock,1.0,2,cholesky,5,exact_marginalization,8192,0.02,1000,3,rosenbrock,806,0.014549016952514648,-0.5766335725784302,,0.08476921170949936,0.002853906713426113,0.06947331875562668,0.048488471657037735
rosenbrock,1.0,2,cholesky,5,exact_marginalization,8192,0.02,1000,3,rosenbrock,807,0.014530658721923828,-0.5739514827728271,,0.12748539447784424,0.003371442900970578,0.09947662055492401,0.07965903729200363
rosenbrock,1.0,2,cholesky,5,exact_marginalization,8192,0.02,1000,3,rosenbrock,808,0.015913963317871094,-0.579521656036377,,0.16878971457481384,0.0008448813459835947,0.1650809943675995,0.035178449004888535
rosenbrock,1.0,2,cholesky,5,exact_marginalization,8192,0.02,1000,3,rosenbrock,809,0.015986204147338867,-0.5757656097412109,,0.13254599273204803,0.0042444015853106976,0.11995114386081696,0.05623298138380051
rosenbrock,1.0,2,cholesky,5,exact_marginalization,8192,0.02,1000,3,rosenbrock,810,0.01488494873046875,-0.5793995261192322,,0.06971225887537003,0.0031054653227329254,0.05458652600646019,0.043248891830444336
rosenbrock,1.0,2,cholesky,5,exact_marginalization,8192,0.02,1000,3,rosenbrock,811,0.014801263809204102,-0.574904203414917,,0.10621718317270279,0.0016252840869128704,0.06503189355134964,0.08396606892347336
rosenbrock,1.0,2,cholesky,5,exact_marginalization,8192,0.02,1000,3,rosenbrock,812,0.014701128005981445,-0.5783659815788269,,0.10519284009933472,0.0021401322446763515,0.07965882122516632,0.06866894662380219
rosenbrock,1.0,2,cholesky,5,exact_marginalization,8192,0.02,1000,3,rosenbrock,813,0.014936208724975586,-0.5768169164657593,,0.1606024205684662,0.0032190829515457153,0.13507215678691864,0.08682332932949066
rosenbrock,1.0,2,cholesky,5,exact_marginalization,8192,0.02,1000,3,rosenbrock,814,0.014665842056274414,-0.5737442970275879,,0.06550769507884979,0.0032396919559687376,0.04517107084393501,0.047332197427749634
rosenbrock,1.0,2,cholesky,5,exact_marginalization,8192,0.02,1000,3,rosenbrock,815,0.014724016189575195,-0.5766207575798035,,0.08373422920703888,0.0015597818419337273,0.0715360939502716,0.04349223151803017
rosenbrock,1.0,2,cholesky,5,exact_marginalization,8192,0.02,1000,3,rosenbrock,816,0.014701128005981445,-0.5800156593322754,,0.12671351432800293,0.003084753407165408,0.09915061295032501,0.07884133607149124
rosenbrock,1.0,2,cholesky,5,exact_marginalization,8192,0.02,1000,3,rosenbrock,817,0.01559901237487793,-0.5752505660057068,,0.10848409682512283,0.0038378890603780746,0.10114403069019318,0.03903786465525627
rosenbrock,1.0,2,cholesky,5,exact_marginalization,8192,0.02,1000,3,rosenbrock,818,0.0159299373626709,-0.5808485746383667,,0.10430891811847687,0.00271688518114388,0.08089061826467514,0.0658002719283104
rosenbrock,1.0,2,cholesky,5,exact_marginalization,8192,0.02,1000,3,rosenbrock,819,0.01506495475769043,-0.5818464756011963,,0.14530430734157562,0.004249313846230507,0.11803890764713287,0.08462920039892197
rosenbrock,1.0,2,cholesky,5,exact_marginalization,8192,0.02,1000,3,rosenbrock,820,0.014586210250854492,-0.5768808126449585,,0.07652099430561066,0.002410990186035633,0.0580817386507988,0.049761027097702026
rosenbrock,1.0,2,cholesky,5,exact_marginalization,8192,0.02,1000,3,rosenbrock,821,0.015605926513671875,-0.5760838985443115,,0.08975528180599213,0.003556873183697462,0.051050134003162384,0.07373765856027603
rosenbrock,1.0,2,cholesky,5,exact_marginalization,8192,0.02,1000,3,rosenbrock,822,0.016702890396118164,-0.5765895247459412,,0.08007422834634781,0.0029673546086996794,0.073236383497715,0.03224143758416176
rosenbrock,1.0,2,cholesky,5,exact_marginalization,8192,0.02,1000,3,rosenbrock,823,0.017772912979125977,-0.5757462382316589,,0.08568219095468521,0.0033892602659761906,0.06303488463163376,0.05793577805161476
rosenbrock,1.0,2,cholesky,5,exact_marginalization,8192,0.02,1000,3,rosenbrock,824,0.017995119094848633,-0.5758295059204102,,0.09326853603124619,0.002615636680275202,0.07843886315822601,0.05039367452263832
rosenbrock,1.0,2,cholesky,5,exact_marginalization,8192,0.02,1000,3,rosenbrock,825,0.0202939510345459,-0.5768963098526001,,0.11376065760850906,0.0047467174008488655,0.09546955674886703,0.061680786311626434
rosenbrock,1.0,2,cholesky,5,exact_marginalization,8192,0.02,1000,3,rosenbrock,826,0.01877284049987793,-0.5742571353912354,,0.09197042882442474,0.0030666058883070946,0.049857158213853836,0.07722317427396774
rosenbrock,1.0,2,cholesky,5,exact_marginalization,8192,0.02,1000,3,rosenbrock,827,0.020801067352294922,-0.5793086886405945,,0.10900073498487473,0.0010314419632777572,0.10486752539873123,0.029713599011301994
rosenbrock,1.0,2,cholesky,5,exact_marginalization,8192,0.02,1000,3,rosenbrock,828,0.021230697631835938,-0.5774194598197937,,0.0873129665851593,0.0019218102097511292,0.06104616820812225,0.062395721673965454
rosenbrock,1.0,2,cholesky,5,exact_marginalization,8192,0.02,1000,3,rosenbrock,829,0.02242302894592285,-0.5685068964958191,,0.058664675801992416,0.0028755341190844774,0.04346253350377083,0.03929737210273743
rosenbrock,1.0,2,cholesky,5,exact_marginalization,8192,0.02,1000,3,rosenbrock,830,0.019768953323364258,-0.5749239325523376,,0.06384073942899704,0.004007181618362665,0.046819113194942474,0.04321519657969475
rosenbrock,1.0,2,cholesky,5,exact_marginalization,8192,0.02,1000,3,rosenbrock,831,0.019902944564819336,-0.5742867588996887,,0.0851331576704979,0.003336648689582944,0.0609496608376503,0.059343572705984116
rosenbrock,1.0,2,cholesky,5,exact_marginalization,8192,0.02,1000,3,rosenbrock,832,0.020102262496948242,-0.5759767889976501,,0.10143549740314484,0.003877062816172838,0.05038377642631531,0.08795227855443954
rosenbrock,1.0,2,cholesky,5,exact_marginalization,8192,0.02,1000,3,rosenbrock,833,0.018648624420166016,-0.5806570053100586,,0.07466838508844376,0.003497302532196045,0.06322819739580154,0.039564263075590134
rosenbrock,1.0,2,cholesky,5,exact_marginalization,8192,0.02,1000,3,rosenbrock,834,0.015073060989379883,-0.5774161219596863,,0.1155228540301323,0.003918715286999941,0.09560465812683105,0.06472960859537125
rosenbrock,1.0,2,cholesky,5,exact_marginalization,8192,0.02,1000,3,rosenbrock,835,0.018300294876098633,-0.5740359425544739,,0.08676131814718246,0.002575631719082594,0.0682729184627533,0.05347617343068123
rosenbrock,1.0,2,cholesky,5,exact_marginalization,8192,0.02,1000,3,rosenbrock,836,0.016714811325073242,-0.5779520273208618,,0.07803364843130112,0.00422048382461071,0.06363499909639359,0.044966936111450195
rosenbrock,1.0,2,cholesky,5,exact_marginalization,8192,0.02,1000,3,rosenbrock,837,0.016510009765625,-0.5741262435913086,,0.08364780992269516,0.0018783675041049719,0.07761255651712418,0.03114030510187149
rosenbrock,1.0,2,cholesky,5,exact_marginalization,8192,0.02,1000,3,rosenbrock,838,0.01662302017211914,-0.5753399133682251,,0.08253847062587738,0.0022415327839553356,0.0655115619301796,0.050157852470874786
rosenbrock,1.0,2,cholesky,5,exact_marginalization,8192,0.02,1000,3,rosenbrock,839,0.015562057495117188,-0.5737722516059875,,0.05566020682454109,0.0018874784000217915,0.04061165079474449,0.03801565244793892
rosenbrock,1.0,2,cholesky,5,exact_marginalization,8192,0.02,1000,3,rosenbrock,840,0.016175031661987305,-0.5756649374961853,,0.08833371102809906,0.0029441944789141417,0.0689166858792305,0.05517848581075668
rosenbrock,1.0,2,cholesky,5,exact_marginalization,8192,0.02,1000,3,rosenbrock,841,0.017303943634033203,-0.575859546661377,,0.1095874011516571,0.001705497968941927,0.05109614133834839,0.09693128615617752
rosenbrock,1.0,2,cholesky,5,exact_marginalization,8192,0.02,1000,3,rosenbrock,842,0.01831817626953125,-0.5763878226280212,,0.11304495483636856,0.002484281314536929,0.09633912146091461,0.05909113585948944
rosenbrock,1.0,2,cholesky,5,exact_marginalization,8192,0.02,1000,3,rosenbrock,843,0.018980026245117188,-0.5722298622131348,,0.11898596584796906,0.001476170727983117,0.10340162366628647,0.05885223671793938
rosenbrock,1.0,2,cholesky,5,exact_marginalization,8192,0.02,1000,3,rosenbrock,844,0.01880812644958496,-0.5787087678909302,,0.06448739022016525,0.0019013951532542706,0.03873811289668083,0.05152055621147156
rosenbrock,1.0,2,cholesky,5,exact_marginalization,8192,0.02,1000,3,rosenbrock,845,0.02061009407043457,-0.5731423497200012,,0.06314241886138916,0.0029721311293542385,0.05194534361362457,0.03577446565032005
rosenbrock,1.0,2,cholesky,5,exact_marginalization,8192,0.02,1000,3,rosenbrock,846,0.02098822593688965,-0.5743239521980286,,0.09691154211759567,0.002924589440226555,0.09056269377470016,0.03437576815485954
rosenbrock,1.0,2,cholesky,5,exact_marginalization,8192,0.02,1000,3,rosenbrock,847,0.020058870315551758,-0.5780110359191895,,0.1363791972398758,0.001674805418588221,0.12799660861492157,0.04704621434211731
rosenbrock,1.0,2,cholesky,5,exact_marginalization,8192,0.02,1000,3,rosenbrock,848,0.020612001419067383,-0.571045458316803,,0.16629409790039062,0.0022250376641750336,0.1536240577697754,0.06362726539373398
rosenbrock,1.0,2,cholesky,5,exact_marginalization,8192,0.02,1000,3,rosenbrock,849,0.020461082458496094,-0.5713148713111877,,0.0817684456706047,0.0030582286417484283,0.06641428172588348,0.04760114476084709
rosenbrock,1.0,2,cholesky,5,exact_marginalization,8192,0.02,1000,3,rosenbrock,850,0.021255970001220703,-0.5705788731575012,,0.05940300226211548,0.0023086427245289087,0.050346650183200836,0.031442027539014816
rosenbrock,1.0,2,cholesky,5,exact_marginalization,8192,0.02,1000,3,rosenbrock,851,0.0167849063873291,-0.5762819647789001,,0.0653495043516159,0.003039218718186021,0.05126342177391052,0.04041513055562973
rosenbrock,1.0,2,cholesky,5,exact_marginalization,8192,0.02,1000,3,rosenbrock,852,0.016316890716552734,-0.5718802213668823,,0.144117534160614,0.0028072495479136705,0.1389787495136261,0.0380379892885685
rosenbrock,1.0,2,cholesky,5,exact_marginalization,8192,0.02,1000,3,rosenbrock,853,0.015286922454833984,-0.5724517703056335,,0.21128521859645844,0.0021556662395596504,0.20287644863128662,0.058974117040634155
rosenbrock,1.0,2,cholesky,5,exact_marginalization,8192,0.02,1000,3,rosenbrock,854,0.01580190658569336,-0.576697051525116,,0.08686809241771698,0.0017003677785396576,0.06847483664751053,0.053426314145326614
rosenbrock,1.0,2,cholesky,5,exact_marginalization,8192,0.02,1000,3,rosenbrock,855,0.016420841217041016,-0.5746423602104187,,0.07284161448478699,0.003257139353081584,0.0628659799695015,0.03664917126297951
rosenbrock,1.0,2,cholesky,5,exact_marginalization,8192,0.02,1000,3,rosenbrock,856,0.015617132186889648,-0.5776511430740356,,0.07626445591449738,0.00477860402315855,0.057136815041303635,0.05028734728693962
rosenbrock,1.0,2,cholesky,5,exact_marginalization,8192,0.02,1000,3,rosenbrock,857,0.015999317169189453,-0.5753272771835327,,0.07975891977548599,0.001822581049054861,0.05883827805519104,0.0538165457546711
rosenbrock,1.0,2,cholesky,5,exact_marginalization,8192,0.02,1000,3,rosenbrock,858,0.016546964645385742,-0.5714249610900879,,0.1236087903380394,0.0021663843654096127,0.10571328550577164,0.06402454525232315
rosenbrock,1.0,2,cholesky,5,exact_marginalization,8192,0.02,1000,3,rosenbrock,859,0.015862226486206055,-0.573479413986206,,0.16389039158821106,0.003281727898865938,0.15475881099700928,0.053842395544052124
rosenbrock,1.0,2,cholesky,5,exact_marginalization,8192,0.02,1000,3,rosenbrock,860,0.015912771224975586,-0.5753746628761292,,0.1781749725341797,0.0036690132692456245,0.1687193214893341,0.05715459585189819
rosenbrock,1.0,2,cholesky,5,exact_marginalization,8192,0.02,1000,3,rosenbrock,861,0.016010046005249023,-0.5717121958732605,,0.10890385508537292,0.004384152591228485,0.09970860183238983,0.043577782809734344
rosenbrock,1.0,2,cholesky,5,exact_marginalization,8192,0.02,1000,3,rosenbrock,862,0.01611804962158203,-0.5725626945495605,,0.12300180643796921,0.002817938569933176,0.08798781782388687,0.08590486645698547
rosenbrock,1.0,2,cholesky,5,exact_marginalization,8192,0.02,1000,3,rosenbrock,863,0.01583099365234375,-0.574151337146759,,0.10479463636875153,0.0016568453283980489,0.07316764444112778,0.075004443526268
rosenbrock,1.0,2,cholesky,5,exact_marginalization,8192,0.02,1000,3,rosenbrock,864,0.015383005142211914,-0.5759374499320984,,0.09051312506198883,0.0030533496756106615,0.06456556171178818,0.06336081027984619
rosenbrock,1.0,2,cholesky,5,exact_marginalization,8192,0.02,1000,3,rosenbrock,865,0.01474308967590332,-0.5789331197738647,,0.17260673642158508,0.002562934998422861,0.15776491165161133,0.0699767991900444
rosenbrock,1.0,2,cholesky,5,exact_marginalization,8192,0.02,1000,3,rosenbrock,866,0.014895200729370117,-0.5742169618606567,,0.18600936233997345,0.0023809245321899652,0.17562218010425568,0.06124263256788254
rosenbrock,1.0,2,cholesky,5,exact_marginalization,8192,0.02,1000,3,rosenbrock,867,0.01482701301574707,-0.5724272727966309,,0.12785471975803375,0.002135232323780656,0.11913155019283295,0.04636748880147934
rosenbrock,1.0,2,cholesky,5,exact_marginalization,8192,0.02,1000,3,rosenbrock,868,0.014693260192871094,-0.5686305165290833,,0.06989743560552597,0.002063252031803131,0.051053062081336975,0.047696735709905624
rosenbrock,1.0,2,cholesky,5,exact_marginalization,8192,0.02,1000,3,rosenbrock,869,0.014725923538208008,-0.5724732875823975,,0.055955976247787476,0.0008315685554407537,0.03959175571799278,0.039533186703920364
rosenbrock,1.0,2,cholesky,5,exact_marginalization,8192,0.02,1000,3,rosenbrock,870,0.014712095260620117,-0.5731585621833801,,0.07369878888130188,0.0009895151015371084,0.06352317333221436,0.037354227155447006
rosenbrock,1.0,2,cholesky,5,exact_marginalization,8192,0.02,1000,3,rosenbrock,871,0.014708280563354492,-0.5738387703895569,,0.08967189490795135,0.002146970247849822,0.0654309093952179,0.06127996742725372
rosenbrock,1.0,2,cholesky,5,exact_marginalization,8192,0.02,1000,3,rosenbrock,872,0.014713048934936523,-0.5699723362922668,,0.07825147360563278,0.0026455349288880825,0.0694115087389946,0.03603243827819824
rosenbrock,1.0,2,cholesky,5,exact_marginalization,8192,0.02,1000,3,rosenbrock,873,0.014751911163330078,-0.5724663734436035,,0.12529239058494568,0.0037967353127896786,0.11327387392520905,0.0534115694463253
rosenbrock,1.0,2,cholesky,5,exact_marginalization,8192,0.02,1000,3,rosenbrock,874,0.014690160751342773,-0.5796639919281006,,0.14454583823680878,0.003990057855844498,0.13561870157718658,0.04985125735402107
rosenbrock,1.0,2,cholesky,5,exact_marginalization,8192,0.02,1000,3,rosenbrock,875,0.01467585563659668,-0.5770367383956909,,0.1507701873779297,0.0021287575364112854,0.12364695221185684,0.0862470269203186
rosenbrock,1.0,2,cholesky,5,exact_marginalization,8192,0.02,1000,3,rosenbrock,876,0.014808177947998047,-0.5758704543113708,,0.10523388534784317,0.0037512590643018484,0.09430093318223953,0.04655568674206734
rosenbrock,1.0,2,cholesky,5,exact_marginalization,8192,0.02,1000,3,rosenbrock,877,0.014765739440917969,-0.5696390867233276,,0.07186542451381683,0.002576352097094059,0.036539431661367416,0.061829376965761185
rosenbrock,1.0,2,cholesky,5,exact_marginalization,8192,0.02,1000,3,rosenbrock,878,0.01462101936340332,-0.5705227255821228,,0.11662498861551285,0.002172718057408929,0.11398160457611084,0.024593930691480637
rosenbrock,1.0,2,cholesky,5,exact_marginalization,8192,0.02,1000,3,rosenbrock,879,0.014670848846435547,-0.574083685874939,,0.090050108730793,0.002640997525304556,0.08396284282207489,0.032438974827528
rosenbrock,1.0,2,cholesky,5,exact_marginalization,8192,0.02,1000,3,rosenbrock,880,0.014616966247558594,-0.5811575055122375,,0.09853888303041458,0.005473070777952671,0.08129444718360901,0.05541815236210823
rosenbrock,1.0,2,cholesky,5,exact_marginalization,8192,0.02,1000,3,rosenbrock,881,0.014646053314208984,-0.5756670236587524,,0.11970826983451843,0.003157296683639288,0.11262579262256622,0.040441714227199554
rosenbrock,1.0,2,cholesky,5,exact_marginalization,8192,0.02,1000,3,rosenbrock,882,0.014620780944824219,-0.5696582198143005,,0.07772468030452728,0.0021065198816359043,0.07250955700874329,0.02791152521967888
rosenbrock,1.0,2,cholesky,5,exact_marginalization,8192,0.02,1000,3,rosenbrock,883,0.014663934707641602,-0.5754143595695496,,0.11217149347066879,0.0018833044450730085,0.10573399066925049,0.037406131625175476
rosenbrock,1.0,2,cholesky,5,exact_marginalization,8192,0.02,1000,3,rosenbrock,884,0.014595985412597656,-0.5786322355270386,,0.10126270353794098,0.00384402833878994,0.06670918315649033,0.07608705759048462
rosenbrock,1.0,2,cholesky,5,exact_marginalization,8192,0.02,1000,3,rosenbrock,885,0.014682769775390625,-0.5760376453399658,,0.12875287234783173,0.0015033513773232698,0.11154847592115402,0.06428048014640808
rosenbrock,1.0,2,cholesky,5,exact_marginalization,8192,0.02,1000,3,rosenbrock,886,0.014618873596191406,-0.574497401714325,,0.0918162614107132,0.003021466778591275,0.0763976201415062,0.05083799734711647
rosenbrock,1.0,2,cholesky,5,exact_marginalization,8192,0.02,1000,3,rosenbrock,887,0.014661788940429688,-0.5768067240715027,,0.20779819786548615,0.0030008330941200256,0.19807128608226776,0.06276027113199234
rosenbrock,1.0,2,cholesky,5,exact_marginalization,8192,0.02,1000,3,rosenbrock,888,0.014614105224609375,-0.5742961168289185,,0.12115567177534103,0.0033444645814597607,0.11227739602327347,0.04540151357650757
rosenbrock,1.0,2,cholesky,5,exact_marginalization,8192,0.02,1000,3,rosenbrock,889,0.015381097793579102,-0.5719708204269409,,0.12773318588733673,0.001248496468178928,0.11820077151060104,0.0484023280441761
rosenbrock,1.0,2,cholesky,5,exact_marginalization,8192,0.02,1000,3,rosenbrock,890,0.014819145202636719,-0.5735509991645813,,0.08015473186969757,0.0019169541774317622,0.06951913982629776,0.03985217213630676
rosenbrock,1.0,2,cholesky,5,exact_marginalization,8192,0.02,1000,3,rosenbrock,891,0.014718055725097656,-0.573624849319458,,0.10094548761844635,0.00193359877448529,0.08728361129760742,0.050673697143793106
rosenbrock,1.0,2,cholesky,5,exact_marginalization,8192,0.02,1000,3,rosenbrock,892,0.014644861221313477,-0.5753654837608337,,0.07764951139688492,0.004506716504693031,0.04911758378148079,0.0599716491997242
rosenbrock,1.0,2,cholesky,5,exact_marginalization,8192,0.02,1000,3,rosenbrock,893,0.015136957168579102,-0.5752774477005005,,0.09126602858304977,0.0014628825010731816,0.07404276728630066,0.05333869904279709
rosenbrock,1.0,2,cholesky,5,exact_marginalization,8192,0.02,1000,3,rosenbrock,894,0.014698982238769531,-0.5726224184036255,,0.10479576140642166,0.002304318593814969,0.10061677545309067,0.029207978397607803
rosenbrock,1.0,2,cholesky,5,exact_marginalization,8192,0.02,1000,3,rosenbrock,895,0.01487278938293457,-0.5734858512878418,,0.12685054540634155,0.001162385568022728,0.12154226005077362,0.03629312291741371
rosenbrock,1.0,2,cholesky,5,exact_marginalization,8192,0.02,1000,3,rosenbrock,896,0.014579057693481445,-0.5773906707763672,,0.08368495851755142,0.001564829726703465,0.07248532772064209,0.04179234802722931
rosenbrock,1.0,2,cholesky,5,exact_marginalization,8192,0.02,1000,3,rosenbrock,897,0.014655113220214844,-0.572880208492279,,0.11287421733140945,0.0037582889199256897,0.10783426463603973,0.03313963860273361
rosenbrock,1.0,2,cholesky,5,exact_marginalization,8192,0.02,1000,3,rosenbrock,898,0.014607906341552734,-0.5731966495513916,,0.07940247654914856,0.0023090143222361803,0.06614404916763306,0.04386783018708229
rosenbrock,1.0,2,cholesky,5,exact_marginalization,8192,0.02,1000,3,rosenbrock,899,0.014783859252929688,-0.5719088315963745,,0.15842483937740326,0.0029486720450222492,0.14734070003032684,0.058141689747571945
rosenbrock,1.0,2,cholesky,5,exact_marginalization,8192,0.02,1000,3,rosenbrock,900,0.04683399200439453,-0.5729668140411377,,0.11599035561084747,0.001193377422168851,0.07258839160203934,0.09046140313148499
rosenbrock,1.0,2,cholesky,5,exact_marginalization,8192,0.02,1000,3,rosenbrock,901,0.015032052993774414,-0.5779639482498169,,0.08271823078393936,0.0021736151538789272,0.06061127781867981,0.05624814331531525
rosenbrock,1.0,2,cholesky,5,exact_marginalization,8192,0.02,1000,3,rosenbrock,902,0.014944791793823242,-0.5732904672622681,,0.08221389353275299,0.0023918927181512117,0.07606809586286545,0.03109738416969776
rosenbrock,1.0,2,cholesky,5,exact_marginalization,8192,0.02,1000,3,rosenbrock,903,0.014788150787353516,-0.5741093158721924,,0.15323685109615326,0.002612652024254203,0.1407659947872162,0.06049495190382004
rosenbrock,1.0,2,cholesky,5,exact_marginalization,8192,0.02,1000,3,rosenbrock,904,0.014681816101074219,-0.5696925520896912,,0.14981704950332642,0.004134885501116514,0.12100978940725327,0.08823084831237793
rosenbrock,1.0,2,cholesky,5,exact_marginalization,8192,0.02,1000,3,rosenbrock,905,0.014878034591674805,-0.5710938572883606,,0.09280234575271606,0.005397729575634003,0.08232354372739792,0.042496759444475174
rosenbrock,1.0,2,cholesky,5,exact_marginalization,8192,0.02,1000,3,rosenbrock,906,0.014692306518554688,-0.5771530866622925,,0.07821651548147202,0.0020610177889466286,0.07617413997650146,0.01763732358813286
rosenbrock,1.0,2,cholesky,5,exact_marginalization,8192,0.02,1000,3,rosenbrock,907,0.014701128005981445,-0.5721704363822937,,0.1386229544878006,0.0038094075862318277,0.13138000667095184,0.04405799135565758
rosenbrock,1.0,2,cholesky,5,exact_marginalization,8192,0.02,1000,3,rosenbrock,908,0.014680147171020508,-0.5726159811019897,,0.07813730835914612,0.0010570670710876584,0.06726084649562836,0.03975299000740051
rosenbrock,1.0,2,cholesky,5,exact_marginalization,8192,0.02,1000,3,rosenbrock,909,0.014712095260620117,-0.573046088218689,,0.0980420857667923,0.002404202939942479,0.08289409428834915,0.05229761078953743
rosenbrock,1.0,2,cholesky,5,exact_marginalization,8192,0.02,1000,3,rosenbrock,910,0.014675378799438477,-0.5721495151519775,,0.09377128630876541,0.0036316574551165104,0.0714905858039856,0.06057194620370865
rosenbrock,1.0,2,cholesky,5,exact_marginalization,8192,0.02,1000,3,rosenbrock,911,0.014650344848632812,-0.5715981721878052,,0.08082423359155655,0.002493556123226881,0.0582340843975544,0.055992234498262405
rosenbrock,1.0,2,cholesky,5,exact_marginalization,8192,0.02,1000,3,rosenbrock,912,0.014631032943725586,-0.5704274773597717,,0.10228851437568665,0.0031133373267948627,0.0950910747051239,0.03756239637732506
rosenbrock,1.0,2,cholesky,5,exact_marginalization,8192,0.02,1000,3,rosenbrock,913,0.014731884002685547,-0.5732617974281311,,0.07964002341032028,0.0028200822416692972,0.06386154145002365,0.0475003682076931
rosenbrock,1.0,2,cholesky,5,exact_marginalization,8192,0.02,1000,3,rosenbrock,914,0.01495504379272461,-0.5717957615852356,,0.057106975466012955,0.0022617673967033625,0.04168062284588814,0.03897199407219887
rosenbrock,1.0,2,cholesky,5,exact_marginalization,8192,0.02,1000,3,rosenbrock,915,0.014653921127319336,-0.5707160234451294,,0.1085887998342514,0.0029527044389396906,0.08012702316045761,0.0732288733124733
rosenbrock,1.0,2,cholesky,5,exact_marginalization,8192,0.02,1000,3,rosenbrock,916,0.014711141586303711,-0.5733484029769897,,0.1313554048538208,0.0028005484491586685,0.08559367805719376,0.09959980100393295
rosenbrock,1.0,2,cholesky,5,exact_marginalization,8192,0.02,1000,3,rosenbrock,917,0.015123844146728516,-0.5734710693359375,,0.10684527456760406,0.0023086441215127707,0.09637509286403656,0.046069759875535965
rosenbrock,1.0,2,cholesky,5,exact_marginalization,8192,0.02,1000,3,rosenbrock,918,0.017791032791137695,-0.5693548321723938,,0.06333161890506744,0.0018638899782672524,0.05090413615107536,0.0376322865486145
rosenbrock,1.0,2,cholesky,5,exact_marginalization,8192,0.02,1000,3,rosenbrock,919,0.0176389217376709,-0.5746959447860718,,0.07200636714696884,0.0027413698844611645,0.06533969938755035,0.030135110020637512
rosenbrock,1.0,2,cholesky,5,exact_marginalization,8192,0.02,1000,3,rosenbrock,920,0.017057180404663086,-0.5698817372322083,,0.18775250017642975,0.0007812516996636987,0.18154986202716827,0.047854334115982056
rosenbrock,1.0,2,cholesky,5,exact_marginalization,8192,0.02,1000,3,rosenbrock,921,0.01743793487548828,-0.5705291628837585,,0.0996566116809845,0.001297628041356802,0.077121302485466,0.0631035789847374
rosenbrock,1.0,2,cholesky,5,exact_marginalization,8192,0.02,1000,3,rosenbrock,922,0.017781972885131836,-0.5741020441055298,,0.12852934002876282,0.001975351246073842,0.12270722538232803,0.03819456696510315
rosenbrock,1.0,2,cholesky,5,exact_marginalization,8192,0.02,1000,3,rosenbrock,923,0.020558834075927734,-0.5690319538116455,,0.12596949934959412,0.0025303445290774107,0.1160949170589447,0.04882502183318138
rosenbrock,1.0,2,cholesky,5,exact_marginalization,8192,0.02,1000,3,rosenbrock,924,0.018413066864013672,-0.5770376920700073,,0.06579297035932541,0.0022250134497880936,0.043198030441999435,0.04957512766122818
rosenbrock,1.0,2,cholesky,5,exact_marginalization,8192,0.02,1000,3,rosenbrock,925,0.016533851623535156,-0.5737451910972595,,0.10343829542398453,0.002905985340476036,0.09333755075931549,0.044487498700618744
rosenbrock,1.0,2,cholesky,5,exact_marginalization,8192,0.02,1000,3,rosenbrock,926,0.016356229782104492,-0.5720264315605164,,0.07922995835542679,0.004471831023693085,0.049500610679388046,0.06170153245329857
rosenbrock,1.0,2,cholesky,5,exact_marginalization,8192,0.02,1000,3,rosenbrock,927,0.01589512825012207,-0.5739187598228455,,0.12563803791999817,0.003655475564301014,0.07374880462884903,0.10164973139762878
rosenbrock,1.0,2,cholesky,5,exact_marginalization,8192,0.02,1000,3,rosenbrock,928,0.017415761947631836,-0.5676238536834717,,0.09122302383184433,0.002206613076850772,0.07652059197425842,0.04961220920085907
rosenbrock,1.0,2,cholesky,5,exact_marginalization,8192,0.02,1000,3,rosenbrock,929,0.01595902442932129,-0.5697879791259766,,0.13435666263103485,0.003718955907970667,0.12274995446205139,0.05450073629617691
rosenbrock,1.0,2,cholesky,5,exact_marginalization,8192,0.02,1000,3,rosenbrock,930,0.018522024154663086,-0.5698446035385132,,0.12084252387285233,0.002720918506383896,0.10859591513872147,0.052938077598810196
rosenbrock,1.0,2,cholesky,5,exact_marginalization,8192,0.02,1000,3,rosenbrock,931,0.017528057098388672,-0.5730887651443481,,0.11877455562353134,0.001854973379522562,0.10289458185434341,0.05930143967270851
rosenbrock,1.0,2,cholesky,5,exact_marginalization,8192,0.02,1000,3,rosenbrock,932,0.017248868942260742,-0.5730986595153809,,0.07646648585796356,0.0010533269960433245,0.061541300266981125,0.045372702181339264
rosenbrock,1.0,2,cholesky,5,exact_marginalization,8192,0.02,1000,3,rosenbrock,933,0.015948057174682617,-0.5689797401428223,,0.08435816317796707,0.0010943127563223243,0.07387547194957733,0.04071259871125221
rosenbrock,1.0,2,cholesky,5,exact_marginalization,8192,0.02,1000,3,rosenbrock,934,0.017184019088745117,-0.5733479857444763,,0.10539556294679642,0.002686108695343137,0.05890354514122009,0.0873577818274498
rosenbrock,1.0,2,cholesky,5,exact_marginalization,8192,0.02,1000,3,rosenbrock,935,0.016057968139648438,-0.5711573362350464,,0.10749687999486923,0.002951384987682104,0.09373489767313004,0.05254179239273071
rosenbrock,1.0,2,cholesky,5,exact_marginalization,8192,0.02,1000,3,rosenbrock,936,0.017441987991333008,-0.5733634233474731,,0.09824518114328384,0.0038572116754949093,0.09548010677099228,0.02282078191637993
rosenbrock,1.0,2,cholesky,5,exact_marginalization,8192,0.02,1000,3,rosenbrock,937,0.016880035400390625,-0.5738968253135681,,0.0740044042468071,0.0021827886812388897,0.062184449285268784,0.04006221890449524
rosenbrock,1.0,2,cholesky,5,exact_marginalization,8192,0.02,1000,3,rosenbrock,938,0.017234086990356445,-0.5740694999694824,,0.0938371792435646,0.003473165910691023,0.07469785213470459,0.056688472628593445
rosenbrock,1.0,2,cholesky,5,exact_marginalization,8192,0.02,1000,3,rosenbrock,939,0.016624927520751953,-0.5720885396003723,,0.1210106760263443,0.0023094164207577705,0.11218173801898956,0.04531564936041832
rosenbrock,1.0,2,cholesky,5,exact_marginalization,8192,0.02,1000,3,rosenbrock,940,0.016119718551635742,-0.5747246742248535,,0.09458615630865097,0.004397063050419092,0.08222465962171555,0.0465436615049839
rosenbrock,1.0,2,cholesky,5,exact_marginalization,8192,0.02,1000,3,rosenbrock,941,0.015494108200073242,-0.5740534067153931,,0.08306148648262024,0.001479569124057889,0.0453014075756073,0.06960462033748627
rosenbrock,1.0,2,cholesky,5,exact_marginalization,8192,0.02,1000,3,rosenbrock,942,0.015827178955078125,-0.5692494511604309,,0.06741516292095184,0.0037222467362880707,0.04814251884818077,0.047045156359672546
rosenbrock,1.0,2,cholesky,5,exact_marginalization,8192,0.02,1000,3,rosenbrock,943,0.015606880187988281,-0.5704302787780762,,0.09847547113895416,0.004031592980027199,0.0782506912946701,0.05964892730116844
rosenbrock,1.0,2,cholesky,5,exact_marginalization,8192,0.02,1000,3,rosenbrock,944,0.016227245330810547,-0.5706878900527954,,0.10002542287111282,0.004499097354710102,0.07764469087123871,0.06289788335561752
rosenbrock,1.0,2,cholesky,5,exact_marginalization,8192,0.02,1000,3,rosenbrock,945,0.01510000228881836,-0.5737968683242798,,0.07129890471696854,0.002199663082137704,0.04617808386683464,0.05427965149283409
rosenbrock,1.0,2,cholesky,5,exact_marginalization,8192,0.02,1000,3,rosenbrock,946,0.0163729190826416,-0.571845531463623,,0.08060505986213684,0.0030210590921342373,0.06891199201345444,0.04170355200767517
rosenbrock,1.0,2,cholesky,5,exact_marginalization,8192,0.02,1000,3,rosenbrock,947,0.015182971954345703,-0.5795703530311584,,0.07993637025356293,0.0011508840834721923,0.06178710609674454,0.05070358142256737
rosenbrock,1.0,2,cholesky,5,exact_marginalization,8192,0.02,1000,3,rosenbrock,948,0.014584064483642578,-0.5748146772384644,,0.1054903194308281,0.0037542078644037247,0.05703316256403923,0.08866415172815323
rosenbrock,1.0,2,cholesky,5,exact_marginalization,8192,0.02,1000,3,rosenbrock,949,0.014893054962158203,-0.5707775354385376,,0.10129537433385849,0.0028868415392935276,0.09280290454626083,0.04049740359187126
rosenbrock,1.0,2,cholesky,5,exact_marginalization,8192,0.02,1000,3,rosenbrock,950,0.01481485366821289,-0.5711629986763,,0.08464560657739639,0.0013803880428895354,0.0763784870505333,0.036459580063819885
rosenbrock,1.0,2,cholesky,5,exact_marginalization,8192,0.02,1000,3,rosenbrock,951,0.01484227180480957,-0.5722382068634033,,0.09605387598276138,0.0021818275563418865,0.08050641417503357,0.05234791338443756
rosenbrock,1.0,2,cholesky,5,exact_marginalization,8192,0.02,1000,3,rosenbrock,952,0.014723062515258789,-0.5712863206863403,,0.08049175143241882,0.0014046324649825692,0.07474729418754578,0.0298293586820364
rosenbrock,1.0,2,cholesky,5,exact_marginalization,8192,0.02,1000,3,rosenbrock,953,0.014496088027954102,-0.5726139545440674,,0.071929931640625,0.0028985929675400257,0.061196718364953995,0.037689194083213806
rosenbrock,1.0,2,cholesky,5,exact_marginalization,8192,0.02,1000,3,rosenbrock,954,0.015343189239501953,-0.573745608329773,,0.08223716169595718,0.0030984829645603895,0.042434029281139374,0.07037544995546341
rosenbrock,1.0,2,cholesky,5,exact_marginalization,8192,0.02,1000,3,rosenbrock,955,0.014986991882324219,-0.5707064270973206,,0.07553918659687042,0.0011190867517143488,0.05579761043190956,0.05090721324086189
rosenbrock,1.0,2,cholesky,5,exact_marginalization,8192,0.02,1000,3,rosenbrock,956,0.014851808547973633,-0.5718904733657837,,0.0996268093585968,0.00199288222938776,0.07974351197481155,0.05968668311834335
rosenbrock,1.0,2,cholesky,5,exact_marginalization,8192,0.02,1000,3,rosenbrock,957,0.014936685562133789,-0.5744135975837708,,0.09644339233636856,0.0037036288995295763,0.0868707001209259,0.04172641038894653
rosenbrock,1.0,2,cholesky,5,exact_marginalization,8192,0.02,1000,3,rosenbrock,958,0.014699935913085938,-0.5714315176010132,,0.10116686671972275,0.0036870925687253475,0.08893542736768723,0.04807942360639572
rosenbrock,1.0,2,cholesky,5,exact_marginalization,8192,0.02,1000,3,rosenbrock,959,0.014906883239746094,-0.5744875073432922,,0.11023067682981491,0.0014205754268914461,0.09797273576259613,0.05049878731369972
rosenbrock,1.0,2,cholesky,5,exact_marginalization,8192,0.02,1000,3,rosenbrock,960,0.014800071716308594,-0.5696515440940857,,0.06014510989189148,0.004681278020143509,0.041029226034879684,0.0437278188765049
rosenbrock,1.0,2,cholesky,5,exact_marginalization,8192,0.02,1000,3,rosenbrock,961,0.016456127166748047,-0.5744723677635193,,0.07052690535783768,0.0027621700428426266,0.06490280479192734,0.02745979093015194
rosenbrock,1.0,2,cholesky,5,exact_marginalization,8192,0.02,1000,3,rosenbrock,962,0.016170024871826172,-0.5703456401824951,,0.09613900631666183,0.002591000171378255,0.07188188284635544,0.06378862261772156
rosenbrock,1.0,2,cholesky,5,exact_marginalization,8192,0.02,1000,3,rosenbrock,963,0.0167849063873291,-0.5739307403564453,,0.11498988419771194,0.0030660671181976795,0.10738545656204224,0.04100774973630905
rosenbrock,1.0,2,cholesky,5,exact_marginalization,8192,0.02,1000,3,rosenbrock,964,0.018158912658691406,-0.5720810294151306,,0.0770314633846283,0.0016129346331581473,0.0699165016412735,0.032294392585754395
rosenbrock,1.0,2,cholesky,5,exact_marginalization,8192,0.02,1000,3,rosenbrock,965,0.01848006248474121,-0.5700688362121582,,0.06873918324708939,0.0030683218501508236,0.04946576803922653,0.04763191193342209
rosenbrock,1.0,2,cholesky,5,exact_marginalization,8192,0.02,1000,3,rosenbrock,966,0.018610000610351562,-0.5758309960365295,,0.07309012115001678,0.00143711781129241,0.033279575407505035,0.06505820155143738
rosenbrock,1.0,2,cholesky,5,exact_marginalization,8192,0.02,1000,3,rosenbrock,967,0.01773810386657715,-0.5645046830177307,,0.12223336845636368,0.002424929291009903,0.0997692197561264,0.07057775557041168
rosenbrock,1.0,2,cholesky,5,exact_marginalization,8192,0.02,1000,3,rosenbrock,968,0.016047954559326172,-0.5720739364624023,,0.08471880853176117,0.001798334065824747,0.05359460040926933,0.06558704376220703
rosenbrock,1.0,2,cholesky,5,exact_marginalization,8192,0.02,1000,3,rosenbrock,969,0.016399145126342773,-0.5687486529350281,,0.08602150529623032,0.00297179794870317,0.08200187236070633,0.025817815214395523
rosenbrock,1.0,2,cholesky,5,exact_marginalization,8192,0.02,1000,3,rosenbrock,970,0.015790224075317383,-0.5732721090316772,,0.11635774374008179,0.0042940895073115826,0.10476931929588318,0.05043882504105568
rosenbrock,1.0,2,cholesky,5,exact_marginalization,8192,0.02,1000,3,rosenbrock,971,0.016340017318725586,-0.5711532831192017,,0.08010479807853699,0.0031655728816986084,0.07000364363193512,0.03881042078137398
rosenbrock,1.0,2,cholesky,5,exact_marginalization,8192,0.02,1000,3,rosenbrock,972,0.01512598991394043,-0.5754981637001038,,0.08462908864021301,0.00219497038051486,0.06729167699813843,0.05127470940351486
rosenbrock,1.0,2,cholesky,5,exact_marginalization,8192,0.02,1000,3,rosenbrock,973,0.016214609146118164,-0.5745305418968201,,0.08147711306810379,0.004467498045414686,0.06245141103863716,0.05213811993598938
rosenbrock,1.0,2,cholesky,5,exact_marginalization,8192,0.02,1000,3,rosenbrock,974,0.016299962997436523,-0.5712136626243591,,0.16496118903160095,0.004397522658109665,0.15080761909484863,0.06670772284269333
rosenbrock,1.0,2,cholesky,5,exact_marginalization,8192,0.02,1000,3,rosenbrock,975,0.015790700912475586,-0.5744112133979797,,0.06357083469629288,0.0035967931617051363,0.0524766780436039,0.035700321197509766
rosenbrock,1.0,2,cholesky,5,exact_marginalization,8192,0.02,1000,3,rosenbrock,976,0.016397953033447266,-0.568645715713501,,0.11847899109125137,0.0012102809268981218,0.08383912593126297,0.08370666950941086
rosenbrock,1.0,2,cholesky,5,exact_marginalization,8192,0.02,1000,3,rosenbrock,977,0.015130758285522461,-0.566278874874115,,0.05159037932753563,0.00308656576089561,0.040286824107170105,0.03207821398973465
rosenbrock,1.0,2,cholesky,5,exact_marginalization,8192,0.02,1000,3,rosenbrock,978,0.014866113662719727,-0.575348436832428,,0.09510481357574463,0.005697188898921013,0.08507358282804489,0.042130205780267715
rosenbrock,1.0,2,cholesky,5,exact_marginalization,8192,0.02,1000,3,rosenbrock,979,0.014834880828857422,-0.5695220232009888,,0.10594487190246582,0.001786457491107285,0.08776335418224335,0.05931876599788666
rosenbrock,1.0,2,cholesky,5,exact_marginalization,8192,0.02,1000,3,rosenbrock,980,0.014721870422363281,-0.5714517831802368,,0.14484234154224396,0.0015260170912370086,0.13498763740062714,0.05249108746647835
rosenbrock,1.0,2,cholesky,5,exact_marginalization,8192,0.02,1000,3,rosenbrock,981,0.014809131622314453,-0.5677891969680786,,0.07455594837665558,0.0028547646943479776,0.05410527065396309,0.05121581256389618
rosenbrock,1.0,2,cholesky,5,exact_marginalization,8192,0.02,1000,3,rosenbrock,982,0.014747858047485352,-0.5743465423583984,,0.14255741238594055,0.0018031152430921793,0.12253294885158539,0.07283569872379303
rosenbrock,1.0,2,cholesky,5,exact_marginalization,8192,0.02,1000,3,rosenbrock,983,0.01474308967590332,-0.5759558081626892,,0.06702394038438797,0.002799850655719638,0.04727444052696228,0.047428857535123825
rosenbrock,1.0,2,cholesky,5,exact_marginalization,8192,0.02,1000,3,rosenbrock,984,0.014594793319702148,-0.5724732875823975,,0.13686445355415344,0.002996188122779131,0.113894023001194,0.07583566755056381
rosenbrock,1.0,2,cholesky,5,exact_marginalization,8192,0.02,1000,3,rosenbrock,985,0.014701128005981445,-0.5724467039108276,,0.11368519812822342,0.0011784005910158157,0.09905552864074707,0.05577578395605087
rosenbrock,1.0,2,cholesky,5,exact_marginalization,8192,0.02,1000,3,rosenbrock,986,0.014562129974365234,-0.571790337562561,,0.08826512098312378,0.003532114904373884,0.078757144510746,0.039693430066108704
rosenbrock,1.0,2,cholesky,5,exact_marginalization,8192,0.02,1000,3,rosenbrock,987,0.014745235443115234,-0.573457658290863,,0.0737973153591156,0.001994506921619177,0.06628546863794327,0.03237750008702278
rosenbrock,1.0,2,cholesky,5,exact_marginalization,8192,0.02,1000,3,rosenbrock,988,0.014603853225708008,-0.5747945308685303,,0.13197217881679535,0.004927115049213171,0.12191587686538696,0.05028815567493439
rosenbrock,1.0,2,cholesky,5,exact_marginalization,8192,0.02,1000,3,rosenbrock,989,0.014580249786376953,-0.571124255657196,,0.05972559005022049,0.0025562518276274204,0.035271450877189636,0.04813041165471077
rosenbrock,1.0,2,cholesky,5,exact_marginalization,8192,0.02,1000,3,rosenbrock,990,0.014583110809326172,-0.5659371614456177,,0.06682237982749939,0.0013484873343259096,0.04592788591980934,0.04851846396923065
rosenbrock,1.0,2,cholesky,5,exact_marginalization,8192,0.02,1000,3,rosenbrock,991,0.014500141143798828,-0.569553017616272,,0.08103713393211365,0.0021318327635526657,0.042307302355766296,0.06908375024795532
rosenbrock,1.0,2,cholesky,5,exact_marginalization,8192,0.02,1000,3,rosenbrock,992,0.01455998420715332,-0.5692487359046936,,0.0899161547422409,0.0010404086206108332,0.07020051777362823,0.05617578700184822
rosenbrock,1.0,2,cholesky,5,exact_marginalization,8192,0.02,1000,3,rosenbrock,993,0.014560937881469727,-0.5708630084991455,,0.08370278030633926,0.0009642625809647143,0.07422967255115509,0.03866756707429886
rosenbrock,1.0,2,cholesky,5,exact_marginalization,8192,0.02,1000,3,rosenbrock,994,0.014509916305541992,-0.5690050721168518,,0.0827658548951149,0.0031157841440290213,0.06162622570991516,0.05516055226325989
rosenbrock,1.0,2,cholesky,5,exact_marginalization,8192,0.02,1000,3,rosenbrock,995,0.014589071273803711,-0.5723161697387695,,0.07332026958465576,0.0028292781207710505,0.062177617102861404,0.03875309228897095
rosenbrock,1.0,2,cholesky,5,exact_marginalization,8192,0.02,1000,3,rosenbrock,996,0.01447296142578125,-0.5685253143310547,,0.07694108784198761,0.002491523278877139,0.07263234257698059,0.025263939052820206
rosenbrock,1.0,2,cholesky,5,exact_marginalization,8192,0.02,1000,3,rosenbrock,997,0.014586210250854492,-0.5687700510025024,,0.12617957592010498,0.0007560055237263441,0.11760850250720978,0.04570509493350983
rosenbrock,1.0,2,cholesky,5,exact_marginalization,8192,0.02,1000,3,rosenbrock,998,0.014631986618041992,-0.5720723867416382,,0.0881137028336525,0.002358286175876856,0.07791409641504288,0.04108354076743126
rosenbrock,1.0,2,cholesky,5,exact_marginalization,8192,0.02,1000,3,rosenbrock,999,0.014736175537109375,-0.5705530047416687,,0.08608435094356537,0.002635242650285363,0.07753361761569977,0.03731096535921097
