target,target_Z,dim,chart,components,estimator,mc,lr,n_steps,seed,tag,step,wall_s,elbo,elbo_std,temperature,grad_norm,grad_norm_w,grad_norm_a,grad_norm_A
rosenbrock,1.0,2,cholesky,5,gumbel_softmax,8192,0.02,1000,3,rosenbrock,0,0.04921388626098633,-3.0657870769500732,5.1151862144470215,1.0,2.80145525932312,0.22402165830135345,1.2758636474609375,2.483976125717163
rosenbrock,1.0,2,cholesky,5,gumbel_softmax,8192,0.02,1000,3,rosenbrock,1,0.015619993209838867,-2.8048226833343506,4.484002113342285,0.9995,2.3789873123168945,0.21228981018066406,0.9512271881103516,2.170179843902588
rosenbrock,1.0,2,cholesky,5,gumbel_softmax,8192,0.02,1000,3,rosenbrock,2,0.007069826126098633,-2.40525484085083,3.383167028427124,0.9990002500000001,1.6041208505630493,0.1471768468618393,0.5861990451812744,1.4859049320220947
rosenbrock,1.0,2,cholesky,5,gumbel_softmax,8192,0.02,1000,3,rosenbrock,3,0.006680965423583984,-2.131787061691284,2.232581853866577,0.9985007498750001,1.108106255531311,0.0814705640077591,0.3198619782924652,1.0578044652938843
rosenbrock,1.0,2,cholesky,5,gumbel_softmax,8192,0.02,1000,3,rosenbrock,4,0.00663304328918457,-2.0703961849212646,2.027925968170166,0.9980014995000627,1.0038785934448242,0.075331911444664,0.2741948366165161,0.9627640247344971
rosenbrock,1.0,2,cholesky,5,gumbel_softmax,8192,0.02,1000,3,rosenbrock,5,0.012637138366699219,-1.9484736919403076,1.545241117477417,0.9975024987503127,0.7899709939956665,0.05944615229964256,0.3581220209598541,0.7016187906265259
rosenbrock,1.0,2,cholesky,5,gumbel_softmax,8192,0.02,1000,3,rosenbrock,6,0.014099836349487305,-1.867803931236267,1.4724397659301758,0.9970037475009377,0.720882773399353,0.042966894805431366,0.4462263584136963,0.5645421743392944
rosenbrock,1.0,2,cholesky,5,gumbel_softmax,8192,0.02,1000,3,rosenbrock,7,0.006635189056396484,-1.8503350019454956,1.5156753063201904,0.9965052456271872,0.6553292274475098,0.023441806435585022,0.4580018222332001,0.46812525391578674
rosenbrock,1.0,2,cholesky,5,gumbel_softmax,8192,0.02,1000,3,rosenbrock,8,0.006551980972290039,-1.8201357126235962,1.2524747848510742,0.9960069930043737,0.6776784658432007,0.03452250733971596,0.4924594759941101,0.46426281332969666
rosenbrock,1.0,2,cholesky,5,gumbel_softmax,8192,0.02,1000,3,rosenbrock,9,0.006536245346069336,-1.7723333835601807,1.1198011636734009,0.9955089895078716,0.6114927530288696,0.02066708914935589,0.4929518699645996,0.3612405061721802
rosenbrock,1.0,2,cholesky,5,gumbel_softmax,8192,0.02,1000,3,rosenbrock,10,0.011681795120239258,-1.7372769117355347,1.1248114109039307,0.9950112350131177,0.5668587684631348,0.04726550355553627,0.4741377532482147,0.3070639371871948
rosenbrock,1.0,2,cholesky,5,gumbel_softmax,8192,0.02,1000,3,rosenbrock,11,0.0070188045501708984,-1.7478795051574707,1.1135112047195435,0.9945137293956112,0.5995059609413147,0.05286555364727974,0.5272102952003479,0.2804673910140991
rosenbrock,1.0,2,cholesky,5,gumbel_softmax,8192,0.02,1000,3,rosenbrock,12,0.01202702522277832,-1.711970329284668,1.1502821445465088,0.9940164725309134,0.47997036576271057,0.05887796729803085,0.37866631150245667,0.28899267315864563
rosenbrock,1.0,2,cholesky,5,gumbel_softmax,8192,0.02,1000,3,rosenbrock,13,0.007421970367431641,-1.678566336631775,0.9646495580673218,0.993519464294648,0.4025748372077942,0.04820651561021805,0.3149128556251526,0.2461148500442505
rosenbrock,1.0,2,cholesky,5,gumbel_softmax,8192,0.02,1000,3,rosenbrock,14,0.006700754165649414,-1.6800105571746826,0.9630915522575378,0.9930227045625007,0.40309229493141174,0.0553484745323658,0.32957860827445984,0.22538389265537262
rosenbrock,1.0,2,cholesky,5,gumbel_softmax,8192,0.02,1000,3,rosenbrock,15,0.00662684440612793,-1.650692105293274,0.9870591163635254,0.9925261932102195,0.38980647921562195,0.06107598543167114,0.29119518399238586,0.25184160470962524
rosenbrock,1.0,2,cholesky,5,gumbel_softmax,8192,0.02,1000,3,rosenbrock,16,0.012847185134887695,-1.6374967098236084,0.8600780367851257,0.9920299301136145,0.3474663197994232,0.0598599798977375,0.23725225031375885,0.24670018255710602
rosenbrock,1.0,2,cholesky,5,gumbel_softmax,8192,0.02,1000,3,rosenbrock,17,0.006723165512084961,-1.6397895812988281,0.9456771016120911,0.9915339151485577,0.38460981845855713,0.07194624096155167,0.20964373648166656,0.3143214285373688
rosenbrock,1.0,2,cholesky,5,gumbel_softmax,8192,0.02,1000,3,rosenbrock,18,0.006849050521850586,-1.6233816146850586,0.8218588829040527,0.9910381481909836,0.34042486548423767,0.05550238862633705,0.25052976608276367,0.22370383143424988
rosenbrock,1.0,2,cholesky,5,gumbel_softmax,8192,0.02,1000,3,rosenbrock,19,0.006929159164428711,-1.6204955577850342,1.0218384265899658,0.9905426291168881,0.3755095601081848,0.062088947743177414,0.2631688416004181,0.26056578755378723
rosenbrock,1.0,2,cholesky,5,gumbel_softmax,8192,0.02,1000,3,rosenbrock,20,0.006346940994262695,-1.5789391994476318,0.7619791030883789,0.9900473578023297,0.32255274057388306,0.0428503155708313,0.23857010900974274,0.2128107249736786
rosenbrock,1.0,2,cholesky,5,gumbel_softmax,8192,0.02,1000,3,rosenbrock,21,0.006924152374267578,-1.5882439613342285,0.7281891107559204,0.9895523341234286,0.3606845736503601,0.047207217663526535,0.2671237587928772,0.23771777749061584
rosenbrock,1.0,2,cholesky,5,gumbel_softmax,8192,0.02,1000,3,rosenbrock,22,0.006509065628051758,-1.5770823955535889,0.7505617737770081,0.989057557956367,0.3622649908065796,0.04761097952723503,0.2751178443431854,0.2308230698108673
rosenbrock,1.0,2,cholesky,5,gumbel_softmax,8192,0.02,1000,3,rosenbrock,23,0.006459951400756836,-1.5683741569519043,0.7254453301429749,0.9885630291773888,0.3743356466293335,0.057513151317834854,0.301379919052124,0.21445170044898987
rosenbrock,1.0,2,cholesky,5,gumbel_softmax,8192,0.02,1000,3,rosenbrock,24,0.006370067596435547,-1.560167670249939,0.8494635224342346,0.9880687476628002,0.43625929951667786,0.047267913818359375,0.3477213382720947,0.2591868042945862
rosenbrock,1.0,2,cholesky,5,gumbel_softmax,8192,0.02,1000,3,rosenbrock,25,0.006350040435791016,-1.5429083108901978,0.8919073939323425,0.9875747132889688,0.3968032896518707,0.033650510013103485,0.3178709149360657,0.2351139485836029
rosenbrock,1.0,2,cholesky,5,gumbel_softmax,8192,0.02,1000,3,rosenbrock,26,0.006394147872924805,-1.5184640884399414,0.787193238735199,0.9870809259323243,0.39667192101478577,0.023290613666176796,0.28153955936431885,0.2784629166126251
rosenbrock,1.0,2,cholesky,5,gumbel_softmax,8192,0.02,1000,3,rosenbrock,27,0.006626129150390625,-1.5043681859970093,0.7031135559082031,0.9865873854693583,0.3356647491455078,0.025777829810976982,0.2594188153743744,0.21144314110279083
rosenbrock,1.0,2,cholesky,5,gumbel_softmax,8192,0.02,1000,3,rosenbrock,28,0.006778240203857422,-1.507096529006958,0.7141556739807129,0.9860940917766237,0.3364354372024536,0.031634241342544556,0.27057576179504395,0.19742554426193237
rosenbrock,1.0,2,cholesky,5,gumbel_softmax,8192,0.02,1000,3,rosenbrock,29,0.006438016891479492,-1.4688760042190552,0.6843476891517639,0.9856010447307354,0.32228949666023254,0.04582182690501213,0.25840917229652405,0.18707101047039032
rosenbrock,1.0,2,cholesky,5,gumbel_softmax,8192,0.02,1000,3,rosenbrock,30,0.006330728530883789,-1.4739493131637573,0.7921259999275208,0.9851082442083701,0.3325013518333435,0.031937289983034134,0.26962703466415405,0.19193336367607117
rosenbrock,1.0,2,cholesky,5,gumbel_softmax,8192,0.02,1000,3,rosenbrock,31,0.006342887878417969,-1.4623469114303589,0.7113839983940125,0.9846156900862659,0.3146520256996155,0.03173338994383812,0.25325775146484375,0.18400923907756805
rosenbrock,1.0,2,cholesky,5,gumbel_softmax,8192,0.02,1000,3,rosenbrock,32,0.006342887878417969,-1.4361389875411987,0.7156336307525635,0.9841233822412229,0.33389586210250854,0.06129893288016319,0.2557995915412903,0.20565858483314514
rosenbrock,1.0,2,cholesky,5,gumbel_softmax,8192,0.02,1000,3,rosenbrock,33,0.006289958953857422,-1.4393328428268433,0.7266890406608582,0.9836313205501023,0.33171388506889343,0.043568894267082214,0.27488499879837036,0.18048293888568878
rosenbrock,1.0,2,cholesky,5,gumbel_softmax,8192,0.02,1000,3,rosenbrock,34,0.0063228607177734375,-1.415445327758789,0.7095412611961365,0.9831395048898273,0.2938750386238098,0.040593039244413376,0.2422608584165573,0.16132083535194397
rosenbrock,1.0,2,cholesky,5,gumbel_softmax,8192,0.02,1000,3,rosenbrock,35,0.006309986114501953,-1.4024217128753662,0.666758120059967,0.9826479351373825,0.3341720998287201,0.05279107391834259,0.27429476380348206,0.18342971801757812
rosenbrock,1.0,2,cholesky,5,gumbel_softmax,8192,0.02,1000,3,rosenbrock,36,0.0063359737396240234,-1.373663306236267,0.6816316246986389,0.9821566111698138,0.25812777876853943,0.03880798816680908,0.22434870898723602,0.12162047624588013
rosenbrock,1.0,2,cholesky,5,gumbel_softmax,8192,0.02,1000,3,rosenbrock,37,0.006299018859863281,-1.3767671585083008,0.7488576173782349,0.981665532864229,0.2672254741191864,0.040645670145750046,0.21963179111480713,0.14669442176818848
rosenbrock,1.0,2,cholesky,5,gumbel_softmax,8192,0.02,1000,3,rosenbrock,38,0.006327152252197266,-1.3639227151870728,0.9518886208534241,0.981174700097797,0.2871982157230377,0.02945851720869541,0.2283417284488678,0.17168305814266205
rosenbrock,1.0,2,cholesky,5,gumbel_softmax,8192,0.02,1000,3,rosenbrock,39,0.006300210952758789,-1.3580034971237183,0.7800161838531494,0.980684112747748,0.26121729612350464,0.02024148590862751,0.22719958424568176,0.12729927897453308
rosenbrock,1.0,2,cholesky,5,gumbel_softmax,8192,0.02,1000,3,rosenbrock,40,0.0062770843505859375,-1.3349874019622803,0.7038050889968872,0.9801937706913743,0.2303050458431244,0.025789594277739525,0.20626960694789886,0.0991370901465416
rosenbrock,1.0,2,cholesky,5,gumbel_softmax,8192,0.02,1000,3,rosenbrock,41,0.0062901973724365234,-1.317517876625061,0.7424250841140747,0.9797036738060286,0.23898926377296448,0.027871079742908478,0.21752683818340302,0.09497978538274765
rosenbrock,1.0,2,cholesky,5,gumbel_softmax,8192,0.02,1000,3,rosenbrock,42,0.0063211917877197266,-1.3182346820831299,0.7230709791183472,0.9792138219691257,0.2232479751110077,0.030355477705597878,0.21231737732887268,0.06196398660540581
rosenbrock,1.0,2,cholesky,5,gumbel_softmax,8192,0.02,1000,3,rosenbrock,43,0.00631403923034668,-1.3239762783050537,0.7666735053062439,0.9787242150581411,0.27000853419303894,0.05204163119196892,0.24433791637420654,0.10244633257389069
rosenbrock,1.0,2,cholesky,5,gumbel_softmax,8192,0.02,1000,3,rosenbrock,44,0.00629115104675293,-1.3037492036819458,0.7930317521095276,0.9782348529506121,0.2666286826133728,0.04296538606286049,0.2258729189634323,0.1350046694278717
rosenbrock,1.0,2,cholesky,5,gumbel_softmax,8192,0.02,1000,3,rosenbrock,45,0.006301164627075195,-1.2986773252487183,0.8144776225090027,0.9777457355241369,0.27873167395591736,0.058392997831106186,0.24708689749240875,0.1150202751159668
rosenbrock,1.0,2,cholesky,5,gumbel_softmax,8192,0.02,1000,3,rosenbrock,46,0.006304025650024414,-1.273681879043579,0.7124813795089722,0.9772568626563749,0.2188597023487091,0.043781861662864685,0.1888459175825119,0.10158710926771164
rosenbrock,1.0,2,cholesky,5,gumbel_softmax,8192,0.02,1000,3,rosenbrock,47,0.006308078765869141,-1.2663164138793945,0.7295151352882385,0.9767682342250468,0.2949189841747284,0.05404035747051239,0.2450331449508667,0.1549697071313858
rosenbrock,1.0,2,cholesky,5,gumbel_softmax,8192,0.02,1000,3,rosenbrock,48,0.00629115104675293,-1.2678513526916504,0.8136507272720337,0.9762798501079343,0.25149038434028625,0.029007963836193085,0.22729778289794922,0.1036420464515686
rosenbrock,1.0,2,cholesky,5,gumbel_softmax,8192,0.02,1000,3,rosenbrock,49,0.006319999694824219,-1.2577645778656006,0.9410005807876587,0.9757917101828804,0.20460380613803864,0.03933028504252434,0.16927804052829742,0.10798515379428864
rosenbrock,1.0,2,cholesky,5,gumbel_softmax,8192,0.02,1000,3,rosenbrock,50,0.0069048404693603516,-1.227774739265442,0.6843526363372803,0.9753038143277889,0.19458822906017303,0.035154931247234344,0.17105840146541595,0.08583550900220871
rosenbrock,1.0,2,cholesky,5,gumbel_softmax,8192,0.02,1000,3,rosenbrock,51,0.006494998931884766,-1.2141962051391602,0.637011706829071,0.9748161624206251,0.187876895070076,0.035187046974897385,0.17338408529758453,0.06322629004716873
rosenbrock,1.0,2,cholesky,5,gumbel_softmax,8192,0.02,1000,3,rosenbrock,52,0.006307125091552734,-1.2282018661499023,0.6752290725708008,0.9743287543394149,0.21402721107006073,0.0449245348572731,0.19115307927131653,0.08514653891324997
rosenbrock,1.0,2,cholesky,5,gumbel_softmax,8192,0.02,1000,3,rosenbrock,53,0.006290912628173828,-1.2168622016906738,0.7256405353546143,0.9738415899622452,0.2145380824804306,0.05260626971721649,0.19425921142101288,0.07431373745203018
rosenbrock,1.0,2,cholesky,5,gumbel_softmax,8192,0.02,1000,3,rosenbrock,54,0.006323099136352539,-1.2030521631240845,0.7088696360588074,0.9733546691672641,0.21551886200904846,0.047293804585933685,0.19338549673557281,0.08254528790712357
rosenbrock,1.0,2,cholesky,5,gumbel_softmax,8192,0.02,1000,3,rosenbrock,55,0.006220102310180664,-1.205268383026123,0.7517110705375671,0.9728679918326806,0.177165687084198,0.04017164185643196,0.15865932404994965,0.06783170998096466
rosenbrock,1.0,2,cholesky,5,gumbel_softmax,8192,0.02,1000,3,rosenbrock,56,0.006240129470825195,-1.1719380617141724,0.6176176071166992,0.9723815578367643,0.17544394731521606,0.041454095393419266,0.14793606102466583,0.08471756428480148
rosenbrock,1.0,2,cholesky,5,gumbel_softmax,8192,0.02,1000,3,rosenbrock,57,0.006276845932006836,-1.1700025796890259,0.636240541934967,0.971895367057846,0.20719575881958008,0.04167667031288147,0.1436811238527298,0.1433487981557846
rosenbrock,1.0,2,cholesky,5,gumbel_softmax,8192,0.02,1000,3,rosenbrock,58,0.006393909454345703,-1.1746000051498413,0.6344442367553711,0.971409419374317,0.17417137324810028,0.02378711849451065,0.1328427791595459,0.1101028174161911
rosenbrock,1.0,2,cholesky,5,gumbel_softmax,8192,0.02,1000,3,rosenbrock,59,0.0066831111907958984,-1.1803439855575562,0.654870867729187,0.97092371466463,0.22354909777641296,0.03925313055515289,0.16401924192905426,0.14673474431037903
rosenbrock,1.0,2,cholesky,5,gumbel_softmax,8192,0.02,1000,3,rosenbrock,60,0.0069370269775390625,-1.1588550806045532,0.6450936794281006,0.9704382528072977,0.21478961408138275,0.03144519403576851,0.19793036580085754,0.0772615447640419
rosenbrock,1.0,2,cholesky,5,gumbel_softmax,8192,0.02,1000,3,rosenbrock,61,0.006803035736083984,-1.1590054035186768,0.6378114223480225,0.9699530336808941,0.17803439497947693,0.029120462015271187,0.15564219653606415,0.08138641715049744
rosenbrock,1.0,2,cholesky,5,gumbel_softmax,8192,0.02,1000,3,rosenbrock,62,0.006425142288208008,-1.1510725021362305,0.6803964376449585,0.9694680571640537,0.18236245214939117,0.03565133363008499,0.1636260747909546,0.07219109684228897
rosenbrock,1.0,2,cholesky,5,gumbel_softmax,8192,0.02,1000,3,rosenbrock,63,0.0064280033111572266,-1.137738823890686,0.6759322285652161,0.9689833231354718,0.18718762695789337,0.033810101449489594,0.15346375107765198,0.10171016305685043
rosenbrock,1.0,2,cholesky,5,gumbel_softmax,8192,0.02,1000,3,rosenbrock,64,0.006378173828125,-1.1381696462631226,0.6460273265838623,0.968498831473904,0.19473056495189667,0.03910934180021286,0.1636623591184616,0.09800556302070618
rosenbrock,1.0,2,cholesky,5,gumbel_softmax,8192,0.02,1000,3,rosenbrock,65,0.006371974945068359,-1.1413012742996216,0.6560258269309998,0.9680145820581672,0.21601395308971405,0.05293717607855797,0.19178169965744019,0.08413954824209213
rosenbrock,1.0,2,cholesky,5,gumbel_softmax,8192,0.02,1000,3,rosenbrock,66,0.006382942199707031,-1.154699444770813,0.954167902469635,0.9675305747671381,0.1862877905368805,0.04064241424202919,0.14938485622406006,0.10361222922801971
rosenbrock,1.0,2,cholesky,5,gumbel_softmax,8192,0.02,1000,3,rosenbrock,67,0.006351947784423828,-1.126198410987854,0.6596856117248535,0.9670468094797546,0.16980066895484924,0.042537540197372437,0.13345423340797424,0.09598328918218613
rosenbrock,1.0,2,cholesky,5,gumbel_softmax,8192,0.02,1000,3,rosenbrock,68,0.006340980529785156,-1.1215914487838745,0.6553162336349487,0.9665632860750147,0.21318913996219635,0.054470330476760864,0.1781788319349289,0.1036093458533287
rosenbrock,1.0,2,cholesky,5,gumbel_softmax,8192,0.02,1000,3,rosenbrock,69,0.006323099136352539,-1.141271710395813,0.7109237909317017,0.9660800044319773,0.20281127095222473,0.03211022913455963,0.17076104879379272,0.10460404306650162
rosenbrock,1.0,2,cholesky,5,gumbel_softmax,8192,0.02,1000,3,rosenbrock,70,0.006618976593017578,-1.1165326833724976,0.6580036878585815,0.9655969644297614,0.2121763378381729,0.02994077280163765,0.19851547479629517,0.06865827739238739
rosenbrock,1.0,2,cholesky,5,gumbel_softmax,8192,0.02,1000,3,rosenbrock,71,0.006619930267333984,-1.1043238639831543,0.6639106869697571,0.9651141659475466,0.19839969277381897,0.04445802420377731,0.18463976681232452,0.05739409103989601
rosenbrock,1.0,2,cholesky,5,gumbel_softmax,8192,0.02,1000,3,rosenbrock,72,0.0066339969635009766,-1.1093746423721313,0.6369750499725342,0.9646316088645729,0.1811465620994568,0.040254514664411545,0.1617056131362915,0.07102783769369125
rosenbrock,1.0,2,cholesky,5,gumbel_softmax,8192,0.02,1000,3,rosenbrock,73,0.00638270378112793,-1.0851927995681763,0.64275723695755,0.9641492930601406,0.24581515789031982,0.05913634970784187,0.21339040994644165,0.1067357286810875
rosenbrock,1.0,2,cholesky,5,gumbel_softmax,8192,0.02,1000,3,rosenbrock,74,0.0063629150390625,-1.1031728982925415,0.6228933334350586,0.9636672184136106,0.15268293023109436,0.036377567797899246,0.10277741402387619,0.10689038038253784
rosenbrock,1.0,2,cholesky,5,gumbel_softmax,8192,0.02,1000,3,rosenbrock,75,0.0063631534576416016,-1.1046876907348633,0.699012041091919,0.9631853848044039,0.29542529582977295,0.061241067945957184,0.2795133590698242,0.07347048819065094
rosenbrock,1.0,2,cholesky,5,gumbel_softmax,8192,0.02,1000,3,rosenbrock,76,0.006393909454345703,-1.102753758430481,0.7587761878967285,0.9627037921120017,0.253023624420166,0.07547350227832794,0.22916565835475922,0.07620902359485626
rosenbrock,1.0,2,cholesky,5,gumbel_softmax,8192,0.02,1000,3,rosenbrock,77,0.0063800811767578125,-1.091544508934021,0.6329007744789124,0.9622224402159457,0.16150592267513275,0.024246513843536377,0.1483951359987259,0.058950431644916534
rosenbrock,1.0,2,cholesky,5,gumbel_softmax,8192,0.02,1000,3,rosenbrock,78,0.0063550472259521484,-1.0872184038162231,0.649590015411377,0.9617413289958379,0.24726033210754395,0.06128513440489769,0.1764560490846634,0.162003293633461
rosenbrock,1.0,2,cholesky,5,gumbel_softmax,8192,0.02,1000,3,rosenbrock,79,0.006371974945068359,-1.075028896331787,0.6166499257087708,0.96126045833134,0.19383582472801208,0.04540356621146202,0.151839017868042,0.11160537600517273
rosenbrock,1.0,2,cholesky,5,gumbel_softmax,8192,0.02,1000,3,rosenbrock,80,0.006353855133056641,-1.0992450714111328,0.7326264381408691,0.9607798281021743,0.23919342458248138,0.07168188691139221,0.21731165051460266,0.06964808702468872
rosenbrock,1.0,2,cholesky,5,gumbel_softmax,8192,0.02,1000,3,rosenbrock,81,0.0063359737396240234,-1.0828614234924316,0.6855164170265198,0.9602994381881234,0.1576782613992691,0.05731977894902229,0.1373702436685562,0.052021995186805725
rosenbrock,1.0,2,cholesky,5,gumbel_softmax,8192,0.02,1000,3,rosenbrock,82,0.006371021270751953,-1.0930066108703613,0.7385805249214172,0.9598192884690293,0.27329352498054504,0.0697840228676796,0.23230496048927307,0.12591245770454407
rosenbrock,1.0,2,cholesky,5,gumbel_softmax,8192,0.02,1000,3,rosenbrock,83,0.0066051483154296875,-1.0843958854675293,0.6894048452377319,0.9593393788247948,0.18563444912433624,0.020466437563300133,0.16911472380161285,0.07376640290021896
rosenbrock,1.0,2,cholesky,5,gumbel_softmax,8192,0.02,1000,3,rosenbrock,84,0.007243156433105469,-1.067618489265442,0.670699954032898,0.9588597091353825,0.13560736179351807,0.0467534102499485,0.09483414143323898,0.08491148054599762
rosenbrock,1.0,2,cholesky,5,gumbel_softmax,8192,0.02,1000,3,rosenbrock,85,0.006825923919677734,-1.0701582431793213,0.7197864651679993,0.9583802792808148,0.21375590562820435,0.05921494588255882,0.18869727849960327,0.08110803365707397
rosenbrock,1.0,2,cholesky,5,gumbel_softmax,8192,0.02,1000,3,rosenbrock,86,0.0065042972564697266,-1.054141879081726,0.6910263895988464,0.9579010891411746,0.2709532678127289,0.10661496222019196,0.19735650718212128,0.15198461711406708
rosenbrock,1.0,2,cholesky,5,gumbel_softmax,8192,0.02,1000,3,rosenbrock,87,0.006482362747192383,-1.0773053169250488,0.7141075730323792,0.957422138596604,0.15778769552707672,0.03298601135611534,0.1282782405614853,0.08575296401977539
rosenbrock,1.0,2,cholesky,5,gumbel_softmax,8192,0.02,1000,3,rosenbrock,88,0.006412982940673828,-1.0685062408447266,0.7433521151542664,0.9569434275273058,0.1637803465127945,0.025391612201929092,0.14640015363693237,0.06889314949512482
rosenbrock,1.0,2,cholesky,5,gumbel_softmax,8192,0.02,1000,3,rosenbrock,89,0.006422996520996094,-1.059568166732788,0.6426159739494324,0.9564649558135421,0.13938403129577637,0.042148157954216,0.10160940885543823,0.08559771627187729
rosenbrock,1.0,2,cholesky,5,gumbel_softmax,8192,0.02,1000,3,rosenbrock,90,0.0064508914947509766,-1.0674577951431274,0.7352992296218872,0.9559867233356354,0.25654757022857666,0.06035932898521423,0.20730100572109222,0.13856300711631775
rosenbrock,1.0,2,cholesky,5,gumbel_softmax,8192,0.02,1000,3,rosenbrock,91,0.00638270378112793,-1.06221604347229,0.7035019397735596,0.9555087299739676,0.22756072878837585,0.05884765461087227,0.17433810234069824,0.1338920146226883
rosenbrock,1.0,2,cholesky,5,gumbel_softmax,8192,0.02,1000,3,rosenbrock,92,0.00640106201171875,-1.0394275188446045,0.6441428065299988,0.9550309756089808,0.18633322417736053,0.03135251998901367,0.12305378913879395,0.1363629400730133
rosenbrock,1.0,2,cholesky,5,gumbel_softmax,8192,0.02,1000,3,rosenbrock,93,0.006478071212768555,-1.0644140243530273,0.7172656655311584,0.9545534601211763,0.16888894140720367,0.02111627161502838,0.13825951516628265,0.09466724097728729
rosenbrock,1.0,2,cholesky,5,gumbel_softmax,8192,0.02,1000,3,rosenbrock,94,0.006386995315551758,-1.051201343536377,0.7250041365623474,0.9540761833911158,0.18532584607601166,0.05623304843902588,0.15732474625110626,0.08020243048667908
rosenbrock,1.0,2,cholesky,5,gumbel_softmax,8192,0.02,1000,3,rosenbrock,95,0.006392002105712891,-1.0483909845352173,0.6946763396263123,0.9535991452994202,0.1488804668188095,0.044558100402355194,0.08632855862379074,0.11281555145978928
rosenbrock,1.0,2,cholesky,5,gumbel_softmax,8192,0.02,1000,3,rosenbrock,96,0.006387948989868164,-1.033251166343689,0.6877564191818237,0.9531223457267706,0.1355326622724533,0.06879482418298721,0.09178619831800461,0.07219188660383224
rosenbrock,1.0,2,cholesky,5,gumbel_softmax,8192,0.02,1000,3,rosenbrock,97,0.006372928619384766,-1.0601879358291626,0.7531638145446777,0.9526457845539072,0.23104742169380188,0.037116751074790955,0.20505079627037048,0.09979694336652756
rosenbrock,1.0,2,cholesky,5,gumbel_softmax,8192,0.02,1000,3,rosenbrock,98,0.006369590759277344,-1.0377188920974731,0.7103994488716125,0.9521694616616303,0.1708720326423645,0.039942532777786255,0.11208739876747131,0.12263058871030807
rosenbrock,1.0,2,cholesky,5,gumbel_softmax,8192,0.02,1000,3,rosenbrock,99,0.006375789642333984,-1.0377274751663208,0.6939844489097595,0.9516933769307996,0.21019010245800018,0.05834130197763443,0.17442481219768524,0.10174556076526642
rosenbrock,1.0,2,cholesky,5,gumbel_softmax,8192,0.02,1000,3,rosenbrock,100,0.00660395622253418,-1.045640230178833,0.7933219075202942,0.9512175302423342,0.27532967925071716,0.09572741389274597,0.2452126294374466,0.08070595562458038
rosenbrock,1.0,2,cholesky,5,gumbel_softmax,8192,0.02,1000,3,rosenbrock,101,0.006515026092529297,-1.043470025062561,0.7846763730049133,0.9507419214772131,0.2726050019264221,0.10805303603410721,0.22008265554904938,0.119170643389225
rosenbrock,1.0,2,cholesky,5,gumbel_softmax,8192,0.02,1000,3,rosenbrock,102,0.006474971771240234,-1.0199166536331177,0.6924434900283813,0.9502665505164746,0.1658678501844406,0.024727361276745796,0.12901324033737183,0.1012733206152916
rosenbrock,1.0,2,cholesky,5,gumbel_softmax,8192,0.02,1000,3,rosenbrock,103,0.006378650665283203,-1.0383881330490112,0.7484449744224548,0.9497914172412164,0.15797433257102966,0.019892018288373947,0.09143046289682388,0.12728185951709747
rosenbrock,1.0,2,cholesky,5,gumbel_softmax,8192,0.02,1000,3,rosenbrock,104,0.0063898563385009766,-1.0459002256393433,0.7760294675827026,0.9493165215325958,0.15097905695438385,0.03442405164241791,0.11874108016490936,0.08666151016950607
rosenbrock,1.0,2,cholesky,5,gumbel_softmax,8192,0.02,1000,3,rosenbrock,105,0.006409883499145508,-1.031213402748108,0.7507885098457336,0.9488418632718296,0.15039266645908356,0.0601072795689106,0.09119541198015213,0.10338503122329712
rosenbrock,1.0,2,cholesky,5,gumbel_softmax,8192,0.02,1000,3,rosenbrock,106,0.0063779354095458984,-1.0346624851226807,0.7381107211112976,0.9483674423401937,0.12132582813501358,0.0661034882068634,0.08257868885993958,0.05942259356379509
rosenbrock,1.0,2,cholesky,5,gumbel_softmax,8192,0.02,1000,3,rosenbrock,107,0.007224082946777344,-1.0481685400009155,0.7912285923957825,0.9478932586190236,0.3246593475341797,0.108525350689888,0.28351444005966187,0.11508899927139282
rosenbrock,1.0,2,cholesky,5,gumbel_softmax,8192,0.02,1000,3,rosenbrock,108,0.006492137908935547,-1.0438988208770752,0.7489842176437378,0.9474193119897142,0.188969224691391,0.08382399380207062,0.13441531360149384,0.103031225502491
rosenbrock,1.0,2,cholesky,5,gumbel_softmax,8192,0.02,1000,3,rosenbrock,109,0.006585836410522461,-1.034231424331665,0.7682608366012573,0.9469456023337194,0.1940465122461319,0.03178637474775314,0.16862213611602783,0.09061044454574585
rosenbrock,1.0,2,cholesky,5,gumbel_softmax,8192,0.02,1000,3,rosenbrock,110,0.006437063217163086,-1.040733814239502,0.7673645615577698,0.9464721295325526,0.0992765724658966,0.01801549643278122,0.08067579567432404,0.05497905611991882
rosenbrock,1.0,2,cholesky,5,gumbel_softmax,8192,0.02,1000,3,rosenbrock,111,0.006421089172363281,-1.0414551496505737,0.755864143371582,0.9459988934677863,0.1795390546321869,0.046098046004772186,0.16458186507225037,0.05497317761182785
rosenbrock,1.0,2,cholesky,5,gumbel_softmax,8192,0.02,1000,3,rosenbrock,112,0.006419181823730469,-1.0424835681915283,0.8046513199806213,0.9455258940210525,0.24573518335819244,0.05654429271817207,0.2159239500761032,0.10278799384832382
rosenbrock,1.0,2,cholesky,5,gumbel_softmax,8192,0.02,1000,3,rosenbrock,113,0.006395101547241211,-1.0409178733825684,0.8344271779060364,0.9450531310740421,0.13122327625751495,0.04544690251350403,0.09924020618200302,0.0728389248251915
rosenbrock,1.0,2,cholesky,5,gumbel_softmax,8192,0.02,1000,3,rosenbrock,114,0.006414890289306641,-1.0560476779937744,0.8165534138679504,0.9445806045085051,0.16953550279140472,0.09679463505744934,0.11662451177835464,0.07597243785858154
rosenbrock,1.0,2,cholesky,5,gumbel_softmax,8192,0.02,1000,3,rosenbrock,115,0.0070400238037109375,-1.0268194675445557,0.7410750985145569,0.9441083142062509,0.3314407467842102,0.14584116637706757,0.22554223239421844,0.1942010223865509
rosenbrock,1.0,2,cholesky,5,gumbel_softmax,8192,0.02,1000,3,rosenbrock,116,0.007391929626464844,-1.04789137840271,0.8140906095504761,0.9436362600491478,0.2912759482860565,0.05091632157564163,0.23644015192985535,0.16231223940849304
rosenbrock,1.0,2,cholesky,5,gumbel_softmax,8192,0.02,1000,3,rosenbrock,117,0.007900238037109375,-1.0533339977264404,0.8027473092079163,0.9431644419191233,0.17929615080356598,0.023527296259999275,0.07530936598777771,0.16100335121154785
rosenbrock,1.0,2,cholesky,5,gumbel_softmax,8192,0.02,1000,3,rosenbrock,118,0.008337974548339844,-1.0572882890701294,0.8737125396728516,0.9426928596981637,0.2835831940174103,0.05890355631709099,0.22234967350959778,0.16586261987686157
rosenbrock,1.0,2,cholesky,5,gumbel_softmax,8192,0.02,1000,3,rosenbrock,119,0.00828695297241211,-1.0635441541671753,0.7735872864723206,0.9422215132683147,0.19718807935714722,0.074333555996418,0.1174168512225151,0.1398961991071701
rosenbrock,1.0,2,cholesky,5,gumbel_softmax,8192,0.02,1000,3,rosenbrock,120,0.007009983062744141,-1.0417777299880981,0.758446216583252,0.9417504025116806,0.2775488495826721,0.037128008902072906,0.2614065110683441,0.08556590974330902
rosenbrock,1.0,2,cholesky,5,gumbel_softmax,8192,0.02,1000,3,rosenbrock,121,0.006613969802856445,-1.0640066862106323,0.7790133953094482,0.9412795273104249,0.2198021560907364,0.08372023701667786,0.16344967484474182,0.12078126519918442
rosenbrock,1.0,2,cholesky,5,gumbel_softmax,8192,0.02,1000,3,rosenbrock,122,0.00685882568359375,-1.048248291015625,0.8248203992843628,0.9408088875467697,0.33428969979286194,0.15319199860095978,0.2300696074962616,0.188015416264534
rosenbrock,1.0,2,cholesky,5,gumbel_softmax,8192,0.02,1000,3,rosenbrock,123,0.0070629119873046875,-1.0582610368728638,0.8664044737815857,0.9403384831029964,0.18556144833564758,0.11672649532556534,0.10661204159259796,0.0971691682934761
rosenbrock,1.0,2,cholesky,5,gumbel_softmax,8192,0.02,1000,3,rosenbrock,124,0.006649017333984375,-1.0664458274841309,0.8228175044059753,0.9398683138614449,0.1178303211927414,0.020612100139260292,0.0514875128865242,0.10396230965852737
rosenbrock,1.0,2,cholesky,5,gumbel_softmax,8192,0.02,1000,3,rosenbrock,125,0.006721973419189453,-1.08098566532135,0.8674376010894775,0.9393983797045142,0.10235686600208282,0.030713636428117752,0.039578646421432495,0.08925879001617432
rosenbrock,1.0,2,cholesky,5,gumbel_softmax,8192,0.02,1000,3,rosenbrock,126,0.006396055221557617,-1.0734726190567017,0.839420735836029,0.938928680514662,0.13816581666469574,0.01843755692243576,0.12778528034687042,0.04920130595564842
rosenbrock,1.0,2,cholesky,5,gumbel_softmax,8192,0.02,1000,3,rosenbrock,127,0.006727933883666992,-1.0841012001037598,0.9845697283744812,0.9384592161744048,0.1654631644487381,0.06778670847415924,0.12922079861164093,0.07800645381212234
rosenbrock,1.0,2,cholesky,5,gumbel_softmax,8192,0.02,1000,3,rosenbrock,128,0.007245779037475586,-1.0852024555206299,0.8757476210594177,0.9379899865663176,0.13659891486167908,0.07675088942050934,0.07546483725309372,0.08410484343767166
rosenbrock,1.0,2,cholesky,5,gumbel_softmax,8192,0.02,1000,3,rosenbrock,129,0.0071332454681396484,-1.0852491855621338,0.8893355131149292,0.9375209915730345,0.17770478129386902,0.12097951769828796,0.08556360751390457,0.09809084236621857
rosenbrock,1.0,2,cholesky,5,gumbel_softmax,8192,0.02,1000,3,rosenbrock,130,0.007052898406982422,-1.0859099626541138,0.8680498003959656,0.937052231077248,0.39364349842071533,0.13145893812179565,0.34050968289375305,0.14740043878555298
rosenbrock,1.0,2,cholesky,5,gumbel_softmax,8192,0.02,1000,3,rosenbrock,131,0.006714820861816406,-1.0840246677398682,0.880254864692688,0.9365837049617095,0.13428424298763275,0.029712097719311714,0.11019328236579895,0.0707593709230423
rosenbrock,1.0,2,cholesky,5,gumbel_softmax,8192,0.02,1000,3,rosenbrock,132,0.007222890853881836,-1.0754170417785645,0.8915165066719055,0.9361154131092286,0.14131131768226624,0.05642968788743019,0.10236489772796631,0.07941035181283951
rosenbrock,1.0,2,cholesky,5,gumbel_softmax,8192,0.02,1000,3,rosenbrock,133,0.007307767868041992,-1.0654083490371704,0.9606378078460693,0.9356473554026741,0.25902119278907776,0.11345545947551727,0.17775574326515198,0.1504085808992386
rosenbrock,1.0,2,cholesky,5,gumbel_softmax,8192,0.02,1000,3,rosenbrock,134,0.00687408447265625,-1.0869371891021729,0.9384827017784119,0.9351795317249728,0.3529881238937378,0.1948559433221817,0.2798995077610016,0.09103873372077942
rosenbrock,1.0,2,cholesky,5,gumbel_softmax,8192,0.02,1000,3,rosenbrock,135,0.0070972442626953125,-1.0707913637161255,0.8473515510559082,0.9347119419591103,0.29313763976097107,0.1312028169631958,0.24403467774391174,0.09572134912014008
rosenbrock,1.0,2,cholesky,5,gumbel_softmax,8192,0.02,1000,3,rosenbrock,136,0.0065920352935791016,-1.0850833654403687,0.8562215566635132,0.9342445859881309,0.24140584468841553,0.058195147663354874,0.1591312438249588,0.17195159196853638
rosenbrock,1.0,2,cholesky,5,gumbel_softmax,8192,0.02,1000,3,rosenbrock,137,0.006454944610595703,-1.0693302154541016,0.8464342951774597,0.9337774636951368,0.29237768054008484,0.08163585513830185,0.26898473501205444,0.08042091131210327
rosenbrock,1.0,2,cholesky,5,gumbel_softmax,8192,0.02,1000,3,rosenbrock,138,0.006471157073974609,-1.089436411857605,0.8906837105751038,0.9333105749632893,0.5299791097640991,0.19042590260505676,0.4733680188655853,0.1433127224445343
rosenbrock,1.0,2,cholesky,5,gumbel_softmax,8192,0.02,1000,3,rosenbrock,139,0.006393909454345703,-1.0795235633850098,0.8658530712127686,0.9328439196758077,0.30811139941215515,0.0815846249461174,0.26476648449897766,0.1348157525062561
rosenbrock,1.0,2,cholesky,5,gumbel_softmax,8192,0.02,1000,3,rosenbrock,140,0.006494998931884766,-1.0921977758407593,0.9443826079368591,0.9323774977159699,0.22618171572685242,0.015301505103707314,0.11140654236078262,0.19624631106853485
rosenbrock,1.0,2,cholesky,5,gumbel_softmax,8192,0.02,1000,3,rosenbrock,141,0.006551027297973633,-1.081214427947998,0.8574115633964539,0.9319113089671119,0.41666802763938904,0.15556958317756653,0.36144667863845825,0.13699141144752502
rosenbrock,1.0,2,cholesky,5,gumbel_softmax,8192,0.02,1000,3,rosenbrock,142,0.006455659866333008,-1.0744035243988037,0.8804957270622253,0.9314453533126285,0.2969438135623932,0.176502987742424,0.21494856476783752,0.1040164902806282
rosenbrock,1.0,2,cholesky,5,gumbel_softmax,8192,0.02,1000,3,rosenbrock,143,0.006482839584350586,-1.1183640956878662,0.9910499453544617,0.9309796306359722,0.35801297426223755,0.1331181824207306,0.3010123372077942,0.14087019860744476
rosenbrock,1.0,2,cholesky,5,gumbel_softmax,8192,0.02,1000,3,rosenbrock,144,0.006429910659790039,-1.0865144729614258,0.894190788269043,0.9305141408206543,0.15678760409355164,0.022556858137249947,0.11530809849500656,0.10381513088941574
rosenbrock,1.0,2,cholesky,5,gumbel_softmax,8192,0.02,1000,3,rosenbrock,145,0.006342887878417969,-1.1058440208435059,0.9104154706001282,0.930048883750244,0.4221479892730713,0.12393467128276825,0.40075424313545227,0.04738316312432289
rosenbrock,1.0,2,cholesky,5,gumbel_softmax,8192,0.02,1000,3,rosenbrock,146,0.0069849491119384766,-1.1183180809020996,1.0569884777069092,0.929583859308369,0.2549026310443878,0.17572703957557678,0.14694714546203613,0.11181191354990005
rosenbrock,1.0,2,cholesky,5,gumbel_softmax,8192,0.02,1000,3,rosenbrock,147,0.0067179203033447266,-1.096756935119629,0.9287011623382568,0.9291190673787147,0.31253233551979065,0.19010215997695923,0.227253258228302,0.09946650266647339
rosenbrock,1.0,2,cholesky,5,gumbel_softmax,8192,0.02,1000,3,rosenbrock,148,0.006763935089111328,-1.1036529541015625,1.0003355741500854,0.9286545078450255,0.305356502532959,0.07499465346336365,0.2705990970134735,0.11997724324464798
rosenbrock,1.0,2,cholesky,5,gumbel_softmax,8192,0.02,1000,3,rosenbrock,149,0.0065460205078125,-1.0909265279769897,0.9707262516021729,0.928190180591103,0.21377398073673248,0.10811001062393188,0.15635453164577484,0.09779978543519974
rosenbrock,1.0,2,cholesky,5,gumbel_softmax,8192,0.02,1000,3,rosenbrock,150,0.00652003288269043,-1.099999189376831,0.942053496837616,0.9277260855008075,0.6077889800071716,0.20933720469474792,0.5432339906692505,0.17459151148796082
rosenbrock,1.0,2,cholesky,5,gumbel_softmax,8192,0.02,1000,3,rosenbrock,151,0.006543874740600586,-1.092180609703064,0.934982180595398,0.9272622224580571,0.36872681975364685,0.19405239820480347,0.30755776166915894,0.060921065509319305
rosenbrock,1.0,2,cholesky,5,gumbel_softmax,8192,0.02,1000,3,rosenbrock,152,0.006505250930786133,-1.0935853719711304,1.0254229307174683,0.9267985913468282,0.30743202567100525,0.14890845119953156,0.2508382499217987,0.097061388194561
rosenbrock,1.0,2,cholesky,5,gumbel_softmax,8192,0.02,1000,3,rosenbrock,153,0.006513833999633789,-1.1317918300628662,1.2232528924942017,0.9263351920511548,0.25583744049072266,0.07047896087169647,0.1367589235305786,0.2044076770544052
rosenbrock,1.0,2,cholesky,5,gumbel_softmax,8192,0.02,1000,3,rosenbrock,154,0.006508827209472656,-1.1144812107086182,0.8988394737243652,0.9258720244551293,0.23577557504177094,0.03288115933537483,0.22492998838424683,0.06257361173629761
rosenbrock,1.0,2,cholesky,5,gumbel_softmax,8192,0.02,1000,3,rosenbrock,155,0.0064640045166015625,-1.1031451225280762,1.018951177597046,0.9254090884429018,0.16296550631523132,0.03998575359582901,0.14408981800079346,0.06478437781333923
rosenbrock,1.0,2,cholesky,5,gumbel_softmax,8192,0.02,1000,3,rosenbrock,156,0.006509065628051758,-1.1068986654281616,0.9276367425918579,0.9249463838986803,0.13486725091934204,0.054733578115701675,0.06723017245531082,0.10331270843744278
rosenbrock,1.0,2,cholesky,5,gumbel_softmax,8192,0.02,1000,3,rosenbrock,157,0.0064508914947509766,-1.107649564743042,0.9455022811889648,0.9244839107067311,0.17888307571411133,0.04596669226884842,0.14044593274593353,0.10080257058143616
rosenbrock,1.0,2,cholesky,5,gumbel_softmax,8192,0.02,1000,3,rosenbrock,158,0.006433010101318359,-1.1368581056594849,0.973024845123291,0.9240216687513778,0.2712979018688202,0.026713961735367775,0.2503367066383362,0.10109615325927734
rosenbrock,1.0,2,cholesky,5,gumbel_softmax,8192,0.02,1000,3,rosenbrock,159,0.006418943405151367,-1.1288484334945679,0.9479150772094727,0.9235596579170021,0.16279585659503937,0.07102670520544052,0.03874043747782707,0.1412688046693802
rosenbrock,1.0,2,cholesky,5,gumbel_softmax,8192,0.02,1000,3,rosenbrock,160,0.006418943405151367,-1.118409514427185,0.9362879395484924,0.9230978780880437,0.25651565194129944,0.054443713277578354,0.226024329662323,0.10839363932609558
rosenbrock,1.0,2,cholesky,5,gumbel_softmax,8192,0.02,1000,3,rosenbrock,161,0.0064678192138671875,-1.1485936641693115,0.9722549915313721,0.9226363291489997,0.21188250184059143,0.03180508688092232,0.1082165539264679,0.17936500906944275
rosenbrock,1.0,2,cholesky,5,gumbel_softmax,8192,0.02,1000,3,rosenbrock,162,0.0064508914947509766,-1.1354721784591675,0.9994610548019409,0.9221750109844252,0.10533582419157028,0.025201665237545967,0.06791026890277863,0.07647684961557388
rosenbrock,1.0,2,cholesky,5,gumbel_softmax,8192,0.02,1000,3,rosenbrock,163,0.0064809322357177734,-1.132698893547058,0.9835125207901001,0.9217139234789331,0.14767986536026,0.024165045469999313,0.08209765702486038,0.12035516649484634
rosenbrock,1.0,2,cholesky,5,gumbel_softmax,8192,0.02,1000,3,rosenbrock,164,0.006480216979980469,-1.122671365737915,0.974068284034729,0.9212530665171936,0.15151163935661316,0.03651375323534012,0.06645926833152771,0.13117045164108276
rosenbrock,1.0,2,cholesky,5,gumbel_softmax,8192,0.02,1000,3,rosenbrock,165,0.006452083587646484,-1.148722767829895,0.9912948608398438,0.9207924399839351,0.2501274049282074,0.10865222662687302,0.21353177726268768,0.0718512162566185
rosenbrock,1.0,2,cholesky,5,gumbel_softmax,8192,0.02,1000,3,rosenbrock,166,0.0070629119873046875,-1.1452115774154663,0.9811209440231323,0.9203320437639432,0.4456717073917389,0.14584575593471527,0.39390885829925537,0.1489567756652832
rosenbrock,1.0,2,cholesky,5,gumbel_softmax,8192,0.02,1000,3,rosenbrock,167,0.0069580078125,-1.1448619365692139,0.946719765663147,0.9198718777420613,0.12880916893482208,0.012258294969797134,0.12176866829395294,0.040173694491386414
rosenbrock,1.0,2,cholesky,5,gumbel_softmax,8192,0.02,1000,3,rosenbrock,168,0.006596088409423828,-1.1327948570251465,0.9644583463668823,0.9194119418031903,0.2360680103302002,0.07193136215209961,0.18061091005802155,0.1339166909456253
rosenbrock,1.0,2,cholesky,5,gumbel_softmax,8192,0.02,1000,3,rosenbrock,169,0.0064868927001953125,-1.1546165943145752,0.9357193112373352,0.9189522358322888,0.35053518414497375,0.1270986944437027,0.2999739944934845,0.1293693631887436
rosenbrock,1.0,2,cholesky,5,gumbel_softmax,8192,0.02,1000,3,rosenbrock,170,0.006486177444458008,-1.1209279298782349,0.9830474257469177,0.9184927597143727,0.20098048448562622,0.10492856055498123,0.1161365956068039,0.12607714533805847
rosenbrock,1.0,2,cholesky,5,gumbel_softmax,8192,0.02,1000,3,rosenbrock,171,0.006468296051025391,-1.1499817371368408,1.007472038269043,0.9180335133345155,0.20053404569625854,0.10350306332111359,0.09597140550613403,0.14244477450847626
rosenbrock,1.0,2,cholesky,5,gumbel_softmax,8192,0.02,1000,3,rosenbrock,172,0.006983280181884766,-1.1584725379943848,0.9984614253044128,0.9175744965778483,0.43032175302505493,0.15495862066745758,0.3158654570579529,0.24777744710445404
rosenbrock,1.0,2,cholesky,5,gumbel_softmax,8192,0.02,1000,3,rosenbrock,173,0.007292985916137695,-1.164452314376831,0.9896355271339417,0.9171157093295594,0.1990949809551239,0.051886335015296936,0.1668502241373062,0.09543386101722717
rosenbrock,1.0,2,cholesky,5,gumbel_softmax,8192,0.02,1000,3,rosenbrock,174,0.006863117218017578,-1.1561176776885986,1.1072471141815186,0.9166571514748947,0.24390505254268646,0.08044806122779846,0.19461411237716675,0.12305741757154465
rosenbrock,1.0,2,cholesky,5,gumbel_softmax,8192,0.02,1000,3,rosenbrock,175,0.006646156311035156,-1.1372692584991455,0.9944753646850586,0.9161988228991573,0.2670113742351532,0.10375969111919403,0.2172013372182846,0.1155533567070961
rosenbrock,1.0,2,cholesky,5,gumbel_softmax,8192,0.02,1000,3,rosenbrock,176,0.00661778450012207,-1.1491411924362183,1.0217435359954834,0.9157407234877079,0.3758089244365692,0.13181032240390778,0.20266301929950714,0.2877257168292999
rosenbrock,1.0,2,cholesky,5,gumbel_softmax,8192,0.02,1000,3,rosenbrock,177,0.006577253341674805,-1.145903468132019,1.0257785320281982,0.915282853125964,0.12250269949436188,0.019846998155117035,0.05912226811051369,0.10543987154960632
rosenbrock,1.0,2,cholesky,5,gumbel_softmax,8192,0.02,1000,3,rosenbrock,178,0.006478786468505859,-1.1506707668304443,1.0033611059188843,0.9148252116994011,0.18497627973556519,0.10161228477954865,0.13004018366336823,0.08355071395635605
rosenbrock,1.0,2,cholesky,5,gumbel_softmax,8192,0.02,1000,3,rosenbrock,179,0.006525993347167969,-1.148298978805542,1.0313321352005005,0.9143677990935515,0.3319375514984131,0.11180944740772247,0.2800622880458832,0.13873101770877838
rosenbrock,1.0,2,cholesky,5,gumbel_softmax,8192,0.02,1000,3,rosenbrock,180,0.006786823272705078,-1.1568188667297363,0.963668167591095,0.9139106151940047,0.2876966893672943,0.059698447585105896,0.23721763491630554,0.15143732726573944
rosenbrock,1.0,2,cholesky,5,gumbel_softmax,8192,0.02,1000,3,rosenbrock,181,0.006363868713378906,-1.1523432731628418,1.0230644941329956,0.9134536598864077,0.22281938791275024,0.08146071434020996,0.16817119717597961,0.12137168645858765
rosenbrock,1.0,2,cholesky,5,gumbel_softmax,8192,0.02,1000,3,rosenbrock,182,0.006942033767700195,-1.1528993844985962,0.9886428117752075,0.9129969330564646,0.271247923374176,0.1738588511943817,0.14573214948177338,0.14869655668735504
rosenbrock,1.0,2,cholesky,5,gumbel_softmax,8192,0.02,1000,3,rosenbrock,183,0.006703853607177734,-1.1634125709533691,0.959073543548584,0.9125404345899364,0.360156774520874,0.1296362578868866,0.2893613278865814,0.1708138883113861
rosenbrock,1.0,2,cholesky,5,gumbel_softmax,8192,0.02,1000,3,rosenbrock,184,0.006532192230224609,-1.1611875295639038,1.0477949380874634,0.9120841643726415,0.14288578927516937,0.04487856477499008,0.10505730658769608,0.08582090586423874
rosenbrock,1.0,2,cholesky,5,gumbel_softmax,8192,0.02,1000,3,rosenbrock,185,0.006597995758056641,-1.1677597761154175,1.0428067445755005,0.9116281222904552,0.13858658075332642,0.017346423119306564,0.12278852611780167,0.06187340244650841
rosenbrock,1.0,2,cholesky,5,gumbel_softmax,8192,0.02,1000,3,rosenbrock,186,0.006538867950439453,-1.155547857284546,0.9944747686386108,0.9111723082293101,0.30173707008361816,0.19039040803909302,0.18577022850513458,0.14242959022521973
rosenbrock,1.0,2,cholesky,5,gumbel_softmax,8192,0.02,1000,3,rosenbrock,187,0.006521940231323242,-1.1677138805389404,1.0388550758361816,0.9107167220751955,0.5287737846374512,0.2550960183143616,0.4071443974971771,0.22081926465034485
rosenbrock,1.0,2,cholesky,5,gumbel_softmax,8192,0.02,1000,3,rosenbrock,188,0.006644010543823242,-1.1623189449310303,0.965600311756134,0.9102613637141579,0.3811664283275604,0.20933498442173004,0.2883267402648926,0.1354045569896698
rosenbrock,1.0,2,cholesky,5,gumbel_softmax,8192,0.02,1000,3,rosenbrock,189,0.006557941436767578,-1.1517189741134644,0.9787184596061707,0.9098062330323009,0.2779499590396881,0.06038972735404968,0.19473567605018616,0.18891073763370514
rosenbrock,1.0,2,cholesky,5,gumbel_softmax,8192,0.02,1000,3,rosenbrock,190,0.006561994552612305,-1.1454582214355469,0.959282398223877,0.9093513299157847,0.47453004121780396,0.1538846790790558,0.41968798637390137,0.15924905240535736
rosenbrock,1.0,2,cholesky,5,gumbel_softmax,8192,0.02,1000,3,rosenbrock,191,0.006507158279418945,-1.1570955514907837,1.0002074241638184,0.9088966542508269,0.16453465819358826,0.05094655230641365,0.13103324174880981,0.08547741919755936
rosenbrock,1.0,2,cholesky,5,gumbel_softmax,8192,0.02,1000,3,rosenbrock,192,0.006531715393066406,-1.1503132581710815,0.9737300276756287,0.9084422059237015,0.24603740870952606,0.0551348514854908,0.20764102041721344,0.11991560459136963
rosenbrock,1.0,2,cholesky,5,gumbel_softmax,8192,0.02,1000,3,rosenbrock,193,0.0065059661865234375,-1.173909306526184,1.1051579713821411,0.9079879848207397,0.4098740518093109,0.059446919709444046,0.37617287039756775,0.1515149623155594
rosenbrock,1.0,2,cholesky,5,gumbel_softmax,8192,0.02,1000,3,rosenbrock,194,0.006517171859741211,-1.1418178081512451,0.9839932918548584,0.9075339908283294,0.1492273509502411,0.005772718228399754,0.11829196661710739,0.09078816324472427
rosenbrock,1.0,2,cholesky,5,gumbel_softmax,8192,0.02,1000,3,rosenbrock,195,0.006585121154785156,-1.1478323936462402,1.0098876953125,0.9070802238329153,0.21558940410614014,0.013905767351388931,0.14885030686855316,0.15533515810966492
rosenbrock,1.0,2,cholesky,5,gumbel_softmax,8192,0.02,1000,3,rosenbrock,196,0.006556272506713867,-1.1487547159194946,1.0587621927261353,0.906626683720999,0.22869987785816193,0.07976856827735901,0.18306982517242432,0.11147218942642212
rosenbrock,1.0,2,cholesky,5,gumbel_softmax,8192,0.02,1000,3,rosenbrock,197,0.006484031677246094,-1.1475883722305298,0.9937693476676941,0.9061733703791385,0.11792515963315964,0.03948304429650307,0.06766942143440247,0.08813785761594772
rosenbrock,1.0,2,cholesky,5,gumbel_softmax,8192,0.02,1000,3,rosenbrock,198,0.006494045257568359,-1.1588549613952637,1.038830280303955,0.905720283693949,0.19518154859542847,0.10523421317338943,0.14205686748027802,0.08271300792694092
rosenbrock,1.0,2,cholesky,5,gumbel_softmax,8192,0.02,1000,3,rosenbrock,199,0.006515026092529297,-1.166906476020813,1.122412085533142,0.905267423552102,0.17133451998233795,0.055549681186676025,0.09971868246793747,0.1277729719877243
rosenbrock,1.0,2,cholesky,5,gumbel_softmax,8192,0.02,1000,3,rosenbrock,200,0.007139921188354492,-1.1552402973175049,1.0243101119995117,0.904814789840326,0.17416274547576904,0.0260879285633564,0.07030618190765381,0.15719135105609894
rosenbrock,1.0,2,cholesky,5,gumbel_softmax,8192,0.02,1000,3,rosenbrock,201,0.0068359375,-1.14997398853302,1.0189505815505981,0.9043623824454059,0.18385420739650726,0.016343360766768456,0.0931180864572525,0.15768414735794067
rosenbrock,1.0,2,cholesky,5,gumbel_softmax,8192,0.02,1000,3,rosenbrock,202,0.006822824478149414,-1.1649843454360962,1.0429155826568604,0.9039102012541833,0.26607629656791687,0.061698462814092636,0.17319811880588531,0.19233383238315582
rosenbrock,1.0,2,cholesky,5,gumbel_softmax,8192,0.02,1000,3,rosenbrock,203,0.0065898895263671875,-1.1554276943206787,1.0702282190322876,0.9034582461535562,0.13185200095176697,0.014242531731724739,0.11366545408964157,0.0652860552072525
rosenbrock,1.0,2,cholesky,5,gumbel_softmax,8192,0.02,1000,3,rosenbrock,204,0.006557941436767578,-1.1752516031265259,0.9903156161308289,0.9030065170304795,0.25135454535484314,0.057997532188892365,0.1899571269750595,0.15405094623565674
rosenbrock,1.0,2,cholesky,5,gumbel_softmax,8192,0.02,1000,3,rosenbrock,205,0.0065190792083740234,-1.147207260131836,1.0266565084457397,0.9025550137719643,0.32799771428108215,0.06891999393701553,0.1330665796995163,0.2917633056640625
rosenbrock,1.0,2,cholesky,5,gumbel_softmax,8192,0.02,1000,3,rosenbrock,206,0.0065343379974365234,-1.1762522459030151,1.0191686153411865,0.9021037362650783,0.30737951397895813,0.02352879010140896,0.1930331289768219,0.23804783821105957
rosenbrock,1.0,2,cholesky,5,gumbel_softmax,8192,0.02,1000,3,rosenbrock,207,0.006510257720947266,-1.177858829498291,1.1196256875991821,0.9016526843969459,0.30955037474632263,0.07595866173505783,0.25393202900886536,0.15990692377090454
rosenbrock,1.0,2,cholesky,5,gumbel_softmax,8192,0.02,1000,3,rosenbrock,208,0.006476879119873047,-1.1651180982589722,1.0480525493621826,0.9012018580547474,0.27121075987815857,0.10870175063610077,0.237223818898201,0.07391930371522903
rosenbrock,1.0,2,cholesky,5,gumbel_softmax,8192,0.02,1000,3,rosenbrock,209,0.006494045257568359,-1.1644904613494873,0.9819326996803284,0.9007512571257201,0.16074317693710327,0.03356682509183884,0.053976286202669144,0.147642120718956
rosenbrock,1.0,2,cholesky,5,gumbel_softmax,8192,0.02,1000,3,rosenbrock,210,0.006506919860839844,-1.1689577102661133,1.0095674991607666,0.9003008814971574,0.30551987886428833,0.11433146893978119,0.22579124569892883,0.1711403727531433
rosenbrock,1.0,2,cholesky,5,gumbel_softmax,8192,0.02,1000,3,rosenbrock,211,0.0064470767974853516,-1.1810972690582275,1.10908842086792,0.8998507310564088,0.3220727741718292,0.1095053181052208,0.1221218854188919,0.27717453241348267
rosenbrock,1.0,2,cholesky,5,gumbel_softmax,8192,0.02,1000,3,rosenbrock,212,0.006480216979980469,-1.1719043254852295,1.0287644863128662,0.8994008056908807,0.3369377553462982,0.12838855385780334,0.2447742074728012,0.19268891215324402
rosenbrock,1.0,2,cholesky,5,gumbel_softmax,8192,0.02,1000,3,rosenbrock,213,0.006465911865234375,-1.1732141971588135,1.0650273561477661,0.8989511052880352,0.2596838176250458,0.11456913501024246,0.2230919897556305,0.06737623363733292
rosenbrock,1.0,2,cholesky,5,gumbel_softmax,8192,0.02,1000,3,rosenbrock,214,0.006496906280517578,-1.208749532699585,1.037013292312622,0.8985016297353913,0.0862354263663292,0.02214350551366806,0.04066215455532074,0.07275165617465973
rosenbrock,1.0,2,cholesky,5,gumbel_softmax,8192,0.02,1000,3,rosenbrock,215,0.006484031677246094,-1.1966575384140015,1.1630544662475586,0.8980523789205236,0.2579139471054077,0.14850546419620514,0.17462415993213654,0.1182037964463234
rosenbrock,1.0,2,cholesky,5,gumbel_softmax,8192,0.02,1000,3,rosenbrock,216,0.00647282600402832,-1.1885300874710083,1.036887526512146,0.8976033527310634,0.411385715007782,0.2382892668247223,0.2693803310394287,0.19972644746303558
rosenbrock,1.0,2,cholesky,5,gumbel_softmax,8192,0.02,1000,3,rosenbrock,217,0.006430149078369141,-1.2072498798370361,1.0772770643234253,0.8971545510546979,0.3055049777030945,0.14744769036769867,0.20936252176761627,0.16661269962787628
rosenbrock,1.0,2,cholesky,5,gumbel_softmax,8192,0.02,1000,3,rosenbrock,218,0.006470918655395508,-1.1863144636154175,1.049879789352417,0.8967059737791706,0.2358528971672058,0.11723827570676804,0.12284285575151443,0.1636808067560196
rosenbrock,1.0,2,cholesky,5,gumbel_softmax,8192,0.02,1000,3,rosenbrock,219,0.006424665451049805,-1.170795202255249,1.0317906141281128,0.8962576207922811,0.09244854748249054,0.04366089403629303,0.03974967077374458,0.07113664597272873
rosenbrock,1.0,2,cholesky,5,gumbel_softmax,8192,0.02,1000,3,rosenbrock,220,0.006428956985473633,-1.1732711791992188,1.0561435222625732,0.895809491981885,0.30786800384521484,0.073847196996212,0.24778372049331665,0.1671302616596222
rosenbrock,1.0,2,cholesky,5,gumbel_softmax,8192,0.02,1000,3,rosenbrock,221,0.006441831588745117,-1.1632652282714844,0.9812914729118347,0.8953615872358941,0.24204589426517487,0.09664566069841385,0.1978691965341568,0.1004670038819313
rosenbrock,1.0,2,cholesky,5,gumbel_softmax,8192,0.02,1000,3,rosenbrock,222,0.006487131118774414,-1.1977496147155762,1.1153877973556519,0.8949139064422762,0.21652519702911377,0.01646982692182064,0.20605860650539398,0.06443412601947784
rosenbrock,1.0,2,cholesky,5,gumbel_softmax,8192,0.02,1000,3,rosenbrock,223,0.0064849853515625,-1.1745169162750244,1.0480656623840332,0.8944664494890552,0.40577468276023865,0.06324819475412369,0.29515406489372253,0.27117669582366943
rosenbrock,1.0,2,cholesky,5,gumbel_softmax,8192,0.02,1000,3,rosenbrock,224,0.0064830780029296875,-1.1924694776535034,1.4483222961425781,0.8940192162643107,0.4688492715358734,0.08044270426034927,0.31897100806236267,0.33407503366470337
rosenbrock,1.0,2,cholesky,5,gumbel_softmax,8192,0.02,1000,3,rosenbrock,225,0.006512880325317383,-1.1709262132644653,1.123874306678772,0.8935722066561785,0.2180677354335785,0.10018282383680344,0.11958970129489899,0.15236550569534302
rosenbrock,1.0,2,cholesky,5,gumbel_softmax,8192,0.02,1000,3,rosenbrock,226,0.006500244140625,-1.177807092666626,1.0304919481277466,0.8931254205528505,0.22838684916496277,0.15285976231098175,0.14340543746948242,0.09071560204029083
rosenbrock,1.0,2,cholesky,5,gumbel_softmax,8192,0.02,1000,3,rosenbrock,227,0.006470918655395508,-1.185352087020874,1.0089770555496216,0.8926788578425742,0.4449237287044525,0.18661165237426758,0.31041815876960754,0.2584061920642853
rosenbrock,1.0,2,cholesky,5,gumbel_softmax,8192,0.02,1000,3,rosenbrock,228,0.006494045257568359,-1.1694016456604004,1.0050710439682007,0.8922325184136529,0.331722229719162,0.12184593081474304,0.2193770408630371,0.21694912016391754
rosenbrock,1.0,2,cholesky,5,gumbel_softmax,8192,0.02,1000,3,rosenbrock,229,0.006426095962524414,-1.186042070388794,0.998629093170166,0.8917864021544462,0.19352048635482788,0.09655168652534485,0.15290197730064392,0.06891252100467682
rosenbrock,1.0,2,cholesky,5,gumbel_softmax,8192,0.02,1000,3,rosenbrock,230,0.006524085998535156,-1.2076913118362427,1.0294679403305054,0.8913405089533689,0.37943151593208313,0.19332924485206604,0.3198947310447693,0.06526430696249008
rosenbrock,1.0,2,cholesky,5,gumbel_softmax,8192,0.02,1000,3,rosenbrock,231,0.0067598819732666016,-1.1726045608520508,1.0361405611038208,0.8908948386988923,0.25516843795776367,0.10640154033899307,0.21662376821041107,0.08284799754619598
rosenbrock,1.0,2,cholesky,5,gumbel_softmax,8192,0.02,1000,3,rosenbrock,232,0.006480216979980469,-1.1822940111160278,1.0994269847869873,0.8904493912795429,0.28103744983673096,0.14876535534858704,0.21049083769321442,0.11200229078531265
rosenbrock,1.0,2,cholesky,5,gumbel_softmax,8192,0.02,1000,3,rosenbrock,233,0.006453990936279297,-1.1790013313293457,1.0522425174713135,0.8900041665839031,0.19113142788410187,0.028214557096362114,0.16444052755832672,0.09324414283037186
rosenbrock,1.0,2,cholesky,5,gumbel_softmax,8192,0.02,1000,3,rosenbrock,234,0.00645899772644043,-1.1712682247161865,1.0680501461029053,0.8895591645006112,0.30357491970062256,0.07308352738618851,0.26405441761016846,0.1307356357574463
rosenbrock,1.0,2,cholesky,5,gumbel_softmax,8192,0.02,1000,3,rosenbrock,235,0.006463050842285156,-1.189864993095398,1.1433662176132202,0.889114384918361,0.2502138614654541,0.16519984602928162,0.17878615856170654,0.05789216607809067
rosenbrock,1.0,2,cholesky,5,gumbel_softmax,8192,0.02,1000,3,rosenbrock,236,0.006494998931884766,-1.2054975032806396,1.0819299221038818,0.8886698277259019,0.26159724593162537,0.13305942714214325,0.1906398981809616,0.11993639916181564
rosenbrock,1.0,2,cholesky,5,gumbel_softmax,8192,0.02,1000,3,rosenbrock,237,0.006573200225830078,-1.1781582832336426,1.0152124166488647,0.888225492812039,0.11251265555620193,0.05489528551697731,0.09118294715881348,0.036486659198999405
rosenbrock,1.0,2,cholesky,5,gumbel_softmax,8192,0.02,1000,3,rosenbrock,238,0.006503105163574219,-1.2081478834152222,1.0880545377731323,0.887781380065633,0.2745112478733063,0.10489120334386826,0.1954246610403061,0.16175124049186707
rosenbrock,1.0,2,cholesky,5,gumbel_softmax,8192,0.02,1000,3,rosenbrock,239,0.006468057632446289,-1.1961581707000732,1.1457387208938599,0.8873374893756002,0.4667486846446991,0.08159612864255905,0.43845516443252563,0.1376716047525406
rosenbrock,1.0,2,cholesky,5,gumbel_softmax,8192,0.02,1000,3,rosenbrock,240,0.006472349166870117,-1.2086989879608154,1.0195056200027466,0.8868938206309125,0.26775696873664856,0.049865126609802246,0.08138512074947357,0.2501673996448517
rosenbrock,1.0,2,cholesky,5,gumbel_softmax,8192,0.02,1000,3,rosenbrock,241,0.006470203399658203,-1.1751694679260254,1.0847283601760864,0.8864503737205971,0.14148245751857758,0.03474104031920433,0.10875881463289261,0.08355754613876343
rosenbrock,1.0,2,cholesky,5,gumbel_softmax,8192,0.02,1000,3,rosenbrock,242,0.006463050842285156,-1.2058427333831787,1.0629533529281616,0.8860071485337369,0.4649260938167572,0.10370611399412155,0.42817333340644836,0.14855602383613586
rosenbrock,1.0,2,cholesky,5,gumbel_softmax,8192,0.02,1000,3,rosenbrock,243,0.006442070007324219,-1.1829408407211304,1.0122144222259521,0.88556414495947,0.24854455888271332,0.05683087185025215,0.20395493507385254,0.13018077611923218
rosenbrock,1.0,2,cholesky,5,gumbel_softmax,8192,0.02,1000,3,rosenbrock,244,0.006455898284912109,-1.1884068250656128,1.0440325736999512,0.8851213628869903,0.26966941356658936,0.05308951064944267,0.25679224729537964,0.0629352256655693
rosenbrock,1.0,2,cholesky,5,gumbel_softmax,8192,0.02,1000,3,rosenbrock,245,0.006441831588745117,-1.2010893821716309,1.0629725456237793,0.8846788022055468,0.6675336360931396,0.3066611588001251,0.5162389874458313,0.2916460633277893
rosenbrock,1.0,2,cholesky,5,gumbel_softmax,8192,0.02,1000,3,rosenbrock,246,0.0064849853515625,-1.1985504627227783,1.077077031135559,0.8842364628044441,0.6862743496894836,0.29332056641578674,0.5549020171165466,0.2775234580039978
rosenbrock,1.0,2,cholesky,5,gumbel_softmax,8192,0.02,1000,3,rosenbrock,247,0.007652997970581055,-1.177352786064148,1.0328296422958374,0.883794344573042,0.14630034565925598,0.003624080214649439,0.07952991873025894,0.12274221330881119
rosenbrock,1.0,2,cholesky,5,gumbel_softmax,8192,0.02,1000,3,rosenbrock,248,0.006512165069580078,-1.1810557842254639,1.0562562942504883,0.8833524474007555,0.5515149831771851,0.32934412360191345,0.24330568313598633,0.36946389079093933
rosenbrock,1.0,2,cholesky,5,gumbel_softmax,8192,0.02,1000,3,rosenbrock,249,0.007184028625488281,-1.2005950212478638,1.0479334592819214,0.8829107711770552,0.8682931661605835,0.36303502321243286,0.7389513850212097,0.2758431136608124
rosenbrock,1.0,2,cholesky,5,gumbel_softmax,8192,0.02,1000,3,rosenbrock,250,0.006861686706542969,-1.2045636177062988,1.0439730882644653,0.8824693157914667,0.5349138379096985,0.24280425906181335,0.4591665267944336,0.12784741818904877
rosenbrock,1.0,2,cholesky,5,gumbel_softmax,8192,0.02,1000,3,rosenbrock,251,0.007071018218994141,-1.1899709701538086,1.0701993703842163,0.882028081133571,0.24487309157848358,0.08467422425746918,0.22457444667816162,0.048573870211839676
rosenbrock,1.0,2,cholesky,5,gumbel_softmax,8192,0.02,1000,3,rosenbrock,252,0.006925106048583984,-1.199305772781372,1.1017812490463257,0.8815870670930043,0.6180136203765869,0.21580776572227478,0.5467063784599304,0.19099730253219604
rosenbrock,1.0,2,cholesky,5,gumbel_softmax,8192,0.02,1000,3,rosenbrock,253,0.006702899932861328,-1.2067224979400635,1.0774894952774048,0.8811462735594578,0.5609552264213562,0.25868070125579834,0.4300345778465271,0.2506498396396637
rosenbrock,1.0,2,cholesky,5,gumbel_softmax,8192,0.02,1000,3,rosenbrock,254,0.006922006607055664,-1.2187209129333496,1.1073912382125854,0.8807057004226782,0.43160489201545715,0.18091578781604767,0.31422650814056396,0.2341238111257553
rosenbrock,1.0,2,cholesky,5,gumbel_softmax,8192,0.02,1000,3,rosenbrock,255,0.007116079330444336,-1.1821943521499634,1.029316782951355,0.8802653475724669,0.46051183342933655,0.16065318882465363,0.36837777495384216,0.22485443949699402
rosenbrock,1.0,2,cholesky,5,gumbel_softmax,8192,0.02,1000,3,rosenbrock,256,0.0067288875579833984,-1.1885429620742798,1.0952695608139038,0.8798252148986807,0.6142110228538513,0.2731510400772095,0.4789380431175232,0.270669549703598
rosenbrock,1.0,2,cholesky,5,gumbel_softmax,8192,0.02,1000,3,rosenbrock,257,0.006624937057495117,-1.180657148361206,1.0616064071655273,0.8793853022912314,0.22911542654037476,0.13781513273715973,0.1313074827194214,0.12751160562038422
rosenbrock,1.0,2,cholesky,5,gumbel_softmax,8192,0.02,1000,3,rosenbrock,258,0.006613969802856445,-1.2003672122955322,1.1068230867385864,0.8789456096400858,0.32084986567497253,0.12024205178022385,0.2063187062740326,0.2142874002456665
rosenbrock,1.0,2,cholesky,5,gumbel_softmax,8192,0.02,1000,3,rosenbrock,259,0.006593942642211914,-1.1881769895553589,1.0362043380737305,0.8785061368352658,0.21441850066184998,0.043820932507514954,0.1823594868183136,0.10392321646213531
rosenbrock,1.0,2,cholesky,5,gumbel_softmax,8192,0.02,1000,3,rosenbrock,260,0.006694793701171875,-1.2192485332489014,1.1573160886764526,0.8780668837668483,0.6084221005439758,0.12700453400611877,0.4603707790374756,0.37696966528892517
rosenbrock,1.0,2,cholesky,5,gumbel_softmax,8192,0.02,1000,3,rosenbrock,261,0.006922006607055664,-1.1948562860488892,1.02741277217865,0.8776278503249648,0.3099917471408844,0.029321476817131042,0.26711416244506836,0.15454822778701782
rosenbrock,1.0,2,cholesky,5,gumbel_softmax,8192,0.02,1000,3,rosenbrock,262,0.007028102874755859,-1.2126208543777466,1.137692928314209,0.8771890363998024,0.17812107503414154,0.085807204246521,0.10078655183315277,0.11919023096561432
rosenbrock,1.0,2,cholesky,5,gumbel_softmax,8192,0.02,1000,3,rosenbrock,263,0.0065572261810302734,-1.2159582376480103,1.055288314819336,0.8767504418816026,0.4793039560317993,0.1900375336408615,0.3484638035297394,0.2686838209629059
rosenbrock,1.0,2,cholesky,5,gumbel_softmax,8192,0.02,1000,3,rosenbrock,264,0.006929159164428711,-1.2136706113815308,1.0513715744018555,0.8763120666606619,0.5935015678405762,0.2662263810634613,0.44736233353614807,0.28501689434051514
rosenbrock,1.0,2,cholesky,5,gumbel_softmax,8192,0.02,1000,3,rosenbrock,265,0.0065898895263671875,-1.2161450386047363,1.069957971572876,0.8758739106273316,0.33345749974250793,0.015822527930140495,0.2231191247701645,0.24730829894542694
rosenbrock,1.0,2,cholesky,5,gumbel_softmax,8192,0.02,1000,3,rosenbrock,266,0.00653386116027832,-1.221465826034546,1.1043511629104614,0.875435973672018,0.2164817601442337,0.10615665465593338,0.15529462695121765,0.10713866353034973
rosenbrock,1.0,2,cholesky,5,gumbel_softmax,8192,0.02,1000,3,rosenbrock,267,0.0065190792083740234,-1.2241190671920776,1.1324896812438965,0.874998255685182,0.5164216160774231,0.25260165333747864,0.33706602454185486,0.29878127574920654
rosenbrock,1.0,2,cholesky,5,gumbel_softmax,8192,0.02,1000,3,rosenbrock,268,0.006508827209472656,-1.2342127561569214,1.1497735977172852,0.8745607565573394,0.6020970344543457,0.35553255677223206,0.37018895149230957,0.3147658109664917
rosenbrock,1.0,2,cholesky,5,gumbel_softmax,8192,0.02,1000,3,rosenbrock,269,0.006500244140625,-1.212351679801941,1.1313676834106445,0.8741234761790608,0.24059338867664337,0.060288965702056885,0.13876530528068542,0.18706847727298737
rosenbrock,1.0,2,cholesky,5,gumbel_softmax,8192,0.02,1000,3,rosenbrock,270,0.0068511962890625,-1.2230669260025024,1.0253069400787354,0.8736864144409713,0.1821020543575287,0.022735655307769775,0.1440790295600891,0.10902055352926254
rosenbrock,1.0,2,cholesky,5,gumbel_softmax,8192,0.02,1000,3,rosenbrock,271,0.006632089614868164,-1.226534366607666,1.048001766204834,0.8732495712337509,0.5701519846916199,0.1457957774400711,0.49840879440307617,0.235384002327919
rosenbrock,1.0,2,cholesky,5,gumbel_softmax,8192,0.02,1000,3,rosenbrock,272,0.0066449642181396484,-1.2411582469940186,1.1039793491363525,0.872812946448134,0.3183490037918091,0.03567489981651306,0.26214832067489624,0.1770639419555664
rosenbrock,1.0,2,cholesky,5,gumbel_softmax,8192,0.02,1000,3,rosenbrock,273,0.0066759586334228516,-1.2226706743240356,1.0591565370559692,0.87237653997491,0.2499888390302658,0.009626418352127075,0.23925723135471344,0.0718173161149025
rosenbrock,1.0,2,cholesky,5,gumbel_softmax,8192,0.02,1000,3,rosenbrock,274,0.0066831111907958984,-1.2065073251724243,1.05601966381073,0.8719403517049227,0.16016331315040588,0.08680687099695206,0.11271492391824722,0.07356766611337662
rosenbrock,1.0,2,cholesky,5,gumbel_softmax,8192,0.02,1000,3,rosenbrock,275,0.006598949432373047,-1.2189563512802124,1.0492793321609497,0.8715043815290702,0.2584158480167389,0.06405157595872879,0.23768183588981628,0.07863518595695496
rosenbrock,1.0,2,cholesky,5,gumbel_softmax,8192,0.02,1000,3,rosenbrock,276,0.006612300872802734,-1.203473687171936,1.044894814491272,0.8710686293383058,0.20550596714019775,0.11719154566526413,0.10954930633306503,0.12844374775886536
rosenbrock,1.0,2,cholesky,5,gumbel_softmax,8192,0.02,1000,3,rosenbrock,277,0.006598234176635742,-1.2307155132293701,1.1142899990081787,0.8706330950236366,0.32137611508369446,0.13597078621387482,0.24229933321475983,0.16151031851768494
rosenbrock,1.0,2,cholesky,5,gumbel_softmax,8192,0.02,1000,3,rosenbrock,278,0.006595134735107422,-1.2182986736297607,1.0490777492523193,0.8701977784761249,0.11482322216033936,0.05212985724210739,0.07985047250986099,0.06395900994539261
rosenbrock,1.0,2,cholesky,5,gumbel_softmax,8192,0.02,1000,3,rosenbrock,279,0.006560087203979492,-1.2309558391571045,1.2106475830078125,0.8697626795868868,0.17556878924369812,0.13198447227478027,0.05582676827907562,0.10142914950847626
rosenbrock,1.0,2,cholesky,5,gumbel_softmax,8192,0.02,1000,3,rosenbrock,280,0.006526947021484375,-1.2040947675704956,1.0595777034759521,0.8693277982470935,0.2963986098766327,0.026351837441325188,0.26576560735702515,0.12855489552021027
rosenbrock,1.0,2,cholesky,5,gumbel_softmax,8192,0.02,1000,3,rosenbrock,281,0.0066907405853271484,-1.2245346307754517,1.1023679971694946,0.86889313434797,0.09991510957479477,0.014251427724957466,0.0855211615562439,0.04965939372777939
rosenbrock,1.0,2,cholesky,5,gumbel_softmax,8192,0.02,1000,3,rosenbrock,282,0.006629228591918945,-1.208935022354126,1.0978800058364868,0.868458687780796,0.18428432941436768,0.07380326837301254,0.08623801171779633,0.14517851173877716
rosenbrock,1.0,2,cholesky,5,gumbel_softmax,8192,0.02,1000,3,rosenbrock,283,0.00656890869140625,-1.2267524003982544,1.0497335195541382,0.8680244584369057,0.32210466265678406,0.15482410788536072,0.2037515640258789,0.19561749696731567
rosenbrock,1.0,2,cholesky,5,gumbel_softmax,8192,0.02,1000,3,rosenbrock,284,0.006566286087036133,-1.2042653560638428,1.069101095199585,0.8675904462076872,0.14534592628479004,0.06443070620298386,0.02598767727613449,0.12766660749912262
rosenbrock,1.0,2,cholesky,5,gumbel_softmax,8192,0.02,1000,3,rosenbrock,285,0.006563663482666016,-1.228224277496338,1.1762992143630981,0.8671566509845835,0.2253134548664093,0.10252808034420013,0.10709378868341446,0.16966161131858826
rosenbrock,1.0,2,cholesky,5,gumbel_softmax,8192,0.02,1000,3,rosenbrock,286,0.006513118743896484,-1.2294764518737793,1.114546537399292,0.8667230726590912,0.2668677568435669,0.15983062982559204,0.18145909905433655,0.11289448291063309
rosenbrock,1.0,2,cholesky,5,gumbel_softmax,8192,0.02,1000,3,rosenbrock,287,0.00657200813293457,-1.2396812438964844,1.1053341627120972,0.8662897111227618,0.18910227715969086,0.12249720096588135,0.08640661090612411,0.1152736023068428
rosenbrock,1.0,2,cholesky,5,gumbel_softmax,8192,0.02,1000,3,rosenbrock,288,0.0065288543701171875,-1.219071865081787,1.0487231016159058,0.8658565662672004,0.2369336187839508,0.09355423599481583,0.1489757001399994,0.15871793031692505
rosenbrock,1.0,2,cholesky,5,gumbel_softmax,8192,0.02,1000,3,rosenbrock,289,0.006584882736206055,-1.248055100440979,1.1490366458892822,0.8654236379840669,0.3983082175254822,0.22170490026474,0.29139116406440735,0.1568041890859604
rosenbrock,1.0,2,cholesky,5,gumbel_softmax,8192,0.02,1000,3,rosenbrock,290,0.006567955017089844,-1.2395707368850708,1.183515191078186,0.8649909261650749,0.2388094961643219,0.04780939593911171,0.2068874090909958,0.10927869379520416
rosenbrock,1.0,2,cholesky,5,gumbel_softmax,8192,0.02,1000,3,rosenbrock,291,0.006530046463012695,-1.215985655784607,1.1085697412490845,0.8645584307019923,0.1038522943854332,0.021502085030078888,0.0341375470161438,0.09569527953863144
rosenbrock,1.0,2,cholesky,5,gumbel_softmax,8192,0.02,1000,3,rosenbrock,292,0.006582021713256836,-1.2242987155914307,1.0439910888671875,0.8641261514866414,0.3067469298839569,0.04161258786916733,0.22472123801708221,0.20460310578346252
rosenbrock,1.0,2,cholesky,5,gumbel_softmax,8192,0.02,1000,3,rosenbrock,293,0.006570100784301758,-1.200321912765503,1.1259669065475464,0.8636940884108981,0.23686492443084717,0.1822182536125183,0.1179523915052414,0.0948088988661766
rosenbrock,1.0,2,cholesky,5,gumbel_softmax,8192,0.02,1000,3,rosenbrock,294,0.006587982177734375,-1.2370288372039795,1.1340450048446655,0.8632622413666927,0.3333822190761566,0.18192140758037567,0.26275908946990967,0.09489975869655609
rosenbrock,1.0,2,cholesky,5,gumbel_softmax,8192,0.02,1000,3,rosenbrock,295,0.006577968597412109,-1.213923454284668,1.0703282356262207,0.8628306102460094,0.15725387632846832,0.06709090620279312,0.12964102625846863,0.05848757550120354
rosenbrock,1.0,2,cholesky,5,gumbel_softmax,8192,0.02,1000,3,rosenbrock,296,0.006565093994140625,-1.2372246980667114,1.031333088874817,0.8623991949408865,0.1915985643863678,0.005886867642402649,0.17048737406730652,0.08723196387290955
rosenbrock,1.0,2,cholesky,5,gumbel_softmax,8192,0.02,1000,3,rosenbrock,297,0.006469011306762695,-1.2290719747543335,1.1451141834259033,0.8619679953434161,0.4020344316959381,0.05989007651805878,0.3063656687736511,0.2533474564552307
rosenbrock,1.0,2,cholesky,5,gumbel_softmax,8192,0.02,1000,3,rosenbrock,298,0.0066030025482177734,-1.2398229837417603,1.0598678588867188,0.8615370113457445,0.33644604682922363,0.05646630749106407,0.232921302318573,0.23612532019615173
rosenbrock,1.0,2,cholesky,5,gumbel_softmax,8192,0.02,1000,3,rosenbrock,299,0.006552934646606445,-1.2390364408493042,1.034972906112671,0.8611062428400716,0.16658037900924683,0.03268188238143921,0.07694078236818314,0.14408688247203827
rosenbrock,1.0,2,cholesky,5,gumbel_softmax,8192,0.02,1000,3,rosenbrock,300,0.006556987762451172,-1.2333940267562866,1.014108419418335,0.8606756897186516,0.2861214876174927,0.06573953479528427,0.17844970524311066,0.21377450227737427
rosenbrock,1.0,2,cholesky,5,gumbel_softmax,8192,0.02,1000,3,rosenbrock,301,0.006525993347167969,-1.2197531461715698,1.0535894632339478,0.8602453518737924,0.35955238342285156,0.12416623532772064,0.29902058839797974,0.15635649859905243
rosenbrock,1.0,2,cholesky,5,gumbel_softmax,8192,0.02,1000,3,rosenbrock,302,0.006507158279418945,-1.2434821128845215,1.0485224723815918,0.8598152291978555,0.25963863730430603,0.1292766034603119,0.18719884753227234,0.12512539327144623
rosenbrock,1.0,2,cholesky,5,gumbel_softmax,8192,0.02,1000,3,rosenbrock,303,0.006532192230224609,-1.2175629138946533,1.0313279628753662,0.8593853215832566,0.24743227660655975,0.1603427529335022,0.15970297157764435,0.10003942996263504
rosenbrock,1.0,2,cholesky,5,gumbel_softmax,8192,0.02,1000,3,rosenbrock,304,0.006541013717651367,-1.224947214126587,1.123216986656189,0.858955628922465,0.34250643849372864,0.16560177505016327,0.27355799078941345,0.12268957495689392
rosenbrock,1.0,2,cholesky,5,gumbel_softmax,8192,0.02,1000,3,rosenbrock,305,0.006665945053100586,-1.2232037782669067,1.0768678188323975,0.8585261511080038,0.19130800664424896,0.09668909013271332,0.1333521008491516,0.09729946404695511
rosenbrock,1.0,2,cholesky,5,gumbel_softmax,8192,0.02,1000,3,rosenbrock,306,0.006590127944946289,-1.2368965148925781,1.0384814739227295,0.8580968880324499,0.38654348254203796,0.16218973696231842,0.33573585748672485,0.10194014757871628
rosenbrock,1.0,2,cholesky,5,gumbel_softmax,8192,0.02,1000,3,rosenbrock,307,0.0065381526947021484,-1.2353055477142334,1.0462568998336792,0.8576678395884337,0.27320510149002075,0.16811467707157135,0.15371136367321014,0.150835320353508
rosenbrock,1.0,2,cholesky,5,gumbel_softmax,8192,0.02,1000,3,rosenbrock,308,0.006765127182006836,-1.206701636314392,1.1096941232681274,0.8572390056686395,0.4053305387496948,0.2253228724002838,0.31407371163368225,0.12198424339294434
rosenbrock,1.0,2,cholesky,5,gumbel_softmax,8192,0.02,1000,3,rosenbrock,309,0.006318092346191406,-1.2223446369171143,1.1331537961959839,0.8568103861658053,0.2831328213214874,0.09006085991859436,0.18870636820793152,0.19090090692043304
rosenbrock,1.0,2,cholesky,5,gumbel_softmax,8192,0.02,1000,3,rosenbrock,310,0.006556034088134766,-1.2196595668792725,1.0768365859985352,0.8563819809727224,0.1960763931274414,0.06546948105096817,0.11642274260520935,0.1435459703207016
rosenbrock,1.0,2,cholesky,5,gumbel_softmax,8192,0.02,1000,3,rosenbrock,311,0.006591081619262695,-1.2149746417999268,1.1221352815628052,0.855953789982236,0.7372347712516785,0.24804531037807465,0.6416563987731934,0.2650766670703888
rosenbrock,1.0,2,cholesky,5,gumbel_softmax,8192,0.02,1000,3,rosenbrock,312,0.006865978240966797,-1.2186037302017212,1.1194381713867188,0.8555258130872451,0.3103308081626892,0.15486428141593933,0.24551913142204285,0.10973888635635376
rosenbrock,1.0,2,cholesky,5,gumbel_softmax,8192,0.02,1000,3,rosenbrock,313,0.0065610408782958984,-1.1907702684402466,1.0679194927215576,0.8550980501807014,0.36050599813461304,0.13595899939537048,0.18926730751991272,0.275059312582016
rosenbrock,1.0,2,cholesky,5,gumbel_softmax,8192,0.02,1000,3,rosenbrock,314,0.0064051151275634766,-1.2363356351852417,1.0729907751083374,0.8546705011556112,0.6478636264801025,0.19285786151885986,0.5987751483917236,0.15492406487464905
rosenbrock,1.0,2,cholesky,5,gumbel_softmax,8192,0.02,1000,3,rosenbrock,315,0.006383180618286133,-1.2394477128982544,1.0788697004318237,0.8542431659050334,0.5259299874305725,0.15459409356117249,0.47981688380241394,0.1499292552471161
rosenbrock,1.0,2,cholesky,5,gumbel_softmax,8192,0.02,1000,3,rosenbrock,316,0.006379127502441406,-1.2235472202301025,1.0299732685089111,0.8538160443220809,0.09741321206092834,0.046938586980104446,0.040224846452474594,0.07528656721115112
rosenbrock,1.0,2,cholesky,5,gumbel_softmax,8192,0.02,1000,3,rosenbrock,317,0.006391048431396484,-1.2362818717956543,1.1560834646224976,0.8533891362999199,0.649206280708313,0.27985429763793945,0.5573559403419495,0.18029043078422546
rosenbrock,1.0,2,cholesky,5,gumbel_softmax,8192,0.02,1000,3,rosenbrock,318,0.006404876708984375,-1.209831714630127,1.0201613903045654,0.85296244173177,0.4607502818107605,0.15629462897777557,0.42111897468566895,0.102574922144413
rosenbrock,1.0,2,cholesky,5,gumbel_softmax,8192,0.02,1000,3,rosenbrock,319,0.006406068801879883,-1.2287216186523438,1.065868616104126,0.8525359605109042,0.24306240677833557,0.10615554451942444,0.19447089731693268,0.09995698928833008
rosenbrock,1.0,2,cholesky,5,gumbel_softmax,8192,0.02,1000,3,rosenbrock,320,0.006806135177612305,-1.21217679977417,1.2132717370986938,0.8521096925306487,0.1250024437904358,0.02358463779091835,0.056813668459653854,0.10881903767585754
rosenbrock,1.0,2,cholesky,5,gumbel_softmax,8192,0.02,1000,3,rosenbrock,321,0.007066965103149414,-1.2240996360778809,1.1343415975570679,0.8516836376843835,0.26179343461990356,0.16565142571926117,0.1263188272714615,0.15855269134044647
rosenbrock,1.0,2,cholesky,5,gumbel_softmax,8192,0.02,1000,3,rosenbrock,322,0.0067327022552490234,-1.2143491506576538,1.06802499294281,0.8512577958655413,0.7035347819328308,0.3331182897090912,0.599921703338623,0.15520095825195312
rosenbrock,1.0,2,cholesky,5,gumbel_softmax,8192,0.02,1000,3,rosenbrock,323,0.006623029708862305,-1.2461663484573364,1.155121088027954,0.8508321669676087,0.26776430010795593,0.12215173244476318,0.21971775591373444,0.09219975024461746
rosenbrock,1.0,2,cholesky,5,gumbel_softmax,8192,0.02,1000,3,rosenbrock,324,0.006638050079345703,-1.2236782312393188,1.07161283493042,0.8504067508841249,0.18862134218215942,0.012740444391965866,0.09005346149206161,0.16524547338485718
rosenbrock,1.0,2,cholesky,5,gumbel_softmax,8192,0.02,1000,3,rosenbrock,325,0.0065190792083740234,-1.2321488857269287,1.1024093627929688,0.8499815475086828,0.3918154835700989,0.1505487710237503,0.2569836676120758,0.2545855641365051
rosenbrock,1.0,2,cholesky,5,gumbel_softmax,8192,0.02,1000,3,rosenbrock,326,0.006519794464111328,-1.1995207071304321,1.0343726873397827,0.8495565567349286,0.31428080797195435,0.19840793311595917,0.22792194783687592,0.08636154979467392
rosenbrock,1.0,2,cholesky,5,gumbel_softmax,8192,0.02,1000,3,rosenbrock,327,0.006561994552612305,-1.2368452548980713,1.1153628826141357,0.8491317784565612,0.4069942235946655,0.2275015413761139,0.29012531042099,0.17237938940525055
rosenbrock,1.0,2,cholesky,5,gumbel_softmax,8192,0.02,1000,3,rosenbrock,328,0.006515026092529297,-1.221781849861145,1.1000868082046509,0.848707212567333,0.19077634811401367,0.038774922490119934,0.15869300067424774,0.09853248298168182
rosenbrock,1.0,2,cholesky,5,gumbel_softmax,8192,0.02,1000,3,rosenbrock,329,0.00652313232421875,-1.207568883895874,1.0773766040802002,0.8482828589610493,0.44681695103645325,0.15049809217453003,0.28171759843826294,0.31245946884155273
rosenbrock,1.0,2,cholesky,5,gumbel_softmax,8192,0.02,1000,3,rosenbrock,330,0.006542205810546875,-1.2467174530029297,1.0888608694076538,0.8478587175315688,0.3709166646003723,0.19024474918842316,0.29240721464157104,0.12603221833705902
rosenbrock,1.0,2,cholesky,5,gumbel_softmax,8192,0.02,1000,3,rosenbrock,331,0.006521940231323242,-1.2377488613128662,1.0979586839675903,0.847434788172803,0.48118168115615845,0.17465925216674805,0.3515172302722931,0.27832645177841187
rosenbrock,1.0,2,cholesky,5,gumbel_softmax,8192,0.02,1000,3,rosenbrock,332,0.006452322006225586,-1.2250878810882568,1.051209807395935,0.8470110707787167,0.16412587463855743,0.06487707793712616,0.041766826063394547,0.14485786855220795
rosenbrock,1.0,2,cholesky,5,gumbel_softmax,8192,0.02,1000,3,rosenbrock,333,0.006490945816040039,-1.230013370513916,1.0632296800613403,0.8465875652433273,0.31195029616355896,0.1062241792678833,0.2858985960483551,0.06550885736942291
rosenbrock,1.0,2,cholesky,5,gumbel_softmax,8192,0.02,1000,3,rosenbrock,334,0.006453990936279297,-1.2638587951660156,1.2366167306900024,0.8461642714607057,0.840681254863739,0.3499178886413574,0.6530023813247681,0.39735427498817444
rosenbrock,1.0,2,cholesky,5,gumbel_softmax,8192,0.02,1000,3,rosenbrock,335,0.0064661502838134766,-1.2224336862564087,1.1250313520431519,0.8457411893249754,0.6190148591995239,0.17868562042713165,0.42657214403152466,0.4114450216293335
rosenbrock,1.0,2,cholesky,5,gumbel_softmax,8192,0.02,1000,3,rosenbrock,336,0.006499052047729492,-1.2199945449829102,1.0856441259384155,0.845318318730313,0.40808993577957153,0.20401328802108765,0.3391072750091553,0.09961053729057312
rosenbrock,1.0,2,cholesky,5,gumbel_softmax,8192,0.02,1000,3,rosenbrock,337,0.00652003288269043,-1.2278050184249878,1.210126519203186,0.8448956595709479,0.6425578594207764,0.3466571271419525,0.539197564125061,0.04444504156708717
rosenbrock,1.0,2,cholesky,5,gumbel_softmax,8192,0.02,1000,3,rosenbrock,338,0.006398916244506836,-1.2406275272369385,1.0836247205734253,0.8444732117411625,0.867824137210846,0.4031981825828552,0.7022531032562256,0.3120745122432709
rosenbrock,1.0,2,cholesky,5,gumbel_softmax,8192,0.02,1000,3,rosenbrock,339,0.00626683235168457,-1.2553664445877075,1.1845190525054932,0.8440509751352919,0.4223155081272125,0.0482616201043129,0.2740226984024048,0.317699134349823
rosenbrock,1.0,2,cholesky,5,gumbel_softmax,8192,0.02,1000,3,rosenbrock,340,0.006494045257568359,-1.2203736305236816,1.115462064743042,0.8436289496477244,0.4029448628425598,0.23727454245090485,0.27231886982917786,0.17862753570079803
rosenbrock,1.0,2,cholesky,5,gumbel_softmax,8192,0.02,1000,3,rosenbrock,341,0.006543874740600586,-1.2559471130371094,1.1861857175827026,0.8432071351729006,0.8138145208358765,0.42201748490333557,0.6508894562721252,0.2460450530052185
rosenbrock,1.0,2,cholesky,5,gumbel_softmax,8192,0.02,1000,3,rosenbrock,342,0.006810903549194336,-1.2198790311813354,1.0471258163452148,0.8427855316053141,0.8259665369987488,0.43107929825782776,0.6686238050460815,0.22211167216300964
rosenbrock,1.0,2,cholesky,5,gumbel_softmax,8192,0.02,1000,3,rosenbrock,343,0.0065212249755859375,-1.2167441844940186,1.1376763582229614,0.8423641388395116,0.3207930326461792,0.19030267000198364,0.18877308070659637,0.1762322038412094
rosenbrock,1.0,2,cholesky,5,gumbel_softmax,8192,0.02,1000,3,rosenbrock,344,0.00642704963684082,-1.2540435791015625,1.0769071578979492,0.8419429567700918,0.2009705901145935,0.02005011960864067,0.07083939760923386,0.1869998723268509
rosenbrock,1.0,2,cholesky,5,gumbel_softmax,8192,0.02,1000,3,rosenbrock,345,0.006412982940673828,-1.2194982767105103,1.0399634838104248,0.8415219852917069,0.8287162780761719,0.3241916000843048,0.7123317122459412,0.27249595522880554
rosenbrock,1.0,2,cholesky,5,gumbel_softmax,8192,0.02,1000,3,rosenbrock,346,0.006371736526489258,-1.2181316614151,1.1341274976730347,0.841101224299061,0.6109283566474915,0.315538227558136,0.4524476230144501,0.26260271668434143
rosenbrock,1.0,2,cholesky,5,gumbel_softmax,8192,0.02,1000,3,rosenbrock,347,0.0063550472259521484,-1.2304197549819946,1.0918376445770264,0.8406806736869116,0.40376389026641846,0.1902562826871872,0.32920458912849426,0.13583865761756897
rosenbrock,1.0,2,cholesky,5,gumbel_softmax,8192,0.02,1000,3,rosenbrock,348,0.0063631534576416016,-1.2345492839813232,1.1458925008773804,0.8402603333500681,0.40434780716896057,0.1521155834197998,0.32450661063194275,0.18722562491893768
rosenbrock,1.0,2,cholesky,5,gumbel_softmax,8192,0.02,1000,3,rosenbrock,349,0.00640106201171875,-1.213890552520752,1.1083730459213257,0.8398402031833931,0.49148890376091003,0.1851310133934021,0.43752235174179077,0.12594462931156158
rosenbrock,1.0,2,cholesky,5,gumbel_softmax,8192,0.02,1000,3,rosenbrock,350,0.0063817501068115234,-1.2366125583648682,1.2069684267044067,0.8394202830818015,0.8387717008590698,0.22814328968524933,0.652415931224823,0.47522854804992676
rosenbrock,1.0,2,cholesky,5,gumbel_softmax,8192,0.02,1000,3,rosenbrock,351,0.006390094757080078,-1.2224239110946655,1.047265887260437,0.8390005729402606,0.20821526646614075,0.04855421558022499,0.1791054606437683,0.0944315567612648
rosenbrock,1.0,2,cholesky,5,gumbel_softmax,8192,0.02,1000,3,rosenbrock,352,0.006363868713378906,-1.2144114971160889,1.0708764791488647,0.8385810726537906,0.288869708776474,0.18326447904109955,0.1458713710308075,0.16906031966209412
rosenbrock,1.0,2,cholesky,5,gumbel_softmax,8192,0.02,1000,3,rosenbrock,353,0.0063610076904296875,-1.2285404205322266,1.0915106534957886,0.8381617821174637,0.9125310182571411,0.33207210898399353,0.7515007257461548,0.39709895849227905
rosenbrock,1.0,2,cholesky,5,gumbel_softmax,8192,0.02,1000,3,rosenbrock,354,0.0063550472259521484,-1.1997541189193726,1.0756996870040894,0.837742701226405,0.454130083322525,0.16026587784290314,0.3315393924713135,0.2657642364501953
rosenbrock,1.0,2,cholesky,5,gumbel_softmax,8192,0.02,1000,3,rosenbrock,355,0.006351947784423828,-1.2264676094055176,1.1710017919540405,0.8373238298757919,0.2840805947780609,0.1019105613231659,0.20432977378368378,0.16901294887065887
rosenbrock,1.0,2,cholesky,5,gumbel_softmax,8192,0.02,1000,3,rosenbrock,356,0.0063588619232177734,-1.2121716737747192,1.069753646850586,0.836905167960854,0.41623595356941223,0.18042419850826263,0.30355215072631836,0.22035321593284607
rosenbrock,1.0,2,cholesky,5,gumbel_softmax,8192,0.02,1000,3,rosenbrock,357,0.006375789642333984,-1.2165493965148926,1.155805230140686,0.8364867153768736,0.543637216091156,0.3032004237174988,0.39624035358428955,0.21588094532489777
rosenbrock,1.0,2,cholesky,5,gumbel_softmax,8192,0.02,1000,3,rosenbrock,358,0.006364107131958008,-1.2417024374008179,1.1142489910125732,0.8360684720191852,0.6264301538467407,0.28536996245384216,0.47012338042259216,0.2999378740787506
rosenbrock,1.0,2,cholesky,5,gumbel_softmax,8192,0.02,1000,3,rosenbrock,359,0.006376028060913086,-1.2196722030639648,1.0818171501159668,0.8356504377831757,0.21303690969944,0.04654856026172638,0.18044428527355194,0.10323669016361237
rosenbrock,1.0,2,cholesky,5,gumbel_softmax,8192,0.02,1000,3,rosenbrock,360,0.006325960159301758,-1.2205619812011719,1.0454641580581665,0.8352326125642842,0.3633805811405182,0.1580992490053177,0.21285302937030792,0.24848271906375885
rosenbrock,1.0,2,cholesky,5,gumbel_softmax,8192,0.02,1000,3,rosenbrock,361,0.006300210952758789,-1.2250845432281494,1.0833207368850708,0.834814996258002,0.5811899304389954,0.25424230098724365,0.40548190474510193,0.32973769307136536
rosenbrock,1.0,2,cholesky,5,gumbel_softmax,8192,0.02,1000,3,rosenbrock,362,0.006390094757080078,-1.241257905960083,1.0435980558395386,0.8343975887598731,0.23638668656349182,0.13906055688858032,0.13597162067890167,0.13435979187488556
rosenbrock,1.0,2,cholesky,5,gumbel_softmax,8192,0.02,1000,3,rosenbrock,363,0.006394147872924805,-1.2228059768676758,1.0318217277526855,0.8339803899654932,0.24229446053504944,0.10983572155237198,0.17595107853412628,0.12523554265499115
rosenbrock,1.0,2,cholesky,5,gumbel_softmax,8192,0.02,1000,3,rosenbrock,364,0.006339073181152344,-1.2217180728912354,1.1616090536117554,0.8335633997705105,0.1876489371061325,0.027356531471014023,0.1498572677373886,0.10957438498735428
rosenbrock,1.0,2,cholesky,5,gumbel_softmax,8192,0.02,1000,3,rosenbrock,365,0.00634002685546875,-1.1905516386032104,1.087343692779541,0.8331466180706253,0.29788738489151,0.10005850344896317,0.268580824136734,0.08117587119340897
rosenbrock,1.0,2,cholesky,5,gumbel_softmax,8192,0.02,1000,3,rosenbrock,366,0.006319999694824219,-1.2032568454742432,1.0364760160446167,0.8327300447615901,0.29393038153648376,0.13106201589107513,0.2062373161315918,0.16335231065750122
rosenbrock,1.0,2,cholesky,5,gumbel_softmax,8192,0.02,1000,3,rosenbrock,367,0.006331920623779297,-1.231567144393921,1.1010534763336182,0.8323136797392092,0.2643998861312866,0.15808726847171783,0.16473093628883362,0.1333395540714264
rosenbrock,1.0,2,cholesky,5,gumbel_softmax,8192,0.02,1000,3,rosenbrock,368,0.0063359737396240234,-1.2331750392913818,1.1489614248275757,0.8318975228993397,0.17002138495445251,0.08136145770549774,0.1063508540391922,0.10477153956890106
rosenbrock,1.0,2,cholesky,5,gumbel_softmax,8192,0.02,1000,3,rosenbrock,369,0.006354093551635742,-1.2259210348129272,1.0901639461517334,0.83148157413789,0.26319649815559387,0.04867992177605629,0.22248518466949463,0.13192042708396912
rosenbrock,1.0,2,cholesky,5,gumbel_softmax,8192,0.02,1000,3,rosenbrock,370,0.006337165832519531,-1.2140469551086426,1.081870198249817,0.8310658333508212,0.2896259129047394,0.06590209156274796,0.23169063031673431,0.1608089953660965
rosenbrock,1.0,2,cholesky,5,gumbel_softmax,8192,0.02,1000,3,rosenbrock,371,0.006343364715576172,-1.218306064605713,1.1524511575698853,0.8306503004341458,0.4889991879463196,0.05706169083714485,0.4558955132961273,0.16740211844444275
rosenbrock,1.0,2,cholesky,5,gumbel_softmax,8192,0.02,1000,3,rosenbrock,372,0.00636601448059082,-1.2001289129257202,1.0412578582763672,0.8302349752839288,0.30326029658317566,0.012148067355155945,0.23487889766693115,0.19144491851329803
rosenbrock,1.0,2,cholesky,5,gumbel_softmax,8192,0.02,1000,3,rosenbrock,373,0.006353855133056641,-1.2089694738388062,1.0614712238311768,0.8298198577962869,0.4550401270389557,0.21479512751102448,0.3361085057258606,0.21898774802684784
rosenbrock,1.0,2,cholesky,5,gumbel_softmax,8192,0.02,1000,3,rosenbrock,374,0.00634002685546875,-1.2226536273956299,1.0493284463882446,0.8294049478673888,0.6061238050460815,0.314157098531723,0.4920789301395416,0.1629408746957779
rosenbrock,1.0,2,cholesky,5,gumbel_softmax,8192,0.02,1000,3,rosenbrock,375,0.006359100341796875,-1.2097426652908325,1.123961329460144,0.8289902453934551,0.5672097206115723,0.1478133499622345,0.4438631236553192,0.32072359323501587
rosenbrock,1.0,2,cholesky,5,gumbel_softmax,8192,0.02,1000,3,rosenbrock,376,0.006333827972412109,-1.213209867477417,1.0905380249023438,0.8285757502707585,0.16057369112968445,0.04516947641968727,0.07725095748901367,0.13332636654376984
rosenbrock,1.0,2,cholesky,5,gumbel_softmax,8192,0.02,1000,3,rosenbrock,377,0.0062999725341796875,-1.2271113395690918,1.1427910327911377,0.8281614623956232,0.46530547738075256,0.20695355534553528,0.3704535663127899,0.1909020096063614
rosenbrock,1.0,2,cholesky,5,gumbel_softmax,8192,0.02,1000,3,rosenbrock,378,0.00648808479309082,-1.2019256353378296,1.0600277185440063,0.8277473816644253,0.5286080837249756,0.28293153643608093,0.4197985529899597,0.15213614702224731
rosenbrock,1.0,2,cholesky,5,gumbel_softmax,8192,0.02,1000,3,rosenbrock,379,0.006886005401611328,-1.1986243724822998,1.0714548826217651,0.8273335079735932,0.49728885293006897,0.328131765127182,0.3008030652999878,0.22168275713920593
rosenbrock,1.0,2,cholesky,5,gumbel_softmax,8192,0.02,1000,3,rosenbrock,380,0.007166862487792969,-1.1928719282150269,1.0260348320007324,0.8269198412196064,0.3612354099750519,0.11383570730686188,0.24812883138656616,0.23656821250915527
rosenbrock,1.0,2,cholesky,5,gumbel_softmax,8192,0.02,1000,3,rosenbrock,381,0.006661176681518555,-1.2035878896713257,1.1537867784500122,0.8265063812989967,0.34329044818878174,0.1692505031824112,0.22791026532649994,0.19302718341350555
rosenbrock,1.0,2,cholesky,5,gumbel_softmax,8192,0.02,1000,3,rosenbrock,382,0.006591081619262695,-1.2042521238327026,1.0895919799804688,0.8260931281083472,0.35588374733924866,0.2623750567436218,0.22448678314685822,0.08612926304340363
rosenbrock,1.0,2,cholesky,5,gumbel_softmax,8192,0.02,1000,3,rosenbrock,383,0.006545066833496094,-1.20090913772583,1.0726842880249023,0.8256800815442931,0.6807002425193787,0.38981860876083374,0.5338255167007446,0.1625566929578781
rosenbrock,1.0,2,cholesky,5,gumbel_softmax,8192,0.02,1000,3,rosenbrock,384,0.00654292106628418,-1.2008439302444458,1.0965145826339722,0.825267241503521,0.5613186359405518,0.33329081535339355,0.38139212131500244,0.24194186925888062
rosenbrock,1.0,2,cholesky,5,gumbel_softmax,8192,0.02,1000,3,rosenbrock,385,0.007272958755493164,-1.2022145986557007,1.0883249044418335,0.8248546078827693,0.26390209794044495,0.17717428505420685,0.14379066228866577,0.1325814574956894
rosenbrock,1.0,2,cholesky,5,gumbel_softmax,8192,0.02,1000,3,rosenbrock,386,0.0065538883209228516,-1.229180097579956,1.063031792640686,0.8244421805788279,0.4687788784503937,0.07269784808158875,0.443801611661911,0.1323208063840866
rosenbrock,1.0,2,cholesky,5,gumbel_softmax,8192,0.02,1000,3,rosenbrock,387,0.006495952606201172,-1.1999216079711914,1.0669281482696533,0.8240299594885385,0.4656720459461212,0.20130282640457153,0.39122462272644043,0.152548149228096
rosenbrock,1.0,2,cholesky,5,gumbel_softmax,8192,0.02,1000,3,rosenbrock,388,0.006448984146118164,-1.194991111755371,1.1648472547531128,0.8236179445087943,0.28101521730422974,0.17137926816940308,0.16675817966461182,0.14761579036712646
rosenbrock,1.0,2,cholesky,5,gumbel_softmax,8192,0.02,1000,3,rosenbrock,389,0.00644373893737793,-1.180898904800415,1.0024594068527222,0.82320613553654,0.2507931590080261,0.05957411602139473,0.2214946299791336,0.10143113136291504
rosenbrock,1.0,2,cholesky,5,gumbel_softmax,8192,0.02,1000,3,rosenbrock,390,0.006459951400756836,-1.2014870643615723,1.1460460424423218,0.8227945324687718,0.27621087431907654,0.07284478098154068,0.20011144876480103,0.17590196430683136
rosenbrock,1.0,2,cholesky,5,gumbel_softmax,8192,0.02,1000,3,rosenbrock,391,0.007372140884399414,-1.200883388519287,1.1155624389648438,0.8223831352025375,0.2646300494670868,0.09048765152692795,0.20303875207901,0.14358384907245636
rosenbrock,1.0,2,cholesky,5,gumbel_softmax,8192,0.02,1000,3,rosenbrock,392,0.006937265396118164,-1.1737902164459229,1.036773920059204,0.8219719436349362,0.4696793258190155,0.19033697247505188,0.3220180571079254,0.28403329849243164
rosenbrock,1.0,2,cholesky,5,gumbel_softmax,8192,0.02,1000,3,rosenbrock,393,0.006803989410400391,-1.1997058391571045,1.0947531461715698,0.8215609576631188,0.14321181178092957,0.06678983569145203,0.10677003860473633,0.06818282604217529
rosenbrock,1.0,2,cholesky,5,gumbel_softmax,8192,0.02,1000,3,rosenbrock,394,0.006570100784301758,-1.1841702461242676,1.1172176599502563,0.8211501771842873,0.3233116567134857,0.044816754758358,0.3037453293800354,0.10129489749670029
rosenbrock,1.0,2,cholesky,5,gumbel_softmax,8192,0.02,1000,3,rosenbrock,395,0.006561994552612305,-1.2079850435256958,1.1838656663894653,0.8207396020956952,0.20504450798034668,0.03255620226264,0.18032321333885193,0.09201566129922867
rosenbrock,1.0,2,cholesky,5,gumbel_softmax,8192,0.02,1000,3,rosenbrock,396,0.006531953811645508,-1.1990011930465698,1.130361795425415,0.8203292322946474,0.2664773166179657,0.09343665838241577,0.22390805184841156,0.11020401865243912
rosenbrock,1.0,2,cholesky,5,gumbel_softmax,8192,0.02,1000,3,rosenbrock,397,0.006518125534057617,-1.181682825088501,1.0385428667068481,0.8199190676785001,0.20483627915382385,0.07214324176311493,0.12293951213359833,0.14710243046283722
rosenbrock,1.0,2,cholesky,5,gumbel_softmax,8192,0.02,1000,3,rosenbrock,398,0.006516933441162109,-1.2166063785552979,1.1313167810440063,0.8195091081446609,0.11790438741445541,0.03648563474416733,0.04418535158038139,0.10304319113492966
rosenbrock,1.0,2,cholesky,5,gumbel_softmax,8192,0.02,1000,3,rosenbrock,399,0.006522178649902344,-1.175566554069519,1.0435688495635986,0.8190993535905886,0.2044718712568283,0.10099834203720093,0.15341439843177795,0.08984487503767014
rosenbrock,1.0,2,cholesky,5,gumbel_softmax,8192,0.02,1000,3,rosenbrock,400,0.0065000057220458984,-1.17505943775177,1.0640438795089722,0.8186898039137933,0.20824681222438812,0.03726089745759964,0.04937950521707535,0.1988467574119568
rosenbrock,1.0,2,cholesky,5,gumbel_softmax,8192,0.02,1000,3,rosenbrock,401,0.0065348148345947266,-1.208258032798767,1.4744415283203125,0.8182804590118365,0.1777632087469101,0.01343921385705471,0.11021397262811661,0.1388237178325653
rosenbrock,1.0,2,cholesky,5,gumbel_softmax,8192,0.02,1000,3,rosenbrock,402,0.006584882736206055,-1.1953638792037964,1.039111852645874,0.8178713187823307,0.10632303357124329,0.05294621363282204,0.04979991167783737,0.0775967538356781
rosenbrock,1.0,2,cholesky,5,gumbel_softmax,8192,0.02,1000,3,rosenbrock,403,0.006620883941650391,-1.1925008296966553,1.0718284845352173,0.8174623831229395,0.2871623635292053,0.08831418305635452,0.23800769448280334,0.13422060012817383
rosenbrock,1.0,2,cholesky,5,gumbel_softmax,8192,0.02,1000,3,rosenbrock,404,0.0065839290618896484,-1.1803938150405884,1.0474762916564941,0.8170536519313781,0.21098585426807404,0.04935317859053612,0.058968041092157364,0.196474090218544
rosenbrock,1.0,2,cholesky,5,gumbel_softmax,8192,0.02,1000,3,rosenbrock,405,0.006580829620361328,-1.21048104763031,1.0926886796951294,0.8166451251054124,0.178495392203331,0.07877400517463684,0.13843216001987457,0.08057165890932083
rosenbrock,1.0,2,cholesky,5,gumbel_softmax,8192,0.02,1000,3,rosenbrock,406,0.00652623176574707,-1.2122842073440552,1.144745945930481,0.8162368025428598,0.5740306973457336,0.1458367258310318,0.40233033895492554,0.3825874328613281
rosenbrock,1.0,2,cholesky,5,gumbel_softmax,8192,0.02,1000,3,rosenbrock,407,0.0065500736236572266,-1.2138419151306152,1.1073399782180786,0.8158286841415884,0.10701116919517517,0.02649182826280594,0.060448113828897476,0.08423536270856857
rosenbrock,1.0,2,cholesky,5,gumbel_softmax,8192,0.02,1000,3,rosenbrock,408,0.006610870361328125,-1.1889601945877075,1.018257975578308,0.8154207697995176,0.3637182414531708,0.10339497029781342,0.30322206020355225,0.17221160233020782
rosenbrock,1.0,2,cholesky,5,gumbel_softmax,8192,0.02,1000,3,rosenbrock,409,0.006577253341674805,-1.1775095462799072,1.040924310684204,0.8150130594146179,0.3462676405906677,0.07810353487730026,0.2844907343387604,0.18129023909568787
rosenbrock,1.0,2,cholesky,5,gumbel_softmax,8192,0.02,1000,3,rosenbrock,410,0.006541013717651367,-1.1923545598983765,1.1355810165405273,0.8146055528849107,0.23222604393959045,0.03244627267122269,0.20433202385902405,0.10547326505184174
rosenbrock,1.0,2,cholesky,5,gumbel_softmax,8192,0.02,1000,3,rosenbrock,411,0.00652003288269043,-1.2058959007263184,1.1150628328323364,0.8141982501084682,0.18576081097126007,0.09065460413694382,0.08860315382480621,0.1357877403497696
rosenbrock,1.0,2,cholesky,5,gumbel_softmax,8192,0.02,1000,3,rosenbrock,412,0.006584882736206055,-1.1876870393753052,1.1335394382476807,0.813791150983414,0.23070316016674042,0.05114315077662468,0.06770239770412445,0.2145337164402008
rosenbrock,1.0,2,cholesky,5,gumbel_softmax,8192,0.02,1000,3,rosenbrock,413,0.0065348148345947266,-1.1989210844039917,1.1514991521835327,0.8133842554079224,0.18557284772396088,0.02310189977288246,0.1578894555568695,0.09473389387130737
rosenbrock,1.0,2,cholesky,5,gumbel_softmax,8192,0.02,1000,3,rosenbrock,414,0.006566047668457031,-1.1987520456314087,1.2648683786392212,0.8129775632802185,0.19155851006507874,0.08288298547267914,0.05407146364450455,0.16401633620262146
rosenbrock,1.0,2,cholesky,5,gumbel_softmax,8192,0.02,1000,3,rosenbrock,415,0.006628751754760742,-1.194519281387329,1.070389747619629,0.8125710744985785,0.4408726692199707,0.1323232650756836,0.3365060091018677,0.2522359788417816
rosenbrock,1.0,2,cholesky,5,gumbel_softmax,8192,0.02,1000,3,rosenbrock,416,0.006548166275024414,-1.1917200088500977,1.037763237953186,0.8121647889613292,0.11423387378454208,0.014338754117488861,0.0822271853685379,0.07799015939235687
rosenbrock,1.0,2,cholesky,5,gumbel_softmax,8192,0.02,1000,3,rosenbrock,417,0.006511211395263672,-1.1977660655975342,1.0640485286712646,0.8117587065668486,0.1503606140613556,0.07664221525192261,0.10807551443576813,0.07109128683805466
rosenbrock,1.0,2,cholesky,5,gumbel_softmax,8192,0.02,1000,3,rosenbrock,418,0.006520986557006836,-1.1804660558700562,1.0673024654388428,0.8113528272135652,0.3532130718231201,0.191739022731781,0.21575121581554413,0.2035854458808899
rosenbrock,1.0,2,cholesky,5,gumbel_softmax,8192,0.02,1000,3,rosenbrock,419,0.0065152645111083984,-1.201907992362976,1.0778322219848633,0.8109471507999584,0.2621944844722748,0.18008972704410553,0.1640959084033966,0.09688223898410797
rosenbrock,1.0,2,cholesky,5,gumbel_softmax,8192,0.02,1000,3,rosenbrock,420,0.006501913070678711,-1.2146083116531372,1.0799221992492676,0.8105416772245585,0.42888301610946655,0.26238909363746643,0.25850537419319153,0.21969883143901825
rosenbrock,1.0,2,cholesky,5,gumbel_softmax,8192,0.02,1000,3,rosenbrock,421,0.006570100784301758,-1.19058096408844,1.0994566679000854,0.8101364063859463,0.28169721364974976,0.14560654759407043,0.07572304457426071,0.22894994914531708
rosenbrock,1.0,2,cholesky,5,gumbel_softmax,8192,0.02,1000,3,rosenbrock,422,0.006517171859741211,-1.2071658372879028,1.1194640398025513,0.8097313381827533,0.2721339166164398,0.11821049451828003,0.15670108795166016,0.18848851323127747
rosenbrock,1.0,2,cholesky,5,gumbel_softmax,8192,0.02,1000,3,rosenbrock,423,0.0064890384674072266,-1.1897425651550293,1.1075249910354614,0.809326472513662,0.3414943516254425,0.20847828686237335,0.17720238864421844,0.20433923602104187
rosenbrock,1.0,2,cholesky,5,gumbel_softmax,8192,0.02,1000,3,rosenbrock,424,0.006475210189819336,-1.1894716024398804,1.0754225254058838,0.8089218092774052,0.5760777592658997,0.22433370351791382,0.4073391556739807,0.3400217592716217
rosenbrock,1.0,2,cholesky,5,gumbel_softmax,8192,0.02,1000,3,rosenbrock,425,0.006489992141723633,-1.2031614780426025,1.069494605064392,0.8085173483727666,0.19987298548221588,0.03125216066837311,0.13032738864421844,0.14828108251094818
rosenbrock,1.0,2,cholesky,5,gumbel_softmax,8192,0.02,1000,3,rosenbrock,426,0.006529092788696289,-1.210066318511963,1.075688362121582,0.8081130896985802,0.3422054350376129,0.09273368865251541,0.3062089681625366,0.12141282111406326
rosenbrock,1.0,2,cholesky,5,gumbel_softmax,8192,0.02,1000,3,rosenbrock,427,0.00652313232421875,-1.2065017223358154,1.1382670402526855,0.807709033153731,0.4261527955532074,0.10535845905542374,0.3431556522846222,0.22967371344566345
rosenbrock,1.0,2,cholesky,5,gumbel_softmax,8192,0.02,1000,3,rosenbrock,428,0.007071971893310547,-1.1913100481033325,1.0770409107208252,0.8073051786371541,0.21861353516578674,0.03176956996321678,0.19873932003974915,0.08535371720790863
rosenbrock,1.0,2,cholesky,5,gumbel_softmax,8192,0.02,1000,3,rosenbrock,429,0.006566762924194336,-1.1969196796417236,1.0979702472686768,0.8069015260478356,0.34292757511138916,0.08717577159404755,0.10845678299665451,0.31342756748199463
rosenbrock,1.0,2,cholesky,5,gumbel_softmax,8192,0.02,1000,3,rosenbrock,430,0.006517171859741211,-1.2056828737258911,1.0528783798217773,0.8064980752848118,0.35754427313804626,0.15431128442287445,0.3076435923576355,0.09685759246349335
rosenbrock,1.0,2,cholesky,5,gumbel_softmax,8192,0.02,1000,3,rosenbrock,431,0.006816864013671875,-1.203738808631897,1.0583900213241577,0.8060948262471694,0.3487683832645416,0.10148531198501587,0.2896746098995209,0.1656162589788437
rosenbrock,1.0,2,cholesky,5,gumbel_softmax,8192,0.02,1000,3,rosenbrock,432,0.006559133529663086,-1.2307571172714233,1.1746306419372559,0.8056917788340459,0.2701634168624878,0.11878000944852829,0.15181861817836761,0.18928994238376617
rosenbrock,1.0,2,cholesky,5,gumbel_softmax,8192,0.02,1000,3,rosenbrock,433,0.0065767765045166016,-1.198561429977417,1.0273703336715698,0.8052889329446289,0.23449812829494476,0.09924621880054474,0.16079211235046387,0.13887204229831696
rosenbrock,1.0,2,cholesky,5,gumbel_softmax,8192,0.02,1000,3,rosenbrock,434,0.006579875946044922,-1.1998634338378906,1.1499971151351929,0.8048862884781566,0.23820722103118896,0.15903617441654205,0.10438354313373566,0.14336754381656647
rosenbrock,1.0,2,cholesky,5,gumbel_softmax,8192,0.02,1000,3,rosenbrock,435,0.006524801254272461,-1.2087769508361816,1.3200575113296509,0.8044838453339176,0.22060124576091766,0.11982623487710953,0.05715817213058472,0.1761803776025772
rosenbrock,1.0,2,cholesky,5,gumbel_softmax,8192,0.02,1000,3,rosenbrock,436,0.006512165069580078,-1.2214527130126953,1.1847472190856934,0.8040816034112507,0.44489380717277527,0.11667788773775101,0.42041411995887756,0.08699851483106613
rosenbrock,1.0,2,cholesky,5,gumbel_softmax,8192,0.02,1000,3,rosenbrock,437,0.006553173065185547,-1.1963746547698975,1.056023120880127,0.8036795626095451,0.2552737295627594,0.13925576210021973,0.1579173356294632,0.1443420648574829
rosenbrock,1.0,2,cholesky,5,gumbel_softmax,8192,0.02,1000,3,rosenbrock,438,0.006518840789794922,-1.2095814943313599,1.0276317596435547,0.8032777228282404,0.3058958351612091,0.1358594000339508,0.24432416260242462,0.12417809665203094
rosenbrock,1.0,2,cholesky,5,gumbel_softmax,8192,0.02,1000,3,rosenbrock,439,0.006563663482666016,-1.192649483680725,1.0927234888076782,0.8028760839668263,0.6183469891548157,0.32082024216651917,0.5100499987602234,0.13883942365646362
rosenbrock,1.0,2,cholesky,5,gumbel_softmax,8192,0.02,1000,3,rosenbrock,440,0.006590127944946289,-1.2206075191497803,1.1431993246078491,0.8024746459248429,0.2564636170864105,0.15029577910900116,0.16493262350559235,0.12641988694667816
rosenbrock,1.0,2,cholesky,5,gumbel_softmax,8192,0.02,1000,3,rosenbrock,441,0.006505012512207031,-1.1870124340057373,1.0494495630264282,0.8020734086018805,0.24200759828090668,0.06675741821527481,0.15687881410121918,0.1717561036348343
rosenbrock,1.0,2,cholesky,5,gumbel_softmax,8192,0.02,1000,3,rosenbrock,442,0.006598949432373047,-1.2163065671920776,1.0688209533691406,0.8016723718975797,0.20966678857803345,0.055679336190223694,0.1831616312265396,0.08550900220870972
rosenbrock,1.0,2,cholesky,5,gumbel_softmax,8192,0.02,1000,3,rosenbrock,443,0.006556034088134766,-1.1946120262145996,1.038804292678833,0.8012715357116309,0.40944039821624756,0.19282932579517365,0.2860315442085266,0.220554381608963
rosenbrock,1.0,2,cholesky,5,gumbel_softmax,8192,0.02,1000,3,rosenbrock,444,0.006582021713256836,-1.1940131187438965,1.0536807775497437,0.8008708999437751,0.22421175241470337,0.13289909064769745,0.06193072348833084,0.16962702572345734
rosenbrock,1.0,2,cholesky,5,gumbel_softmax,8192,0.02,1000,3,rosenbrock,445,0.0065152645111083984,-1.2154377698898315,1.1124926805496216,0.8004704644938032,0.16983383893966675,0.037475284188985825,0.08377984166145325,0.14289884269237518
rosenbrock,1.0,2,cholesky,5,gumbel_softmax,8192,0.02,1000,3,rosenbrock,446,0.006494998931884766,-1.1837198734283447,1.056602954864502,0.8000702292615564,0.18893322348594666,0.008080062456429005,0.055683035403490067,0.18036042153835297
rosenbrock,1.0,2,cholesky,5,gumbel_softmax,8192,0.02,1000,3,rosenbrock,447,0.006500959396362305,-1.2157214879989624,1.2363113164901733,0.7996701941469256,0.3207368850708008,0.029014524072408676,0.10966543853282928,0.30000633001327515
rosenbrock,1.0,2,cholesky,5,gumbel_softmax,8192,0.02,1000,3,rosenbrock,448,0.006592750549316406,-1.1950201988220215,1.0401397943496704,0.7992703590498522,0.17218706011772156,0.11641678214073181,0.11011791229248047,0.06300448626279831
rosenbrock,1.0,2,cholesky,5,gumbel_softmax,8192,0.02,1000,3,rosenbrock,449,0.006571769714355469,-1.208116054534912,1.0374497175216675,0.7988707238703274,0.3403111398220062,0.12894538044929504,0.28091898560523987,0.1423703134059906
rosenbrock,1.0,2,cholesky,5,gumbel_softmax,8192,0.02,1000,3,rosenbrock,450,0.006477832794189453,-1.1980538368225098,1.087686538696289,0.7984712885083922,0.331637978553772,0.05321076139807701,0.2907423973083496,0.15040352940559387
rosenbrock,1.0,2,cholesky,5,gumbel_softmax,8192,0.02,1000,3,rosenbrock,451,0.0065190792083740234,-1.2009276151657104,1.076733112335205,0.7980720528641381,0.22731438279151917,0.05102238431572914,0.10743425786495209,0.19371739029884338
rosenbrock,1.0,2,cholesky,5,gumbel_softmax,8192,0.02,1000,3,rosenbrock,452,0.006551265716552734,-1.2189445495605469,1.1101049184799194,0.7976730168377061,0.21991947293281555,0.09482283145189285,0.08880383521318436,0.17744597792625427
rosenbrock,1.0,2,cholesky,5,gumbel_softmax,8192,0.02,1000,3,rosenbrock,453,0.007024288177490234,-1.2088559865951538,1.1244685649871826,0.7972741803292873,0.19927605986595154,0.0977087914943695,0.15193292498588562,0.08414464443922043
rosenbrock,1.0,2,cholesky,5,gumbel_softmax,8192,0.02,1000,3,rosenbrock,454,0.0066301822662353516,-1.1910946369171143,1.068474531173706,0.7968755432391227,0.1174415871500969,0.03829699009656906,0.07970686256885529,0.07728312909603119
rosenbrock,1.0,2,cholesky,5,gumbel_softmax,8192,0.02,1000,3,rosenbrock,455,0.006887912750244141,-1.2198736667633057,1.1371337175369263,0.7964771054675032,0.1224028691649437,0.08096469938755035,0.05757717415690422,0.07149858772754669
rosenbrock,1.0,2,cholesky,5,gumbel_softmax,8192,0.02,1000,3,rosenbrock,456,0.00649714469909668,-1.2152382135391235,1.1004672050476074,0.7960788669147695,0.2056823968887329,0.019883565604686737,0.12461984902620316,0.16241854429244995
rosenbrock,1.0,2,cholesky,5,gumbel_softmax,8192,0.02,1000,3,rosenbrock,457,0.00646209716796875,-1.211830973625183,1.0436314344406128,0.7956808274813121,0.2319340705871582,0.03355913609266281,0.21797245740890503,0.07179971784353256
rosenbrock,1.0,2,cholesky,5,gumbel_softmax,8192,0.02,1000,3,rosenbrock,458,0.006460905075073242,-1.1991740465164185,1.0652693510055542,0.7952829870675715,0.20739251375198364,0.09545819461345673,0.17246241867542267,0.06446775794029236
rosenbrock,1.0,2,cholesky,5,gumbel_softmax,8192,0.02,1000,3,rosenbrock,459,0.006461143493652344,-1.2132530212402344,1.070210337638855,0.7948853455740378,0.34130504727363586,0.08040327578783035,0.28030404448509216,0.17735294997692108
rosenbrock,1.0,2,cholesky,5,gumbel_softmax,8192,0.02,1000,3,rosenbrock,460,0.006436824798583984,-1.1998178958892822,1.0731873512268066,0.7944879029012508,0.2471795380115509,0.033244118094444275,0.21941399574279785,0.10885795205831528
rosenbrock,1.0,2,cholesky,5,gumbel_softmax,8192,0.02,1000,3,rosenbrock,461,0.006495952606201172,-1.2238386869430542,1.1534411907196045,0.7940906589498002,0.21607281267642975,0.04532371088862419,0.10201261937618256,0.18500445783138275
rosenbrock,1.0,2,cholesky,5,gumbel_softmax,8192,0.02,1000,3,rosenbrock,462,0.006425619125366211,-1.2093762159347534,1.0730006694793701,0.7936936136203253,0.30804353952407837,0.11904843151569366,0.2502768337726593,0.1344611644744873
rosenbrock,1.0,2,cholesky,5,gumbel_softmax,8192,0.02,1000,3,rosenbrock,463,0.006376743316650391,-1.219119906425476,1.165292739868164,0.7932967668135152,0.2534013092517853,0.12721247971057892,0.1123272255063057,0.18818023800849915
rosenbrock,1.0,2,cholesky,5,gumbel_softmax,8192,0.02,1000,3,rosenbrock,464,0.006375789642333984,-1.2241270542144775,1.1282532215118408,0.7929001184301085,0.19130946695804596,0.10278774797916412,0.13414718210697174,0.08965782076120377
rosenbrock,1.0,2,cholesky,5,gumbel_softmax,8192,0.02,1000,3,rosenbrock,465,0.006416797637939453,-1.2173587083816528,1.0732098817825317,0.7925036683708935,0.18120548129081726,0.03387098014354706,0.06589771807193756,0.1653652787208557
rosenbrock,1.0,2,cholesky,5,gumbel_softmax,8192,0.02,1000,3,rosenbrock,466,0.006350994110107422,-1.2108652591705322,1.0258005857467651,0.7921074165367081,0.20620949566364288,0.12758049368858337,0.1280515193939209,0.09923901408910751
rosenbrock,1.0,2,cholesky,5,gumbel_softmax,8192,0.02,1000,3,rosenbrock,467,0.006356000900268555,-1.2313625812530518,1.0863577127456665,0.7917113628284398,0.1876940280199051,0.05632037669420242,0.11177557706832886,0.1398688405752182
rosenbrock,1.0,2,cholesky,5,gumbel_softmax,8192,0.02,1000,3,rosenbrock,468,0.006399869918823242,-1.195583462715149,1.0449005365371704,0.7913155071470256,0.13097412884235382,0.087680384516716,0.026329027488827705,0.09366512298583984
rosenbrock,1.0,2,cholesky,5,gumbel_softmax,8192,0.02,1000,3,rosenbrock,469,0.006455898284912109,-1.1951682567596436,1.0309333801269531,0.7909198493934522,0.1962520331144333,0.021617107093334198,0.1442311555147171,0.13131998479366302
rosenbrock,1.0,2,cholesky,5,gumbel_softmax,8192,0.02,1000,3,rosenbrock,470,0.006652116775512695,-1.1963623762130737,1.1005828380584717,0.7905243894687555,0.15347419679164886,0.04664747789502144,0.0403292216360569,0.1405414491891861
rosenbrock,1.0,2,cholesky,5,gumbel_softmax,8192,0.02,1000,3,rosenbrock,471,0.006437063217163086,-1.2138711214065552,1.1009248495101929,0.7901291272740211,0.13071155548095703,0.06322351843118668,0.07677516341209412,0.08481667935848236
rosenbrock,1.0,2,cholesky,5,gumbel_softmax,8192,0.02,1000,3,rosenbrock,472,0.006416797637939453,-1.2193570137023926,1.129106044769287,0.7897340627103842,0.1969485878944397,0.10375779867172241,0.07720062136650085,0.14853660762310028
rosenbrock,1.0,2,cholesky,5,gumbel_softmax,8192,0.02,1000,3,rosenbrock,473,0.0071828365325927734,-1.200760841369629,1.0803453922271729,0.789339195679029,0.11407461762428284,0.0467224083840847,0.04079468175768852,0.09573833644390106
rosenbrock,1.0,2,cholesky,5,gumbel_softmax,8192,0.02,1000,3,rosenbrock,474,0.006555795669555664,-1.2156953811645508,1.1291167736053467,0.7889445260811895,0.21225295960903168,0.13756616413593292,0.06952644884586334,0.1459210216999054
rosenbrock,1.0,2,cholesky,5,gumbel_softmax,8192,0.02,1000,3,rosenbrock,475,0.006449222564697266,-1.2176300287246704,1.111252784729004,0.788550053818149,0.22330668568611145,0.03859325870871544,0.14145098626613617,0.1684281975030899
rosenbrock,1.0,2,cholesky,5,gumbel_softmax,8192,0.02,1000,3,rosenbrock,476,0.006424665451049805,-1.2006731033325195,1.083593726158142,0.78815577879124,0.37566709518432617,0.19812612235546112,0.30223703384399414,0.102589450776577
rosenbrock,1.0,2,cholesky,5,gumbel_softmax,8192,0.02,1000,3,rosenbrock,477,0.006407022476196289,-1.2434190511703491,1.253860592842102,0.7877617009018444,0.17723652720451355,0.15290886163711548,0.058277543634176254,0.06808370351791382
rosenbrock,1.0,2,cholesky,5,gumbel_softmax,8192,0.02,1000,3,rosenbrock,478,0.006391763687133789,-1.2269270420074463,1.1188769340515137,0.7873678200513935,0.22482459247112274,0.011863919906318188,0.08305832743644714,0.20858250558376312
rosenbrock,1.0,2,cholesky,5,gumbel_softmax,8192,0.02,1000,3,rosenbrock,479,0.0064241886138916016,-1.2218379974365234,1.1125483512878418,0.7869741361413678,0.19788457453250885,0.09411374479532242,0.11385738104581833,0.13167156279087067
rosenbrock,1.0,2,cholesky,5,gumbel_softmax,8192,0.02,1000,3,rosenbrock,480,0.0064220428466796875,-1.2247273921966553,1.1658759117126465,0.7865806490732972,0.332085520029068,0.05879936367273331,0.31431955099105835,0.08959150314331055
rosenbrock,1.0,2,cholesky,5,gumbel_softmax,8192,0.02,1000,3,rosenbrock,481,0.00643610954284668,-1.2237547636032104,1.1180157661437988,0.7861873587487606,0.11007347702980042,0.06119825690984726,0.043875593692064285,0.08028621226549149
rosenbrock,1.0,2,cholesky,5,gumbel_softmax,8192,0.02,1000,3,rosenbrock,482,0.0064089298248291016,-1.2089017629623413,1.0752369165420532,0.7857942650693862,0.24383682012557983,0.09770655632019043,0.13245829939842224,0.17990170419216156
rosenbrock,1.0,2,cholesky,5,gumbel_softmax,8192,0.02,1000,3,rosenbrock,483,0.006407976150512695,-1.2282229661941528,1.0270568132400513,0.7854013679368516,0.2551538050174713,0.09987024962902069,0.20851388573646545,0.10794142633676529
rosenbrock,1.0,2,cholesky,5,gumbel_softmax,8192,0.02,1000,3,rosenbrock,484,0.0064389705657958984,-1.2272838354110718,1.0364669561386108,0.7850086672528832,0.3134111762046814,0.10516872256994247,0.2639479637145996,0.13227835297584534
rosenbrock,1.0,2,cholesky,5,gumbel_softmax,8192,0.02,1000,3,rosenbrock,485,0.0064239501953125,-1.2347807884216309,1.104901671409607,0.7846161629192568,0.1814028024673462,0.04904329776763916,0.12380129098892212,0.12318672984838486
rosenbrock,1.0,2,cholesky,5,gumbel_softmax,8192,0.02,1000,3,rosenbrock,486,0.00641322135925293,-1.2415316104888916,1.216564416885376,0.7842238548377972,0.10408948361873627,0.031075449660420418,0.061317186802625656,0.07816098630428314
rosenbrock,1.0,2,cholesky,5,gumbel_softmax,8192,0.02,1000,3,rosenbrock,487,0.006430864334106445,-1.2218914031982422,1.0824323892593384,0.7838317429103784,0.40233391523361206,0.1863684505224228,0.2865994870662689,0.2121323198080063
rosenbrock,1.0,2,cholesky,5,gumbel_softmax,8192,0.02,1000,3,rosenbrock,488,0.006417274475097656,-1.2391860485076904,1.099738597869873,0.7834398270389232,0.21590211987495422,0.07202088832855225,0.17827796936035156,0.09820222854614258
rosenbrock,1.0,2,cholesky,5,gumbel_softmax,8192,0.02,1000,3,rosenbrock,489,0.006414890289306641,-1.242247462272644,1.087372064590454,0.7830481071254038,0.09873144328594208,0.022048626095056534,0.06851339340209961,0.06758454442024231
rosenbrock,1.0,2,cholesky,5,gumbel_softmax,8192,0.02,1000,3,rosenbrock,490,0.006412982940673828,-1.236014723777771,1.1835579872131348,0.7826565830718412,0.2884034216403961,0.08902835100889206,0.15633346140384674,0.22541147470474243
rosenbrock,1.0,2,cholesky,5,gumbel_softmax,8192,0.02,1000,3,rosenbrock,491,0.006427288055419922,-1.2303835153579712,1.1264995336532593,0.7822652547803053,0.2196752429008484,0.012101471424102783,0.10482505708932877,0.19267192482948303
rosenbrock,1.0,2,cholesky,5,gumbel_softmax,8192,0.02,1000,3,rosenbrock,492,0.006407022476196289,-1.2423990964889526,1.0316225290298462,0.7818741221529152,0.16725634038448334,0.028225045651197433,0.1384848654270172,0.08944255113601685
rosenbrock,1.0,2,cholesky,5,gumbel_softmax,8192,0.02,1000,3,rosenbrock,493,0.0063779354095458984,-1.22769296169281,1.0678281784057617,0.7814831850918388,0.17556682229042053,0.07197581976652145,0.07666941732168198,0.14058801531791687
rosenbrock,1.0,2,cholesky,5,gumbel_softmax,8192,0.02,1000,3,rosenbrock,494,0.0063784122467041016,-1.2088422775268555,1.1009358167648315,0.7810924434992929,0.2075212299823761,0.02560994401574135,0.16128681600093842,0.1280459314584732
rosenbrock,1.0,2,cholesky,5,gumbel_softmax,8192,0.02,1000,3,rosenbrock,495,0.006363868713378906,-1.2254973649978638,1.0738952159881592,0.7807018972775432,0.1911115199327469,0.07378599792718887,0.04430018365383148,0.17063625156879425
rosenbrock,1.0,2,cholesky,5,gumbel_softmax,8192,0.02,1000,3,rosenbrock,496,0.006376981735229492,-1.249337911605835,1.143155574798584,0.7803115463289045,0.1829477697610855,0.09631259739398956,0.151076078414917,0.03701065108180046
rosenbrock,1.0,2,cholesky,5,gumbel_softmax,8192,0.02,1000,3,rosenbrock,497,0.006367206573486328,-1.2233959436416626,1.1370279788970947,0.7799213905557402,0.1517845094203949,0.08185367286205292,0.03431984782218933,0.12312862277030945
rosenbrock,1.0,2,cholesky,5,gumbel_softmax,8192,0.02,1000,3,rosenbrock,498,0.006390810012817383,-1.2260401248931885,1.1048924922943115,0.7795314298604623,0.19034603238105774,0.07676374167203903,0.16215278208255768,0.06360357999801636
rosenbrock,1.0,2,cholesky,5,gumbel_softmax,8192,0.02,1000,3,rosenbrock,499,0.0064237117767333984,-1.2490406036376953,1.1177864074707031,0.7791416641455321,0.26822537183761597,0.10053722560405731,0.1952262818813324,0.1540253758430481
rosenbrock,1.0,2,cholesky,5,gumbel_softmax,8192,0.02,1000,3,rosenbrock,500,0.0065343379974365234,-1.2428160905838013,1.2451092004776,0.7787520933134594,0.1428123116493225,0.019343413412570953,0.05906280502676964,0.12857982516288757
rosenbrock,1.0,2,cholesky,5,gumbel_softmax,8192,0.02,1000,3,rosenbrock,501,0.0065000057220458984,-1.238316297531128,1.0905804634094238,0.7783627172668027,0.14566285908222198,0.010887923650443554,0.08930517733097076,0.11455874890089035
rosenbrock,1.0,2,cholesky,5,gumbel_softmax,8192,0.02,1000,3,rosenbrock,502,0.006475925445556641,-1.2206943035125732,1.0279909372329712,0.7779735359081693,0.1545916050672531,0.014290240593254566,0.11533944308757782,0.10193705558776855
rosenbrock,1.0,2,cholesky,5,gumbel_softmax,8192,0.02,1000,3,rosenbrock,503,0.006453990936279297,-1.2226125001907349,1.079482913017273,0.7775845491402154,0.2693327069282532,0.0593225322663784,0.2470119297504425,0.08947651833295822
rosenbrock,1.0,2,cholesky,5,gumbel_softmax,8192,0.02,1000,3,rosenbrock,504,0.006449222564697266,-1.2324599027633667,1.0866079330444336,0.7771957568656452,0.15594175457954407,0.06455937027931213,0.1320873647928238,0.051988933235406876
rosenbrock,1.0,2,cholesky,5,gumbel_softmax,8192,0.02,1000,3,rosenbrock,505,0.006451845169067383,-1.2284399271011353,1.1138012409210205,0.7768071589872124,0.1426009088754654,0.08544386178255081,0.06988794356584549,0.09027759730815887
rosenbrock,1.0,2,cholesky,5,gumbel_softmax,8192,0.02,1000,3,rosenbrock,506,0.006457090377807617,-1.2195203304290771,1.1311836242675781,0.7764187554077189,0.06567592173814774,0.017698347568511963,0.05385205149650574,0.03316701948642731
rosenbrock,1.0,2,cholesky,5,gumbel_softmax,8192,0.02,1000,3,rosenbrock,507,0.0064280033111572266,-1.2453060150146484,1.1518502235412598,0.7760305460300151,0.19923035800457,0.06702795624732971,0.16129270195960999,0.0958365872502327
rosenbrock,1.0,2,cholesky,5,gumbel_softmax,8192,0.02,1000,3,rosenbrock,508,0.006453037261962891,-1.227632999420166,1.1122668981552124,0.7756425307570001,0.1560879349708557,0.04553486406803131,0.07132118940353394,0.1311613768339157
rosenbrock,1.0,2,cholesky,5,gumbel_softmax,8192,0.02,1000,3,rosenbrock,509,0.006431102752685547,-1.248611569404602,1.038989782333374,0.7752547094916217,0.21502810716629028,0.11084651947021484,0.162852481007576,0.08619284629821777
rosenbrock,1.0,2,cholesky,5,gumbel_softmax,8192,0.02,1000,3,rosenbrock,510,0.006451845169067383,-1.2421863079071045,1.079447627067566,0.7748670821368759,0.36609432101249695,0.03304929658770561,0.32091835141181946,0.17304396629333496
rosenbrock,1.0,2,cholesky,5,gumbel_softmax,8192,0.02,1000,3,rosenbrock,511,0.0064373016357421875,-1.2525761127471924,1.0681439638137817,0.7744796485958075,0.1443372666835785,0.04167388007044792,0.12063150107860565,0.06741344928741455
rosenbrock,1.0,2,cholesky,5,gumbel_softmax,8192,0.02,1000,3,rosenbrock,512,0.0064427852630615234,-1.2386806011199951,1.1400021314620972,0.7740924087715096,0.15127217769622803,0.029319757595658302,0.09243112057447433,0.1161038875579834
rosenbrock,1.0,2,cholesky,5,gumbel_softmax,8192,0.02,1000,3,rosenbrock,513,0.007263898849487305,-1.2301392555236816,1.1155790090560913,0.773705362567124,0.2130669504404068,0.02046600729227066,0.20594057440757751,0.050667066127061844
rosenbrock,1.0,2,cholesky,5,gumbel_softmax,8192,0.02,1000,3,rosenbrock,514,0.006800174713134766,-1.2360293865203857,1.1292335987091064,0.7733185098858404,0.17671583592891693,0.08762408047914505,0.10390584915876389,0.11293397843837738
rosenbrock,1.0,2,cholesky,5,gumbel_softmax,8192,0.02,1000,3,rosenbrock,515,0.006949186325073242,-1.2382309436798096,1.129229187965393,0.7729318506308975,0.3388959467411041,0.14948301017284393,0.22250282764434814,0.20735906064510345
rosenbrock,1.0,2,cholesky,5,gumbel_softmax,8192,0.02,1000,3,rosenbrock,516,0.00660395622253418,-1.2350783348083496,1.1141012907028198,0.7725453847055821,0.2676553428173065,0.03515240550041199,0.11660587042570114,0.23834170401096344
rosenbrock,1.0,2,cholesky,5,gumbel_softmax,8192,0.02,1000,3,rosenbrock,517,0.006578207015991211,-1.23373544216156,1.1203871965408325,0.7721591120132294,0.1399146467447281,0.08695941418409348,0.09513365477323532,0.05444042384624481
rosenbrock,1.0,2,cholesky,5,gumbel_softmax,8192,0.02,1000,3,rosenbrock,518,0.006565093994140625,-1.2341067790985107,1.1123751401901245,0.7717730324572228,0.5472532510757446,0.1969424933195114,0.44693464040756226,0.24687890708446503
rosenbrock,1.0,2,cholesky,5,gumbel_softmax,8192,0.02,1000,3,rosenbrock,519,0.00655364990234375,-1.2431682348251343,1.095526099205017,0.7713871459409942,0.3128027617931366,0.19315089285373688,0.15323792397975922,0.19250048696994781
rosenbrock,1.0,2,cholesky,5,gumbel_softmax,8192,0.02,1000,3,rosenbrock,520,0.006578922271728516,-1.2363147735595703,1.0560166835784912,0.7710014523680238,0.13879002630710602,0.035896170884370804,0.12339020520448685,0.052430830895900726
rosenbrock,1.0,2,cholesky,5,gumbel_softmax,8192,0.02,1000,3,rosenbrock,521,0.0065648555755615234,-1.2244536876678467,1.041449785232544,0.7706159516418398,0.21846319735050201,0.07358399778604507,0.12041494250297546,0.16676871478557587
rosenbrock,1.0,2,cholesky,5,gumbel_softmax,8192,0.02,1000,3,rosenbrock,522,0.0065898895263671875,-1.2493810653686523,1.0936461687088013,0.7702306436660189,0.36993589997291565,0.0828058272600174,0.2142375409603119,0.2899966239929199
rosenbrock,1.0,2,cholesky,5,gumbel_softmax,8192,0.02,1000,3,rosenbrock,523,0.006552934646606445,-1.2492635250091553,1.0824432373046875,0.769845528344186,0.2529021203517914,0.06231763958930969,0.1647210270166397,0.18150201439857483
rosenbrock,1.0,2,cholesky,5,gumbel_softmax,8192,0.02,1000,3,rosenbrock,524,0.006519794464111328,-1.247750163078308,1.1110000610351562,0.769460605580014,0.27034810185432434,0.05920034274458885,0.21825459599494934,0.1481497585773468
rosenbrock,1.0,2,cholesky,5,gumbel_softmax,8192,0.02,1000,3,rosenbrock,525,0.006529808044433594,-1.2458775043487549,1.0811316967010498,0.769075875277224,0.1898176074028015,0.01722099632024765,0.14389574527740479,0.12258944660425186
rosenbrock,1.0,2,cholesky,5,gumbel_softmax,8192,0.02,1000,3,rosenbrock,526,0.006551027297973633,-1.216104507446289,1.0667494535446167,0.7686913373395854,0.24242962896823883,0.11167552322149277,0.09621155261993408,0.19246827065944672
rosenbrock,1.0,2,cholesky,5,gumbel_softmax,8192,0.02,1000,3,rosenbrock,527,0.0066258907318115234,-1.2431097030639648,1.1831603050231934,0.7683069916709157,0.2779681980609894,0.05633864924311638,0.09130718559026718,0.25642791390419006
rosenbrock,1.0,2,cholesky,5,gumbel_softmax,8192,0.02,1000,3,rosenbrock,528,0.006619930267333984,-1.2270042896270752,1.1034373044967651,0.7679228381750802,0.21397174894809723,0.029894046485424042,0.08327179402112961,0.19482316076755524
rosenbrock,1.0,2,cholesky,5,gumbel_softmax,8192,0.02,1000,3,rosenbrock,529,0.006579875946044922,-1.2336736917495728,1.103736162185669,0.7675388767559927,0.2217867225408554,0.11710959672927856,0.1308370679616928,0.13548561930656433
rosenbrock,1.0,2,cholesky,5,gumbel_softmax,8192,0.02,1000,3,rosenbrock,530,0.006536960601806641,-1.2466305494308472,1.1561036109924316,0.7671551073176147,0.2530328929424286,0.10905200988054276,0.16914355754852295,0.1533745527267456
rosenbrock,1.0,2,cholesky,5,gumbel_softmax,8192,0.02,1000,3,rosenbrock,531,0.006514072418212891,-1.2487602233886719,1.1277532577514648,0.766771529763956,0.24264459311962128,0.11514114588499069,0.1918870508670807,0.09379908442497253
rosenbrock,1.0,2,cholesky,5,gumbel_softmax,8192,0.02,1000,3,rosenbrock,532,0.00664067268371582,-1.2423455715179443,1.1027860641479492,0.7663881439990741,0.2740943431854248,0.09382132440805435,0.11247865855693817,0.23167607188224792
rosenbrock,1.0,2,cholesky,5,gumbel_softmax,8192,0.02,1000,3,rosenbrock,533,0.0064890384674072266,-1.252238392829895,1.1663874387741089,0.7660049499270746,0.224032461643219,0.07655259221792221,0.20117932558059692,0.06210573762655258
rosenbrock,1.0,2,cholesky,5,gumbel_softmax,8192,0.02,1000,3,rosenbrock,534,0.006540060043334961,-1.2445446252822876,1.0781285762786865,0.7656219474521111,0.4245167374610901,0.11596876382827759,0.39193058013916016,0.11470010131597519
rosenbrock,1.0,2,cholesky,5,gumbel_softmax,8192,0.02,1000,3,rosenbrock,535,0.006608247756958008,-1.2455860376358032,1.0672800540924072,0.765239136478385,0.16302308440208435,0.06916288286447525,0.13303743302822113,0.06398489326238632
rosenbrock,1.0,2,cholesky,5,gumbel_softmax,8192,0.02,1000,3,rosenbrock,536,0.006543159484863281,-1.2330451011657715,1.067765235900879,0.7648565169101459,0.15553191304206848,0.05904066190123558,0.07692138850688934,0.12160377204418182
rosenbrock,1.0,2,cholesky,5,gumbel_softmax,8192,0.02,1000,3,rosenbrock,537,0.0064470767974853516,-1.2213106155395508,1.1781028509140015,0.7644740886516909,0.4357396364212036,0.12465746700763702,0.38649308681488037,0.15796399116516113
rosenbrock,1.0,2,cholesky,5,gumbel_softmax,8192,0.02,1000,3,rosenbrock,538,0.006644010543823242,-1.2495667934417725,1.1222960948944092,0.764091851607365,0.2385716289281845,0.13251209259033203,0.13542799651622772,0.14496976137161255
rosenbrock,1.0,2,cholesky,5,gumbel_softmax,8192,0.02,1000,3,rosenbrock,539,0.006591081619262695,-1.2463507652282715,1.1690465211868286,0.7637098056815614,0.26614856719970703,0.09801562130451202,0.17641735076904297,0.1735077053308487
rosenbrock,1.0,2,cholesky,5,gumbel_softmax,8192,0.02,1000,3,rosenbrock,540,0.006621837615966797,-1.2603797912597656,1.321834921836853,0.7633279507787207,0.2824597656726837,0.1350088268518448,0.194135844707489,0.15449081361293793
rosenbrock,1.0,2,cholesky,5,gumbel_softmax,8192,0.02,1000,3,rosenbrock,541,0.006783008575439453,-1.2591662406921387,1.1040276288986206,0.7629462868033314,0.3497169613838196,0.093838170170784,0.19308006763458252,0.2760732173919678
rosenbrock,1.0,2,cholesky,5,gumbel_softmax,8192,0.02,1000,3,rosenbrock,542,0.006643772125244141,-1.2244369983673096,1.1268757581710815,0.7625648136599298,0.2839370667934418,0.13730058073997498,0.22140847146511078,0.11290297657251358
rosenbrock,1.0,2,cholesky,5,gumbel_softmax,8192,0.02,1000,3,rosenbrock,543,0.006606101989746094,-1.2356036901474,1.1542527675628662,0.7621835312530998,0.13304367661476135,0.013207524083554745,0.09464503079652786,0.09256619215011597
rosenbrock,1.0,2,cholesky,5,gumbel_softmax,8192,0.02,1000,3,rosenbrock,544,0.006598949432373047,-1.2252395153045654,1.1544007062911987,0.7618024394874733,0.1729813516139984,0.09406132251024246,0.04206472262740135,0.13894452154636383
rosenbrock,1.0,2,cholesky,5,gumbel_softmax,8192,0.02,1000,3,rosenbrock,545,0.006582975387573242,-1.246094822883606,1.1016839742660522,0.7614215382677296,0.3356885313987732,0.05431869253516197,0.058032285422086716,0.3261418640613556
rosenbrock,1.0,2,cholesky,5,gumbel_softmax,8192,0.02,1000,3,rosenbrock,546,0.006479024887084961,-1.2504404783248901,1.1022777557373047,0.7610408274985958,0.16744530200958252,0.01623835787177086,0.04939831793308258,0.15916673839092255
rosenbrock,1.0,2,cholesky,5,gumbel_softmax,8192,0.02,1000,3,rosenbrock,547,0.0065877437591552734,-1.228609561920166,1.032818078994751,0.7606603070848466,0.18627291917800903,0.09532635658979416,0.05573052912950516,0.15001532435417175
rosenbrock,1.0,2,cholesky,5,gumbel_softmax,8192,0.02,1000,3,rosenbrock,548,0.0065190792083740234,-1.2408506870269775,1.0166301727294922,0.7602799769313042,0.1650245636701584,0.11488228291273117,0.045189958065748215,0.10951270908117294
rosenbrock,1.0,2,cholesky,5,gumbel_softmax,8192,0.02,1000,3,rosenbrock,549,0.006814241409301758,-1.2358734607696533,1.0720484256744385,0.7598998369428386,0.20166537165641785,0.022045137360692024,0.07344379276037216,0.18651793897151947
rosenbrock,1.0,2,cholesky,5,gumbel_softmax,8192,0.02,1000,3,rosenbrock,550,0.0067479610443115234,-1.2334392070770264,1.1339881420135498,0.7595198870243672,0.32841193675994873,0.10492350906133652,0.2909691035747528,0.11037416011095047
rosenbrock,1.0,2,cholesky,5,gumbel_softmax,8192,0.02,1000,3,rosenbrock,551,0.006524085998535156,-1.2448302507400513,1.1175332069396973,0.759140127080855,0.22470465302467346,0.017528099939227104,0.10814822465181351,0.196185901761055
rosenbrock,1.0,2,cholesky,5,gumbel_softmax,8192,0.02,1000,3,rosenbrock,552,0.006615877151489258,-1.2404385805130005,1.1848855018615723,0.7587605570173147,0.28927308320999146,0.014578592963516712,0.21844564378261566,0.18907105922698975
rosenbrock,1.0,2,cholesky,5,gumbel_softmax,8192,0.02,1000,3,rosenbrock,553,0.006528139114379883,-1.243790864944458,1.1071875095367432,0.758381176738806,0.21501974761486053,0.02917020581662655,0.18835265934467316,0.09952821582555771
rosenbrock,1.0,2,cholesky,5,gumbel_softmax,8192,0.02,1000,3,rosenbrock,554,0.006553173065185547,-1.2264844179153442,1.0849820375442505,0.7580019861504367,0.20551522076129913,0.01760692521929741,0.19182977080345154,0.07160893082618713
rosenbrock,1.0,2,cholesky,5,gumbel_softmax,8192,0.02,1000,3,rosenbrock,555,0.006491184234619141,-1.236526370048523,1.1968573331832886,0.7576229851573615,0.17296147346496582,0.053301744163036346,0.10442785173654556,0.12715904414653778
rosenbrock,1.0,2,cholesky,5,gumbel_softmax,8192,0.02,1000,3,rosenbrock,556,0.006600856781005859,-1.222275972366333,1.0932447910308838,0.7572441736647829,0.22665518522262573,0.06823980063199997,0.16006627678871155,0.14524012804031372
rosenbrock,1.0,2,cholesky,5,gumbel_softmax,8192,0.02,1000,3,rosenbrock,557,0.00656890869140625,-1.2351871728897095,1.0408165454864502,0.7568655515779505,0.35666951537132263,0.09937337040901184,0.28383949398994446,0.19176346063613892
rosenbrock,1.0,2,cholesky,5,gumbel_softmax,8192,0.02,1000,3,rosenbrock,558,0.006485939025878906,-1.2561724185943604,1.1510032415390015,0.7564871188021616,0.4798078238964081,0.11551888287067413,0.22531278431415558,0.40755993127822876
rosenbrock,1.0,2,cholesky,5,gumbel_softmax,8192,0.02,1000,3,rosenbrock,559,0.006498813629150391,-1.2399382591247559,1.1213877201080322,0.7561088752427605,0.10668633133172989,0.03818294033408165,0.05004921182990074,0.08613426238298416
rosenbrock,1.0,2,cholesky,5,gumbel_softmax,8192,0.02,1000,3,rosenbrock,560,0.00645899772644043,-1.2521456480026245,1.070890188217163,0.7557308208051392,0.2917906641960144,0.00835815817117691,0.15035393834114075,0.2499312460422516
rosenbrock,1.0,2,cholesky,5,gumbel_softmax,8192,0.02,1000,3,rosenbrock,561,0.006496906280517578,-1.2418195009231567,1.0855519771575928,0.7553529553947367,0.45677685737609863,0.059552647173404694,0.2863139510154724,0.35088875889778137
rosenbrock,1.0,2,cholesky,5,gumbel_softmax,8192,0.02,1000,3,rosenbrock,562,0.006512880325317383,-1.2257509231567383,1.067716121673584,0.7549752789170393,0.3183979094028473,0.14105063676834106,0.2550860643386841,0.12811341881752014
rosenbrock,1.0,2,cholesky,5,gumbel_softmax,8192,0.02,1000,3,rosenbrock,563,0.006566762924194336,-1.235088586807251,1.096616268157959,0.7545977912775809,0.3189513385295868,0.10432524234056473,0.2919330596923828,0.07497526705265045
rosenbrock,1.0,2,cholesky,5,gumbel_softmax,8192,0.02,1000,3,rosenbrock,564,0.006507158279418945,-1.2496435642242432,1.1223973035812378,0.7542204923819421,0.5534422397613525,0.3209533393383026,0.4043990969657898,0.1993705928325653
rosenbrock,1.0,2,cholesky,5,gumbel_softmax,8192,0.02,1000,3,rosenbrock,565,0.006559848785400391,-1.2640595436096191,1.0954093933105469,0.7538433821357512,0.5808740258216858,0.31703653931617737,0.4425309896469116,0.20265436172485352
rosenbrock,1.0,2,cholesky,5,gumbel_softmax,8192,0.02,1000,3,rosenbrock,566,0.006498098373413086,-1.2454087734222412,1.1639304161071777,0.7534664604446834,0.17035125195980072,0.08613374829292297,0.06284303218126297,0.13285811245441437
rosenbrock,1.0,2,cholesky,5,gumbel_softmax,8192,0.02,1000,3,rosenbrock,567,0.006505012512207031,-1.257401704788208,1.0789300203323364,0.7530897272144611,0.32079261541366577,0.14789614081382751,0.27457210421562195,0.07513179630041122
rosenbrock,1.0,2,cholesky,5,gumbel_softmax,8192,0.02,1000,3,rosenbrock,568,0.006506919860839844,-1.2509887218475342,1.1624053716659546,0.7527131823508538,0.615127682685852,0.2860284745693207,0.5133156776428223,0.1818704903125763
rosenbrock,1.0,2,cholesky,5,gumbel_softmax,8192,0.02,1000,3,rosenbrock,569,0.00651097297668457,-1.2300951480865479,1.1595913171768188,0.7523368257596785,0.6900046467781067,0.2634769082069397,0.6141629815101624,0.17172689735889435
rosenbrock,1.0,2,cholesky,5,gumbel_softmax,8192,0.02,1000,3,rosenbrock,570,0.006515979766845703,-1.2490583658218384,1.155105710029602,0.7519606573467987,0.3255504071712494,0.20330026745796204,0.2273978441953659,0.11376415938138962
rosenbrock,1.0,2,cholesky,5,gumbel_softmax,8192,0.02,1000,3,rosenbrock,571,0.006473064422607422,-1.217926025390625,1.0838996171951294,0.7515846770181254,0.23584455251693726,0.11937477439641953,0.14994560182094574,0.1374358981847763
rosenbrock,1.0,2,cholesky,5,gumbel_softmax,8192,0.02,1000,3,rosenbrock,572,0.006459236145019531,-1.2401564121246338,1.1436176300048828,0.7512088846796163,0.456034392118454,0.1629045605659485,0.3844342827796936,0.1834113746881485
rosenbrock,1.0,2,cholesky,5,gumbel_softmax,8192,0.02,1000,3,rosenbrock,573,0.006486177444458008,-1.2171642780303955,1.1066763401031494,0.7508332802372766,0.3639964461326599,0.16666682064533234,0.30296894907951355,0.11368972063064575
rosenbrock,1.0,2,cholesky,5,gumbel_softmax,8192,0.02,1000,3,rosenbrock,574,0.006465911865234375,-1.2298414707183838,1.0824581384658813,0.7504578635971579,0.5697486996650696,0.2927719056606293,0.4419620931148529,0.2087288200855255
rosenbrock,1.0,2,cholesky,5,gumbel_softmax,8192,0.02,1000,3,rosenbrock,575,0.006537199020385742,-1.2294234037399292,1.0711538791656494,0.7500826346653594,0.18186219036579132,0.08988985419273376,0.021192388609051704,0.15666699409484863
rosenbrock,1.0,2,cholesky,5,gumbel_softmax,8192,0.02,1000,3,rosenbrock,576,0.006568193435668945,-1.2503111362457275,1.1525331735610962,0.7497075933480267,0.1694823056459427,0.0873754695057869,0.05774518847465515,0.13324891030788422
rosenbrock,1.0,2,cholesky,5,gumbel_softmax,8192,0.02,1000,3,rosenbrock,577,0.0064849853515625,-1.237618327140808,1.164330005645752,0.7493327395513528,0.20466849207878113,0.025993887335062027,0.17259836196899414,0.10687992721796036
rosenbrock,1.0,2,cholesky,5,gumbel_softmax,8192,0.02,1000,3,rosenbrock,578,0.006462812423706055,-1.251107931137085,1.102392315864563,0.7489580731815771,0.17187686264514923,0.1122562363743782,0.10101936012506485,0.0820687934756279
rosenbrock,1.0,2,cholesky,5,gumbel_softmax,8192,0.02,1000,3,rosenbrock,579,0.006783962249755859,-1.2373878955841064,1.103397250175476,0.7485835941449864,0.3576715886592865,0.1605987846851349,0.24329881370067596,0.20722617208957672
rosenbrock,1.0,2,cholesky,5,gumbel_softmax,8192,0.02,1000,3,rosenbrock,580,0.006525278091430664,-1.2237422466278076,1.0863924026489258,0.7482093023479139,0.6624496579170227,0.18183544278144836,0.6180406808853149,0.15427637100219727
rosenbrock,1.0,2,cholesky,5,gumbel_softmax,8192,0.02,1000,3,rosenbrock,581,0.0065691471099853516,-1.2447961568832397,1.1179735660552979,0.74783519769674,0.15478096902370453,0.057488568127155304,0.040242988616228104,0.1379590928554535
rosenbrock,1.0,2,cholesky,5,gumbel_softmax,8192,0.02,1000,3,rosenbrock,582,0.006528139114379883,-1.2452914714813232,1.169927954673767,0.7474612800978917,0.13425622880458832,0.08527709543704987,0.04188889265060425,0.09485713392496109
rosenbrock,1.0,2,cholesky,5,gumbel_softmax,8192,0.02,1000,3,rosenbrock,583,0.006814241409301758,-1.2435399293899536,1.132358193397522,0.7470875494578428,0.46906647086143494,0.15068010985851288,0.36745429039001465,0.2495921105146408
rosenbrock,1.0,2,cholesky,5,gumbel_softmax,8192,0.02,1000,3,rosenbrock,584,0.0064830780029296875,-1.2156485319137573,1.1174392700195312,0.746714005683114,0.3463013470172882,0.16049589216709137,0.2816510498523712,0.12181282043457031
rosenbrock,1.0,2,cholesky,5,gumbel_softmax,8192,0.02,1000,3,rosenbrock,585,0.00658416748046875,-1.2284340858459473,1.066660761833191,0.7463406486802724,0.18733970820903778,0.13001328706741333,0.107731394469738,0.08115821331739426
rosenbrock,1.0,2,cholesky,5,gumbel_softmax,8192,0.02,1000,3,rosenbrock,586,0.006566762924194336,-1.2392725944519043,1.1827653646469116,0.7459674783559324,0.14599284529685974,0.07465975731611252,0.0849716067314148,0.09230197966098785
rosenbrock,1.0,2,cholesky,5,gumbel_softmax,8192,0.02,1000,3,rosenbrock,587,0.006518125534057617,-1.232652187347412,1.0974076986312866,0.7455944946167544,0.1541304588317871,0.04087687283754349,0.1307738870382309,0.0705937072634697
rosenbrock,1.0,2,cholesky,5,gumbel_softmax,8192,0.02,1000,3,rosenbrock,588,0.006548881530761719,-1.2012414932250977,1.0846832990646362,0.7452216973694461,0.2775484621524811,0.05456923320889473,0.24370631575584412,0.12108918279409409
rosenbrock,1.0,2,cholesky,5,gumbel_softmax,8192,0.02,1000,3,rosenbrock,589,0.006567716598510742,-1.2317270040512085,1.082158088684082,0.7448490865207614,0.26844704151153564,0.15093527734279633,0.17701297998428345,0.13397300243377686
rosenbrock,1.0,2,cholesky,5,gumbel_softmax,8192,0.02,1000,3,rosenbrock,590,0.006554841995239258,-1.2324788570404053,1.0871886014938354,0.7444766619775011,0.3653803765773773,0.23063574731349945,0.2549743950366974,0.12368515878915787
rosenbrock,1.0,2,cholesky,5,gumbel_softmax,8192,0.02,1000,3,rosenbrock,591,0.00674891471862793,-1.2230801582336426,1.123969554901123,0.7441044236465123,0.13753192126750946,0.0657442957162857,0.09411927312612534,0.0757250115275383
rosenbrock,1.0,2,cholesky,5,gumbel_softmax,8192,0.02,1000,3,rosenbrock,592,0.0065691471099853516,-1.2153667211532593,1.0966931581497192,0.7437323714346891,0.1356850117444992,0.08242787420749664,0.04804887995123863,0.09647473692893982
rosenbrock,1.0,2,cholesky,5,gumbel_softmax,8192,0.02,1000,3,rosenbrock,593,0.0067577362060546875,-1.2379045486450195,1.0633283853530884,0.7433605052489718,0.19059908390045166,0.010271203704178333,0.08293696492910385,0.17130082845687866
rosenbrock,1.0,2,cholesky,5,gumbel_softmax,8192,0.02,1000,3,rosenbrock,594,0.006565093994140625,-1.2656581401824951,1.105001449584961,0.7429888249963473,0.2303004115819931,0.04019387811422348,0.10175718367099762,0.2026529163122177
rosenbrock,1.0,2,cholesky,5,gumbel_softmax,8192,0.02,1000,3,rosenbrock,595,0.0065119266510009766,-1.223264455795288,1.1650240421295166,0.7426173305838493,0.3492845594882965,0.02815062738955021,0.3193027675151825,0.13875514268875122
rosenbrock,1.0,2,cholesky,5,gumbel_softmax,8192,0.02,1000,3,rosenbrock,596,0.006804227828979492,-1.2447847127914429,1.045294165611267,0.7422460219185574,0.13096970319747925,0.055551864206790924,0.0542525015771389,0.10546904802322388
rosenbrock,1.0,2,cholesky,5,gumbel_softmax,8192,0.02,1000,3,rosenbrock,597,0.006591081619262695,-1.2277395725250244,1.0539577007293701,0.7418748989075981,0.16820310056209564,0.10578116774559021,0.11028968542814255,0.07027668505907059
rosenbrock,1.0,2,cholesky,5,gumbel_softmax,8192,0.02,1000,3,rosenbrock,598,0.006536006927490234,-1.2384097576141357,1.1615915298461914,0.7415039614581443,0.22482746839523315,0.023088430985808372,0.1345822811126709,0.17861108481884003
rosenbrock,1.0,2,cholesky,5,gumbel_softmax,8192,0.02,1000,3,rosenbrock,599,0.0065460205078125,-1.2079957723617554,1.1037399768829346,0.7411332094774153,0.21709290146827698,0.055179379880428314,0.052509672939777374,0.2032911628484726
rosenbrock,1.0,2,cholesky,5,gumbel_softmax,8192,0.02,1000,3,rosenbrock,600,0.006527900695800781,-1.2214901447296143,1.0606930255889893,0.7407626428726767,0.36183738708496094,0.22619856894016266,0.25053784251213074,0.13035070896148682
rosenbrock,1.0,2,cholesky,5,gumbel_softmax,8192,0.02,1000,3,rosenbrock,601,0.006613969802856445,-1.216002106666565,1.0565879344940186,0.7403922615512404,0.5106151103973389,0.14534041285514832,0.4671168625354767,0.1463070809841156
rosenbrock,1.0,2,cholesky,5,gumbel_softmax,8192,0.02,1000,3,rosenbrock,602,0.006543159484863281,-1.2146923542022705,1.0079388618469238,0.7400220654204648,0.21125711500644684,0.038190167397260666,0.13170532882213593,0.16070091724395752
rosenbrock,1.0,2,cholesky,5,gumbel_softmax,8192,0.02,1000,3,rosenbrock,603,0.006540060043334961,-1.2217594385147095,1.081412672996521,0.7396520543877546,0.10677532851696014,0.03247188404202461,0.07789424806833267,0.06541432440280914
rosenbrock,1.0,2,cholesky,5,gumbel_softmax,8192,0.02,1000,3,rosenbrock,604,0.006524085998535156,-1.2252428531646729,1.1346343755722046,0.7392822283605608,0.2602442502975464,0.08770791441202164,0.052250348031520844,0.23938314616680145
rosenbrock,1.0,2,cholesky,5,gumbel_softmax,8192,0.02,1000,3,rosenbrock,605,0.006515026092529297,-1.2280187606811523,1.1017447710037231,0.7389125872463805,0.28772586584091187,0.1881132572889328,0.15874651074409485,0.14899370074272156
rosenbrock,1.0,2,cholesky,5,gumbel_softmax,8192,0.02,1000,3,rosenbrock,606,0.006543874740600586,-1.226133942604065,1.0762345790863037,0.7385431309527574,0.1855480968952179,0.0950579047203064,0.06288884580135345,0.14641408622264862
rosenbrock,1.0,2,cholesky,5,gumbel_softmax,8192,0.02,1000,3,rosenbrock,607,0.006469011306762695,-1.223915457725525,1.1218748092651367,0.738173859387281,0.30415448546409607,0.16373634338378906,0.2184751331806183,0.1340484321117401
rosenbrock,1.0,2,cholesky,5,gumbel_softmax,8192,0.02,1000,3,rosenbrock,608,0.0065152645111083984,-1.2323120832443237,1.1096662282943726,0.7378047724575875,0.07182745635509491,0.006963660940527916,0.058564186096191406,0.04099910706281662
rosenbrock,1.0,2,cholesky,5,gumbel_softmax,8192,0.02,1000,3,rosenbrock,609,0.006619930267333984,-1.2504825592041016,1.2024827003479004,0.7374358700713587,0.16938304901123047,0.030183786526322365,0.036726322025060654,0.16257531940937042
rosenbrock,1.0,2,cholesky,5,gumbel_softmax,8192,0.02,1000,3,rosenbrock,610,0.006512880325317383,-1.228022813796997,1.0725431442260742,0.737067152136323,0.28326383233070374,0.06650885194540024,0.21459631621837616,0.1725206971168518
rosenbrock,1.0,2,cholesky,5,gumbel_softmax,8192,0.02,1000,3,rosenbrock,611,0.006436824798583984,-1.2235058546066284,1.0990114212036133,0.7366986185602549,0.26464173197746277,0.09311359375715256,0.22086267173290253,0.1121818795800209
rosenbrock,1.0,2,cholesky,5,gumbel_softmax,8192,0.02,1000,3,rosenbrock,612,0.006456136703491211,-1.2412495613098145,1.1052929162979126,0.7363302692509748,0.29503968358039856,0.09986815601587296,0.2622987627983093,0.09096227586269379
rosenbrock,1.0,2,cholesky,5,gumbel_softmax,8192,0.02,1000,3,rosenbrock,613,0.0064618587493896484,-1.2431707382202148,1.0785720348358154,0.7359621041163493,0.08744605630636215,0.04759865626692772,0.0370967797935009,0.06328514963388443
rosenbrock,1.0,2,cholesky,5,gumbel_softmax,8192,0.02,1000,3,rosenbrock,614,0.006544828414916992,-1.2490837574005127,1.1003872156143188,0.7355941230642913,0.401950865983963,0.12065475434064865,0.3622947037220001,0.12549687922000885
rosenbrock,1.0,2,cholesky,5,gumbel_softmax,8192,0.02,1000,3,rosenbrock,615,0.006546974182128906,-1.2330070734024048,1.1624164581298828,0.7352263260027592,0.12770920991897583,0.1056450679898262,0.04663898050785065,0.054530445486307144
rosenbrock,1.0,2,cholesky,5,gumbel_softmax,8192,0.02,1000,3,rosenbrock,616,0.006557941436767578,-1.256239652633667,1.2152694463729858,0.7348587128397578,0.2590058147907257,0.13192634284496307,0.08005651086568832,0.20801538228988647
rosenbrock,1.0,2,cholesky,5,gumbel_softmax,8192,0.02,1000,3,rosenbrock,617,0.006482839584350586,-1.2114741802215576,1.1638848781585693,0.7344912834833379,0.24925833940505981,0.0638621523976326,0.2142334133386612,0.11025150120258331
rosenbrock,1.0,2,cholesky,5,gumbel_softmax,8192,0.02,1000,3,rosenbrock,618,0.006466865539550781,-1.2499254941940308,1.1965947151184082,0.7341240378415963,0.37784454226493835,0.1733880490064621,0.2649326026439667,0.20618869364261627
rosenbrock,1.0,2,cholesky,5,gumbel_softmax,8192,0.02,1000,3,rosenbrock,619,0.006437063217163086,-1.2258286476135254,1.0676411390304565,0.7337569758226755,0.11516047269105911,0.0582956038415432,0.045042943209409714,0.08851378411054611
rosenbrock,1.0,2,cholesky,5,gumbel_softmax,8192,0.02,1000,3,rosenbrock,620,0.006445169448852539,-1.2463178634643555,1.1429814100265503,0.7333900973347642,0.21057617664337158,0.059842322021722794,0.16580455005168915,0.11519581824541092
rosenbrock,1.0,2,cholesky,5,gumbel_softmax,8192,0.02,1000,3,rosenbrock,621,0.0064771175384521484,-1.217256784439087,1.2040505409240723,0.733023402286097,0.49642708897590637,0.16096298396587372,0.3663625717163086,0.29378437995910645
rosenbrock,1.0,2,cholesky,5,gumbel_softmax,8192,0.02,1000,3,rosenbrock,622,0.0064640045166015625,-1.2244830131530762,1.05681574344635,0.7326568905849539,0.4322969317436218,0.15199443697929382,0.38340723514556885,0.1295270323753357
rosenbrock,1.0,2,cholesky,5,gumbel_softmax,8192,0.02,1000,3,rosenbrock,623,0.006467103958129883,-1.2189640998840332,1.2677829265594482,0.7322905621396615,0.2370145171880722,0.04503423720598221,0.15475401282310486,0.17377857863903046
rosenbrock,1.0,2,cholesky,5,gumbel_softmax,8192,0.02,1000,3,rosenbrock,624,0.00662684440612793,-1.2348260879516602,1.128536343574524,0.7319244168585917,0.23212915658950806,0.03969378024339676,0.1527710109949112,0.17020389437675476
rosenbrock,1.0,2,cholesky,5,gumbel_softmax,8192,0.02,1000,3,rosenbrock,625,0.006350994110107422,-1.220970869064331,1.128348469734192,0.7315584546501624,0.20487000048160553,0.03295837342739105,0.0960552990436554,0.1779293268918991
rosenbrock,1.0,2,cholesky,5,gumbel_softmax,8192,0.02,1000,3,rosenbrock,626,0.006411075592041016,-1.2686717510223389,1.1853270530700684,0.7311926754228374,0.3240481913089752,0.11655452847480774,0.24260084331035614,0.18046359717845917
rosenbrock,1.0,2,cholesky,5,gumbel_softmax,8192,0.02,1000,3,rosenbrock,627,0.0066051483154296875,-1.2109105587005615,1.0367822647094727,0.730827079085126,0.535162627696991,0.18396972119808197,0.4723857343196869,0.1714814156293869
rosenbrock,1.0,2,cholesky,5,gumbel_softmax,8192,0.02,1000,3,rosenbrock,628,0.00644993782043457,-1.2174562215805054,1.0938904285430908,0.7304616655455834,0.3381969928741455,0.14495284855365753,0.2644101083278656,0.15314427018165588
rosenbrock,1.0,2,cholesky,5,gumbel_softmax,8192,0.02,1000,3,rosenbrock,629,0.006443023681640625,-1.2076163291931152,1.0815622806549072,0.7300964347128107,0.1821654587984085,0.0329894982278347,0.10604237765073776,0.14439861476421356
rosenbrock,1.0,2,cholesky,5,gumbel_softmax,8192,0.02,1000,3,rosenbrock,630,0.006442070007324219,-1.221550703048706,1.0153521299362183,0.7297313864954543,0.2678055465221405,0.10872449725866318,0.18074266612529755,0.16501781344413757
rosenbrock,1.0,2,cholesky,5,gumbel_softmax,8192,0.02,1000,3,rosenbrock,631,0.00676417350769043,-1.2285267114639282,1.1216152906417847,0.7293665208022067,0.13892051577568054,0.04023075848817825,0.047240834683179855,0.1242927834391594
rosenbrock,1.0,2,cholesky,5,gumbel_softmax,8192,0.02,1000,3,rosenbrock,632,0.006460905075073242,-1.2431631088256836,1.1090646982192993,0.7290018375418056,0.4871770441532135,0.26697802543640137,0.36961081624031067,0.17161603271961212
rosenbrock,1.0,2,cholesky,5,gumbel_softmax,8192,0.02,1000,3,rosenbrock,633,0.006438732147216797,-1.2172456979751587,1.0911619663238525,0.7286373366230348,0.33088985085487366,0.19018548727035522,0.2350541204214096,0.13441406190395355
rosenbrock,1.0,2,cholesky,5,gumbel_softmax,8192,0.02,1000,3,rosenbrock,634,0.0065670013427734375,-1.2348307371139526,1.171483039855957,0.7282730179547233,0.20319876074790955,0.05046180635690689,0.1893361359834671,0.05380675196647644
rosenbrock,1.0,2,cholesky,5,gumbel_softmax,8192,0.02,1000,3,rosenbrock,635,0.0072040557861328125,-1.2305803298950195,1.1917558908462524,0.727908881445746,0.2203388810157776,0.026247385889291763,0.06481300294399261,0.20894873142242432
rosenbrock,1.0,2,cholesky,5,gumbel_softmax,8192,0.02,1000,3,rosenbrock,636,0.006456136703491211,-1.2504100799560547,1.135097861289978,0.7275449270050232,0.3784997761249542,0.17853356897830963,0.27801403403282166,0.18465112149715424
rosenbrock,1.0,2,cholesky,5,gumbel_softmax,8192,0.02,1000,3,rosenbrock,637,0.006524324417114258,-1.2308952808380127,1.066710114479065,0.7271811545415207,0.2791966497898102,0.10205996781587601,0.24975642561912537,0.07180706411600113
rosenbrock,1.0,2,cholesky,5,gumbel_softmax,8192,0.02,1000,3,rosenbrock,638,0.006763935089111328,-1.2178374528884888,1.1908386945724487,0.7268175639642499,0.30395129323005676,0.13861070573329926,0.2656698226928711,0.050921469926834106
rosenbrock,1.0,2,cholesky,5,gumbel_softmax,8192,0.02,1000,3,rosenbrock,639,0.0069561004638671875,-1.2328137159347534,1.0841773748397827,0.7264541551822679,0.2515939474105835,0.12619204819202423,0.19325026869773865,0.10014695674180984
rosenbrock,1.0,2,cholesky,5,gumbel_softmax,8192,0.02,1000,3,rosenbrock,640,0.006994962692260742,-1.2317525148391724,1.1147935390472412,0.7260909281046768,0.19552646577358246,0.048477839678525925,0.0387592688202858,0.1854136437177658
rosenbrock,1.0,2,cholesky,5,gumbel_softmax,8192,0.02,1000,3,rosenbrock,641,0.006684064865112305,-1.2176982164382935,1.0516853332519531,0.7257278826406245,0.22804783284664154,0.0993303656578064,0.15311188995838165,0.13673347234725952
rosenbrock,1.0,2,cholesky,5,gumbel_softmax,8192,0.02,1000,3,rosenbrock,642,0.0065500736236572266,-1.2303519248962402,1.152903437614441,0.7253650186993041,0.219274640083313,0.07040078938007355,0.13032792508602142,0.16167786717414856
rosenbrock,1.0,2,cholesky,5,gumbel_softmax,8192,0.02,1000,3,rosenbrock,643,0.00652003288269043,-1.2298479080200195,1.0727587938308716,0.7250023361899546,0.23490525782108307,0.07223034650087357,0.06690605729818344,0.2132764458656311
rosenbrock,1.0,2,cholesky,5,gumbel_softmax,8192,0.02,1000,3,rosenbrock,644,0.006517887115478516,-1.2132751941680908,1.2029911279678345,0.7246398350218597,0.45703303813934326,0.2614772319793701,0.33857765793800354,0.1608540117740631
rosenbrock,1.0,2,cholesky,5,gumbel_softmax,8192,0.02,1000,3,rosenbrock,645,0.006500959396362305,-1.227122187614441,1.1383142471313477,0.7242775151043488,0.37067997455596924,0.16811154782772064,0.2991738021373749,0.14013278484344482
rosenbrock,1.0,2,cholesky,5,gumbel_softmax,8192,0.02,1000,3,rosenbrock,646,0.006577968597412109,-1.2219396829605103,1.1493031978607178,0.7239153763467966,0.20733383297920227,0.09969894587993622,0.10049396753311157,0.15148727595806122
rosenbrock,1.0,2,cholesky,5,gumbel_softmax,8192,0.02,1000,3,rosenbrock,647,0.006494998931884766,-1.2303123474121094,1.0662294626235962,0.7235534186586232,0.213495135307312,0.009753888472914696,0.19328871369361877,0.09013605862855911
rosenbrock,1.0,2,cholesky,5,gumbel_softmax,8192,0.02,1000,3,rosenbrock,648,0.006530046463012695,-1.2436686754226685,1.1504288911819458,0.723191641949294,0.2756047546863556,0.14292989671230316,0.15787844359874725,0.1749383807182312
rosenbrock,1.0,2,cholesky,5,gumbel_softmax,8192,0.02,1000,3,rosenbrock,649,0.0065081119537353516,-1.2177926301956177,1.1118816137313843,0.7228300461283194,0.4494697153568268,0.03763508051633835,0.28950369358062744,0.34175169467926025
rosenbrock,1.0,2,cholesky,5,gumbel_softmax,8192,0.02,1000,3,rosenbrock,650,0.006464958190917969,-1.2296091318130493,1.1345951557159424,0.7224686311052553,0.3465638756752014,0.15900589525699615,0.18389877676963806,0.24699166417121887
rosenbrock,1.0,2,cholesky,5,gumbel_softmax,8192,0.02,1000,3,rosenbrock,651,0.006513833999633789,-1.2017056941986084,1.0716652870178223,0.7221073967897027,0.13754335045814514,0.02819785475730896,0.09292851388454437,0.09740298986434937
rosenbrock,1.0,2,cholesky,5,gumbel_softmax,8192,0.02,1000,3,rosenbrock,652,0.006523847579956055,-1.2248451709747314,1.1371874809265137,0.7217463430913079,0.1608169972896576,0.1108425110578537,0.09418870508670807,0.06858959794044495
rosenbrock,1.0,2,cholesky,5,gumbel_softmax,8192,0.02,1000,3,rosenbrock,653,0.006526947021484375,-1.2240383625030518,1.0506339073181152,0.7213854699197623,0.41067570447921753,0.16379690170288086,0.2742585241794586,0.2580840587615967
rosenbrock,1.0,2,cholesky,5,gumbel_softmax,8192,0.02,1000,3,rosenbrock,654,0.006475925445556641,-1.2380822896957397,1.1145821809768677,0.7210247771848024,0.3663516640663147,0.022074056789278984,0.05777639523148537,0.3610929846763611
rosenbrock,1.0,2,cholesky,5,gumbel_softmax,8192,0.02,1000,3,rosenbrock,655,0.006464958190917969,-1.2579559087753296,1.1891367435455322,0.72066426479621,0.20799842476844788,0.05573521554470062,0.11685384064912796,0.16279470920562744
rosenbrock,1.0,2,cholesky,5,gumbel_softmax,8192,0.02,1000,3,rosenbrock,656,0.006469249725341797,-1.2053371667861938,1.043102741241455,0.720303932663812,0.23870006203651428,0.10019975155591965,0.03541048988699913,0.21373774111270905
rosenbrock,1.0,2,cholesky,5,gumbel_softmax,8192,0.02,1000,3,rosenbrock,657,0.006484270095825195,-1.2050492763519287,1.1169816255569458,0.7199437806974801,0.35060280561447144,0.12536677718162537,0.32288599014282227,0.05431511625647545
rosenbrock,1.0,2,cholesky,5,gumbel_softmax,8192,0.02,1000,3,rosenbrock,658,0.006561994552612305,-1.2335150241851807,1.16543710231781,0.7195838088071315,0.4626283347606659,0.2439996600151062,0.3639729619026184,0.14836712181568146
rosenbrock,1.0,2,cholesky,5,gumbel_softmax,8192,0.02,1000,3,rosenbrock,659,0.00654911994934082,-1.203100323677063,1.1564323902130127,0.7192240169027279,0.27499014139175415,0.15911363065242767,0.10370054095983505,0.19886834919452667
rosenbrock,1.0,2,cholesky,5,gumbel_softmax,8192,0.02,1000,3,rosenbrock,660,0.0064678192138671875,-1.2362699508666992,1.0688655376434326,0.7188644048942766,0.3091909885406494,0.12357994168996811,0.19107620418071747,0.20932497084140778
rosenbrock,1.0,2,cholesky,5,gumbel_softmax,8192,0.02,1000,3,rosenbrock,661,0.006485939025878906,-1.2117911577224731,1.0789563655853271,0.7185049726918294,0.20537908375263214,0.021690968424081802,0.03295528143644333,0.20155401527881622
rosenbrock,1.0,2,cholesky,5,gumbel_softmax,8192,0.02,1000,3,rosenbrock,662,0.006441831588745117,-1.225032925605774,1.0698872804641724,0.7181457202054836,0.4721856713294983,0.061183828860521317,0.4039229452610016,0.23677435517311096
rosenbrock,1.0,2,cholesky,5,gumbel_softmax,8192,0.02,1000,3,rosenbrock,663,0.006492137908935547,-1.2182958126068115,1.08053719997406,0.7177866473453809,0.10044883191585541,0.006133520044386387,0.07570353895425797,0.06573677062988281
rosenbrock,1.0,2,cholesky,5,gumbel_softmax,8192,0.02,1000,3,rosenbrock,664,0.0065059661865234375,-1.2112089395523071,1.0615298748016357,0.7174277540217082,0.15019658207893372,0.10076722502708435,0.09672307223081589,0.05522345378994942
rosenbrock,1.0,2,cholesky,5,gumbel_softmax,8192,0.02,1000,3,rosenbrock,665,0.0065500736236572266,-1.210545539855957,1.0806732177734375,0.7170690401446974,0.2052941471338272,0.0890401303768158,0.17534296214580536,0.05892700329422951
rosenbrock,1.0,2,cholesky,5,gumbel_softmax,8192,0.02,1000,3,rosenbrock,666,0.0064508914947509766,-1.2137670516967773,1.1072862148284912,0.7167105056246251,0.2185012549161911,0.026823244988918304,0.11439510434865952,0.18422017991542816
rosenbrock,1.0,2,cholesky,5,gumbel_softmax,8192,0.02,1000,3,rosenbrock,667,0.0064280033111572266,-1.1839871406555176,1.17366623878479,0.7163521503718129,0.15451698005199432,0.053516685962677,0.05392630398273468,0.13454891741275787
rosenbrock,1.0,2,cholesky,5,gumbel_softmax,8192,0.02,1000,3,rosenbrock,668,0.006833076477050781,-1.1982139348983765,1.0660245418548584,0.7159939742966269,0.4335944950580597,0.22892002761363983,0.3372991681098938,0.14774665236473083
rosenbrock,1.0,2,cholesky,5,gumbel_softmax,8192,0.02,1000,3,rosenbrock,669,0.006637096405029297,-1.2231485843658447,1.1329941749572754,0.7156359773094787,0.15082024037837982,0.06436142325401306,0.07539442926645279,0.11366632580757141
rosenbrock,1.0,2,cholesky,5,gumbel_softmax,8192,0.02,1000,3,rosenbrock,670,0.0065097808837890625,-1.1873419284820557,1.0192240476608276,0.715278159320824,0.1934472769498825,0.06306959688663483,0.1627614051103592,0.08338343352079391
rosenbrock,1.0,2,cholesky,5,gumbel_softmax,8192,0.02,1000,3,rosenbrock,671,0.00652003288269043,-1.2233171463012695,1.1651462316513062,0.7149205202411636,0.1844150274991989,0.016143178567290306,0.06997694075107574,0.16985735297203064
rosenbrock,1.0,2,cholesky,5,gumbel_softmax,8192,0.02,1000,3,rosenbrock,672,0.00646519660949707,-1.2224299907684326,1.0488331317901611,0.7145630599810431,0.42500990629196167,0.167103573679924,0.38398417830467224,0.07256707549095154
rosenbrock,1.0,2,cholesky,5,gumbel_softmax,8192,0.02,1000,3,rosenbrock,673,0.0064771175384521484,-1.214526891708374,1.0767290592193604,0.7142057784510526,0.19744481146335602,0.11407417058944702,0.051264598965644836,0.15278573334217072
rosenbrock,1.0,2,cholesky,5,gumbel_softmax,8192,0.02,1000,3,rosenbrock,674,0.006477832794189453,-1.183112382888794,1.128267526626587,0.7138486755618271,0.2881605327129364,0.1602872908115387,0.19678369164466858,0.13645757734775543
rosenbrock,1.0,2,cholesky,5,gumbel_softmax,8192,0.02,1000,3,rosenbrock,675,0.006703853607177734,-1.215036392211914,1.0598386526107788,0.7134917512240463,0.23953492939472198,0.07903990149497986,0.19860877096652985,0.10809364169836044
rosenbrock,1.0,2,cholesky,5,gumbel_softmax,8192,0.02,1000,3,rosenbrock,676,0.006704807281494141,-1.2140957117080688,1.064191222190857,0.7131350053484342,0.3932804465293884,0.1634119302034378,0.3194563686847687,0.16097725927829742
rosenbrock,1.0,2,cholesky,5,gumbel_softmax,8192,0.02,1000,3,rosenbrock,677,0.006502866744995117,-1.219044804573059,1.2104884386062622,0.7127784378457601,0.13416507840156555,0.038082852959632874,0.0575968474149704,0.11503288894891739
rosenbrock,1.0,2,cholesky,5,gumbel_softmax,8192,0.02,1000,3,rosenbrock,678,0.006559848785400391,-1.2169780731201172,1.108662486076355,0.7124220486268372,0.21370887756347656,0.08342830091714859,0.15231285989284515,0.12454716861248016
rosenbrock,1.0,2,cholesky,5,gumbel_softmax,8192,0.02,1000,3,rosenbrock,679,0.006582975387573242,-1.2049481868743896,1.1018245220184326,0.7120658376025238,0.25721076130867004,0.04388418793678284,0.24575643241405487,0.0619300939142704
rosenbrock,1.0,2,cholesky,5,gumbel_softmax,8192,0.02,1000,3,rosenbrock,680,0.0065479278564453125,-1.2132325172424316,1.0447735786437988,0.7117098046837227,0.13908062875270844,0.01433759368956089,0.04401344433426857,0.13115133345127106
rosenbrock,1.0,2,cholesky,5,gumbel_softmax,8192,0.02,1000,3,rosenbrock,681,0.006526947021484375,-1.2030038833618164,1.033696174621582,0.7113539497813808,0.1364143192768097,0.01502465084195137,0.088675856590271,0.1025656908750534
rosenbrock,1.0,2,cholesky,5,gumbel_softmax,8192,0.02,1000,3,rosenbrock,682,0.0065228939056396484,-1.19538152217865,1.0482438802719116,0.7109982728064902,0.2998937666416168,0.14985941350460052,0.22037732601165771,0.13752180337905884
rosenbrock,1.0,2,cholesky,5,gumbel_softmax,8192,0.02,1000,3,rosenbrock,683,0.006486177444458008,-1.2237082719802856,1.1093082427978516,0.710642773670087,0.3170029819011688,0.17372629046440125,0.2011462301015854,0.17277227342128754
rosenbrock,1.0,2,cholesky,5,gumbel_softmax,8192,0.02,1000,3,rosenbrock,684,0.006476879119873047,-1.2129781246185303,1.1282240152359009,0.710287452283252,0.30432626605033875,0.15219861268997192,0.10234468430280685,0.24284899234771729
rosenbrock,1.0,2,cholesky,5,gumbel_softmax,8192,0.02,1000,3,rosenbrock,685,0.006443023681640625,-1.2147042751312256,1.0569884777069092,0.7099323085571103,0.17747385799884796,0.05152429640293121,0.08316892385482788,0.14807140827178955
rosenbrock,1.0,2,cholesky,5,gumbel_softmax,8192,0.02,1000,3,rosenbrock,686,0.006413936614990234,-1.2186535596847534,1.0960890054702759,0.7095773424028319,0.19074563682079315,0.021437784656882286,0.07596953213214874,0.17364606261253357
rosenbrock,1.0,2,cholesky,5,gumbel_softmax,8192,0.02,1000,3,rosenbrock,687,0.006439208984375,-1.2214272022247314,1.260763168334961,0.7092225537316305,0.1391427218914032,0.0827210545539856,0.05818866193294525,0.09556149691343307
rosenbrock,1.0,2,cholesky,5,gumbel_softmax,8192,0.02,1000,3,rosenbrock,688,0.00652003288269043,-1.2116509675979614,1.0991710424423218,0.7088679424547647,0.16030317544937134,0.025604456663131714,0.09280041605234146,0.12817800045013428
rosenbrock,1.0,2,cholesky,5,gumbel_softmax,8192,0.02,1000,3,rosenbrock,689,0.006503105163574219,-1.2339601516723633,1.1115201711654663,0.7085135084835373,0.21068620681762695,0.0640864446759224,0.08353692293167114,0.18249160051345825
rosenbrock,1.0,2,cholesky,5,gumbel_softmax,8192,0.02,1000,3,rosenbrock,690,0.0064830780029296875,-1.2266501188278198,1.0429987907409668,0.7081592517292956,0.17414924502372742,0.047228869050741196,0.15790292620658875,0.05624997243285179
rosenbrock,1.0,2,cholesky,5,gumbel_softmax,8192,0.02,1000,3,rosenbrock,691,0.006438732147216797,-1.2190120220184326,1.1011078357696533,0.707805172103431,0.1731186956167221,0.09951171278953552,0.13816523551940918,0.03127092123031616
rosenbrock,1.0,2,cholesky,5,gumbel_softmax,8192,0.02,1000,3,rosenbrock,692,0.0064640045166015625,-1.2294824123382568,1.0846576690673828,0.7074512695173794,0.280911386013031,0.03163960203528404,0.1674204170703888,0.2233395278453827
rosenbrock,1.0,2,cholesky,5,gumbel_softmax,8192,0.02,1000,3,rosenbrock,693,0.006453037261962891,-1.2034554481506348,1.1118258237838745,0.7070975438826207,0.23191119730472565,0.018856436014175415,0.17123518884181976,0.15526023507118225
rosenbrock,1.0,2,cholesky,5,gumbel_softmax,8192,0.02,1000,3,rosenbrock,694,0.006443977355957031,-1.2082420587539673,1.1204661130905151,0.7067439951106794,0.08250513672828674,0.029583629220724106,0.060134124010801315,0.04812269285321236
rosenbrock,1.0,2,cholesky,5,gumbel_softmax,8192,0.02,1000,3,rosenbrock,695,0.006495952606201172,-1.2102859020233154,1.0683082342147827,0.7063906231131241,0.2802874743938446,0.08862325549125671,0.15505540370941162,0.216020405292511
rosenbrock,1.0,2,cholesky,5,gumbel_softmax,8192,0.02,1000,3,rosenbrock,696,0.006468057632446289,-1.192014217376709,1.1908963918685913,0.7060374278015676,0.12243617326021194,0.03728219494223595,0.0804411917924881,0.08443856239318848
rosenbrock,1.0,2,cholesky,5,gumbel_softmax,8192,0.02,1000,3,rosenbrock,697,0.0064849853515625,-1.211612582206726,1.0288934707641602,0.7056844090876668,0.18469707667827606,0.14308695495128632,0.052600931376218796,0.10427023470401764
rosenbrock,1.0,2,cholesky,5,gumbel_softmax,8192,0.02,1000,3,rosenbrock,698,0.006474971771240234,-1.2201015949249268,1.1079990863800049,0.705331566883123,0.168737530708313,0.03805513307452202,0.15234962105751038,0.06175559386610985
rosenbrock,1.0,2,cholesky,5,gumbel_softmax,8192,0.02,1000,3,rosenbrock,699,0.0064160823822021484,-1.2106884717941284,1.118547797203064,0.7049789010996815,0.18009750545024872,0.024010969325900078,0.14474204182624817,0.10444290935993195
rosenbrock,1.0,2,cholesky,5,gumbel_softmax,8192,0.02,1000,3,rosenbrock,700,0.00644993782043457,-1.2064522504806519,1.1023200750350952,0.7046264116491318,0.16941320896148682,0.057569943368434906,0.10944987088441849,0.1157897412776947
rosenbrock,1.0,2,cholesky,5,gumbel_softmax,8192,0.02,1000,3,rosenbrock,701,0.006432771682739258,-1.2314040660858154,1.1234004497528076,0.7042740984433072,0.25084322690963745,0.07418942451477051,0.12934273481369019,0.201714426279068
rosenbrock,1.0,2,cholesky,5,gumbel_softmax,8192,0.02,1000,3,rosenbrock,702,0.006469249725341797,-1.2049710750579834,1.1041843891143799,0.7039219613940856,0.30450284481048584,0.15694648027420044,0.14282085001468658,0.21838495135307312
rosenbrock,1.0,2,cholesky,5,gumbel_softmax,8192,0.02,1000,3,rosenbrock,703,0.0064678192138671875,-1.213741421699524,1.062893271446228,0.7035700004133886,0.13584232330322266,0.008284478448331356,0.11676624417304993,0.06892130523920059
rosenbrock,1.0,2,cholesky,5,gumbel_softmax,8192,0.02,1000,3,rosenbrock,704,0.006453990936279297,-1.2170456647872925,1.1432452201843262,0.703218215413182,0.11163684725761414,0.059655919671058655,0.0330938957631588,0.08836713433265686
rosenbrock,1.0,2,cholesky,5,gumbel_softmax,8192,0.02,1000,3,rosenbrock,705,0.006456136703491211,-1.2368077039718628,1.1552164554595947,0.7028666063054754,0.1719203144311905,0.08801905065774918,0.1245364248752594,0.07937204092741013
rosenbrock,1.0,2,cholesky,5,gumbel_softmax,8192,0.02,1000,3,rosenbrock,706,0.006479978561401367,-1.2235677242279053,1.0459914207458496,0.7025151730023227,0.19106115400791168,0.020706703886389732,0.16885852813720703,0.08696198463439941
rosenbrock,1.0,2,cholesky,5,gumbel_softmax,8192,0.02,1000,3,rosenbrock,707,0.006471872329711914,-1.204479455947876,1.0752605199813843,0.7021639154158216,0.18106529116630554,0.03312812000513077,0.16949835419654846,0.054382696747779846
rosenbrock,1.0,2,cholesky,5,gumbel_softmax,8192,0.02,1000,3,rosenbrock,708,0.0064449310302734375,-1.199522852897644,1.044222354888916,0.7018128334581136,0.16149193048477173,0.07540681958198547,0.04004477709531784,0.13707615435123444
rosenbrock,1.0,2,cholesky,5,gumbel_softmax,8192,0.02,1000,3,rosenbrock,709,0.00645899772644043,-1.2215123176574707,1.076871633529663,0.7014619270413847,0.23948180675506592,0.13213464617729187,0.057581741362810135,0.19124937057495117
rosenbrock,1.0,2,cholesky,5,gumbel_softmax,8192,0.02,1000,3,rosenbrock,710,0.006461143493652344,-1.2187974452972412,1.1751081943511963,0.701111196077864,0.4466915428638458,0.08371806889772415,0.4158291518688202,0.140038400888443
rosenbrock,1.0,2,cholesky,5,gumbel_softmax,8192,0.02,1000,3,rosenbrock,711,0.006479024887084961,-1.2236191034317017,1.1413695812225342,0.7007606404798251,0.22410251200199127,0.1011996790766716,0.15171684324741364,0.13024041056632996
rosenbrock,1.0,2,cholesky,5,gumbel_softmax,8192,0.02,1000,3,rosenbrock,712,0.006453037261962891,-1.2131484746932983,1.0424453020095825,0.7004102601595853,0.1824062615633011,0.0441351942718029,0.13203738629817963,0.11785690486431122
rosenbrock,1.0,2,cholesky,5,gumbel_softmax,8192,0.02,1000,3,rosenbrock,713,0.00644683837890625,-1.2073771953582764,1.116133213043213,0.7000600550295055,0.2840234339237213,0.1773330122232437,0.1984233260154724,0.09924962371587753
rosenbrock,1.0,2,cholesky,5,gumbel_softmax,8192,0.02,1000,3,rosenbrock,714,0.00646209716796875,-1.2113761901855469,1.0168912410736084,0.6997100250019908,0.3002714216709137,0.0235093105584383,0.13929633796215057,0.26496562361717224
rosenbrock,1.0,2,cholesky,5,gumbel_softmax,8192,0.02,1000,3,rosenbrock,715,0.006458759307861328,-1.2105294466018677,1.0843557119369507,0.6993601699894898,0.2128628045320511,0.049950387328863144,0.15855030715465546,0.13295616209506989
rosenbrock,1.0,2,cholesky,5,gumbel_softmax,8192,0.02,1000,3,rosenbrock,716,0.006470918655395508,-1.2076438665390015,1.1471879482269287,0.6990104899044951,0.2128029614686966,0.12171532213687897,0.09560592472553253,0.1460479199886322
rosenbrock,1.0,2,cholesky,5,gumbel_softmax,8192,0.02,1000,3,rosenbrock,717,0.0064389705657958984,-1.220340371131897,1.0406126976013184,0.6986609846595428,0.11976581811904907,0.058985259383916855,0.06687925010919571,0.07994845509529114
rosenbrock,1.0,2,cholesky,5,gumbel_softmax,8192,0.02,1000,3,rosenbrock,718,0.006457805633544922,-1.2274041175842285,1.0953853130340576,0.6983116541672132,0.2682904005050659,0.15949828922748566,0.18990205228328705,0.10235842317342758
rosenbrock,1.0,2,cholesky,5,gumbel_softmax,8192,0.02,1000,3,rosenbrock,719,0.006460905075073242,-1.2259669303894043,1.1072134971618652,0.6979624983401296,0.20022855699062347,0.11400379985570908,0.05336078256368637,0.15571525692939758
rosenbrock,1.0,2,cholesky,5,gumbel_softmax,8192,0.02,1000,3,rosenbrock,720,0.006445169448852539,-1.2156620025634766,1.0694668292999268,0.6976135170909595,0.1257220357656479,0.040110401809215546,0.05801604315638542,0.10407364368438721
rosenbrock,1.0,2,cholesky,5,gumbel_softmax,8192,0.02,1000,3,rosenbrock,721,0.006661891937255859,-1.2187398672103882,1.1703388690948486,0.6972647103324141,0.21283411979675293,0.1310727596282959,0.09122306108474731,0.140700563788414
rosenbrock,1.0,2,cholesky,5,gumbel_softmax,8192,0.02,1000,3,rosenbrock,722,0.006487131118774414,-1.2236229181289673,1.0398393869400024,0.696916077977248,0.18401843309402466,0.06356959044933319,0.14383813738822937,0.09556295722723007
rosenbrock,1.0,2,cholesky,5,gumbel_softmax,8192,0.02,1000,3,rosenbrock,723,0.006438255310058594,-1.230098843574524,1.0526282787322998,0.6965676199382593,0.19807276129722595,0.11120378226041794,0.1324140876531601,0.09660764038562775
rosenbrock,1.0,2,cholesky,5,gumbel_softmax,8192,0.02,1000,3,rosenbrock,724,0.006475925445556641,-1.2235751152038574,1.0558685064315796,0.6962193361282902,0.39202532172203064,0.11617022752761841,0.3439822494983673,0.14786654710769653
rosenbrock,1.0,2,cholesky,5,gumbel_softmax,8192,0.02,1000,3,rosenbrock,725,0.00645899772644043,-1.2252593040466309,1.0543336868286133,0.6958712264602261,0.11188053339719772,0.011372764594852924,0.08994424343109131,0.06555871665477753
rosenbrock,1.0,2,cholesky,5,gumbel_softmax,8192,0.02,1000,3,rosenbrock,726,0.006690263748168945,-1.2143148183822632,1.0857889652252197,0.6955232908469962,0.3162260353565216,0.09378759562969208,0.2599050998687744,0.15379248559474945
rosenbrock,1.0,2,cholesky,5,gumbel_softmax,8192,0.02,1000,3,rosenbrock,727,0.006473064422607422,-1.2251638174057007,1.2690120935440063,0.6951755292015727,0.18311624228954315,0.07643917202949524,0.03697722405195236,0.16223838925361633
rosenbrock,1.0,2,cholesky,5,gumbel_softmax,8192,0.02,1000,3,rosenbrock,728,0.006782054901123047,-1.2220007181167603,1.0603700876235962,0.6948279414369719,0.15990403294563293,0.010699126869440079,0.11642032116651535,0.1090923473238945
rosenbrock,1.0,2,cholesky,5,gumbel_softmax,8192,0.02,1000,3,rosenbrock,729,0.007121086120605469,-1.2082905769348145,1.0734683275222778,0.6944805274662534,0.20342497527599335,0.05734258517622948,0.18394401669502258,0.06525450944900513
rosenbrock,1.0,2,cholesky,5,gumbel_softmax,8192,0.02,1000,3,rosenbrock,730,0.006476163864135742,-1.2203679084777832,1.122968077659607,0.6941332872025203,0.12430685758590698,0.07934244722127914,0.05072683095932007,0.08114036172628403
rosenbrock,1.0,2,cholesky,5,gumbel_softmax,8192,0.02,1000,3,rosenbrock,731,0.006430864334106445,-1.2105211019515991,1.0542185306549072,0.6937862205589191,0.12150552123785019,0.007516459096223116,0.08355127274990082,0.08789926022291183
rosenbrock,1.0,2,cholesky,5,gumbel_softmax,8192,0.02,1000,3,rosenbrock,732,0.006777048110961914,-1.2173084020614624,1.051046371459961,0.6934393274486397,0.19518786668777466,0.03741423785686493,0.08354619890451431,0.17239056527614594
rosenbrock,1.0,2,cholesky,5,gumbel_softmax,8192,0.02,1000,3,rosenbrock,733,0.006494045257568359,-1.2025898694992065,1.128892421722412,0.6930926077849154,0.15944403409957886,0.036029715090990067,0.07938019931316376,0.13350296020507812
rosenbrock,1.0,2,cholesky,5,gumbel_softmax,8192,0.02,1000,3,rosenbrock,734,0.006724119186401367,-1.2354190349578857,1.144817590713501,0.692746061481023,0.2522032558917999,0.15957985818386078,0.1854659616947174,0.06118107959628105
rosenbrock,1.0,2,cholesky,5,gumbel_softmax,8192,0.02,1000,3,rosenbrock,735,0.006356000900268555,-1.2028024196624756,1.0367897748947144,0.6923996884502825,0.13969391584396362,0.10788961499929428,0.06093117222189903,0.06451056152582169
rosenbrock,1.0,2,cholesky,5,gumbel_softmax,8192,0.02,1000,3,rosenbrock,736,0.00661921501159668,-1.2228426933288574,1.1752976179122925,0.6920534886060574,0.5120412707328796,0.13707643747329712,0.4702089726924896,0.14933106303215027
rosenbrock,1.0,2,cholesky,5,gumbel_softmax,8192,0.02,1000,3,rosenbrock,737,0.006445169448852539,-1.199542760848999,1.0823012590408325,0.6917074618617545,0.386911004781723,0.13354149460792542,0.3278377950191498,0.1561703234910965
rosenbrock,1.0,2,cholesky,5,gumbel_softmax,8192,0.02,1000,3,rosenbrock,738,0.006439924240112305,-1.2005701065063477,1.0737321376800537,0.6913616081308236,0.1322917640209198,0.08182623982429504,0.038326263427734375,0.09662647545337677
rosenbrock,1.0,2,cholesky,5,gumbel_softmax,8192,0.02,1000,3,rosenbrock,739,0.0064351558685302734,-1.19675874710083,1.0337129831314087,0.6910159273267582,0.164777934551239,0.06457321345806122,0.06870029866695404,0.13513819873332977
rosenbrock,1.0,2,cholesky,5,gumbel_softmax,8192,0.02,1000,3,rosenbrock,740,0.006429910659790039,-1.226594090461731,1.1583857536315918,0.6906704193630949,0.18596240878105164,0.10799837112426758,0.08016280084848404,0.1284223347902298
rosenbrock,1.0,2,cholesky,5,gumbel_softmax,8192,0.02,1000,3,rosenbrock,741,0.006416797637939453,-1.209114909172058,1.1386891603469849,0.6903250841534134,0.43284210562705994,0.2603188157081604,0.22319138050079346,0.2641439735889435
rosenbrock,1.0,2,cholesky,5,gumbel_softmax,8192,0.02,1000,3,rosenbrock,742,0.006459951400756836,-1.2192965745925903,1.0905791521072388,0.6899799216113367,0.4494485557079315,0.21054929494857788,0.37742069363594055,0.12339615821838379
rosenbrock,1.0,2,cholesky,5,gumbel_softmax,8192,0.02,1000,3,rosenbrock,743,0.006437063217163086,-1.2364401817321777,1.139194369316101,0.6896349316505311,0.5584901571273804,0.19071200489997864,0.5061708688735962,0.1390371173620224
rosenbrock,1.0,2,cholesky,5,gumbel_softmax,8192,0.02,1000,3,rosenbrock,744,0.0064258575439453125,-1.2143547534942627,1.033272624015808,0.6892901141847059,0.2011493742465973,0.033917613327503204,0.17748332023620605,0.08837608993053436
rosenbrock,1.0,2,cholesky,5,gumbel_softmax,8192,0.02,1000,3,rosenbrock,745,0.006431102752685547,-1.2156620025634766,1.1709637641906738,0.6889454691276136,0.2697707414627075,0.1485494077205658,0.16722726821899414,0.15081235766410828
rosenbrock,1.0,2,cholesky,5,gumbel_softmax,8192,0.02,1000,3,rosenbrock,746,0.006452083587646484,-1.204805850982666,1.06495201587677,0.6886009963930497,0.16350816190242767,0.12855781614780426,0.07630233466625214,0.0662250816822052
rosenbrock,1.0,2,cholesky,5,gumbel_softmax,8192,0.02,1000,3,rosenbrock,747,0.006451129913330078,-1.2206331491470337,1.141320824623108,0.6882566958948533,0.21890167891979218,0.15498991310596466,0.09608721733093262,0.12109217792749405
rosenbrock,1.0,2,cholesky,5,gumbel_softmax,8192,0.02,1000,3,rosenbrock,748,0.006490945816040039,-1.2241475582122803,1.0727903842926025,0.6879125675469059,0.3920173943042755,0.22608478367328644,0.30921196937561035,0.08337404578924179
rosenbrock,1.0,2,cholesky,5,gumbel_softmax,8192,0.02,1000,3,rosenbrock,749,0.006446123123168945,-1.2116270065307617,1.1539584398269653,0.6875686112631325,0.5203831791877747,0.22639621794223785,0.3886578381061554,0.2617030143737793
rosenbrock,1.0,2,cholesky,5,gumbel_softmax,8192,0.02,1000,3,rosenbrock,750,0.006452083587646484,-1.2222952842712402,1.0462826490402222,0.687224826957501,0.22545138001441956,0.08004418015480042,0.19420629739761353,0.08188510686159134
rosenbrock,1.0,2,cholesky,5,gumbel_softmax,8192,0.02,1000,3,rosenbrock,751,0.006455183029174805,-1.2105226516723633,1.1231454610824585,0.6868812145440223,0.11303126066923141,0.08844461292028427,0.0247663501650095,0.06588052958250046
rosenbrock,1.0,2,cholesky,5,gumbel_softmax,8192,0.02,1000,3,rosenbrock,752,0.00644683837890625,-1.2104915380477905,1.095404028892517,0.6865377739367503,0.17733672261238098,0.034364450722932816,0.14155448973178864,0.10114210844039917
rosenbrock,1.0,2,cholesky,5,gumbel_softmax,8192,0.02,1000,3,rosenbrock,753,0.006451129913330078,-1.2001550197601318,1.0463157892227173,0.686194505049782,0.27678728103637695,0.1450493335723877,0.16109052300453186,0.17210961878299713
rosenbrock,1.0,2,cholesky,5,gumbel_softmax,8192,0.02,1000,3,rosenbrock,754,0.00646519660949707,-1.2342910766601562,1.1721991300582886,0.6858514077972571,0.36683759093284607,0.19472572207450867,0.24712489545345306,0.18862932920455933
rosenbrock,1.0,2,cholesky,5,gumbel_softmax,8192,0.02,1000,3,rosenbrock,755,0.006446123123168945,-1.2231884002685547,1.0534769296646118,0.6855084820933585,0.2580651640892029,0.07966382801532745,0.16387218236923218,0.18274907767772675
rosenbrock,1.0,2,cholesky,5,gumbel_softmax,8192,0.02,1000,3,rosenbrock,756,0.006464958190917969,-1.1938912868499756,1.0368794202804565,0.6851657278523119,0.3118307590484619,0.1903098076581955,0.2061067819595337,0.1361638456583023
rosenbrock,1.0,2,cholesky,5,gumbel_softmax,8192,0.02,1000,3,rosenbrock,757,0.006432056427001953,-1.2082865238189697,1.1348797082901,0.6848231449883857,0.1469181478023529,0.016604330390691757,0.12867599725723267,0.06893277168273926
rosenbrock,1.0,2,cholesky,5,gumbel_softmax,8192,0.02,1000,3,rosenbrock,758,0.0066869258880615234,-1.2127737998962402,1.0873419046401978,0.6844807334158916,0.2279774397611618,0.189785435795784,0.09546991437673569,0.08270852267742157
rosenbrock,1.0,2,cholesky,5,gumbel_softmax,8192,0.02,1000,3,rosenbrock,759,0.006470918655395508,-1.187265396118164,1.0366590023040771,0.6841384930491836,0.2131461799144745,0.1492737978696823,0.0767504945397377,0.1313696801662445
rosenbrock,1.0,2,cholesky,5,gumbel_softmax,8192,0.02,1000,3,rosenbrock,760,0.006439924240112305,-1.2137477397918701,1.1146920919418335,0.6837964238026591,0.1517346203327179,0.04599788412451744,0.1407507061958313,0.03311840444803238
rosenbrock,1.0,2,cholesky,5,gumbel_softmax,8192,0.02,1000,3,rosenbrock,761,0.006441831588745117,-1.2095341682434082,1.102798581123352,0.6834545255907578,0.24342338740825653,0.09025158733129501,0.2087908685207367,0.08669472485780716
rosenbrock,1.0,2,cholesky,5,gumbel_softmax,8192,0.02,1000,3,rosenbrock,762,0.006566762924194336,-1.2012733221054077,1.030632495880127,0.6831127983279625,0.35361284017562866,0.2576168477535248,0.13737358152866364,0.1995096653699875
rosenbrock,1.0,2,cholesky,5,gumbel_softmax,8192,0.02,1000,3,rosenbrock,763,0.0064508914947509766,-1.2100306749343872,1.0654374361038208,0.6827712419287986,0.2253619134426117,0.09552432596683502,0.15982693433761597,0.12695841491222382
rosenbrock,1.0,2,cholesky,5,gumbel_softmax,8192,0.02,1000,3,rosenbrock,764,0.006451129913330078,-1.1976345777511597,1.124772071838379,0.6824298563078341,0.38289204239845276,0.18067683279514313,0.2767847776412964,0.19326762855052948
rosenbrock,1.0,2,cholesky,5,gumbel_softmax,8192,0.02,1000,3,rosenbrock,765,0.006448984146118164,-1.2278043031692505,1.1230124235153198,0.6820886413796803,0.17856018245220184,0.03052607923746109,0.14393365383148193,0.10116816312074661
rosenbrock,1.0,2,cholesky,5,gumbel_softmax,8192,0.02,1000,3,rosenbrock,766,0.006444692611694336,-1.208236575126648,1.0787521600723267,0.6817475970589905,0.21519041061401367,0.08794829249382019,0.17464016377925873,0.08984891325235367
rosenbrock,1.0,2,cholesky,5,gumbel_softmax,8192,0.02,1000,3,rosenbrock,767,0.006449222564697266,-1.2362269163131714,1.0788921117782593,0.681406723260461,0.08738978952169418,0.02094203792512417,0.07020435482263565,0.04764193668961525
rosenbrock,1.0,2,cholesky,5,gumbel_softmax,8192,0.02,1000,3,rosenbrock,768,0.0064449310302734375,-1.1948614120483398,1.0890032052993774,0.6810660198988309,0.2516590356826782,0.10167274624109268,0.19162297248840332,0.12757574021816254
rosenbrock,1.0,2,cholesky,5,gumbel_softmax,8192,0.02,1000,3,rosenbrock,769,0.006443023681640625,-1.219658374786377,1.1063123941421509,0.6807254868888815,0.15278783440589905,0.11523135751485825,0.050937458872795105,0.08643628656864166
rosenbrock,1.0,2,cholesky,5,gumbel_softmax,8192,0.02,1000,3,rosenbrock,770,0.006446123123168945,-1.2181005477905273,1.1441550254821777,0.6803851241454371,0.16557462513446808,0.05222779139876366,0.13701647520065308,0.07690059393644333
rosenbrock,1.0,2,cholesky,5,gumbel_softmax,8192,0.02,1000,3,rosenbrock,771,0.006422996520996094,-1.223400592803955,1.1079161167144775,0.6800449315833644,0.14884671568870544,0.12397097051143646,0.03651272505521774,0.07384688407182693
rosenbrock,1.0,2,cholesky,5,gumbel_softmax,8192,0.02,1000,3,rosenbrock,772,0.0064220428466796875,-1.2123386859893799,1.063468098640442,0.6797049091175728,0.34210002422332764,0.115699902176857,0.1665845513343811,0.27549147605895996
rosenbrock,1.0,2,cholesky,5,gumbel_softmax,8192,0.02,1000,3,rosenbrock,773,0.006438255310058594,-1.166514277458191,1.0452022552490234,0.6793650566630139,0.2502003014087677,0.06764797866344452,0.15763206779956818,0.18214298784732819
rosenbrock,1.0,2,cholesky,5,gumbel_softmax,8192,0.02,1000,3,rosenbrock,774,0.006473064422607422,-1.2284687757492065,1.089929223060608,0.6790253741346826,0.17457203567028046,0.021303554996848106,0.16549426317214966,0.05131475627422333
rosenbrock,1.0,2,cholesky,5,gumbel_softmax,8192,0.02,1000,3,rosenbrock,775,0.006443023681640625,-1.207331895828247,1.0756433010101318,0.6786858614476152,0.15460747480392456,0.039070192724466324,0.07949545979499817,0.12671804428100586
rosenbrock,1.0,2,cholesky,5,gumbel_softmax,8192,0.02,1000,3,rosenbrock,776,0.006430864334106445,-1.2025549411773682,1.098281741142273,0.6783465185168914,0.2834608852863312,0.07335517555475235,0.1423165202140808,0.23391257226467133
rosenbrock,1.0,2,cholesky,5,gumbel_softmax,8192,0.02,1000,3,rosenbrock,777,0.006694793701171875,-1.2491997480392456,1.1918178796768188,0.6780073452576331,0.21799631416797638,0.02483369968831539,0.1384558081626892,0.16654030978679657
rosenbrock,1.0,2,cholesky,5,gumbel_softmax,8192,0.02,1000,3,rosenbrock,778,0.006460905075073242,-1.2251317501068115,1.087639331817627,0.6776683415850042,0.22466538846492767,0.09838125109672546,0.12072734534740448,0.16192765533924103
rosenbrock,1.0,2,cholesky,5,gumbel_softmax,8192,0.02,1000,3,rosenbrock,779,0.0064351558685302734,-1.2284103631973267,1.1478593349456787,0.6773295074142118,0.23707890510559082,0.049923669546842575,0.1948162466287613,0.12554149329662323
rosenbrock,1.0,2,cholesky,5,gumbel_softmax,8192,0.02,1000,3,rosenbrock,780,0.006436824798583984,-1.2302329540252686,1.1269850730895996,0.6769908426605047,0.10839314013719559,0.025024985894560814,0.08270639181137085,0.06544061005115509
rosenbrock,1.0,2,cholesky,5,gumbel_softmax,8192,0.02,1000,3,rosenbrock,781,0.006446123123168945,-1.2082395553588867,1.066321611404419,0.6766523472391746,0.11382737755775452,0.038724135607481,0.0887594223022461,0.05982372537255287
rosenbrock,1.0,2,cholesky,5,gumbel_softmax,8192,0.02,1000,3,rosenbrock,782,0.006495952606201172,-1.2240173816680908,1.172745943069458,0.6763140210655549,0.09962473809719086,0.017967471852898598,0.05534578114748001,0.08086472749710083
rosenbrock,1.0,2,cholesky,5,gumbel_softmax,8192,0.02,1000,3,rosenbrock,783,0.006478786468505859,-1.2307742834091187,1.1209502220153809,0.6759758640550222,0.21853120625019073,0.018712058663368225,0.11273840814828873,0.18626809120178223
rosenbrock,1.0,2,cholesky,5,gumbel_softmax,8192,0.02,1000,3,rosenbrock,784,0.0064487457275390625,-1.2158640623092651,1.0439108610153198,0.6756378761229948,0.2632726728916168,0.1296888291835785,0.13286392390727997,0.18665604293346405
rosenbrock,1.0,2,cholesky,5,gumbel_softmax,8192,0.02,1000,3,rosenbrock,785,0.006464958190917969,-1.2198543548583984,1.063021183013916,0.6753000571849332,0.18358410894870758,0.02894243784248829,0.12433218955993652,0.1319354623556137
rosenbrock,1.0,2,cholesky,5,gumbel_softmax,8192,0.02,1000,3,rosenbrock,786,0.006994009017944336,-1.210471749305725,1.0297064781188965,0.6749624071563408,0.20770466327667236,0.007552387658506632,0.15203964710235596,0.14130863547325134
rosenbrock,1.0,2,cholesky,5,gumbel_softmax,8192,0.02,1000,3,rosenbrock,787,0.0068471431732177734,-1.2079983949661255,1.1209309101104736,0.6746249259527627,0.10237237066030502,0.014978626742959023,0.039074867963790894,0.09342856705188751
rosenbrock,1.0,2,cholesky,5,gumbel_softmax,8192,0.02,1000,3,rosenbrock,788,0.007003068923950195,-1.209686279296875,1.1228455305099487,0.6742876134897864,0.2249835878610611,0.0859001949429512,0.10855897516012192,0.1773519665002823
rosenbrock,1.0,2,cholesky,5,gumbel_softmax,8192,0.02,1000,3,rosenbrock,789,0.006708860397338867,-1.2270121574401855,1.0935266017913818,0.6739504696830415,0.17480586469173431,0.036628127098083496,0.07672136276960373,0.15273931622505188
rosenbrock,1.0,2,cholesky,5,gumbel_softmax,8192,0.02,1000,3,rosenbrock,790,0.006613016128540039,-1.214860439300537,1.0907479524612427,0.6736134944482001,0.2870310842990875,0.17343921959400177,0.1510189175605774,0.17175261676311493
rosenbrock,1.0,2,cholesky,5,gumbel_softmax,8192,0.02,1000,3,rosenbrock,791,0.006576061248779297,-1.227295994758606,1.0852501392364502,0.6732766877009759,0.274328351020813,0.08243492990732193,0.19609995186328888,0.17322050034999847
rosenbrock,1.0,2,cholesky,5,gumbel_softmax,8192,0.02,1000,3,rosenbrock,792,0.006549835205078125,-1.221596121788025,1.1022976636886597,0.6729400493571255,0.1658024936914444,0.0907105803489685,0.12129393219947815,0.06745249032974243
rosenbrock,1.0,2,cholesky,5,gumbel_softmax,8192,0.02,1000,3,rosenbrock,793,0.0064928531646728516,-1.2210047245025635,1.0887346267700195,0.672603579332447,0.3511706590652466,0.1194397360086441,0.23721283674240112,0.22974999248981476
rosenbrock,1.0,2,cholesky,5,gumbel_softmax,8192,0.02,1000,3,rosenbrock,794,0.006510019302368164,-1.204234004020691,0.9976724982261658,0.6722672775427808,0.20064713060855865,0.09629911929368973,0.09147723764181137,0.15039169788360596
rosenbrock,1.0,2,cholesky,5,gumbel_softmax,8192,0.02,1000,3,rosenbrock,795,0.006482839584350586,-1.219710350036621,1.0798343420028687,0.6719311439040094,0.1957118809223175,0.024316510185599327,0.09859016537666321,0.16730760037899017
rosenbrock,1.0,2,cholesky,5,gumbel_softmax,8192,0.02,1000,3,rosenbrock,796,0.0065419673919677734,-1.212158441543579,1.0312319993972778,0.6715951783320575,0.268093079328537,0.13522164523601532,0.18804238736629486,0.1350151002407074
rosenbrock,1.0,2,cholesky,5,gumbel_softmax,8192,0.02,1000,3,rosenbrock,797,0.0064849853515625,-1.2198776006698608,1.1447280645370483,0.6712593807428915,0.1361105740070343,0.06978392601013184,0.050904691219329834,0.10519032180309296
rosenbrock,1.0,2,cholesky,5,gumbel_softmax,8192,0.02,1000,3,rosenbrock,798,0.006536006927490234,-1.2096264362335205,1.081333875656128,0.6709237510525201,0.2343364804983139,0.015438022091984749,0.2158593386411667,0.089888796210289
rosenbrock,1.0,2,cholesky,5,gumbel_softmax,8192,0.02,1000,3,rosenbrock,799,0.006536006927490234,-1.2102055549621582,1.1211689710617065,0.6705882891769939,0.2532869279384613,0.06079157814383507,0.20021690428256989,0.1427299678325653
rosenbrock,1.0,2,cholesky,5,gumbel_softmax,8192,0.02,1000,3,rosenbrock,800,0.0065190792083740234,-1.205927848815918,1.0936800241470337,0.6702529950324054,0.1651517003774643,0.09376844018697739,0.11504846811294556,0.07243214547634125
rosenbrock,1.0,2,cholesky,5,gumbel_softmax,8192,0.02,1000,3,rosenbrock,801,0.00649714469909668,-1.1977083683013916,1.0852776765823364,0.6699178685348892,0.19354820251464844,0.03784637898206711,0.1282673478126526,0.13991442322731018
rosenbrock,1.0,2,cholesky,5,gumbel_softmax,8192,0.02,1000,3,rosenbrock,802,0.0064640045166015625,-1.2125422954559326,1.148759126663208,0.6695829096006218,0.18619757890701294,0.02565188519656658,0.11127548664808273,0.14706899225711823
rosenbrock,1.0,2,cholesky,5,gumbel_softmax,8192,0.02,1000,3,rosenbrock,803,0.00649714469909668,-1.2107505798339844,1.0547810792922974,0.6692481181458215,0.0865626335144043,0.012035214342176914,0.05398758128285408,0.06658516079187393
rosenbrock,1.0,2,cholesky,5,gumbel_softmax,8192,0.02,1000,3,rosenbrock,804,0.006498098373413086,-1.2141685485839844,1.0515985488891602,0.6689134940867487,0.1499825119972229,0.03962724655866623,0.04618540778756142,0.13708150386810303
rosenbrock,1.0,2,cholesky,5,gumbel_softmax,8192,0.02,1000,3,rosenbrock,805,0.006460905075073242,-1.205696940422058,1.0800381898880005,0.6685790373397054,0.14302967488765717,0.05803661420941353,0.09336831420660019,0.09149644523859024
rosenbrock,1.0,2,cholesky,5,gumbel_softmax,8192,0.02,1000,3,rosenbrock,806,0.006450176239013672,-1.2275941371917725,1.133890986442566,0.6682447478210355,0.16700677573680878,0.0843132808804512,0.12320198863744736,0.07485856115818024
rosenbrock,1.0,2,cholesky,5,gumbel_softmax,8192,0.02,1000,3,rosenbrock,807,0.006475925445556641,-1.219516634941101,1.0721101760864258,0.6679106254471251,0.2133958786725998,0.03380104899406433,0.1806909292936325,0.1083793193101883
rosenbrock,1.0,2,cholesky,5,gumbel_softmax,8192,0.02,1000,3,rosenbrock,808,0.006456136703491211,-1.2212814092636108,1.1288329362869263,0.6675766701344015,0.2943074107170105,0.1289682686328888,0.16303420066833496,0.2083359956741333
rosenbrock,1.0,2,cholesky,5,gumbel_softmax,8192,0.02,1000,3,rosenbrock,809,0.0064830780029296875,-1.2199493646621704,1.1524842977523804,0.6672428817993343,0.48532286286354065,0.1646009087562561,0.33023354411125183,0.3152628242969513
rosenbrock,1.0,2,cholesky,5,gumbel_softmax,8192,0.02,1000,3,rosenbrock,810,0.006537914276123047,-1.2101967334747314,1.1527856588363647,0.6669092603584347,0.18376727402210236,0.09834757447242737,0.042454611510038376,0.1493176817893982
rosenbrock,1.0,2,cholesky,5,gumbel_softmax,8192,0.02,1000,3,rosenbrock,811,0.006489992141723633,-1.2188305854797363,1.1178661584854126,0.6665758057282556,0.33231279253959656,0.041208814829587936,0.1503210812807083,0.293491393327713
rosenbrock,1.0,2,cholesky,5,gumbel_softmax,8192,0.02,1000,3,rosenbrock,812,0.006464958190917969,-1.2074534893035889,1.0702428817749023,0.6662425178253915,0.16014041006565094,0.03594587370753288,0.09103941172361374,0.12674647569656372
rosenbrock,1.0,2,cholesky,5,gumbel_softmax,8192,0.02,1000,3,rosenbrock,813,0.006456851959228516,-1.2063087224960327,1.0455031394958496,0.6659093965664789,0.36347320675849915,0.02451443113386631,0.2670886218547821,0.24530689418315887
rosenbrock,1.0,2,cholesky,5,gumbel_softmax,8192,0.02,1000,3,rosenbrock,814,0.006442070007324219,-1.2240527868270874,1.1459040641784668,0.6655764418681956,0.1708640605211258,0.12653735280036926,0.08802279084920883,0.07372120022773743
rosenbrock,1.0,2,cholesky,5,gumbel_softmax,8192,0.02,1000,3,rosenbrock,815,0.006509065628051758,-1.2083680629730225,1.0294842720031738,0.6652436536472616,0.23860801756381989,0.06021442636847496,0.2007291615009308,0.11408684402704239
rosenbrock,1.0,2,cholesky,5,gumbel_softmax,8192,0.02,1000,3,rosenbrock,816,0.006575822830200195,-1.2469950914382935,1.0606436729431152,0.664911031820438,0.2808603048324585,0.1039675697684288,0.06880619376897812,0.25167232751846313
rosenbrock,1.0,2,cholesky,5,gumbel_softmax,8192,0.02,1000,3,rosenbrock,817,0.006433010101318359,-1.2010705471038818,1.0522875785827637,0.6645785763045278,0.13421551883220673,0.024774588644504547,0.05235518515110016,0.12107418477535248
rosenbrock,1.0,2,cholesky,5,gumbel_softmax,8192,0.02,1000,3,rosenbrock,818,0.00658106803894043,-1.2025904655456543,1.0463347434997559,0.6642462870163756,0.3146496117115021,0.23308809101581573,0.1531846970319748,0.1456322968006134
rosenbrock,1.0,2,cholesky,5,gumbel_softmax,8192,0.02,1000,3,rosenbrock,819,0.006457090377807617,-1.2150518894195557,1.074033260345459,0.6639141638728674,0.13566099107265472,0.1007799580693245,0.0492740273475647,0.07628482580184937
rosenbrock,1.0,2,cholesky,5,gumbel_softmax,8192,0.02,1000,3,rosenbrock,820,0.006443023681640625,-1.2062207460403442,1.0465160608291626,0.6635822067909309,0.20581857860088348,0.1711982786655426,0.07808759063482285,0.08339524269104004
rosenbrock,1.0,2,cholesky,5,gumbel_softmax,8192,0.02,1000,3,rosenbrock,821,0.006494045257568359,-1.1869040727615356,1.027275800704956,0.6632504156875355,0.23791588842868805,0.1442517787218094,0.11313720792531967,0.15164221823215485
rosenbrock,1.0,2,cholesky,5,gumbel_softmax,8192,0.02,1000,3,rosenbrock,822,0.006552934646606445,-1.1938502788543701,1.1164854764938354,0.6629187904796918,0.2744623124599457,0.08617018163204193,0.13827547430992126,0.22087137401103973
rosenbrock,1.0,2,cholesky,5,gumbel_softmax,8192,0.02,1000,3,rosenbrock,823,0.006448984146118164,-1.219040036201477,1.1017168760299683,0.662587331084452,0.1715414971113205,0.09434018284082413,0.10092264413833618,0.10169088840484619
rosenbrock,1.0,2,cholesky,5,gumbel_softmax,8192,0.02,1000,3,rosenbrock,824,0.006424903869628906,-1.209693193435669,1.08058500289917,0.6622560374189098,0.2927986681461334,0.16920599341392517,0.1576320379972458,0.17958994209766388
rosenbrock,1.0,2,cholesky,5,gumbel_softmax,8192,0.02,1000,3,rosenbrock,825,0.0064198970794677734,-1.208542823791504,1.158116340637207,0.6619249094002004,0.3265079855918884,0.22474609315395355,0.21233996748924255,0.1049208790063858
rosenbrock,1.0,2,cholesky,5,gumbel_softmax,8192,0.02,1000,3,rosenbrock,826,0.006572723388671875,-1.2014844417572021,1.066341757774353,0.6615939469455003,0.2684685289859772,0.0685887262225151,0.13256573677062988,0.2231529951095581
rosenbrock,1.0,2,cholesky,5,gumbel_softmax,8192,0.02,1000,3,rosenbrock,827,0.00649714469909668,-1.1906412839889526,1.0875370502471924,0.6612631499720276,0.34898513555526733,0.13394571840763092,0.24155639111995697,0.21330654621124268
rosenbrock,1.0,2,cholesky,5,gumbel_softmax,8192,0.02,1000,3,rosenbrock,828,0.006562948226928711,-1.1923202276229858,1.0371700525283813,0.6609325183970417,0.17880332469940186,0.07310245931148529,0.11587586998939514,0.11488882452249527
rosenbrock,1.0,2,cholesky,5,gumbel_softmax,8192,0.02,1000,3,rosenbrock,829,0.006495952606201172,-1.2064749002456665,1.1028611660003662,0.6606020521378432,0.2999631464481354,0.21363505721092224,0.1926417052745819,0.0850125253200531
rosenbrock,1.0,2,cholesky,5,gumbel_softmax,8192,0.02,1000,3,rosenbrock,830,0.006512880325317383,-1.2092384099960327,1.0582630634307861,0.6602717511117743,0.3052237331867218,0.1891176700592041,0.16412657499313354,0.17452360689640045
rosenbrock,1.0,2,cholesky,5,gumbel_softmax,8192,0.02,1000,3,rosenbrock,831,0.006454944610595703,-1.2069355249404907,1.10930335521698,0.6599416152362184,0.3651244342327118,0.20100268721580505,0.24510060250759125,0.18121664226055145
rosenbrock,1.0,2,cholesky,5,gumbel_softmax,8192,0.02,1000,3,rosenbrock,832,0.006576061248779297,-1.213284969329834,1.1232562065124512,0.6596116444286003,0.30548080801963806,0.0729575976729393,0.26610004901885986,0.1310972273349762
rosenbrock,1.0,2,cholesky,5,gumbel_softmax,8192,0.02,1000,3,rosenbrock,833,0.0070037841796875,-1.196031093597412,1.0583292245864868,0.6592818386063861,0.12655892968177795,0.03922411799430847,0.046150676906108856,0.1111249104142189
rosenbrock,1.0,2,cholesky,5,gumbel_softmax,8192,0.02,1000,3,rosenbrock,834,0.0066890716552734375,-1.2160162925720215,1.1969661712646484,0.6589521976870829,0.22717690467834473,0.03595396503806114,0.14410549402236938,0.1719019114971161
rosenbrock,1.0,2,cholesky,5,gumbel_softmax,8192,0.02,1000,3,rosenbrock,835,0.006479978561401367,-1.2211753129959106,1.1337594985961914,0.6586227215882394,0.33470848202705383,0.046565841883420944,0.3256908357143402,0.06153758987784386
rosenbrock,1.0,2,cholesky,5,gumbel_softmax,8192,0.02,1000,3,rosenbrock,836,0.006476879119873047,-1.2015221118927002,1.151755690574646,0.6582934102274454,0.1776139885187149,0.034956734627485275,0.07291308790445328,0.15814055502414703
rosenbrock,1.0,2,cholesky,5,gumbel_softmax,8192,0.02,1000,3,rosenbrock,837,0.0065021514892578125,-1.2088720798492432,1.1379846334457397,0.6579642635223316,0.22400780022144318,0.13374213874340057,0.1678861826658249,0.06408403813838959
rosenbrock,1.0,2,cholesky,5,gumbel_softmax,8192,0.02,1000,3,rosenbrock,838,0.006591081619262695,-1.2116632461547852,1.058520793914795,0.6576352813905705,0.3193531930446625,0.1144532710313797,0.1594465672969818,0.25192004442214966
rosenbrock,1.0,2,cholesky,5,gumbel_softmax,8192,0.02,1000,3,rosenbrock,839,0.006564140319824219,-1.2126343250274658,1.1585971117019653,0.6573064637498752,0.14921745657920837,0.09420306980609894,0.04018019884824753,0.10852270573377609
rosenbrock,1.0,2,cholesky,5,gumbel_softmax,8192,0.02,1000,3,rosenbrock,840,0.006485939025878906,-1.2201255559921265,1.1551741361618042,0.6569778105180004,0.20004884898662567,0.07411344349384308,0.13667793571949005,0.1258804351091385
rosenbrock,1.0,2,cholesky,5,gumbel_softmax,8192,0.02,1000,3,rosenbrock,841,0.0068171024322509766,-1.196578860282898,1.0323580503463745,0.6566493216127414,0.2016320526599884,0.16656683385372162,0.07556398957967758,0.08485899120569229
rosenbrock,1.0,2,cholesky,5,gumbel_softmax,8192,0.02,1000,3,rosenbrock,842,0.0064389705657958984,-1.2041428089141846,1.0659096240997314,0.6563209969519351,0.27033567428588867,0.1773054450750351,0.13688881695270538,0.15134595334529877
rosenbrock,1.0,2,cholesky,5,gumbel_softmax,8192,0.02,1000,3,rosenbrock,843,0.0064542293548583984,-1.2312036752700806,1.1322553157806396,0.6559928364534592,0.5545140504837036,0.22800961136817932,0.45135706663131714,0.22753968834877014
rosenbrock,1.0,2,cholesky,5,gumbel_softmax,8192,0.02,1000,3,rosenbrock,844,0.006506919860839844,-1.1937055587768555,1.0723339319229126,0.6556648400352325,0.18840353190898895,0.13020147383213043,0.12610702216625214,0.051385581493377686
rosenbrock,1.0,2,cholesky,5,gumbel_softmax,8192,0.02,1000,3,rosenbrock,845,0.007328033447265625,-1.2169370651245117,1.0834424495697021,0.6553370076152149,0.24549055099487305,0.15483252704143524,0.08560086786746979,0.17019104957580566
rosenbrock,1.0,2,cholesky,5,gumbel_softmax,8192,0.02,1000,3,rosenbrock,846,0.006680727005004883,-1.216181993484497,1.0547471046447754,0.6550093391114074,0.13621631264686584,0.050159938633441925,0.05936792120337486,0.11186739802360535
rosenbrock,1.0,2,cholesky,5,gumbel_softmax,8192,0.02,1000,3,rosenbrock,847,0.006632089614868164,-1.2056509256362915,1.0903844833374023,0.6546818344418517,0.1852441281080246,0.021173523738980293,0.1646115928888321,0.08228057622909546
rosenbrock,1.0,2,cholesky,5,gumbel_softmax,8192,0.02,1000,3,rosenbrock,848,0.006628990173339844,-1.1992332935333252,1.0367968082427979,0.6543544935246307,0.42767149209976196,0.12050604075193405,0.2470455765724182,0.32764264941215515
rosenbrock,1.0,2,cholesky,5,gumbel_softmax,8192,0.02,1000,3,rosenbrock,849,0.006586790084838867,-1.188193678855896,1.036795973777771,0.6540273162778685,0.1300196647644043,0.04900015518069267,0.08369842171669006,0.08659485727548599
rosenbrock,1.0,2,cholesky,5,gumbel_softmax,8192,0.02,1000,3,rosenbrock,850,0.006554126739501953,-1.199706792831421,1.1099878549575806,0.6537003026197296,0.16901986300945282,0.13210149109363556,0.053929343819618225,0.09060099720954895
rosenbrock,1.0,2,cholesky,5,gumbel_softmax,8192,0.02,1000,3,rosenbrock,851,0.0066030025482177734,-1.1888737678527832,0.9923132658004761,0.6533734524684197,0.4197204113006592,0.11295002698898315,0.2724619209766388,0.298616886138916
rosenbrock,1.0,2,cholesky,5,gumbel_softmax,8192,0.02,1000,3,rosenbrock,852,0.0065631866455078125,-1.1869897842407227,1.0617800951004028,0.6530467657421856,0.13329404592514038,0.02106248401105404,0.09971446543931961,0.08591102063655853
rosenbrock,1.0,2,cholesky,5,gumbel_softmax,8192,0.02,1000,3,rosenbrock,853,0.0065500736236572266,-1.2133140563964844,1.1074236631393433,0.6527202423593145,0.18693098425865173,0.07001470029354095,0.16525214910507202,0.05227679759263992
rosenbrock,1.0,2,cholesky,5,gumbel_softmax,8192,0.02,1000,3,rosenbrock,854,0.006576061248779297,-1.1924512386322021,1.1300259828567505,0.6523938822381349,0.22482144832611084,0.1257675290107727,0.15107618272304535,0.10910177230834961
rosenbrock,1.0,2,cholesky,5,gumbel_softmax,8192,0.02,1000,3,rosenbrock,855,0.006498098373413086,-1.1869902610778809,1.065299391746521,0.6520676852970159,0.20623043179512024,0.11988158524036407,0.15514236688613892,0.06395500153303146
rosenbrock,1.0,2,cholesky,5,gumbel_softmax,8192,0.02,1000,3,rosenbrock,856,0.006571054458618164,-1.1789839267730713,1.136724829673767,0.6517416514543674,0.44370555877685547,0.11208163946866989,0.32251420617103577,0.2833670675754547
rosenbrock,1.0,2,cholesky,5,gumbel_softmax,8192,0.02,1000,3,rosenbrock,857,0.0068187713623046875,-1.1995527744293213,1.0442578792572021,0.6514157806286403,0.09907184541225433,0.062333669513463974,0.05646085366606712,0.052363310009241104
rosenbrock,1.0,2,cholesky,5,gumbel_softmax,8192,0.02,1000,3,rosenbrock,858,0.006567955017089844,-1.213863730430603,1.0985459089279175,0.651090072738326,0.29472771286964417,0.17622993886470795,0.11671427637338638,0.20539039373397827
rosenbrock,1.0,2,cholesky,5,gumbel_softmax,8192,0.02,1000,3,rosenbrock,859,0.006541013717651367,-1.1937625408172607,1.129923939704895,0.6507645277019568,0.20241853594779968,0.025609388947486877,0.13506296277046204,0.1485779732465744
rosenbrock,1.0,2,cholesky,5,gumbel_softmax,8192,0.02,1000,3,rosenbrock,860,0.006557941436767578,-1.2031198740005493,1.020630121231079,0.6504391454381059,0.10983311384916306,0.015723006799817085,0.05097405984997749,0.09600908309221268
rosenbrock,1.0,2,cholesky,5,gumbel_softmax,8192,0.02,1000,3,rosenbrock,861,0.006569862365722656,-1.2097560167312622,1.1537407636642456,0.6501139258653869,0.15331204235553741,0.016562383621931076,0.1429174393415451,0.052961062639951706
rosenbrock,1.0,2,cholesky,5,gumbel_softmax,8192,0.02,1000,3,rosenbrock,862,0.0068471431732177734,-1.2156765460968018,1.0926622152328491,0.6497888689024542,0.27764493227005005,0.03944607824087143,0.19011008739471436,0.1984662562608719
rosenbrock,1.0,2,cholesky,5,gumbel_softmax,8192,0.02,1000,3,rosenbrock,863,0.0069561004638671875,-1.2046359777450562,1.11390221118927,0.649463974468003,0.31842607259750366,0.04617089778184891,0.28100258111953735,0.14248144626617432
rosenbrock,1.0,2,cholesky,5,gumbel_softmax,8192,0.02,1000,3,rosenbrock,864,0.0065021514892578125,-1.1823971271514893,1.0675352811813354,0.649139242480769,0.190733402967453,0.08400075882673264,0.1304103136062622,0.11097859591245651
rosenbrock,1.0,2,cholesky,5,gumbel_softmax,8192,0.02,1000,3,rosenbrock,865,0.006471872329711914,-1.2092965841293335,1.1278386116027832,0.6488146728595287,0.12383222579956055,0.011388207785785198,0.029221240431070328,0.11979503184556961
rosenbrock,1.0,2,cholesky,5,gumbel_softmax,8192,0.02,1000,3,rosenbrock,866,0.006524085998535156,-1.206284999847412,1.1735774278640747,0.648490265523099,0.21595275402069092,0.1006990373134613,0.14595049619674683,0.1232629343867302
rosenbrock,1.0,2,cholesky,5,gumbel_softmax,8192,0.02,1000,3,rosenbrock,867,0.006512165069580078,-1.193732500076294,1.0826327800750732,0.6481660203903374,0.3040284514427185,0.1467500627040863,0.21834607422351837,0.1523900330066681
rosenbrock,1.0,2,cholesky,5,gumbel_softmax,8192,0.02,1000,3,rosenbrock,868,0.00654292106628418,-1.2122589349746704,1.0823317766189575,0.6478419373801423,0.16319704055786133,0.04746789485216141,0.13934697210788727,0.07044496387243271
rosenbrock,1.0,2,cholesky,5,gumbel_softmax,8192,0.02,1000,3,rosenbrock,869,0.0065462589263916016,-1.1969573497772217,1.0941177606582642,0.6475180164114523,0.3036451041698456,0.04915309697389603,0.18195486068725586,0.23806878924369812
rosenbrock,1.0,2,cholesky,5,gumbel_softmax,8192,0.02,1000,3,rosenbrock,870,0.00658106803894043,-1.187903642654419,1.0044692754745483,0.6471942574032467,0.20533809065818787,0.14403092861175537,0.09577804058790207,0.1106589213013649
rosenbrock,1.0,2,cholesky,5,gumbel_softmax,8192,0.02,1000,3,rosenbrock,871,0.006503105163574219,-1.18364417552948,1.091971516609192,0.646870660274545,0.17581845819950104,0.041718196123838425,0.1497056782245636,0.08221883326768875
rosenbrock,1.0,2,cholesky,5,gumbel_softmax,8192,0.02,1000,3,rosenbrock,872,0.006494045257568359,-1.199908971786499,1.129779577255249,0.6465472249444078,0.30264535546302795,0.06609958410263062,0.2570047676563263,0.1455114781856537
rosenbrock,1.0,2,cholesky,5,gumbel_softmax,8192,0.02,1000,3,rosenbrock,873,0.006496906280517578,-1.168039083480835,1.101035237312317,0.6462239513319356,0.19003407657146454,0.0216317567974329,0.07733844965696335,0.1722317785024643
rosenbrock,1.0,2,cholesky,5,gumbel_softmax,8192,0.02,1000,3,rosenbrock,874,0.006518125534057617,-1.20796537399292,1.2492661476135254,0.6459008393562696,0.21067234873771667,0.04558856785297394,0.08563441038131714,0.18700605630874634
rosenbrock,1.0,2,cholesky,5,gumbel_softmax,8192,0.02,1000,3,rosenbrock,875,0.006580829620361328,-1.187941312789917,1.168354868888855,0.6455778889365916,0.25664010643959045,0.1451708972454071,0.10651145875453949,0.18287937343120575
rosenbrock,1.0,2,cholesky,5,gumbel_softmax,8192,0.02,1000,3,rosenbrock,876,0.006509065628051758,-1.182350993156433,1.0262513160705566,0.6452550999921233,0.3553420901298523,0.1514529138803482,0.259279727935791,0.19001071155071259
rosenbrock,1.0,2,cholesky,5,gumbel_softmax,8192,0.02,1000,3,rosenbrock,877,0.006613969802856445,-1.180354356765747,1.0350879430770874,0.6449324724421273,0.377918004989624,0.1507045477628708,0.21557767689228058,0.27136027812957764
rosenbrock,1.0,2,cholesky,5,gumbel_softmax,8192,0.02,1000,3,rosenbrock,878,0.006651163101196289,-1.205933928489685,1.025676965713501,0.6446100062059062,0.16869880259037018,0.13071653246879578,0.04245041310787201,0.09782857447862625
rosenbrock,1.0,2,cholesky,5,gumbel_softmax,8192,0.02,1000,3,rosenbrock,879,0.006563663482666016,-1.182706594467163,1.0439724922180176,0.6442877012028033,0.16968421638011932,0.027284517884254456,0.13454045355319977,0.09973540157079697
rosenbrock,1.0,2,cholesky,5,gumbel_softmax,8192,0.02,1000,3,rosenbrock,880,0.0065877437591552734,-1.1774930953979492,1.005639910697937,0.643965557352202,0.38101375102996826,0.09673306345939636,0.34465837478637695,0.13047915697097778
rosenbrock,1.0,2,cholesky,5,gumbel_softmax,8192,0.02,1000,3,rosenbrock,881,0.006607770919799805,-1.2040120363235474,1.1062755584716797,0.643643574573526,0.2993394732475281,0.14027467370033264,0.19159501791000366,0.18225938081741333
rosenbrock,1.0,2,cholesky,5,gumbel_softmax,8192,0.02,1000,3,rosenbrock,882,0.0065457820892333984,-1.1950156688690186,1.1360334157943726,0.6433217527862392,0.16818957030773163,0.08440731465816498,0.09390707314014435,0.1111062541604042
rosenbrock,1.0,2,cholesky,5,gumbel_softmax,8192,0.02,1000,3,rosenbrock,883,0.006504058837890625,-1.1750479936599731,1.0661250352859497,0.6430000919098461,0.23671281337738037,0.1513894945383072,0.0720619484782219,0.16709654033184052
rosenbrock,1.0,2,cholesky,5,gumbel_softmax,8192,0.02,1000,3,rosenbrock,884,0.006601095199584961,-1.1855213642120361,1.1502145528793335,0.6426785918638912,0.2262972593307495,0.05489175766706467,0.21028025448322296,0.06308376789093018
rosenbrock,1.0,2,cholesky,5,gumbel_softmax,8192,0.02,1000,3,rosenbrock,885,0.0065670013427734375,-1.1889843940734863,1.0742225646972656,0.6423572525679593,0.3388407528400421,0.04674222692847252,0.29845625162124634,0.15346693992614746
rosenbrock,1.0,2,cholesky,5,gumbel_softmax,8192,0.02,1000,3,rosenbrock,886,0.006576061248779297,-1.1994389295578003,1.1636770963668823,0.6420360739416754,0.15844665467739105,0.02927851676940918,0.06648673862218857,0.14081057906150818
rosenbrock,1.0,2,cholesky,5,gumbel_softmax,8192,0.02,1000,3,rosenbrock,887,0.006544828414916992,-1.200334906578064,1.1364623308181763,0.6417150559047046,0.23359794914722443,0.09686541557312012,0.08839352428913116,0.19331754744052887
rosenbrock,1.0,2,cholesky,5,gumbel_softmax,8192,0.02,1000,3,rosenbrock,888,0.006599903106689453,-1.2021069526672363,1.1519469022750854,0.6413941983767523,0.25594016909599304,0.06167340278625488,0.1811121702194214,0.1700003743171692
rosenbrock,1.0,2,cholesky,5,gumbel_softmax,8192,0.02,1000,3,rosenbrock,889,0.006529092788696289,-1.2070481777191162,1.072113037109375,0.6410735012775639,0.251697838306427,0.13220973312854767,0.18566493690013885,0.10677501559257507
rosenbrock,1.0,2,cholesky,5,gumbel_softmax,8192,0.02,1000,3,rosenbrock,890,0.006574869155883789,-1.200029730796814,1.0581809282302856,0.6407529645269252,0.20729631185531616,0.16490012407302856,0.06546525657176971,0.10721014440059662
rosenbrock,1.0,2,cholesky,5,gumbel_softmax,8192,0.02,1000,3,rosenbrock,891,0.0065670013427734375,-1.191033959388733,1.098082423210144,0.6404325880446617,0.28027060627937317,0.027624323964118958,0.2604229748249054,0.09984175115823746
rosenbrock,1.0,2,cholesky,5,gumbel_softmax,8192,0.02,1000,3,rosenbrock,892,0.006582975387573242,-1.2082046270370483,1.3781169652938843,0.6401123717506394,0.19680644571781158,0.01426972821354866,0.15586130321025848,0.11931642889976501
rosenbrock,1.0,2,cholesky,5,gumbel_softmax,8192,0.02,1000,3,rosenbrock,893,0.006541013717651367,-1.1791876554489136,1.1018668413162231,0.6397923155647641,0.22423496842384338,0.024975065141916275,0.15964671969413757,0.1554686278104782
rosenbrock,1.0,2,cholesky,5,gumbel_softmax,8192,0.02,1000,3,rosenbrock,894,0.006518840789794922,-1.182252287864685,1.0201199054718018,0.6394724194069819,0.07006469368934631,0.012804836966097355,0.051370587199926376,0.045892927795648575
rosenbrock,1.0,2,cholesky,5,gumbel_softmax,8192,0.02,1000,3,rosenbrock,895,0.006620883941650391,-1.1805839538574219,1.0400973558425903,0.6391526831972784,0.17680910229682922,0.07021140307188034,0.08312796801328659,0.13936123251914978
rosenbrock,1.0,2,cholesky,5,gumbel_softmax,8192,0.02,1000,3,rosenbrock,896,0.006513118743896484,-1.1856293678283691,1.0940003395080566,0.6388331068556797,0.17374832928180695,0.09851231426000595,0.12347204983234406,0.07237718999385834
rosenbrock,1.0,2,cholesky,5,gumbel_softmax,8192,0.02,1000,3,rosenbrock,897,0.0065610408782958984,-1.2010838985443115,1.2468912601470947,0.6385136903022519,0.2529861032962799,0.10843393951654434,0.1389526128768921,0.1814834177494049
rosenbrock,1.0,2,cholesky,5,gumbel_softmax,8192,0.02,1000,3,rosenbrock,898,0.006631135940551758,-1.1897534132003784,1.0290181636810303,0.6381944334571008,0.2788657248020172,0.06818932294845581,0.21378672122955322,0.16556434333324432
rosenbrock,1.0,2,cholesky,5,gumbel_softmax,8192,0.02,1000,3,rosenbrock,899,0.006526947021484375,-1.206839680671692,1.088113784790039,0.6378753362403723,0.38579022884368896,0.07453128695487976,0.3641221821308136,0.10341284424066544
rosenbrock,1.0,2,cholesky,5,gumbel_softmax,8192,0.02,1000,3,rosenbrock,900,0.006556987762451172,-1.2129788398742676,1.10879385471344,0.6375563985722522,0.18483401834964752,0.0997128039598465,0.09468141198158264,0.12351679801940918
rosenbrock,1.0,2,cholesky,5,gumbel_softmax,8192,0.02,1000,3,rosenbrock,901,0.006540060043334961,-1.2071797847747803,1.0863299369812012,0.637237620372966,0.12790228426456451,0.01416170597076416,0.07109752297401428,0.10537353903055191
rosenbrock,1.0,2,cholesky,5,gumbel_softmax,8192,0.02,1000,3,rosenbrock,902,0.00677800178527832,-1.1757338047027588,1.0537456274032593,0.6369190015627796,0.1055813580751419,0.06352335214614868,0.04726415500044823,0.06984487175941467
rosenbrock,1.0,2,cholesky,5,gumbel_softmax,8192,0.02,1000,3,rosenbrock,903,0.007025957107543945,-1.200772762298584,1.0866153240203857,0.6366005420619982,0.24397742748260498,0.05542108789086342,0.10045328736305237,0.21531981229782104
rosenbrock,1.0,2,cholesky,5,gumbel_softmax,8192,0.02,1000,3,rosenbrock,904,0.007134199142456055,-1.201247215270996,0.9980677962303162,0.6362822417909674,0.1808118373155594,0.120445616543293,0.05579507350921631,0.12277086824178696
rosenbrock,1.0,2,cholesky,5,gumbel_softmax,8192,0.02,1000,3,rosenbrock,905,0.006609916687011719,-1.18240225315094,1.063520908355713,0.6359641006700719,0.2277527004480362,0.008932897821068764,0.20188380777835846,0.1050448939204216
rosenbrock,1.0,2,cholesky,5,gumbel_softmax,8192,0.02,1000,3,rosenbrock,906,0.006472110748291016,-1.1872823238372803,1.0793449878692627,0.6356461186197369,0.16683439910411835,0.04502566531300545,0.14646247029304504,0.065993532538414
rosenbrock,1.0,2,cholesky,5,gumbel_softmax,8192,0.02,1000,3,rosenbrock,907,0.00650477409362793,-1.180234432220459,1.0355513095855713,0.635328295560427,0.3504946827888489,0.10727667063474655,0.2840765416622162,0.17503929138183594
rosenbrock,1.0,2,cholesky,5,gumbel_softmax,8192,0.02,1000,3,rosenbrock,908,0.006484031677246094,-1.1852986812591553,1.060402750968933,0.6350106314126469,0.12599554657936096,0.04349495843052864,0.0960417166352272,0.06898589432239532
rosenbrock,1.0,2,cholesky,5,gumbel_softmax,8192,0.02,1000,3,rosenbrock,909,0.006639719009399414,-1.178707242012024,1.12916898727417,0.6346931260969406,0.2905198037624359,0.13803830742835999,0.2061346471309662,0.15118104219436646
rosenbrock,1.0,2,cholesky,5,gumbel_softmax,8192,0.02,1000,3,rosenbrock,910,0.00648188591003418,-1.1935211420059204,1.0762929916381836,0.6343757795338921,0.2169581949710846,0.10129020363092422,0.09764190018177032,0.16515813767910004
rosenbrock,1.0,2,cholesky,5,gumbel_softmax,8192,0.02,1000,3,rosenbrock,911,0.006465911865234375,-1.1991537809371948,1.0694046020507812,0.6340585916441253,0.23843955993652344,0.0815412849187851,0.16367314755916595,0.15302135050296783
rosenbrock,1.0,2,cholesky,5,gumbel_softmax,8192,0.02,1000,3,rosenbrock,912,0.006640911102294922,-1.197165846824646,1.030574917793274,0.6337415623483031,0.12458302825689316,0.053553249686956406,0.07398466765880585,0.08473044633865356
rosenbrock,1.0,2,cholesky,5,gumbel_softmax,8192,0.02,1000,3,rosenbrock,913,0.0064733028411865234,-1.1933083534240723,1.082108736038208,0.6334246915671291,0.16233229637145996,0.04729751870036125,0.07319220155477524,0.13695846498012543
rosenbrock,1.0,2,cholesky,5,gumbel_softmax,8192,0.02,1000,3,rosenbrock,914,0.006443977355957031,-1.193747639656067,1.0631403923034668,0.6331079792213455,0.2435542196035385,0.04922051727771759,0.17339420318603516,0.16380003094673157
rosenbrock,1.0,2,cholesky,5,gumbel_softmax,8192,0.02,1000,3,rosenbrock,915,0.006454944610595703,-1.2134279012680054,1.116733193397522,0.6327914252317349,0.18941093981266022,0.01571710593998432,0.1275120973587036,0.13917668163776398
rosenbrock,1.0,2,cholesky,5,gumbel_softmax,8192,0.02,1000,3,rosenbrock,916,0.006429910659790039,-1.181600570678711,1.0533859729766846,0.632475029519119,0.18320521712303162,0.019927136600017548,0.09082644432783127,0.1578531414270401
rosenbrock,1.0,2,cholesky,5,gumbel_softmax,8192,0.02,1000,3,rosenbrock,917,0.006458282470703125,-1.2027840614318848,1.0386885404586792,0.6321587920043595,0.24566955864429474,0.019169339910149574,0.22545583546161652,0.09568555653095245
rosenbrock,1.0,2,cholesky,5,gumbel_softmax,8192,0.02,1000,3,rosenbrock,918,0.006438255310058594,-1.2065331935882568,1.1027138233184814,0.6318427126083574,0.15570001304149628,0.05782993510365486,0.11937674880027771,0.08153149485588074
rosenbrock,1.0,2,cholesky,5,gumbel_softmax,8192,0.02,1000,3,rosenbrock,919,0.0064351558685302734,-1.189320683479309,1.116706371307373,0.6315267912520532,0.19293883442878723,0.03456062451004982,0.11715754866600037,0.14934879541397095
rosenbrock,1.0,2,cholesky,5,gumbel_softmax,8192,0.02,1000,3,rosenbrock,920,0.006419181823730469,-1.2067607641220093,1.1576266288757324,0.6312110278564272,0.11389032006263733,0.017087595537304878,0.09755769371986389,0.05622735247015953
rosenbrock,1.0,2,cholesky,5,gumbel_softmax,8192,0.02,1000,3,rosenbrock,921,0.006440162658691406,-1.2023086547851562,1.123583436012268,0.6308954223424991,0.2502274811267853,0.049346376210451126,0.2411118596792221,0.04520836099982262
rosenbrock,1.0,2,cholesky,5,gumbel_softmax,8192,0.02,1000,3,rosenbrock,922,0.006415843963623047,-1.204054594039917,1.052229404449463,0.6305799746313279,0.19516344368457794,0.03582417592406273,0.1663563996553421,0.09555596858263016
rosenbrock,1.0,2,cholesky,5,gumbel_softmax,8192,0.02,1000,3,rosenbrock,923,0.006425142288208008,-1.1782073974609375,1.039943814277649,0.6302646846440122,0.15921971201896667,0.039111267775297165,0.11621831357479095,0.10156048089265823
rosenbrock,1.0,2,cholesky,5,gumbel_softmax,8192,0.02,1000,3,rosenbrock,924,0.006438016891479492,-1.1902430057525635,1.0278140306472778,0.6299495523016903,0.09907308965921402,0.06133778393268585,0.04164166375994682,0.06572005152702332
rosenbrock,1.0,2,cholesky,5,gumbel_softmax,8192,0.02,1000,3,rosenbrock,925,0.006455898284912109,-1.1922591924667358,1.0556058883666992,0.6296345775255394,0.224805548787117,0.026015106588602066,0.15899890661239624,0.1567804217338562
rosenbrock,1.0,2,cholesky,5,gumbel_softmax,8192,0.02,1000,3,rosenbrock,926,0.006417036056518555,-1.1810054779052734,1.0772309303283691,0.6293197602367767,0.15373557806015015,0.07548803836107254,0.08114660531282425,0.10654300451278687
rosenbrock,1.0,2,cholesky,5,gumbel_softmax,8192,0.02,1000,3,rosenbrock,927,0.006432056427001953,-1.2117855548858643,1.0895369052886963,0.6290051003566584,0.24519704282283783,0.1414996236562729,0.1771041303873062,0.09345362335443497
rosenbrock,1.0,2,cholesky,5,gumbel_softmax,8192,0.02,1000,3,rosenbrock,928,0.006418943405151367,-1.1780517101287842,1.0630831718444824,0.6286905978064801,0.26580551266670227,0.03254919871687889,0.18907928466796875,0.18396234512329102
rosenbrock,1.0,2,cholesky,5,gumbel_softmax,8192,0.02,1000,3,rosenbrock,929,0.006445169448852539,-1.1884424686431885,1.0405023097991943,0.6283762525075769,0.26275062561035156,0.09744711220264435,0.1775851547718048,0.16734835505485535
rosenbrock,1.0,2,cholesky,5,gumbel_softmax,8192,0.02,1000,3,rosenbrock,930,0.0063991546630859375,-1.1796225309371948,1.148576259613037,0.6280620643813232,0.3022006154060364,0.13199010491371155,0.19854354858398438,0.185699462890625
rosenbrock,1.0,2,cholesky,5,gumbel_softmax,8192,0.02,1000,3,rosenbrock,931,0.006422996520996094,-1.2051794528961182,1.092872977256775,0.6277480333491325,0.2575940191745758,0.08255445212125778,0.2160097360610962,0.11348675936460495
rosenbrock,1.0,2,cholesky,5,gumbel_softmax,8192,0.02,1000,3,rosenbrock,932,0.006442070007324219,-1.1877994537353516,1.0349814891815186,0.6274341593324579,0.2758333683013916,0.02937183529138565,0.10753870755434036,0.25230294466018677
rosenbrock,1.0,2,cholesky,5,gumbel_softmax,8192,0.02,1000,3,rosenbrock,933,0.0064198970794677734,-1.181102991104126,1.0564743280410767,0.6271204422527917,0.14987392723560333,0.03797086700797081,0.09650789946317673,0.10819719731807709
rosenbrock,1.0,2,cholesky,5,gumbel_softmax,8192,0.02,1000,3,rosenbrock,934,0.006408214569091797,-1.1686240434646606,1.0606427192687988,0.6268068820316655,0.0972990170121193,0.04782997444272041,0.06425026059150696,0.05523853376507759
rosenbrock,1.0,2,cholesky,5,gumbel_softmax,8192,0.02,1000,3,rosenbrock,935,0.006435871124267578,-1.1869690418243408,1.1391674280166626,0.6264934785906496,0.21882112324237823,0.09160801023244858,0.17723216116428375,0.08988557010889053
rosenbrock,1.0,2,cholesky,5,gumbel_softmax,8192,0.02,1000,3,rosenbrock,936,0.006415843963623047,-1.2086102962493896,1.157767653465271,0.6261802318513543,0.290377140045166,0.05987370386719704,0.23017887771129608,0.1665884256362915
rosenbrock,1.0,2,cholesky,5,gumbel_softmax,8192,0.02,1000,3,rosenbrock,937,0.006445169448852539,-1.1942983865737915,1.1175504922866821,0.6258671417354287,0.41651129722595215,0.11134793609380722,0.3650303781032562,0.1668415069580078
rosenbrock,1.0,2,cholesky,5,gumbel_softmax,8192,0.02,1000,3,rosenbrock,938,0.006428241729736328,-1.2040117979049683,1.0873349905014038,0.625554208164561,0.37874409556388855,0.0856141597032547,0.3516092598438263,0.11175074428319931
rosenbrock,1.0,2,cholesky,5,gumbel_softmax,8192,0.02,1000,3,rosenbrock,939,0.006399869918823242,-1.209531545639038,1.1295078992843628,0.6252414310604788,0.15427416563034058,0.021613528952002525,0.12842874228954315,0.08270084112882614
rosenbrock,1.0,2,cholesky,5,gumbel_softmax,8192,0.02,1000,3,rosenbrock,940,0.006428956985473633,-1.223084807395935,1.1224784851074219,0.6249288103449485,0.2553974986076355,0.17248108983039856,0.1634342521429062,0.09363442659378052
rosenbrock,1.0,2,cholesky,5,gumbel_softmax,8192,0.02,1000,3,rosenbrock,941,0.006412029266357422,-1.187682032585144,1.0917915105819702,0.6246163459397761,0.14898447692394257,0.07474689930677414,0.026892026886343956,0.12604005634784698
rosenbrock,1.0,2,cholesky,5,gumbel_softmax,8192,0.02,1000,3,rosenbrock,942,0.006414890289306641,-1.1768392324447632,1.0013819932937622,0.6243040377668062,0.17235895991325378,0.014285695739090443,0.11863477528095245,0.12421482056379318
rosenbrock,1.0,2,cholesky,5,gumbel_softmax,8192,0.02,1000,3,rosenbrock,943,0.00688481330871582,-1.2146492004394531,1.1600168943405151,0.6239918857479229,0.2464200258255005,0.011946078389883041,0.05154651775956154,0.24067214131355286
rosenbrock,1.0,2,cholesky,5,gumbel_softmax,8192,0.02,1000,3,rosenbrock,944,0.006894111633300781,-1.2005009651184082,1.1479718685150146,0.623679889805049,0.28587767481803894,0.1778956800699234,0.15986691415309906,0.15659421682357788
rosenbrock,1.0,2,cholesky,5,gumbel_softmax,8192,0.02,1000,3,rosenbrock,945,0.006822109222412109,-1.1956815719604492,1.0658156871795654,0.6233680498601465,0.3218740224838257,0.018053241074085236,0.28022539615631104,0.15732352435588837
rosenbrock,1.0,2,cholesky,5,gumbel_softmax,8192,0.02,1000,3,rosenbrock,946,0.006611824035644531,-1.2071521282196045,1.1673846244812012,0.6230563658352164,0.10718934237957001,0.07157327234745026,0.055384401232004166,0.05744031444191933
rosenbrock,1.0,2,cholesky,5,gumbel_softmax,8192,0.02,1000,3,rosenbrock,947,0.006623029708862305,-1.1926594972610474,1.0215624570846558,0.6227448376522988,0.17691177129745483,0.06417862325906754,0.06913091242313385,0.14966560900211334
rosenbrock,1.0,2,cholesky,5,gumbel_softmax,8192,0.02,1000,3,rosenbrock,948,0.0065000057220458984,-1.1973371505737305,1.0424343347549438,0.6224334652334728,0.18247205018997192,0.03926164284348488,0.13077451288700104,0.12104792147874832
rosenbrock,1.0,2,cholesky,5,gumbel_softmax,8192,0.02,1000,3,rosenbrock,949,0.006850004196166992,-1.1771303415298462,1.0261861085891724,0.6221222485008561,0.141429603099823,0.05318251997232437,0.08418644964694977,0.10043204575777054
rosenbrock,1.0,2,cholesky,5,gumbel_softmax,8192,0.02,1000,3,rosenbrock,950,0.00648188591003418,-1.1923885345458984,1.0459344387054443,0.6218111873766057,0.15225926041603088,0.10739780217409134,0.04451237618923187,0.09832214564085007
rosenbrock,1.0,2,cholesky,5,gumbel_softmax,8192,0.02,1000,3,rosenbrock,951,0.0065190792083740234,-1.1847792863845825,1.149566411972046,0.6215002817829174,0.2095247358083725,0.010431846603751183,0.11006500571966171,0.17798170447349548
rosenbrock,1.0,2,cholesky,5,gumbel_softmax,8192,0.02,1000,3,rosenbrock,952,0.006547212600708008,-1.2016966342926025,1.076791763305664,0.621189531642026,0.4142066240310669,0.027997035533189774,0.40418925881385803,0.08610653132200241
rosenbrock,1.0,2,cholesky,5,gumbel_softmax,8192,0.02,1000,3,rosenbrock,953,0.0065228939056396484,-1.1906033754348755,1.0339837074279785,0.620878936876205,0.34174421429634094,0.022112591192126274,0.30533260107040405,0.15189515054225922
rosenbrock,1.0,2,cholesky,5,gumbel_softmax,8192,0.02,1000,3,rosenbrock,954,0.006535053253173828,-1.1704508066177368,1.038020372390747,0.6205684974077669,0.45010852813720703,0.1800084412097931,0.3621739447116852,0.1975465565919876
rosenbrock,1.0,2,cholesky,5,gumbel_softmax,8192,0.02,1000,3,rosenbrock,955,0.006498098373413086,-1.1813030242919922,1.0310900211334229,0.620258213159063,0.07192128896713257,0.007661745883524418,0.03070364147424698,0.06458526104688644
rosenbrock,1.0,2,cholesky,5,gumbel_softmax,8192,0.02,1000,3,rosenbrock,956,0.006503105163574219,-1.1766207218170166,1.0594178438186646,0.6199480840524836,0.14511588215827942,0.08758626133203506,0.07524178922176361,0.08789732307195663
rosenbrock,1.0,2,cholesky,5,gumbel_softmax,8192,0.02,1000,3,rosenbrock,957,0.006540060043334961,-1.1844022274017334,1.0292713642120361,0.6196381100104573,0.160405233502388,0.031006740406155586,0.0728449895977974,0.13950636982917786
rosenbrock,1.0,2,cholesky,5,gumbel_softmax,8192,0.02,1000,3,rosenbrock,958,0.006562232971191406,-1.1830004453659058,1.0596747398376465,0.6193282909554522,0.26891785860061646,0.04247758910059929,0.24568866193294525,0.10074496269226074
rosenbrock,1.0,2,cholesky,5,gumbel_softmax,8192,0.02,1000,3,rosenbrock,959,0.006573915481567383,-1.1905276775360107,1.106378436088562,0.6190186268099744,0.32709577679634094,0.07390420883893967,0.26492905616760254,0.1770378202199936
rosenbrock,1.0,2,cholesky,5,gumbel_softmax,8192,0.02,1000,3,rosenbrock,960,0.006475925445556641,-1.1842187643051147,1.1537094116210938,0.6187091174965695,0.4118715226650238,0.07721790671348572,0.3530516028404236,0.1975603997707367
rosenbrock,1.0,2,cholesky,5,gumbel_softmax,8192,0.02,1000,3,rosenbrock,961,0.00648188591003418,-1.1946457624435425,1.1247254610061646,0.6183997629378213,0.22978417575359344,0.19960516691207886,0.052341870963573456,0.10108844190835953
rosenbrock,1.0,2,cholesky,5,gumbel_softmax,8192,0.02,1000,3,rosenbrock,962,0.006491899490356445,-1.1865476369857788,1.094888687133789,0.6180905630563523,0.20486591756343842,0.08670869469642639,0.12582066655158997,0.13645808398723602
rosenbrock,1.0,2,cholesky,5,gumbel_softmax,8192,0.02,1000,3,rosenbrock,963,0.006493091583251953,-1.1878119707107544,1.0884915590286255,0.6177815177748243,0.09112901240587234,0.05169312655925751,0.052381955087184906,0.05374427139759064
rosenbrock,1.0,2,cholesky,5,gumbel_softmax,8192,0.02,1000,3,rosenbrock,964,0.006590127944946289,-1.1908016204833984,1.0688138008117676,0.6174726270159369,0.1973026543855667,0.11888437718153,0.13244087994098663,0.08517194539308548
rosenbrock,1.0,2,cholesky,5,gumbel_softmax,8192,0.02,1000,3,rosenbrock,965,0.00659632682800293,-1.1880781650543213,1.076432228088379,0.6171638907024289,0.08073265105485916,0.010781304910779,0.04221298545598984,0.06796754896640778
rosenbrock,1.0,2,cholesky,5,gumbel_softmax,8192,0.02,1000,3,rosenbrock,966,0.006475687026977539,-1.1896506547927856,1.0797924995422363,0.6168553087570777,0.2563667595386505,0.1034407988190651,0.17552943527698517,0.15560632944107056
rosenbrock,1.0,2,cholesky,5,gumbel_softmax,8192,0.02,1000,3,rosenbrock,967,0.006502866744995117,-1.1908793449401855,1.1638613939285278,0.6165468811026993,0.11252164840698242,0.05292849615216255,0.020608024671673775,0.09713395684957504
rosenbrock,1.0,2,cholesky,5,gumbel_softmax,8192,0.02,1000,3,rosenbrock,968,0.0064890384674072266,-1.1841880083084106,1.0985130071640015,0.6162386076621479,0.14295201003551483,0.00890104379504919,0.0744132325053215,0.12173216044902802
rosenbrock,1.0,2,cholesky,5,gumbel_softmax,8192,0.02,1000,3,rosenbrock,969,0.006512165069580078,-1.1882954835891724,1.0386836528778076,0.6159304883583169,0.2670254409313202,0.057548414915800095,0.1948600858449936,0.17326371371746063
rosenbrock,1.0,2,cholesky,5,gumbel_softmax,8192,0.02,1000,3,rosenbrock,970,0.006526947021484375,-1.1793478727340698,1.032867670059204,0.6156225231141378,0.15669719874858856,0.011780005879700184,0.10413547605276108,0.1164948120713234
rosenbrock,1.0,2,cholesky,5,gumbel_softmax,8192,0.02,1000,3,rosenbrock,971,0.006532192230224609,-1.1658570766448975,1.1588197946548462,0.6153147118525807,0.139296755194664,0.038322288542985916,0.10080323368310928,0.08816856890916824
rosenbrock,1.0,2,cholesky,5,gumbel_softmax,8192,0.02,1000,3,rosenbrock,972,0.006390810012817383,-1.1797332763671875,1.0229767560958862,0.6150070544966545,0.1607368290424347,0.020760323852300644,0.07846678793430328,0.1387382447719574
rosenbrock,1.0,2,cholesky,5,gumbel_softmax,8192,0.02,1000,3,rosenbrock,973,0.006443977355957031,-1.2076570987701416,1.1309586763381958,0.6146995509694062,0.2093670517206192,0.0957702025771141,0.09606105834245682,0.15948323905467987
rosenbrock,1.0,2,cholesky,5,gumbel_softmax,8192,0.02,1000,3,rosenbrock,974,0.0064849853515625,-1.179125189781189,1.1092849969863892,0.6143922011939215,0.10552265495061874,0.022168073803186417,0.04882769659161568,0.0908815860748291
rosenbrock,1.0,2,cholesky,5,gumbel_softmax,8192,0.02,1000,3,rosenbrock,975,0.006572723388671875,-1.1914522647857666,1.103878378868103,0.6140850050933245,0.23818828165531158,0.056938644498586655,0.1745089292526245,0.15178367495536804
rosenbrock,1.0,2,cholesky,5,gumbel_softmax,8192,0.02,1000,3,rosenbrock,976,0.006589174270629883,-1.2014662027359009,1.0390456914901733,0.613777962590778,0.1492166966199875,0.08066978305578232,0.09551400691270828,0.0814560279250145
rosenbrock,1.0,2,cholesky,5,gumbel_softmax,8192,0.02,1000,3,rosenbrock,977,0.006598949432373047,-1.1867374181747437,1.1616036891937256,0.6134710736094826,0.23582585155963898,0.03641775995492935,0.15190403163433075,0.17667128145694733
rosenbrock,1.0,2,cholesky,5,gumbel_softmax,8192,0.02,1000,3,rosenbrock,978,0.0065250396728515625,-1.1791495084762573,1.0340477228164673,0.6131643380726779,0.23504678905010223,0.11253541707992554,0.17100170254707336,0.11550408601760864
rosenbrock,1.0,2,cholesky,5,gumbel_softmax,8192,0.02,1000,3,rosenbrock,979,0.006590843200683594,-1.203080415725708,1.0873700380325317,0.6128577559036416,0.1999494731426239,0.05753667652606964,0.07690852880477905,0.17536932229995728
rosenbrock,1.0,2,cholesky,5,gumbel_softmax,8192,0.02,1000,3,rosenbrock,980,0.006486177444458008,-1.1806422472000122,1.080688238143921,0.6125513270256898,0.21456468105316162,0.10186778753995895,0.17266179621219635,0.07647785544395447
rosenbrock,1.0,2,cholesky,5,gumbel_softmax,8192,0.02,1000,3,rosenbrock,981,0.006593942642211914,-1.200504183769226,1.057276725769043,0.612245051362177,0.20048187673091888,0.0633690133690834,0.16091562807559967,0.10140763968229294
rosenbrock,1.0,2,cholesky,5,gumbel_softmax,8192,0.02,1000,3,rosenbrock,982,0.006521940231323242,-1.1843786239624023,1.0035959482192993,0.6119389288364959,0.11615969240665436,0.022725239396095276,0.08341056853532791,0.07758424431085587
rosenbrock,1.0,2,cholesky,5,gumbel_softmax,8192,0.02,1000,3,rosenbrock,983,0.006602048873901367,-1.1922955513000488,1.150740385055542,0.6116329593720777,0.44026893377304077,0.05856496840715408,0.3522758185863495,0.2575046122074127
rosenbrock,1.0,2,cholesky,5,gumbel_softmax,8192,0.02,1000,3,rosenbrock,984,0.006518840789794922,-1.193818211555481,1.091854214668274,0.6113271428923918,0.1577712744474411,0.08661388605833054,0.07494065165519714,0.10850672423839569
rosenbrock,1.0,2,cholesky,5,gumbel_softmax,8192,0.02,1000,3,rosenbrock,985,0.006513118743896484,-1.1876330375671387,1.0996859073638916,0.6110214793209455,0.35419762134552,0.13174208998680115,0.2315758317708969,0.23339366912841797
rosenbrock,1.0,2,cholesky,5,gumbel_softmax,8192,0.02,1000,3,rosenbrock,986,0.0064907073974609375,-1.1732321977615356,1.0244611501693726,0.6107159685812851,0.23923127353191376,0.1753719449043274,0.1476166546344757,0.06845150142908096
rosenbrock,1.0,2,cholesky,5,gumbel_softmax,8192,0.02,1000,3,rosenbrock,987,0.006632089614868164,-1.2025762796401978,1.0546733140945435,0.6104106105969945,0.3104719817638397,0.13293953239917755,0.2741454541683197,0.05970075726509094
rosenbrock,1.0,2,cholesky,5,gumbel_softmax,8192,0.02,1000,3,rosenbrock,988,0.006577253341674805,-1.1987788677215576,1.1795411109924316,0.610105405291696,0.35815295577049255,0.026807187125086784,0.3495091199874878,0.07347289472818375
rosenbrock,1.0,2,cholesky,5,gumbel_softmax,8192,0.02,1000,3,rosenbrock,989,0.006566047668457031,-1.189353346824646,1.069101095199585,0.6098003525890502,0.17833520472049713,0.07625943422317505,0.13950957357883453,0.08077764511108398
rosenbrock,1.0,2,cholesky,5,gumbel_softmax,8192,0.02,1000,3,rosenbrock,990,0.0065059661865234375,-1.1762354373931885,1.154753565788269,0.6094954524127557,0.10358806699514389,0.023502470925450325,0.06601312011480331,0.07629147171974182
rosenbrock,1.0,2,cholesky,5,gumbel_softmax,8192,0.02,1000,3,rosenbrock,991,0.0065271854400634766,-1.1902633905410767,1.0771368741989136,0.6091907046865493,0.32931485772132874,0.03603891283273697,0.2611083388328552,0.19741299748420715
rosenbrock,1.0,2,cholesky,5,gumbel_softmax,8192,0.02,1000,3,rosenbrock,992,0.00656890869140625,-1.1711512804031372,1.0358558893203735,0.6088861093342062,0.2417028248310089,0.03405537083745003,0.14579929411411285,0.1897447109222412
rosenbrock,1.0,2,cholesky,5,gumbel_softmax,8192,0.02,1000,3,rosenbrock,993,0.0065631866455078125,-1.175547480583191,1.0391132831573486,0.608581666279539,0.2138288915157318,0.07354138791561127,0.14744538068771362,0.13628767430782318
rosenbrock,1.0,2,cholesky,5,gumbel_softmax,8192,0.02,1000,3,rosenbrock,994,0.006623029708862305,-1.1748270988464355,1.0556702613830566,0.6082773754463994,0.26995140314102173,0.19597946107387543,0.14772960543632507,0.11243566870689392
rosenbrock,1.0,2,cholesky,5,gumbel_softmax,8192,0.02,1000,3,rosenbrock,995,0.006674289703369141,-1.2079890966415405,1.1628111600875854,0.6079732367586762,0.15904191136360168,0.15181280672550201,0.03444157913327217,0.03257262706756592
rosenbrock,1.0,2,cholesky,5,gumbel_softmax,8192,0.02,1000,3,rosenbrock,996,0.00680088996887207,-1.1788201332092285,1.0371490716934204,0.6076692501402968,0.22201189398765564,0.1058807373046875,0.16992183029651642,0.09594330191612244
rosenbrock,1.0,2,cholesky,5,gumbel_softmax,8192,0.02,1000,3,rosenbrock,997,0.006488800048828125,-1.18357253074646,1.0022608041763306,0.6073654155152267,0.34797847270965576,0.1725536435842514,0.2700161933898926,0.1356668919324875
rosenbrock,1.0,2,cholesky,5,gumbel_softmax,8192,0.02,1000,3,rosenbrock,998,0.0065119266510009766,-1.211137056350708,1.2210466861724854,0.6070617328074692,0.37129130959510803,0.23425666987895966,0.2530657649040222,0.13761816918849945
rosenbrock,1.0,2,cholesky,5,gumbel_softmax,8192,0.02,1000,3,rosenbrock,999,0.006588935852050781,-1.2137048244476318,1.0376248359680176,0.6067582019410654,0.3191398084163666,0.1672639697790146,0.26696136593818665,0.051035378128290176
