target,target_Z,dim,chart,components,estimator,mc,lr,n_steps,seed,tag,step,wall_s,elbo,elbo_std,baseline_value,grad_norm,grad_norm_w,grad_norm_a,grad_norm_A
rosenbrock,1.9287498479639178e-22,2,cholesky,5,score_function,8192,0.02,1000,1,rosenbrock,0,0.0201568603515625,-54.95712661743164,10.164178848266602,0.0,10.179000854492188,1.1296906471252441,5.5419840812683105,8.462994575500488
rosenbrock,1.9287498479639178e-22,2,cholesky,5,score_function,8192,0.02,1000,1,rosenbrock,1,0.004796028137207031,-54.34850311279297,7.704530239105225,0.0,8.012516975402832,1.031237244606018,5.089624881744385,6.1018595695495605
rosenbrock,1.9287498479639178e-22,2,cholesky,5,score_function,8192,0.02,1000,1,rosenbrock,2,0.004542112350463867,-53.72011184692383,5.580146789550781,0.0,5.200994968414307,0.9265701174736023,3.899686336517334,3.3142518997192383
rosenbrock,1.9287498479639178e-22,2,cholesky,5,score_function,8192,0.02,1000,1,rosenbrock,3,0.004437923431396484,-53.32769775390625,5.3547139167785645,0.0,5.429976463317871,0.5336768627166748,3.471815824508667,4.140812873840332
rosenbrock,1.9287498479639178e-22,2,cholesky,5,score_function,8192,0.02,1000,1,rosenbrock,4,0.004437923431396484,-53.0093879699707,4.38279390335083,0.0,5.172561168670654,0.41490721702575684,3.2505595684051514,4.002137660980225
rosenbrock,1.9287498479639178e-22,2,cholesky,5,score_function,8192,0.02,1000,1,rosenbrock,5,0.004461050033569336,-52.71635818481445,3.50373911857605,0.0,3.8150484561920166,0.47307562828063965,2.765685558319092,2.5849132537841797
rosenbrock,1.9287498479639178e-22,2,cholesky,5,score_function,8192,0.02,1000,1,rosenbrock,6,0.004664182662963867,-52.553009033203125,3.373405694961548,0.0,5.882299900054932,0.6218224167823792,3.9886317253112793,4.278504848480225
rosenbrock,1.9287498479639178e-22,2,cholesky,5,score_function,8192,0.02,1000,1,rosenbrock,7,0.004955768585205078,-52.3251838684082,2.5579259395599365,0.0,4.741829872131348,0.3583148717880249,3.1435582637786865,3.53193998336792
rosenbrock,1.9287498479639178e-22,2,cholesky,5,score_function,8192,0.02,1000,1,rosenbrock,8,0.004729747772216797,-52.14166259765625,2.0326714515686035,0.0,2.275068759918213,0.28016653656959534,1.5722354650497437,1.6203457117080688
rosenbrock,1.9287498479639178e-22,2,cholesky,5,score_function,8192,0.02,1000,1,rosenbrock,9,0.004505157470703125,-52.028167724609375,1.855223536491394,0.0,2.161207437515259,0.36548078060150146,1.471932053565979,1.53969407081604
rosenbrock,1.9287498479639178e-22,2,cholesky,5,score_function,8192,0.02,1000,1,rosenbrock,10,0.004441261291503906,-51.91393280029297,1.4372202157974243,0.0,2.0632927417755127,0.15081985294818878,1.293180227279663,1.600661039352417
rosenbrock,1.9287498479639178e-22,2,cholesky,5,score_function,8192,0.02,1000,1,rosenbrock,11,0.004846096038818359,-51.88972473144531,1.341929316520691,0.0,2.484192371368408,0.22661705315113068,1.8342314958572388,1.6599555015563965
rosenbrock,1.9287498479639178e-22,2,cholesky,5,score_function,8192,0.02,1000,1,rosenbrock,12,0.0044519901275634766,-51.844051361083984,1.285374402999878,0.0,3.009300708770752,0.2732468843460083,2.0714855194091797,2.1656808853149414
rosenbrock,1.9287498479639178e-22,2,cholesky,5,score_function,8192,0.02,1000,1,rosenbrock,13,0.004433870315551758,-51.79283905029297,1.1213083267211914,0.0,1.7614314556121826,0.2938591539859772,1.0035245418548584,1.4174716472625732
rosenbrock,1.9287498479639178e-22,2,cholesky,5,score_function,8192,0.02,1000,1,rosenbrock,14,0.004936933517456055,-51.773109436035156,1.1589630842208862,0.0,3.0162227153778076,0.10510020703077316,2.310044527053833,1.936556100845337
rosenbrock,1.9287498479639178e-22,2,cholesky,5,score_function,8192,0.02,1000,1,rosenbrock,15,0.004734992980957031,-51.73855209350586,0.9750291109085083,0.0,1.900881290435791,0.30717331171035767,1.3338351249694824,1.3190443515777588
rosenbrock,1.9287498479639178e-22,2,cholesky,5,score_function,8192,0.02,1000,1,rosenbrock,16,0.004830121994018555,-51.743160247802734,0.9036875367164612,0.0,3.0002520084381104,0.29746541380882263,2.0714919567108154,2.149871587753296
rosenbrock,1.9287498479639178e-22,2,cholesky,5,score_function,8192,0.02,1000,1,rosenbrock,17,0.0045359134674072266,-51.72282028198242,0.8487533926963806,0.0,3.0247042179107666,0.306539386510849,2.2655320167541504,1.9804633855819702
rosenbrock,1.9287498479639178e-22,2,cholesky,5,score_function,8192,0.02,1000,1,rosenbrock,18,0.0045070648193359375,-51.695884704589844,0.9125426411628723,0.0,2.777414083480835,0.21648770570755005,2.1713943481445312,1.7181991338729858
rosenbrock,1.9287498479639178e-22,2,cholesky,5,score_function,8192,0.02,1000,1,rosenbrock,19,0.0044329166412353516,-51.67490005493164,0.8329668641090393,0.0,1.9116652011871338,0.26201802492141724,1.1993547677993774,1.4653867483139038
rosenbrock,1.9287498479639178e-22,2,cholesky,5,score_function,8192,0.02,1000,1,rosenbrock,20,0.004458904266357422,-51.67593002319336,0.7805014848709106,0.0,3.0455594062805176,0.14773301780223846,2.2685749530792236,2.0266168117523193
rosenbrock,1.9287498479639178e-22,2,cholesky,5,score_function,8192,0.02,1000,1,rosenbrock,21,0.004423856735229492,-51.658599853515625,0.7364342212677002,0.0,3.2144858837127686,0.21900449693202972,2.483085870742798,2.0295915603637695
rosenbrock,1.9287498479639178e-22,2,cholesky,5,score_function,8192,0.02,1000,1,rosenbrock,22,0.004408121109008789,-51.634178161621094,0.7287963628768921,0.0,3.097186326980591,0.32784777879714966,2.2610092163085938,2.0911519527435303
rosenbrock,1.9287498479639178e-22,2,cholesky,5,score_function,8192,0.02,1000,1,rosenbrock,23,0.004392862319946289,-51.62906265258789,0.7520440220832825,0.0,3.7213680744171143,0.2068501114845276,3.1348319053649902,1.9946485757827759
rosenbrock,1.9287498479639178e-22,2,cholesky,5,score_function,8192,0.02,1000,1,rosenbrock,24,0.0044291019439697266,-51.596824645996094,0.7164896726608276,0.0,2.039918899536133,0.2455453723669052,1.6931171417236328,1.1110042333602905
rosenbrock,1.9287498479639178e-22,2,cholesky,5,score_function,8192,0.02,1000,1,rosenbrock,25,0.004416942596435547,-51.60224151611328,0.7239418029785156,0.0,2.503122091293335,0.13755467534065247,1.443215250968933,2.040546178817749
rosenbrock,1.9287498479639178e-22,2,cholesky,5,score_function,8192,0.02,1000,1,rosenbrock,26,0.004419088363647461,-51.587650299072266,0.783667266368866,0.0,2.689753293991089,0.25921598076820374,1.5885488986968994,2.155015468597412
rosenbrock,1.9287498479639178e-22,2,cholesky,5,score_function,8192,0.02,1000,1,rosenbrock,27,0.00440216064453125,-51.581607818603516,0.7513037919998169,0.0,2.8878064155578613,0.29343995451927185,2.104017734527588,1.9561258554458618
rosenbrock,1.9287498479639178e-22,2,cholesky,5,score_function,8192,0.02,1000,1,rosenbrock,28,0.004414796829223633,-51.56956481933594,0.7272645235061646,0.0,2.1197938919067383,0.15585461258888245,1.3830219507217407,1.5989015102386475
rosenbrock,1.9287498479639178e-22,2,cholesky,5,score_function,8192,0.02,1000,1,rosenbrock,29,0.004386186599731445,-51.57122802734375,0.7583375573158264,0.0,2.674311876296997,0.09946504980325699,1.044092059135437,2.4600656032562256
rosenbrock,1.9287498479639178e-22,2,cholesky,5,score_function,8192,0.02,1000,1,rosenbrock,30,0.004409074783325195,-51.561710357666016,0.7147729992866516,0.0,2.635850429534912,0.34656822681427,1.6587780714035034,2.018923759460449
rosenbrock,1.9287498479639178e-22,2,cholesky,5,score_function,8192,0.02,1000,1,rosenbrock,31,0.004395961761474609,-51.5394287109375,0.6945943236351013,0.0,1.921563982963562,0.055212363600730896,1.026240348815918,1.6236350536346436
rosenbrock,1.9287498479639178e-22,2,cholesky,5,score_function,8192,0.02,1000,1,rosenbrock,32,0.004356861114501953,-51.539249420166016,0.6691845655441284,0.0,2.586233615875244,0.17042073607444763,1.2463624477386475,2.2596771717071533
rosenbrock,1.9287498479639178e-22,2,cholesky,5,score_function,8192,0.02,1000,1,rosenbrock,33,0.0043849945068359375,-51.53508758544922,0.6860281229019165,0.0,3.1814050674438477,0.2969507575035095,2.012108087539673,2.446340322494507
rosenbrock,1.9287498479639178e-22,2,cholesky,5,score_function,8192,0.02,1000,1,rosenbrock,34,0.004370212554931641,-51.533416748046875,0.6507472395896912,0.0,2.6900839805603027,0.2610432505607605,1.723435878753662,2.048945188522339
rosenbrock,1.9287498479639178e-22,2,cholesky,5,score_function,8192,0.02,1000,1,rosenbrock,35,0.004389762878417969,-51.49937438964844,0.6359595060348511,0.0,2.952963352203369,0.12453175336122513,2.2272486686706543,1.934902310371399
rosenbrock,1.9287498479639178e-22,2,cholesky,5,score_function,8192,0.02,1000,1,rosenbrock,36,0.004354000091552734,-51.499542236328125,0.6179826259613037,0.0,2.891042709350586,0.37458235025405884,1.981581687927246,2.07150936126709
rosenbrock,1.9287498479639178e-22,2,cholesky,5,score_function,8192,0.02,1000,1,rosenbrock,37,0.004342079162597656,-51.49748229980469,0.6319261789321899,0.0,3.3737025260925293,0.11605393141508102,1.7336125373840332,2.891883373260498
rosenbrock,1.9287498479639178e-22,2,cholesky,5,score_function,8192,0.02,1000,1,rosenbrock,38,0.0044019222259521484,-51.481197357177734,0.6547571420669556,0.0,2.7797691822052,0.2662481665611267,1.680509328842163,2.1982076168060303
rosenbrock,1.9287498479639178e-22,2,cholesky,5,score_function,8192,0.02,1000,1,rosenbrock,39,0.004415988922119141,-51.467323303222656,0.6310973763465881,0.0,3.7037901878356934,0.041147563606500626,3.453641891479492,1.337433099746704
rosenbrock,1.9287498479639178e-22,2,cholesky,5,score_function,8192,0.02,1000,1,rosenbrock,40,0.0043849945068359375,-51.48061752319336,0.7865667939186096,0.0,2.740787982940674,0.048591095954179764,1.0711510181427002,2.5223388671875
rosenbrock,1.9287498479639178e-22,2,cholesky,5,score_function,8192,0.02,1000,1,rosenbrock,41,0.004339933395385742,-51.45011901855469,0.6093547940254211,0.0,2.1636593341827393,0.06721606850624084,0.9920567870140076,1.9216469526290894
rosenbrock,1.9287498479639178e-22,2,cholesky,5,score_function,8192,0.02,1000,1,rosenbrock,42,0.004380941390991211,-51.4349365234375,0.6531834006309509,0.0,3.875559091567993,0.1836516559123993,2.8877384662628174,2.5782155990600586
rosenbrock,1.9287498479639178e-22,2,cholesky,5,score_function,8192,0.02,1000,1,rosenbrock,43,0.004371166229248047,-51.441410064697266,0.697854220867157,0.0,2.9200937747955322,0.4316282868385315,1.728039264678955,2.3139846324920654
rosenbrock,1.9287498479639178e-22,2,cholesky,5,score_function,8192,0.02,1000,1,rosenbrock,44,0.004416942596435547,-51.435272216796875,0.7318348288536072,0.0,4.390694618225098,0.07855740189552307,3.9276466369628906,1.9610248804092407
rosenbrock,1.9287498479639178e-22,2,cholesky,5,score_function,8192,0.02,1000,1,rosenbrock,45,0.004449129104614258,-51.42302322387695,0.6989383101463318,0.0,2.7639336585998535,0.1899443119764328,1.9365440607070923,1.9629182815551758
rosenbrock,1.9287498479639178e-22,2,cholesky,5,score_function,8192,0.02,1000,1,rosenbrock,46,0.0043599605560302734,-51.428749084472656,0.6867964863777161,0.0,2.793121337890625,0.30331388115882874,1.9962329864501953,1.9299174547195435
rosenbrock,1.9287498479639178e-22,2,cholesky,5,score_function,8192,0.02,1000,1,rosenbrock,47,0.0043680667877197266,-51.42619705200195,0.7728028893470764,0.0,4.1250739097595215,0.5528408885002136,2.622356653213501,3.135896682739258
rosenbrock,1.9287498479639178e-22,2,cholesky,5,score_function,8192,0.02,1000,1,rosenbrock,48,0.0044307708740234375,-51.42584991455078,0.6782950758934021,0.0,3.323920965194702,0.3529072701931,1.9766285419464111,2.648932933807373
rosenbrock,1.9287498479639178e-22,2,cholesky,5,score_function,8192,0.02,1000,1,rosenbrock,49,0.004380226135253906,-51.40443801879883,0.7097638249397278,0.0,2.5905559062957764,0.07633224129676819,1.848908543586731,1.8129231929779053
rosenbrock,1.9287498479639178e-22,2,cholesky,5,score_function,8192,0.02,1000,1,rosenbrock,50,0.004513978958129883,-51.39608383178711,0.6596521139144897,0.0,2.2638397216796875,0.19475670158863068,1.1599050760269165,1.9343370199203491
rosenbrock,1.9287498479639178e-22,2,cholesky,5,score_function,8192,0.02,1000,1,rosenbrock,51,0.004502058029174805,-51.40702438354492,0.6869518160820007,0.0,3.8794567584991455,0.15598544478416443,2.2571957111358643,3.151336193084717
rosenbrock,1.9287498479639178e-22,2,cholesky,5,score_function,8192,0.02,1000,1,rosenbrock,52,0.004393100738525391,-51.40399932861328,0.7391424775123596,0.0,2.5871694087982178,0.1999378204345703,1.8064302206039429,1.8412714004516602
rosenbrock,1.9287498479639178e-22,2,cholesky,5,score_function,8192,0.02,1000,1,rosenbrock,53,0.004349946975708008,-51.41089630126953,0.728192150592804,0.0,5.272299289703369,0.2500840425491333,3.7297351360321045,3.7180206775665283
rosenbrock,1.9287498479639178e-22,2,cholesky,5,score_function,8192,0.02,1000,1,rosenbrock,54,0.00443267822265625,-51.38717269897461,0.7378813028335571,0.0,3.947733163833618,0.2601031959056854,2.902552843093872,2.6631054878234863
rosenbrock,1.9287498479639178e-22,2,cholesky,5,score_function,8192,0.02,1000,1,rosenbrock,55,0.004392862319946289,-51.39078140258789,0.7855424880981445,0.0,3.352754831314087,0.5545926094055176,1.4705268144607544,2.9615776538848877
rosenbrock,1.9287498479639178e-22,2,cholesky,5,score_function,8192,0.02,1000,1,rosenbrock,56,0.004356861114501953,-51.401947021484375,0.8309783935546875,0.0,2.726195812225342,0.16862015426158905,1.8062278032302856,2.035006523132324
rosenbrock,1.9287498479639178e-22,2,cholesky,5,score_function,8192,0.02,1000,1,rosenbrock,57,0.004440784454345703,-51.407840728759766,0.8797025680541992,0.0,4.865495681762695,0.25855979323387146,4.3305487632751465,2.2028491497039795
rosenbrock,1.9287498479639178e-22,2,cholesky,5,score_function,8192,0.02,1000,1,rosenbrock,58,0.004380941390991211,-51.416996002197266,1.0301445722579956,0.0,3.659903049468994,0.27818676829338074,3.0571956634521484,1.992751121520996
rosenbrock,1.9287498479639178e-22,2,cholesky,5,score_function,8192,0.02,1000,1,rosenbrock,59,0.004335165023803711,-51.39644241333008,0.9692915678024292,0.0,3.587759017944336,0.22681526839733124,2.8694729804992676,2.1416568756103516
rosenbrock,1.9287498479639178e-22,2,cholesky,5,score_function,8192,0.02,1000,1,rosenbrock,60,0.0044078826904296875,-51.411216735839844,0.9808056354522705,0.0,2.4329917430877686,0.12990295886993408,1.4250884056091309,1.9676626920700073
rosenbrock,1.9287498479639178e-22,2,cholesky,5,score_function,8192,0.02,1000,1,rosenbrock,61,0.0044040679931640625,-51.39527893066406,0.9345066547393799,0.0,4.503139019012451,0.27850213646888733,3.5384650230407715,2.7712743282318115
rosenbrock,1.9287498479639178e-22,2,cholesky,5,score_function,8192,0.02,1000,1,rosenbrock,62,0.0043489933013916016,-51.39990997314453,0.9624032378196716,0.0,2.4569807052612305,0.34937378764152527,1.762516736984253,1.6757769584655762
rosenbrock,1.9287498479639178e-22,2,cholesky,5,score_function,8192,0.02,1000,1,rosenbrock,63,0.004385709762573242,-51.38571548461914,0.971461832523346,0.0,3.1925673484802246,0.19506359100341797,2.5514461994171143,1.9090723991394043
rosenbrock,1.9287498479639178e-22,2,cholesky,5,score_function,8192,0.02,1000,1,rosenbrock,64,0.0043680667877197266,-51.394527435302734,0.9001801609992981,0.0,3.741194725036621,0.3209238648414612,2.8781986236572266,2.3684422969818115
rosenbrock,1.9287498479639178e-22,2,cholesky,5,score_function,8192,0.02,1000,1,rosenbrock,65,0.0043790340423583984,-51.373809814453125,0.9526925683021545,0.0,5.089557647705078,0.8256900906562805,3.587463617324829,3.5145325660705566
rosenbrock,1.9287498479639178e-22,2,cholesky,5,score_function,8192,0.02,1000,1,rosenbrock,66,0.0043888092041015625,-51.36001205444336,0.8241886496543884,0.0,1.9068143367767334,0.1948748230934143,1.6112316846847534,1.0009480714797974
rosenbrock,1.9287498479639178e-22,2,cholesky,5,score_function,8192,0.02,1000,1,rosenbrock,67,0.004951000213623047,-51.35604476928711,0.944220244884491,0.0,6.159141540527344,0.09603530913591385,4.0975847244262695,4.597346782684326
rosenbrock,1.9287498479639178e-22,2,cholesky,5,score_function,8192,0.02,1000,1,rosenbrock,68,0.004622697830200195,-51.35617446899414,0.9125588536262512,0.0,2.1416661739349365,0.16884134709835052,1.3626309633255005,1.6436127424240112
rosenbrock,1.9287498479639178e-22,2,cholesky,5,score_function,8192,0.02,1000,1,rosenbrock,69,0.0047070980072021484,-51.3431396484375,0.7889673709869385,0.0,7.221072673797607,0.1510639190673828,6.9564528465271,1.9310179948806763
rosenbrock,1.9287498479639178e-22,2,cholesky,5,score_function,8192,0.02,1000,1,rosenbrock,70,0.004417896270751953,-51.329715728759766,0.808797299861908,0.0,3.7974154949188232,0.11352110654115677,3.008324146270752,2.314620018005371
rosenbrock,1.9287498479639178e-22,2,cholesky,5,score_function,8192,0.02,1000,1,rosenbrock,71,0.004383087158203125,-51.330196380615234,0.8784449100494385,0.0,1.9515806436538696,0.3836040496826172,1.3724786043167114,1.3333483934402466
rosenbrock,1.9287498479639178e-22,2,cholesky,5,score_function,8192,0.02,1000,1,rosenbrock,72,0.004436016082763672,-51.34053421020508,0.8074350953102112,0.0,4.071042060852051,0.2770969271659851,1.9011657238006592,3.589174509048462
rosenbrock,1.9287498479639178e-22,2,cholesky,5,score_function,8192,0.02,1000,1,rosenbrock,73,0.004468202590942383,-51.32946014404297,0.7241315841674805,0.0,2.580739974975586,0.27869439125061035,1.977859377861023,1.6342034339904785
rosenbrock,1.9287498479639178e-22,2,cholesky,5,score_function,8192,0.02,1000,1,rosenbrock,74,0.004364013671875,-51.32563400268555,0.7044521570205688,0.0,4.755027770996094,0.18971143662929535,4.511353492736816,1.4906351566314697
rosenbrock,1.9287498479639178e-22,2,cholesky,5,score_function,8192,0.02,1000,1,rosenbrock,75,0.004383087158203125,-51.313438415527344,0.7377080321311951,0.0,3.873687744140625,0.487275093793869,2.408952474594116,2.9941556453704834
rosenbrock,1.9287498479639178e-22,2,cholesky,5,score_function,8192,0.02,1000,1,rosenbrock,76,0.004413127899169922,-51.31338882446289,0.7157397866249084,0.0,3.722874641418457,0.08433940261602402,2.9458978176116943,2.274723768234253
rosenbrock,1.9287498479639178e-22,2,cholesky,5,score_function,8192,0.02,1000,1,rosenbrock,77,0.004396915435791016,-51.308048248291016,0.6707382798194885,0.0,4.033780097961426,0.6156154274940491,3.4920713901519775,1.9229761362075806
rosenbrock,1.9287498479639178e-22,2,cholesky,5,score_function,8192,0.02,1000,1,rosenbrock,78,0.004423856735229492,-51.30780792236328,0.7137467861175537,0.0,3.2414989471435547,0.5134767889976501,2.044133424758911,2.4627575874328613
rosenbrock,1.9287498479639178e-22,2,cholesky,5,score_function,8192,0.02,1000,1,rosenbrock,79,0.004614114761352539,-51.3044319152832,0.7055439352989197,0.0,2.1470227241516113,0.15279312431812286,1.836928129196167,1.1009345054626465
rosenbrock,1.9287498479639178e-22,2,cholesky,5,score_function,8192,0.02,1000,1,rosenbrock,80,0.00492095947265625,-51.31543731689453,0.6479266285896301,0.0,4.526916980743408,0.1764599084854126,1.6539982557296753,4.210240840911865
rosenbrock,1.9287498479639178e-22,2,cholesky,5,score_function,8192,0.02,1000,1,rosenbrock,81,0.004657268524169922,-51.31064224243164,0.683030903339386,0.0,4.64314079284668,0.13719823956489563,3.7497849464416504,2.7347843647003174
rosenbrock,1.9287498479639178e-22,2,cholesky,5,score_function,8192,0.02,1000,1,rosenbrock,82,0.004575967788696289,-51.30040740966797,0.6566736102104187,0.0,2.5721726417541504,0.19948996603488922,1.7723561525344849,1.8533833026885986
rosenbrock,1.9287498479639178e-22,2,cholesky,5,score_function,8192,0.02,1000,1,rosenbrock,83,0.004457950592041016,-51.30656814575195,0.626654326915741,0.0,3.8737809658050537,0.1114860326051712,3.4305620193481445,1.795827031135559
rosenbrock,1.9287498479639178e-22,2,cholesky,5,score_function,8192,0.02,1000,1,rosenbrock,84,0.0043871402740478516,-51.299564361572266,0.6328111290931702,0.0,2.6197350025177,0.4136527478694916,1.8089888095855713,1.8491789102554321
rosenbrock,1.9287498479639178e-22,2,cholesky,5,score_function,8192,0.02,1000,1,rosenbrock,85,0.0043888092041015625,-51.303489685058594,0.6316725015640259,0.0,3.430145502090454,0.7030426859855652,2.9321208000183105,1.6353275775909424
rosenbrock,1.9287498479639178e-22,2,cholesky,5,score_function,8192,0.02,1000,1,rosenbrock,86,0.004407644271850586,-51.315879821777344,0.6055795550346375,0.0,4.733275890350342,0.7281358242034912,4.037944793701172,2.359814405441284
rosenbrock,1.9287498479639178e-22,2,cholesky,5,score_function,8192,0.02,1000,1,rosenbrock,87,0.004417896270751953,-51.303977966308594,0.6774755120277405,0.0,2.353036880493164,0.19602905213832855,1.6607308387756348,1.6553936004638672
rosenbrock,1.9287498479639178e-22,2,cholesky,5,score_function,8192,0.02,1000,1,rosenbrock,88,0.004405975341796875,-51.29758071899414,0.6591036319732666,0.0,2.4606382846832275,0.24908803403377533,2.0671842098236084,1.311275839805603
rosenbrock,1.9287498479639178e-22,2,cholesky,5,score_function,8192,0.02,1000,1,rosenbrock,89,0.004371166229248047,-51.30408477783203,0.6845648288726807,0.0,4.008913516998291,0.5315225720405579,2.262115716934204,3.2667574882507324
rosenbrock,1.9287498479639178e-22,2,cholesky,5,score_function,8192,0.02,1000,1,rosenbrock,90,0.004370927810668945,-51.29680633544922,0.6426360011100769,0.0,2.108046293258667,0.2186955064535141,1.3213022947311401,1.6279407739639282
rosenbrock,1.9287498479639178e-22,2,cholesky,5,score_function,8192,0.02,1000,1,rosenbrock,91,0.004392862319946289,-51.29986572265625,0.7088466882705688,0.0,2.9882216453552246,0.16127853095531464,2.1135687828063965,2.1062495708465576
rosenbrock,1.9287498479639178e-22,2,cholesky,5,score_function,8192,0.02,1000,1,rosenbrock,92,0.004413127899169922,-51.28518295288086,0.7015480995178223,0.0,3.153660535812378,0.6856610774993896,1.271191954612732,2.8034822940826416
rosenbrock,1.9287498479639178e-22,2,cholesky,5,score_function,8192,0.02,1000,1,rosenbrock,93,0.004368782043457031,-51.28622055053711,0.711225688457489,0.0,3.0848984718322754,0.6541734337806702,2.1000959873199463,2.1629271507263184
rosenbrock,1.9287498479639178e-22,2,cholesky,5,score_function,8192,0.02,1000,1,rosenbrock,94,0.004357099533081055,-51.290740966796875,0.9005048274993896,0.0,3.951782703399658,0.19619137048721313,2.0134658813476562,3.3947091102600098
rosenbrock,1.9287498479639178e-22,2,cholesky,5,score_function,8192,0.02,1000,1,rosenbrock,95,0.004389762878417969,-51.277793884277344,0.6879103779792786,0.0,1.8973069190979004,0.3510584235191345,1.134276032447815,1.4798476696014404
rosenbrock,1.9287498479639178e-22,2,cholesky,5,score_function,8192,0.02,1000,1,rosenbrock,96,0.004442930221557617,-51.2656135559082,0.6933948397636414,0.0,3.3283050060272217,0.3102375268936157,1.2797077894210815,3.056749105453491
rosenbrock,1.9287498479639178e-22,2,cholesky,5,score_function,8192,0.02,1000,1,rosenbrock,97,0.0043871402740478516,-51.28089141845703,0.6550710797309875,0.0,3.025240898132324,0.2784173786640167,2.2459311485290527,2.007575750350952
rosenbrock,1.9287498479639178e-22,2,cholesky,5,score_function,8192,0.02,1000,1,rosenbrock,98,0.004346132278442383,-51.280616760253906,0.7215250134468079,0.0,3.5674099922180176,0.24269366264343262,2.747997522354126,2.2618627548217773
rosenbrock,1.9287498479639178e-22,2,cholesky,5,score_function,8192,0.02,1000,1,rosenbrock,99,0.004307985305786133,-51.288177490234375,0.6582984924316406,0.0,2.8003268241882324,0.1502808779478073,1.9923439025878906,1.9620938301086426
rosenbrock,1.9287498479639178e-22,2,cholesky,5,score_function,8192,0.02,1000,1,rosenbrock,100,0.004474163055419922,-51.288970947265625,0.6429840326309204,0.0,4.906671047210693,0.49294015765190125,4.482226371765137,1.9344450235366821
rosenbrock,1.9287498479639178e-22,2,cholesky,5,score_function,8192,0.02,1000,1,rosenbrock,101,0.004466056823730469,-51.300357818603516,0.6730342507362366,0.0,3.403611660003662,0.16950684785842896,1.2378889322280884,3.1659865379333496
rosenbrock,1.9287498479639178e-22,2,cholesky,5,score_function,8192,0.02,1000,1,rosenbrock,102,0.0043909549713134766,-51.27825164794922,0.6592472195625305,0.0,3.2064778804779053,0.4930267632007599,2.2363762855529785,2.2443361282348633
rosenbrock,1.9287498479639178e-22,2,cholesky,5,score_function,8192,0.02,1000,1,rosenbrock,103,0.0043828487396240234,-51.29430389404297,0.6557682156562805,0.0,4.9928693771362305,0.21133415400981903,3.5575122833251953,3.496882200241089
rosenbrock,1.9287498479639178e-22,2,cholesky,5,score_function,8192,0.02,1000,1,rosenbrock,104,0.004366874694824219,-51.30387496948242,0.6762489080429077,0.0,2.6704325675964355,0.3425709307193756,1.581586480140686,2.1242504119873047
rosenbrock,1.9287498479639178e-22,2,cholesky,5,score_function,8192,0.02,1000,1,rosenbrock,105,0.004410982131958008,-51.31084060668945,0.6886852979660034,0.0,5.069561004638672,0.47035714983940125,4.328584671020508,2.5966453552246094
rosenbrock,1.9287498479639178e-22,2,cholesky,5,score_function,8192,0.02,1000,1,rosenbrock,106,0.004378080368041992,-51.310569763183594,0.6863663196563721,0.0,2.711467742919922,0.15810559689998627,1.530417561531067,2.232684850692749
rosenbrock,1.9287498479639178e-22,2,cholesky,5,score_function,8192,0.02,1000,1,rosenbrock,107,0.004364967346191406,-51.31428527832031,0.6805788278579712,0.0,3.761221170425415,0.6002626419067383,3.392524480819702,1.5090550184249878
rosenbrock,1.9287498479639178e-22,2,cholesky,5,score_function,8192,0.02,1000,1,rosenbrock,108,0.0043811798095703125,-51.310523986816406,0.7486314177513123,0.0,2.674565315246582,0.5703471899032593,2.1115496158599854,1.5392733812332153
rosenbrock,1.9287498479639178e-22,2,cholesky,5,score_function,8192,0.02,1000,1,rosenbrock,109,0.0043790340423583984,-51.308773040771484,0.6997042894363403,0.0,3.5472986698150635,0.3073629140853882,2.8047475814819336,2.1499409675598145
rosenbrock,1.9287498479639178e-22,2,cholesky,5,score_function,8192,0.02,1000,1,rosenbrock,110,0.004392147064208984,-51.27223587036133,0.6839030385017395,0.0,3.6087584495544434,0.5872933864593506,2.692673921585083,2.3297488689422607
rosenbrock,1.9287498479639178e-22,2,cholesky,5,score_function,8192,0.02,1000,1,rosenbrock,111,0.004378795623779297,-51.275726318359375,0.6466777920722961,0.0,2.7782223224639893,0.2703576385974884,1.7189676761627197,2.165773630142212
rosenbrock,1.9287498479639178e-22,2,cholesky,5,score_function,8192,0.02,1000,1,rosenbrock,112,0.004354953765869141,-51.2917366027832,0.6702749133110046,0.0,3.2386462688446045,0.44621288776397705,2.7207088470458984,1.6992549896240234
rosenbrock,1.9287498479639178e-22,2,cholesky,5,score_function,8192,0.02,1000,1,rosenbrock,113,0.0044097900390625,-51.27472686767578,0.6262409687042236,0.0,4.7190704345703125,0.29634034633636475,3.583488941192627,3.0562093257904053
rosenbrock,1.9287498479639178e-22,2,cholesky,5,score_function,8192,0.02,1000,1,rosenbrock,114,0.004365205764770508,-51.275848388671875,0.6892880201339722,0.0,3.102118730545044,0.5796627998352051,2.33286452293396,1.9608352184295654
rosenbrock,1.9287498479639178e-22,2,cholesky,5,score_function,8192,0.02,1000,1,rosenbrock,115,0.004405975341796875,-51.283016204833984,0.6119210124015808,0.0,5.1016082763671875,0.5498284697532654,4.708588600158691,1.8850176334381104
rosenbrock,1.9287498479639178e-22,2,cholesky,5,score_function,8192,0.02,1000,1,rosenbrock,116,0.004374027252197266,-51.25767135620117,0.613985538482666,0.0,5.883864402770996,0.2656829059123993,5.782680511474609,1.0535091161727905
rosenbrock,1.9287498479639178e-22,2,cholesky,5,score_function,8192,0.02,1000,1,rosenbrock,117,0.00441288948059082,-51.25050354003906,0.6451317667961121,0.0,2.510742664337158,0.28358912467956543,2.149949550628662,1.265354871749878
rosenbrock,1.9287498479639178e-22,2,cholesky,5,score_function,8192,0.02,1000,1,rosenbrock,118,0.004384040832519531,-51.25385665893555,0.6684708595275879,0.0,3.4077839851379395,0.21088719367980957,2.6471211910247803,2.1357123851776123
rosenbrock,1.9287498479639178e-22,2,cholesky,5,score_function,8192,0.02,1000,1,rosenbrock,119,0.004407167434692383,-51.26371383666992,0.6508241295814514,0.0,2.5137174129486084,0.3565332889556885,1.7982407808303833,1.7198807001113892
rosenbrock,1.9287498479639178e-22,2,cholesky,5,score_function,8192,0.02,1000,1,rosenbrock,120,0.004410982131958008,-51.23779296875,0.6258476972579956,0.0,4.187278747558594,0.5423382520675659,3.4799790382385254,2.2647109031677246
rosenbrock,1.9287498479639178e-22,2,cholesky,5,score_function,8192,0.02,1000,1,rosenbrock,121,0.004367828369140625,-51.24951171875,0.6272093653678894,0.0,7.338078498840332,0.6491360664367676,5.48886775970459,4.8268351554870605
rosenbrock,1.9287498479639178e-22,2,cholesky,5,score_function,8192,0.02,1000,1,rosenbrock,122,0.004403114318847656,-51.24346923828125,0.6551039218902588,0.0,3.659712076187134,0.3451639711856842,2.202580690383911,2.9022390842437744
rosenbrock,1.9287498479639178e-22,2,cholesky,5,score_function,8192,0.02,1000,1,rosenbrock,123,0.004405021667480469,-51.24552536010742,0.6516203284263611,0.0,4.270116806030273,0.16059954464435577,3.6227567195892334,2.2547154426574707
rosenbrock,1.9287498479639178e-22,2,cholesky,5,score_function,8192,0.02,1000,1,rosenbrock,124,0.004445075988769531,-51.243736267089844,0.74580979347229,0.0,4.003798007965088,0.3883833587169647,3.3152551651000977,2.211026668548584
rosenbrock,1.9287498479639178e-22,2,cholesky,5,score_function,8192,0.02,1000,1,rosenbrock,125,0.004405975341796875,-51.250152587890625,0.8138577938079834,0.0,4.09011697769165,0.38060835003852844,2.3575119972229004,3.320591688156128
rosenbrock,1.9287498479639178e-22,2,cholesky,5,score_function,8192,0.02,1000,1,rosenbrock,126,0.004397153854370117,-51.24558639526367,0.6737092733383179,0.0,2.9826126098632812,0.21929359436035156,2.241421699523926,1.9554840326309204
rosenbrock,1.9287498479639178e-22,2,cholesky,5,score_function,8192,0.02,1000,1,rosenbrock,127,0.0043680667877197266,-51.242591857910156,0.7141894102096558,0.0,3.4857025146484375,0.11183694005012512,2.730583906173706,2.1636836528778076
rosenbrock,1.9287498479639178e-22,2,cholesky,5,score_function,8192,0.02,1000,1,rosenbrock,128,0.004384040832519531,-51.25975036621094,0.7615733742713928,0.0,4.928772926330566,0.305453360080719,3.0811209678649902,3.8348655700683594
rosenbrock,1.9287498479639178e-22,2,cholesky,5,score_function,8192,0.02,1000,1,rosenbrock,129,0.004434823989868164,-51.27128982543945,0.9309174418449402,0.0,4.732297420501709,0.18805435299873352,4.454690456390381,1.5858774185180664
rosenbrock,1.9287498479639178e-22,2,cholesky,5,score_function,8192,0.02,1000,1,rosenbrock,130,0.00493311882019043,-51.24628448486328,0.9006962180137634,0.0,5.819765090942383,0.2429143786430359,5.2707109451293945,2.455660104751587
rosenbrock,1.9287498479639178e-22,2,cholesky,5,score_function,8192,0.02,1000,1,rosenbrock,131,0.004517078399658203,-51.270301818847656,1.1016793251037598,0.0,4.337172031402588,0.09713894128799438,3.60811448097229,2.404815435409546
rosenbrock,1.9287498479639178e-22,2,cholesky,5,score_function,8192,0.02,1000,1,rosenbrock,132,0.005733013153076172,-51.25262451171875,0.9001428484916687,0.0,3.9970712661743164,0.6449737548828125,2.9722466468811035,2.5935187339782715
rosenbrock,1.9287498479639178e-22,2,cholesky,5,score_function,8192,0.02,1000,1,rosenbrock,133,0.005038738250732422,-51.24549865722656,0.7883848547935486,0.0,8.880473136901855,0.4231546223163605,8.385412216186523,2.892854928970337
rosenbrock,1.9287498479639178e-22,2,cholesky,5,score_function,8192,0.02,1000,1,rosenbrock,134,0.0046939849853515625,-51.22394943237305,0.8203544020652771,0.0,4.292401313781738,0.1695183366537094,2.00114369392395,3.7935988903045654
rosenbrock,1.9287498479639178e-22,2,cholesky,5,score_function,8192,0.02,1000,1,rosenbrock,135,0.0047228336334228516,-51.21759033203125,0.8214995265007019,0.0,5.0489983558654785,0.27225661277770996,3.1247048377990723,3.956573963165283
rosenbrock,1.9287498479639178e-22,2,cholesky,5,score_function,8192,0.02,1000,1,rosenbrock,136,0.004873037338256836,-51.206214904785156,0.7863039374351501,0.0,5.053961753845215,0.27946773171424866,4.206852436065674,2.7869014739990234
rosenbrock,1.9287498479639178e-22,2,cholesky,5,score_function,8192,0.02,1000,1,rosenbrock,137,0.004499197006225586,-51.18756103515625,0.7332930564880371,0.0,3.128127336502075,0.10844974219799042,2.4639694690704346,1.9241290092468262
rosenbrock,1.9287498479639178e-22,2,cholesky,5,score_function,8192,0.02,1000,1,rosenbrock,138,0.004658937454223633,-51.18568420410156,0.6712332367897034,0.0,4.391716003417969,0.20213840901851654,4.061656951904297,1.658086895942688
rosenbrock,1.9287498479639178e-22,2,cholesky,5,score_function,8192,0.02,1000,1,rosenbrock,139,0.0044138431549072266,-51.19743728637695,0.6253167986869812,0.0,5.263843059539795,0.37080249190330505,4.352578639984131,2.936939001083374
rosenbrock,1.9287498479639178e-22,2,cholesky,5,score_function,8192,0.02,1000,1,rosenbrock,140,0.004421710968017578,-51.192325592041016,0.7098418474197388,0.0,3.1667892932891846,0.4835350811481476,2.2886745929718018,2.134646415710449
rosenbrock,1.9287498479639178e-22,2,cholesky,5,score_function,8192,0.02,1000,1,rosenbrock,141,0.004419088363647461,-51.19674301147461,0.6921434998512268,0.0,3.8593084812164307,0.12659917771816254,3.2921299934387207,2.0100035667419434
rosenbrock,1.9287498479639178e-22,2,cholesky,5,score_function,8192,0.02,1000,1,rosenbrock,142,0.00442814826965332,-51.205162048339844,0.7568244338035583,0.0,4.325657844543457,0.2945513427257538,2.850654363632202,3.240111827850342
rosenbrock,1.9287498479639178e-22,2,cholesky,5,score_function,8192,0.02,1000,1,rosenbrock,143,0.0044689178466796875,-51.21882629394531,0.828311562538147,0.0,2.978569984436035,0.24962002038955688,2.1316888332366943,2.0653021335601807
rosenbrock,1.9287498479639178e-22,2,cholesky,5,score_function,8192,0.02,1000,1,rosenbrock,144,0.004452943801879883,-51.19744110107422,0.7436352968215942,0.0,3.125755786895752,0.26795992255210876,2.9430501461029053,1.0183331966400146
rosenbrock,1.9287498479639178e-22,2,cholesky,5,score_function,8192,0.02,1000,1,rosenbrock,145,0.004452705383300781,-51.19749450683594,0.7059601545333862,0.0,4.2140889167785645,0.2056424617767334,3.5207161903381348,2.3066890239715576
rosenbrock,1.9287498479639178e-22,2,cholesky,5,score_function,8192,0.02,1000,1,rosenbrock,146,0.004465818405151367,-51.21046447753906,0.7827016711235046,0.0,2.562901020050049,0.3597019910812378,2.021228075027466,1.5341812372207642
rosenbrock,1.9287498479639178e-22,2,cholesky,5,score_function,8192,0.02,1000,1,rosenbrock,147,0.0049550533294677734,-51.2058219909668,0.7535543441772461,0.0,4.984050750732422,0.054886575788259506,4.649388790130615,1.7946959733963013
rosenbrock,1.9287498479639178e-22,2,cholesky,5,score_function,8192,0.02,1000,1,rosenbrock,148,0.004384040832519531,-51.21417236328125,0.795333981513977,0.0,5.4320855140686035,0.2717113196849823,4.993587493896484,2.1208038330078125
rosenbrock,1.9287498479639178e-22,2,cholesky,5,score_function,8192,0.02,1000,1,rosenbrock,149,0.004524946212768555,-51.22700881958008,0.8435166478157043,0.0,2.8606810569763184,0.1185942068696022,2.092968463897705,1.9465131759643555
rosenbrock,1.9287498479639178e-22,2,cholesky,5,score_function,8192,0.02,1000,1,rosenbrock,150,0.0045011043548583984,-51.238433837890625,0.8257455229759216,0.0,2.8769326210021973,0.07395682483911514,2.11418080329895,1.9497464895248413
rosenbrock,1.9287498479639178e-22,2,cholesky,5,score_function,8192,0.02,1000,1,rosenbrock,151,0.0046651363372802734,-51.239501953125,0.8428921103477478,0.0,2.9671120643615723,0.22480468451976776,1.580390453338623,2.5011165142059326
rosenbrock,1.9287498479639178e-22,2,cholesky,5,score_function,8192,0.02,1000,1,rosenbrock,152,0.004331111907958984,-51.27997970581055,0.9280399680137634,0.0,5.023326873779297,0.25171172618865967,4.5496416091918945,2.114525079727173
rosenbrock,1.9287498479639178e-22,2,cholesky,5,score_function,8192,0.02,1000,1,rosenbrock,153,0.004417896270751953,-51.3016242980957,1.0390758514404297,0.0,4.32559061050415,0.2601715326309204,3.43680477142334,2.6136982440948486
rosenbrock,1.9287498479639178e-22,2,cholesky,5,score_function,8192,0.02,1000,1,rosenbrock,154,0.004419803619384766,-51.301734924316406,0.9611403346061707,0.0,6.157023906707764,0.3729330897331238,5.276787281036377,3.1504576206207275
rosenbrock,1.9287498479639178e-22,2,cholesky,5,score_function,8192,0.02,1000,1,rosenbrock,155,0.004456043243408203,-51.29444122314453,1.0021651983261108,0.0,3.195601224899292,0.24260757863521576,2.5209577083587646,1.9487895965576172
rosenbrock,1.9287498479639178e-22,2,cholesky,5,score_function,8192,0.02,1000,1,rosenbrock,156,0.004497051239013672,-51.3027229309082,1.092699646949768,0.0,4.474082946777344,0.23713965713977814,2.1257457733154297,3.929680585861206
rosenbrock,1.9287498479639178e-22,2,cholesky,5,score_function,8192,0.02,1000,1,rosenbrock,157,0.00451207160949707,-51.27310562133789,1.0206265449523926,0.0,3.2867143154144287,0.2326672077178955,2.90979266166687,1.5104511976242065
rosenbrock,1.9287498479639178e-22,2,cholesky,5,score_function,8192,0.02,1000,1,rosenbrock,158,0.0045740604400634766,-51.254817962646484,0.8915096521377563,0.0,3.8394484519958496,0.19225408136844635,3.0604746341705322,2.310389518737793
rosenbrock,1.9287498479639178e-22,2,cholesky,5,score_function,8192,0.02,1000,1,rosenbrock,159,0.004449129104614258,-51.2735595703125,1.0446288585662842,0.0,2.3664467334747314,0.466378390789032,1.1484410762786865,2.015848398208618
rosenbrock,1.9287498479639178e-22,2,cholesky,5,score_function,8192,0.02,1000,1,rosenbrock,160,0.004489898681640625,-51.298526763916016,0.9635106921195984,0.0,4.869375228881836,0.47756046056747437,1.7167766094207764,4.5316033363342285
rosenbrock,1.9287498479639178e-22,2,cholesky,5,score_function,8192,0.02,1000,1,rosenbrock,161,0.0045278072357177734,-51.25179672241211,0.9535303711891174,0.0,4.804533958435059,0.12276767939329147,3.246002435684204,3.540048360824585
rosenbrock,1.9287498479639178e-22,2,cholesky,5,score_function,8192,0.02,1000,1,rosenbrock,162,0.00449824333190918,-51.279335021972656,1.011449933052063,0.0,5.125631809234619,0.11219827085733414,4.448334693908691,2.5439798831939697
rosenbrock,1.9287498479639178e-22,2,cholesky,5,score_function,8192,0.02,1000,1,rosenbrock,163,0.004523038864135742,-51.281349182128906,1.0085119009017944,0.0,7.082603454589844,0.30094024538993835,6.781030654907227,2.0224556922912598
rosenbrock,1.9287498479639178e-22,2,cholesky,5,score_function,8192,0.02,1000,1,rosenbrock,164,0.00451207160949707,-51.291316986083984,1.000571846961975,0.0,4.263485431671143,0.1007123664021492,1.9338340759277344,3.798348903656006
rosenbrock,1.9287498479639178e-22,2,cholesky,5,score_function,8192,0.02,1000,1,rosenbrock,165,0.004469871520996094,-51.27168655395508,0.946433961391449,0.0,9.20846939086914,0.46075698733329773,8.575592041015625,3.3230743408203125
rosenbrock,1.9287498479639178e-22,2,cholesky,5,score_function,8192,0.02,1000,1,rosenbrock,166,0.0045223236083984375,-51.26085662841797,0.9749913215637207,0.0,2.908053159713745,0.5124658346176147,2.4873690605163574,1.4167381525039673
rosenbrock,1.9287498479639178e-22,2,cholesky,5,score_function,8192,0.02,1000,1,rosenbrock,167,0.0045261383056640625,-51.2721061706543,0.9919385313987732,0.0,5.184818267822266,0.3035980463027954,4.678723335266113,2.2135307788848877
rosenbrock,1.9287498479639178e-22,2,cholesky,5,score_function,8192,0.02,1000,1,rosenbrock,168,0.004481077194213867,-51.273128509521484,1.060835838317871,0.0,2.6145877838134766,0.4086639881134033,1.9235247373580933,1.7231124639511108
rosenbrock,1.9287498479639178e-22,2,cholesky,5,score_function,8192,0.02,1000,1,rosenbrock,169,0.004456996917724609,-51.251914978027344,0.8935909867286682,0.0,3.1257214546203613,0.4150078296661377,1.7201186418533325,2.5766441822052
rosenbrock,1.9287498479639178e-22,2,cholesky,5,score_function,8192,0.02,1000,1,rosenbrock,170,0.004516124725341797,-51.25940704345703,0.9393699169158936,0.0,6.94584846496582,0.2117963284254074,3.3748533725738525,6.067150592803955
rosenbrock,1.9287498479639178e-22,2,cholesky,5,score_function,8192,0.02,1000,1,rosenbrock,171,0.004479885101318359,-51.231895446777344,1.017645239830017,0.0,3.481443405151367,0.1693306416273117,1.46705162525177,3.152702569961548
rosenbrock,1.9287498479639178e-22,2,cholesky,5,score_function,8192,0.02,1000,1,rosenbrock,172,0.004480838775634766,-51.206329345703125,0.886017918586731,0.0,2.909231662750244,0.3815428912639618,1.3214530944824219,2.5635552406311035
rosenbrock,1.9287498479639178e-22,2,cholesky,5,score_function,8192,0.02,1000,1,rosenbrock,173,0.004499912261962891,-51.19020080566406,0.8481130599975586,0.0,4.245250225067139,0.24466510117053986,3.4613394737243652,2.445693254470825
rosenbrock,1.9287498479639178e-22,2,cholesky,5,score_function,8192,0.02,1000,1,rosenbrock,174,0.004489898681640625,-51.17183303833008,0.7813369035720825,0.0,6.50551700592041,0.5221258997917175,5.829333305358887,2.840423107147217
rosenbrock,1.9287498479639178e-22,2,cholesky,5,score_function,8192,0.02,1000,1,rosenbrock,175,0.0044460296630859375,-51.198814392089844,0.8517448902130127,0.0,5.099922180175781,0.4887670874595642,3.9562573432922363,3.180933952331543
rosenbrock,1.9287498479639178e-22,2,cholesky,5,score_function,8192,0.02,1000,1,rosenbrock,176,0.004456996917724609,-51.18452835083008,0.7746474146842957,0.0,3.1916816234588623,0.28182560205459595,2.5347890853881836,1.9189187288284302
rosenbrock,1.9287498479639178e-22,2,cholesky,5,score_function,8192,0.02,1000,1,rosenbrock,177,0.004449129104614258,-51.189048767089844,0.767100989818573,0.0,3.5929458141326904,0.35796085000038147,2.2388734817504883,2.7872154712677
rosenbrock,1.9287498479639178e-22,2,cholesky,5,score_function,8192,0.02,1000,1,rosenbrock,178,0.004464864730834961,-51.193843841552734,0.9429921507835388,0.0,3.8621714115142822,0.2074800729751587,2.8247673511505127,2.6256444454193115
rosenbrock,1.9287498479639178e-22,2,cholesky,5,score_function,8192,0.02,1000,1,rosenbrock,179,0.004395008087158203,-51.2308349609375,0.9371656179428101,0.0,2.3812472820281982,0.47402265667915344,1.0259290933609009,2.095974922180176
rosenbrock,1.9287498479639178e-22,2,cholesky,5,score_function,8192,0.02,1000,1,rosenbrock,180,0.004421234130859375,-51.21781539916992,0.9627922773361206,0.0,5.655463695526123,0.47707074880599976,4.920086860656738,2.74761962890625
rosenbrock,1.9287498479639178e-22,2,cholesky,5,score_function,8192,0.02,1000,1,rosenbrock,181,0.0044269561767578125,-51.230194091796875,0.8714141249656677,0.0,2.7458906173706055,0.3421778380870819,2.084343194961548,1.7545208930969238
rosenbrock,1.9287498479639178e-22,2,cholesky,5,score_function,8192,0.02,1000,1,rosenbrock,182,0.0044138431549072266,-51.228572845458984,0.9034118056297302,0.0,2.97896671295166,0.8702776432037354,2.0083189010620117,2.020770788192749
rosenbrock,1.9287498479639178e-22,2,cholesky,5,score_function,8192,0.02,1000,1,rosenbrock,183,0.004415988922119141,-51.256500244140625,0.956612229347229,0.0,3.6854538917541504,0.19101013243198395,1.8000974655151367,3.2102549076080322
rosenbrock,1.9287498479639178e-22,2,cholesky,5,score_function,8192,0.02,1000,1,rosenbrock,184,0.004441022872924805,-51.274658203125,1.074776291847229,0.0,4.230618000030518,0.4592510163784027,3.553968667984009,2.2486724853515625
rosenbrock,1.9287498479639178e-22,2,cholesky,5,score_function,8192,0.02,1000,1,rosenbrock,185,0.004448890686035156,-51.248985290527344,0.9006948471069336,0.0,3.4781429767608643,0.2690458595752716,1.1808427572250366,3.2604758739471436
rosenbrock,1.9287498479639178e-22,2,cholesky,5,score_function,8192,0.02,1000,1,rosenbrock,186,0.004547119140625,-51.277076721191406,1.0211904048919678,0.0,4.495551109313965,0.4129115641117096,4.139503479003906,1.7041106224060059
rosenbrock,1.9287498479639178e-22,2,cholesky,5,score_function,8192,0.02,1000,1,rosenbrock,187,0.004454851150512695,-51.26137924194336,0.9713310599327087,0.0,2.693650960922241,0.10841463506221771,1.5111610889434814,2.227194309234619
rosenbrock,1.9287498479639178e-22,2,cholesky,5,score_function,8192,0.02,1000,1,rosenbrock,188,0.004656076431274414,-51.29450988769531,1.2575708627700806,0.0,3.8795225620269775,0.34281405806541443,3.2624666690826416,2.0711073875427246
rosenbrock,1.9287498479639178e-22,2,cholesky,5,score_function,8192,0.02,1000,1,rosenbrock,189,0.0046367645263671875,-51.31712341308594,1.2621722221374512,0.0,3.807866096496582,0.34316596388816833,2.9881763458251953,2.3351409435272217
rosenbrock,1.9287498479639178e-22,2,cholesky,5,score_function,8192,0.02,1000,1,rosenbrock,190,0.0045261383056640625,-51.31110763549805,1.4833067655563354,0.0,3.8365681171417236,0.3726956248283386,2.680870532989502,2.719059705734253
rosenbrock,1.9287498479639178e-22,2,cholesky,5,score_function,8192,0.02,1000,1,rosenbrock,191,0.0043849945068359375,-51.32771301269531,1.3535369634628296,0.0,3.9258453845977783,0.24771155416965485,2.1204135417938232,3.294654369354248
rosenbrock,1.9287498479639178e-22,2,cholesky,5,score_function,8192,0.02,1000,1,rosenbrock,192,0.004476308822631836,-51.31720733642578,1.3818058967590332,0.0,2.9384632110595703,0.1922774612903595,1.668671727180481,2.411043167114258
rosenbrock,1.9287498479639178e-22,2,cholesky,5,score_function,8192,0.02,1000,1,rosenbrock,193,0.004422187805175781,-51.33917236328125,1.5116782188415527,0.0,4.329998970031738,0.21552346646785736,1.4243048429489136,4.083355903625488
rosenbrock,1.9287498479639178e-22,2,cholesky,5,score_function,8192,0.02,1000,1,rosenbrock,194,0.004391193389892578,-51.300418853759766,1.2473258972167969,0.0,3.152614116668701,0.4191057085990906,1.567168951034546,2.703202962875366
rosenbrock,1.9287498479639178e-22,2,cholesky,5,score_function,8192,0.02,1000,1,rosenbrock,195,0.004418134689331055,-51.29551315307617,1.2903361320495605,0.0,4.5168938636779785,0.13666486740112305,3.161721706390381,3.2229130268096924
rosenbrock,1.9287498479639178e-22,2,cholesky,5,score_function,8192,0.02,1000,1,rosenbrock,196,0.004435300827026367,-51.2537841796875,1.211550235748291,0.0,2.1730527877807617,0.1994851678609848,1.4228090047836304,1.6303309202194214
rosenbrock,1.9287498479639178e-22,2,cholesky,5,score_function,8192,0.02,1000,1,rosenbrock,197,0.004383087158203125,-51.27675247192383,1.3153470754623413,0.0,4.74041223526001,0.3704865872859955,4.024009704589844,2.4782238006591797
rosenbrock,1.9287498479639178e-22,2,cholesky,5,score_function,8192,0.02,1000,1,rosenbrock,198,0.004428863525390625,-51.253639221191406,1.3257404565811157,0.0,3.99695086479187,0.41477030515670776,1.9497742652893066,3.4643847942352295
rosenbrock,1.9287498479639178e-22,2,cholesky,5,score_function,8192,0.02,1000,1,rosenbrock,199,0.004421710968017578,-51.23956298828125,1.199259638786316,0.0,3.55279541015625,0.4350292682647705,2.1032979488372803,2.8300602436065674
rosenbrock,1.9287498479639178e-22,2,cholesky,5,score_function,8192,0.02,1000,1,rosenbrock,200,0.004419088363647461,-51.215606689453125,1.0296812057495117,0.0,5.582200050354004,0.40510231256484985,5.132360458374023,2.157712697982788
rosenbrock,1.9287498479639178e-22,2,cholesky,5,score_function,8192,0.02,1000,1,rosenbrock,201,0.004403829574584961,-51.200050354003906,1.084843397140503,0.0,3.362074136734009,0.3608139157295227,1.5863386392593384,2.942258358001709
rosenbrock,1.9287498479639178e-22,2,cholesky,5,score_function,8192,0.02,1000,1,rosenbrock,202,0.0043909549713134766,-51.171913146972656,0.7818895578384399,0.0,3.006531238555908,0.3470868766307831,1.0637248754501343,2.79056453704834
rosenbrock,1.9287498479639178e-22,2,cholesky,5,score_function,8192,0.02,1000,1,rosenbrock,203,0.004352092742919922,-51.161251068115234,0.7568589448928833,0.0,3.103139877319336,0.18797287344932556,1.4892374277114868,2.715937614440918
rosenbrock,1.9287498479639178e-22,2,cholesky,5,score_function,8192,0.02,1000,1,rosenbrock,204,0.00438690185546875,-51.16526412963867,0.8155832290649414,0.0,3.736074924468994,0.14187940955162048,2.9722025394439697,2.2592339515686035
rosenbrock,1.9287498479639178e-22,2,cholesky,5,score_function,8192,0.02,1000,1,rosenbrock,205,0.004422187805175781,-51.151634216308594,0.7510787844657898,0.0,3.586045026779175,0.4268425405025482,2.6304261684417725,2.399663209915161
rosenbrock,1.9287498479639178e-22,2,cholesky,5,score_function,8192,0.02,1000,1,rosenbrock,206,0.004370927810668945,-51.135250091552734,0.8022141456604004,0.0,3.5384180545806885,0.2236168086528778,2.5527584552764893,2.4400455951690674
rosenbrock,1.9287498479639178e-22,2,cholesky,5,score_function,8192,0.02,1000,1,rosenbrock,207,0.004372119903564453,-51.13691711425781,0.6468591690063477,0.0,3.3614299297332764,0.1704389750957489,2.9923791885375977,1.5217843055725098
rosenbrock,1.9287498479639178e-22,2,cholesky,5,score_function,8192,0.02,1000,1,rosenbrock,208,0.004402875900268555,-51.1453742980957,0.682242214679718,0.0,6.745354175567627,0.13770024478435516,6.4558868408203125,1.9499675035476685
rosenbrock,1.9287498479639178e-22,2,cholesky,5,score_function,8192,0.02,1000,1,rosenbrock,209,0.004391908645629883,-51.13590621948242,0.6929505467414856,0.0,3.85937762260437,0.087428018450737,3.6440224647521973,1.2681679725646973
rosenbrock,1.9287498479639178e-22,2,cholesky,5,score_function,8192,0.02,1000,1,rosenbrock,210,0.004390716552734375,-51.13365936279297,0.7380375862121582,0.0,3.8559348583221436,0.31652992963790894,2.8228702545166016,2.607574701309204
rosenbrock,1.9287498479639178e-22,2,cholesky,5,score_function,8192,0.02,1000,1,rosenbrock,211,0.004380226135253906,-51.13091278076172,0.7423607707023621,0.0,3.4773473739624023,0.17379674315452576,2.8401734828948975,1.9987883567810059
rosenbrock,1.9287498479639178e-22,2,cholesky,5,score_function,8192,0.02,1000,1,rosenbrock,212,0.004418134689331055,-51.16086196899414,0.8578386306762695,0.0,2.5944149494171143,0.14413097500801086,1.836340308189392,1.8270384073257446
rosenbrock,1.9287498479639178e-22,2,cholesky,5,score_function,8192,0.02,1000,1,rosenbrock,213,0.00437617301940918,-51.14316177368164,0.7845689058303833,0.0,3.7749905586242676,0.1781485676765442,3.1015470027923584,2.1445796489715576
rosenbrock,1.9287498479639178e-22,2,cholesky,5,score_function,8192,0.02,1000,1,rosenbrock,214,0.004370927810668945,-51.149574279785156,0.7259844541549683,0.0,3.749216079711914,0.18834374845027924,3.3832814693450928,1.6045411825180054
rosenbrock,1.9287498479639178e-22,2,cholesky,5,score_function,8192,0.02,1000,1,rosenbrock,215,0.00441431999206543,-51.15479278564453,0.8966419696807861,0.0,4.112663269042969,0.2226979285478592,1.2875131368637085,3.899578809738159
rosenbrock,1.9287498479639178e-22,2,cholesky,5,score_function,8192,0.02,1000,1,rosenbrock,216,0.004361867904663086,-51.16710662841797,0.7952534556388855,0.0,3.6049487590789795,0.4347373843193054,2.274911642074585,2.7625057697296143
rosenbrock,1.9287498479639178e-22,2,cholesky,5,score_function,8192,0.02,1000,1,rosenbrock,217,0.004505157470703125,-51.17201232910156,0.803657054901123,0.0,3.7331790924072266,0.3181324601173401,2.2959835529327393,2.92641019821167
rosenbrock,1.9287498479639178e-22,2,cholesky,5,score_function,8192,0.02,1000,1,rosenbrock,218,0.004467010498046875,-51.17876052856445,0.8611850738525391,0.0,3.981929063796997,0.44908538460731506,3.5703284740448,1.7049449682235718
rosenbrock,1.9287498479639178e-22,2,cholesky,5,score_function,8192,0.02,1000,1,rosenbrock,219,0.004349946975708008,-51.167545318603516,0.9686711430549622,0.0,2.8949389457702637,0.22040191292762756,2.10802960395813,1.9718787670135498
rosenbrock,1.9287498479639178e-22,2,cholesky,5,score_function,8192,0.02,1000,1,rosenbrock,220,0.004392385482788086,-51.179176330566406,0.7526471614837646,0.0,4.728997707366943,0.14193005859851837,4.203265190124512,2.1623692512512207
rosenbrock,1.9287498479639178e-22,2,cholesky,5,score_function,8192,0.02,1000,1,rosenbrock,221,0.004402875900268555,-51.156639099121094,0.7782023549079895,0.0,3.4023239612579346,0.6027514338493347,2.837181806564331,1.778454065322876
rosenbrock,1.9287498479639178e-22,2,cholesky,5,score_function,8192,0.02,1000,1,rosenbrock,222,0.004395008087158203,-51.149864196777344,0.7360461950302124,0.0,3.1914525032043457,0.2248193621635437,2.851848840713501,1.414844274520874
rosenbrock,1.9287498479639178e-22,2,cholesky,5,score_function,8192,0.02,1000,1,rosenbrock,223,0.004383087158203125,-51.17735290527344,0.7499234676361084,0.0,3.021897077560425,0.21507948637008667,2.1290245056152344,2.1337428092956543
rosenbrock,1.9287498479639178e-22,2,cholesky,5,score_function,8192,0.02,1000,1,rosenbrock,224,0.004383087158203125,-51.1641731262207,0.7367367744445801,0.0,2.41764235496521,0.31590384244918823,1.067518711090088,2.1460671424865723
rosenbrock,1.9287498479639178e-22,2,cholesky,5,score_function,8192,0.02,1000,1,rosenbrock,225,0.004379987716674805,-51.170936584472656,0.8862513899803162,0.0,3.047557830810547,0.41202545166015625,1.4576566219329834,2.6444435119628906
rosenbrock,1.9287498479639178e-22,2,cholesky,5,score_function,8192,0.02,1000,1,rosenbrock,226,0.004394054412841797,-51.16606521606445,0.922207236289978,0.0,3.6224007606506348,0.3390186131000519,1.4353348016738892,3.308574914932251
rosenbrock,1.9287498479639178e-22,2,cholesky,5,score_function,8192,0.02,1000,1,rosenbrock,227,0.004415273666381836,-51.15467834472656,0.84061598777771,0.0,2.670527219772339,0.5939544439315796,1.776328206062317,1.9035732746124268
rosenbrock,1.9287498479639178e-22,2,cholesky,5,score_function,8192,0.02,1000,1,rosenbrock,228,0.004431009292602539,-51.16630935668945,0.8295895457267761,0.0,3.7939951419830322,0.12444688379764557,3.3609044551849365,1.7559137344360352
rosenbrock,1.9287498479639178e-22,2,cholesky,5,score_function,8192,0.02,1000,1,rosenbrock,229,0.0044019222259521484,-51.16025161743164,0.8253220319747925,0.0,3.262481451034546,0.4830935299396515,1.978414535522461,2.5487799644470215
rosenbrock,1.9287498479639178e-22,2,cholesky,5,score_function,8192,0.02,1000,1,rosenbrock,230,0.004436016082763672,-51.176631927490234,0.9940491914749146,0.0,3.0612447261810303,0.3302003741264343,1.7271791696548462,2.505801200866699
rosenbrock,1.9287498479639178e-22,2,cholesky,5,score_function,8192,0.02,1000,1,rosenbrock,231,0.00442814826965332,-51.19750213623047,0.9836312532424927,0.0,2.473944664001465,0.3709610402584076,1.5242464542388916,1.9129722118377686
rosenbrock,1.9287498479639178e-22,2,cholesky,5,score_function,8192,0.02,1000,1,rosenbrock,232,0.004396915435791016,-51.173702239990234,0.8247253894805908,0.0,4.956254959106445,0.2849462330341339,4.1597676277160645,2.6794779300689697
rosenbrock,1.9287498479639178e-22,2,cholesky,5,score_function,8192,0.02,1000,1,rosenbrock,233,0.00441288948059082,-51.179378509521484,0.8345479369163513,0.0,4.585676193237305,0.2587345540523529,2.331850528717041,3.940045118331909
rosenbrock,1.9287498479639178e-22,2,cholesky,5,score_function,8192,0.02,1000,1,rosenbrock,234,0.0044329166412353516,-51.17038345336914,0.8674436807632446,0.0,4.080034255981445,0.2985939383506775,3.606114625930786,1.8850616216659546
rosenbrock,1.9287498479639178e-22,2,cholesky,5,score_function,8192,0.02,1000,1,rosenbrock,235,0.004415988922119141,-51.16371536254883,0.9226661920547485,0.0,5.4188313484191895,0.4497198164463043,4.327768802642822,3.2298450469970703
rosenbrock,1.9287498479639178e-22,2,cholesky,5,score_function,8192,0.02,1000,1,rosenbrock,236,0.0043849945068359375,-51.15230178833008,0.7289755940437317,0.0,5.9408769607543945,0.16416248679161072,5.543013572692871,2.131213903427124
rosenbrock,1.9287498479639178e-22,2,cholesky,5,score_function,8192,0.02,1000,1,rosenbrock,237,0.004413127899169922,-51.14890670776367,0.7698847055435181,0.0,2.8192989826202393,0.1890089362859726,2.4455063343048096,1.3900433778762817
rosenbrock,1.9287498479639178e-22,2,cholesky,5,score_function,8192,0.02,1000,1,rosenbrock,238,0.00445103645324707,-51.1352653503418,0.7486825585365295,0.0,5.553440570831299,0.31124961376190186,4.404018402099609,3.3687455654144287
rosenbrock,1.9287498479639178e-22,2,cholesky,5,score_function,8192,0.02,1000,1,rosenbrock,239,0.004435300827026367,-51.15644454956055,0.781410276889801,0.0,2.602048635482788,0.28019335865974426,1.4209665060043335,2.161712646484375
rosenbrock,1.9287498479639178e-22,2,cholesky,5,score_function,8192,0.02,1000,1,rosenbrock,240,0.004389762878417969,-51.15507507324219,0.7098787426948547,0.0,3.8279073238372803,0.24411703646183014,2.906308650970459,2.4792442321777344
rosenbrock,1.9287498479639178e-22,2,cholesky,5,score_function,8192,0.02,1000,1,rosenbrock,241,0.0044231414794921875,-51.149845123291016,0.7439959049224854,0.0,2.0503039360046387,0.19051340222358704,1.072560429573059,1.7369698286056519
rosenbrock,1.9287498479639178e-22,2,cholesky,5,score_function,8192,0.02,1000,1,rosenbrock,242,0.00441288948059082,-51.159847259521484,0.7887272834777832,0.0,3.351149559020996,0.3087081015110016,1.6672701835632324,2.8905210494995117
rosenbrock,1.9287498479639178e-22,2,cholesky,5,score_function,8192,0.02,1000,1,rosenbrock,243,0.004419088363647461,-51.173282623291016,0.8147872686386108,0.0,3.016813278198242,0.36303001642227173,2.3147623538970947,1.9003276824951172
rosenbrock,1.9287498479639178e-22,2,cholesky,5,score_function,8192,0.02,1000,1,rosenbrock,244,0.004418849945068359,-51.149864196777344,0.741898238658905,0.0,3.7038655281066895,0.25090813636779785,2.477250576019287,2.742060422897339
rosenbrock,1.9287498479639178e-22,2,cholesky,5,score_function,8192,0.02,1000,1,rosenbrock,245,0.004433870315551758,-51.159751892089844,0.7132088541984558,0.0,4.762020587921143,0.20427662134170532,3.5175907611846924,3.203383684158325
rosenbrock,1.9287498479639178e-22,2,cholesky,5,score_function,8192,0.02,1000,1,rosenbrock,246,0.0044291019439697266,-51.15644836425781,0.6637493968009949,0.0,3.5633363723754883,0.4488776624202728,2.9910991191864014,1.8839324712753296
rosenbrock,1.9287498479639178e-22,2,cholesky,5,score_function,8192,0.02,1000,1,rosenbrock,247,0.004456043243408203,-51.1461296081543,0.7696281671524048,0.0,2.080160617828369,0.28178098797798157,0.8975667357444763,1.855273962020874
rosenbrock,1.9287498479639178e-22,2,cholesky,5,score_function,8192,0.02,1000,1,rosenbrock,248,0.00439000129699707,-51.14833068847656,0.8308686017990112,0.0,4.4686079025268555,0.29341500997543335,2.2233223915100098,3.865126609802246
rosenbrock,1.9287498479639178e-22,2,cholesky,5,score_function,8192,0.02,1000,1,rosenbrock,249,0.004364013671875,-51.14344787597656,0.7301161289215088,0.0,3.481818199157715,0.4458123445510864,3.1397948265075684,1.4373579025268555
rosenbrock,1.9287498479639178e-22,2,cholesky,5,score_function,8192,0.02,1000,1,rosenbrock,250,0.004528999328613281,-51.15852737426758,0.834171712398529,0.0,3.1079368591308594,0.30469343066215515,1.5137391090393066,2.697226047515869
rosenbrock,1.9287498479639178e-22,2,cholesky,5,score_function,8192,0.02,1000,1,rosenbrock,251,0.004869699478149414,-51.16889190673828,0.7557437419891357,0.0,4.5060553550720215,0.16139058768749237,2.5512053966522217,3.710773229598999
rosenbrock,1.9287498479639178e-22,2,cholesky,5,score_function,8192,0.02,1000,1,rosenbrock,252,0.004654884338378906,-51.15727996826172,0.7599340081214905,0.0,3.702669620513916,0.4505673944950104,2.9989659786224365,2.12437105178833
rosenbrock,1.9287498479639178e-22,2,cholesky,5,score_function,8192,0.02,1000,1,rosenbrock,253,0.0045299530029296875,-51.150489807128906,0.7780744433403015,0.0,2.9776248931884766,0.2289983034133911,2.371241331100464,1.7863433361053467
rosenbrock,1.9287498479639178e-22,2,cholesky,5,score_function,8192,0.02,1000,1,rosenbrock,254,0.004491090774536133,-51.14780807495117,0.6972060203552246,0.0,3.5354270935058594,0.5264354944229126,2.091559648513794,2.8013370037078857
rosenbrock,1.9287498479639178e-22,2,cholesky,5,score_function,8192,0.02,1000,1,rosenbrock,255,0.004496335983276367,-51.13340377807617,0.6961299777030945,0.0,5.075431823730469,0.14115700125694275,4.509814262390137,2.3241465091705322
rosenbrock,1.9287498479639178e-22,2,cholesky,5,score_function,8192,0.02,1000,1,rosenbrock,256,0.004519939422607422,-51.13924789428711,0.7210757732391357,0.0,2.646684169769287,0.3331397473812103,2.071899175643921,1.6128201484680176
rosenbrock,1.9287498479639178e-22,2,cholesky,5,score_function,8192,0.02,1000,1,rosenbrock,257,0.00448298454284668,-51.16607666015625,0.7880135774612427,0.0,3.8728485107421875,0.3775080144405365,2.453713893890381,2.9724960327148438
rosenbrock,1.9287498479639178e-22,2,cholesky,5,score_function,8192,0.02,1000,1,rosenbrock,258,0.0045168399810791016,-51.152587890625,0.7207353711128235,0.0,3.1062939167022705,0.42266884446144104,2.378793239593506,1.9523714780807495
rosenbrock,1.9287498479639178e-22,2,cholesky,5,score_function,8192,0.02,1000,1,rosenbrock,259,0.0044972896575927734,-51.16627502441406,0.7299143671989441,0.0,4.129187107086182,0.5181306004524231,2.8218040466308594,2.969705581665039
rosenbrock,1.9287498479639178e-22,2,cholesky,5,score_function,8192,0.02,1000,1,rosenbrock,260,0.004469633102416992,-51.152462005615234,0.653860330581665,0.0,3.9681854248046875,0.13679425418376923,3.339599132537842,2.1388919353485107
rosenbrock,1.9287498479639178e-22,2,cholesky,5,score_function,8192,0.02,1000,1,rosenbrock,261,0.004474163055419922,-51.1600341796875,0.7102279663085938,0.0,3.1914570331573486,0.3921385109424591,1.3289811611175537,2.874967098236084
rosenbrock,1.9287498479639178e-22,2,cholesky,5,score_function,8192,0.02,1000,1,rosenbrock,262,0.004476070404052734,-51.14219284057617,0.7794833779335022,0.0,4.93806791305542,0.1938115358352661,4.360618591308594,2.3091025352478027
rosenbrock,1.9287498479639178e-22,2,cholesky,5,score_function,8192,0.02,1000,1,rosenbrock,263,0.004474163055419922,-51.146095275878906,0.6638909578323364,0.0,3.8679988384246826,0.5831888318061829,3.2534193992614746,2.0091216564178467
rosenbrock,1.9287498479639178e-22,2,cholesky,5,score_function,8192,0.02,1000,1,rosenbrock,264,0.004492044448852539,-51.15841293334961,0.7690829038619995,0.0,3.7115280628204346,0.6533922553062439,2.1347997188568115,2.9649875164031982
rosenbrock,1.9287498479639178e-22,2,cholesky,5,score_function,8192,0.02,1000,1,rosenbrock,265,0.004467964172363281,-51.14973449707031,0.930769681930542,0.0,1.7954015731811523,0.1531069427728653,0.7428131103515625,1.6273455619812012
rosenbrock,1.9287498479639178e-22,2,cholesky,5,score_function,8192,0.02,1000,1,rosenbrock,266,0.004490375518798828,-51.16294479370117,0.6589609384536743,0.0,3.4741337299346924,0.17260895669460297,2.361053943634033,2.5426833629608154
rosenbrock,1.9287498479639178e-22,2,cholesky,5,score_function,8192,0.02,1000,1,rosenbrock,267,0.0045702457427978516,-51.1575813293457,0.66606605052948,0.0,2.452737331390381,0.16532926261425018,2.0703673362731934,1.3046705722808838
rosenbrock,1.9287498479639178e-22,2,cholesky,5,score_function,8192,0.02,1000,1,rosenbrock,268,0.004824161529541016,-51.16677474975586,0.6960046291351318,0.0,5.677091121673584,0.15039406716823578,4.776136875152588,3.065169334411621
rosenbrock,1.9287498479639178e-22,2,cholesky,5,score_function,8192,0.02,1000,1,rosenbrock,269,0.004630088806152344,-51.155006408691406,0.6322620511054993,0.0,6.763725280761719,0.12310005724430084,6.286904335021973,2.491518497467041
rosenbrock,1.9287498479639178e-22,2,cholesky,5,score_function,8192,0.02,1000,1,rosenbrock,270,0.005066871643066406,-51.16242599487305,0.6764681339263916,0.0,3.6124777793884277,0.22834253311157227,2.967979669570923,2.0466930866241455
rosenbrock,1.9287498479639178e-22,2,cholesky,5,score_function,8192,0.02,1000,1,rosenbrock,271,0.005053997039794922,-51.14830017089844,0.6687036156654358,0.0,3.653190851211548,0.13564752042293549,3.1974096298217773,1.7618101835250854
rosenbrock,1.9287498479639178e-22,2,cholesky,5,score_function,8192,0.02,1000,1,rosenbrock,272,0.004940032958984375,-51.14909362792969,0.6174784302711487,0.0,5.624481678009033,0.39621636271476746,4.255339622497559,3.6564862728118896
rosenbrock,1.9287498479639178e-22,2,cholesky,5,score_function,8192,0.02,1000,1,rosenbrock,273,0.004737138748168945,-51.148155212402344,0.6440668702125549,0.0,6.47133731842041,0.14086394011974335,6.033337116241455,2.3360655307769775
rosenbrock,1.9287498479639178e-22,2,cholesky,5,score_function,8192,0.02,1000,1,rosenbrock,274,0.004762172698974609,-51.14112854003906,0.6378819346427917,0.0,3.9679980278015137,0.1567946821451187,3.1852574348449707,2.3610501289367676
rosenbrock,1.9287498479639178e-22,2,cholesky,5,score_function,8192,0.02,1000,1,rosenbrock,275,0.004549980163574219,-51.16071319580078,0.7273980379104614,0.0,8.45154857635498,0.19398590922355652,8.100430488586426,2.4029293060302734
rosenbrock,1.9287498479639178e-22,2,cholesky,5,score_function,8192,0.02,1000,1,rosenbrock,276,0.004540920257568359,-51.15790939331055,0.7657128572463989,0.0,5.302347183227539,0.14216452836990356,1.9687840938568115,4.921236038208008
rosenbrock,1.9287498479639178e-22,2,cholesky,5,score_function,8192,0.02,1000,1,rosenbrock,277,0.004525184631347656,-51.1475830078125,0.6590154767036438,0.0,3.2078795433044434,0.22125588357448578,2.545891046524048,1.9390653371810913
rosenbrock,1.9287498479639178e-22,2,cholesky,5,score_function,8192,0.02,1000,1,rosenbrock,278,0.004537105560302734,-51.152610778808594,0.6991270780563354,0.0,8.28724193572998,0.3300761878490448,7.94862174987793,2.3213889598846436
rosenbrock,1.9287498479639178e-22,2,cholesky,5,score_function,8192,0.02,1000,1,rosenbrock,279,0.004518270492553711,-51.154117584228516,0.8015745282173157,0.0,4.531476974487305,0.3599216639995575,3.1136112213134766,3.272639513015747
rosenbrock,1.9287498479639178e-22,2,cholesky,5,score_function,8192,0.02,1000,1,rosenbrock,280,0.004524946212768555,-51.1563720703125,0.8487624526023865,0.0,7.757318019866943,0.4637874364852905,6.1589837074279785,4.693378925323486
rosenbrock,1.9287498479639178e-22,2,cholesky,5,score_function,8192,0.02,1000,1,rosenbrock,281,0.004495859146118164,-51.13011932373047,0.6883249282836914,0.0,3.6242763996124268,0.14409278333187103,2.05124831199646,2.984459400177002
rosenbrock,1.9287498479639178e-22,2,cholesky,5,score_function,8192,0.02,1000,1,rosenbrock,282,0.004521846771240234,-51.14009475708008,0.7811834812164307,0.0,5.016897678375244,0.1880442202091217,4.069450855255127,2.928048610687256
rosenbrock,1.9287498479639178e-22,2,cholesky,5,score_function,8192,0.02,1000,1,rosenbrock,283,0.004548072814941406,-51.14448547363281,0.7156348824501038,0.0,3.788243293762207,0.28711390495300293,1.2684794664382935,3.557992935180664
rosenbrock,1.9287498479639178e-22,2,cholesky,5,score_function,8192,0.02,1000,1,rosenbrock,284,0.004477739334106445,-51.148048400878906,0.801798403263092,0.0,4.63728666305542,0.3106180727481842,2.9307379722595215,3.5803236961364746
rosenbrock,1.9287498479639178e-22,2,cholesky,5,score_function,8192,0.02,1000,1,rosenbrock,285,0.004486799240112305,-51.141849517822266,0.8360908031463623,0.0,4.886332988739014,0.43525430560112,1.989094853401184,4.441880702972412
rosenbrock,1.9287498479639178e-22,2,cholesky,5,score_function,8192,0.02,1000,1,rosenbrock,286,0.004492044448852539,-51.138465881347656,0.7960172891616821,0.0,3.8782708644866943,0.43117472529411316,2.874587297439575,2.5674540996551514
rosenbrock,1.9287498479639178e-22,2,cholesky,5,score_function,8192,0.02,1000,1,rosenbrock,287,0.004525184631347656,-51.13787841796875,0.8046202063560486,0.0,5.208707809448242,0.2937617003917694,2.2000510692596436,4.712124347686768
rosenbrock,1.9287498479639178e-22,2,cholesky,5,score_function,8192,0.02,1000,1,rosenbrock,288,0.004488945007324219,-51.13195037841797,0.7499787211418152,0.0,2.032236337661743,0.2027815282344818,1.3656859397888184,1.49122953414917
rosenbrock,1.9287498479639178e-22,2,cholesky,5,score_function,8192,0.02,1000,1,rosenbrock,289,0.004513978958129883,-51.1452751159668,0.7699822187423706,0.0,3.757964849472046,0.22647087275981903,2.864107370376587,2.422374725341797
rosenbrock,1.9287498479639178e-22,2,cholesky,5,score_function,8192,0.02,1000,1,rosenbrock,290,0.004518270492553711,-51.120914459228516,0.6885266304016113,0.0,5.448129177093506,0.22158338129520416,4.990767002105713,2.1737654209136963
rosenbrock,1.9287498479639178e-22,2,cholesky,5,score_function,8192,0.02,1000,1,rosenbrock,291,0.004519224166870117,-51.138946533203125,0.7574202418327332,0.0,4.158885478973389,0.12018926441669464,3.2224998474121094,2.6262855529785156
rosenbrock,1.9287498479639178e-22,2,cholesky,5,score_function,8192,0.02,1000,1,rosenbrock,292,0.0045092105865478516,-51.150299072265625,0.8459135890007019,0.0,4.348922252655029,0.35975590348243713,4.000776767730713,1.666579246520996
rosenbrock,1.9287498479639178e-22,2,cholesky,5,score_function,8192,0.02,1000,1,rosenbrock,293,0.004492998123168945,-51.166446685791016,0.8309650421142578,0.0,4.202625751495361,0.31144940853118896,2.657153367996216,3.2410800457000732
rosenbrock,1.9287498479639178e-22,2,cholesky,5,score_function,8192,0.02,1000,1,rosenbrock,294,0.004462003707885742,-51.17075729370117,1.008439540863037,0.0,6.344254016876221,0.08635670691728592,4.869903087615967,4.0652360916137695
rosenbrock,1.9287498479639178e-22,2,cholesky,5,score_function,8192,0.02,1000,1,rosenbrock,295,0.004470109939575195,-51.16132354736328,0.8015244603157043,0.0,3.1446874141693115,0.5180737972259521,1.611027717590332,2.6505186557769775
rosenbrock,1.9287498479639178e-22,2,cholesky,5,score_function,8192,0.02,1000,1,rosenbrock,296,0.004509925842285156,-51.165767669677734,0.7960398197174072,0.0,9.243412971496582,0.45398691296577454,8.63014030456543,3.279522180557251
rosenbrock,1.9287498479639178e-22,2,cholesky,5,score_function,8192,0.02,1000,1,rosenbrock,297,0.0044708251953125,-51.14910888671875,0.7929797172546387,0.0,6.236877918243408,0.6374800205230713,4.235139846801758,4.533856391906738
rosenbrock,1.9287498479639178e-22,2,cholesky,5,score_function,8192,0.02,1000,1,rosenbrock,298,0.004505157470703125,-51.141136169433594,0.8147476315498352,0.0,3.945732355117798,0.5208186507225037,2.0613930225372314,3.3238847255706787
rosenbrock,1.9287498479639178e-22,2,cholesky,5,score_function,8192,0.02,1000,1,rosenbrock,299,0.004709959030151367,-51.13945770263672,0.8936161994934082,0.0,4.044681549072266,0.3102092742919922,2.78582763671875,2.9158847332000732
rosenbrock,1.9287498479639178e-22,2,cholesky,5,score_function,8192,0.02,1000,1,rosenbrock,300,0.004521369934082031,-51.11579895019531,0.8202187418937683,0.0,4.791504383087158,0.1597444713115692,4.136622428894043,2.412747621536255
rosenbrock,1.9287498479639178e-22,2,cholesky,5,score_function,8192,0.02,1000,1,rosenbrock,301,0.004509925842285156,-51.111942291259766,0.686359703540802,0.0,4.168515205383301,0.32879507541656494,2.8254988193511963,3.0471243858337402
rosenbrock,1.9287498479639178e-22,2,cholesky,5,score_function,8192,0.02,1000,1,rosenbrock,302,0.004488945007324219,-51.10478210449219,0.6678826808929443,0.0,2.8115150928497314,0.2773279845714569,2.083167791366577,1.8676502704620361
rosenbrock,1.9287498479639178e-22,2,cholesky,5,score_function,8192,0.02,1000,1,rosenbrock,303,0.004464864730834961,-51.10424041748047,0.657357931137085,0.0,3.4263076782226562,0.4382369816303253,2.258307933807373,2.539208173751831
rosenbrock,1.9287498479639178e-22,2,cholesky,5,score_function,8192,0.02,1000,1,rosenbrock,304,0.004479885101318359,-51.09077072143555,0.6228432655334473,0.0,3.8813488483428955,0.2903079688549042,3.0397348403930664,2.3959555625915527
rosenbrock,1.9287498479639178e-22,2,cholesky,5,score_function,8192,0.02,1000,1,rosenbrock,305,0.004455089569091797,-51.094390869140625,0.6516643762588501,0.0,4.480032444000244,0.2457156628370285,3.670482635498047,2.556926727294922
rosenbrock,1.9287498479639178e-22,2,cholesky,5,score_function,8192,0.02,1000,1,rosenbrock,306,0.0044689178466796875,-51.09926986694336,0.6083654165267944,0.0,4.005502223968506,0.2964911162853241,2.784691095352173,2.863849639892578
rosenbrock,1.9287498479639178e-22,2,cholesky,5,score_function,8192,0.02,1000,1,rosenbrock,307,0.004470109939575195,-51.1032829284668,0.6036550998687744,0.0,4.0532026290893555,0.1681566834449768,3.164562702178955,2.5269975662231445
rosenbrock,1.9287498479639178e-22,2,cholesky,5,score_function,8192,0.02,1000,1,rosenbrock,308,0.004461050033569336,-51.10847854614258,0.6392755508422852,0.0,3.338996648788452,0.35590100288391113,2.685049295425415,1.952624797821045
rosenbrock,1.9287498479639178e-22,2,cholesky,5,score_function,8192,0.02,1000,1,rosenbrock,309,0.0044689178466796875,-51.11272430419922,0.6792973279953003,0.0,5.134829521179199,0.46170663833618164,4.355153560638428,2.6806604862213135
rosenbrock,1.9287498479639178e-22,2,cholesky,5,score_function,8192,0.02,1000,1,rosenbrock,310,0.004476308822631836,-51.11351776123047,0.6532785296440125,0.0,4.563572406768799,0.45429205894470215,1.4869036674499512,4.290563106536865
rosenbrock,1.9287498479639178e-22,2,cholesky,5,score_function,8192,0.02,1000,1,rosenbrock,311,0.004477024078369141,-51.10252380371094,0.6212512850761414,0.0,3.218207836151123,0.2381584197282791,2.407803773880005,2.121938705444336
rosenbrock,1.9287498479639178e-22,2,cholesky,5,score_function,8192,0.02,1000,1,rosenbrock,312,0.00446009635925293,-51.128173828125,0.8386867046356201,0.0,5.047725200653076,0.40695685148239136,3.4128506183624268,3.6968047618865967
rosenbrock,1.9287498479639178e-22,2,cholesky,5,score_function,8192,0.02,1000,1,rosenbrock,313,0.004450082778930664,-51.11758804321289,0.7977479100227356,0.0,3.91740345954895,0.1607777327299118,2.6026766300201416,2.92340087890625
rosenbrock,1.9287498479639178e-22,2,cholesky,5,score_function,8192,0.02,1000,1,rosenbrock,314,0.004477977752685547,-51.12628936767578,0.692084014415741,0.0,5.873072147369385,0.4521605968475342,5.3945841789245605,2.277496099472046
rosenbrock,1.9287498479639178e-22,2,cholesky,5,score_function,8192,0.02,1000,1,rosenbrock,315,0.004469871520996094,-51.11457061767578,0.6694154739379883,0.0,4.904891490936279,0.2089681178331375,4.409152030944824,2.138612985610962
rosenbrock,1.9287498479639178e-22,2,cholesky,5,score_function,8192,0.02,1000,1,rosenbrock,316,0.004456043243408203,-51.13065719604492,0.7189112901687622,0.0,4.548763751983643,0.6156262159347534,3.0718071460723877,3.297917127609253
rosenbrock,1.9287498479639178e-22,2,cholesky,5,score_function,8192,0.02,1000,1,rosenbrock,317,0.004432201385498047,-51.141475677490234,0.7545510530471802,0.0,4.370392322540283,0.3964819014072418,3.6919357776641846,2.3049397468566895
rosenbrock,1.9287498479639178e-22,2,cholesky,5,score_function,8192,0.02,1000,1,rosenbrock,318,0.00443720817565918,-51.13575744628906,0.739244818687439,0.0,3.224947452545166,0.199422687292099,2.435647487640381,2.104314088821411
rosenbrock,1.9287498479639178e-22,2,cholesky,5,score_function,8192,0.02,1000,1,rosenbrock,319,0.004476308822631836,-51.11943435668945,0.6964157819747925,0.0,2.6013920307159424,0.121474489569664,2.0369515419006348,1.6134785413742065
rosenbrock,1.9287498479639178e-22,2,cholesky,5,score_function,8192,0.02,1000,1,rosenbrock,320,0.004515886306762695,-51.125770568847656,0.7420604228973389,0.0,3.7546632289886475,0.40229910612106323,2.7929601669311523,2.476898193359375
rosenbrock,1.9287498479639178e-22,2,cholesky,5,score_function,8192,0.02,1000,1,rosenbrock,321,0.004364013671875,-51.118045806884766,0.7452392578125,0.0,3.6411449909210205,0.34584203362464905,2.7459514141082764,2.3660266399383545
rosenbrock,1.9287498479639178e-22,2,cholesky,5,score_function,8192,0.02,1000,1,rosenbrock,322,0.00434112548828125,-51.13330841064453,0.8239229321479797,0.0,3.5472352504730225,0.31548964977264404,2.1230270862579346,2.8241987228393555
rosenbrock,1.9287498479639178e-22,2,cholesky,5,score_function,8192,0.02,1000,1,rosenbrock,323,0.00445103645324707,-51.124664306640625,0.8904329538345337,0.0,2.7139651775360107,0.36971092224121094,2.2304279804229736,1.5013703107833862
rosenbrock,1.9287498479639178e-22,2,cholesky,5,score_function,8192,0.02,1000,1,rosenbrock,324,0.004469156265258789,-51.116737365722656,0.814421534538269,0.0,2.8228840827941895,0.33071061968803406,1.5897198915481567,2.309133291244507
rosenbrock,1.9287498479639178e-22,2,cholesky,5,score_function,8192,0.02,1000,1,rosenbrock,325,0.004419088363647461,-51.11183166503906,0.7118661999702454,0.0,3.699225425720215,0.47141996026039124,3.0405759811401367,2.053515672683716
rosenbrock,1.9287498479639178e-22,2,cholesky,5,score_function,8192,0.02,1000,1,rosenbrock,326,0.004441022872924805,-51.08893585205078,0.7516371011734009,0.0,7.213672637939453,0.38329392671585083,5.049866199493408,5.13702392578125
rosenbrock,1.9287498479639178e-22,2,cholesky,5,score_function,8192,0.02,1000,1,rosenbrock,327,0.0044481754302978516,-51.10807800292969,0.7487204670906067,0.0,4.885531902313232,0.3105151951313019,3.870412588119507,2.965115785598755
rosenbrock,1.9287498479639178e-22,2,cholesky,5,score_function,8192,0.02,1000,1,rosenbrock,328,0.004438638687133789,-51.10622024536133,0.8523900508880615,0.0,6.997404098510742,0.3091626465320587,5.868829727172852,3.798015832901001
rosenbrock,1.9287498479639178e-22,2,cholesky,5,score_function,8192,0.02,1000,1,rosenbrock,329,0.004434823989868164,-51.10329055786133,0.7692296504974365,0.0,3.951841115951538,0.7491948008537292,2.876221179962158,2.6044399738311768
rosenbrock,1.9287498479639178e-22,2,cholesky,5,score_function,8192,0.02,1000,1,rosenbrock,330,0.004419803619384766,-51.10429763793945,0.7917621731758118,0.0,3.960495948791504,0.5114032030105591,3.4272210597991943,1.917850375175476
rosenbrock,1.9287498479639178e-22,2,cholesky,5,score_function,8192,0.02,1000,1,rosenbrock,331,0.004436016082763672,-51.11033630371094,1.1299179792404175,0.0,2.511439800262451,0.09701831638813019,1.6465305089950562,1.8938994407653809
rosenbrock,1.9287498479639178e-22,2,cholesky,5,score_function,8192,0.02,1000,1,rosenbrock,332,0.004444122314453125,-51.108543395996094,0.9188175797462463,0.0,4.043241024017334,0.42962154746055603,2.9571373462677,2.723703622817993
rosenbrock,1.9287498479639178e-22,2,cholesky,5,score_function,8192,0.02,1000,1,rosenbrock,333,0.004457235336303711,-51.10210037231445,0.9243755340576172,0.0,3.7945542335510254,0.24828176200389862,2.82534122467041,2.5208022594451904
rosenbrock,1.9287498479639178e-22,2,cholesky,5,score_function,8192,0.02,1000,1,rosenbrock,334,0.004421234130859375,-51.08714294433594,0.7961611747741699,0.0,4.6285481452941895,0.2368295043706894,3.8258228302001953,2.594311237335205
rosenbrock,1.9287498479639178e-22,2,cholesky,5,score_function,8192,0.02,1000,1,rosenbrock,335,0.004436016082763672,-51.095985412597656,0.9889848828315735,0.0,4.143146991729736,0.34767523407936096,2.408435583114624,3.353241443634033
rosenbrock,1.9287498479639178e-22,2,cholesky,5,score_function,8192,0.02,1000,1,rosenbrock,336,0.0044269561767578125,-51.08687210083008,0.7721798419952393,0.0,5.18128776550293,0.2066519409418106,4.455440521240234,2.636681079864502
rosenbrock,1.9287498479639178e-22,2,cholesky,5,score_function,8192,0.02,1000,1,rosenbrock,337,0.004433155059814453,-51.085960388183594,0.7449554800987244,0.0,4.230906963348389,0.18055403232574463,2.912959337234497,3.0631103515625
rosenbrock,1.9287498479639178e-22,2,cholesky,5,score_function,8192,0.02,1000,1,rosenbrock,338,0.004437923431396484,-51.070823669433594,0.8574716448783875,0.0,5.456499099731445,0.2286963015794754,4.6754937171936035,2.8037190437316895
rosenbrock,1.9287498479639178e-22,2,cholesky,5,score_function,8192,0.02,1000,1,rosenbrock,339,0.004437923431396484,-51.04971694946289,0.7404158115386963,0.0,2.300290822982788,0.1727147400379181,1.6700724363327026,1.5723756551742554
rosenbrock,1.9287498479639178e-22,2,cholesky,5,score_function,8192,0.02,1000,1,rosenbrock,340,0.004436969757080078,-51.059417724609375,0.6505877375602722,0.0,2.677410364151001,0.21854647994041443,1.3005062341690063,2.3301172256469727
rosenbrock,1.9287498479639178e-22,2,cholesky,5,score_function,8192,0.02,1000,1,rosenbrock,341,0.004456043243408203,-51.078216552734375,0.7363991141319275,0.0,4.10746431350708,0.4170806407928467,3.2933194637298584,2.418957233428955
rosenbrock,1.9287498479639178e-22,2,cholesky,5,score_function,8192,0.02,1000,1,rosenbrock,342,0.004441022872924805,-51.069862365722656,0.7477964162826538,0.0,3.4081859588623047,0.4266557991504669,2.5045969486236572,2.2717151641845703
rosenbrock,1.9287498479639178e-22,2,cholesky,5,score_function,8192,0.02,1000,1,rosenbrock,343,0.00443577766418457,-51.077667236328125,0.7438970804214478,0.0,5.258349895477295,0.31834930181503296,4.864748001098633,1.9705630540847778
rosenbrock,1.9287498479639178e-22,2,cholesky,5,score_function,8192,0.02,1000,1,rosenbrock,344,0.004457950592041016,-51.08871841430664,0.7321602702140808,0.0,3.738492488861084,0.34046196937561035,2.9531333446502686,2.2670280933380127
rosenbrock,1.9287498479639178e-22,2,cholesky,5,score_function,8192,0.02,1000,1,rosenbrock,345,0.004441976547241211,-51.103084564208984,0.810950517654419,0.0,4.9253435134887695,0.2290506660938263,4.468737602233887,2.058380603790283
rosenbrock,1.9287498479639178e-22,2,cholesky,5,score_function,8192,0.02,1000,1,rosenbrock,346,0.004446983337402344,-51.12751770019531,0.8937740921974182,0.0,3.603609800338745,0.43127650022506714,2.400381088256836,2.652956008911133
rosenbrock,1.9287498479639178e-22,2,cholesky,5,score_function,8192,0.02,1000,1,rosenbrock,347,0.004445075988769531,-51.13059616088867,0.8796676993370056,0.0,4.650739669799805,0.3087070882320404,2.0869739055633545,4.144710063934326
rosenbrock,1.9287498479639178e-22,2,cholesky,5,score_function,8192,0.02,1000,1,rosenbrock,348,0.004462003707885742,-51.14102554321289,0.8871649503707886,0.0,2.156264543533325,0.17941996455192566,1.56718909740448,1.47010338306427
rosenbrock,1.9287498479639178e-22,2,cholesky,5,score_function,8192,0.02,1000,1,rosenbrock,349,0.004454135894775391,-51.15488052368164,1.0047500133514404,0.0,3.219067096710205,0.4693308472633362,2.6555981636047363,1.7578175067901611
rosenbrock,1.9287498479639178e-22,2,cholesky,5,score_function,8192,0.02,1000,1,rosenbrock,350,0.0044629573822021484,-51.16473388671875,0.9298294186592102,0.0,5.818153381347656,0.35438016057014465,5.442627906799316,2.025618314743042
rosenbrock,1.9287498479639178e-22,2,cholesky,5,score_function,8192,0.02,1000,1,rosenbrock,351,0.004446268081665039,-51.18265914916992,0.9234709143638611,0.0,6.398061752319336,0.36066150665283203,4.92065954208374,4.073355674743652
rosenbrock,1.9287498479639178e-22,2,cholesky,5,score_function,8192,0.02,1000,1,rosenbrock,352,0.004462242126464844,-51.16975784301758,0.8967030644416809,0.0,4.0204997062683105,0.08013107627630234,3.828314781188965,1.225563406944275
rosenbrock,1.9287498479639178e-22,2,cholesky,5,score_function,8192,0.02,1000,1,rosenbrock,353,0.004436969757080078,-51.14226531982422,0.8212485909461975,0.0,4.2745561599731445,0.5058122873306274,1.235429048538208,4.060750961303711
rosenbrock,1.9287498479639178e-22,2,cholesky,5,score_function,8192,0.02,1000,1,rosenbrock,354,0.004453182220458984,-51.158260345458984,1.0098174810409546,0.0,4.971100330352783,0.4020422697067261,4.218246936798096,2.5993452072143555
rosenbrock,1.9287498479639178e-22,2,cholesky,5,score_function,8192,0.02,1000,1,rosenbrock,355,0.004457950592041016,-51.1448974609375,0.8452348709106445,0.0,4.864895820617676,0.31227800250053406,2.9483816623687744,3.857037305831909
rosenbrock,1.9287498479639178e-22,2,cholesky,5,score_function,8192,0.02,1000,1,rosenbrock,356,0.004451751708984375,-51.13603210449219,0.8242919445037842,0.0,5.045678615570068,0.4565384089946747,4.059241771697998,2.9619250297546387
rosenbrock,1.9287498479639178e-22,2,cholesky,5,score_function,8192,0.02,1000,1,rosenbrock,357,0.0044481754302978516,-51.12115478515625,0.6946669816970825,0.0,3.3957228660583496,0.4085713326931,2.38930606842041,2.378070831298828
rosenbrock,1.9287498479639178e-22,2,cholesky,5,score_function,8192,0.02,1000,1,rosenbrock,358,0.004456281661987305,-51.12236404418945,0.7031900882720947,0.0,5.576802730560303,0.385042279958725,5.170222759246826,2.0545732975006104
rosenbrock,1.9287498479639178e-22,2,cholesky,5,score_function,8192,0.02,1000,1,rosenbrock,359,0.004443168640136719,-51.112640380859375,0.6884778141975403,0.0,4.3093743324279785,0.4598287343978882,2.2478318214416504,3.6478095054626465
rosenbrock,1.9287498479639178e-22,2,cholesky,5,score_function,8192,0.02,1000,1,rosenbrock,360,0.005177974700927734,-51.10661315917969,0.670539379119873,0.0,5.01269006729126,0.5234206914901733,3.9947261810302734,2.9824910163879395
rosenbrock,1.9287498479639178e-22,2,cholesky,5,score_function,8192,0.02,1000,1,rosenbrock,361,0.004889011383056641,-51.0969352722168,0.7153564691543579,0.0,2.4943807125091553,0.2482621669769287,1.8403801918029785,1.66532301902771
rosenbrock,1.9287498479639178e-22,2,cholesky,5,score_function,8192,0.02,1000,1,rosenbrock,362,0.005461931228637695,-51.10082244873047,0.7294290065765381,0.0,4.9394145011901855,0.27059680223464966,4.352625370025635,2.3193204402923584
rosenbrock,1.9287498479639178e-22,2,cholesky,5,score_function,8192,0.02,1000,1,rosenbrock,363,0.004627227783203125,-51.08504867553711,0.6770893335342407,0.0,5.207441329956055,0.25094306468963623,4.842893123626709,1.897592544555664
rosenbrock,1.9287498479639178e-22,2,cholesky,5,score_function,8192,0.02,1000,1,rosenbrock,364,0.0047760009765625,-51.1019287109375,0.6432807445526123,0.0,2.9600656032562256,0.34401923418045044,1.6817783117294312,2.411484956741333
rosenbrock,1.9287498479639178e-22,2,cholesky,5,score_function,8192,0.02,1000,1,rosenbrock,365,0.004584312438964844,-51.10877227783203,0.6856945157051086,0.0,2.766810894012451,0.28105321526527405,1.2169663906097412,2.4688546657562256
rosenbrock,1.9287498479639178e-22,2,cholesky,5,score_function,8192,0.02,1000,1,rosenbrock,366,0.0045261383056640625,-51.113853454589844,0.7109171748161316,0.0,2.685312271118164,0.1646265983581543,1.4593297243118286,2.248145341873169
rosenbrock,1.9287498479639178e-22,2,cholesky,5,score_function,8192,0.02,1000,1,rosenbrock,367,0.00449371337890625,-51.11743927001953,0.7208341956138611,0.0,5.22606086730957,0.5377745628356934,4.524780750274658,2.5590760707855225
rosenbrock,1.9287498479639178e-22,2,cholesky,5,score_function,8192,0.02,1000,1,rosenbrock,368,0.004478931427001953,-51.122867584228516,0.7169414162635803,0.0,4.278005123138428,0.24612730741500854,2.8023717403411865,3.222958564758301
rosenbrock,1.9287498479639178e-22,2,cholesky,5,score_function,8192,0.02,1000,1,rosenbrock,369,0.0044629573822021484,-51.131954193115234,0.7154393792152405,0.0,5.077690601348877,0.5283844470977783,4.183574676513672,2.828684091567993
rosenbrock,1.9287498479639178e-22,2,cholesky,5,score_function,8192,0.02,1000,1,rosenbrock,370,0.0045549869537353516,-51.163108825683594,0.8201152086257935,0.0,9.804498672485352,0.3345634341239929,8.774713516235352,4.361269950866699
rosenbrock,1.9287498479639178e-22,2,cholesky,5,score_function,8192,0.02,1000,1,rosenbrock,371,0.00449371337890625,-51.13733673095703,0.7695773243904114,0.0,4.310993671417236,0.7262938022613525,3.653688907623291,2.1697280406951904
rosenbrock,1.9287498479639178e-22,2,cholesky,5,score_function,8192,0.02,1000,1,rosenbrock,372,0.004467010498046875,-51.151241302490234,0.7845155000686646,0.0,3.959272861480713,0.11449655890464783,2.9154739379882812,2.676330327987671
rosenbrock,1.9287498479639178e-22,2,cholesky,5,score_function,8192,0.02,1000,1,rosenbrock,373,0.004484891891479492,-51.14488220214844,0.7889695167541504,0.0,3.1350700855255127,0.1213599294424057,1.4451035261154175,2.77949857711792
rosenbrock,1.9287498479639178e-22,2,cholesky,5,score_function,8192,0.02,1000,1,rosenbrock,374,0.004495143890380859,-51.13483810424805,0.7225094437599182,0.0,4.410299777984619,0.31189143657684326,3.778127908706665,2.253711700439453
rosenbrock,1.9287498479639178e-22,2,cholesky,5,score_function,8192,0.02,1000,1,rosenbrock,375,0.004454135894775391,-51.12751007080078,0.6931853294372559,0.0,3.182516098022461,0.3552910387516022,2.0000710487365723,2.449876308441162
rosenbrock,1.9287498479639178e-22,2,cholesky,5,score_function,8192,0.02,1000,1,rosenbrock,376,0.004459857940673828,-51.133811950683594,0.7414637207984924,0.0,2.913299322128296,0.15299294888973236,1.5720933675765991,2.4479434490203857
rosenbrock,1.9287498479639178e-22,2,cholesky,5,score_function,8192,0.02,1000,1,rosenbrock,377,0.004467964172363281,-51.13288879394531,0.7167428135871887,0.0,3.14542555809021,0.31005632877349854,1.748706579208374,2.596072196960449
rosenbrock,1.9287498479639178e-22,2,cholesky,5,score_function,8192,0.02,1000,1,rosenbrock,378,0.0044591426849365234,-51.11942672729492,0.7458447813987732,0.0,2.5831305980682373,0.18466337025165558,2.0574660301208496,1.5509016513824463
rosenbrock,1.9287498479639178e-22,2,cholesky,5,score_function,8192,0.02,1000,1,rosenbrock,379,0.004426002502441406,-51.11647033691406,0.7254247069358826,0.0,3.9521942138671875,0.554893970489502,3.329277992248535,2.05617094039917
rosenbrock,1.9287498479639178e-22,2,cholesky,5,score_function,8192,0.02,1000,1,rosenbrock,380,0.004450798034667969,-51.136112213134766,0.806164026260376,0.0,4.704153060913086,0.25535762310028076,3.2202117443084717,3.419661521911621
rosenbrock,1.9287498479639178e-22,2,cholesky,5,score_function,8192,0.02,1000,1,rosenbrock,381,0.0044291019439697266,-51.13467025756836,0.7117740511894226,0.0,4.479251384735107,0.3757687509059906,4.000277042388916,1.9799693822860718
rosenbrock,1.9287498479639178e-22,2,cholesky,5,score_function,8192,0.02,1000,1,rosenbrock,382,0.004478931427001953,-51.131317138671875,0.7366734147071838,0.0,2.5953004360198975,0.22306884825229645,1.6514365673065186,1.9896185398101807
rosenbrock,1.9287498479639178e-22,2,cholesky,5,score_function,8192,0.02,1000,1,rosenbrock,383,0.004435062408447266,-51.13572692871094,0.7622222900390625,0.0,5.305529594421387,0.31976017355918884,2.0662317276000977,4.876175403594971
rosenbrock,1.9287498479639178e-22,2,cholesky,5,score_function,8192,0.02,1000,1,rosenbrock,384,0.004467964172363281,-51.126304626464844,0.802338182926178,0.0,3.318690061569214,0.2721376419067383,2.366858720779419,2.3103301525115967
rosenbrock,1.9287498479639178e-22,2,cholesky,5,score_function,8192,0.02,1000,1,rosenbrock,385,0.0044400691986083984,-51.13068389892578,0.7588401436805725,0.0,2.8630571365356445,0.13546122610569,2.6702823638916016,1.0238844156265259
rosenbrock,1.9287498479639178e-22,2,cholesky,5,score_function,8192,0.02,1000,1,rosenbrock,386,0.0044498443603515625,-51.1243896484375,0.7499192357063293,0.0,3.241011619567871,0.1310945600271225,2.791069984436035,1.6422239542007446
rosenbrock,1.9287498479639178e-22,2,cholesky,5,score_function,8192,0.02,1000,1,rosenbrock,387,0.0044329166412353516,-51.12273406982422,0.719831109046936,0.0,4.223649024963379,0.12291312217712402,3.609942674636841,2.1891589164733887
rosenbrock,1.9287498479639178e-22,2,cholesky,5,score_function,8192,0.02,1000,1,rosenbrock,388,0.004472017288208008,-51.14250946044922,0.7437770962715149,0.0,3.4223861694335938,0.38957175612449646,2.55926775932312,2.238551139831543
rosenbrock,1.9287498479639178e-22,2,cholesky,5,score_function,8192,0.02,1000,1,rosenbrock,389,0.004396915435791016,-51.13250732421875,0.7678794860839844,0.0,3.3309073448181152,0.4929077923297882,2.2163665294647217,2.4371511936187744
rosenbrock,1.9287498479639178e-22,2,cholesky,5,score_function,8192,0.02,1000,1,rosenbrock,390,0.0044629573822021484,-51.16012191772461,0.7636146545410156,0.0,4.563988208770752,0.45792898535728455,3.989633321762085,2.1686670780181885
rosenbrock,1.9287498479639178e-22,2,cholesky,5,score_function,8192,0.02,1000,1,rosenbrock,391,0.004460811614990234,-51.15721893310547,0.8360728025436401,0.0,4.932942867279053,0.11018002033233643,4.499454498291016,2.019082546234131
rosenbrock,1.9287498479639178e-22,2,cholesky,5,score_function,8192,0.02,1000,1,rosenbrock,392,0.00442814826965332,-51.14817428588867,0.7017238140106201,0.0,3.312650680541992,0.400496244430542,1.7360718250274658,2.792724847793579
rosenbrock,1.9287498479639178e-22,2,cholesky,5,score_function,8192,0.02,1000,1,rosenbrock,393,0.0044097900390625,-51.133975982666016,0.7209578156471252,0.0,3.807018518447876,0.3803046643733978,2.9407689571380615,2.3876004219055176
rosenbrock,1.9287498479639178e-22,2,cholesky,5,score_function,8192,0.02,1000,1,rosenbrock,394,0.004456996917724609,-51.123939514160156,0.8235569596290588,0.0,6.433472633361816,0.37486347556114197,5.647121429443359,3.059258222579956
rosenbrock,1.9287498479639178e-22,2,cholesky,5,score_function,8192,0.02,1000,1,rosenbrock,395,0.0044651031494140625,-51.09098815917969,0.6955239176750183,0.0,4.196969509124756,0.2387661337852478,2.862086057662964,3.0603933334350586
rosenbrock,1.9287498479639178e-22,2,cholesky,5,score_function,8192,0.02,1000,1,rosenbrock,396,0.004422903060913086,-51.1307373046875,0.8124385476112366,0.0,3.5572872161865234,0.15626125037670135,2.7882909774780273,2.2034759521484375
rosenbrock,1.9287498479639178e-22,2,cholesky,5,score_function,8192,0.02,1000,1,rosenbrock,397,0.004487752914428711,-51.10294723510742,0.7557728886604309,0.0,6.007399559020996,0.14291764795780182,5.630980491638184,2.088176965713501
rosenbrock,1.9287498479639178e-22,2,cholesky,5,score_function,8192,0.02,1000,1,rosenbrock,398,0.0045850276947021484,-51.09528350830078,0.6819462180137634,0.0,3.0352158546447754,0.37260153889656067,1.4026826620101929,2.665742874145508
rosenbrock,1.9287498479639178e-22,2,cholesky,5,score_function,8192,0.02,1000,1,rosenbrock,399,0.004600048065185547,-51.11268615722656,0.7886670231819153,0.0,4.056861400604248,0.13526922464370728,3.3722219467163086,2.2512104511260986
rosenbrock,1.9287498479639178e-22,2,cholesky,5,score_function,8192,0.02,1000,1,rosenbrock,400,0.0049517154693603516,-51.0853271484375,0.7111960649490356,0.0,4.500472068786621,0.22699785232543945,3.899632215499878,2.235081911087036
rosenbrock,1.9287498479639178e-22,2,cholesky,5,score_function,8192,0.02,1000,1,rosenbrock,401,0.004683017730712891,-51.10946273803711,0.7497074007987976,0.0,5.154567718505859,0.4699299931526184,3.301297903060913,3.9306695461273193
rosenbrock,1.9287498479639178e-22,2,cholesky,5,score_function,8192,0.02,1000,1,rosenbrock,402,0.0045697689056396484,-51.092803955078125,0.7494190335273743,0.0,4.146313667297363,0.597935676574707,3.7492213249206543,1.6666518449783325
rosenbrock,1.9287498479639178e-22,2,cholesky,5,score_function,8192,0.02,1000,1,rosenbrock,403,0.004489898681640625,-51.1077880859375,0.755408525466919,0.0,3.5853893756866455,0.2811454236507416,2.930260419845581,2.0468382835388184
rosenbrock,1.9287498479639178e-22,2,cholesky,5,score_function,8192,0.02,1000,1,rosenbrock,404,0.004441261291503906,-51.11570739746094,0.8407731652259827,0.0,3.7738289833068848,0.457768976688385,2.37819504737854,2.894204616546631
rosenbrock,1.9287498479639178e-22,2,cholesky,5,score_function,8192,0.02,1000,1,rosenbrock,405,0.004458904266357422,-51.12711715698242,0.8926839232444763,0.0,4.99672794342041,0.3118542432785034,3.381631374359131,3.6653246879577637
rosenbrock,1.9287498479639178e-22,2,cholesky,5,score_function,8192,0.02,1000,1,rosenbrock,406,0.004445075988769531,-51.1396598815918,0.8811723589897156,0.0,4.887135028839111,0.24130818247795105,1.5297081470489502,4.63528299331665
rosenbrock,1.9287498479639178e-22,2,cholesky,5,score_function,8192,0.02,1000,1,rosenbrock,407,0.004467964172363281,-51.1710319519043,0.9970272779464722,0.0,9.217958450317383,0.27059832215309143,8.73345947265625,2.936704158782959
rosenbrock,1.9287498479639178e-22,2,cholesky,5,score_function,8192,0.02,1000,1,rosenbrock,408,0.0044400691986083984,-51.16138458251953,1.0498721599578857,0.0,3.7549643516540527,0.3362571597099304,2.769150972366333,2.5136611461639404
rosenbrock,1.9287498479639178e-22,2,cholesky,5,score_function,8192,0.02,1000,1,rosenbrock,409,0.004441022872924805,-51.14794158935547,0.936843752861023,0.0,5.054771423339844,0.1581983119249344,3.1137285232543945,3.97874116897583
rosenbrock,1.9287498479639178e-22,2,cholesky,5,score_function,8192,0.02,1000,1,rosenbrock,410,0.004442930221557617,-51.15646743774414,1.1512296199798584,0.0,4.887249946594238,0.4851343035697937,2.814469814300537,3.9659323692321777
rosenbrock,1.9287498479639178e-22,2,cholesky,5,score_function,8192,0.02,1000,1,rosenbrock,411,0.004448890686035156,-51.13356399536133,1.0328177213668823,0.0,4.473420143127441,0.41300445795059204,3.7615184783935547,2.3857688903808594
rosenbrock,1.9287498479639178e-22,2,cholesky,5,score_function,8192,0.02,1000,1,rosenbrock,412,0.004450798034667969,-51.12178039550781,0.9311439990997314,0.0,3.972372531890869,0.23900330066680908,3.097428798675537,2.4755923748016357
rosenbrock,1.9287498479639178e-22,2,cholesky,5,score_function,8192,0.02,1000,1,rosenbrock,413,0.004403829574584961,-51.133121490478516,0.9243902564048767,0.0,2.8302547931671143,0.4652424454689026,1.5213757753372192,2.340791940689087
rosenbrock,1.9287498479639178e-22,2,cholesky,5,score_function,8192,0.02,1000,1,rosenbrock,414,0.004415988922119141,-51.112125396728516,0.874147355556488,0.0,5.154543399810791,0.2435845136642456,4.236724853515625,2.9257733821868896
rosenbrock,1.9287498479639178e-22,2,cholesky,5,score_function,8192,0.02,1000,1,rosenbrock,415,0.004464149475097656,-51.11928939819336,0.8848485350608826,0.0,3.993985891342163,0.3665468096733093,2.0387933254241943,3.414803981781006
rosenbrock,1.9287498479639178e-22,2,cholesky,5,score_function,8192,0.02,1000,1,rosenbrock,416,0.004414081573486328,-51.12297821044922,0.8991649746894836,0.0,4.499640941619873,0.3266053795814514,2.608227252960205,3.652019500732422
rosenbrock,1.9287498479639178e-22,2,cholesky,5,score_function,8192,0.02,1000,1,rosenbrock,417,0.004399776458740234,-51.109779357910156,0.8205609321594238,0.0,3.631525993347168,0.2703624665737152,3.1326851844787598,1.8169119358062744
rosenbrock,1.9287498479639178e-22,2,cholesky,5,score_function,8192,0.02,1000,1,rosenbrock,418,0.004400968551635742,-51.1110954284668,0.7872176766395569,0.0,3.2478532791137695,0.1858275979757309,2.551840305328369,2.000532388687134
rosenbrock,1.9287498479639178e-22,2,cholesky,5,score_function,8192,0.02,1000,1,rosenbrock,419,0.004426002502441406,-51.101783752441406,0.7748451828956604,0.0,3.3768527507781982,0.22467933595180511,2.764751434326172,1.9258252382278442
rosenbrock,1.9287498479639178e-22,2,cholesky,5,score_function,8192,0.02,1000,1,rosenbrock,420,0.0044269561767578125,-51.10258102416992,0.7867940068244934,0.0,3.874143600463867,0.38508468866348267,3.4075069427490234,1.8026632070541382
rosenbrock,1.9287498479639178e-22,2,cholesky,5,score_function,8192,0.02,1000,1,rosenbrock,421,0.004405021667480469,-51.10540771484375,0.8127058744430542,0.0,3.7968883514404297,0.16586165130138397,2.7343382835388184,2.629115104675293
rosenbrock,1.9287498479639178e-22,2,cholesky,5,score_function,8192,0.02,1000,1,rosenbrock,422,0.00439906120300293,-51.08715057373047,0.7184717655181885,0.0,4.9165120124816895,0.22051085531711578,4.625674247741699,1.6512422561645508
rosenbrock,1.9287498479639178e-22,2,cholesky,5,score_function,8192,0.02,1000,1,rosenbrock,423,0.004425048828125,-51.09096145629883,0.7075551152229309,0.0,2.925039529800415,0.44896674156188965,2.0057005882263184,2.0812134742736816
rosenbrock,1.9287498479639178e-22,2,cholesky,5,score_function,8192,0.02,1000,1,rosenbrock,424,0.004420042037963867,-51.089656829833984,0.6901540756225586,0.0,2.9748380184173584,0.09932420402765274,2.312166929244995,1.8691388368606567
rosenbrock,1.9287498479639178e-22,2,cholesky,5,score_function,8192,0.02,1000,1,rosenbrock,425,0.004395008087158203,-51.08841323852539,0.639478325843811,0.0,3.982504367828369,0.09584992378950119,2.9718265533447266,2.6494150161743164
rosenbrock,1.9287498479639178e-22,2,cholesky,5,score_function,8192,0.02,1000,1,rosenbrock,426,0.00442194938659668,-51.09104537963867,0.711295485496521,0.0,2.7975566387176514,0.5229218602180481,2.3336756229400635,1.451493501663208
rosenbrock,1.9287498479639178e-22,2,cholesky,5,score_function,8192,0.02,1000,1,rosenbrock,427,0.004416942596435547,-51.07405471801758,0.6409862637519836,0.0,4.005496978759766,0.6492879986763,3.0582921504974365,2.5038533210754395
rosenbrock,1.9287498479639178e-22,2,cholesky,5,score_function,8192,0.02,1000,1,rosenbrock,428,0.004857063293457031,-51.07766342163086,0.6320208311080933,0.0,2.9685373306274414,0.42739856243133545,2.3332550525665283,1.7847869396209717
rosenbrock,1.9287498479639178e-22,2,cholesky,5,score_function,8192,0.02,1000,1,rosenbrock,429,0.00472712516784668,-51.05147171020508,0.5734702944755554,0.0,3.800157070159912,0.2873701751232147,1.1478934288024902,3.6112260818481445
rosenbrock,1.9287498479639178e-22,2,cholesky,5,score_function,8192,0.02,1000,1,rosenbrock,430,0.005028963088989258,-51.065879821777344,0.5926133990287781,0.0,2.2427427768707275,0.5582895278930664,0.8965146541595459,1.9785019159317017
rosenbrock,1.9287498479639178e-22,2,cholesky,5,score_function,8192,0.02,1000,1,rosenbrock,431,0.004613161087036133,-51.0704460144043,0.6225479245185852,0.0,5.768747806549072,0.11553192138671875,3.075866937637329,4.878949165344238
rosenbrock,1.9287498479639178e-22,2,cholesky,5,score_function,8192,0.02,1000,1,rosenbrock,432,0.005010128021240234,-51.04669952392578,0.5629445314407349,0.0,3.0757999420166016,0.13285376131534576,2.3219351768493652,2.012836456298828
rosenbrock,1.9287498479639178e-22,2,cholesky,5,score_function,8192,0.02,1000,1,rosenbrock,433,0.004853010177612305,-51.04584503173828,0.5405279994010925,0.0,3.3727757930755615,0.6821221113204956,2.7117931842803955,1.8858696222305298
rosenbrock,1.9287498479639178e-22,2,cholesky,5,score_function,8192,0.02,1000,1,rosenbrock,434,0.005048990249633789,-51.057682037353516,0.5638103485107422,0.0,4.557119846343994,0.43131211400032043,3.902952194213867,2.312633752822876
rosenbrock,1.9287498479639178e-22,2,cholesky,5,score_function,8192,0.02,1000,1,rosenbrock,435,0.004613161087036133,-51.06718063354492,0.5558002591133118,0.0,3.1002204418182373,0.42955586314201355,2.528165817260742,1.7421903610229492
rosenbrock,1.9287498479639178e-22,2,cholesky,5,score_function,8192,0.02,1000,1,rosenbrock,436,0.004851102828979492,-51.05519485473633,0.513056218624115,0.0,3.794930934906006,0.1977156102657318,3.0293054580688477,2.277216911315918
rosenbrock,1.9287498479639178e-22,2,cholesky,5,score_function,8192,0.02,1000,1,rosenbrock,437,0.004568815231323242,-51.05390167236328,0.5839313864707947,0.0,4.78127384185791,0.2177325189113617,4.383906841278076,1.8959254026412964
rosenbrock,1.9287498479639178e-22,2,cholesky,5,score_function,8192,0.02,1000,1,rosenbrock,438,0.004518747329711914,-51.060577392578125,0.5808388590812683,0.0,3.1466856002807617,0.34231945872306824,2.19573974609375,2.227818250656128
rosenbrock,1.9287498479639178e-22,2,cholesky,5,score_function,8192,0.02,1000,1,rosenbrock,439,0.00444793701171875,-51.0584831237793,0.5621390342712402,0.0,3.980973720550537,0.15049150586128235,3.6216583251953125,1.6459325551986694
rosenbrock,1.9287498479639178e-22,2,cholesky,5,score_function,8192,0.02,1000,1,rosenbrock,440,0.004438161849975586,-51.05714416503906,0.6338332891464233,0.0,4.786014080047607,0.4354468882083893,4.261794090270996,2.133875846862793
rosenbrock,1.9287498479639178e-22,2,cholesky,5,score_function,8192,0.02,1000,1,rosenbrock,441,0.004442691802978516,-51.06938171386719,0.6015012860298157,0.0,2.628464937210083,0.3052882254123688,1.4383810758590698,2.1786892414093018
rosenbrock,1.9287498479639178e-22,2,cholesky,5,score_function,8192,0.02,1000,1,rosenbrock,442,0.004415988922119141,-51.070518493652344,0.5587234497070312,0.0,5.445534706115723,0.11244338005781174,5.003594398498535,2.1459848880767822
rosenbrock,1.9287498479639178e-22,2,cholesky,5,score_function,8192,0.02,1000,1,rosenbrock,443,0.0043981075286865234,-51.078529357910156,0.6322005987167358,0.0,2.2493176460266113,0.04184045270085335,1.3626465797424316,1.7890985012054443
rosenbrock,1.9287498479639178e-22,2,cholesky,5,score_function,8192,0.02,1000,1,rosenbrock,444,0.004420042037963867,-51.077693939208984,0.6170214414596558,0.0,4.21127986907959,0.16627757251262665,3.3094162940979004,2.5990374088287354
rosenbrock,1.9287498479639178e-22,2,cholesky,5,score_function,8192,0.02,1000,1,rosenbrock,445,0.004436969757080078,-51.07039260864258,0.7040622234344482,0.0,2.592036247253418,0.4132828712463379,1.4265555143356323,2.1243326663970947
rosenbrock,1.9287498479639178e-22,2,cholesky,5,score_function,8192,0.02,1000,1,rosenbrock,446,0.004421234130859375,-51.08148193359375,0.6880884170532227,0.0,4.751036167144775,0.0686282217502594,3.961296558380127,2.6221678256988525
rosenbrock,1.9287498479639178e-22,2,cholesky,5,score_function,8192,0.02,1000,1,rosenbrock,447,0.00444483757019043,-51.088279724121094,0.7553897500038147,0.0,4.120690822601318,0.3310427665710449,2.093231439590454,3.533961534500122
rosenbrock,1.9287498479639178e-22,2,cholesky,5,score_function,8192,0.02,1000,1,rosenbrock,448,0.004896879196166992,-51.08496856689453,0.6238570809364319,0.0,5.679940223693848,0.3843734860420227,5.0753374099731445,2.520897388458252
rosenbrock,1.9287498479639178e-22,2,cholesky,5,score_function,8192,0.02,1000,1,rosenbrock,449,0.004670143127441406,-51.08250045776367,0.648889422416687,0.0,3.516350746154785,0.12433944642543793,2.1991941928863525,2.7409496307373047
rosenbrock,1.9287498479639178e-22,2,cholesky,5,score_function,8192,0.02,1000,1,rosenbrock,450,0.0046918392181396484,-51.07676696777344,0.5918561220169067,0.0,4.676094055175781,0.37163516879081726,3.93854022026062,2.4931204319000244
rosenbrock,1.9287498479639178e-22,2,cholesky,5,score_function,8192,0.02,1000,1,rosenbrock,451,0.00446319580078125,-51.08412551879883,0.5901506543159485,0.0,3.9522690773010254,0.3987959623336792,2.8543944358825684,2.7044081687927246
rosenbrock,1.9287498479639178e-22,2,cholesky,5,score_function,8192,0.02,1000,1,rosenbrock,452,0.004878044128417969,-51.090301513671875,0.7372000217437744,0.0,5.1123127937316895,0.704934298992157,4.357135772705078,2.57956862449646
rosenbrock,1.9287498479639178e-22,2,cholesky,5,score_function,8192,0.02,1000,1,rosenbrock,453,0.004641056060791016,-51.07171630859375,0.6517072319984436,0.0,5.002351760864258,0.33681967854499817,4.0561909675598145,2.9081597328186035
rosenbrock,1.9287498479639178e-22,2,cholesky,5,score_function,8192,0.02,1000,1,rosenbrock,454,0.004782915115356445,-51.084205627441406,0.7638212442398071,0.0,4.308194160461426,0.2482987344264984,2.1640419960021973,3.7169620990753174
rosenbrock,1.9287498479639178e-22,2,cholesky,5,score_function,8192,0.02,1000,1,rosenbrock,455,0.0044672489166259766,-51.06134796142578,0.6238695979118347,0.0,2.421692371368408,0.4546973407268524,1.8319183588027954,1.5172076225280762
rosenbrock,1.9287498479639178e-22,2,cholesky,5,score_function,8192,0.02,1000,1,rosenbrock,456,0.004462242126464844,-51.06951904296875,0.7265955805778503,0.0,5.361236095428467,0.17725330591201782,5.056570529937744,1.7727174758911133
rosenbrock,1.9287498479639178e-22,2,cholesky,5,score_function,8192,0.02,1000,1,rosenbrock,457,0.004415988922119141,-51.071781158447266,0.6552324295043945,0.0,5.1013875007629395,0.11707746237516403,4.20206880569458,2.890166759490967
rosenbrock,1.9287498479639178e-22,2,cholesky,5,score_function,8192,0.02,1000,1,rosenbrock,458,0.004431962966918945,-51.05259704589844,0.6680577993392944,0.0,6.186442852020264,0.4965657889842987,5.002279281616211,3.605926275253296
rosenbrock,1.9287498479639178e-22,2,cholesky,5,score_function,8192,0.02,1000,1,rosenbrock,459,0.004415035247802734,-51.042293548583984,0.6114267110824585,0.0,4.125668525695801,0.48320984840393066,3.594888925552368,1.9658129215240479
rosenbrock,1.9287498479639178e-22,2,cholesky,5,score_function,8192,0.02,1000,1,rosenbrock,460,0.004437923431396484,-51.05113220214844,0.5713088512420654,0.0,3.784191370010376,0.605438232421875,2.862816572189331,2.399547815322876
rosenbrock,1.9287498479639178e-22,2,cholesky,5,score_function,8192,0.02,1000,1,rosenbrock,461,0.004424333572387695,-51.04447937011719,0.646608829498291,0.0,3.5136334896087646,0.45620161294937134,2.33974552154541,2.581296682357788
rosenbrock,1.9287498479639178e-22,2,cholesky,5,score_function,8192,0.02,1000,1,rosenbrock,462,0.004427909851074219,-51.03620910644531,0.5337547659873962,0.0,4.054743766784668,0.25533920526504517,3.539362668991089,1.961800456047058
rosenbrock,1.9287498479639178e-22,2,cholesky,5,score_function,8192,0.02,1000,1,rosenbrock,463,0.004446983337402344,-51.0376091003418,0.6280809640884399,0.0,4.710272789001465,0.4632955491542816,3.6493191719055176,2.94185209274292
rosenbrock,1.9287498479639178e-22,2,cholesky,5,score_function,8192,0.02,1000,1,rosenbrock,464,0.004456281661987305,-51.05232620239258,0.6993799209594727,0.0,5.518794536590576,0.2527254521846771,4.926020622253418,2.4753878116607666
rosenbrock,1.9287498479639178e-22,2,cholesky,5,score_function,8192,0.02,1000,1,rosenbrock,465,0.004412174224853516,-51.044654846191406,0.6739559173583984,0.0,6.415925025939941,0.31307628750801086,6.032285690307617,2.162775754928589
rosenbrock,1.9287498479639178e-22,2,cholesky,5,score_function,8192,0.02,1000,1,rosenbrock,466,0.00439763069152832,-51.04356384277344,0.6999968886375427,0.0,2.8315980434417725,0.39869627356529236,1.4455864429473877,2.401930093765259
rosenbrock,1.9287498479639178e-22,2,cholesky,5,score_function,8192,0.02,1000,1,rosenbrock,467,0.004415988922119141,-51.04511260986328,0.7745030522346497,0.0,5.1623005867004395,0.3974621891975403,3.5226409435272217,3.7526485919952393
rosenbrock,1.9287498479639178e-22,2,cholesky,5,score_function,8192,0.02,1000,1,rosenbrock,468,0.004405021667480469,-51.05643081665039,0.8356571197509766,0.0,4.022305965423584,0.38122129440307617,3.5475094318389893,1.8570913076400757
rosenbrock,1.9287498479639178e-22,2,cholesky,5,score_function,8192,0.02,1000,1,rosenbrock,469,0.004709005355834961,-51.04756164550781,0.8504629731178284,0.0,4.577165603637695,0.4222710132598877,3.4018807411193848,3.03304123878479
rosenbrock,1.9287498479639178e-22,2,cholesky,5,score_function,8192,0.02,1000,1,rosenbrock,470,0.004609107971191406,-51.03474426269531,0.6310587525367737,0.0,6.907320022583008,0.38020768761634827,6.546013832092285,2.171684503555298
rosenbrock,1.9287498479639178e-22,2,cholesky,5,score_function,8192,0.02,1000,1,rosenbrock,471,0.004546165466308594,-51.05149459838867,0.7521977424621582,0.0,3.1496200561523438,0.13597631454467773,1.910060167312622,2.500657796859741
rosenbrock,1.9287498479639178e-22,2,cholesky,5,score_function,8192,0.02,1000,1,rosenbrock,472,0.004539966583251953,-51.03416061401367,0.64136803150177,0.0,2.9893345832824707,0.22744162380695343,2.4126386642456055,1.7503043413162231
rosenbrock,1.9287498479639178e-22,2,cholesky,5,score_function,8192,0.02,1000,1,rosenbrock,473,0.004496097564697266,-51.043067932128906,0.6269680261611938,0.0,4.533514022827148,0.2173851579427719,3.498466968536377,2.875103235244751
rosenbrock,1.9287498479639178e-22,2,cholesky,5,score_function,8192,0.02,1000,1,rosenbrock,474,0.004494667053222656,-51.051124572753906,0.6736481785774231,0.0,2.666306972503662,0.16670943796634674,1.5124908685684204,2.1894683837890625
rosenbrock,1.9287498479639178e-22,2,cholesky,5,score_function,8192,0.02,1000,1,rosenbrock,475,0.004510402679443359,-51.06226348876953,0.6612342000007629,0.0,4.05204963684082,0.39349326491355896,1.8561965227127075,3.580335855484009
rosenbrock,1.9287498479639178e-22,2,cholesky,5,score_function,8192,0.02,1000,1,rosenbrock,476,0.004463911056518555,-51.055580139160156,0.8316842317581177,0.0,4.932624816894531,0.2592499852180481,4.460964679718018,2.0888686180114746
rosenbrock,1.9287498479639178e-22,2,cholesky,5,score_function,8192,0.02,1000,1,rosenbrock,477,0.004513978958129883,-51.069000244140625,0.732515811920166,0.0,3.950972080230713,0.16557788848876953,3.3935868740081787,2.0165152549743652
rosenbrock,1.9287498479639178e-22,2,cholesky,5,score_function,8192,0.02,1000,1,rosenbrock,478,0.00447392463684082,-51.06904220581055,0.7804079055786133,0.0,6.275676250457764,0.256740927696228,5.781920909881592,2.42643404006958
rosenbrock,1.9287498479639178e-22,2,cholesky,5,score_function,8192,0.02,1000,1,rosenbrock,479,0.0044748783111572266,-51.06960678100586,0.7524787783622742,0.0,3.452272415161133,0.38113388419151306,2.122814893722534,2.6956593990325928
rosenbrock,1.9287498479639178e-22,2,cholesky,5,score_function,8192,0.02,1000,1,rosenbrock,480,0.004467964172363281,-51.084259033203125,0.7852677702903748,0.0,3.920154571533203,0.12925803661346436,2.442028522491455,3.0638864040374756
rosenbrock,1.9287498479639178e-22,2,cholesky,5,score_function,8192,0.02,1000,1,rosenbrock,481,0.004463911056518555,-51.11544418334961,0.8605033755302429,0.0,4.493345260620117,0.21033161878585815,3.303514242172241,3.038536787033081
rosenbrock,1.9287498479639178e-22,2,cholesky,5,score_function,8192,0.02,1000,1,rosenbrock,482,0.004456043243408203,-51.135765075683594,0.9151495099067688,0.0,5.1320061683654785,0.41688835620880127,4.66577672958374,2.0962395668029785
rosenbrock,1.9287498479639178e-22,2,cholesky,5,score_function,8192,0.02,1000,1,rosenbrock,483,0.004476785659790039,-51.126644134521484,1.0045007467269897,0.0,4.584785461425781,0.5343600511550903,4.021679878234863,2.1356053352355957
rosenbrock,1.9287498479639178e-22,2,cholesky,5,score_function,8192,0.02,1000,1,rosenbrock,484,0.0044672489166259766,-51.119503021240234,0.8322536945343018,0.0,4.611588478088379,0.2813296616077423,3.9526281356811523,2.3588833808898926
rosenbrock,1.9287498479639178e-22,2,cholesky,5,score_function,8192,0.02,1000,1,rosenbrock,485,0.004491090774536133,-51.10939025878906,0.9955024123191833,0.0,3.7380549907684326,0.3274167776107788,2.4101741313934326,2.838470697402954
rosenbrock,1.9287498479639178e-22,2,cholesky,5,score_function,8192,0.02,1000,1,rosenbrock,486,0.004873037338256836,-51.07884216308594,0.7989422082901001,0.0,2.554666757583618,0.4412345290184021,1.5868608951568604,1.9528201818466187
rosenbrock,1.9287498479639178e-22,2,cholesky,5,score_function,8192,0.02,1000,1,rosenbrock,487,0.004664182662963867,-51.07988739013672,0.7944018244743347,0.0,3.8983898162841797,0.5304569602012634,2.1736321449279785,3.192394256591797
rosenbrock,1.9287498479639178e-22,2,cholesky,5,score_function,8192,0.02,1000,1,rosenbrock,488,0.004575967788696289,-51.080528259277344,0.8134525418281555,0.0,3.3345093727111816,0.26137807965278625,2.517761468887329,2.1706018447875977
rosenbrock,1.9287498479639178e-22,2,cholesky,5,score_function,8192,0.02,1000,1,rosenbrock,489,0.004527091979980469,-51.04779052734375,0.7943181395530701,0.0,5.555466651916504,0.23871614038944244,4.29841423034668,3.5113894939422607
rosenbrock,1.9287498479639178e-22,2,cholesky,5,score_function,8192,0.02,1000,1,rosenbrock,490,0.004580020904541016,-51.062355041503906,0.729092538356781,0.0,4.541830062866211,0.32421794533729553,4.012382507324219,2.1033036708831787
rosenbrock,1.9287498479639178e-22,2,cholesky,5,score_function,8192,0.02,1000,1,rosenbrock,491,0.004796028137207031,-51.0520133972168,0.7362703680992126,0.0,4.7421956062316895,0.2757278382778168,4.02890157699585,2.486030340194702
rosenbrock,1.9287498479639178e-22,2,cholesky,5,score_function,8192,0.02,1000,1,rosenbrock,492,0.004655122756958008,-51.073570251464844,0.7160131931304932,0.0,3.524768352508545,0.23629774153232574,1.8084787130355835,3.016216278076172
rosenbrock,1.9287498479639178e-22,2,cholesky,5,score_function,8192,0.02,1000,1,rosenbrock,493,0.004530191421508789,-51.02695846557617,0.6257422566413879,0.0,4.619536399841309,0.3733176290988922,4.013675212860107,2.256359577178955
rosenbrock,1.9287498479639178e-22,2,cholesky,5,score_function,8192,0.02,1000,1,rosenbrock,494,0.004480838775634766,-51.04692840576172,0.639276921749115,0.0,4.22894287109375,0.36310505867004395,3.1733949184417725,2.7715840339660645
rosenbrock,1.9287498479639178e-22,2,cholesky,5,score_function,8192,0.02,1000,1,rosenbrock,495,0.00485682487487793,-51.032676696777344,0.6175869703292847,0.0,2.600635051727295,0.43639829754829407,1.6992043256759644,1.9197821617126465
rosenbrock,1.9287498479639178e-22,2,cholesky,5,score_function,8192,0.02,1000,1,rosenbrock,496,0.004590749740600586,-51.05827331542969,0.7898118495941162,0.0,6.322592258453369,0.4583891034126282,5.569845676422119,2.9566662311553955
rosenbrock,1.9287498479639178e-22,2,cholesky,5,score_function,8192,0.02,1000,1,rosenbrock,497,0.0045239925384521484,-51.051025390625,0.6485889554023743,0.0,3.7829530239105225,0.3293471038341522,1.9338035583496094,3.234604597091675
rosenbrock,1.9287498479639178e-22,2,cholesky,5,score_function,8192,0.02,1000,1,rosenbrock,498,0.004519939422607422,-51.04332733154297,0.6370924711227417,0.0,5.1937575340271,0.20528236031532288,4.391785144805908,2.764996290206909
rosenbrock,1.9287498479639178e-22,2,cholesky,5,score_function,8192,0.02,1000,1,rosenbrock,499,0.0044972896575927734,-51.0641975402832,0.7149243950843811,0.0,2.699680805206299,0.36443352699279785,1.7410387992858887,2.0308244228363037
rosenbrock,1.9287498479639178e-22,2,cholesky,5,score_function,8192,0.02,1000,1,rosenbrock,500,0.004689216613769531,-51.043212890625,0.6499907374382019,0.0,5.642208576202393,0.25023651123046875,4.880423545837402,2.820172071456909
rosenbrock,1.9287498479639178e-22,2,cholesky,5,score_function,8192,0.02,1000,1,rosenbrock,501,0.0047190189361572266,-51.04231643676758,0.5787113308906555,0.0,3.7302427291870117,0.14300626516342163,2.679865837097168,2.5908641815185547
rosenbrock,1.9287498479639178e-22,2,cholesky,5,score_function,8192,0.02,1000,1,rosenbrock,502,0.004514217376708984,-51.036033630371094,0.6477580070495605,0.0,5.582022666931152,0.17510856688022614,5.078001976013184,2.311321973800659
rosenbrock,1.9287498479639178e-22,2,cholesky,5,score_function,8192,0.02,1000,1,rosenbrock,503,0.0046079158782958984,-51.04161834716797,0.6265000700950623,0.0,4.055795192718506,0.2347574532032013,2.8120620250701904,2.913188934326172
rosenbrock,1.9287498479639178e-22,2,cholesky,5,score_function,8192,0.02,1000,1,rosenbrock,504,0.005014896392822266,-51.04967498779297,0.6532384157180786,0.0,3.4360148906707764,0.16175271570682526,1.6608998775482178,3.003572463989258
rosenbrock,1.9287498479639178e-22,2,cholesky,5,score_function,8192,0.02,1000,1,rosenbrock,505,0.0049190521240234375,-51.04355239868164,0.6314607262611389,0.0,4.325191020965576,0.26637646555900574,3.341369867324829,2.7334165573120117
rosenbrock,1.9287498479639178e-22,2,cholesky,5,score_function,8192,0.02,1000,1,rosenbrock,506,0.004701137542724609,-51.052268981933594,0.7036908864974976,0.0,3.2296595573425293,0.179092139005661,1.5661433935165405,2.818833351135254
rosenbrock,1.9287498479639178e-22,2,cholesky,5,score_function,8192,0.02,1000,1,rosenbrock,507,0.0047130584716796875,-51.040313720703125,0.7057024836540222,0.0,4.684333324432373,0.13796429336071014,4.176437854766846,2.1169111728668213
rosenbrock,1.9287498479639178e-22,2,cholesky,5,score_function,8192,0.02,1000,1,rosenbrock,508,0.004696846008300781,-51.04938507080078,0.6979339122772217,0.0,4.061717510223389,0.18628805875778198,3.2002997398376465,2.4941787719726562
rosenbrock,1.9287498479639178e-22,2,cholesky,5,score_function,8192,0.02,1000,1,rosenbrock,509,0.00471806526184082,-51.05311965942383,0.6617789268493652,0.0,4.511618137359619,0.44175395369529724,3.466970920562744,2.8530094623565674
rosenbrock,1.9287498479639178e-22,2,cholesky,5,score_function,8192,0.02,1000,1,rosenbrock,510,0.004571199417114258,-51.05364990234375,0.6375932693481445,0.0,5.678555488586426,0.2990959882736206,5.25921630859375,2.1206555366516113
rosenbrock,1.9287498479639178e-22,2,cholesky,5,score_function,8192,0.02,1000,1,rosenbrock,511,0.0045549869537353516,-51.048805236816406,0.6831462979316711,0.0,3.504246473312378,0.35291486978530884,2.7630512714385986,2.126203775405884
rosenbrock,1.9287498479639178e-22,2,cholesky,5,score_function,8192,0.02,1000,1,rosenbrock,512,0.004517078399658203,-51.045902252197266,0.602942168712616,0.0,6.922527313232422,0.17860452830791473,6.1673688888549805,3.1389567852020264
rosenbrock,1.9287498479639178e-22,2,cholesky,5,score_function,8192,0.02,1000,1,rosenbrock,513,0.004557132720947266,-51.05408477783203,0.7103419899940491,0.0,4.370853424072266,0.5792452692985535,3.1990208625793457,2.9214892387390137
rosenbrock,1.9287498479639178e-22,2,cholesky,5,score_function,8192,0.02,1000,1,rosenbrock,514,0.0045130252838134766,-51.0467643737793,0.6578417420387268,0.0,4.222484111785889,0.23532098531723022,2.2374749183654785,3.5731918811798096
rosenbrock,1.9287498479639178e-22,2,cholesky,5,score_function,8192,0.02,1000,1,rosenbrock,515,0.004500865936279297,-51.036399841308594,0.660415530204773,0.0,2.79475474357605,0.31701844930648804,1.8344541788101196,2.0844497680664062
rosenbrock,1.9287498479639178e-22,2,cholesky,5,score_function,8192,0.02,1000,1,rosenbrock,516,0.004523038864135742,-51.05351257324219,0.7517884969711304,0.0,3.5289220809936523,0.1674851030111313,1.995357871055603,2.9058194160461426
rosenbrock,1.9287498479639178e-22,2,cholesky,5,score_function,8192,0.02,1000,1,rosenbrock,517,0.0045511722564697266,-51.03395462036133,0.7183086276054382,0.0,4.939912796020508,0.2626411020755768,4.512324810028076,1.9931601285934448
rosenbrock,1.9287498479639178e-22,2,cholesky,5,score_function,8192,0.02,1000,1,rosenbrock,518,0.0048639774322509766,-51.03866958618164,0.643162190914154,0.0,3.13716197013855,0.3262987732887268,1.6986361742019653,2.6172409057617188
rosenbrock,1.9287498479639178e-22,2,cholesky,5,score_function,8192,0.02,1000,1,rosenbrock,519,0.0045278072357177734,-51.0230712890625,0.6691333055496216,0.0,3.5428378582000732,0.19260752201080322,2.0225443840026855,2.902398109436035
rosenbrock,1.9287498479639178e-22,2,cholesky,5,score_function,8192,0.02,1000,1,rosenbrock,520,0.005075931549072266,-51.03829574584961,0.6929433941841125,0.0,2.924252510070801,0.23550193011760712,2.3717751502990723,1.6942476034164429
rosenbrock,1.9287498479639178e-22,2,cholesky,5,score_function,8192,0.02,1000,1,rosenbrock,521,0.0047607421875,-51.042213439941406,0.7187728881835938,0.0,4.768806457519531,0.2770729064941406,4.298616886138916,2.046128034591675
rosenbrock,1.9287498479639178e-22,2,cholesky,5,score_function,8192,0.02,1000,1,rosenbrock,522,0.004684925079345703,-51.02862548828125,0.6311132311820984,0.0,2.1777455806732178,0.13179726898670197,1.7720065116882324,1.2590464353561401
rosenbrock,1.9287498479639178e-22,2,cholesky,5,score_function,8192,0.02,1000,1,rosenbrock,523,0.00463104248046875,-51.038970947265625,0.6834030151367188,0.0,4.822697162628174,0.32052183151245117,3.67346453666687,3.1082680225372314
rosenbrock,1.9287498479639178e-22,2,cholesky,5,score_function,8192,0.02,1000,1,rosenbrock,524,0.0046079158782958984,-51.04762268066406,0.7038119435310364,0.0,4.427587509155273,0.4539888799190521,3.5362625122070312,2.6253139972686768
rosenbrock,1.9287498479639178e-22,2,cholesky,5,score_function,8192,0.02,1000,1,rosenbrock,525,0.004635810852050781,-51.03123092651367,0.6404415369033813,0.0,2.9014980792999268,0.32065287232398987,2.3242650032043457,1.7069461345672607
rosenbrock,1.9287498479639178e-22,2,cholesky,5,score_function,8192,0.02,1000,1,rosenbrock,526,0.004602670669555664,-51.04414367675781,0.6512325406074524,0.0,3.9080700874328613,0.4888046979904175,2.3760499954223633,3.064060926437378
rosenbrock,1.9287498479639178e-22,2,cholesky,5,score_function,8192,0.02,1000,1,rosenbrock,527,0.004635810852050781,-51.031646728515625,0.6840099096298218,0.0,2.63211727142334,0.3751791715621948,2.106858968734741,1.5324575901031494
rosenbrock,1.9287498479639178e-22,2,cholesky,5,score_function,8192,0.02,1000,1,rosenbrock,528,0.004584789276123047,-51.03461837768555,0.6561304330825806,0.0,2.8350460529327393,0.2568347454071045,2.0497820377349854,1.9416269063949585
rosenbrock,1.9287498479639178e-22,2,cholesky,5,score_function,8192,0.02,1000,1,rosenbrock,529,0.004615306854248047,-51.035579681396484,0.6309326887130737,0.0,4.032240867614746,0.4541608691215515,3.5132017135620117,1.9261667728424072
rosenbrock,1.9287498479639178e-22,2,cholesky,5,score_function,8192,0.02,1000,1,rosenbrock,530,0.004605293273925781,-51.02264404296875,0.6071186661720276,0.0,3.086965560913086,0.20257613062858582,2.6132736206054688,1.6306811571121216
rosenbrock,1.9287498479639178e-22,2,cholesky,5,score_function,8192,0.02,1000,1,rosenbrock,531,0.004606008529663086,-51.03413391113281,0.623629629611969,0.0,2.778050422668457,0.4337850511074066,1.8611916303634644,2.0162742137908936
rosenbrock,1.9287498479639178e-22,2,cholesky,5,score_function,8192,0.02,1000,1,rosenbrock,532,0.004647254943847656,-51.0168571472168,0.6150568723678589,0.0,6.263145923614502,0.40783873200416565,5.023539066314697,3.718161106109619
rosenbrock,1.9287498479639178e-22,2,cholesky,5,score_function,8192,0.02,1000,1,rosenbrock,533,0.004642009735107422,-51.009342193603516,0.6088340878486633,0.0,3.2146406173706055,0.2818545699119568,2.2418875694274902,2.286571979522705
rosenbrock,1.9287498479639178e-22,2,cholesky,5,score_function,8192,0.02,1000,1,rosenbrock,534,0.004579782485961914,-51.0279541015625,0.6080958247184753,0.0,5.024076461791992,0.22039037942886353,4.617891788482666,1.966685175895691
rosenbrock,1.9287498479639178e-22,2,cholesky,5,score_function,8192,0.02,1000,1,rosenbrock,535,0.004670858383178711,-51.02459716796875,0.7189156413078308,0.0,2.2413489818573,0.12900280952453613,1.509822964668274,1.6514954566955566
rosenbrock,1.9287498479639178e-22,2,cholesky,5,score_function,8192,0.02,1000,1,rosenbrock,536,0.004610776901245117,-51.02241897583008,0.5805386304855347,0.0,4.14674186706543,0.2384096086025238,1.9007092714309692,3.677762031555176
rosenbrock,1.9287498479639178e-22,2,cholesky,5,score_function,8192,0.02,1000,1,rosenbrock,537,0.004634857177734375,-51.009735107421875,0.624768078327179,0.0,6.093441963195801,0.13659097254276276,5.518697738647461,2.5797982215881348
rosenbrock,1.9287498479639178e-22,2,cholesky,5,score_function,8192,0.02,1000,1,rosenbrock,538,0.004584074020385742,-51.0167236328125,0.6540676355361938,0.0,3.875134229660034,0.2981709837913513,2.0591955184936523,3.2691702842712402
rosenbrock,1.9287498479639178e-22,2,cholesky,5,score_function,8192,0.02,1000,1,rosenbrock,539,0.004659891128540039,-51.02597427368164,0.6562667489051819,0.0,4.107574939727783,0.5843626856803894,2.5426576137542725,3.172630786895752
rosenbrock,1.9287498479639178e-22,2,cholesky,5,score_function,8192,0.02,1000,1,rosenbrock,540,0.0045928955078125,-51.02307891845703,0.6438097953796387,0.0,2.4739584922790527,0.510320782661438,1.856109857559204,1.5539947748184204
rosenbrock,1.9287498479639178e-22,2,cholesky,5,score_function,8192,0.02,1000,1,rosenbrock,541,0.0046482086181640625,-51.034423828125,0.7083614468574524,0.0,3.897897243499756,0.20548997819423676,2.45340633392334,3.021949052810669
rosenbrock,1.9287498479639178e-22,2,cholesky,5,score_function,8192,0.02,1000,1,rosenbrock,542,0.004601240158081055,-51.03030014038086,0.7079662084579468,0.0,3.5815441608428955,0.3055952191352844,1.8970319032669067,3.022472381591797
rosenbrock,1.9287498479639178e-22,2,cholesky,5,score_function,8192,0.02,1000,1,rosenbrock,543,0.004662036895751953,-51.03395080566406,0.6829583644866943,0.0,3.90297269821167,0.16891759634017944,3.0337047576904297,2.449754476547241
rosenbrock,1.9287498479639178e-22,2,cholesky,5,score_function,8192,0.02,1000,1,rosenbrock,544,0.004640817642211914,-51.04682159423828,0.7792116403579712,0.0,4.120987415313721,0.37109053134918213,3.4497337341308594,2.22354793548584
rosenbrock,1.9287498479639178e-22,2,cholesky,5,score_function,8192,0.02,1000,1,rosenbrock,545,0.004585981369018555,-51.034873962402344,0.7548973560333252,0.0,3.2828118801116943,0.4154166877269745,2.254621982574463,2.349672794342041
rosenbrock,1.9287498479639178e-22,2,cholesky,5,score_function,8192,0.02,1000,1,rosenbrock,546,0.0046100616455078125,-51.046653747558594,0.7034499049186707,0.0,5.419188022613525,0.14146102964878082,3.3107082843780518,4.287982940673828
rosenbrock,1.9287498479639178e-22,2,cholesky,5,score_function,8192,0.02,1000,1,rosenbrock,547,0.004585981369018555,-51.05095291137695,0.7415465712547302,0.0,2.788268804550171,0.1822347193956375,1.8931339979171753,2.038940191268921
rosenbrock,1.9287498479639178e-22,2,cholesky,5,score_function,8192,0.02,1000,1,rosenbrock,548,0.004598140716552734,-51.03330612182617,0.7844123840332031,0.0,3.9976272583007812,0.6547350883483887,1.694847822189331,3.5608761310577393
rosenbrock,1.9287498479639178e-22,2,cholesky,5,score_function,8192,0.02,1000,1,rosenbrock,549,0.004639148712158203,-51.0386848449707,0.7541319727897644,0.0,4.38006067276001,0.22669577598571777,2.498661518096924,3.590296745300293
rosenbrock,1.9287498479639178e-22,2,cholesky,5,score_function,8192,0.02,1000,1,rosenbrock,550,0.004628181457519531,-51.05220031738281,0.8599918484687805,0.0,5.341313362121582,0.3274784982204437,4.819292068481445,2.279651165008545
rosenbrock,1.9287498479639178e-22,2,cholesky,5,score_function,8192,0.02,1000,1,rosenbrock,551,0.004727840423583984,-51.0341796875,0.760227620601654,0.0,3.9817793369293213,0.28376516699790955,3.2471089363098145,2.2869911193847656
rosenbrock,1.9287498479639178e-22,2,cholesky,5,score_function,8192,0.02,1000,1,rosenbrock,552,0.004339933395385742,-51.06247329711914,0.8485518097877502,0.0,4.3245930671691895,0.5251820683479309,3.8078746795654297,1.981509804725647
rosenbrock,1.9287498479639178e-22,2,cholesky,5,score_function,8192,0.02,1000,1,rosenbrock,553,0.0046689510345458984,-51.04602813720703,0.7713063955307007,0.0,3.651520013809204,0.3044288456439972,2.61659574508667,2.528704881668091
rosenbrock,1.9287498479639178e-22,2,cholesky,5,score_function,8192,0.02,1000,1,rosenbrock,554,0.0050580501556396484,-51.03345489501953,0.8331850171089172,0.0,3.4151501655578613,0.14640092849731445,2.395277976989746,2.4299099445343018
rosenbrock,1.9287498479639178e-22,2,cholesky,5,score_function,8192,0.02,1000,1,rosenbrock,555,0.0047779083251953125,-51.05080795288086,0.841383159160614,0.0,5.16367769241333,0.09218098223209381,2.8482799530029297,4.306085586547852
rosenbrock,1.9287498479639178e-22,2,cholesky,5,score_function,8192,0.02,1000,1,rosenbrock,556,0.0046041011810302734,-51.048866271972656,0.8870989084243774,0.0,3.613281726837158,0.510053277015686,3.1187973022460938,1.7517856359481812
rosenbrock,1.9287498479639178e-22,2,cholesky,5,score_function,8192,0.02,1000,1,rosenbrock,557,0.004594087600708008,-51.05128479003906,0.8578200340270996,0.0,6.292886734008789,0.24737770855426788,4.234132289886475,4.648800849914551
rosenbrock,1.9287498479639178e-22,2,cholesky,5,score_function,8192,0.02,1000,1,rosenbrock,558,0.0045588016510009766,-51.05847930908203,0.9256125092506409,0.0,5.199985504150391,0.6693407893180847,4.038691520690918,3.206369161605835
rosenbrock,1.9287498479639178e-22,2,cholesky,5,score_function,8192,0.02,1000,1,rosenbrock,559,0.004580020904541016,-51.062801361083984,0.8808363080024719,0.0,3.027724027633667,0.26892149448394775,1.9437272548675537,2.3058011531829834
rosenbrock,1.9287498479639178e-22,2,cholesky,5,score_function,8192,0.02,1000,1,rosenbrock,560,0.004528999328613281,-51.076995849609375,0.9878961443901062,0.0,5.63875675201416,0.6466338038444519,4.775981903076172,2.9270193576812744
rosenbrock,1.9287498479639178e-22,2,cholesky,5,score_function,8192,0.02,1000,1,rosenbrock,561,0.004518747329711914,-51.07374572753906,1.1116818189620972,0.0,4.480989456176758,0.3654782772064209,3.043192148208618,3.2687418460845947
rosenbrock,1.9287498479639178e-22,2,cholesky,5,score_function,8192,0.02,1000,1,rosenbrock,562,0.0045108795166015625,-51.06311798095703,0.928010106086731,0.0,3.7211081981658936,0.4733544588088989,3.1692869663238525,1.8916133642196655
rosenbrock,1.9287498479639178e-22,2,cholesky,5,score_function,8192,0.02,1000,1,rosenbrock,563,0.004533052444458008,-51.03970718383789,0.8930931091308594,0.0,3.6463727951049805,0.21723872423171997,0.5305737853050232,3.6010184288024902
rosenbrock,1.9287498479639178e-22,2,cholesky,5,score_function,8192,0.02,1000,1,rosenbrock,564,0.004518985748291016,-51.04294967651367,0.8447485566139221,0.0,4.798699855804443,0.15619149804115295,3.4053475856781006,3.377384662628174
rosenbrock,1.9287498479639178e-22,2,cholesky,5,score_function,8192,0.02,1000,1,rosenbrock,565,0.0045278072357177734,-51.05104446411133,0.9107176661491394,0.0,2.1277384757995605,0.48482152819633484,1.716086506843567,1.1607180833816528
rosenbrock,1.9287498479639178e-22,2,cholesky,5,score_function,8192,0.02,1000,1,rosenbrock,566,0.0045130252838134766,-51.03858184814453,0.7601601481437683,0.0,2.997957944869995,0.2845592796802521,1.84995698928833,2.3418877124786377
rosenbrock,1.9287498479639178e-22,2,cholesky,5,score_function,8192,0.02,1000,1,rosenbrock,567,0.0045108795166015625,-51.03218078613281,0.8716001510620117,0.0,2.8675148487091064,0.3975023925304413,1.3802964687347412,2.481816530227661
rosenbrock,1.9287498479639178e-22,2,cholesky,5,score_function,8192,0.02,1000,1,rosenbrock,568,0.004534006118774414,-51.02735137939453,0.8050603866577148,0.0,9.517143249511719,0.33113914728164673,9.240598678588867,2.253373861312866
rosenbrock,1.9287498479639178e-22,2,cholesky,5,score_function,8192,0.02,1000,1,rosenbrock,569,0.004509925842285156,-51.01141357421875,0.7184299826622009,0.0,4.56470251083374,0.2065836787223816,4.163938522338867,1.8588824272155762
rosenbrock,1.9287498479639178e-22,2,cholesky,5,score_function,8192,0.02,1000,1,rosenbrock,570,0.004584074020385742,-51.01084899902344,0.7704406976699829,0.0,3.2055890560150146,0.32627299427986145,2.423976421356201,2.0721206665039062
rosenbrock,1.9287498479639178e-22,2,cholesky,5,score_function,8192,0.02,1000,1,rosenbrock,571,0.0045948028564453125,-50.99590301513672,0.7018134593963623,0.0,3.8612828254699707,0.36795711517333984,3.037529468536377,2.355318784713745
rosenbrock,1.9287498479639178e-22,2,cholesky,5,score_function,8192,0.02,1000,1,rosenbrock,572,0.00451207160949707,-50.99528503417969,0.6844597458839417,0.0,2.3919363021850586,0.1406443566083908,1.6042912006378174,1.7685667276382446
rosenbrock,1.9287498479639178e-22,2,cholesky,5,score_function,8192,0.02,1000,1,rosenbrock,573,0.004498958587646484,-50.99777603149414,0.7150781750679016,0.0,4.063311576843262,0.4134029448032379,2.2565364837646484,3.353750467300415
rosenbrock,1.9287498479639178e-22,2,cholesky,5,score_function,8192,0.02,1000,1,rosenbrock,574,0.004503965377807617,-50.98808670043945,0.6742899417877197,0.0,4.4905548095703125,0.37969106435775757,3.2601349353790283,3.0647082328796387
rosenbrock,1.9287498479639178e-22,2,cholesky,5,score_function,8192,0.02,1000,1,rosenbrock,575,0.004482746124267578,-51.0049934387207,0.7439145445823669,0.0,3.7721612453460693,0.13122136890888214,1.7202556133270264,3.3545050621032715
rosenbrock,1.9287498479639178e-22,2,cholesky,5,score_function,8192,0.02,1000,1,rosenbrock,576,0.004898786544799805,-50.992095947265625,0.6486443281173706,0.0,6.531085968017578,0.2187194526195526,6.071601390838623,2.396435499191284
rosenbrock,1.9287498479639178e-22,2,cholesky,5,score_function,8192,0.02,1000,1,rosenbrock,577,0.004774808883666992,-50.994319915771484,0.8085090517997742,0.0,4.747981071472168,0.3396117091178894,2.837404251098633,3.7917182445526123
rosenbrock,1.9287498479639178e-22,2,cholesky,5,score_function,8192,0.02,1000,1,rosenbrock,578,0.004880189895629883,-51.002349853515625,0.7630165815353394,0.0,4.9765801429748535,0.602992057800293,4.270624160766602,2.482844829559326
rosenbrock,1.9287498479639178e-22,2,cholesky,5,score_function,8192,0.02,1000,1,rosenbrock,579,0.004773855209350586,-51.00098419189453,0.7517488598823547,0.0,7.458620071411133,0.5268772840499878,3.8684957027435303,6.355166912078857
rosenbrock,1.9287498479639178e-22,2,cholesky,5,score_function,8192,0.02,1000,1,rosenbrock,580,0.004868984222412109,-50.991722106933594,0.76072096824646,0.0,2.2342729568481445,0.2187652289867401,0.8955907821655273,2.035198926925659
rosenbrock,1.9287498479639178e-22,2,cholesky,5,score_function,8192,0.02,1000,1,rosenbrock,581,0.004406929016113281,-50.99226379394531,0.7002196311950684,0.0,4.176361560821533,0.2852926254272461,3.246826648712158,2.6112687587738037
rosenbrock,1.9287498479639178e-22,2,cholesky,5,score_function,8192,0.02,1000,1,rosenbrock,582,0.0048787593841552734,-51.003517150878906,0.6836174726486206,0.0,3.514742612838745,0.10851888358592987,3.334501266479492,1.1057765483856201
rosenbrock,1.9287498479639178e-22,2,cholesky,5,score_function,8192,0.02,1000,1,rosenbrock,583,0.004920005798339844,-50.99980926513672,0.6680882573127747,0.0,3.7337534427642822,0.21530719101428986,3.46303653717041,1.3791069984436035
rosenbrock,1.9287498479639178e-22,2,cholesky,5,score_function,8192,0.02,1000,1,rosenbrock,584,0.004944801330566406,-50.98977279663086,0.564286470413208,0.0,4.4393134117126465,0.2844090163707733,3.7515411376953125,2.3563849925994873
rosenbrock,1.9287498479639178e-22,2,cholesky,5,score_function,8192,0.02,1000,1,rosenbrock,585,0.004768848419189453,-50.988609313964844,0.6199694275856018,0.0,7.275594234466553,0.5055211782455444,5.3981547355651855,4.8516645431518555
rosenbrock,1.9287498479639178e-22,2,cholesky,5,score_function,8192,0.02,1000,1,rosenbrock,586,0.004673004150390625,-50.989593505859375,0.6281729936599731,0.0,2.7417235374450684,0.27818217873573303,1.3501156568527222,2.3699896335601807
rosenbrock,1.9287498479639178e-22,2,cholesky,5,score_function,8192,0.02,1000,1,rosenbrock,587,0.004600048065185547,-50.991485595703125,0.5911657810211182,0.0,3.8566718101501465,0.28605523705482483,3.2446937561035156,2.064957857131958
rosenbrock,1.9287498479639178e-22,2,cholesky,5,score_function,8192,0.02,1000,1,rosenbrock,588,0.004585981369018555,-50.98250961303711,0.6150817275047302,0.0,3.756376028060913,0.2747626304626465,2.8351356983184814,2.4488508701324463
rosenbrock,1.9287498479639178e-22,2,cholesky,5,score_function,8192,0.02,1000,1,rosenbrock,589,0.004608154296875,-51.00209045410156,0.64441978931427,0.0,4.253685474395752,0.3352622389793396,3.7828915119171143,1.9160305261611938
rosenbrock,1.9287498479639178e-22,2,cholesky,5,score_function,8192,0.02,1000,1,rosenbrock,590,0.004561901092529297,-51.00659942626953,0.7162376046180725,0.0,4.59837532043457,0.22972247004508972,3.5308234691619873,2.936931848526001
rosenbrock,1.9287498479639178e-22,2,cholesky,5,score_function,8192,0.02,1000,1,rosenbrock,591,0.004585981369018555,-51.003334045410156,0.6377373337745667,0.0,6.5355610847473145,0.336191326379776,5.949698448181152,2.6835832595825195
rosenbrock,1.9287498479639178e-22,2,cholesky,5,score_function,8192,0.02,1000,1,rosenbrock,592,0.004557609558105469,-50.98732376098633,0.5771887898445129,0.0,5.80907678604126,0.3363758325576782,4.463675498962402,3.7024080753326416
rosenbrock,1.9287498479639178e-22,2,cholesky,5,score_function,8192,0.02,1000,1,rosenbrock,593,0.004561901092529297,-50.993709564208984,0.5961796641349792,0.0,3.755805730819702,0.0760953277349472,2.613018274307251,2.6967427730560303
rosenbrock,1.9287498479639178e-22,2,cholesky,5,score_function,8192,0.02,1000,1,rosenbrock,594,0.0047910213470458984,-51.007389068603516,0.6513732671737671,0.0,6.231494903564453,0.29125159978866577,5.709245204925537,2.480166435241699
rosenbrock,1.9287498479639178e-22,2,cholesky,5,score_function,8192,0.02,1000,1,rosenbrock,595,0.0043714046478271484,-51.004676818847656,0.5969052314758301,0.0,5.467220783233643,0.08400771021842957,4.791781425476074,2.6310219764709473
rosenbrock,1.9287498479639178e-22,2,cholesky,5,score_function,8192,0.02,1000,1,rosenbrock,596,0.004498958587646484,-51.0052604675293,0.8812633752822876,0.0,4.368351936340332,0.3778842091560364,3.4457364082336426,2.658308267593384
rosenbrock,1.9287498479639178e-22,2,cholesky,5,score_function,8192,0.02,1000,1,rosenbrock,597,0.0048389434814453125,-50.989654541015625,0.6015693545341492,0.0,3.266171455383301,0.5066128969192505,1.9427586793899536,2.5762197971343994
rosenbrock,1.9287498479639178e-22,2,cholesky,5,score_function,8192,0.02,1000,1,rosenbrock,598,0.004597187042236328,-50.986934661865234,0.5679367184638977,0.0,8.790986061096191,0.24575021862983704,8.199930191040039,3.1594603061676025
rosenbrock,1.9287498479639178e-22,2,cholesky,5,score_function,8192,0.02,1000,1,rosenbrock,599,0.004997968673706055,-50.98911666870117,0.6168838143348694,0.0,3.6807427406311035,0.40608838200569153,2.909668445587158,2.217383861541748
rosenbrock,1.9287498479639178e-22,2,cholesky,5,score_function,8192,0.02,1000,1,rosenbrock,600,0.004588127136230469,-50.99251937866211,0.6854196190834045,0.0,5.986910343170166,0.307283490896225,5.2196760177612305,2.9161038398742676
rosenbrock,1.9287498479639178e-22,2,cholesky,5,score_function,8192,0.02,1000,1,rosenbrock,601,0.004734992980957031,-50.996849060058594,0.5721691846847534,0.0,3.869096517562866,0.10652154684066772,2.557840347290039,2.9010367393493652
rosenbrock,1.9287498479639178e-22,2,cholesky,5,score_function,8192,0.02,1000,1,rosenbrock,602,0.004539966583251953,-50.996376037597656,0.646584153175354,0.0,6.19695520401001,0.3465329706668854,5.216814041137695,3.3267126083374023
rosenbrock,1.9287498479639178e-22,2,cholesky,5,score_function,8192,0.02,1000,1,rosenbrock,603,0.00487208366394043,-50.986595153808594,0.5666946768760681,0.0,4.337787628173828,0.2762622833251953,3.842266082763672,1.994260311126709
rosenbrock,1.9287498479639178e-22,2,cholesky,5,score_function,8192,0.02,1000,1,rosenbrock,604,0.0045452117919921875,-51.00284957885742,0.6217551231384277,0.0,4.192961692810059,0.22318893671035767,2.4762301445007324,3.3762993812561035
rosenbrock,1.9287498479639178e-22,2,cholesky,5,score_function,8192,0.02,1000,1,rosenbrock,605,0.004651784896850586,-50.98854064941406,0.5869666934013367,0.0,2.721208333969116,0.383464515209198,1.3596913814544678,2.3257620334625244
rosenbrock,1.9287498479639178e-22,2,cholesky,5,score_function,8192,0.02,1000,1,rosenbrock,606,0.004498958587646484,-50.997371673583984,0.6056739687919617,0.0,4.782833576202393,0.26223868131637573,3.4372599124908447,3.3154139518737793
rosenbrock,1.9287498479639178e-22,2,cholesky,5,score_function,8192,0.02,1000,1,rosenbrock,607,0.0048198699951171875,-51.00200271606445,0.536083459854126,0.0,5.151721000671387,0.3085932731628418,4.6057634353637695,2.2873430252075195
rosenbrock,1.9287498479639178e-22,2,cholesky,5,score_function,8192,0.02,1000,1,rosenbrock,608,0.004644870758056641,-50.99100112915039,0.5935397744178772,0.0,4.1718621253967285,0.2521055042743683,3.3626420497894287,2.4563210010528564
rosenbrock,1.9287498479639178e-22,2,cholesky,5,score_function,8192,0.02,1000,1,rosenbrock,609,0.004893779754638672,-51.006309509277344,0.6569274663925171,0.0,6.539644241333008,0.300404816865921,5.549449920654297,3.446782350540161
rosenbrock,1.9287498479639178e-22,2,cholesky,5,score_function,8192,0.02,1000,1,rosenbrock,610,0.004592180252075195,-50.995628356933594,0.5228006839752197,0.0,4.237290382385254,0.1951601803302765,3.230255126953125,2.735323667526245
rosenbrock,1.9287498479639178e-22,2,cholesky,5,score_function,8192,0.02,1000,1,rosenbrock,611,0.004474163055419922,-50.998779296875,0.5811606645584106,0.0,4.2201247215271,0.5317186713218689,3.4135851860046387,2.4236679077148438
rosenbrock,1.9287498479639178e-22,2,cholesky,5,score_function,8192,0.02,1000,1,rosenbrock,612,0.0047321319580078125,-51.00030517578125,0.7213512659072876,0.0,3.8335516452789307,0.3177955150604248,2.037309169769287,3.2317943572998047
rosenbrock,1.9287498479639178e-22,2,cholesky,5,score_function,8192,0.02,1000,1,rosenbrock,613,0.004497051239013672,-50.98536682128906,0.5864779353141785,0.0,3.4200594425201416,0.37559935450553894,1.6306864023208618,2.982715606689453
rosenbrock,1.9287498479639178e-22,2,cholesky,5,score_function,8192,0.02,1000,1,rosenbrock,614,0.005153179168701172,-50.99116897583008,0.5768521428108215,0.0,2.8551013469696045,0.2652356028556824,1.722735047340393,2.261291265487671
rosenbrock,1.9287498479639178e-22,2,cholesky,5,score_function,8192,0.02,1000,1,rosenbrock,615,0.0046749114990234375,-50.99651336669922,0.5722125172615051,0.0,3.206913948059082,0.23882631957530975,2.6410021781921387,1.8034319877624512
rosenbrock,1.9287498479639178e-22,2,cholesky,5,score_function,8192,0.02,1000,1,rosenbrock,616,0.004903078079223633,-50.98442840576172,0.6076835989952087,0.0,3.944795608520508,0.3626134395599365,3.186349868774414,2.297193765640259
rosenbrock,1.9287498479639178e-22,2,cholesky,5,score_function,8192,0.02,1000,1,rosenbrock,617,0.004503726959228516,-50.976104736328125,0.5536560416221619,0.0,5.646267890930176,0.9032682776451111,4.967209815979004,2.528096914291382
rosenbrock,1.9287498479639178e-22,2,cholesky,5,score_function,8192,0.02,1000,1,rosenbrock,618,0.004803180694580078,-50.9735221862793,0.6031175255775452,0.0,3.139500379562378,0.8050482869148254,2.2371020317077637,2.0503008365631104
rosenbrock,1.9287498479639178e-22,2,cholesky,5,score_function,8192,0.02,1000,1,rosenbrock,619,0.004409074783325195,-50.970130920410156,0.6016566753387451,0.0,8.769977569580078,0.2852189242839813,7.543271541595459,4.46432638168335
rosenbrock,1.9287498479639178e-22,2,cholesky,5,score_function,8192,0.02,1000,1,rosenbrock,620,0.0046498775482177734,-50.98245620727539,0.5605395436286926,0.0,3.412245512008667,0.35793036222457886,1.8279300928115845,2.8590166568756104
rosenbrock,1.9287498479639178e-22,2,cholesky,5,score_function,8192,0.02,1000,1,rosenbrock,621,0.004396200180053711,-50.99080276489258,0.6105278134346008,0.0,4.091730117797852,0.24974164366722107,3.5695996284484863,1.9843997955322266
rosenbrock,1.9287498479639178e-22,2,cholesky,5,score_function,8192,0.02,1000,1,rosenbrock,622,0.005158185958862305,-50.98313522338867,0.6300785541534424,0.0,4.040844917297363,0.4514875113964081,3.301708936691284,2.2854549884796143
rosenbrock,1.9287498479639178e-22,2,cholesky,5,score_function,8192,0.02,1000,1,rosenbrock,623,0.004878044128417969,-50.99028015136719,0.7083982229232788,0.0,6.659845352172852,0.4490189850330353,6.296036243438721,2.1241133213043213
rosenbrock,1.9287498479639178e-22,2,cholesky,5,score_function,8192,0.02,1000,1,rosenbrock,624,0.0050508975982666016,-50.96563720703125,0.5511422157287598,0.0,3.4719107151031494,0.3245529234409332,2.552802085876465,2.330671787261963
rosenbrock,1.9287498479639178e-22,2,cholesky,5,score_function,8192,0.02,1000,1,rosenbrock,625,0.005075216293334961,-50.96638107299805,0.537537693977356,0.0,3.30069899559021,0.15819795429706573,2.1094019412994385,2.53377366065979
rosenbrock,1.9287498479639178e-22,2,cholesky,5,score_function,8192,0.02,1000,1,rosenbrock,626,0.004862070083618164,-50.96875762939453,0.5997071266174316,0.0,2.8761589527130127,0.27065882086753845,1.7574759721755981,2.2606000900268555
rosenbrock,1.9287498479639178e-22,2,cholesky,5,score_function,8192,0.02,1000,1,rosenbrock,627,0.004426002502441406,-50.96476364135742,0.5604801774024963,0.0,2.941398859024048,0.6926844716072083,2.653083324432373,1.0645016431808472
rosenbrock,1.9287498479639178e-22,2,cholesky,5,score_function,8192,0.02,1000,1,rosenbrock,628,0.004675865173339844,-50.98552703857422,0.6552793979644775,0.0,3.968665361404419,0.39502567052841187,3.611191749572754,1.597983956336975
rosenbrock,1.9287498479639178e-22,2,cholesky,5,score_function,8192,0.02,1000,1,rosenbrock,629,0.005017757415771484,-50.978031158447266,0.6690337061882019,0.0,3.6625559329986572,0.30811625719070435,2.4635121822357178,2.6926732063293457
rosenbrock,1.9287498479639178e-22,2,cholesky,5,score_function,8192,0.02,1000,1,rosenbrock,630,0.0046689510345458984,-50.98353958129883,0.7291815280914307,0.0,5.4268059730529785,0.4379180371761322,4.125579357147217,3.4982917308807373
rosenbrock,1.9287498479639178e-22,2,cholesky,5,score_function,8192,0.02,1000,1,rosenbrock,631,0.004594087600708008,-50.97574234008789,0.6356995701789856,0.0,6.080179214477539,0.18529175221920013,4.210728645324707,4.382237911224365
rosenbrock,1.9287498479639178e-22,2,cholesky,5,score_function,8192,0.02,1000,1,rosenbrock,632,0.004788875579833984,-50.98040008544922,0.6586554050445557,0.0,2.8345580101013184,0.2644657492637634,1.9695528745651245,2.0212960243225098
rosenbrock,1.9287498479639178e-22,2,cholesky,5,score_function,8192,0.02,1000,1,rosenbrock,633,0.004669904708862305,-50.97731018066406,0.6450991630554199,0.0,3.591604471206665,0.4850344657897949,2.908677816390991,2.0503554344177246
rosenbrock,1.9287498479639178e-22,2,cholesky,5,score_function,8192,0.02,1000,1,rosenbrock,634,0.004693031311035156,-50.96992111206055,0.5629941821098328,0.0,3.3269925117492676,0.17179247736930847,2.6589584350585938,1.992311716079712
rosenbrock,1.9287498479639178e-22,2,cholesky,5,score_function,8192,0.02,1000,1,rosenbrock,635,0.0048770904541015625,-50.97414016723633,0.7199503183364868,0.0,3.7726879119873047,0.2294124960899353,2.6053466796875,2.71895432472229
rosenbrock,1.9287498479639178e-22,2,cholesky,5,score_function,8192,0.02,1000,1,rosenbrock,636,0.004743337631225586,-50.96935272216797,0.5317513942718506,0.0,4.4905290603637695,0.5331609845161438,4.147461891174316,1.6368114948272705
rosenbrock,1.9287498479639178e-22,2,cholesky,5,score_function,8192,0.02,1000,1,rosenbrock,637,0.004548788070678711,-50.974815368652344,0.618737518787384,0.0,4.4984354972839355,0.24757742881774902,2.219937801361084,3.904676914215088
rosenbrock,1.9287498479639178e-22,2,cholesky,5,score_function,8192,0.02,1000,1,rosenbrock,638,0.0045490264892578125,-50.96504211425781,0.5501142144203186,0.0,4.401191711425781,0.18548323214054108,3.7654049396514893,2.27108097076416
rosenbrock,1.9287498479639178e-22,2,cholesky,5,score_function,8192,0.02,1000,1,rosenbrock,639,0.004514217376708984,-50.971248626708984,0.5960114598274231,0.0,3.490762233734131,0.2063600718975067,2.799311637878418,2.075256586074829
rosenbrock,1.9287498479639178e-22,2,cholesky,5,score_function,8192,0.02,1000,1,rosenbrock,640,0.004525184631347656,-50.970314025878906,0.5600820183753967,0.0,3.798370122909546,0.24602659046649933,1.130071759223938,3.618013620376587
rosenbrock,1.9287498479639178e-22,2,cholesky,5,score_function,8192,0.02,1000,1,rosenbrock,641,0.004532814025878906,-50.979148864746094,0.6397125124931335,0.0,3.4587998390197754,0.2867230772972107,1.8984217643737793,2.8769915103912354
rosenbrock,1.9287498479639178e-22,2,cholesky,5,score_function,8192,0.02,1000,1,rosenbrock,642,0.004522800445556641,-50.96375274658203,0.5354898571968079,0.0,3.435080051422119,0.2442178577184677,2.624011993408203,2.203336477279663
rosenbrock,1.9287498479639178e-22,2,cholesky,5,score_function,8192,0.02,1000,1,rosenbrock,643,0.004870176315307617,-50.9819450378418,0.746371865272522,0.0,3.974423408508301,0.48890066146850586,1.6534031629562378,3.5809600353240967
rosenbrock,1.9287498479639178e-22,2,cholesky,5,score_function,8192,0.02,1000,1,rosenbrock,644,0.0046880245208740234,-50.97425079345703,0.591233491897583,0.0,6.145670413970947,0.2079073041677475,5.754923343658447,2.1463677883148193
rosenbrock,1.9287498479639178e-22,2,cholesky,5,score_function,8192,0.02,1000,1,rosenbrock,645,0.00469207763671875,-50.973262786865234,0.6043951511383057,0.0,3.5216991901397705,0.3573257327079773,2.849600076675415,2.0382494926452637
rosenbrock,1.9287498479639178e-22,2,cholesky,5,score_function,8192,0.02,1000,1,rosenbrock,646,0.004658222198486328,-50.97467041015625,0.5791870951652527,0.0,5.625136852264404,0.5879312753677368,5.023404121398926,2.4620957374572754
rosenbrock,1.9287498479639178e-22,2,cholesky,5,score_function,8192,0.02,1000,1,rosenbrock,647,0.004622697830200195,-50.97276306152344,0.606670081615448,0.0,3.811405897140503,0.19715173542499542,2.599853277206421,2.780055522918701
rosenbrock,1.9287498479639178e-22,2,cholesky,5,score_function,8192,0.02,1000,1,rosenbrock,648,0.004670858383178711,-50.97124481201172,0.5590323209762573,0.0,3.417267084121704,0.3496142029762268,2.2590084075927734,2.5401511192321777
rosenbrock,1.9287498479639178e-22,2,cholesky,5,score_function,8192,0.02,1000,1,rosenbrock,649,0.004586219787597656,-50.96569061279297,0.6147282719612122,0.0,6.153976917266846,0.3595859408378601,5.587422847747803,2.5539844036102295
rosenbrock,1.9287498479639178e-22,2,cholesky,5,score_function,8192,0.02,1000,1,rosenbrock,650,0.004679203033447266,-50.9804573059082,0.7501776218414307,0.0,4.18239164352417,0.3084803819656372,2.0040581226348877,3.658003807067871
rosenbrock,1.9287498479639178e-22,2,cholesky,5,score_function,8192,0.02,1000,1,rosenbrock,651,0.004616975784301758,-50.96136474609375,0.6011795401573181,0.0,4.405426502227783,0.35691121220588684,3.5119943618774414,2.6355817317962646
rosenbrock,1.9287498479639178e-22,2,cholesky,5,score_function,8192,0.02,1000,1,rosenbrock,652,0.004662036895751953,-50.970741271972656,0.6085444092750549,0.0,7.984017848968506,0.37040913105010986,7.439103126525879,2.875253915786743
rosenbrock,1.9287498479639178e-22,2,cholesky,5,score_function,8192,0.02,1000,1,rosenbrock,653,0.004634857177734375,-50.9586067199707,0.5482057332992554,0.0,5.933698654174805,0.1105426624417305,5.134104251861572,2.9727985858917236
rosenbrock,1.9287498479639178e-22,2,cholesky,5,score_function,8192,0.02,1000,1,rosenbrock,654,0.0046689510345458984,-50.98753356933594,0.7072081565856934,0.0,8.08000659942627,0.32123953104019165,7.1518449783325195,3.746256113052368
rosenbrock,1.9287498479639178e-22,2,cholesky,5,score_function,8192,0.02,1000,1,rosenbrock,655,0.004518032073974609,-50.96418762207031,0.6395947337150574,0.0,3.7500011920928955,0.22934259474277496,2.215524435043335,3.0168468952178955
rosenbrock,1.9287498479639178e-22,2,cholesky,5,score_function,8192,0.02,1000,1,rosenbrock,656,0.004673004150390625,-50.97856140136719,0.6708880066871643,0.0,2.778223752975464,0.378950297832489,1.3917741775512695,2.3744235038757324
rosenbrock,1.9287498479639178e-22,2,cholesky,5,score_function,8192,0.02,1000,1,rosenbrock,657,0.004661083221435547,-50.98371124267578,0.6340576410293579,0.0,3.630828857421875,0.32655268907546997,1.1731445789337158,3.420527935028076
rosenbrock,1.9287498479639178e-22,2,cholesky,5,score_function,8192,0.02,1000,1,rosenbrock,658,0.004716157913208008,-50.989681243896484,0.6755450963973999,0.0,3.127558469772339,0.2922542691230774,1.776007890701294,2.557734489440918
rosenbrock,1.9287498479639178e-22,2,cholesky,5,score_function,8192,0.02,1000,1,rosenbrock,659,0.004904031753540039,-50.99150085449219,0.7402209639549255,0.0,3.9146125316619873,0.6432000398635864,2.905764579772949,2.5430333614349365
rosenbrock,1.9287498479639178e-22,2,cholesky,5,score_function,8192,0.02,1000,1,rosenbrock,660,0.004855632781982422,-50.98564910888672,0.6623223423957825,0.0,3.362135171890259,0.15402543544769287,2.381105422973633,2.3686633110046387
rosenbrock,1.9287498479639178e-22,2,cholesky,5,score_function,8192,0.02,1000,1,rosenbrock,661,0.004987001419067383,-50.98189163208008,0.6855615973472595,0.0,4.371347427368164,0.5618826150894165,4.055900573730469,1.5305663347244263
rosenbrock,1.9287498479639178e-22,2,cholesky,5,score_function,8192,0.02,1000,1,rosenbrock,662,0.004447221755981445,-50.98286056518555,0.6701789498329163,0.0,3.325880527496338,0.31143125891685486,2.946688175201416,1.5104705095291138
rosenbrock,1.9287498479639178e-22,2,cholesky,5,score_function,8192,0.02,1000,1,rosenbrock,663,0.004621028900146484,-50.987709045410156,0.6018666625022888,0.0,3.877535581588745,0.17514991760253906,2.9705164432525635,2.486088752746582
rosenbrock,1.9287498479639178e-22,2,cholesky,5,score_function,8192,0.02,1000,1,rosenbrock,664,0.004926919937133789,-50.994178771972656,0.6195532083511353,0.0,5.944180011749268,0.1662428379058838,5.177647590637207,2.915065288543701
rosenbrock,1.9287498479639178e-22,2,cholesky,5,score_function,8192,0.02,1000,1,rosenbrock,665,0.00463104248046875,-51.00276184082031,0.715640127658844,0.0,3.8600518703460693,0.09665479511022568,3.508129596710205,1.6073846817016602
rosenbrock,1.9287498479639178e-22,2,cholesky,5,score_function,8192,0.02,1000,1,rosenbrock,666,0.004705905914306641,-50.98454666137695,0.6932336688041687,0.0,2.38045334815979,0.2564046084880829,1.7184748649597168,1.627163052558899
rosenbrock,1.9287498479639178e-22,2,cholesky,5,score_function,8192,0.02,1000,1,rosenbrock,667,0.0047779083251953125,-50.988033294677734,0.6312904357910156,0.0,3.9702401161193848,0.603985607624054,3.1297850608825684,2.366950511932373
rosenbrock,1.9287498479639178e-22,2,cholesky,5,score_function,8192,0.02,1000,1,rosenbrock,668,0.004837989807128906,-51.00373458862305,0.6891245245933533,0.0,2.775486707687378,0.2689144015312195,1.9133670330047607,1.9924954175949097
rosenbrock,1.9287498479639178e-22,2,cholesky,5,score_function,8192,0.02,1000,1,rosenbrock,669,0.004731893539428711,-51.01585388183594,0.7194839119911194,0.0,4.921872138977051,0.6300573348999023,4.38643741607666,2.1417322158813477
rosenbrock,1.9287498479639178e-22,2,cholesky,5,score_function,8192,0.02,1000,1,rosenbrock,670,0.0046422481536865234,-51.008201599121094,0.7122958302497864,0.0,4.705623626708984,0.24047254025936127,2.129793882369995,4.189157962799072
rosenbrock,1.9287498479639178e-22,2,cholesky,5,score_function,8192,0.02,1000,1,rosenbrock,671,0.004837751388549805,-51.00571060180664,0.7079719305038452,0.0,4.0296630859375,0.3841525912284851,1.9394569396972656,3.511284351348877
rosenbrock,1.9287498479639178e-22,2,cholesky,5,score_function,8192,0.02,1000,1,rosenbrock,672,0.004827022552490234,-51.00371170043945,0.7254917621612549,0.0,3.3261609077453613,0.175398588180542,2.377769947052002,2.3192224502563477
rosenbrock,1.9287498479639178e-22,2,cholesky,5,score_function,8192,0.02,1000,1,rosenbrock,673,0.00477290153503418,-51.00076675415039,0.6759092807769775,0.0,7.449936866760254,0.47917068004608154,6.969452857971191,2.588181734085083
rosenbrock,1.9287498479639178e-22,2,cholesky,5,score_function,8192,0.02,1000,1,rosenbrock,674,0.005003929138183594,-51.00984191894531,0.7183859944343567,0.0,3.550405979156494,0.48525017499923706,2.6746227741241455,2.283923625946045
rosenbrock,1.9287498479639178e-22,2,cholesky,5,score_function,8192,0.02,1000,1,rosenbrock,675,0.004826068878173828,-51.00691223144531,0.773557186126709,0.0,2.7183425426483154,0.309060275554657,2.01149320602417,1.8021552562713623
rosenbrock,1.9287498479639178e-22,2,cholesky,5,score_function,8192,0.02,1000,1,rosenbrock,676,0.004750967025756836,-50.98612594604492,0.6835061311721802,0.0,4.7682623863220215,0.6793134212493896,3.794072389602661,2.807112216949463
rosenbrock,1.9287498479639178e-22,2,cholesky,5,score_function,8192,0.02,1000,1,rosenbrock,677,0.0047380924224853516,-51.01116943359375,0.7261437177658081,0.0,4.580173492431641,0.5022870302200317,3.5479464530944824,2.8526782989501953
rosenbrock,1.9287498479639178e-22,2,cholesky,5,score_function,8192,0.02,1000,1,rosenbrock,678,0.004368305206298828,-50.99092483520508,0.7165891528129578,0.0,4.154991626739502,0.27723249793052673,3.200526714324951,2.63509464263916
rosenbrock,1.9287498479639178e-22,2,cholesky,5,score_function,8192,0.02,1000,1,rosenbrock,679,0.0043239593505859375,-50.99228286743164,0.6928512454032898,0.0,3.431431531906128,0.43124568462371826,2.4181230068206787,2.3961281776428223
rosenbrock,1.9287498479639178e-22,2,cholesky,5,score_function,8192,0.02,1000,1,rosenbrock,680,0.005040884017944336,-50.98558807373047,0.6859807968139648,0.0,4.704980850219727,0.12417180836200714,4.534910202026367,1.2474021911621094
rosenbrock,1.9287498479639178e-22,2,cholesky,5,score_function,8192,0.02,1000,1,rosenbrock,681,0.004745006561279297,-50.98981475830078,0.700357973575592,0.0,3.5830836296081543,0.2954905033111572,2.774315357208252,2.248187780380249
rosenbrock,1.9287498479639178e-22,2,cholesky,5,score_function,8192,0.02,1000,1,rosenbrock,682,0.0046558380126953125,-50.98695755004883,0.7950015068054199,0.0,3.265347719192505,0.43319547176361084,2.3086562156677246,2.268247365951538
rosenbrock,1.9287498479639178e-22,2,cholesky,5,score_function,8192,0.02,1000,1,rosenbrock,683,0.00465703010559082,-50.990882873535156,0.7243484258651733,0.0,5.747359752655029,0.22824816405773163,4.7013373374938965,3.2981014251708984
rosenbrock,1.9287498479639178e-22,2,cholesky,5,score_function,8192,0.02,1000,1,rosenbrock,684,0.004614114761352539,-50.97645568847656,0.6476163864135742,0.0,3.9086081981658936,0.3881855309009552,2.0985007286071777,3.2745726108551025
rosenbrock,1.9287498479639178e-22,2,cholesky,5,score_function,8192,0.02,1000,1,rosenbrock,685,0.0047779083251953125,-50.996551513671875,0.6494696736335754,0.0,3.519007682800293,0.5828301906585693,1.7025165557861328,3.0240964889526367
rosenbrock,1.9287498479639178e-22,2,cholesky,5,score_function,8192,0.02,1000,1,rosenbrock,686,0.004554033279418945,-50.98196029663086,0.7492050528526306,0.0,6.523782253265381,0.409839391708374,5.701296806335449,3.1443569660186768
rosenbrock,1.9287498479639178e-22,2,cholesky,5,score_function,8192,0.02,1000,1,rosenbrock,687,0.004579067230224609,-50.99010467529297,0.6932029128074646,0.0,6.743838787078857,0.34120428562164307,6.296113967895508,2.392045259475708
rosenbrock,1.9287498479639178e-22,2,cholesky,5,score_function,8192,0.02,1000,1,rosenbrock,688,0.004449129104614258,-50.981590270996094,0.629096508026123,0.0,4.708319187164307,0.09572163969278336,4.517745494842529,1.3225294351577759
rosenbrock,1.9287498479639178e-22,2,cholesky,5,score_function,8192,0.02,1000,1,rosenbrock,689,0.0046808719635009766,-50.99013137817383,0.6626794338226318,0.0,3.9839389324188232,0.36320197582244873,2.0842766761779785,3.3757436275482178
rosenbrock,1.9287498479639178e-22,2,cholesky,5,score_function,8192,0.02,1000,1,rosenbrock,690,0.0047609806060791016,-50.988525390625,0.6306573748588562,0.0,4.78638219833374,0.2252122461795807,4.270516395568848,2.149749994277954
rosenbrock,1.9287498479639178e-22,2,cholesky,5,score_function,8192,0.02,1000,1,rosenbrock,691,0.0048220157623291016,-50.9906120300293,0.7613076567649841,0.0,3.6526591777801514,0.49864691495895386,1.2539498805999756,3.394242286682129
rosenbrock,1.9287498479639178e-22,2,cholesky,5,score_function,8192,0.02,1000,1,rosenbrock,692,0.00462794303894043,-50.97409439086914,0.6409109234809875,0.0,4.708945274353027,0.32688507437705994,4.240292549133301,2.0216896533966064
rosenbrock,1.9287498479639178e-22,2,cholesky,5,score_function,8192,0.02,1000,1,rosenbrock,693,0.004579067230224609,-50.984764099121094,0.6772069931030273,0.0,2.778902053833008,0.22171351313591003,1.8556389808654785,2.056633949279785
rosenbrock,1.9287498479639178e-22,2,cholesky,5,score_function,8192,0.02,1000,1,rosenbrock,694,0.0045680999755859375,-50.98740768432617,0.6515988111495972,0.0,5.365978240966797,0.6754209995269775,3.9496984481811523,3.56895112991333
rosenbrock,1.9287498479639178e-22,2,cholesky,5,score_function,8192,0.02,1000,1,rosenbrock,695,0.004558086395263672,-50.996490478515625,0.6504597067832947,0.0,4.563834190368652,0.6908420324325562,4.0311808586120605,2.0250675678253174
rosenbrock,1.9287498479639178e-22,2,cholesky,5,score_function,8192,0.02,1000,1,rosenbrock,696,0.0045318603515625,-50.97871398925781,0.6403525471687317,0.0,4.183393478393555,0.6762457489967346,3.8314156532287598,1.5374408960342407
rosenbrock,1.9287498479639178e-22,2,cholesky,5,score_function,8192,0.02,1000,1,rosenbrock,697,0.004545927047729492,-50.978912353515625,0.6662930250167847,0.0,6.283420562744141,0.23713457584381104,5.300836086273193,3.36545467376709
rosenbrock,1.9287498479639178e-22,2,cholesky,5,score_function,8192,0.02,1000,1,rosenbrock,698,0.004523038864135742,-50.98739242553711,0.7257633805274963,0.0,5.000370979309082,0.7111557126045227,3.6766412258148193,3.313650131225586
rosenbrock,1.9287498479639178e-22,2,cholesky,5,score_function,8192,0.02,1000,1,rosenbrock,699,0.004545927047729492,-50.97736740112305,0.6474648714065552,0.0,3.9272329807281494,0.6631739735603333,2.7669973373413086,2.7068586349487305
rosenbrock,1.9287498479639178e-22,2,cholesky,5,score_function,8192,0.02,1000,1,rosenbrock,700,0.004513978958129883,-50.97395706176758,0.7203378677368164,0.0,4.179394721984863,0.2836554944515228,2.218773126602173,3.530428409576416
rosenbrock,1.9287498479639178e-22,2,cholesky,5,score_function,8192,0.02,1000,1,rosenbrock,701,0.004528999328613281,-50.96922302246094,0.6373316049575806,0.0,4.218570232391357,0.45972388982772827,1.729182243347168,3.820329189300537
rosenbrock,1.9287498479639178e-22,2,cholesky,5,score_function,8192,0.02,1000,1,rosenbrock,702,0.004525184631347656,-50.96477508544922,0.558691143989563,0.0,3.580686330795288,0.4405926764011383,2.3578147888183594,2.658552885055542
rosenbrock,1.9287498479639178e-22,2,cholesky,5,score_function,8192,0.02,1000,1,rosenbrock,703,0.004563093185424805,-50.96835708618164,0.5770644545555115,0.0,4.100947380065918,0.26083508133888245,3.4389944076538086,2.21879506111145
rosenbrock,1.9287498479639178e-22,2,cholesky,5,score_function,8192,0.02,1000,1,rosenbrock,704,0.004547119140625,-50.96759796142578,0.6800808310508728,0.0,3.324105739593506,0.39173993468284607,1.4528179168701172,2.964040994644165
rosenbrock,1.9287498479639178e-22,2,cholesky,5,score_function,8192,0.02,1000,1,rosenbrock,705,0.004779815673828125,-50.97486877441406,0.6399350166320801,0.0,4.398767471313477,0.283443421125412,3.869579792022705,2.0724785327911377
rosenbrock,1.9287498479639178e-22,2,cholesky,5,score_function,8192,0.02,1000,1,rosenbrock,706,0.0045490264892578125,-50.97555160522461,0.6840287446975708,0.0,4.745671272277832,0.4180779755115509,3.7351133823394775,2.8975043296813965
rosenbrock,1.9287498479639178e-22,2,cholesky,5,score_function,8192,0.02,1000,1,rosenbrock,707,0.004837751388549805,-50.967533111572266,0.6197495460510254,0.0,4.00537109375,0.34235116839408875,3.025993824005127,2.601760149002075
rosenbrock,1.9287498479639178e-22,2,cholesky,5,score_function,8192,0.02,1000,1,rosenbrock,708,0.004593849182128906,-50.970298767089844,0.6792470216751099,0.0,2.7111928462982178,0.3102628290653229,1.4190139770507812,2.2892580032348633
rosenbrock,1.9287498479639178e-22,2,cholesky,5,score_function,8192,0.02,1000,1,rosenbrock,709,0.004526853561401367,-50.96376037597656,0.6129040718078613,0.0,6.254009246826172,0.1571427434682846,5.617269515991211,2.744852304458618
rosenbrock,1.9287498479639178e-22,2,cholesky,5,score_function,8192,0.02,1000,1,rosenbrock,710,0.004518270492553711,-50.965431213378906,0.5659816861152649,0.0,4.12082052230835,0.19858714938163757,3.4033164978027344,2.3149871826171875
rosenbrock,1.9287498479639178e-22,2,cholesky,5,score_function,8192,0.02,1000,1,rosenbrock,711,0.004540920257568359,-50.97417068481445,0.6208426356315613,0.0,6.401774883270264,0.32765641808509827,5.43971061706543,3.3593010902404785
rosenbrock,1.9287498479639178e-22,2,cholesky,5,score_function,8192,0.02,1000,1,rosenbrock,712,0.004515171051025391,-50.974273681640625,0.6213895082473755,0.0,4.131141662597656,0.14848510921001434,2.6944849491119385,3.127944231033325
rosenbrock,1.9287498479639178e-22,2,cholesky,5,score_function,8192,0.02,1000,1,rosenbrock,713,0.004532814025878906,-50.973209381103516,0.641616940498352,0.0,5.481106758117676,0.2738836407661438,4.963400840759277,2.309150218963623
rosenbrock,1.9287498479639178e-22,2,cholesky,5,score_function,8192,0.02,1000,1,rosenbrock,714,0.004640102386474609,-50.9558219909668,0.5207995176315308,0.0,5.1340718269348145,0.4219978451728821,4.380383491516113,2.6444003582000732
rosenbrock,1.9287498479639178e-22,2,cholesky,5,score_function,8192,0.02,1000,1,rosenbrock,715,0.004725933074951172,-50.96067428588867,0.5576907396316528,0.0,4.371817588806152,0.32149332761764526,3.5881309509277344,2.4768424034118652
rosenbrock,1.9287498479639178e-22,2,cholesky,5,score_function,8192,0.02,1000,1,rosenbrock,716,0.004586935043334961,-50.967567443847656,0.5635690689086914,0.0,4.426619052886963,0.2857438623905182,3.5152885913848877,2.6750802993774414
rosenbrock,1.9287498479639178e-22,2,cholesky,5,score_function,8192,0.02,1000,1,rosenbrock,717,0.00457310676574707,-50.966941833496094,0.5847291946411133,0.0,5.885147571563721,0.7353923916816711,4.620131969451904,3.570509195327759
rosenbrock,1.9287498479639178e-22,2,cholesky,5,score_function,8192,0.02,1000,1,rosenbrock,718,0.004574298858642578,-50.962158203125,0.556718647480011,0.0,5.427462577819824,0.5706316232681274,3.595341920852661,4.025574207305908
rosenbrock,1.9287498479639178e-22,2,cholesky,5,score_function,8192,0.02,1000,1,rosenbrock,719,0.0048370361328125,-50.96611022949219,0.518693745136261,0.0,4.772873878479004,0.3376874625682831,4.384026050567627,1.8565046787261963
rosenbrock,1.9287498479639178e-22,2,cholesky,5,score_function,8192,0.02,1000,1,rosenbrock,720,0.004569053649902344,-50.947837829589844,0.5706298351287842,0.0,4.5733819007873535,0.17478744685649872,3.6839489936828613,2.704402208328247
rosenbrock,1.9287498479639178e-22,2,cholesky,5,score_function,8192,0.02,1000,1,rosenbrock,721,0.004500865936279297,-50.955482482910156,0.5908573269844055,0.0,4.354285717010498,0.521547257900238,2.3604753017425537,3.6215951442718506
rosenbrock,1.9287498479639178e-22,2,cholesky,5,score_function,8192,0.02,1000,1,rosenbrock,722,0.0043561458587646484,-50.97376251220703,0.6794446706771851,0.0,5.3271403312683105,0.18620485067367554,2.8649017810821533,4.487325191497803
rosenbrock,1.9287498479639178e-22,2,cholesky,5,score_function,8192,0.02,1000,1,rosenbrock,723,0.005006074905395508,-50.968048095703125,0.6260449290275574,0.0,5.391424655914307,0.17103761434555054,3.813305616378784,3.8074800968170166
rosenbrock,1.9287498479639178e-22,2,cholesky,5,score_function,8192,0.02,1000,1,rosenbrock,724,0.004756927490234375,-50.96240234375,0.5965590476989746,0.0,4.325973033905029,0.539663553237915,3.2215182781219482,2.8363051414489746
rosenbrock,1.9287498479639178e-22,2,cholesky,5,score_function,8192,0.02,1000,1,rosenbrock,725,0.0047490596771240234,-50.96703338623047,0.5719881057739258,0.0,2.9957947731018066,0.4170970618724823,2.1765973567962646,2.0157477855682373
rosenbrock,1.9287498479639178e-22,2,cholesky,5,score_function,8192,0.02,1000,1,rosenbrock,726,0.004690885543823242,-50.962398529052734,0.6410045027732849,0.0,4.4200119972229,0.329036682844162,2.9482810497283936,3.2765653133392334
rosenbrock,1.9287498479639178e-22,2,cholesky,5,score_function,8192,0.02,1000,1,rosenbrock,727,0.004683971405029297,-50.95551300048828,0.5394034385681152,0.0,4.667896270751953,0.6878029704093933,3.6886608600616455,2.776681900024414
rosenbrock,1.9287498479639178e-22,2,cholesky,5,score_function,8192,0.02,1000,1,rosenbrock,728,0.004621028900146484,-50.95746612548828,0.5387440919876099,0.0,5.589351654052734,0.4919230043888092,0.9184961318969727,5.491377830505371
rosenbrock,1.9287498479639178e-22,2,cholesky,5,score_function,8192,0.02,1000,1,rosenbrock,729,0.004624843597412109,-50.95613479614258,0.5338215827941895,0.0,2.919132947921753,0.35415375232696533,1.163962721824646,2.6535074710845947
rosenbrock,1.9287498479639178e-22,2,cholesky,5,score_function,8192,0.02,1000,1,rosenbrock,730,0.004698991775512695,-50.96028518676758,0.5937132239341736,0.0,3.3275301456451416,0.4761661887168884,1.3303807973861694,3.012608051300049
rosenbrock,1.9287498479639178e-22,2,cholesky,5,score_function,8192,0.02,1000,1,rosenbrock,731,0.004878044128417969,-50.94156265258789,0.536528468132019,0.0,3.773566722869873,0.20906992256641388,3.1299214363098145,2.097543239593506
rosenbrock,1.9287498479639178e-22,2,cholesky,5,score_function,8192,0.02,1000,1,rosenbrock,732,0.004701137542724609,-50.95867156982422,0.6101946234703064,0.0,3.4797630310058594,0.3629026710987091,2.754948616027832,2.094590663909912
rosenbrock,1.9287498479639178e-22,2,cholesky,5,score_function,8192,0.02,1000,1,rosenbrock,733,0.004557132720947266,-50.94979476928711,0.5520994067192078,0.0,4.876369953155518,0.3478038012981415,3.070061445236206,3.772630214691162
rosenbrock,1.9287498479639178e-22,2,cholesky,5,score_function,8192,0.02,1000,1,rosenbrock,734,0.004537105560302734,-50.9537467956543,0.6074459552764893,0.0,5.107798099517822,0.17416433990001678,4.2357001304626465,2.8492300510406494
rosenbrock,1.9287498479639178e-22,2,cholesky,5,score_function,8192,0.02,1000,1,rosenbrock,735,0.0045549869537353516,-50.946678161621094,0.5576446056365967,0.0,7.299185276031494,0.41597020626068115,7.128772735595703,1.5118460655212402
rosenbrock,1.9287498479639178e-22,2,cholesky,5,score_function,8192,0.02,1000,1,rosenbrock,736,0.004645824432373047,-50.955474853515625,0.5580049157142639,0.0,6.960209846496582,0.6015799641609192,6.502893924713135,2.407280683517456
rosenbrock,1.9287498479639178e-22,2,cholesky,5,score_function,8192,0.02,1000,1,rosenbrock,737,0.004611015319824219,-50.95754623413086,0.5647807717323303,0.0,4.880568027496338,0.19772280752658844,3.9299395084381104,2.887287139892578
rosenbrock,1.9287498479639178e-22,2,cholesky,5,score_function,8192,0.02,1000,1,rosenbrock,738,0.004617929458618164,-50.94903564453125,0.5699267983436584,0.0,3.377210855484009,0.3292468190193176,1.8171274662017822,2.827577590942383
rosenbrock,1.9287498479639178e-22,2,cholesky,5,score_function,8192,0.02,1000,1,rosenbrock,739,0.004617929458618164,-50.9512939453125,0.6014356017112732,0.0,5.48044490814209,0.16922183334827423,4.0291748046875,3.7111175060272217
rosenbrock,1.9287498479639178e-22,2,cholesky,5,score_function,8192,0.02,1000,1,rosenbrock,740,0.004592180252075195,-50.95117950439453,0.573163628578186,0.0,3.7897965908050537,0.3159846365451813,2.4750356674194336,2.852527141571045
rosenbrock,1.9287498479639178e-22,2,cholesky,5,score_function,8192,0.02,1000,1,rosenbrock,741,0.004637956619262695,-50.9488410949707,0.6138264536857605,0.0,3.2478296756744385,0.4024242162704468,2.5750856399536133,1.937881588935852
rosenbrock,1.9287498479639178e-22,2,cholesky,5,score_function,8192,0.02,1000,1,rosenbrock,742,0.0046350955963134766,-50.94413375854492,0.5559327006340027,0.0,4.4880828857421875,0.4084457755088806,3.980590343475342,2.0324759483337402
rosenbrock,1.9287498479639178e-22,2,cholesky,5,score_function,8192,0.02,1000,1,rosenbrock,743,0.004630088806152344,-50.95105743408203,0.5532823204994202,0.0,2.7144486904144287,0.3113558888435364,1.7672265768051147,2.036712884902954
rosenbrock,1.9287498479639178e-22,2,cholesky,5,score_function,8192,0.02,1000,1,rosenbrock,744,0.00463104248046875,-50.960304260253906,0.6858864426612854,0.0,3.5147385597229004,0.34397080540657043,2.2294762134552,2.695275068283081
rosenbrock,1.9287498479639178e-22,2,cholesky,5,score_function,8192,0.02,1000,1,rosenbrock,745,0.004579067230224609,-50.95658874511719,0.6037812829017639,0.0,4.736928939819336,0.3460307717323303,4.189515590667725,2.183281421661377
rosenbrock,1.9287498479639178e-22,2,cholesky,5,score_function,8192,0.02,1000,1,rosenbrock,746,0.004609823226928711,-50.96758270263672,0.6498643159866333,0.0,4.098098278045654,0.41757532954216003,3.185478448867798,2.544163703918457
rosenbrock,1.9287498479639178e-22,2,cholesky,5,score_function,8192,0.02,1000,1,rosenbrock,747,0.00457000732421875,-50.96260452270508,0.6205206513404846,0.0,3.7345046997070312,0.15029305219650269,2.536710739135742,2.7366104125976562
rosenbrock,1.9287498479639178e-22,2,cholesky,5,score_function,8192,0.02,1000,1,rosenbrock,748,0.004742860794067383,-50.959434509277344,0.6395156979560852,0.0,3.8152339458465576,0.20576713979244232,3.078592538833618,2.244089365005493
rosenbrock,1.9287498479639178e-22,2,cholesky,5,score_function,8192,0.02,1000,1,rosenbrock,749,0.004584074020385742,-50.964454650878906,0.5853602290153503,0.0,6.364407062530518,0.18357141315937042,6.238236427307129,1.2475537061691284
rosenbrock,1.9287498479639178e-22,2,cholesky,5,score_function,8192,0.02,1000,1,rosenbrock,750,0.004539012908935547,-50.97979736328125,0.6370957493782043,0.0,5.880166053771973,0.24424003064632416,4.544679641723633,3.7232487201690674
rosenbrock,1.9287498479639178e-22,2,cholesky,5,score_function,8192,0.02,1000,1,rosenbrock,751,0.004517078399658203,-50.97922897338867,0.5942357182502747,0.0,6.521639823913574,0.5497173070907593,5.822741508483887,2.8853564262390137
rosenbrock,1.9287498479639178e-22,2,cholesky,5,score_function,8192,0.02,1000,1,rosenbrock,752,0.004495143890380859,-50.966514587402344,0.6126551032066345,0.0,7.447154521942139,0.2516983449459076,7.302093505859375,1.4408957958221436
rosenbrock,1.9287498479639178e-22,2,cholesky,5,score_function,8192,0.02,1000,1,rosenbrock,753,0.0044879913330078125,-50.97693634033203,0.6061626076698303,0.0,3.5025525093078613,0.18964062631130219,2.574064254760742,2.3677210807800293
rosenbrock,1.9287498479639178e-22,2,cholesky,5,score_function,8192,0.02,1000,1,rosenbrock,754,0.0044918060302734375,-50.96562194824219,0.6137233972549438,0.0,3.182253360748291,0.4513501822948456,1.8676118850708008,2.5367393493652344
rosenbrock,1.9287498479639178e-22,2,cholesky,5,score_function,8192,0.02,1000,1,rosenbrock,755,0.004479408264160156,-50.962738037109375,0.6590936183929443,0.0,4.189497470855713,0.2729605734348297,2.4520742893218994,3.385958194732666
rosenbrock,1.9287498479639178e-22,2,cholesky,5,score_function,8192,0.02,1000,1,rosenbrock,756,0.004670858383178711,-50.958560943603516,0.6532931327819824,0.0,4.0906147956848145,0.14932025969028473,3.710590362548828,1.7153292894363403
rosenbrock,1.9287498479639178e-22,2,cholesky,5,score_function,8192,0.02,1000,1,rosenbrock,757,0.00468897819519043,-50.95526885986328,0.7303556203842163,0.0,3.8604302406311035,0.38212764263153076,1.4934240579605103,3.5392916202545166
rosenbrock,1.9287498479639178e-22,2,cholesky,5,score_function,8192,0.02,1000,1,rosenbrock,758,0.004599094390869141,-50.963134765625,0.6272011995315552,0.0,3.1535491943359375,0.604619562625885,1.0245641469955444,2.920543909072876
rosenbrock,1.9287498479639178e-22,2,cholesky,5,score_function,8192,0.02,1000,1,rosenbrock,759,0.0046062469482421875,-50.96418380737305,0.61894690990448,0.0,4.669278144836426,0.1919156163930893,3.934654474258423,2.5067551136016846
rosenbrock,1.9287498479639178e-22,2,cholesky,5,score_function,8192,0.02,1000,1,rosenbrock,760,0.004628896713256836,-50.97056198120117,0.6670718193054199,0.0,4.75778341293335,0.35475701093673706,4.046262741088867,2.477581262588501
rosenbrock,1.9287498479639178e-22,2,cholesky,5,score_function,8192,0.02,1000,1,rosenbrock,761,0.0046007633209228516,-50.96149444580078,0.6292666792869568,0.0,4.631257057189941,0.40794050693511963,3.1156437397003174,3.402189016342163
rosenbrock,1.9287498479639178e-22,2,cholesky,5,score_function,8192,0.02,1000,1,rosenbrock,762,0.004608869552612305,-50.942874908447266,0.5866757035255432,0.0,3.49904465675354,0.3854694068431854,2.9931795597076416,1.7707628011703491
rosenbrock,1.9287498479639178e-22,2,cholesky,5,score_function,8192,0.02,1000,1,rosenbrock,763,0.004609823226928711,-50.947872161865234,0.6138519048690796,0.0,4.69390344619751,0.35909798741340637,4.499385356903076,1.2881405353546143
rosenbrock,1.9287498479639178e-22,2,cholesky,5,score_function,8192,0.02,1000,1,rosenbrock,764,0.004591226577758789,-50.97867202758789,0.7534027695655823,0.0,4.32285737991333,0.6493237614631653,1.8079204559326172,3.8725831508636475
rosenbrock,1.9287498479639178e-22,2,cholesky,5,score_function,8192,0.02,1000,1,rosenbrock,765,0.004599094390869141,-50.958343505859375,0.6879736185073853,0.0,4.713033676147461,0.6972994208335876,4.332354545593262,1.7196413278579712
rosenbrock,1.9287498479639178e-22,2,cholesky,5,score_function,8192,0.02,1000,1,rosenbrock,766,0.0046079158782958984,-50.963768005371094,0.6971049904823303,0.0,4.824800968170166,0.8082167506217957,4.128146648406982,2.363027334213257
rosenbrock,1.9287498479639178e-22,2,cholesky,5,score_function,8192,0.02,1000,1,rosenbrock,767,0.004598855972290039,-50.96434020996094,0.6367999911308289,0.0,3.9664769172668457,0.187921404838562,1.583223819732666,3.6319453716278076
rosenbrock,1.9287498479639178e-22,2,cholesky,5,score_function,8192,0.02,1000,1,rosenbrock,768,0.004564046859741211,-50.964874267578125,0.6925337910652161,0.0,6.40179443359375,0.6030727624893188,6.135120868682861,1.7261420488357544
rosenbrock,1.9287498479639178e-22,2,cholesky,5,score_function,8192,0.02,1000,1,rosenbrock,769,0.004669904708862305,-50.97197341918945,0.654270350933075,0.0,7.905037879943848,0.3801793158054352,7.3856096267700195,2.792463541030884
rosenbrock,1.9287498479639178e-22,2,cholesky,5,score_function,8192,0.02,1000,1,rosenbrock,770,0.00457000732421875,-50.956607818603516,0.7129284143447876,0.0,5.48482084274292,0.7516223788261414,4.590328216552734,2.9064078330993652
rosenbrock,1.9287498479639178e-22,2,cholesky,5,score_function,8192,0.02,1000,1,rosenbrock,771,0.004601716995239258,-50.97574996948242,0.6646891832351685,0.0,3.738173246383667,0.35899707674980164,1.5637099742889404,3.3763697147369385
rosenbrock,1.9287498479639178e-22,2,cholesky,5,score_function,8192,0.02,1000,1,rosenbrock,772,0.004590034484863281,-50.964256286621094,0.6828992366790771,0.0,6.012389659881592,0.11201421916484833,5.591026306152344,2.208325147628784
rosenbrock,1.9287498479639178e-22,2,cholesky,5,score_function,8192,0.02,1000,1,rosenbrock,773,0.004640102386474609,-50.96150588989258,0.7018980383872986,0.0,2.3348371982574463,0.15302765369415283,0.8441833853721619,2.1714975833892822
rosenbrock,1.9287498479639178e-22,2,cholesky,5,score_function,8192,0.02,1000,1,rosenbrock,774,0.0047953128814697266,-50.97340774536133,0.7690271139144897,0.0,3.9356441497802734,0.3199593424797058,2.9009838104248047,2.640305995941162
rosenbrock,1.9287498479639178e-22,2,cholesky,5,score_function,8192,0.02,1000,1,rosenbrock,775,0.0047760009765625,-50.95851135253906,0.6514068245887756,0.0,6.16033935546875,0.2546403706073761,5.580995559692383,2.5956568717956543
rosenbrock,1.9287498479639178e-22,2,cholesky,5,score_function,8192,0.02,1000,1,rosenbrock,776,0.004416942596435547,-50.95558166503906,0.7108457088470459,0.0,3.8190176486968994,0.4782216548919678,3.332089900970459,1.8037114143371582
rosenbrock,1.9287498479639178e-22,2,cholesky,5,score_function,8192,0.02,1000,1,rosenbrock,777,0.004511833190917969,-50.955902099609375,0.6580436825752258,0.0,9.359758377075195,0.25045010447502136,8.767197608947754,3.2678098678588867
rosenbrock,1.9287498479639178e-22,2,cholesky,5,score_function,8192,0.02,1000,1,rosenbrock,778,0.00492095947265625,-50.96205139160156,0.6514631509780884,0.0,5.459589958190918,0.4676358699798584,3.628047466278076,4.052865028381348
rosenbrock,1.9287498479639178e-22,2,cholesky,5,score_function,8192,0.02,1000,1,rosenbrock,779,0.0046901702880859375,-50.953304290771484,0.6443195939064026,0.0,4.61677885055542,0.4291088283061981,2.6984729766845703,3.7213921546936035
rosenbrock,1.9287498479639178e-22,2,cholesky,5,score_function,8192,0.02,1000,1,rosenbrock,780,0.0047223567962646484,-50.959747314453125,0.6325468420982361,0.0,2.7251594066619873,0.4632362425327301,1.5688282251358032,2.1796064376831055
rosenbrock,1.9287498479639178e-22,2,cholesky,5,score_function,8192,0.02,1000,1,rosenbrock,781,0.0046160221099853516,-50.98197937011719,0.7836624979972839,0.0,5.74261999130249,0.31829044222831726,5.127266883850098,2.566615104675293
rosenbrock,1.9287498479639178e-22,2,cholesky,5,score_function,8192,0.02,1000,1,rosenbrock,782,0.0046041011810302734,-50.96100616455078,0.620693027973175,0.0,4.870782375335693,0.18972516059875488,4.478185176849365,1.906406044960022
rosenbrock,1.9287498479639178e-22,2,cholesky,5,score_function,8192,0.02,1000,1,rosenbrock,783,0.0046269893646240234,-50.956993103027344,0.7366822361946106,0.0,4.55269193649292,0.39402085542678833,3.394674301147461,3.007979154586792
rosenbrock,1.9287498479639178e-22,2,cholesky,5,score_function,8192,0.02,1000,1,rosenbrock,784,0.0046558380126953125,-50.952537536621094,0.6495660543441772,0.0,4.174943923950195,0.68706876039505,3.203233480453491,2.58793044090271
rosenbrock,1.9287498479639178e-22,2,cholesky,5,score_function,8192,0.02,1000,1,rosenbrock,785,0.004621982574462891,-50.95976638793945,0.7014142274856567,0.0,3.424485206604004,0.19050109386444092,2.3522210121154785,2.481504440307617
rosenbrock,1.9287498479639178e-22,2,cholesky,5,score_function,8192,0.02,1000,1,rosenbrock,786,0.004602193832397461,-50.96684265136719,0.7567458748817444,0.0,6.617717742919922,0.4028477966785431,5.7307209968566895,3.284925699234009
rosenbrock,1.9287498479639178e-22,2,cholesky,5,score_function,8192,0.02,1000,1,rosenbrock,787,0.00460505485534668,-50.9586067199707,0.6859756708145142,0.0,4.13892126083374,0.2935222089290619,1.8863734006881714,3.672344207763672
rosenbrock,1.9287498479639178e-22,2,cholesky,5,score_function,8192,0.02,1000,1,rosenbrock,788,0.0046269893646240234,-50.95890426635742,0.7375079393386841,0.0,5.240014553070068,0.5929991602897644,4.844844818115234,1.9061962366104126
rosenbrock,1.9287498479639178e-22,2,cholesky,5,score_function,8192,0.02,1000,1,rosenbrock,789,0.0046269893646240234,-50.95862579345703,0.6599744558334351,0.0,3.330101490020752,0.604933500289917,1.902036428451538,2.665687084197998
rosenbrock,1.9287498479639178e-22,2,cholesky,5,score_function,8192,0.02,1000,1,rosenbrock,790,0.004616975784301758,-50.96539306640625,0.7565164566040039,0.0,4.308335304260254,0.16279660165309906,3.8887529373168945,1.8473906517028809
rosenbrock,1.9287498479639178e-22,2,cholesky,5,score_function,8192,0.02,1000,1,rosenbrock,791,0.0043337345123291016,-50.968017578125,0.8010296821594238,0.0,4.786681652069092,0.34049031138420105,2.636941909790039,3.9803171157836914
rosenbrock,1.9287498479639178e-22,2,cholesky,5,score_function,8192,0.02,1000,1,rosenbrock,792,0.004732847213745117,-50.96100997924805,0.6542392373085022,0.0,3.4488556385040283,0.4480119049549103,2.4428839683532715,2.3929500579833984
rosenbrock,1.9287498479639178e-22,2,cholesky,5,score_function,8192,0.02,1000,1,rosenbrock,793,0.004831075668334961,-50.96639633178711,0.6176022887229919,0.0,5.159643173217773,0.3438372015953064,4.827163219451904,1.789465069770813
rosenbrock,1.9287498479639178e-22,2,cholesky,5,score_function,8192,0.02,1000,1,rosenbrock,794,0.004936933517456055,-50.95797348022461,0.7594857811927795,0.0,3.8351619243621826,0.20508761703968048,2.8503496646881104,2.557715892791748
rosenbrock,1.9287498479639178e-22,2,cholesky,5,score_function,8192,0.02,1000,1,rosenbrock,795,0.004836082458496094,-50.969181060791016,0.666619062423706,0.0,4.273219108581543,0.2475840151309967,2.870969533920288,3.15541410446167
rosenbrock,1.9287498479639178e-22,2,cholesky,5,score_function,8192,0.02,1000,1,rosenbrock,796,0.0047070980072021484,-50.97063446044922,0.7843630909919739,0.0,3.242528200149536,0.2908267676830292,2.4115636348724365,2.1479685306549072
rosenbrock,1.9287498479639178e-22,2,cholesky,5,score_function,8192,0.02,1000,1,rosenbrock,797,0.004920005798339844,-50.960384368896484,0.6474448442459106,0.0,5.247790813446045,0.5710965394973755,4.35696268081665,2.8688035011291504
rosenbrock,1.9287498479639178e-22,2,cholesky,5,score_function,8192,0.02,1000,1,rosenbrock,798,0.0045909881591796875,-50.990543365478516,0.764045774936676,0.0,4.198948860168457,0.3982112407684326,3.631070852279663,2.070730209350586
rosenbrock,1.9287498479639178e-22,2,cholesky,5,score_function,8192,0.02,1000,1,rosenbrock,799,0.005079984664916992,-50.97517776489258,0.7348063588142395,0.0,6.585851669311523,0.19258250296115875,5.629255294799805,3.4128940105438232
rosenbrock,1.9287498479639178e-22,2,cholesky,5,score_function,8192,0.02,1000,1,rosenbrock,800,0.004714012145996094,-50.97571563720703,0.6960765719413757,0.0,5.4676289558410645,0.45572760701179504,3.614553689956665,4.077043056488037
rosenbrock,1.9287498479639178e-22,2,cholesky,5,score_function,8192,0.02,1000,1,rosenbrock,801,0.0046389102935791016,-50.97870635986328,0.7145979404449463,0.0,5.0610198974609375,0.6489483118057251,4.578649997711182,2.0563933849334717
rosenbrock,1.9287498479639178e-22,2,cholesky,5,score_function,8192,0.02,1000,1,rosenbrock,802,0.004575252532958984,-50.98981857299805,0.7664654850959778,0.0,2.618605852127075,0.5591567754745483,2.0155837535858154,1.5753926038742065
rosenbrock,1.9287498479639178e-22,2,cholesky,5,score_function,8192,0.02,1000,1,rosenbrock,803,0.00457000732421875,-50.95978546142578,0.5816354751586914,0.0,4.111701965332031,0.2870272397994995,2.336975574493408,3.3707945346832275
rosenbrock,1.9287498479639178e-22,2,cholesky,5,score_function,8192,0.02,1000,1,rosenbrock,804,0.00457310676574707,-50.95689392089844,0.6792345643043518,0.0,7.585160732269287,0.603327751159668,5.908105850219727,4.718574523925781
rosenbrock,1.9287498479639178e-22,2,cholesky,5,score_function,8192,0.02,1000,1,rosenbrock,805,0.004583835601806641,-50.98067855834961,0.6717143058776855,0.0,3.7559590339660645,0.15310968458652496,2.3648369312286377,2.913989305496216
rosenbrock,1.9287498479639178e-22,2,cholesky,5,score_function,8192,0.02,1000,1,rosenbrock,806,0.004548311233520508,-50.961509704589844,0.6382762789726257,0.0,4.431512832641602,0.5277631282806396,3.700624465942383,2.380157947540283
rosenbrock,1.9287498479639178e-22,2,cholesky,5,score_function,8192,0.02,1000,1,rosenbrock,807,0.00452876091003418,-50.9749755859375,0.678336501121521,0.0,3.2553839683532715,0.3376322090625763,2.3420658111572266,2.235677719116211
rosenbrock,1.9287498479639178e-22,2,cholesky,5,score_function,8192,0.02,1000,1,rosenbrock,808,0.0045320987701416016,-50.96051788330078,0.701995313167572,0.0,2.870389461517334,0.19591081142425537,1.6090410947799683,2.3689117431640625
rosenbrock,1.9287498479639178e-22,2,cholesky,5,score_function,8192,0.02,1000,1,rosenbrock,809,0.004546642303466797,-50.95574188232422,0.6445567607879639,0.0,4.412741661071777,0.42763563990592957,2.737367630004883,3.4345648288726807
rosenbrock,1.9287498479639178e-22,2,cholesky,5,score_function,8192,0.02,1000,1,rosenbrock,810,0.0045511722564697266,-50.969425201416016,0.6823847889900208,0.0,6.036668300628662,0.5624809265136719,4.819387435913086,3.5914459228515625
rosenbrock,1.9287498479639178e-22,2,cholesky,5,score_function,8192,0.02,1000,1,rosenbrock,811,0.004530191421508789,-50.95600128173828,0.7214912176132202,0.0,5.2268757820129395,0.4001951813697815,4.899902820587158,1.775113821029663
rosenbrock,1.9287498479639178e-22,2,cholesky,5,score_function,8192,0.02,1000,1,rosenbrock,812,0.004537105560302734,-50.95728302001953,0.639910101890564,0.0,5.832630157470703,0.3234579265117645,5.321071147918701,2.366677761077881
rosenbrock,1.9287498479639178e-22,2,cholesky,5,score_function,8192,0.02,1000,1,rosenbrock,813,0.004529237747192383,-50.95464324951172,0.5546303391456604,0.0,4.334061622619629,0.21486549079418182,3.6902108192443848,2.262800931930542
rosenbrock,1.9287498479639178e-22,2,cholesky,5,score_function,8192,0.02,1000,1,rosenbrock,814,0.004523038864135742,-50.960838317871094,0.5808020234107971,0.0,3.9387736320495605,0.3297535181045532,2.8620028495788574,2.685915231704712
rosenbrock,1.9287498479639178e-22,2,cholesky,5,score_function,8192,0.02,1000,1,rosenbrock,815,0.004527091979980469,-50.95062255859375,0.6165499687194824,0.0,5.305125713348389,0.1255379319190979,4.493337154388428,2.817538261413574
rosenbrock,1.9287498479639178e-22,2,cholesky,5,score_function,8192,0.02,1000,1,rosenbrock,816,0.004524707794189453,-50.945068359375,0.5816896557807922,0.0,2.8980915546417236,0.21490421891212463,1.060415267944336,2.688544273376465
rosenbrock,1.9287498479639178e-22,2,cholesky,5,score_function,8192,0.02,1000,1,rosenbrock,817,0.00452113151550293,-50.94395446777344,0.5397136211395264,0.0,4.489906311035156,0.24545130133628845,4.023420333862305,1.9776498079299927
rosenbrock,1.9287498479639178e-22,2,cholesky,5,score_function,8192,0.02,1000,1,rosenbrock,818,0.004737138748168945,-50.95878219604492,0.5510931015014648,0.0,6.732318878173828,0.34960129857063293,5.710214138031006,3.548992156982422
rosenbrock,1.9287498479639178e-22,2,cholesky,5,score_function,8192,0.02,1000,1,rosenbrock,819,0.004358053207397461,-50.94696807861328,0.6516140699386597,0.0,10.150113105773926,0.2455196976661682,9.525206565856934,3.497851610183716
rosenbrock,1.9287498479639178e-22,2,cholesky,5,score_function,8192,0.02,1000,1,rosenbrock,820,0.004608631134033203,-50.94947814941406,0.6552246809005737,0.0,7.174141883850098,0.4045233130455017,6.012236595153809,3.89328670501709
rosenbrock,1.9287498479639178e-22,2,cholesky,5,score_function,8192,0.02,1000,1,rosenbrock,821,0.004976987838745117,-50.95354461669922,0.6568416953086853,0.0,3.5292744636535645,0.2775830626487732,3.1979658603668213,1.466881275177002
rosenbrock,1.9287498479639178e-22,2,cholesky,5,score_function,8192,0.02,1000,1,rosenbrock,822,0.004633188247680664,-50.95035171508789,0.6449072957038879,0.0,3.8523569107055664,0.7568395733833313,1.839442491531372,3.2991364002227783
rosenbrock,1.9287498479639178e-22,2,cholesky,5,score_function,8192,0.02,1000,1,rosenbrock,823,0.00473785400390625,-50.94619369506836,0.6334959268569946,0.0,4.401021480560303,0.5324435830116272,3.2723846435546875,2.894303321838379
rosenbrock,1.9287498479639178e-22,2,cholesky,5,score_function,8192,0.02,1000,1,rosenbrock,824,0.0046939849853515625,-50.94090270996094,0.5712544918060303,0.0,2.4529266357421875,0.3524898290634155,1.4065420627593994,1.9784437417984009
rosenbrock,1.9287498479639178e-22,2,cholesky,5,score_function,8192,0.02,1000,1,rosenbrock,825,0.004609823226928711,-50.943603515625,0.5798880457878113,0.0,3.6954643726348877,0.3101305067539215,2.009263753890991,3.0859580039978027
rosenbrock,1.9287498479639178e-22,2,cholesky,5,score_function,8192,0.02,1000,1,rosenbrock,826,0.0046732425689697266,-50.94930648803711,0.7414788007736206,0.0,4.113373756408691,0.4807077646255493,2.181818962097168,3.4537556171417236
rosenbrock,1.9287498479639178e-22,2,cholesky,5,score_function,8192,0.02,1000,1,rosenbrock,827,0.004620075225830078,-50.949676513671875,0.7161998152732849,0.0,2.7547454833984375,0.28686144948005676,1.8771566152572632,1.995648980140686
rosenbrock,1.9287498479639178e-22,2,cholesky,5,score_function,8192,0.02,1000,1,rosenbrock,828,0.004678249359130859,-50.94132614135742,0.6313771605491638,0.0,4.482307434082031,0.41819897294044495,3.8801255226135254,2.204725980758667
rosenbrock,1.9287498479639178e-22,2,cholesky,5,score_function,8192,0.02,1000,1,rosenbrock,829,0.004621028900146484,-50.9438591003418,0.5157268047332764,0.0,3.548295497894287,0.22343094646930695,1.4639524221420288,3.2244880199432373
rosenbrock,1.9287498479639178e-22,2,cholesky,5,score_function,8192,0.02,1000,1,rosenbrock,830,0.0046842098236083984,-50.94005584716797,0.5969186425209045,0.0,6.2997965812683105,0.47590693831443787,5.715595245361328,2.606323719024658
rosenbrock,1.9287498479639178e-22,2,cholesky,5,score_function,8192,0.02,1000,1,rosenbrock,831,0.0046138763427734375,-50.943511962890625,0.5680021643638611,0.0,4.267950534820557,0.7266221046447754,3.704806089401245,1.9904361963272095
rosenbrock,1.9287498479639178e-22,2,cholesky,5,score_function,8192,0.02,1000,1,rosenbrock,832,0.004709720611572266,-50.94385528564453,0.53035569190979,0.0,4.225342750549316,0.3875312805175781,3.3690707683563232,2.5204572677612305
rosenbrock,1.9287498479639178e-22,2,cholesky,5,score_function,8192,0.02,1000,1,rosenbrock,833,0.004586935043334961,-50.92713928222656,0.6146529316902161,0.0,6.889175891876221,0.2740652859210968,5.980585098266602,3.408553123474121
rosenbrock,1.9287498479639178e-22,2,cholesky,5,score_function,8192,0.02,1000,1,rosenbrock,834,0.0046079158782958984,-50.92787551879883,0.5367895364761353,0.0,5.180274963378906,0.396755188703537,4.772542476654053,1.975012183189392
rosenbrock,1.9287498479639178e-22,2,cholesky,5,score_function,8192,0.02,1000,1,rosenbrock,835,0.004604816436767578,-50.94658279418945,0.6517423987388611,0.0,7.772033214569092,0.5316164493560791,6.868100643157959,3.5987606048583984
rosenbrock,1.9287498479639178e-22,2,cholesky,5,score_function,8192,0.02,1000,1,rosenbrock,836,0.004671812057495117,-50.94404220581055,0.6412760615348816,0.0,6.319910049438477,0.2277107685804367,5.5785956382751465,2.9611942768096924
rosenbrock,1.9287498479639178e-22,2,cholesky,5,score_function,8192,0.02,1000,1,rosenbrock,837,0.00460505485534668,-50.945289611816406,0.5318490862846375,0.0,3.72686505317688,0.3399427831172943,2.905142068862915,2.3095693588256836
rosenbrock,1.9287498479639178e-22,2,cholesky,5,score_function,8192,0.02,1000,1,rosenbrock,838,0.004667758941650391,-50.94526672363281,0.6093506813049316,0.0,6.655779838562012,0.4606909453868866,5.965066432952881,2.9163589477539062
rosenbrock,1.9287498479639178e-22,2,cholesky,5,score_function,8192,0.02,1000,1,rosenbrock,839,0.004632711410522461,-50.956111907958984,0.5951452255249023,0.0,4.064183235168457,0.0636822059750557,3.4563088417053223,2.1371610164642334
rosenbrock,1.9287498479639178e-22,2,cholesky,5,score_function,8192,0.02,1000,1,rosenbrock,840,0.004635810852050781,-50.94355010986328,0.6013398170471191,0.0,4.195411682128906,0.6598184108734131,3.369114398956299,2.4114701747894287
rosenbrock,1.9287498479639178e-22,2,cholesky,5,score_function,8192,0.02,1000,1,rosenbrock,841,0.004637002944946289,-50.95193862915039,0.5898835062980652,0.0,6.179775714874268,0.8398778438568115,2.8884384632110596,5.398254871368408
rosenbrock,1.9287498479639178e-22,2,cholesky,5,score_function,8192,0.02,1000,1,rosenbrock,842,0.004655122756958008,-50.94579315185547,0.6399937272071838,0.0,6.901611328125,0.32878926396369934,6.683785438537598,1.6885371208190918
rosenbrock,1.9287498479639178e-22,2,cholesky,5,score_function,8192,0.02,1000,1,rosenbrock,843,0.004601001739501953,-50.94599151611328,0.604658305644989,0.0,4.159613132476807,0.28636178374290466,3.8381526470184326,1.5776433944702148
rosenbrock,1.9287498479639178e-22,2,cholesky,5,score_function,8192,0.02,1000,1,rosenbrock,844,0.004625082015991211,-50.92850875854492,0.5753936767578125,0.0,2.2728018760681152,0.28334230184555054,1.6610075235366821,1.5252536535263062
rosenbrock,1.9287498479639178e-22,2,cholesky,5,score_function,8192,0.02,1000,1,rosenbrock,845,0.00458073616027832,-50.94171905517578,0.5688386559486389,0.0,4.082599639892578,0.3479451835155487,3.7933616638183594,1.468659520149231
rosenbrock,1.9287498479639178e-22,2,cholesky,5,score_function,8192,0.02,1000,1,rosenbrock,846,0.004659175872802734,-50.92774963378906,0.5585793256759644,0.0,4.4159345626831055,0.3903455138206482,3.2307112216949463,2.985064744949341
rosenbrock,1.9287498479639178e-22,2,cholesky,5,score_function,8192,0.02,1000,1,rosenbrock,847,0.004572153091430664,-50.94462966918945,0.6265324950218201,0.0,7.239445686340332,0.0907783955335617,6.16340446472168,3.796548843383789
rosenbrock,1.9287498479639178e-22,2,cholesky,5,score_function,8192,0.02,1000,1,rosenbrock,848,0.004672050476074219,-50.946712493896484,0.5655301809310913,0.0,5.014772891998291,0.3231140077114105,4.0344696044921875,2.9608449935913086
rosenbrock,1.9287498479639178e-22,2,cholesky,5,score_function,8192,0.02,1000,1,rosenbrock,849,0.004606962203979492,-50.94410705566406,0.7297158241271973,0.0,3.3440141677856445,0.15680262446403503,2.142106294631958,2.563049793243408
rosenbrock,1.9287498479639178e-22,2,cholesky,5,score_function,8192,0.02,1000,1,rosenbrock,850,0.0046079158782958984,-50.94861602783203,0.667970597743988,0.0,4.000476837158203,0.5207266807556152,2.2674131393432617,3.25445818901062
rosenbrock,1.9287498479639178e-22,2,cholesky,5,score_function,8192,0.02,1000,1,rosenbrock,851,0.0046100616455078125,-50.954795837402344,0.6742887496948242,0.0,4.828220844268799,0.8712572455406189,3.7830514907836914,2.870739698410034
rosenbrock,1.9287498479639178e-22,2,cholesky,5,score_function,8192,0.02,1000,1,rosenbrock,852,0.004636049270629883,-50.95041275024414,0.6562719941139221,0.0,3.1660563945770264,0.3668430745601654,2.499722480773926,1.9080690145492554
rosenbrock,1.9287498479639178e-22,2,cholesky,5,score_function,8192,0.02,1000,1,rosenbrock,853,0.004613161087036133,-50.95073318481445,0.6626909971237183,0.0,5.623195171356201,0.27408671379089355,5.098818302154541,2.355260133743286
rosenbrock,1.9287498479639178e-22,2,cholesky,5,score_function,8192,0.02,1000,1,rosenbrock,854,0.004574298858642578,-50.94689178466797,0.5934995412826538,0.0,3.215806245803833,0.4726315140724182,1.3226953744888306,2.892836809158325
rosenbrock,1.9287498479639178e-22,2,cholesky,5,score_function,8192,0.02,1000,1,rosenbrock,855,0.004578828811645508,-50.960723876953125,0.6874266862869263,0.0,5.882410526275635,0.2244822084903717,5.023647785186768,3.0521011352539062
rosenbrock,1.9287498479639178e-22,2,cholesky,5,score_function,8192,0.02,1000,1,rosenbrock,856,0.00466609001159668,-50.94187927246094,0.6141713261604309,0.0,3.6985161304473877,0.3985341191291809,2.8703389167785645,2.2981181144714355
rosenbrock,1.9287498479639178e-22,2,cholesky,5,score_function,8192,0.02,1000,1,rosenbrock,857,0.0046350955963134766,-50.94520950317383,0.581413745880127,0.0,7.337518692016602,0.3550014793872833,6.005615234375,4.200684070587158
rosenbrock,1.9287498479639178e-22,2,cholesky,5,score_function,8192,0.02,1000,1,rosenbrock,858,0.004606962203979492,-50.94681930541992,0.574137270450592,0.0,3.541158676147461,0.5843402743339539,2.7143101692199707,2.1979243755340576
rosenbrock,1.9287498479639178e-22,2,cholesky,5,score_function,8192,0.02,1000,1,rosenbrock,859,0.0045719146728515625,-50.944862365722656,0.5625604391098022,0.0,3.545243263244629,0.12456361949443817,2.2994394302368164,2.695517063140869
rosenbrock,1.9287498479639178e-22,2,cholesky,5,score_function,8192,0.02,1000,1,rosenbrock,860,0.004606008529663086,-50.95295333862305,0.5811478495597839,0.0,4.633127212524414,0.15630939602851868,3.9998955726623535,2.33286714553833
rosenbrock,1.9287498479639178e-22,2,cholesky,5,score_function,8192,0.02,1000,1,rosenbrock,861,0.004577159881591797,-50.95002365112305,0.6624841094017029,0.0,1.655600905418396,0.4871821403503418,1.065854549407959,1.1694538593292236
rosenbrock,1.9287498479639178e-22,2,cholesky,5,score_function,8192,0.02,1000,1,rosenbrock,862,0.004652261734008789,-50.94591522216797,0.5883868932723999,0.0,4.667329788208008,0.5308656096458435,3.751345634460449,2.7257208824157715
rosenbrock,1.9287498479639178e-22,2,cholesky,5,score_function,8192,0.02,1000,1,rosenbrock,863,0.004561901092529297,-50.96333312988281,0.5706028938293457,0.0,5.546707630157471,0.29786595702171326,4.566920757293701,3.1337640285491943
rosenbrock,1.9287498479639178e-22,2,cholesky,5,score_function,8192,0.02,1000,1,rosenbrock,864,0.004647970199584961,-50.957942962646484,0.6783601641654968,0.0,4.006279945373535,0.4466990828514099,3.3588852882385254,2.1374354362487793
rosenbrock,1.9287498479639178e-22,2,cholesky,5,score_function,8192,0.02,1000,1,rosenbrock,865,0.004601955413818359,-50.96005630493164,0.5783485770225525,0.0,4.693975448608398,0.4432448744773865,3.701141595840454,2.852804183959961
rosenbrock,1.9287498479639178e-22,2,cholesky,5,score_function,8192,0.02,1000,1,rosenbrock,866,0.0046007633209228516,-50.94953918457031,0.6456285715103149,0.0,5.567157745361328,0.35435447096824646,4.316867351531982,3.4974753856658936
rosenbrock,1.9287498479639178e-22,2,cholesky,5,score_function,8192,0.02,1000,1,rosenbrock,867,0.004551887512207031,-50.96398162841797,0.6455249190330505,0.0,6.10890531539917,0.3847728967666626,5.7399091720581055,2.055264949798584
rosenbrock,1.9287498479639178e-22,2,cholesky,5,score_function,8192,0.02,1000,1,rosenbrock,868,0.004614114761352539,-50.960731506347656,0.5990123152732849,0.0,5.333144187927246,0.45332270860671997,4.561079502105713,2.726440191268921
rosenbrock,1.9287498479639178e-22,2,cholesky,5,score_function,8192,0.02,1000,1,rosenbrock,869,0.004564046859741211,-50.96220016479492,0.6759398579597473,0.0,6.601245403289795,0.4962427020072937,6.10960054397583,2.450094223022461
rosenbrock,1.9287498479639178e-22,2,cholesky,5,score_function,8192,0.02,1000,1,rosenbrock,870,0.004591226577758789,-50.96168518066406,0.7210692167282104,0.0,4.154267311096191,0.3903430104255676,2.2207717895507812,3.489089250564575
rosenbrock,1.9287498479639178e-22,2,cholesky,5,score_function,8192,0.02,1000,1,rosenbrock,871,0.004581928253173828,-50.963958740234375,0.6491946578025818,0.0,4.9644975662231445,0.1511341631412506,2.1719133853912354,4.461635112762451
rosenbrock,1.9287498479639178e-22,2,cholesky,5,score_function,8192,0.02,1000,1,rosenbrock,872,0.0045928955078125,-50.94207000732422,0.6490004658699036,0.0,4.768519401550293,0.5624769926071167,3.5888378620147705,3.089116096496582
rosenbrock,1.9287498479639178e-22,2,cholesky,5,score_function,8192,0.02,1000,1,rosenbrock,873,0.004575014114379883,-50.94381332397461,0.6119812726974487,0.0,3.9756052494049072,0.2378581315279007,2.8834657669067383,2.726625442504883
rosenbrock,1.9287498479639178e-22,2,cholesky,5,score_function,8192,0.02,1000,1,rosenbrock,874,0.004617929458618164,-50.96367645263672,0.6257417798042297,0.0,3.6168723106384277,0.4636754095554352,2.1572494506835938,2.8658411502838135
rosenbrock,1.9287498479639178e-22,2,cholesky,5,score_function,8192,0.02,1000,1,rosenbrock,875,0.00458979606628418,-50.95606994628906,0.713996946811676,0.0,5.910039901733398,0.4219684600830078,4.063136100769043,4.270999431610107
rosenbrock,1.9287498479639178e-22,2,cholesky,5,score_function,8192,0.02,1000,1,rosenbrock,876,0.004624128341674805,-50.956050872802734,0.6534287929534912,0.0,5.475517272949219,0.15615250170230865,4.812738418579102,2.6066176891326904
rosenbrock,1.9287498479639178e-22,2,cholesky,5,score_function,8192,0.02,1000,1,rosenbrock,877,0.0046100616455078125,-50.95306396484375,0.6198296546936035,0.0,6.029540538787842,0.18559803068637848,4.429662227630615,4.0864410400390625
rosenbrock,1.9287498479639178e-22,2,cholesky,5,score_function,8192,0.02,1000,1,rosenbrock,878,0.00459599494934082,-50.95058059692383,0.5927117466926575,0.0,3.314460277557373,0.31468257308006287,2.448078155517578,2.2121334075927734
rosenbrock,1.9287498479639178e-22,2,cholesky,5,score_function,8192,0.02,1000,1,rosenbrock,879,0.004551887512207031,-50.96012878417969,0.6283800005912781,0.0,4.112231254577637,0.14450964331626892,2.317580223083496,3.3938746452331543
rosenbrock,1.9287498479639178e-22,2,cholesky,5,score_function,8192,0.02,1000,1,rosenbrock,880,0.004622936248779297,-50.944732666015625,0.6524806618690491,0.0,2.8768794536590576,0.3180546760559082,1.8132082223892212,2.210780620574951
rosenbrock,1.9287498479639178e-22,2,cholesky,5,score_function,8192,0.02,1000,1,rosenbrock,881,0.004567146301269531,-50.96486282348633,0.751228392124176,0.0,4.66274356842041,0.41403651237487793,3.97768235206604,2.397456169128418
rosenbrock,1.9287498479639178e-22,2,cholesky,5,score_function,8192,0.02,1000,1,rosenbrock,882,0.004601240158081055,-50.949039459228516,0.5754913091659546,0.0,3.202204465866089,0.30464619398117065,2.0968711376190186,2.400923490524292
rosenbrock,1.9287498479639178e-22,2,cholesky,5,score_function,8192,0.02,1000,1,rosenbrock,883,0.0046062469482421875,-50.96657180786133,0.7792452573776245,0.0,5.825477600097656,0.3813791275024414,4.372936248779297,3.8299038410186768
rosenbrock,1.9287498479639178e-22,2,cholesky,5,score_function,8192,0.02,1000,1,rosenbrock,884,0.00461888313293457,-50.95737838745117,0.686863124370575,0.0,5.19402551651001,0.1502695083618164,3.8391354084014893,3.4951908588409424
rosenbrock,1.9287498479639178e-22,2,cholesky,5,score_function,8192,0.02,1000,1,rosenbrock,885,0.004564046859741211,-50.951168060302734,0.6650055050849915,0.0,2.937723159790039,0.47159114480018616,1.9127063751220703,2.1793055534362793
rosenbrock,1.9287498479639178e-22,2,cholesky,5,score_function,8192,0.02,1000,1,rosenbrock,886,0.0049631595611572266,-50.955162048339844,0.6624343991279602,0.0,5.839777946472168,0.30108317732810974,5.240259647369385,2.5596930980682373
rosenbrock,1.9287498479639178e-22,2,cholesky,5,score_function,8192,0.02,1000,1,rosenbrock,887,0.0052678585052490234,-50.97495651245117,0.6685543060302734,0.0,7.876956462860107,0.42468902468681335,7.332899570465088,2.8451128005981445
rosenbrock,1.9287498479639178e-22,2,cholesky,5,score_function,8192,0.02,1000,1,rosenbrock,888,0.0052337646484375,-50.978309631347656,0.8379865884780884,0.0,3.289518117904663,0.522529125213623,1.6422046422958374,2.801973581314087
rosenbrock,1.9287498479639178e-22,2,cholesky,5,score_function,8192,0.02,1000,1,rosenbrock,889,0.005399942398071289,-50.95948791503906,0.6284079551696777,0.0,4.156923770904541,0.33944010734558105,3.6776912212371826,1.907716155052185
rosenbrock,1.9287498479639178e-22,2,cholesky,5,score_function,8192,0.02,1000,1,rosenbrock,890,0.005158901214599609,-50.965518951416016,0.6993609666824341,0.0,5.137974739074707,0.49169212579727173,4.298035621643066,2.771986722946167
rosenbrock,1.9287498479639178e-22,2,cholesky,5,score_function,8192,0.02,1000,1,rosenbrock,891,0.004689931869506836,-50.95131301879883,0.5879219770431519,0.0,6.996176242828369,0.5021098256111145,6.414480209350586,2.747509479522705
rosenbrock,1.9287498479639178e-22,2,cholesky,5,score_function,8192,0.02,1000,1,rosenbrock,892,0.0045011043548583984,-50.957767486572266,0.7327313423156738,0.0,2.5815980434417725,0.41931307315826416,1.9265142679214478,1.6665434837341309
rosenbrock,1.9287498479639178e-22,2,cholesky,5,score_function,8192,0.02,1000,1,rosenbrock,893,0.005300998687744141,-50.95082092285156,0.60249263048172,0.0,4.635117530822754,0.3142381012439728,2.3494532108306885,3.983168840408325
rosenbrock,1.9287498479639178e-22,2,cholesky,5,score_function,8192,0.02,1000,1,rosenbrock,894,0.00487208366394043,-50.9462890625,0.5861126780509949,0.0,4.934816360473633,0.13944654166698456,1.5620087385177612,4.679006099700928
rosenbrock,1.9287498479639178e-22,2,cholesky,5,score_function,8192,0.02,1000,1,rosenbrock,895,0.004681825637817383,-50.9517707824707,0.6841247081756592,0.0,5.3466973304748535,0.2648757994174957,3.6298444271087646,3.9167897701263428
rosenbrock,1.9287498479639178e-22,2,cholesky,5,score_function,8192,0.02,1000,1,rosenbrock,896,0.004910945892333984,-50.95252227783203,0.6858314871788025,0.0,4.601952075958252,0.4127984046936035,3.247288465499878,3.2346062660217285
rosenbrock,1.9287498479639178e-22,2,cholesky,5,score_function,8192,0.02,1000,1,rosenbrock,897,0.004849910736083984,-50.94724655151367,0.6568317413330078,0.0,2.9171340465545654,0.5796468257904053,1.976077675819397,2.0661070346832275
rosenbrock,1.9287498479639178e-22,2,cholesky,5,score_function,8192,0.02,1000,1,rosenbrock,898,0.004731893539428711,-50.94891357421875,0.6381491422653198,0.0,3.6847755908966064,0.11865934729576111,2.6008810997009277,2.6074721813201904
rosenbrock,1.9287498479639178e-22,2,cholesky,5,score_function,8192,0.02,1000,1,rosenbrock,899,0.004575967788696289,-50.940364837646484,0.6465849876403809,0.0,5.066770553588867,0.3334856927394867,4.201127052307129,2.812736749649048
rosenbrock,1.9287498479639178e-22,2,cholesky,5,score_function,8192,0.02,1000,1,rosenbrock,900,0.004709959030151367,-50.941165924072266,0.5722938776016235,0.0,4.336232662200928,0.4030415415763855,3.9016811847686768,1.8486095666885376
rosenbrock,1.9287498479639178e-22,2,cholesky,5,score_function,8192,0.02,1000,1,rosenbrock,901,0.00455021858215332,-50.95460510253906,0.7598789930343628,0.0,4.362794399261475,0.2666233479976654,2.0706095695495605,3.8308565616607666
rosenbrock,1.9287498479639178e-22,2,cholesky,5,score_function,8192,0.02,1000,1,rosenbrock,902,0.0045278072357177734,-50.93426513671875,0.6063032746315002,0.0,2.7615325450897217,0.24486900866031647,2.2147679328918457,1.6312280893325806
rosenbrock,1.9287498479639178e-22,2,cholesky,5,score_function,8192,0.02,1000,1,rosenbrock,903,0.004507780075073242,-50.95209884643555,0.656363844871521,0.0,5.783015251159668,0.2844105064868927,4.924511432647705,3.018536329269409
rosenbrock,1.9287498479639178e-22,2,cholesky,5,score_function,8192,0.02,1000,1,rosenbrock,904,0.004503965377807617,-50.94676208496094,0.556913435459137,0.0,6.845016956329346,0.48648136854171753,5.793749809265137,3.6124870777130127
rosenbrock,1.9287498479639178e-22,2,cholesky,5,score_function,8192,0.02,1000,1,rosenbrock,905,0.004472255706787109,-50.95008850097656,0.6828065514564514,0.0,3.528032064437866,0.231816366314888,3.2267909049987793,1.4075123071670532
rosenbrock,1.9287498479639178e-22,2,cholesky,5,score_function,8192,0.02,1000,1,rosenbrock,906,0.004521846771240234,-50.935272216796875,0.6229036450386047,0.0,4.726831436157227,0.4781900644302368,4.137322425842285,2.2353596687316895
rosenbrock,1.9287498479639178e-22,2,cholesky,5,score_function,8192,0.02,1000,1,rosenbrock,907,0.004491090774536133,-50.93777084350586,0.6722262501716614,0.0,3.5491652488708496,0.3232980966567993,2.6769001483917236,2.3078689575195312
rosenbrock,1.9287498479639178e-22,2,cholesky,5,score_function,8192,0.02,1000,1,rosenbrock,908,0.0045087337493896484,-50.94183349609375,0.5940771102905273,0.0,5.018760681152344,0.6237154006958008,4.377377986907959,2.3743419647216797
rosenbrock,1.9287498479639178e-22,2,cholesky,5,score_function,8192,0.02,1000,1,rosenbrock,909,0.0044748783111572266,-50.94602584838867,0.6078922748565674,0.0,3.456298589706421,0.22142352163791656,1.590812087059021,3.060439109802246
rosenbrock,1.9287498479639178e-22,2,cholesky,5,score_function,8192,0.02,1000,1,rosenbrock,910,0.0044820308685302734,-50.94820022583008,0.6685205101966858,0.0,3.049700975418091,0.3536849617958069,2.3407082557678223,1.922672152519226
rosenbrock,1.9287498479639178e-22,2,cholesky,5,score_function,8192,0.02,1000,1,rosenbrock,911,0.004463911056518555,-50.94319152832031,0.6102982759475708,0.0,5.175750255584717,0.3456288278102875,4.972750186920166,1.3930848836898804
rosenbrock,1.9287498479639178e-22,2,cholesky,5,score_function,8192,0.02,1000,1,rosenbrock,912,0.004474163055419922,-50.94460678100586,0.572111964225769,0.0,4.807923793792725,0.30784690380096436,3.8234541416168213,2.898716449737549
rosenbrock,1.9287498479639178e-22,2,cholesky,5,score_function,8192,0.02,1000,1,rosenbrock,913,0.0044977664947509766,-50.961181640625,0.7650805115699768,0.0,4.485747814178467,0.512697696685791,3.7254912853240967,2.4453604221343994
rosenbrock,1.9287498479639178e-22,2,cholesky,5,score_function,8192,0.02,1000,1,rosenbrock,914,0.004476785659790039,-50.94157028198242,0.6989783048629761,0.0,4.147392272949219,0.42086344957351685,3.074856996536255,2.7511794567108154
rosenbrock,1.9287498479639178e-22,2,cholesky,5,score_function,8192,0.02,1000,1,rosenbrock,915,0.004454135894775391,-50.97121047973633,0.7838546633720398,0.0,6.0731282234191895,0.28610777854919434,5.691737174987793,2.0988471508026123
rosenbrock,1.9287498479639178e-22,2,cholesky,5,score_function,8192,0.02,1000,1,rosenbrock,916,0.004467010498046875,-50.947975158691406,0.6867188215255737,0.0,3.597724199295044,0.3809601664543152,3.063620090484619,1.8473552465438843
rosenbrock,1.9287498479639178e-22,2,cholesky,5,score_function,8192,0.02,1000,1,rosenbrock,917,0.0045011043548583984,-50.951839447021484,0.6363583207130432,0.0,4.07216739654541,0.4011560380458832,3.048600673675537,2.669766664505005
rosenbrock,1.9287498479639178e-22,2,cholesky,5,score_function,8192,0.02,1000,1,rosenbrock,918,0.00444793701171875,-50.94424819946289,0.6504701972007751,0.0,4.288624286651611,0.5060734748840332,2.6562578678131104,3.328735828399658
rosenbrock,1.9287498479639178e-22,2,cholesky,5,score_function,8192,0.02,1000,1,rosenbrock,919,0.0044591426849365234,-50.94612503051758,0.6065375208854675,0.0,6.0119099617004395,0.24170146882534027,5.723294734954834,1.8244267702102661
rosenbrock,1.9287498479639178e-22,2,cholesky,5,score_function,8192,0.02,1000,1,rosenbrock,920,0.004452943801879883,-50.9460334777832,0.6335787177085876,0.0,4.267951488494873,0.2185429483652115,2.8133771419525146,3.2019617557525635
rosenbrock,1.9287498479639178e-22,2,cholesky,5,score_function,8192,0.02,1000,1,rosenbrock,921,0.004550933837890625,-50.93333435058594,0.5712865591049194,0.0,5.060716152191162,0.21344254910945892,3.5765655040740967,3.5739986896514893
rosenbrock,1.9287498479639178e-22,2,cholesky,5,score_function,8192,0.02,1000,1,rosenbrock,922,0.004468202590942383,-50.945430755615234,0.5992721915245056,0.0,4.608421802520752,0.5690756440162659,3.7295165061950684,2.6465847492218018
rosenbrock,1.9287498479639178e-22,2,cholesky,5,score_function,8192,0.02,1000,1,rosenbrock,923,0.004472017288208008,-50.94244384765625,0.6145980954170227,0.0,2.306244134902954,0.6702311635017395,1.6631019115447998,1.450394868850708
rosenbrock,1.9287498479639178e-22,2,cholesky,5,score_function,8192,0.02,1000,1,rosenbrock,924,0.004483938217163086,-50.9417724609375,0.6644081473350525,0.0,5.650668621063232,0.2893526256084442,5.254764080047607,2.0576164722442627
rosenbrock,1.9287498479639178e-22,2,cholesky,5,score_function,8192,0.02,1000,1,rosenbrock,925,0.004441022872924805,-50.94671630859375,0.5877485871315002,0.0,3.7262184619903564,0.42598846554756165,2.531801223754883,2.7005960941314697
rosenbrock,1.9287498479639178e-22,2,cholesky,5,score_function,8192,0.02,1000,1,rosenbrock,926,0.0044689178466796875,-50.94580841064453,0.641627311706543,0.0,2.7633140087127686,0.7181899547576904,1.7596542835235596,2.0059220790863037
rosenbrock,1.9287498479639178e-22,2,cholesky,5,score_function,8192,0.02,1000,1,rosenbrock,927,0.00446629524230957,-50.94087600708008,0.581863522529602,0.0,6.153463363647461,0.4134708642959595,5.179739952087402,3.296126127243042
rosenbrock,1.9287498479639178e-22,2,cholesky,5,score_function,8192,0.02,1000,1,rosenbrock,928,0.004456996917724609,-50.95538330078125,0.5801973342895508,0.0,3.257258176803589,0.41445332765579224,2.407902717590332,2.154057741165161
rosenbrock,1.9287498479639178e-22,2,cholesky,5,score_function,8192,0.02,1000,1,rosenbrock,929,0.0044879913330078125,-50.944087982177734,0.5756844282150269,0.0,5.158649444580078,0.5259636640548706,4.4174017906188965,2.6118180751800537
rosenbrock,1.9287498479639178e-22,2,cholesky,5,score_function,8192,0.02,1000,1,rosenbrock,930,0.004476308822631836,-50.948089599609375,0.6542802453041077,0.0,5.814732074737549,0.3730856478214264,5.146337032318115,2.680882692337036
rosenbrock,1.9287498479639178e-22,2,cholesky,5,score_function,8192,0.02,1000,1,rosenbrock,931,0.004469156265258789,-50.938209533691406,0.6218253374099731,0.0,4.271981716156006,0.4095518887042999,2.661870002746582,3.316103458404541
rosenbrock,1.9287498479639178e-22,2,cholesky,5,score_function,8192,0.02,1000,1,rosenbrock,932,0.004458904266357422,-50.954769134521484,0.8148647546768188,0.0,3.4965617656707764,0.3869840204715729,2.4038336277008057,2.5095365047454834
rosenbrock,1.9287498479639178e-22,2,cholesky,5,score_function,8192,0.02,1000,1,rosenbrock,933,0.004457950592041016,-50.94725799560547,0.6469326615333557,0.0,4.114654064178467,0.6083053350448608,2.9675769805908203,2.784569501876831
rosenbrock,1.9287498479639178e-22,2,cholesky,5,score_function,8192,0.02,1000,1,rosenbrock,934,0.004470109939575195,-50.9576530456543,0.802590012550354,0.0,3.239931583404541,0.3362807035446167,2.152998208999634,2.3976385593414307
rosenbrock,1.9287498479639178e-22,2,cholesky,5,score_function,8192,0.02,1000,1,rosenbrock,935,0.0044689178466796875,-50.94648361206055,0.6148234605789185,0.0,4.127012729644775,0.40377357602119446,3.448779582977295,2.2304978370666504
rosenbrock,1.9287498479639178e-22,2,cholesky,5,score_function,8192,0.02,1000,1,rosenbrock,936,0.0044748783111572266,-50.94172668457031,0.6067579984664917,0.0,4.12585973739624,0.3659830093383789,3.209702491760254,2.5664350986480713
rosenbrock,1.9287498479639178e-22,2,cholesky,5,score_function,8192,0.02,1000,1,rosenbrock,937,0.004476785659790039,-50.943458557128906,0.6485422849655151,0.0,3.939497947692871,0.3656020760536194,3.5077247619628906,1.7555186748504639
rosenbrock,1.9287498479639178e-22,2,cholesky,5,score_function,8192,0.02,1000,1,rosenbrock,938,0.004472017288208008,-50.95606231689453,0.7138249278068542,0.0,5.6377644538879395,0.21183761954307556,4.638339996337891,3.197704792022705
rosenbrock,1.9287498479639178e-22,2,cholesky,5,score_function,8192,0.02,1000,1,rosenbrock,939,0.004472017288208008,-50.934120178222656,0.5788249969482422,0.0,3.9153831005096436,0.43984878063201904,3.644773006439209,1.3610247373580933
rosenbrock,1.9287498479639178e-22,2,cholesky,5,score_function,8192,0.02,1000,1,rosenbrock,940,0.004486083984375,-50.9430046081543,0.579008162021637,0.0,2.908496618270874,0.4737478196620941,1.6763240098953247,2.329131603240967
rosenbrock,1.9287498479639178e-22,2,cholesky,5,score_function,8192,0.02,1000,1,rosenbrock,941,0.0044820308685302734,-50.94096755981445,0.642846941947937,0.0,4.154881477355957,0.5531347393989563,3.4526281356811523,2.244202136993408
rosenbrock,1.9287498479639178e-22,2,cholesky,5,score_function,8192,0.02,1000,1,rosenbrock,942,0.004492998123168945,-50.94645690917969,0.7240700721740723,0.0,2.9796247482299805,0.3611270785331726,2.5823841094970703,1.4418889284133911
rosenbrock,1.9287498479639178e-22,2,cholesky,5,score_function,8192,0.02,1000,1,rosenbrock,943,0.004461050033569336,-50.94941329956055,0.7969929575920105,0.0,3.4013543128967285,0.5090670585632324,1.958200454711914,2.734138250350952
rosenbrock,1.9287498479639178e-22,2,cholesky,5,score_function,8192,0.02,1000,1,rosenbrock,944,0.0044591426849365234,-50.93427276611328,0.5959192514419556,0.0,4.735274314880371,0.6310526132583618,3.905503273010254,2.602238178253174
rosenbrock,1.9287498479639178e-22,2,cholesky,5,score_function,8192,0.02,1000,1,rosenbrock,945,0.0044629573822021484,-50.94072723388672,0.6786690354347229,0.0,3.268105983734131,0.7803561091423035,1.8553849458694458,2.574705123901367
rosenbrock,1.9287498479639178e-22,2,cholesky,5,score_function,8192,0.02,1000,1,rosenbrock,946,0.004481792449951172,-50.941650390625,0.5970661044120789,0.0,5.4626078605651855,0.37381088733673096,2.4642279148101807,4.8608574867248535
rosenbrock,1.9287498479639178e-22,2,cholesky,5,score_function,8192,0.02,1000,1,rosenbrock,947,0.004476070404052734,-50.93761444091797,0.6309300661087036,0.0,3.8805270195007324,0.529994010925293,1.706709384918213,3.4445230960845947
rosenbrock,1.9287498479639178e-22,2,cholesky,5,score_function,8192,0.02,1000,1,rosenbrock,948,0.004456996917724609,-50.927154541015625,0.5697677135467529,0.0,8.16783618927002,0.34883400797843933,7.087006092071533,4.0455169677734375
rosenbrock,1.9287498479639178e-22,2,cholesky,5,score_function,8192,0.02,1000,1,rosenbrock,949,0.004472970962524414,-50.951622009277344,0.7184399962425232,0.0,4.789983749389648,0.29660505056381226,4.1534199714660645,2.367504119873047
rosenbrock,1.9287498479639178e-22,2,cholesky,5,score_function,8192,0.02,1000,1,rosenbrock,950,0.004466056823730469,-50.93318557739258,0.6010945439338684,0.0,6.68380069732666,0.09948461502790451,5.7947773933410645,3.3292415142059326
rosenbrock,1.9287498479639178e-22,2,cholesky,5,score_function,8192,0.02,1000,1,rosenbrock,951,0.004486083984375,-50.94276428222656,0.6148352026939392,0.0,3.9543328285217285,0.2806529700756073,3.548293352127075,1.7226707935333252
rosenbrock,1.9287498479639178e-22,2,cholesky,5,score_function,8192,0.02,1000,1,rosenbrock,952,0.004475831985473633,-50.942142486572266,0.6187799572944641,0.0,3.7556655406951904,0.5156412720680237,2.2576518058776855,2.956712007522583
rosenbrock,1.9287498479639178e-22,2,cholesky,5,score_function,8192,0.02,1000,1,rosenbrock,953,0.004480123519897461,-50.94057846069336,0.6614060401916504,0.0,8.829230308532715,0.21975567936897278,8.391439437866211,2.736924648284912
rosenbrock,1.9287498479639178e-22,2,cholesky,5,score_function,8192,0.02,1000,1,rosenbrock,954,0.0044748783111572266,-50.94522476196289,0.6186262369155884,0.0,4.376226902008057,0.5266917943954468,3.8010189533233643,2.1038572788238525
rosenbrock,1.9287498479639178e-22,2,cholesky,5,score_function,8192,0.02,1000,1,rosenbrock,955,0.0044553279876708984,-50.92841339111328,0.6122944951057434,0.0,3.963021755218506,0.2507939338684082,3.417874574661255,1.9901703596115112
rosenbrock,1.9287498479639178e-22,2,cholesky,5,score_function,8192,0.02,1000,1,rosenbrock,956,0.004831790924072266,-50.93888854980469,0.607292652130127,0.0,5.207405090332031,0.33236274123191833,4.10161828994751,3.1911325454711914
rosenbrock,1.9287498479639178e-22,2,cholesky,5,score_function,8192,0.02,1000,1,rosenbrock,957,0.0046138763427734375,-50.93647384643555,0.5714030861854553,0.0,4.9507060050964355,0.8574225902557373,3.664313554763794,3.216693639755249
rosenbrock,1.9287498479639178e-22,2,cholesky,5,score_function,8192,0.02,1000,1,rosenbrock,958,0.004611968994140625,-50.932743072509766,0.5237014293670654,0.0,6.071798801422119,0.1837448626756668,5.377285957336426,2.8138535022735596
rosenbrock,1.9287498479639178e-22,2,cholesky,5,score_function,8192,0.02,1000,1,rosenbrock,959,0.004589080810546875,-50.930747985839844,0.5547112226486206,0.0,5.3654890060424805,0.2682422399520874,3.9068443775177,3.667844772338867
rosenbrock,1.9287498479639178e-22,2,cholesky,5,score_function,8192,0.02,1000,1,rosenbrock,960,0.004560947418212891,-50.93404006958008,0.6424848437309265,0.0,3.922089099884033,0.2516448199748993,2.029123544692993,3.3469560146331787
rosenbrock,1.9287498479639178e-22,2,cholesky,5,score_function,8192,0.02,1000,1,rosenbrock,961,0.0044231414794921875,-50.94520950317383,0.6035886406898499,0.0,6.322847366333008,0.6778086423873901,5.211419105529785,3.5156915187835693
rosenbrock,1.9287498479639178e-22,2,cholesky,5,score_function,8192,0.02,1000,1,rosenbrock,962,0.004532814025878906,-50.93840026855469,0.6470851898193359,0.0,7.1378679275512695,0.39615631103515625,6.351995944976807,3.231774091720581
rosenbrock,1.9287498479639178e-22,2,cholesky,5,score_function,8192,0.02,1000,1,rosenbrock,963,0.004451274871826172,-50.929466247558594,0.5869885087013245,0.0,4.2747697830200195,0.15669092535972595,2.710994005203247,3.3014564514160156
rosenbrock,1.9287498479639178e-22,2,cholesky,5,score_function,8192,0.02,1000,1,rosenbrock,964,0.004489898681640625,-50.92866897583008,0.5463287830352783,0.0,3.444371461868286,0.37663033604621887,2.7696282863616943,2.0127105712890625
rosenbrock,1.9287498479639178e-22,2,cholesky,5,score_function,8192,0.02,1000,1,rosenbrock,965,0.0044710636138916016,-50.92707824707031,0.5580560564994812,0.0,4.1569061279296875,0.5736018419265747,3.6865878105163574,1.8330079317092896
rosenbrock,1.9287498479639178e-22,2,cholesky,5,score_function,8192,0.02,1000,1,rosenbrock,966,0.004477977752685547,-50.95027542114258,0.6676685810089111,0.0,4.224066257476807,0.7648153305053711,3.485294818878174,2.2606449127197266
rosenbrock,1.9287498479639178e-22,2,cholesky,5,score_function,8192,0.02,1000,1,rosenbrock,967,0.0044558048248291016,-50.93133544921875,0.6335148811340332,0.0,3.676697254180908,0.370822012424469,2.676574945449829,2.4932990074157715
rosenbrock,1.9287498479639178e-22,2,cholesky,5,score_function,8192,0.02,1000,1,rosenbrock,968,0.004464864730834961,-50.938785552978516,0.607220470905304,0.0,8.272483825683594,0.5054728984832764,7.21681022644043,4.011997699737549
rosenbrock,1.9287498479639178e-22,2,cholesky,5,score_function,8192,0.02,1000,1,rosenbrock,969,0.004453897476196289,-50.941768646240234,0.6587428450584412,0.0,4.687483310699463,0.8034723997116089,2.506669282913208,3.878600597381592
rosenbrock,1.9287498479639178e-22,2,cholesky,5,score_function,8192,0.02,1000,1,rosenbrock,970,0.00444793701171875,-50.93017578125,0.5892605781555176,0.0,3.7029309272766113,0.40401145815849304,3.3032925128936768,1.6238007545471191
rosenbrock,1.9287498479639178e-22,2,cholesky,5,score_function,8192,0.02,1000,1,rosenbrock,971,0.0044400691986083984,-50.95108413696289,0.7679349184036255,0.0,3.7290897369384766,0.3720214366912842,2.870485544204712,2.3511745929718018
rosenbrock,1.9287498479639178e-22,2,cholesky,5,score_function,8192,0.02,1000,1,rosenbrock,972,0.004456996917724609,-50.94420623779297,0.7111589908599854,0.0,3.6377291679382324,0.397845059633255,1.3853580951690674,3.339996576309204
rosenbrock,1.9287498479639178e-22,2,cholesky,5,score_function,8192,0.02,1000,1,rosenbrock,973,0.004452943801879883,-50.92822265625,0.5613899827003479,0.0,3.53288197517395,0.15055112540721893,1.4351627826690674,3.2247321605682373
rosenbrock,1.9287498479639178e-22,2,cholesky,5,score_function,8192,0.02,1000,1,rosenbrock,974,0.0044438838958740234,-50.9349479675293,0.6711971759796143,0.0,3.938905715942383,0.3633020222187042,2.5828769207000732,2.9515650272369385
rosenbrock,1.9287498479639178e-22,2,cholesky,5,score_function,8192,0.02,1000,1,rosenbrock,975,0.004477977752685547,-50.930458068847656,0.6557016372680664,0.0,5.137729167938232,0.2871384620666504,4.3428544998168945,2.7300968170166016
rosenbrock,1.9287498479639178e-22,2,cholesky,5,score_function,8192,0.02,1000,1,rosenbrock,976,0.00444793701171875,-50.935428619384766,0.6335321664810181,0.0,3.61214542388916,0.4340613782405853,1.7759531736373901,3.1153132915496826
rosenbrock,1.9287498479639178e-22,2,cholesky,5,score_function,8192,0.02,1000,1,rosenbrock,977,0.0044519901275634766,-50.928916931152344,0.5917747020721436,0.0,4.032580852508545,0.6029523015022278,2.8971948623657227,2.7394192218780518
rosenbrock,1.9287498479639178e-22,2,cholesky,5,score_function,8192,0.02,1000,1,rosenbrock,978,0.004457235336303711,-50.94146728515625,0.614709198474884,0.0,5.4280548095703125,0.3744117319583893,3.4371190071105957,4.184473037719727
rosenbrock,1.9287498479639178e-22,2,cholesky,5,score_function,8192,0.02,1000,1,rosenbrock,979,0.004450082778930664,-50.93563461303711,0.6530613303184509,0.0,3.33324933052063,0.16489335894584656,1.7623112201690674,2.8244683742523193
rosenbrock,1.9287498479639178e-22,2,cholesky,5,score_function,8192,0.02,1000,1,rosenbrock,980,0.0044858455657958984,-50.94122314453125,0.6362159252166748,0.0,3.6415717601776123,0.4715009033679962,2.569444417953491,2.537062883377075
rosenbrock,1.9287498479639178e-22,2,cholesky,5,score_function,8192,0.02,1000,1,rosenbrock,981,0.004855155944824219,-50.93356704711914,0.595949649810791,0.0,3.8791887760162354,0.6160740256309509,2.0627317428588867,3.2270255088806152
rosenbrock,1.9287498479639178e-22,2,cholesky,5,score_function,8192,0.02,1000,1,rosenbrock,982,0.006439924240112305,-50.92524337768555,0.5781147480010986,0.0,3.5733625888824463,0.3331463634967804,3.0381155014038086,1.8514282703399658
rosenbrock,1.9287498479639178e-22,2,cholesky,5,score_function,8192,0.02,1000,1,rosenbrock,983,0.005168914794921875,-50.936500549316406,0.5943132042884827,0.0,4.233383655548096,0.23062455654144287,2.501771926879883,3.4072694778442383
rosenbrock,1.9287498479639178e-22,2,cholesky,5,score_function,8192,0.02,1000,1,rosenbrock,984,0.005327939987182617,-50.9266242980957,0.5989243388175964,0.0,4.173466682434082,0.16825419664382935,3.613649368286133,2.08111834526062
rosenbrock,1.9287498479639178e-22,2,cholesky,5,score_function,8192,0.02,1000,1,rosenbrock,985,0.004939079284667969,-50.95066833496094,0.779403805732727,0.0,5.304368019104004,0.41081997752189636,2.591168165206909,4.610140323638916
rosenbrock,1.9287498479639178e-22,2,cholesky,5,score_function,8192,0.02,1000,1,rosenbrock,986,0.005203962326049805,-50.92927932739258,0.6766240000724792,0.0,3.9906463623046875,0.3552078902721405,2.42722487449646,3.14764404296875
rosenbrock,1.9287498479639178e-22,2,cholesky,5,score_function,8192,0.02,1000,1,rosenbrock,987,0.004537105560302734,-50.93363952636719,0.620866060256958,0.0,2.684270143508911,0.31009384989738464,2.132519006729126,1.6004717350006104
rosenbrock,1.9287498479639178e-22,2,cholesky,5,score_function,8192,0.02,1000,1,rosenbrock,988,0.004744052886962891,-50.94540023803711,0.6525025367736816,0.0,5.52499532699585,0.15629930794239044,4.9520673751831055,2.445030689239502
rosenbrock,1.9287498479639178e-22,2,cholesky,5,score_function,8192,0.02,1000,1,rosenbrock,989,0.0046367645263671875,-50.93917465209961,0.7366886734962463,0.0,4.798621654510498,0.6857722401618958,3.4208531379699707,3.2945785522460938
rosenbrock,1.9287498479639178e-22,2,cholesky,5,score_function,8192,0.02,1000,1,rosenbrock,990,0.004715919494628906,-50.92987823486328,0.6024243235588074,0.0,3.4759738445281982,0.45781296491622925,3.0073060989379883,1.6819370985031128
rosenbrock,1.9287498479639178e-22,2,cholesky,5,score_function,8192,0.02,1000,1,rosenbrock,991,0.004567146301269531,-50.94776916503906,0.6987522840499878,0.0,4.571167945861816,0.364590048789978,3.7566611766815186,2.5787880420684814
rosenbrock,1.9287498479639178e-22,2,cholesky,5,score_function,8192,0.02,1000,1,rosenbrock,992,0.00481104850769043,-50.94252014160156,0.6344255208969116,0.0,6.947537899017334,0.4515026807785034,5.624246597290039,4.053674697875977
rosenbrock,1.9287498479639178e-22,2,cholesky,5,score_function,8192,0.02,1000,1,rosenbrock,993,0.005054950714111328,-50.94047546386719,0.7704837322235107,0.0,3.736104965209961,0.2115049958229065,3.4179368019104004,1.4938052892684937
rosenbrock,1.9287498479639178e-22,2,cholesky,5,score_function,8192,0.02,1000,1,rosenbrock,994,0.004469871520996094,-50.92917251586914,0.6212233901023865,0.0,2.97103214263916,0.29053694009780884,1.2737653255462646,2.6683595180511475
rosenbrock,1.9287498479639178e-22,2,cholesky,5,score_function,8192,0.02,1000,1,rosenbrock,995,0.005037069320678711,-50.94084167480469,0.7135416269302368,0.0,5.060804843902588,0.4978189766407013,4.079760551452637,2.9528770446777344
rosenbrock,1.9287498479639178e-22,2,cholesky,5,score_function,8192,0.02,1000,1,rosenbrock,996,0.004826784133911133,-50.93802261352539,0.5713479518890381,0.0,5.977300643920898,0.45807668566703796,4.88397741317749,3.4154136180877686
rosenbrock,1.9287498479639178e-22,2,cholesky,5,score_function,8192,0.02,1000,1,rosenbrock,997,0.004965305328369141,-50.93461990356445,0.6122428178787231,0.0,4.852229595184326,0.42779484391212463,2.886648654937744,3.876645803451538
rosenbrock,1.9287498479639178e-22,2,cholesky,5,score_function,8192,0.02,1000,1,rosenbrock,998,0.004858732223510742,-50.94633483886719,0.6961235404014587,0.0,5.070982456207275,0.2003997564315796,3.451378583908081,3.7098100185394287
rosenbrock,1.9287498479639178e-22,2,cholesky,5,score_function,8192,0.02,1000,1,rosenbrock,999,0.004856109619140625,-50.9381103515625,0.6966471076011658,0.0,5.966056823730469,0.33325687050819397,4.681425094604492,3.6833462715148926
