target,dim,chart,components,estimator,mc,lr,n_steps,seed,tag,step,elbo,elbo_std,elbo_se,elbo_n,kl,sigma_min,sigma_max,cond,logdet,alpha_max,sigma_min_i,sigma_max_i,cond_i,logdet_i,weights,weight_entropy,n_eff_components,weight_max,weight_min,wall_s,nfe,grad_norm,regime,path,nfe_mean,nfe_max
banana,,matrixexponential,5,ode_transport,1024,0.005,1000,1,banana|linear,0,-2.3857967557,1.3785745733,0.0097479943,20000,2.3857967557,0.5,0.5,1.0,-1.3862943649,0.3724696636,"[0.5, 0.5, 0.5, 0.5, 0.5]","[0.5, 0.5, 0.5, 0.5, 0.5]","[1.0, 1.0, 1.0, 1.0, 1.0]","[-1.3862943649, -1.3862943649, -1.3862943649, -1.3862943649, -1.3862943649]","[0.200000003, 0.200000003, 0.200000003, 0.200000003, 0.200000003]",1.6094379425,5.0000001504,0.200000003,0.200000003,0.10310411450000001,38.0,1.115912199,banana,linear,60.794,86
banana,,matrixexponential,5,ode_transport,1024,0.005,1000,1,banana|linear,10,-2.1626336269,1.3647586555,0.009650301,20000,2.1626336269,0.5000810027,0.5522743464000001,1.1043697788,-1.2865151882,0.3940942287,"[0.5001077652, 0.5102283955, 0.5025248528, 0.5006974339, 0.5000810027]","[0.5522600412, 0.5416703224, 0.5495341420000001, 0.5517444611, 0.5522743464000001]","[1.1042820761, 1.0616232402, 1.0935461978, 1.1019518449, 1.1043697788]","[-1.2866678238, -1.2859945297, -1.2867945433, -1.286423564, -1.2866954803]","[0.19196628030000001, 0.2120853066, 0.1920096576, 0.1918461025, 0.212092638]",1.6082277298,4.9939527467,0.212092638,0.1918461025,0.7701661587,38.0,1.051479578,banana,linear,60.794,86
banana,,matrixexponential,5,ode_transport,1024,0.005,1000,1,banana|linear,50,-1.2727921555,1.1695267681000001,0.0082698031,20000,1.2727921555,0.47698858380000003,0.8520570993000001,1.7727295476,-0.8983871341,0.481303215,"[0.48180463910000004, 0.49042907360000004, 0.48737838860000005, 0.47698858380000003, 0.4879568815]","[0.8365635872, 0.8520570993000001, 0.819544673, 0.8455717564, 0.8458307981000001]","[1.7363128523, 1.7373706928000001, 1.6815367527, 1.7727295476, 1.7334129924000001]","[-0.9086692929, -0.8725763559, -0.9177208543, -0.9080049992, -0.8849641681]","[0.1608791649, 0.2597752213, 0.1618421227, 0.156681329, 0.26082217690000004]",1.5797783136,4.853879653,0.26082217690000004,0.156681329,4.3076839447,50.0,0.898468554,banana,linear,60.794,86
banana,,matrixexponential,5,ode_transport,1024,0.005,1000,1,banana|linear,100,-0.5532490164,0.9362533823,0.0066203112,20000,0.5532490164,0.4308261573,1.4386283159,3.1059992763,-0.5279150665,0.5798410773,"[0.4375770986, 0.4680563807, 0.4900528491, 0.4308261573, 0.4551260769]","[1.3326826096, 1.4386283159, 1.0437922478, 1.3381457329, 1.3546426296]","[3.0455949678, 3.0736218436, 2.1299585336, 3.1059992763, 2.9764118082]","[-0.5393084288000001, -0.3954764307, -0.6703816056, -0.5507657528000001, -0.48364311460000003]","[0.12948107720000002, 0.3218460977, 0.1232383326, 0.12210685010000001, 0.3033276498]",1.5062006712,4.5095648857,0.3218460977,0.12210685010000001,8.5582311153,50.0,0.4938594103,banana,linear,60.794,86
banana,,matrixexponential,5,ode_transport,1024,0.005,1000,1,banana|linear,250,-0.2080052514,0.5081924596,0.0035934633,20000,0.2080052514,0.42750203610000004,1.7876710892,4.1816668419,-0.3502023876,0.7894083261,"[0.4467886984, 0.5229711533, 0.6821764708, 0.45937335490000003, 0.42750203610000004]","[1.6078327894, 1.575873971, 0.8381170630000001, 1.4608641863, 1.7876710892]","[3.5986424792, 3.0133095509, 1.2285927454, 3.1801239028, 4.1816668419]","[-0.3307822943, -0.19341892, -0.5590643883, -0.3988638222, -0.268882513]","[0.0832909644, 0.4463610947, 0.0673997179, 0.0697031319, 0.3332450688]",1.3006945848,3.6718461908,0.4463610947,0.0673997179,22.2986559868,50.0,0.25316041710000003,banana,linear,60.794,86
banana,,matrixexponential,5,ode_transport,1024,0.005,1000,1,banana|linear,500,-0.1797470136,0.48747101670000004,0.0034469406,20000,0.1797470136,0.3982933462,1.8738650084000001,4.7047359098,-0.37339030500000003,0.8270601630000001,"[0.4554691017, 0.4767866731, 0.6866846681000001, 0.4834039509, 0.3982933462]","[1.6046962738000001, 1.6479341984, 0.8477880359000001, 1.2816851139, 1.8738650084000001]","[3.5231726322, 3.4563344394, 1.2346104046, 2.6513749245000002, 4.7047359098]","[-0.3134928644, -0.2411636114, -0.5410047174, -0.47872695330000004, -0.2925633788]","[0.0825813189, 0.43976181750000004, 0.0620238222, 0.0830067173, 0.33262628320000004]",1.3123939037,3.7150565634,0.43976181750000004,0.0620238222,49.0838601589,56.0,0.2227890193,banana,linear,60.794,86
banana,,matrixexponential,5,ode_transport,1024,0.005,1000,1,banana|linear,1000,-0.1091927872,0.3498824493,0.0024740425000000003,20000,0.1091927872,0.3700934052,2.0299756527,5.4850360042,-0.4201877654,0.7245965004,"[0.45230311160000003, 0.4052522779, 0.4731514156, 0.6536442041, 0.3700934052]","[1.4881576300000001, 1.9419374466000001, 1.0518044233, 0.9450525045, 2.0299756527]","[3.2901777413, 4.7919223475, 2.2229763849, 1.4458209811, 5.4850360042]","[-0.3958638608, -0.2395593524, -0.697832644, -0.48170691730000004, -0.2859760523]","[0.0660714582, 0.3410879672, 0.0893698037, 0.23877123, 0.2646995187]",1.4560301304,4.2888993163,0.3410879672,0.0660714582,106.7886118889,,,banana,linear,60.794,86
rosenbrock,,matrixexponential,5,ode_transport,1024,0.005,1000,1,rosenbrock_extreme|linear,0,-5.0216218587,9.3921985796,0.0664128731,20000,5.0216218587,0.5,0.5,1.0,-1.3862943649,0.3724696636,"[0.5, 0.5, 0.5, 0.5, 0.5]","[0.5, 0.5, 0.5, 0.5, 0.5]","[1.0, 1.0, 1.0, 1.0, 1.0]","[-1.3862943649, -1.3862943649, -1.3862943649, -1.3862943649, -1.3862943649]","[0.200000003, 0.200000003, 0.200000003, 0.200000003, 0.200000003]",1.6094379425,5.0000001504,0.200000003,0.200000003,0.020124197,38.0,6.9432053566,rosenbrock_extreme,linear,90.914,128
rosenbrock,,matrixexponential,5,ode_transport,1024,0.005,1000,1,rosenbrock_extreme|linear,10,-3.9013986882,6.6973296765,0.0473572723,20000,3.9013986882,0.45311790700000004,0.49993178250000003,1.1031810206,-1.485109663,0.36840114,"[0.45311790700000004, 0.45726114510000004, 0.4534755945, 0.45380330090000004, 0.45355677600000005]","[0.4998710752, 0.4950186908, 0.4993182719, 0.4988026023, 0.49993178250000003]","[1.1031810206, 1.082573265, 1.1010918292, 1.0991603661, 1.1022474118]","[-1.4850080013, -1.4856603146, -1.4853253365, -1.4856362343, -1.4839184284]","[0.2054460645, 0.1979400963, 0.20527431370000002, 0.20523236690000002, 0.1861070693]",1.608722806,4.9964257459,0.2054460645,0.1861070693,0.6627919674,50.0,6.2569870949,rosenbrock_extreme,linear,90.914,128
rosenbrock,,matrixexponential,5,ode_transport,1024,0.005,1000,1,rosenbrock_extreme|linear,50,-2.0517323015,2.1476934553,0.0151864861,20000,2.0517323015,0.3250483572,0.5018919706,1.5427368196,-1.8011864662000001,0.3763389885,"[0.3351313472, 0.40198749300000003, 0.3250483572, 0.36338007450000004, 0.3423189223]","[0.4922865629, 0.4080041647, 0.5014640689000001, 0.44552603360000004, 0.5018919706]","[1.468936186, 1.0149673106, 1.5427368196, 1.2260607141, 1.4661531629]","[-1.8019270897, -1.8078122139000001, -1.8140046597000001, -1.8208055496, -1.7613828182]","[0.2368007004, 0.155005306, 0.229692623, 0.2226468772, 0.1558544785]",1.5921372175,4.9142405139,0.2368007004,0.155005306,3.7834050655,50.0,1.5810021162,rosenbrock_extreme,linear,90.914,128
rosenbrock,,matrixexponential,5,ode_transport,1024,0.005,1000,1,rosenbrock_extreme|linear,100,-1.5976362595,1.1041563514,0.0078075644000000005,20000,1.5976362595,0.2309668511,0.5424996018,2.3488201845,-2.0193002701,0.430344671,"[0.2751410007, 0.3381857276, 0.2309668511, 0.3317183852, 0.2931838632]","[0.4841150641, 0.3886969686, 0.5424996018, 0.3815102577, 0.5064188838]","[1.7595162583000001, 1.1493594698, 2.3488201845, 1.1501028424, 1.7273081756]","[-2.0159041882, -2.0291152, -2.077049017, -2.0670864582, -1.907346487]","[0.2578861415, 0.12503436210000002, 0.2555654049, 0.214485839, 0.1470283121]",1.5702018738,4.807618628,0.2578861415,0.12503436210000002,8.6185908318,62.0,0.5727712512,rosenbrock_extreme,linear,90.914,128
rosenbrock,,matrixexponential,5,ode_transport,1024,0.005,1000,1,rosenbrock_extreme|linear,250,-1.2357407814,0.6859860005,0.0048506535000000005,20000,1.2357407814,0.1508481503,0.732997179,4.8591724711,-2.1868968725,0.5593570471,"[0.2133911997, 0.26407176260000004, 0.1508481503, 0.2715737522, 0.2411801815]","[0.5135843754, 0.38551509380000004, 0.732997179, 0.3677873909, 0.6000584364]","[2.4067739255, 1.4598876081, 4.8591724711, 1.3542818038, 2.488008893]","[-2.2109689713, -2.2847094536, -2.2020950317, -2.3037717342, -1.9329391718]","[0.20352698860000001, 0.09935776140000001, 0.3789367974, 0.16275447610000002, 0.15542392430000002]",1.5059607029,4.5084828629,0.3789367974,0.09935776140000001,25.9566881657,86.0,0.4420088232,rosenbrock_extreme,linear,90.914,128
rosenbrock,,matrixexponential,5,ode_transport,1024,0.005,1000,1,rosenbrock_extreme|linear,500,-1.042581056,0.5830146256000001,0.004122536,20000,1.042581056,0.1146006286,0.9650062919000001,8.4206020816,-2.2600670338,0.6552311182,"[0.1724330634, 0.22383475300000003, 0.1146006286, 0.2257570177, 0.2003082186]","[0.5784312487000001, 0.37717515230000004, 0.9650062919000001, 0.41475176810000003, 0.7081714869]","[3.3545263147, 1.6850607298, 8.4206020816, 1.8371600240000001, 3.5354090402000002]","[-2.3051817417000002, -2.4718928337, -2.2019226551, -2.3683710098, -1.9529669285]","[0.1796234697, 0.0933163464, 0.3974317908, 0.1724026799, 0.157225728]",1.4903907776,4.4388297753,0.3974317908,0.0933163464,59.7038948536,98.0,0.37454709410000003,rosenbrock_extreme,linear,90.914,128
rosenbrock,,matrixexponential,5,ode_transport,1024,0.005,1000,1,rosenbrock_extreme|linear,1000,-0.8491734101,0.5191975276,0.0036712809,20000,0.8491734101,0.0975745246,1.0601810217,10.862827328,-2.3323819637,0.8113966584000001,"[0.1109966114, 0.2438582927, 0.0975745246, 0.175907284, 0.1599040478]","[1.0601810217, 0.3125537634, 1.0599352121, 0.4989437163, 0.6618114114]","[9.5514719608, 1.281702418, 10.862827328, 2.8364016821, 4.1388033655]","[-2.1398158073, -2.5741467476, -2.2689311504, -2.4330601692, -2.2459559441]","[0.2151329964, 0.14477604630000002, 0.2885510325, 0.21667303140000002, 0.1348668337]",1.5705499649,4.8092924086,0.2885510325,0.1348668337,143.0061810017,,,rosenbrock_extreme,linear,90.914,128
hierarchical_mixture,,matrixexponential,5,ode_transport,1024,0.005,1000,1,hier_k5|linear,0,-59.9110074261,15.4251171211,0.1090720492,20000,59.9110074261,0.5,0.5,1.0,-1.3862943649,0.3724696636,"[0.5, 0.5, 0.5, 0.5, 0.5]","[0.5, 0.5, 0.5, 0.5, 0.5]","[1.0, 1.0, 1.0, 1.0, 1.0]","[-1.3862943649, -1.3862943649, -1.3862943649, -1.3862943649, -1.3862943649]","[0.200000003, 0.200000003, 0.200000003, 0.200000003, 0.200000003]",1.6094379425,5.0000001504,0.200000003,0.200000003,0.028741121300000002,38.0,11.0084323883,hier_k5,linear,92.636,128
hierarchical_mixture,,matrixexponential,5,ode_transport,1024,0.005,1000,1,hier_k5|linear,10,-57.5398905679,16.1787518764,0.1144010516,20000,57.5398905679,0.4997812808,0.552868247,1.1062203974,-1.2864091158,0.3929293454,"[0.5001903176, 0.5001612902, 0.5001519322, 0.4997812808, 0.5056270957]","[0.5523174405, 0.5524685383, 0.5523275137, 0.552868247, 0.5461675525]","[1.1042145780000001, 1.1045807605, 1.1043194639, 1.1062203974, 1.0801785686]","[-1.2863988876, -1.2861834764, -1.2864575386000001, -1.2862203121, -1.2867853642]","[0.1959158182, 0.1961434931, 0.19607135650000002, 0.1956947595, 0.21617454290000002]",1.6086359024,4.9959915575,0.21617454290000002,0.1956947595,0.7537779808,50.0,11.2303571701,hier_k5,linear,92.636,128
hierarchical_mixture,,matrixexponential,5,ode_transport,1024,0.005,1000,1,hier_k5|linear,50,-46.7186750967,18.9646594935,0.1341003933,20000,46.7186750967,0.4821306765,0.8488494158000001,1.7599124080000002,-0.8928240657000001,0.44663423300000005,"[0.48309069870000004, 0.4823248088, 0.4838301837, 0.4821306765, 0.4976882339]","[0.8427736163, 0.8488494158000001, 0.8444135785, 0.8484578133, 0.8305135965]","[1.7445453174, 1.7599124080000002, 1.7452684989, 1.7598088124, 1.6687426787]","[-0.8986077309, -0.8930110335, -0.895134151, -0.8938750029, -0.8834924102]","[0.17437943820000001, 0.1777324677, 0.17937877770000002, 0.17756895720000002, 0.2909403741]",1.585919857,4.8837816939,0.2909403741,0.17437943820000001,4.3577640057,50.0,12.2682561874,hier_k5,linear,92.636,128
hierarchical_mixture,,matrixexponential,5,ode_transport,1024,0.005,1000,1,hier_k5|linear,100,-32.1607987018,21.483634348,0.1519122353,20000,32.1607987018,0.43463841080000004,1.6630786657,3.7192388137,-0.41078298690000004,0.5467473865,"[0.43463841080000004, 0.4422825575, 0.4419946671, 0.4387318194, 0.4471556544]","[1.437987566, 1.500624299, 1.4411908388, 1.4874140024, 1.6630786657]","[3.3084686724, 3.3929086138, 3.2606520989, 3.3902578675, 3.7192388137]","[-0.4699961841, -0.40992510320000003, -0.45098769660000004, -0.4268279076, -0.2961780429]","[0.1310177445, 0.1706845611, 0.15681190790000002, 0.15866611900000002, 0.38281962280000004]",1.5182468891,4.5642165994,0.38281962280000004,0.1310177445,10.0572221279,74.0,11.5288362503,hier_k5,linear,92.636,128
hierarchical_mixture,,matrixexponential,5,ode_transport,1024,0.005,1000,1,hier_k5|linear,250,-16.9369439806,17.6528529787,0.12482452050000001,20000,16.9369439806,0.3654182851,3.0402100086,8.3198081003,0.1096420169,0.695133388,"[0.3654182851, 0.4472575486, 0.3789850175, 0.40264189240000003, 0.37671971320000003]","[3.0402100086, 2.8313117027, 2.4829530716, 2.9858150482, 2.8857226372]","[8.3198081003, 6.3303832697, 6.5515863601, 7.415559842, 7.6601317531]","[0.1052139997, 0.23611944910000002, -0.060809969900000004, 0.1841650605, 0.08352154490000001]","[0.0522381514, 0.3488757014, 0.14889521900000002, 0.1265438795, 0.3234470487]",1.4318249226,4.1863319568,0.3488757014,0.0522381514,30.0383379459,86.0,4.3565568924,hier_k5,linear,92.636,128
hierarchical_mixture,,matrixexponential,5,ode_transport,1024,0.005,1000,1,hier_k5|linear,500,-5.3633151549,6.951818953,0.049156783200000005,20000,5.3633151549,0.3276322782,3.1035330296,8.6962578729,-0.3051414847,0.9999575615,"[0.3568814397, 0.3545894325, 0.3738569617, 0.42428883910000004, 0.3276322782]","[3.1035330296, 0.7171972990000001, 1.9094475508, 2.8250005245, 2.7540314198]","[8.6962578729, 2.0226132911, 5.1074280975, 6.6582013576, 8.4058610917]","[0.1021895409, -1.3691990376, -0.3370680213, 0.1811677217, -0.10279762740000001]","[0.014413739600000001, 0.7770040035, 0.0727486312, 0.0325075202, 0.1033261791]",0.7937258482,2.2116212596000002,0.7770040035,0.014413739600000001,70.0186080933,98.0,2.3175480366,hier_k5,linear,92.636,128
hierarchical_mixture,,matrixexponential,5,ode_transport,1024,0.005,1000,1,hier_k5|linear,1000,-4.0525042225,3.4484750133,0.0243844007,20000,4.0525042225,0.258747071,2.9411263466,8.215593105,-0.45377185340000004,0.9999123812,"[0.35799318550000003, 0.258747071, 0.3751910329, 0.41688907150000004, 0.2993798554]","[2.9411263466, 0.6699239612, 1.9595941305, 2.6077828407, 2.3682332039]","[8.215593105, 2.5891074187, 5.2229236809, 6.2553398955, 7.9104627824]","[0.051551222800000004, -1.7524952888, -0.3075826168, 0.0835652947, -0.3438978791]","[0.0039173365, 0.9224153161, 0.0357303247, 0.008783459700000001, 0.0291535836]",0.3599016964,1.4331885201,0.9224153161,0.0039173365,161.1196489334,,,hier_k5,linear,92.636,128
hierarchical_mixture,,matrixexponential,50,ode_transport,1024,0.005,1000,1,hier_k50|linear,0,-57.5382222869,16.4572335563,0.1163702145,20000,57.5382222869,0.5,0.5,1.0,-1.3862943649,0.0633565113,"[0.5, 0.5, 0.5, 0.5, 0.5, 0.5, 0.5, 0.5, 0.5, 0.5, 0.5, 0.5, 0.5, 0.5, 0.5, 0.5, 0.5, 0.5, 0.5, 0.5, 0.5, 0.5, 0.5, 0.5, 0.5, 0.5, 0.5, 0.5, 0.5, 0.5, 0.5, 0.5, 0.5, 0.5, 0.5, 0.5, 0.5, 0.5, 0.5, 0.5, 0.5, 0.5, 0.5, 0.5, 0.5, 0.5, 0.5, 0.5, 0.5, 0.5]","[0.5, 0.5, 0.5, 0.5, 0.5, 0.5, 0.5, 0.5, 0.5, 0.5, 0.5, 0.5, 0.5, 0.5, 0.5, 0.5, 0.5, 0.5, 0.5, 0.5, 0.5, 0.5, 0.5, 0.5, 0.5, 0.5, 0.5, 0.5, 0.5, 0.5, 0.5, 0.5, 0.5, 0.5, 0.5, 0.5, 0.5, 0.5, 0.5, 0.5, 0.5, 0.5, 0.5, 0.5, 0.5, 0.5, 0.5, 0.5, 0.5, 0.5]","[1.0, 1.0, 1.0, 1.0, 1.0, 1.0, 1.0, 1.0, 1.0, 1.0, 1.0, 1.0, 1.0, 1.0, 1.0, 1.0, 1.0, 1.0, 1.0, 1.0, 1.0, 1.0, 1.0, 1.0, 1.0, 1.0, 1.0, 1.0, 1.0, 1.0, 1.0, 1.0, 1.0, 1.0, 1.0, 1.0, 1.0, 1.0, 1.0, 1.0, 1.0, 1.0, 1.0, 1.0, 1.0, 1.0, 1.0, 1.0, 1.0, 1.0]","[-1.3862943649, -1.3862943649, -1.3862943649, -1.3862943649, -1.3862943649, -1.3862943649, -1.3862943649, -1.3862943649, -1.3862943649, -1.3862943649, -1.3862943649, -1.3862943649, -1.3862943649, -1.3862943649, -1.3862943649, -1.3862943649, -1.3862943649, -1.3862943649, -1.3862943649, -1.3862943649, -1.3862943649, -1.3862943649, -1.3862943649, -1.3862943649, -1.3862943649, -1.3862943649, -1.3862943649, -1.3862943649, -1.3862943649, -1.3862943649, -1.3862943649, -1.3862943649, -1.3862943649, -1.3862943649, -1.3862943649, -1.3862943649, -1.3862943649, -1.3862943649, -1.3862943649, -1.3862943649, -1.3862943649, -1.3862943649, -1.3862943649, -1.3862943649, -1.3862943649, -1.3862943649, -1.3862943649, -1.3862943649, -1.3862943649, -1.3862943649]","[0.019999999600000002, 0.019999999600000002, 0.019999999600000002, 0.019999999600000002, 0.019999999600000002, 0.019999999600000002, 0.019999999600000002, 0.019999999600000002, 0.019999999600000002, 0.019999999600000002, 0.019999999600000002, 0.019999999600000002, 0.019999999600000002, 0.019999999600000002, 0.019999999600000002, 0.019999999600000002, 0.019999999600000002, 0.019999999600000002, 0.019999999600000002, 0.019999999600000002, 0.019999999600000002, 0.019999999600000002, 0.019999999600000002, 0.019999999600000002, 0.019999999600000002, 0.019999999600000002, 0.019999999600000002, 0.019999999600000002, 0.019999999600000002, 0.019999999600000002, 0.019999999600000002, 0.019999999600000002, 0.019999999600000002, 0.019999999600000002, 0.019999999600000002, 0.019999999600000002, 0.019999999600000002, 0.019999999600000002, 0.019999999600000002, 0.019999999600000002, 0.019999999600000002, 0.019999999600000002, 0.019999999600000002, 0.019999999600000002, 0.019999999600000002, 0.019999999600000002, 0.019999999600000002, 0.019999999600000002, 0.019999999600000002, 0.019999999600000002]",3.9120233059,50.0000150232,0.019999999600000002,0.019999999600000002,0.1506171227,50.0,3.6865677834,hier_k50,linear,77.894,110
hierarchical_mixture,,matrixexponential,50,ode_transport,1024,0.005,1000,1,hier_k50|linear,10,-54.8511406375,17.0168780089,0.1203274983,20000,54.8511406375,0.4701089859,0.5527492762,1.1065597087,-1.2922169352,0.0689365119,"[0.5003220439, 0.5026057363, 0.5000557899, 0.5230770111, 0.4998828173, 0.49597901110000003, 0.5000354648, 0.4998046458, 0.4998282194, 0.4997909963, 0.5000408292, 0.506478548, 0.5013279915000001, 0.49980688100000004, 0.4994343519, 0.5001596212, 0.5006023049, 0.49984624980000003, 0.5000903010000001, 0.49984568360000003, 0.49980822210000003, 0.49996125700000005, 0.4998618066, 0.4998941422, 0.4996198714, 0.4701089859, 0.5002401471, 0.5003452301, 0.5042358041, 0.4998796582, 0.4997910857, 0.5001228452, 0.49978175760000004, 0.4998446703, 0.4998646379, 0.49985221030000004, 0.5008720756, 0.5095425844, 0.5000606179, 0.4993392229, 0.4999336898, 0.4998685122, 0.4998054504, 0.4998325706, 0.4998123646, 0.49982401730000003, 0.5025854707, 0.5000902414, 0.4789568186, 0.4998311996]","[0.552126348, 0.5493593812, 0.5526975989, 0.5281289816, 0.5527492762, 0.54883039, 0.5524125099, 0.5526740551, 0.5526075363, 0.5525723696, 0.5526770353, 0.5453828573, 0.5509930849, 0.5525605679, 0.552203536, 0.5526227355000001, 0.5517881513, 0.5526637435, 0.5523206592000001, 0.5526639819, 0.5525729656, 0.5525975823, 0.5526296496, 0.5525786877000001, 0.5524314642, 0.4921716452, 0.5521737337, 0.5520896316, 0.5477206111, 0.5526469946, 0.5526963472, 0.5526483655000001, 0.5527133942, 0.5526409149, 0.5526417494, 0.5526899695, 0.5514659286, 0.5420151353, 0.5526729822, 0.5514338017, 0.5526175499, 0.5526511073, 0.5526736379, 0.5525827408, 0.5527039766, 0.552685678, 0.5496336222, 0.5521785617, 0.5274825096, 0.5525839329000001]","[1.1035419182, 1.0930225057, 1.1052718717, 1.0096581772, 1.1057577037, 1.1065597087, 1.1047466607, 1.1057801478, 1.1055949121, 1.105606891, 1.1052638166, 1.0768133407, 1.0990670664, 1.1055481405, 1.1056578986, 1.1048927423, 1.1022485231, 1.1056674801, 1.1044418538, 1.1056692097, 1.1055699791, 1.1052808085, 1.1055648627, 1.105391404, 1.1057035475, 1.0469309456, 1.1038173103, 1.1034173973, 1.0862390308, 1.1055600793, 1.1058547522, 1.105025237, 1.105909501, 1.1056253027, 1.1055828069, 1.1057067633, 1.1010115266, 1.0637288263, 1.1052119731, 1.1043270313, 1.1053816959, 1.1055929587, 1.1057775328, 1.10553568, 1.1058229364, 1.1057605455, 1.0936122396, 1.1041578418, 1.1013153778, 1.1055410972]","[-1.2864816189, -1.2869516611, -1.285979867, -1.2864413261, -1.286232233, -1.3011875153, -1.2865364552, -1.2865247726, -1.2865979671, -1.2867361307, -1.2860469818, -1.2865405083, -1.2865277529, -1.2867257595000001, -1.2881176472, -1.2859077454, -1.2865343094, -1.2864602804, -1.2865930796, -1.2864608765, -1.2867006063, -1.2863498926, -1.2864909172, -1.2865183353, -1.2873337269, -1.4637184143, -1.2865595818, -1.2865018845, -1.2867012024, -1.2864236832, -1.2865116596, -1.2859349251, -1.2864995003, -1.2865047455, -1.2864632607, -1.2864009142, -1.2865797281, -1.2867031097, -1.2860147953, -1.2897031307, -1.2863688469, -1.2864385843, -1.2865239382, -1.2866342068, -1.2864551544, -1.2864650488, -1.2864928246, -1.2868504524, -1.3757843971000001, -1.2866348028]","[0.0198948029, 0.0211676098, 0.0210775863, 0.020920984400000002, 0.021179577300000002, 0.0211945139, 0.019177367900000002, 0.019176790500000002, 0.0192643944, 0.019197024400000002, 0.0211443938, 0.0191890001, 0.0207933802, 0.0192009714, 0.021178944, 0.0211690366, 0.0191828366, 0.019171739, 0.019238822200000002, 0.019168475600000002, 0.0191946216, 0.0191886052, 0.0191716366, 0.019171603000000002, 0.021172557, 0.0211837608, 0.019173828900000002, 0.0191844516, 0.0207188744, 0.019166138000000003, 0.019175136500000002, 0.021176736800000002, 0.0191744268, 0.0191704761, 0.0191720892, 0.021195132300000002, 0.0203670338, 0.0192137901, 0.0208835658, 0.021193703600000002, 0.0191684049, 0.0191693176, 0.0191771667, 0.0211842153, 0.0191704519, 0.0191717166, 0.0199572053, 0.021178524900000002, 0.021184383, 0.0209022872]",3.9109699726000002,49.9473760713,0.021195132300000002,0.019166138000000003,4.2857480049,50.0,3.8175411224,hier_k50,linear,77.894,110
hierarchical_mixture,,matrixexponential,50,ode_transport,1024,0.005,1000,1,hier_k50|linear,50,-43.1591167113,18.1692043273,0.1284756759,20000,43.1591167113,0.37546864150000003,0.8653899431000001,1.7945500062,-0.9233047414000001,0.0992668867,"[0.47785568240000004, 0.48706626890000004, 0.4895326793, 0.5181981325, 0.48158571120000004, 0.4589906633, 0.48502072690000003, 0.4841225147, 0.4763430059, 0.48337411880000003, 0.4886155427, 0.6271111369, 0.480935663, 0.4850755036, 0.48639839890000003, 0.4911079705, 0.4882492423, 0.4809768796, 0.47541797160000004, 0.4817543924, 0.4849777818, 0.4845205843, 0.48440393810000004, 0.4840917289, 0.48463279010000004, 0.37546864150000003, 0.4826425314, 0.4850709736, 0.4875331819, 0.4834471643, 0.4836526215, 0.4917883873, 0.48285561800000004, 0.48313954470000003, 0.4856814742, 0.4829091728, 0.4788780808, 0.4849451482, 0.48691585660000003, 0.4797405005, 0.4852057993, 0.4831861556, 0.48356416820000003, 0.4887148738, 0.4829897583, 0.48382776980000003, 0.48563915490000004, 0.4855301976, 0.3959654272, 0.4879694879]","[0.8552971482, 0.8613044620000001, 0.8510271311000001, 0.7952220440000001, 0.8587667942, 0.8088112473, 0.8378651142, 0.8398704529000001, 0.8449892998, 0.8424555659, 0.8541662097, 0.6446312666, 0.8630630970000001, 0.8380873799, 0.8622730970000001, 0.8513472676, 0.8316506743000001, 0.8458893299, 0.8465671539, 0.8458001614, 0.8382241130000001, 0.8376159668000001, 0.838973999, 0.8379172683, 0.8653899431000001, 0.43545147780000004, 0.8370515704, 0.8340214491, 0.8457183242, 0.8398097754, 0.8420750499, 0.8498168588, 0.8427747488, 0.8400433064, 0.839674294, 0.8511748314, 0.8572917581, 0.8376941085, 0.8526890278, 0.8192707896, 0.8358172774, 0.8400164247, 0.8404110074000001, 0.8542694449, 0.843043983, 0.8437353969, 0.8315930963, 0.8627915978, 0.6357638240000001, 0.8541068435]","[1.7898649734, 1.7683516945, 1.7384480486, 1.5345907175, 1.783206549, 1.7621518520000001, 1.7274831109, 1.7348303938, 1.7739093244, 1.7428644463, 1.7481355691, 1.0279378385, 1.7945500062, 1.7277462451, 1.7727712489, 1.7335236217, 1.7033322375, 1.7586902111, 1.7806797481, 1.7556667354, 1.7283763184, 1.7287520775, 1.7319718795, 1.7309059796, 1.7856611456, 1.159754583, 1.7343095893, 1.7193802442000001, 1.7346887465, 1.7371283511, 1.7410740942, 1.728013269, 1.7453970035, 1.7387177587, 1.7288579832, 1.7625981849, 1.7902088075, 1.7273997101, 1.7512040658, 1.707737389, 1.7226036428, 1.7384943981, 1.7379513675, 1.7479914992, 1.7454696887, 1.7438755061, 1.7123683044, 1.7770091378000001, 1.6056043795000001, 1.7503283804]","[-0.8947528601, -0.8686623573000001, -0.8756152987, -0.8865315318, -0.8829289079, -0.9909150600000001, -0.9004617929000001, -0.8999248743, -0.9100483656, -0.8983986974, -0.8738088012, -0.9057083130000001, -0.8792892098, -0.9000836611, -0.8689104915, -0.8720264435, -0.9012720585, -0.8993028402000001, -0.9101266861, -0.8977930546, -0.9001219273000001, -0.9017909169, -0.9004116654000001, -0.9023167491, -0.8689388633, -1.8109521866, -0.9063486457000001, -0.9049562216, -0.8859658241, -0.9013931155, -0.8982744813, -0.8724411726, -0.8990931511, -0.9017516375, -0.8969435096, -0.8890644312, -0.8902862072000001, -0.9008217454, -0.8790243268, -0.9338505268, -0.9025273919000001, -0.9016871452, -0.9004354477000001, -0.8734846711, -0.8984959722, -0.8959426284, -0.906701386, -0.8700959086000001, -1.3793565035, -0.8752014041]","[0.0203892961, 0.0265580062, 0.0253234562, 0.0220033731, 0.026471719100000003, 0.026680359600000002, 0.0160486214, 0.016142448400000002, 0.0166402329, 0.016199214400000002, 0.0254903156, 0.0159625039, 0.0226679668, 0.0163258556, 0.026760298800000002, 0.0266213324, 0.015991766, 0.0161177255, 0.0164194237, 0.016090903400000002, 0.0162779298, 0.0160782896, 0.0160188414, 0.0160205774, 0.0267311372, 0.0266421363, 0.015962399500000002, 0.01601406, 0.0173831861, 0.0161586273, 0.0161146466, 0.0266371034, 0.0160937253, 0.016073273500000002, 0.0160406865, 0.0266828798, 0.0189380161, 0.0162080806, 0.0232201293, 0.0266935471, 0.016199084000000002, 0.0161666926, 0.0161365233, 0.026871975500000003, 0.0160452649, 0.0160415899, 0.0166690294, 0.0265292339, 0.0266056657, 0.025840751800000002]",3.8850297928,48.6683924049,0.026871975500000003,0.015962399500000002,18.4756340981,50.0,4.1317253113,hier_k50,linear,77.894,110
hierarchical_mixture,,matrixexponential,50,ode_transport,1024,0.005,1000,1,hier_k50|linear,100,-27.114403637,17.8440757781,0.1261766699,20000,27.114403637,0.3044320941,1.7542741299,3.806759571,-0.4845768636,0.1400184929,"[0.43133309480000004, 0.46083134410000004, 0.4693372846, 0.4577577412, 0.4446482062, 0.4126086533, 0.4306746125, 0.4386171401, 0.4278918505, 0.43509036300000004, 0.46936881540000003, 0.5141096711, 0.4428046048, 0.4400823414, 0.4646506906, 0.4741849601, 0.4287718236, 0.43322199580000004, 0.42452150580000003, 0.4332220256, 0.439866513, 0.4503774345, 0.437684983, 0.4349103272, 0.45864236350000004, 0.3044320941, 0.4328203201, 0.4289214611, 0.421952188, 0.4418106377, 0.4369565248, 0.4788073599, 0.43558126690000004, 0.43756002190000004, 0.44252008200000004, 0.4517123997, 0.43625047800000005, 0.4312214851, 0.4561291933, 0.4565854073, 0.4498713315, 0.4412035346, 0.4373835921, 0.45092311500000004, 0.43870413300000005, 0.43796813490000003, 0.4271922708, 0.4402010441, 0.31083559990000004, 0.44866544010000003]","[1.4610519409, 1.7542741299, 1.5896337032, 1.5019404888, 1.5608940125, 1.3650366068, 1.454803586, 1.3970218897, 1.3866355419, 1.4085611105, 1.6061165333, 1.1369216442, 1.6520985365, 1.3884638548000001, 1.6618025303, 1.6291774511000001, 1.4617627859, 1.4523223639, 1.3941614628, 1.458053112, 1.3887565136, 1.413043499, 1.4014763832000001, 1.4040424824, 1.6731323004, 0.3265536129, 1.4162276983, 1.4375013113, 1.4975032806, 1.4298403263, 1.4071371555, 1.6162904501, 1.4108930826000001, 1.406755209, 1.4172811508, 1.5264725685, 1.5492169857, 1.4902502298, 1.5607331991, 1.437052846, 1.4076658487, 1.4277014732, 1.40052104, 1.5787224770000001, 1.4081705809, 1.414731741, 1.4295538664, 1.6242252588000001, 0.7166771889, 1.5807570219]","[3.3872938534, 3.806759571, 3.3869751147000002, 3.2810815713, 3.5104021349, 3.308308238, 3.3779645786, 3.185059958, 3.2406215271, 3.2373990099, 3.4218645988, 2.2114379637, 3.7309877059, 3.1550092427, 3.5764555268000002, 3.4357425649, 3.4091857377, 3.352374482, 3.2840773521, 3.3656024527, 3.1572226403, 3.1374651365, 3.2020207172, 3.2283493736, 3.6480108105, 1.072664871, 3.272091518, 3.3514324688, 3.5489880683, 3.2363193736, 3.2203138654, 3.3756591593, 3.2391041349, 3.2149994027, 3.2027499055, 3.3793018953, 3.5512098295, 3.4558812146, 3.4216910955, 3.1473910973, 3.1290410175, 3.2359248312, 3.2020429325, 3.5010901513, 3.2098411545, 3.2302161465, 3.3463945025, 3.689735135, 2.3056470659, 3.5232422217]","[-0.46171799300000005, -0.2126680017, -0.2929299772, -0.3746572435, -0.3652130961, -0.5740744472, -0.4675315619, -0.4897856414, -0.5220044851, -0.48963284490000003, -0.2825472653, -0.5369943380000001, -0.3125803471, -0.49259546400000004, -0.2585664988, -0.2580825686, -0.46718728540000004, -0.4633410871, -0.5244995356000001, -0.45940288900000004, -0.4928752482, -0.4519234002, -0.4887296259, -0.493259877, -0.2647870183, -2.3084683418, -0.4894358218, -0.4835750461, -0.45906400680000004, -0.45931112770000004, -0.48636430500000005, -0.2563232481, -0.4868509769, -0.4852555692, -0.46652907130000004, -0.3717499971, -0.3917890787, -0.4421893656, -0.3398234546, -0.4213850796, -0.4568607807, -0.4621832073, -0.49010038380000004, -0.3398424685, -0.4816386104, -0.4786692262, -0.4931586683, -0.3354927897, -1.5016208887, -0.3435739279]","[0.0166851431, 0.0340421386, 0.0295584891, 0.018077502000000002, 0.0328697264, 0.0336891301, 0.0120400498, 0.0126637751, 0.0124077098, 0.0126128392, 0.0296802092, 0.0118235005, 0.0272291563, 0.0127360197, 0.034929011, 0.033908277800000004, 0.01172515, 0.012720529900000001, 0.0122704627, 0.0126521839, 0.012705097, 0.0120610176, 0.0121528078, 0.0120806769, 0.0353582054, 0.033525362600000004, 0.0114624705, 0.0117473947, 0.0130047388, 0.012511769300000001, 0.0126506863, 0.034015674100000004, 0.0125999926, 0.0123072313, 0.012239221500000001, 0.033673510000000004, 0.0166963283, 0.012504871, 0.0211971886, 0.033879052800000004, 0.012337779600000001, 0.0126222754, 0.0126428055, 0.037215188100000005, 0.0123526771, 0.0125389099, 0.011443801200000001, 0.036673788, 0.0333300568, 0.036148414000000004]",3.795664072,44.507782968,0.037215188100000005,0.011443801200000001,38.8280949593,50.0,3.817204237,hier_k50,linear,77.894,110
hierarchical_mixture,,matrixexponential,50,ode_transport,1024,0.005,1000,1,hier_k50|linear,250,-11.1486598517,14.0166917241,0.09911297770000001,20000,11.1486598517,0.2094556987,3.1190650463,9.1699348865,-0.1055635142,0.2704613507,"[0.37752082940000004, 0.3789415658, 0.4810546637, 0.4024226367, 0.3701143861, 0.2559919953, 0.3456982672, 0.35952919720000004, 0.3656873107, 0.36104473470000004, 0.4838050902, 0.35772964360000004, 0.39071843030000003, 0.36865386370000003, 0.4020164013, 0.4750128388, 0.35037645700000003, 0.375389576, 0.36023619770000004, 0.3728611767, 0.36742532250000004, 0.4166146517, 0.375543505, 0.3743606806, 0.39876315, 0.2094556987, 0.36150965090000003, 0.3365773261, 0.33754462, 0.3901529312, 0.3571179807, 0.482029289, 0.35387182240000004, 0.3719592094, 0.3523161113, 0.3243457377, 0.3953166604, 0.38061571120000004, 0.4369312823, 0.2777596116, 0.4082484543, 0.38894763590000003, 0.3581984937, 0.3478180766, 0.3722396791, 0.3560092151, 0.3608331978, 0.34187069540000004, 0.211734578, 0.34729525450000004]","[2.4626457691, 2.7430291176, 2.8827526569, 2.9589653015, 2.2231523991, 1.9586681128, 3.0638306141, 2.5277154446, 2.4730935097, 2.4410746098, 2.8533830643, 2.4361746311, 2.7988259792, 2.4369001389, 2.656109333, 2.818898201, 3.0095300674, 3.0891644955, 2.4846127033, 3.0925192833, 2.4454591274, 2.987254858, 3.0340685844, 3.0276226997, 2.6750407219, 0.2259530127, 3.1190650463, 3.0863921642, 2.4560651779000002, 3.0680906773, 2.5115060806, 2.792270422, 2.5630044937, 3.1145069599, 3.0998291969, 1.9954305887000001, 2.9474127293, 3.000112772, 3.0126109123, 1.9063631296, 3.0184249878, 3.0699081421, 2.5462431908, 2.0995790958, 3.0994298458, 2.5284943581, 3.0806591511, 2.1326844692, 0.5233507156, 2.1173596382]","[6.5232050183, 7.238659903, 5.9925677365, 7.3528798614, 6.0066630281, 7.6512865576, 8.8627306082, 7.0306263417, 6.7628638931000005, 6.7611416953, 5.8977946329, 6.8100999591, 7.1632811824000004, 6.6102661033, 6.6069675877, 5.9343621277, 8.5894186311, 8.2292229015, 6.8971766833, 8.2940232888, 6.6556630081, 7.1703067714, 8.0791400848, 8.0874484335, 6.7083448459, 1.0787627841, 8.6278887387, 9.1699348865, 7.2762681794, 7.8638155241, 7.0327068818, 5.7927401626, 7.2427481698, 8.3732486812, 8.7984315712, 6.1521714541, 7.4558272506, 7.8822620391000005, 6.8949307007, 6.8633561179, 7.3935980792, 7.8928571839, 7.108469844, 6.036428918, 8.3264359493, 7.1023283969, 8.5376267195, 6.2382780923, 2.4717300336, 6.0967134188]","[-0.0728932619, 0.0386896133, 0.3269712329, 0.1745873094, -0.1950169802, -0.6903444529, 0.0574769974, -0.0956440568, -0.1005069017, -0.1263150573, 0.3224321604, -0.1375486851, 0.0894320011, -0.1071702838, 0.065599978, 0.2919326425, 0.0530369282, 0.1481097937, -0.1108785868, 0.1424370408, -0.1070022583, 0.2187612653, 0.13052356240000001, 0.12524217370000001, 0.0645769835, -3.0506711006, 0.12006676200000001, 0.0380754471, -0.1874970198, 0.17983901500000002, -0.10880649090000001, 0.29710459710000003, -0.09764027600000001, 0.147099793, 0.0881205797, -0.4350853562, 0.1528595686, 0.1326848269, 0.2748278379, -0.635801971, 0.20885580780000002, 0.1773370504, -0.09204894300000001, -0.3143388033, 0.1430008411, -0.1051746607, 0.10580408570000001, -0.31594115500000003, -2.1999251842, -0.30741012100000004]","[0.0064772973000000005, 0.0449732281, 0.0218710434, 0.0095728915, 0.028675010400000003, 0.0490429215, 0.0054034241, 0.0067075826, 0.0050274916000000005, 0.0054521454, 0.0244710539, 0.0060482793, 0.0337037407, 0.005406857, 0.0485170111, 0.0371159054, 0.0049292659, 0.0070422855, 0.0051108263, 0.0070457868, 0.0055705011, 0.005342986, 0.0056873239, 0.0054976735, 0.0506174117, 0.053263530100000005, 0.0047597587, 0.0051187295, 0.005959321300000001, 0.006227788000000001, 0.0067400383, 0.0386047624, 0.0070301332, 0.0059055765, 0.0058869384000000005, 0.042544603300000004, 0.0089936303, 0.0059345705, 0.007923495000000001, 0.0478035845, 0.0056367610000000005, 0.0064807083000000005, 0.0067548966, 0.0759592727, 0.006061228, 0.0071449438, 0.00440063, 0.07381514460000001, 0.0481038466, 0.0776361898]",3.4234595299,30.6753539694,0.0776361898,0.00440063,116.6184029579,74.0,1.9603857994,hier_k50,linear,77.894,110
hierarchical_mixture,,matrixexponential,50,ode_transport,1024,0.005,1000,1,hier_k50|linear,500,-5.6929983663,8.3536842727,0.05906946800000001,20000,5.6929983663,0.2173436433,2.9901304245,8.856634608,-0.23238727210000001,0.38312813640000004,"[0.3496661782, 0.3394958079, 0.4423864782, 0.3813057244, 0.302963078, 0.23888818920000002, 0.3514899611, 0.33534693720000003, 0.3438291848, 0.33678367730000003, 0.4292213321, 0.3318545818, 0.3596524894, 0.34353691340000003, 0.36426678300000004, 0.3691009283, 0.3679827154, 0.38518548010000003, 0.3391897082, 0.3816417754, 0.3420353532, 0.4284189939, 0.39998352530000003, 0.4032429457, 0.3629366755, 0.2173436433, 0.3611322939, 0.3300605714, 0.3167770207, 0.39661079650000003, 0.3327525556, 0.366378814, 0.3330892026, 0.3810066581, 0.3490498066, 0.2706229985, 0.37508210540000003, 0.3661907613, 0.44325250390000004, 0.2522629797, 0.4169185758, 0.3963755071, 0.33505401020000003, 0.3141574264, 0.3782801926, 0.3344981372, 0.37133306260000004, 0.38077571990000003, 0.2215762883, 0.3360289037]","[2.3447105885, 2.4133043289, 2.4753146172, 2.76962924, 2.0028800964, 1.9902157784, 2.8381016254, 2.2830684185, 2.416921854, 2.3044450283, 2.3529672623, 2.2916204929, 2.4512789249, 2.3138175011, 2.1691756248, 2.0616953373, 2.7493829727, 2.8405182362, 2.4158039093, 2.8224115372, 2.3096575737, 2.8397548199, 2.8289690018, 2.8345034122, 2.1901364326, 0.2292413116, 2.9901304245, 2.9232258797, 2.2703390121, 2.8628759384, 2.2661952972, 1.9494998455, 2.2563996315, 2.9776408672, 2.8989317417000002, 1.9733598232, 2.7301838398, 2.8163027763, 2.8041229248, 1.9150216579000001, 2.8635518551, 2.8628177643, 2.2865741253, 1.9635229111, 2.9667830467, 2.2171266079, 2.9421856403, 1.8508002758, 0.6556463838000001, 1.9509513378]","[6.7055687237, 7.108495224, 5.5953668098, 7.2635396296, 6.6109709127, 8.3311602179, 8.0744884326, 6.8080789337, 7.0294261252, 6.8425080648, 5.481943898, 6.9054960166, 6.8156873566, 6.7352805793, 5.9549092206, 5.5857224385, 7.4715003121, 7.3744166974, 7.122279511, 7.3954470378, 6.7526866805, 6.6284521928, 7.0727138069, 7.0292696814, 6.0344864, 1.0547412754, 8.2798754769, 8.856634608, 7.1669940174, 7.2183509981, 6.8104519681, 5.3209950224, 6.7741602358, 7.8151937876, 8.3052094198, 7.2919147092, 7.2788965416, 7.690807835, 6.3262427179, 7.5913701641, 6.8683719593, 7.2224890612, 6.8244941293, 6.2501241299, 7.8428189069, 6.6282181008, 7.9233064229, 4.860604758, 2.9590096877, 5.80590335]","[-0.1986143589, -0.1992967725, 0.09079611300000001, 0.054559648, -0.49955815080000004, -0.7435166240000001, -0.0024386644000000002, -0.26706928010000003, -0.1851155162, -0.2534745336, 0.0098946095, -0.2737992406, -0.1260070801, -0.22956192490000002, -0.2355215549, -0.2731565237, 0.0116571784, 0.0899562836, -0.19916361570000002, 0.07431882620000001, -0.23574191330000002, 0.1960641146, 0.1235803962, 0.1336507201, -0.22956305740000002, -2.9992556572, 0.0768060684, -0.035791397100000004, -0.3296279311, 0.1270268559, -0.2822537422, -0.3365145922, -0.2855744958, 0.12619292740000002, 0.0118016005, -0.6272909641000001, 0.023758590200000002, 0.0308240652, 0.2174751759, -0.7275542617, 0.17719841, 0.1264130473, -0.2664088607, -0.48312085870000004, 0.11535805460000001, -0.2989119887, 0.0884968042, -0.3499266505, -1.9291219711, -0.42224091290000004]","[0.0025775176000000003, 0.0257412363, 0.0058250278, 0.0041971621, 0.0157091413, 0.0378498286, 0.0020115878000000003, 0.0030236414000000002, 0.0020188026, 0.0019314375, 0.0071454318, 0.0028340938, 0.018166875500000002, 0.0019066122, 0.0302388091, 0.0144690583, 0.0017800864, 0.002574383, 0.0020774833, 0.0025762361, 0.0020157332, 0.0016452625000000002, 0.0021530166, 0.0020260527, 0.0312331822, 0.1327637434, 0.0016216678, 0.0018212950000000001, 0.0021253028, 0.0020279181, 0.0030412804, 0.0160749573, 0.0034533665, 0.0022679507, 0.0023463464, 0.0301291067, 0.0040729558, 0.0026412716, 0.001840414, 0.037186306, 0.0017512058, 0.0021874807, 0.0030892671, 0.1396718323, 0.0024043019, 0.0036538469, 0.0014369612000000001, 0.11787821350000001, 0.11489908400000001, 0.145886302]",2.7900469303,16.2817838931,0.145886302,0.0014369612000000001,270.5244672298,74.0,1.1168781519,hier_k50,linear,77.894,110
hierarchical_mixture,,matrixexponential,50,ode_transport,1024,0.005,1000,1,hier_k50|linear,1000,-3.4678547356,5.0765685845,0.0358967607,20000,3.4678547356,0.23787070810000002,2.8967630863,8.4780279784,-0.3710285401,0.9664653540000001,"[0.3195775151, 0.3239206076, 0.3786131144, 0.352457732, 0.265805006, 0.23787070810000002, 0.35384449360000003, 0.3109587133, 0.3229352534, 0.31646370890000003, 0.3612196445, 0.3011570871, 0.3357775509, 0.3214595616, 0.3387726247, 0.3037213683, 0.37464842200000004, 0.38075459, 0.3185594976, 0.3769607246, 0.3195296526, 0.42902529240000004, 0.431348443, 0.43083333970000004, 0.3399526775, 0.242644608, 0.3642197549, 0.3305369616, 0.3027905226, 0.4019126296, 0.30913829800000003, 0.3045834005, 0.3108231127, 0.3975939751, 0.35911270980000004, 0.2529084384, 0.3490910828, 0.3475326002, 0.43657764790000003, 0.2699037194, 0.4230742753, 0.4011207819, 0.3108880818, 0.2892146707, 0.4000664949, 0.3113993108, 0.3751779199, 0.2649471462, 0.2416923642, 0.3804287314]","[2.1577119827, 2.1661472321, 2.268150568, 2.6369948387, 1.9811960459, 2.0166745186, 2.5778574944, 2.0474119186, 2.2678513527, 2.1481595039, 2.0772531033, 2.0410861969, 2.240811348, 2.1597731113, 1.4960843325, 1.1934434175, 2.3926372528, 2.6291544437, 2.2565374374, 2.572265625, 2.1473681927, 2.7120699883, 2.6102395058, 2.6444487572, 1.5144020319, 0.2472053766, 2.8967630863, 2.7861130238, 2.1110603809, 2.7125105858, 2.0400328636, 0.9017104506, 1.9801744223, 2.8223106861000002, 2.6658084393, 2.0004663467, 2.5991463661, 2.6930019855, 2.7139256001, 1.9558650255, 2.7408661842, 2.7027664185, 2.0365018845, 1.8736413717, 2.7819561958, 1.9865639210000001, 2.8696844578, 1.7281138897000001, 0.6814819574000001, 1.8589302301000001]","[6.7517640654, 6.6872782449, 5.9906814688, 7.4817335515, 7.4535693495, 8.4780279784, 7.2852836225, 6.5841921487, 7.0226193299, 6.7880121596, 5.750664823, 6.7774802069, 6.6734995884, 6.7186463538, 4.4161901619, 3.9294022155, 6.3863534778, 6.9051155588, 7.0835666633, 6.8236966272, 6.7204034907, 6.3214687719, 6.0513479252, 6.1379854193, 4.4547436516, 1.0187960847, 7.9533387387, 8.4290513552, 6.9720160426, 6.7490055947, 6.599094569, 2.9604714151000002, 6.3707438128, 7.0984744817, 7.423319662, 7.909844207, 7.4454676561, 7.748919049, 6.2163640602, 7.2465286128, 6.4784515262, 6.7380363731, 6.5505949046, 6.4783759671, 6.9537345191, 6.3794743659, 7.6488628617, 6.5224853886, 2.8196255171, 4.8864086135]","[-0.3717070222, -0.3543067575, -0.15227562190000002, -0.07318466900000001, -0.6412915587, -0.7345781326, -0.09193915130000001, -0.45151859520000004, -0.3114705682, -0.38593524690000003, -0.2872226834, -0.4866411686, -0.28446841240000004, -0.36488032340000004, -0.6795748472, -1.0148017406, -0.1093710065, 0.0010620356, -0.3301145434, -0.0308271646, -0.3766621351, 0.1514728069, 0.1186028719, 0.1304287314, -0.6639281511, -2.8136932850000003, 0.053596139, -0.0823893547, -0.4475237131, 0.0863540769, -0.4610006213, -1.2922722101, -0.48534637690000004, 0.1152319908, -0.0436116457, -0.6813473701, -0.0972393155, -0.06624025110000001, 0.1696071029, -0.6388574243, 0.14806646110000002, 0.0807831883, -0.4570887685, -0.6127022505, 0.1070298553, -0.4802727699, 0.07384717460000001, -0.7811943293, -1.8035750389, -0.3464552164]","[0.0010744742, 0.0084325653, 0.0021762846, 0.0015076889, 0.0077166273, 0.0189689714, 0.0007512959, 0.0013150987, 0.0008293045000000001, 0.000695872, 0.0027741026000000003, 0.0013522282, 0.0064743524, 0.0006828836, 0.0134821748, 0.0071637509, 0.0006674420000000001, 0.0010142161000000001, 0.0008631519, 0.0010165615, 0.0007348902, 0.0005747923000000001, 0.0008000967, 0.0007375031000000001, 0.013512778100000001, 0.3699429929, 0.0005481611000000001, 0.0006497765, 0.000776, 0.0007066935, 0.0013286789000000001, 0.0098278848, 0.0016199913, 0.0008387692, 0.0009190128, 0.0145558408, 0.0014980647000000001, 0.0009624340000000001, 0.0005862238, 0.0180575699, 0.0005946928, 0.0007834177, 0.0013566213, 0.062039751600000005, 0.0009283333, 0.001790081, 0.0004762238, 0.0587726161, 0.290258199, 0.0648629144]",2.0038585663,7.4176223386,0.3699429929,0.0004762238,631.1526880264,,,hier_k50,linear,77.894,110
banana,,matrixexponential,5,ode_transport,1024,0.005,1000,2,banana|linear,0,-2.1594598869,1.3832597038,0.0097811232,20000,2.1594598869,0.5,0.5,1.0,-1.3862943649,0.38885143400000005,"[0.5, 0.5, 0.5, 0.5, 0.5]","[0.5, 0.5, 0.5, 0.5, 0.5]","[1.0, 1.0, 1.0, 1.0, 1.0]","[-1.3862943649, -1.3862943649, -1.3862943649, -1.3862943649, -1.3862943649]","[0.200000003, 0.200000003, 0.200000003, 0.200000003, 0.200000003]",1.6094379425,5.0000001504,0.200000003,0.200000003,0.1027929783,50.0,1.0696531534,banana,linear,61.844,98
banana,,matrixexponential,5,ode_transport,1024,0.005,1000,2,banana|linear,10,-1.9252786715,1.3569651204,0.0095951924,20000,1.9252786715,0.49989575150000004,0.5526813269,1.1055180977,-1.2867441893,0.40504392980000004,"[0.5025811195000001, 0.49989575150000004, 0.4999296963, 0.5000721216, 0.49990141390000004]","[0.5492307544, 0.5525845289, 0.5526813269, 0.5520961881, 0.5524790287]","[1.0928201101, 1.1053995304, 1.1055180977, 1.1040331268, 1.1051759673]","[-1.2872347832, -1.2865045071, -1.2862615585, -1.2870359421, -1.2866841555]","[0.1919908375, 0.2121526897, 0.2119560838, 0.191969052, 0.1919313669]",1.6082345247,4.9939866804,0.2121526897,0.1919313669,0.9132080078,50.0,1.0311671495,banana,linear,61.844,98
banana,,matrixexponential,5,ode_transport,1024,0.005,1000,2,banana|linear,50,-1.098512507,1.1505949986,0.008135935300000001,20000,1.098512507,0.4896009564,0.8411003947,1.7099819045,-0.9099720716,0.455907017,"[0.6082519889, 0.4968590438, 0.49187678100000004, 0.4975688756, 0.4896009564]","[0.6447499394, 0.8347058892, 0.8411003947, 0.7867367268000001, 0.8195022941000001]","[1.0600046547, 1.6799651724, 1.7099819045, 1.5811614541, 1.6738167752]","[-0.9360587597000001, -0.8801247478, -0.8825712800000001, -0.9378829002, -0.9132226706000001]","[0.1661730856, 0.2652931213, 0.2417240739, 0.1646643579, 0.1621453166]",1.5855098963,4.8817799454,0.2652931213,0.1621453166,4.7446210384,50.0,0.8471052647,banana,linear,61.844,98
banana,,matrixexponential,5,ode_transport,1024,0.005,1000,2,banana|linear,100,-0.5062427018,0.8247713849,0.0058320144,20000,0.5062427018,0.46547997,1.3306816816,2.8008678937,-0.5725033462,0.5347252488,"[0.5371613503, 0.4765737057, 0.4750961959, 0.533205688, 0.46547997]","[1.0148662329, 1.2776238918, 1.3306816816, 0.8750245571, 1.2534481287]","[1.8893135785, 2.6808526711, 2.8008678937, 1.6410638086, 2.6928078748]","[-0.6066999435, -0.4961308837, -0.4585466087, -0.7623513341, -0.538787961]","[0.1560735852, 0.3365145326, 0.225593701, 0.1431562304, 0.1386619061]",1.5445379019,4.6858058246,0.3365145326,0.1386619061,8.6775898933,62.0,0.4516443908,banana,linear,61.844,98
banana,,matrixexponential,5,ode_transport,1024,0.005,1000,2,banana|linear,250,-0.19330190700000002,0.5461712627,0.0038620140000000004,20000,0.19330190700000002,0.4344574511,1.9263551235,4.3606775449,-0.3573940754,0.6370186210000001,"[0.4417559206, 0.4344574511, 0.4762023389, 0.6574716568, 0.4649278522]","[1.9263551235, 1.6127684116, 1.4593559504, 0.8386757970000001, 1.5764534473]","[4.3606775449, 3.7121435195, 3.0645711519, 1.2756075312, 3.3907485646]","[-0.161368072, -0.3557050526, -0.36391720180000003, -0.5952847004, -0.3106953502]","[0.2819919884, 0.3584603965, 0.1168113872, 0.1339433491, 0.10879280420000001]",1.4861493111,4.4200424984,0.3584603965,0.10879280420000001,22.3453159332,50.0,0.2028355896,banana,linear,61.844,98
banana,,matrixexponential,5,ode_transport,1024,0.005,1000,2,banana|linear,500,-0.1585297454,0.4257264177,0.0030103404,20000,0.1585297454,0.3862544894,2.0407745838,5.2834973824,-0.3600092232,0.6778066754000001,"[0.3862544894, 0.41208896040000004, 0.47515314820000004, 0.6314581037, 0.4730278552]","[2.0407745838, 1.6948639154, 1.2870935202, 0.9671742916, 1.6993224621]","[5.2834973824, 4.1128593053, 2.7087972059, 1.5316523551, 3.5924363514]","[-0.23792940380000002, -0.35891360040000003, -0.4917314947, -0.4931002259, -0.2183713913]","[0.3085303605, 0.3156258464, 0.10612227020000001, 0.17316164080000002, 0.0965598226]",1.4942018986,4.4557789698,0.3156258464,0.0965598226,49.9482219219,62.0,0.073975943,banana,linear,61.844,98
banana,,matrixexponential,5,ode_transport,1024,0.005,1000,2,banana|linear,1000,-0.09510329070000001,0.3320584693,0.002348008,20000,0.09510329070000001,0.3497680128,2.2035953999,6.3001627349,-0.4049226224,0.7161616683,"[0.3497680128, 0.3681816459, 0.5042454004, 0.6024437547, 0.3795394599]","[2.2035953999, 1.845443368, 1.0034745932, 1.071305275, 2.0342853069]","[6.3001627349, 5.0123176662, 1.9900520507000001, 1.7782660483000001, 5.3598782778]","[-0.2603948116, -0.38645935060000003, -0.6812236309, -0.43788316850000003, -0.2586521506]","[0.2399365306, 0.2415153086, 0.12532509860000002, 0.30510905390000004, 0.08811397110000001]",1.5221424103,4.582031278,0.30510905390000004,0.08811397110000001,108.1987698078,,,banana,linear,61.844,98
rosenbrock,,matrixexponential,5,ode_transport,1024,0.005,1000,2,rosenbrock_extreme|linear,0,-5.74546387,10.3842929275,0.0734280395,20000,5.74546387,0.5,0.5,1.0,-1.3862943649,0.38885143400000005,"[0.5, 0.5, 0.5, 0.5, 0.5]","[0.5, 0.5, 0.5, 0.5, 0.5]","[1.0, 1.0, 1.0, 1.0, 1.0]","[-1.3862943649, -1.3862943649, -1.3862943649, -1.3862943649, -1.3862943649]","[0.200000003, 0.200000003, 0.200000003, 0.200000003, 0.200000003]",1.6094379425,5.0000001504,0.200000003,0.200000003,0.0152277946,50.0,8.2818346024,rosenbrock_extreme,linear,92.252,134
rosenbrock,,matrixexponential,5,ode_transport,1024,0.005,1000,2,rosenbrock_extreme|linear,10,-4.4736242097,7.4927920838,0.0529820409,20000,4.4736242097,0.45326158400000005,0.5002753735000001,1.1037233048,-1.483837676,0.38437673450000004,"[0.45326158400000005, 0.45537838340000003, 0.45471569900000003, 0.45349273090000003, 0.4545236528]","[0.5002753735000001, 0.5002319217, 0.49791720510000004, 0.49941426520000004, 0.4980818033]","[1.1037233048, 1.0984972935, 1.0950077295, 1.1012618972, 1.0958325277]","[-1.4838824272, -1.4793100357, -1.4854043722, -1.4850952625, -1.4854962826]","[0.204046011, 0.18478682640000002, 0.2034303695, 0.20391926170000002, 0.2038175911]",1.6086997986,4.9963107924,0.204046011,0.18478682640000002,0.8573520184000001,50.0,5.6555604935,rosenbrock_extreme,linear,92.252,134
rosenbrock,,matrixexponential,5,ode_transport,1024,0.005,1000,2,rosenbrock_extreme|linear,50,-2.3711381062,3.3787667178,0.0238914886,20000,2.3711381062,0.3322813213,0.5025348067000001,1.5123775384,-1.8060806274,0.4070289731,"[0.3322813213, 0.3473515511, 0.3792398274, 0.3489817679, 0.3374155462]","[0.5025348067000001, 0.4958227277, 0.4212029278, 0.4644304514, 0.4765233397]","[1.5123775384, 1.4274377822, 1.1106505631, 1.3308158022, 1.4122744051]","[-1.7898635864, -1.7589547634, -1.8342270851, -1.8196790218, -1.8276786804]","[0.2247965485, 0.1458666474, 0.19285812970000002, 0.2197449207, 0.2167336941]",1.5981118679,4.9436892682,0.2247965485,0.1458666474,4.1868338585,50.0,1.8348786831000001,rosenbrock_extreme,linear,92.252,134
rosenbrock,,matrixexponential,5,ode_transport,1024,0.005,1000,2,rosenbrock_extreme|linear,100,-1.7525266017,1.4380244923,0.010168368700000001,20000,1.7525266017,0.2409346104,0.5219061375,2.1661733724,-2.0361981869,0.45618459580000004,"[0.26816189290000003, 0.29464748500000004, 0.3322256207, 0.3082306087, 0.2409346104]","[0.5125946999000001, 0.4774041772, 0.37086501720000004, 0.41027531030000003, 0.5219061375]","[1.9115120882, 1.6202553949, 1.1163046858, 1.3310660872, 2.1661733724]","[-1.9844341278, -1.9613673687, -2.093858242, -2.0678339005, -2.0734972954]","[0.24868050220000001, 0.1268652231, 0.16369383040000002, 0.2306736261, 0.23008677360000002]",1.5806434155,4.85808057,0.24868050220000001,0.1268652231,9.0388391018,62.0,0.9550844431000001,rosenbrock_extreme,linear,92.252,134
rosenbrock,,matrixexponential,5,ode_transport,1024,0.005,1000,2,rosenbrock_extreme|linear,250,-1.2894491878,0.7081290815,0.0050072288,20000,1.2894491878,0.1775675565,0.6209338903,3.4690085233,-2.2733503819,0.5716291666000001,"[0.191598922, 0.2390666455, 0.27798232440000004, 0.23986631630000002, 0.1775675565]","[0.6209338903, 0.42649397250000004, 0.3409021795, 0.38376319410000004, 0.615983367]","[3.2408005422, 1.783996139, 1.2263448054, 1.59990448, 3.4690085233]","[-2.1288816929, -2.2831699848, -2.3563575745, -2.3854031563, -2.2129395008]","[0.2776544392, 0.1094198525, 0.108997494, 0.20139667390000002, 0.3025315106]",1.5238953829,4.5900704975,0.3025315106,0.108997494,25.4535589218,80.0,0.36491450670000003,rosenbrock_extreme,linear,92.252,134
rosenbrock,,matrixexponential,5,ode_transport,1024,0.005,1000,2,rosenbrock_extreme|linear,500,-1.0315861595,0.5299044726000001,0.0037469905,20000,1.0315861595,0.1336563379,0.8542026281,6.3910372065,-2.3430268764,0.8391716480000001,"[0.1336563379, 0.22005034980000002, 0.2451244444, 0.2352460623, 0.13700468840000002]","[0.8542026281, 0.38913238050000004, 0.3558081388, 0.3633066714, 0.8182354569]","[6.3910372065, 1.7683788314, 1.4515408276, 1.544368768, 5.9723172003]","[-2.1700701714, -2.4577345848, -2.4393529892, -2.459631443, -2.1883451939]","[0.3383790553, 0.0992830098, 0.0796480104, 0.1619976014, 0.3206923604]",1.4570846558,4.2934244549,0.3383790553,0.0796480104,59.1374027729,98.0,0.26749610900000004,rosenbrock_extreme,linear,92.252,134
rosenbrock,,matrixexponential,5,ode_transport,1024,0.005,1000,2,rosenbrock_extreme|linear,1000,-0.8745858726,0.5146553998,0.0036391632,20000,0.8745858726,0.10413648190000001,1.0798044205,10.3691271394,-2.3578852654,0.9395081401,"[0.10413648190000001, 0.2189330012, 0.2197498977, 0.1790425926, 0.11384760590000001]","[1.0798044205, 0.37645724420000004, 0.41231632230000004, 0.4645804167, 0.9537664056]","[10.3691271394, 1.7195089007, 1.8762981308, 2.5948038945, 8.3775710361]","[-2.1852731705, -2.4959404469, -2.40122962, -2.4867520332, -2.2202310562]","[0.3339267671, 0.0977340862, 0.10099478070000001, 0.2016332746, 0.26571106910000003]",1.5001279116,4.4822623669,0.3339267671,0.0977340862,145.8473989964,,,rosenbrock_extreme,linear,92.252,134
hierarchical_mixture,,matrixexponential,5,ode_transport,1024,0.005,1000,2,hier_k5|linear,0,-57.8724223116,15.8994454863,0.1124260572,20000,57.8724223116,0.5,0.5,1.0,-1.3862943649,0.38885143400000005,"[0.5, 0.5, 0.5, 0.5, 0.5]","[0.5, 0.5, 0.5, 0.5, 0.5]","[1.0, 1.0, 1.0, 1.0, 1.0]","[-1.3862943649, -1.3862943649, -1.3862943649, -1.3862943649, -1.3862943649]","[0.200000003, 0.200000003, 0.200000003, 0.200000003, 0.200000003]",1.6094379425,5.0000001504,0.200000003,0.200000003,0.0304050446,50.0,11.4507102966,hier_k5,linear,95.516,134
hierarchical_mixture,,matrixexponential,5,ode_transport,1024,0.005,1000,2,hier_k5|linear,10,-55.4274991271,16.5788570338,0.1172302223,20000,55.4274991271,0.49975320700000003,0.5525625944,1.1056709326,-1.2866364002,0.40599733590000003,"[0.49975320700000003, 0.49984711410000005, 0.5000944138, 0.5041112304, 0.5003237724]","[0.5525625944, 0.5522925854, 0.552385211, 0.5480176806, 0.5521981716000001]","[1.1056709326, 1.1049230251, 1.1045618503, 1.0870967509, 1.1036816598]","[-1.2868294716, -1.2871303558, -1.2864680290000001, -1.2864060402, -1.2863481045]","[0.2120521367, 0.21217213570000001, 0.1919556707, 0.1918932647, 0.1919268221]",1.6082230806,4.9939295291,0.21217213570000001,0.1918932647,1.0270609856,50.0,11.6066093445,hier_k5,linear,95.516,134
hierarchical_mixture,,matrixexponential,5,ode_transport,1024,0.005,1000,2,hier_k5|linear,50,-43.8462014278,18.7937370093,0.1328917888,20000,43.8462014278,0.4875099063,0.8504478335000001,1.735670337,-0.8901377678,0.5224885345,"[0.48977410790000003, 0.4913959205, 0.48787444830000004, 0.4953356981, 0.4875099063]","[0.850086391, 0.8504478335000001, 0.8333360553, 0.8189492822000001, 0.8342264295]","[1.735670337, 1.7306774396, 1.7080953065, 1.6533217478, 1.7111989289]","[-0.8762282729, -0.8724973202, -0.9000154734, -0.9022527337, -0.8996950388]","[0.264585495, 0.2622639537, 0.1574694812, 0.15741935370000001, 0.1582617462]",1.5766913891,4.8389191955,0.264585495,0.15741935370000001,4.9085509777,62.0,12.5749130249,hier_k5,linear,95.516,134
hierarchical_mixture,,matrixexponential,5,ode_transport,1024,0.005,1000,2,hier_k5|linear,100,-28.7370144871,19.4228164021,0.1373400519,20000,28.7370144871,0.42203217740000004,1.6283541918,3.4860787865,-0.4042364538,0.9687935710000001,"[0.46453437210000004, 0.47730827330000003, 0.44653594490000004, 0.42203217740000004, 0.4427500963]","[1.5439792871, 1.6283541918, 1.3819119930000001, 1.471237421, 1.4011373520000001]","[3.3237137657, 3.4115356528, 3.0947385282, 3.4860787865, 3.1646234832]","[-0.3323566616, -0.25202292200000004, -0.4827673435, -0.4765698612, -0.4774654806]","[0.3336482644, 0.3264099956, 0.1128401309, 0.11090398580000001, 0.1161975861]",1.4718755484000001,4.3573999963,0.3336482644,0.11090398580000001,10.4154248238,68.0,11.5733861923,hier_k5,linear,95.516,134
hierarchical_mixture,,matrixexponential,5,ode_transport,1024,0.005,1000,2,hier_k5|linear,250,-12.6935127662,15.5384494273,0.1098734296,20000,12.6935127662,0.33577030900000004,3.0527169704,8.9466267587,0.0186412811,1.0,"[0.36485865710000004, 0.4863311648, 0.35282552240000004, 0.33577030900000004, 0.34836280350000004]","[2.0060184002, 2.6970524788, 3.021173954, 3.004011631, 3.0527169704]","[5.4980698992, 5.5457117985, 8.562798783, 8.9466267587, 8.7630393949]","[-0.3120933771, 0.2712939978, 0.0638638735, 0.008620739, 0.061521172500000006]","[0.47612580660000003, 0.3848612309, 0.0463784412, 0.0424344428, 0.0502000935]",1.1475076675,3.1503314438,0.47612580660000003,0.0424344428,31.670060873,86.0,5.2572956085,hier_k5,linear,95.516,134
hierarchical_mixture,,matrixexponential,5,ode_transport,1024,0.005,1000,2,hier_k5|linear,500,-7.9857805151,10.0473223787,0.0710452979,20000,7.9857805151,0.3191819191,2.9936532974,8.6933212496,-0.1494982719,1.0,"[0.3191819191, 0.3806499243, 0.3463613689, 0.3542925417, 0.3443624377]","[1.9700433016, 1.817283392, 2.9740271568, 2.8936936855, 2.9936532974]","[6.1721644733, 4.7741593418, 8.586486323, 8.167526393, 8.6933212496]","[-0.46393859390000003, -0.3685324192, 0.0296443701, 0.0249013901, 0.030433893200000003]","[0.45366209750000003, 0.4681299031, 0.0272711627, 0.021697424400000002, 0.0292394776]",0.9985134602000001,2.7142439962,0.4681299031,0.021697424400000002,75.1824967861,110.0,2.7656764984,hier_k5,linear,95.516,134
hierarchical_mixture,,matrixexponential,5,ode_transport,1024,0.005,1000,2,hier_k5|linear,1000,-4.6078222917,6.4656057315,0.045718736600000004,20000,4.6078222917,0.3021930456,2.7004096508,7.4285528087,-0.4119655967,0.9999967813,"[0.3407021165, 0.3021930456, 0.3767105341, 0.3557830155, 0.3642997146]","[2.0802423954, 0.6763675809, 2.5252313614, 2.642952919, 2.7004096508]","[6.1057513139, 2.2381970423, 6.7033733672, 7.4285528087, 7.4126043552]","[-0.3442623019, -1.5877078772, -0.0499454737, -0.061537444600000005, -0.016374886]","[0.300337106, 0.6524258256000001, 0.0184087474, 0.0111644845, 0.0176638272]",0.8349055648,2.304596403,0.6524258256000001,0.0111644845,169.607929945,,,hier_k5,linear,95.516,134
hierarchical_mixture,,matrixexponential,50,ode_transport,1024,0.005,1000,2,hier_k50|linear,0,-55.954289327,17.2104493305,0.1216962543,20000,55.954289327,0.5,0.5,1.0,-1.3862943649,0.0730694756,"[0.5, 0.5, 0.5, 0.5, 0.5, 0.5, 0.5, 0.5, 0.5, 0.5, 0.5, 0.5, 0.5, 0.5, 0.5, 0.5, 0.5, 0.5, 0.5, 0.5, 0.5, 0.5, 0.5, 0.5, 0.5, 0.5, 0.5, 0.5, 0.5, 0.5, 0.5, 0.5, 0.5, 0.5, 0.5, 0.5, 0.5, 0.5, 0.5, 0.5, 0.5, 0.5, 0.5, 0.5, 0.5, 0.5, 0.5, 0.5, 0.5, 0.5]","[0.5, 0.5, 0.5, 0.5, 0.5, 0.5, 0.5, 0.5, 0.5, 0.5, 0.5, 0.5, 0.5, 0.5, 0.5, 0.5, 0.5, 0.5, 0.5, 0.5, 0.5, 0.5, 0.5, 0.5, 0.5, 0.5, 0.5, 0.5, 0.5, 0.5, 0.5, 0.5, 0.5, 0.5, 0.5, 0.5, 0.5, 0.5, 0.5, 0.5, 0.5, 0.5, 0.5, 0.5, 0.5, 0.5, 0.5, 0.5, 0.5, 0.5]","[1.0, 1.0, 1.0, 1.0, 1.0, 1.0, 1.0, 1.0, 1.0, 1.0, 1.0, 1.0, 1.0, 1.0, 1.0, 1.0, 1.0, 1.0, 1.0, 1.0, 1.0, 1.0, 1.0, 1.0, 1.0, 1.0, 1.0, 1.0, 1.0, 1.0, 1.0, 1.0, 1.0, 1.0, 1.0, 1.0, 1.0, 1.0, 1.0, 1.0, 1.0, 1.0, 1.0, 1.0, 1.0, 1.0, 1.0, 1.0, 1.0, 1.0]","[-1.3862943649, -1.3862943649, -1.3862943649, -1.3862943649, -1.3862943649, -1.3862943649, -1.3862943649, -1.3862943649, -1.3862943649, -1.3862943649, -1.3862943649, -1.3862943649, -1.3862943649, -1.3862943649, -1.3862943649, -1.3862943649, -1.3862943649, -1.3862943649, -1.3862943649, -1.3862943649, -1.3862943649, -1.3862943649, -1.3862943649, -1.3862943649, -1.3862943649, -1.3862943649, -1.3862943649, -1.3862943649, -1.3862943649, -1.3862943649, -1.3862943649, -1.3862943649, -1.3862943649, -1.3862943649, -1.3862943649, -1.3862943649, -1.3862943649, -1.3862943649, -1.3862943649, -1.3862943649, -1.3862943649, -1.3862943649, -1.3862943649, -1.3862943649, -1.3862943649, -1.3862943649, -1.3862943649, -1.3862943649, -1.3862943649, -1.3862943649]","[0.019999999600000002, 0.019999999600000002, 0.019999999600000002, 0.019999999600000002, 0.019999999600000002, 0.019999999600000002, 0.019999999600000002, 0.019999999600000002, 0.019999999600000002, 0.019999999600000002, 0.019999999600000002, 0.019999999600000002, 0.019999999600000002, 0.019999999600000002, 0.019999999600000002, 0.019999999600000002, 0.019999999600000002, 0.019999999600000002, 0.019999999600000002, 0.019999999600000002, 0.019999999600000002, 0.019999999600000002, 0.019999999600000002, 0.019999999600000002, 0.019999999600000002, 0.019999999600000002, 0.019999999600000002, 0.019999999600000002, 0.019999999600000002, 0.019999999600000002, 0.019999999600000002, 0.019999999600000002, 0.019999999600000002, 0.019999999600000002, 0.019999999600000002, 0.019999999600000002, 0.019999999600000002, 0.019999999600000002, 0.019999999600000002, 0.019999999600000002, 0.019999999600000002, 0.019999999600000002, 0.019999999600000002, 0.019999999600000002, 0.019999999600000002, 0.019999999600000002, 0.019999999600000002, 0.019999999600000002, 0.019999999600000002, 0.019999999600000002]",3.9120233059,50.0000150232,0.019999999600000002,0.019999999600000002,0.1252861023,50.0,3.7960941792,hier_k50,linear,74.522,110
hierarchical_mixture,,matrixexponential,50,ode_transport,1024,0.005,1000,2,hier_k50|linear,10,-53.7730242855,17.5829129326,0.1243299697,20000,53.7730242855,0.4854307175,0.5525656343,1.1112221855,-1.2917405462,0.0756134838,"[0.5018635988, 0.500449121, 0.5087688565, 0.4999749362, 0.4999949038, 0.5001455545, 0.5000204444, 0.49995231630000003, 0.4971412122, 0.5001334548, 0.49985602500000004, 0.5004376173, 0.5005053282, 0.4854560196, 0.501334846, 0.49993115660000004, 0.49978274110000004, 0.5012969375, 0.5191007853, 0.4999306202, 0.5040978193, 0.4999893904, 0.499897927, 0.48713111880000004, 0.4999403656, 0.500418961, 0.49260395770000004, 0.4999866784, 0.49993830920000004, 0.49983230230000003, 0.500161767, 0.5004454255, 0.5000081658000001, 0.5000037551000001, 0.4998455644, 0.5002484918, 0.4999544322, 0.4962664545, 0.5013269782, 0.4999378324, 0.49997419120000003, 0.49939939380000004, 0.5006157756, 0.4854307175, 0.5005107522, 0.5000294447, 0.5000516772, 0.5009904504, 0.49963262680000003, 0.5005213022]","[0.5503929257, 0.551895082, 0.5395063162, 0.5525656343, 0.5525204539, 0.5520510674, 0.5524123907, 0.5525025725, 0.5490595102, 0.5523649454, 0.5525654554, 0.5519891381, 0.5519000292, 0.5342292190000001, 0.5508421659, 0.5525459647000001, 0.5515884757, 0.5509957075, 0.5320046544, 0.552451551, 0.5472423434, 0.5524349213, 0.5524818897, 0.5413109064, 0.5525596738, 0.5519105792, 0.5403094888000001, 0.5523976088, 0.5524821281, 0.5525402427, 0.5521679521, 0.5504809618000001, 0.5524623394, 0.552529633, 0.5524817109, 0.5520579219, 0.5521649718, 0.5483309627, 0.5508602262, 0.552433908, 0.5525650382, 0.5515019298, 0.5517820716, 0.5344889164000001, 0.5517237782000001, 0.552410841, 0.5524443984, 0.5513470769000001, 0.5496648550000001, 0.5518916845]","[1.0966982404, 1.1027995831, 1.0604153719, 1.1051866688, 1.105052171, 1.1037808141, 1.1047796083, 1.1051105366, 1.1044337036, 1.1044351065, 1.105449225, 1.1030128812, 1.1026856221, 1.1004688321, 1.0987510051, 1.1052441069, 1.1036565099, 1.0991403823, 1.0248581191, 1.1050564391, 1.0855876031, 1.1048932875, 1.1051893993, 1.1112221855, 1.1052511697, 1.1028970166, 1.0968435807, 1.1048246537, 1.1051006054, 1.1054512485, 1.1039787295, 1.0999820035, 1.1049066338, 1.105050967, 1.1053048187, 1.103567389, 1.1044305965, 1.1049124069, 1.0988042737000001, 1.1050052071, 1.1051871235, 1.1043303949, 1.1022067192, 1.1010611755, 1.1023215302, 1.1047566235, 1.1047746134, 1.1005141445, 1.1001380325, 1.1026337582]","[-1.2865498066, -1.2866466045, -1.2928621769, -1.286380291, -1.2864222527, -1.2869708538, -1.2865667343, -1.286539793, -1.2984296083, -1.2864266634000001, -1.2866185904, -1.2864992619, -1.2865254879, -1.349596858, -1.2867879868, -1.2865035534, -1.2885348797, -1.2865848541, -1.2867603302, -1.2866754532, -1.2878484726, -1.2865880728, -1.2866859436, -1.3329834938, -1.2864602804, -1.286678791, -1.3236629963, -1.2866610289, -1.2866047621, -1.2867116928, -1.2867267132, -1.2892196178, -1.2865009308, -1.2863879204, -1.2867910862, -1.2867527008, -1.2871468067, -1.3015184402, -1.2867709398, -1.286692977, -1.2863829136, -1.2894589901, -1.2865185738, -1.3491630554, -1.2868340015, -1.2865514755, -1.2864463329, -1.2865589857, -1.2923287153, -1.2865085602]","[0.0192140657, 0.0193025246, 0.0212283731, 0.0192088708, 0.019212901600000002, 0.021011909500000002, 0.0192225892, 0.0192097034, 0.0212275423, 0.0192097574, 0.0210751016, 0.0192137472, 0.0192175526, 0.0212271828, 0.0202869829, 0.019209452000000002, 0.0212244224, 0.0192267057, 0.019252032000000002, 0.019217237800000002, 0.0212168135, 0.0192101933, 0.0192151628, 0.021228326500000002, 0.019209234000000002, 0.0211705472, 0.0212285407, 0.0205413997, 0.0192108452, 0.0211824421, 0.01931981, 0.0212237239, 0.019209234000000002, 0.0192106906, 0.0192223545, 0.0211047325, 0.0212203506, 0.0212280732, 0.0194377061, 0.0192285739, 0.0192103833, 0.0212056246, 0.019211515800000002, 0.0212308355, 0.020058196, 0.0192094538, 0.0192117989, 0.0192108545, 0.021219212600000002, 0.019214768]",3.9109475613,49.9462566959,0.0212308355,0.0192088708,3.6836881638,50.0,3.9258496761,hier_k50,linear,74.522,110
hierarchical_mixture,,matrixexponential,50,ode_transport,1024,0.005,1000,2,hier_k50|linear,50,-41.9582224643,18.7001014741,0.1322296856,20000,41.9582224643,0.3659691513,0.864775002,1.9498449782,-0.929961369,0.1154064313,"[0.48211497070000003, 0.4832869172, 0.5582020879, 0.4836220741, 0.4816501439, 0.4807746708, 0.4835514724, 0.4828627706, 0.4549772441, 0.4858423173, 0.4884448349, 0.482329905, 0.48283997180000005, 0.3837371171, 0.4853907824, 0.4835184515, 0.48680987950000004, 0.482757926, 0.4962231815, 0.4842953682, 0.49500769380000004, 0.4820643365, 0.4852566421, 0.4141807556, 0.4833253622, 0.4837688208, 0.4343526065, 0.47987714410000004, 0.4836702943, 0.4837837219, 0.4860281348, 0.4789563417, 0.4814023376, 0.48227980730000003, 0.4854511321, 0.4911595583, 0.48959136010000004, 0.4488371015, 0.4838856161, 0.4839591086, 0.48083153370000004, 0.49674394730000004, 0.48339033130000003, 0.3659691513, 0.4793427885, 0.4811097682, 0.4802690148, 0.48121321200000006, 0.4784627259, 0.4823377132]","[0.8382657766, 0.8465540409000001, 0.6684365273, 0.8447061181000001, 0.8467214108000001, 0.8621819615, 0.8412328362, 0.8404806256, 0.8005936742, 0.8384544253, 0.8501159549, 0.8401290774, 0.8398146629000001, 0.7396864295000001, 0.8472567201000001, 0.8404474854, 0.843834877, 0.8385257125000001, 0.8086939454000001, 0.8361872435000001, 0.8335492611, 0.841132462, 0.834325552, 0.7432377338, 0.8419368267, 0.864775002, 0.7572845221000001, 0.8449903131000001, 0.8379504681000001, 0.8484995961, 0.8397850990000001, 0.8504030108, 0.8441441059, 0.8485128284000001, 0.8336920738, 0.8543412685, 0.8365877271000001, 0.7907964587, 0.8394498825000001, 0.8404928446000001, 0.8500409722000001, 0.8461567163, 0.8399541378000001, 0.7135831118, 0.8522484303000001, 0.8435274363, 0.8499061465000001, 0.8403977752, 0.8166261315000001, 0.8400149941]","[1.7387258799, 1.7516593369, 1.197481238, 1.7466244063, 1.7579594267, 1.793318188, 1.7396965664, 1.740620062, 1.7596345411, 1.7257747944, 1.7404543851, 1.7418141995, 1.7393229890000002, 1.9275863518, 1.7455146469, 1.738191134, 1.7333971895, 1.7369486182, 1.6296980383, 1.726605907, 1.6839117282, 1.7448551952, 1.7193490611, 1.7944767442, 1.7419669906, 1.7875790355, 1.7434787098, 1.760847174, 1.7324828048, 1.753882071, 1.7278528523, 1.7755334604, 1.7535106086, 1.7593787164, 1.7173552985, 1.7394373256, 1.7087469168, 1.7618785438, 1.7348105722, 1.7367021917, 1.7678561257, 1.7034061935, 1.737631234, 1.9498449782, 1.7779519183, 1.7532951773, 1.7696460114, 1.7464145917, 1.7067706372, 1.741549481]","[-0.9059927464, -0.8937259912000001, -0.9858480692, -0.8952180147000001, -0.8969208598, -0.8806455135, -0.8994842768, -0.9018042088, -1.0099096298, -0.8980661631, -0.8789112568, -0.9033266306000001, -0.9026440382, -1.259326458, -0.8885524869, -0.9004865885000001, -0.889680028, -0.9043499827, -0.9130642414000001, -0.9039629698, -0.8852444887, -0.9026837945, -0.9042089581, -1.1781921387, -0.8991155028000001, -0.8714340329, -1.1119148731, -0.9026552439000001, -0.9031480551000001, -0.8904029727, -0.8960980177000001, -0.8981907368000001, -0.9004839659, -0.8935009241, -0.9045677781, -0.8684108257, -0.8926081061000001, -1.0358098745, -0.9009152651000001, -0.8995217085, -0.8947089911, -0.866731286, -0.9013388157000001, -1.3426625729, -0.8952164650000001, -0.9018226862000001, -0.8960382342000001, -0.9053248167, -0.9397508502, -0.9034463167000001]","[0.0160336848, 0.016208339500000002, 0.0260439292, 0.0160794724, 0.0161454491, 0.0234088544, 0.0162143856, 0.0161789469, 0.026666646800000002, 0.0161033794, 0.026244079700000002, 0.0160938744, 0.0160718057, 0.026597360100000002, 0.0189941749, 0.016168881200000002, 0.0267964415, 0.0160245579, 0.0162942596, 0.0162666403, 0.025493443, 0.0161812808, 0.016293196, 0.026697935500000002, 0.0161444284, 0.025994798200000002, 0.0265778974, 0.0213063098, 0.0162142646, 0.0265082754, 0.0165665112, 0.026532743100000002, 0.0161416326, 0.016072752000000003, 0.0163922999, 0.025927454200000002, 0.0268516, 0.0266829059, 0.016334580300000002, 0.0162228085, 0.0161070935, 0.0266066585, 0.0161254909, 0.0265320707, 0.0181240719, 0.016157094400000002, 0.016113687300000002, 0.0160465576, 0.0263278466, 0.016087131600000002]",3.8843026161,48.63301475,0.0268516,0.0160245579,18.7553880215,50.0,4.2222919464,hier_k50,linear,74.522,110
hierarchical_mixture,,matrixexponential,50,ode_transport,1024,0.005,1000,2,hier_k50|linear,100,-26.5001093556,18.1582151171,0.1283979704,20000,26.5001093556,0.265517652,1.6977137327,4.1795926815,-0.4809328264,0.1573551297,"[0.4222586453, 0.4407249391, 0.4232695997, 0.4395177066, 0.4344946146, 0.4369651377, 0.442561537, 0.43899640440000004, 0.4340606034, 0.4395115077, 0.4594725966, 0.4318822324, 0.4337821901, 0.318949908, 0.43792587520000004, 0.4406518042, 0.4621782005, 0.4292498529, 0.4268532097, 0.4449014962, 0.4470976889, 0.43741458650000004, 0.4473890364, 0.39896562700000004, 0.43970865010000004, 0.455367595, 0.4068602026, 0.43551611900000003, 0.4421073794, 0.4488518536, 0.44917404650000003, 0.45330575110000004, 0.43404278160000004, 0.4323492646, 0.44828033450000004, 0.46581739190000004, 0.4655196667, 0.4301417172, 0.43320152160000003, 0.4468108416, 0.4306568503, 0.4864364564, 0.4267880619, 0.265517652, 0.4398281276, 0.4340952635, 0.4308332801, 0.42312788960000003, 0.4034534395, 0.4316470623]","[1.4631413221, 1.4820539951, 0.8228317499000001, 1.4145222902, 1.4605275393000001, 1.6080970764, 1.4381999969, 1.4019956589, 1.4612377882, 1.4278951883, 1.5692074299, 1.4360496998, 1.4326781034, 1.302451849, 1.4763461351, 1.3994581699, 1.5499274731000001, 1.4470310211, 1.3943811655, 1.3844784498, 1.5928140879000001, 1.4080667496000001, 1.3735413551, 1.2562246323, 1.4052975178, 1.6977137327, 1.465675354, 1.4714792967, 1.3911993504, 1.5496411324000001, 1.4425067902, 1.6606529951, 1.4203162193, 1.4810407162, 1.3710122108, 1.6440770626, 1.4952716827, 1.4258899689, 1.4437158108, 1.4286975861, 1.4742064476, 1.6015565395, 1.4633158445, 1.1097556353, 1.5142016411, 1.4193985462, 1.4737876654, 1.4579069614, 1.3233040571, 1.4375072718]","[3.4650357984, 3.3627640817, 1.9439897185000001, 3.21835109, 3.3614399124, 3.6801495991, 3.249717557, 3.1936381364, 3.3664372597, 3.248823212, 3.4152361672000002, 3.3250955746, 3.3027591639, 4.083562391, 3.3712238047, 3.1758820832, 3.3535278632, 3.3710693466, 3.2666526424, 3.111876363, 3.5625639035, 3.2190667456, 3.0701274357, 3.1487039168, 3.1959742375, 3.7282269347, 3.6024053098, 3.3787022626, 3.1467453724, 3.452455682, 3.2114651355, 3.6634280309, 3.2722954501, 3.42556548, 3.0583813418, 3.529445425, 3.2120483618, 3.3149306656, 3.3326656041000002, 3.197544583, 3.4231580119, 3.292427034, 3.4286709852, 4.1795926815, 3.442712155, 3.2697858411, 3.4207841722, 3.4455468362, 3.2799424361, 3.3302839225]","[-0.48155155780000003, -0.4259053767, -1.0547494888, -0.47528541090000004, -0.4547740221, -0.35285028820000003, -0.4517834485, -0.4853673577, -0.4552872479, -0.4658899307, -0.3271053135, -0.47770628330000003, -0.47566720840000004, -0.8784726858, -0.43613538150000003, -0.48341512680000004, -0.33359661700000004, -0.47620221970000004, -0.5188643932, -0.4845788777, -0.3394758701, -0.4846561849, -0.4869343638, -0.6907690763000001, -0.4813939035, -0.2573677897, -0.5169694424, -0.44495525960000004, -0.48603624110000004, -0.3630390167, -0.4339624047, -0.28397750850000003, -0.4837326407, -0.4457765222, -0.4867872, -0.2667824328, -0.362293005, -0.4888443947, -0.4693320394, -0.4488567114, -0.454323858, -0.24967300890000002, -0.47076272960000004, -1.2219341993, -0.40648293500000005, -0.4842580259, -0.4541983604, -0.4830789566, -0.6275625229, -0.47723647950000003]","[0.0119809313, 0.0122985905, 0.0274339337, 0.0126885148, 0.0128751881, 0.030280118800000002, 0.0128158443, 0.0127973743, 0.034227266900000004, 0.012427937200000001, 0.0360601731, 0.0122788399, 0.0121803666, 0.0335068293, 0.0134068932, 0.0128106689, 0.0351426452, 0.0118495878, 0.0126382448, 0.0127138821, 0.0233068038, 0.0127466191, 0.0128259789, 0.034220878, 0.012783573900000001, 0.0348253511, 0.0332185216, 0.020277665900000002, 0.0127922585, 0.033930134, 0.012568752300000001, 0.0338199139, 0.012757726, 0.012732162100000001, 0.0129481535, 0.0315563269, 0.0347622558, 0.0342762321, 0.011610074000000001, 0.0127531858, 0.0128690703, 0.0336513668, 0.012381419500000001, 0.032535895700000005, 0.015068384800000001, 0.0127482601, 0.012862808100000001, 0.0121019557, 0.030421972300000003, 0.0122324536]",3.8008096218,44.7373902017,0.0360601731,0.011610074000000001,38.8200550079,56.0,3.8145384789,hier_k50,linear,74.522,110
hierarchical_mixture,,matrixexponential,50,ode_transport,1024,0.005,1000,2,hier_k50|linear,250,-10.9876799236,13.5296896311,0.0956693529,20000,10.9876799236,0.2170182317,3.0371131897,12.1275520187,-0.1059651232,0.2505793571,"[0.37407183650000003, 0.3991941214, 0.2170182317, 0.3578896523, 0.37864798310000003, 0.32450506090000003, 0.39641305800000004, 0.36113932730000003, 0.2459655702, 0.35934984680000004, 0.3312993944, 0.3744834363, 0.3705945611, 0.24186578390000002, 0.3698253334, 0.3614744842, 0.32194235920000003, 0.36841320990000004, 0.341352582, 0.3739878535, 0.3759399652, 0.36191940310000004, 0.3757049143, 0.25284427400000004, 0.35960701110000004, 0.3978460729, 0.3359048665, 0.37873125080000003, 0.36712437870000003, 0.3533742428, 0.4125742912, 0.2853807807, 0.35479620100000003, 0.37183704970000003, 0.3777321577, 0.47068002820000004, 0.3364066184, 0.2457871735, 0.3636175692, 0.4098086655, 0.3721619546, 0.47601485250000003, 0.3459405303, 0.2224421352, 0.3967472315, 0.3569739461, 0.3762580752, 0.37565129999999997, 0.2858975828, 0.373327136]","[2.9787130356000002, 2.9498391151, 2.4013731480000002, 2.4877524376, 3.0053441525, 2.1541490555, 2.9818053246000003, 2.4945673943, 2.0083770752, 2.960701704, 2.0488593578, 3.0263745785, 3.0371131897, 2.0349891186, 2.996055603, 2.4931020737, 1.9137775898, 3.0114190578, 2.5919361115, 2.4367928505, 2.9183177948, 2.4812164307, 2.4290292263, 1.9774936438000001, 2.4982213974, 2.6528768539, 2.6088383198, 2.4706144333, 2.4677608013, 2.1938483715, 2.9402279854, 2.0043902397, 2.5124127865, 3.005105257, 2.3972079754, 2.7365837097, 2.0475277901, 2.0073349476, 3.0048482418, 2.954646349, 3.0067477226, 2.5728592873, 2.9836676121, 2.697678566, 2.9076972008, 2.4983355999, 3.0008685589, 2.964045763, 2.4923460484, 3.0269105434]","[7.9629438658, 7.3894853589, 11.065306028, 6.9511717423, 7.9370399072, 6.6382602768, 7.521965445, 6.9074930526000005, 8.1652772519, 8.2390509696, 6.1843136228, 8.0814644514, 8.1952449078, 8.4137122892, 8.1012719595, 6.8970347358, 5.9444727761000005, 8.174025732, 7.5931346306, 6.5157005168, 7.7627229467, 6.855715415, 6.465258062, 7.8209943699, 6.9470875718, 6.6680986305, 7.7665987614, 6.5233973386, 6.7218657889, 6.2082860206, 7.1265419293, 7.0235642177, 7.0812843527, 8.0817800681, 6.346316898, 5.814106284, 6.0864670263, 8.166963796, 8.2637597747, 7.2098191122, 8.0791378192, 5.4049979189, 8.6247992089, 12.1275520187, 7.3288405565, 6.9986496976, 7.9755592142000005, 7.8904179578, 8.717618471, 8.1079306893]","[0.10818392040000001, 0.16344314810000002, -0.65173316, -0.11615085600000001, 0.1292437911, -0.35805839300000003, 0.1672304273, -0.1043760777, -0.705236733, 0.0619674921, -0.3874495029, 0.1251576543, 0.11826080080000001, -0.708881855, 0.1025721431, -0.10403609280000001, -0.4843037128, 0.1038612723, -0.1224341989, -0.09284919500000001, 0.09268152710000001, -0.10758477450000001, -0.0914595723, -0.6931512952000001, -0.1071644425, 0.053954541700000004, -0.132022202, -0.0664615631, -0.0987433791, -0.2545704246, 0.1931481957, -0.5585910082000001, -0.1149681807, 0.11101305480000001, -0.0992652178, 0.2531335354, -0.3728015423, -0.7064813972, 0.0885745287, 0.1913140416, 0.1124328971, 0.20271158220000002, 0.0316648483, -0.5106966496, 0.14290559290000002, -0.1144677401, 0.1214217544, 0.1074611545, -0.3388972282, 0.12224233150000001]","[0.0050941147, 0.0055961232, 0.015991192300000002, 0.0074445703, 0.0072587552000000005, 0.054755434400000004, 0.006651721, 0.0068942648, 0.0557018369, 0.0059483922, 0.0725587234, 0.0055760979, 0.0054704342, 0.0502091162, 0.0050978339, 0.0070129703, 0.054166428700000005, 0.0049880724, 0.006085290100000001, 0.005987585100000001, 0.008215190800000001, 0.0066441013, 0.0060930834, 0.0514953472, 0.0071486668, 0.0521282926, 0.044416744300000005, 0.009752340600000001, 0.0065573445, 0.0420495719, 0.0054257284000000005, 0.0532291606, 0.00707928, 0.0074626752, 0.0057186293, 0.0277880803, 0.0507732444, 0.0554876328, 0.0045979060000000006, 0.006423949700000001, 0.007498703000000001, 0.042691201000000005, 0.0057912199, 0.0416893251, 0.0082594417, 0.0068575907, 0.0073802727, 0.0052630957, 0.0220884308, 0.0055049043]",3.4518511295,31.5587576194,0.0725587234,0.0045979060000000006,117.1746780872,56.0,1.5157462358,hier_k50,linear,74.522,110
hierarchical_mixture,,matrixexponential,50,ode_transport,1024,0.005,1000,2,hier_k50|linear,500,-7.100192514,9.3847761079,0.0663603883,20000,7.100192514,0.20017141100000002,3.0911846161,12.7833763204,-0.2269913363,0.3043985963,"[0.3874020278, 0.40362492200000005, 0.2015610933, 0.3356445134, 0.3854543567, 0.3065261543, 0.40301948790000003, 0.3352430463, 0.20017141100000002, 0.3446586728, 0.28374037150000003, 0.37310802940000004, 0.3621636629, 0.2178407013, 0.3520159423, 0.335689038, 0.2666195333, 0.3618740737, 0.3142925203, 0.3445714116, 0.35527974370000004, 0.3351964951, 0.3458528817, 0.2792349756, 0.3350692391, 0.3612582684, 0.3050971031, 0.3286557198, 0.3390304744, 0.2579826713, 0.4184720516, 0.21653200690000002, 0.3313772082, 0.3809281886, 0.3485848308, 0.3938939273, 0.2539654374, 0.20210027690000001, 0.3479852974, 0.4199460447, 0.3811556995, 0.3488604724, 0.331866771, 0.216952309, 0.37283182140000004, 0.3319927156, 0.385871619, 0.3968901932, 0.2425174415, 0.3704184294]","[2.9877476692, 2.9461941719, 2.5766313076, 2.1990344524, 2.9556007385, 1.8160451651, 2.9766478539, 2.2834916115, 2.0422887802, 3.0403950214, 1.9540364742, 3.0502848625, 3.0747659206, 2.2061371803, 3.0593984127, 2.2749986649, 1.9403470755, 3.0416591167, 2.5373210907, 2.2686443329, 2.9573767185, 2.2784044743, 2.2696230412, 2.0245287418, 2.2600867748, 2.1081211567, 2.1896345615, 2.3134317398, 2.278744936, 2.1141262054, 2.9760344028, 2.0209293365, 2.2759013176, 2.8868153095, 2.2645273209, 2.4489359856, 2.1271920204, 2.0423314571, 3.0635213852, 2.9539570808, 2.922773838, 1.8446141481, 3.0911846161, 2.3307373524, 2.7219908237, 2.2801933289, 2.9295446873, 2.968834877, 1.9489835501000001, 3.0527968407]","[7.7122664686, 7.2993366144, 12.7833763204, 6.5516770418, 7.6678358601, 5.924601016, 7.3858658043, 6.8114510854, 10.2026996244, 8.8214667475, 6.8867058436, 8.1753396401, 8.4899901219, 10.127295619, 8.6910791381, 6.7771014453000005, 7.2775878475, 8.4052971391, 8.0731195524, 6.5839598308, 8.3240791832, 6.7972204598, 6.5623944788, 7.2502691959, 6.7451335749, 5.8354959356, 7.1768448116, 7.0390734155, 6.7213572463, 8.1948380297, 7.1116682496, 9.3331667953, 6.8680080013, 7.5783714522, 6.4963449956, 6.2172473745, 8.3759114708, 10.1055351729, 8.8035943119, 7.0341347853, 7.6681887269, 5.2875412776, 9.3145348868, 10.7430861786, 7.3008543456, 6.8682028904, 7.5920190631, 7.4802424643, 8.0364675544, 8.2414820608]","[0.1462275386, 0.1732449532, -0.6551799178000001, -0.30368429420000004, 0.1303694844, -0.5857910514, 0.18202739950000002, -0.2671937346, -0.8945100307, 0.0467867851, -0.5897984505, 0.12934768200000002, 0.10756969450000001, -0.7327481508, 0.07413947580000001, -0.26959055660000003, -0.6590656638, 0.0959441662, -0.2263222933, -0.24627143140000002, 0.0494529009, -0.2695629001, -0.24212807420000002, -0.5703647137, -0.27801489830000004, -0.27236503360000003, -0.40339052680000004, -0.27401256560000004, -0.2580404282, -0.606221199, 0.2194464803, -0.8264594078, -0.2821217775, 0.09500956540000001, -0.2365075946, -0.0360199809, -0.6157542467, -0.8848992586000001, 0.0639699697, 0.2155165672, 0.10798579450000001, -0.4408130646, 0.0255326033, -0.6818930507000001, 0.014735698700000001, -0.2783820629, 0.1225964427, 0.1640739441, -0.7493736744, 0.12293607000000001]","[0.0019269948, 0.0021548979, 0.008092039300000001, 0.0042901211000000005, 0.0033001548000000003, 0.091754809, 0.0028058460000000003, 0.0034467645000000003, 0.0720926523, 0.0026815520000000002, 0.1371405572, 0.0022322524000000002, 0.002201078, 0.0648731142, 0.0019088150000000001, 0.0036003697, 0.0685480833, 0.0019110107000000001, 0.0026470469, 0.0025911094, 0.002831721, 0.0031734344000000003, 0.0026531166000000003, 0.060100104700000004, 0.0037998699000000003, 0.0263511632, 0.0255782679, 0.0041967025, 0.0030823874, 0.0489179976, 0.0020554033, 0.0757166073, 0.0036752166, 0.0036008076000000003, 0.0023267337, 0.0141638657, 0.0726988316, 0.0704672933, 0.0017453907000000001, 0.0026976352, 0.0035525716000000002, 0.035181772, 0.0025342542, 0.0226438418, 0.0027701291, 0.0033989323, 0.0034253551, 0.0020084782000000002, 0.0122600812, 0.0021929056]",3.023570776,20.5645922886,0.1371405572,0.0017453907000000001,268.4679479599,80.0,1.1820600033,hier_k50,linear,74.522,110
hierarchical_mixture,,matrixexponential,50,ode_transport,1024,0.005,1000,2,hier_k50|linear,1000,-4.8840032062,7.3744721676,0.0521453928,20000,4.8840032062,0.1744652092,3.0640838146,13.0527489681,-0.45091415640000004,0.5083429813,"[0.3864803314, 0.3994963765, 0.1944960207, 0.3181623816, 0.3767228425, 0.1744652092, 0.4025612175, 0.3094625473, 0.2132653147, 0.3403239846, 0.3575863838, 0.3670316041, 0.3569670022, 0.2344186455, 0.3471825719, 0.3110792935, 0.23621910810000002, 0.3535654247, 0.29564371710000004, 0.31419464950000003, 0.3427861333, 0.3073021472, 0.3159332573, 0.2642978132, 0.3122081459, 0.3431672156, 0.2621507347, 0.278246969, 0.3102129698, 0.2293577343, 0.42017009850000003, 0.1938553751, 0.3086999059, 0.3583747447, 0.32120874520000003, 0.3062967956, 0.24082665150000002, 0.2368858308, 0.3410643339, 0.4133291841, 0.363899678, 0.3247893751, 0.3240835071, 0.18352565170000001, 0.3436589241, 0.3063630462, 0.3704506457, 0.4015144706, 0.2149828523, 0.3639371991]","[3.0421216488, 2.6943986416, 2.5387077332, 1.9322682619, 2.599288702, 0.6656262279, 2.7352330685, 1.9945054054, 1.9630169868, 2.7539224625, 1.8324739933, 3.0616018772, 3.0576863289, 2.0642693043, 3.0046195984, 1.9953452349, 1.7935317755, 3.0629644394, 2.3361041546, 2.0447142124, 2.899333477, 2.0003194809, 2.0521090031, 2.0142192841, 1.9766643047, 1.1533170938, 0.6770481467, 2.0125594139, 2.0195300579, 2.0211606026, 2.7889661789, 1.9816998243000001, 1.9555596113, 2.3364889622, 2.0815496445, 1.5703898668, 2.0254218578, 1.9672759771000001, 3.0395605564, 2.7271621227000002, 2.5050542355, 0.6760330796, 2.9019386768, 0.9871271849000001, 2.6727507114, 1.9783970118, 2.5698480606, 3.0134983063, 1.7863713503, 3.0640838146]","[7.8713492032, 6.7444883107, 13.0527489681, 6.0732140987, 6.8997374438, 3.8152376095, 6.7945766985, 6.4450623276, 9.2045768888, 8.0920610562, 5.124563116, 8.3415211208, 8.5657394393, 8.8059091881, 8.6542927027, 6.4142656764, 7.5926617024, 8.6630768327, 7.9017547807, 6.5077945024, 8.4581410841, 6.5092922371, 6.4953877295, 7.6210213768, 6.3312387296, 3.3608020856, 2.5826673635, 7.2329967196, 6.510140628, 8.8122626801, 6.6377074156, 10.2225683647, 6.3348241257, 6.5196808565, 6.4803641722, 5.1270202279, 8.4102894991, 8.3047431365, 8.9119859632, 6.5980391125, 6.8839144054, 2.0814507232, 8.9542929943, 5.3786878061, 7.7773353869, 6.4576881464, 6.9370861963, 7.5053292648, 8.3093666813, 8.4192652525]","[0.1618808508, 0.0736244917, -0.7056883574, -0.4864987731, -0.0210077167, -2.15305686, 0.09630852940000001, -0.4825220704, -0.8707356453, -0.0648310184, -0.42271143200000005, 0.11663103100000001, 0.08754658700000001, -0.7258703113, 0.042246460900000005, -0.47689038520000004, -0.8588086963, 0.0796965361, -0.3701155186, -0.44248461720000004, -0.0061676502, -0.48661684990000004, -0.4333562851, -0.6304470301, -0.48267441990000004, -0.9268952012, -1.7288484573, -0.5798389316, -0.4676313996, -0.7688004375, 0.158575356, -0.9566879272000001, -0.5047091842, -0.1775267124, -0.40255147220000004, -0.7318768501, -0.7178999186, -0.7635271549, 0.0360287428, 0.11975061890000001, -0.0925666094, -1.5160915852, -0.0613750219, -1.7083572149, -0.0849974155, -0.5006975532, -0.0491883159, 0.19058990480000002, -0.9570106268, 0.1089746952]","[0.0008152109, 0.001008647, 0.0043129050000000006, 0.0030172272, 0.0017411405000000001, 0.2059807628, 0.0013498425000000001, 0.002099131, 0.067873247, 0.0012559522000000001, 0.1431557089, 0.0009748084, 0.0009631115000000001, 0.0504460074, 0.0008134799000000001, 0.0022614826, 0.0672040284, 0.0008111311, 0.0012902257000000001, 0.0014058078, 0.0012087950000000001, 0.0018580684, 0.0014441604, 0.06692007180000001, 0.0024748731000000003, 0.021136233600000002, 0.02167858, 0.0023183534, 0.0017813293, 0.03600844, 0.0009251092, 0.0733735487, 0.0023144719, 0.0021377774, 0.0012040169000000001, 0.0098091681, 0.053611405200000004, 0.0663742796, 0.0007407821, 0.0013348354, 0.0020291065, 0.0384078808, 0.0011511946000000001, 0.014090473800000001, 0.0013167665, 0.0020515737, 0.0019138951000000001, 0.0008570537, 0.009794048000000001, 0.0009538357]",2.7316517830000002,15.3582345504,0.2059807628,0.0007407821,606.2381281853,,,hier_k50,linear,74.522,110
banana,,matrixexponential,5,ode_transport,1024,0.005,1000,3,banana|linear,0,-3.1159827433,1.5970981581,0.0112931894,20000,3.1159827433,0.5,0.5,1.0,-1.3862943649,0.3870000243,"[0.5, 0.5, 0.5, 0.5, 0.5]","[0.5, 0.5, 0.5, 0.5, 0.5]","[1.0, 1.0, 1.0, 1.0, 1.0]","[-1.3862943649, -1.3862943649, -1.3862943649, -1.3862943649, -1.3862943649]","[0.200000003, 0.200000003, 0.200000003, 0.200000003, 0.200000003]",1.6094379425,5.0000001504,0.200000003,0.200000003,0.11119222640000001,50.0,1.2699979544,banana,linear,69.014,98
banana,,matrixexponential,5,ode_transport,1024,0.005,1000,3,banana|linear,10,-2.8261469608,1.587404509,0.0112246449,20000,2.8261469608,0.5000611544,0.5525180697000001,1.1048406859,-1.2863768339,0.3719483912,"[0.5024716854, 0.5000884533000001, 0.5011502504, 0.5000611544, 0.5006773472]","[0.5494911075000001, 0.5525180697000001, 0.5514816642, 0.5523132682, 0.5519973636000001]","[1.0935762619, 1.1048406859, 1.1004317841, 1.1044914474, 1.102501175]","[-1.2869787216, -1.2862393856, -1.2859959602, -1.2866647243, -1.2860053778]","[0.1881690174, 0.2079393119, 0.20784756540000002, 0.18816730380000002, 0.20787684620000002]",1.6082630157,4.9941289662,0.2079393119,0.18816730380000002,0.9297263622,50.0,1.2362700701,banana,linear,69.014,98
banana,,matrixexponential,5,ode_transport,1024,0.005,1000,3,banana|linear,50,-1.7492946723,1.4221102882,0.0100558383,20000,1.7492946723,0.4762750864,0.8651532531,1.7967055796,-0.8887742043,0.3622801304,"[0.4762750864, 0.49066144230000003, 0.4815219939, 0.4814468324, 0.4820886552]","[0.8454291224, 0.8466943502000001, 0.8651532531, 0.8402036428, 0.8646466136000001]","[1.7750857573, 1.7256182722, 1.7967055796, 1.7451639231, 1.7935427524]","[-0.9096705914000001, -0.878416419, -0.8756519556000001, -0.9050704241, -0.8750616312]","[0.14678716660000002, 0.2409992665, 0.23160171510000002, 0.1459988505, 0.2346129864]",1.5844267607,4.8764951783,0.2409992665,0.1459988505,4.5079331398,50.0,1.129111886,banana,linear,69.014,98
banana,,matrixexponential,5,ode_transport,1024,0.005,1000,3,banana|linear,100,-0.7533044105000001,1.1213823654,0.0079293707,20000,0.7533044105000001,0.4186553657,1.474837184,3.4561776935,-0.44049491290000004,0.4108944833,"[0.4186553657, 0.4681505859, 0.4528549612, 0.4418783188, 0.45710790160000003]","[1.4469473362, 1.474837184, 1.4666417837, 1.3512518406, 1.457798481]","[3.4561776935, 3.1503478334, 3.2386567654, 3.0579727114, 3.1891780386]","[-0.5012511611, -0.3704176545, -0.40920811890000003, -0.5156892538, -0.405908376]","[0.1130521521, 0.2930518091, 0.2338691205, 0.1073956788, 0.2526311576]",1.5331480503000001,4.6327379829,0.2930518091,0.1073956788,9.0700011253,56.0,0.650118649,banana,linear,69.014,98
banana,,matrixexponential,5,ode_transport,1024,0.005,1000,3,banana|linear,250,-0.2424281658,0.6985772577,0.0049396872,20000,0.2424281658,0.4510781169,1.8020186424,3.9779126313,-0.21952368020000002,0.5853535533,"[0.45300608870000003, 0.49526026840000004, 0.5158933997, 0.4510781169, 0.5005844831]","[1.8020186424, 1.6524848938, 1.5530523062000001, 1.7433203459, 1.5835204124]","[3.9779126313, 3.3365989543, 3.0104132114, 3.8647858998, 3.1633429836]","[-0.2029422522, -0.2003917098, -0.22163286810000002, -0.2403231859, -0.2323283851]","[0.0775180608, 0.4275179207, 0.1755355597, 0.06673092400000001, 0.25269755720000003]",1.3951840401,4.035717238,0.4275179207,0.06673092400000001,24.6766872406,62.0,0.271679163,banana,linear,69.014,98
banana,,matrixexponential,5,ode_transport,1024,0.005,1000,3,banana|linear,500,-0.1928440722,0.506412323,0.0035808759,20000,0.1928440722,0.41204640270000004,1.8863365650000001,4.310028679,-0.2784406602,0.7498189211,"[0.45289599900000005, 0.4918099046, 0.4344445169, 0.4170916378, 0.41204640270000004]","[1.8863365650000001, 1.7125055790000001, 1.5679528713, 1.7976769209, 1.6412330866]","[4.1650546028, 3.4820477649, 3.6090980789000002, 4.310028679, 3.9831268417]","[-0.1574561, -0.1717054844, -0.38391613960000004, -0.287954092, -0.3911714852]","[0.0648139641, 0.48307037350000004, 0.1547370106, 0.0550444089, 0.2423342615]",1.320669651,3.7459290028,0.48307037350000004,0.0550444089,55.3468332291,80.0,0.2343747616,banana,linear,69.014,98
banana,,matrixexponential,5,ode_transport,1024,0.005,1000,3,banana|linear,1000,-0.18744064700000002,0.5329976839,0.0037688628000000003,20000,0.18744064700000002,0.36811313030000004,2.0001006126,5.0426548831,-0.3910212755,0.8260881305000001,"[0.3966364264, 0.4901280403, 0.5960901976, 0.3748464882, 0.36811313030000004]","[2.0001006126, 1.898871541, 0.8896021247, 1.7752048969, 1.4759360552]","[5.0426548831, 3.8742356789, 1.4923951582000001, 4.7358184020000005, 4.0094632154]","[-0.2315377593, -0.0718288422, -0.6343442798000001, -0.4073228836, -0.6100726128]","[0.0547404289, 0.5274012685, 0.16954453290000002, 0.0447201319, 0.2035937011]",1.2603435516000001,3.5266328598,0.5274012685,0.0447201319,118.0120050907,,,banana,linear,69.014,98
rosenbrock,,matrixexponential,5,ode_transport,1024,0.005,1000,3,rosenbrock_extreme|linear,0,-3.0029136524,5.0934944777,0.0360164449,20000,3.0029136524,0.5,0.5,1.0,-1.3862943649,0.3870000243,"[0.5, 0.5, 0.5, 0.5, 0.5]","[0.5, 0.5, 0.5, 0.5, 0.5]","[1.0, 1.0, 1.0, 1.0, 1.0]","[-1.3862943649, -1.3862943649, -1.3862943649, -1.3862943649, -1.3862943649]","[0.200000003, 0.200000003, 0.200000003, 0.200000003, 0.200000003]",1.6094379425,5.0000001504,0.200000003,0.200000003,0.018917799000000003,50.0,2.9567577839,rosenbrock_extreme,linear,91.502,134
rosenbrock,,matrixexponential,5,ode_transport,1024,0.005,1000,3,rosenbrock_extreme|linear,10,-2.4840557636,3.4201584146,0.0241841721,20000,2.4840557636,0.4530456364,0.5003281832,1.1034517941,-1.4844264507,0.35889542100000005,"[0.45347702500000003, 0.4530456364, 0.4538421929, 0.4532516003, 0.45395809410000004]","[0.5003281832, 0.49991402030000004, 0.49903070930000004, 0.5001406074, 0.49920856950000003]","[1.1033153954, 1.1034517941, 1.0995687864, 1.1034502847, 1.0996798515]","[-1.4833016396, -1.4850815535, -1.4850933552, -1.4841740131, -1.4844816923]","[0.2086874098, 0.1972976327, 0.2099360079, 0.1931927651, 0.19088612500000002]",1.6086627245,4.9961255622,0.2099360079,0.19088612500000002,0.8659398556000001,50.0,1.866918087,rosenbrock_extreme,linear,91.502,134
rosenbrock,,matrixexponential,5,ode_transport,1024,0.005,1000,3,rosenbrock_extreme|linear,50,-1.8131338291,1.4433228771,0.0102058339,20000,1.8131338291,0.32975748180000003,0.5045935512,1.5301959136,-1.7887813091,0.3181994557,"[0.32975748180000003, 0.3349108398, 0.36084830760000003, 0.3393788934, 0.35829439760000004]","[0.5045935512, 0.5033047795, 0.45328712460000004, 0.5031144023, 0.4650766253]","[1.5301959136, 1.5028022976, 1.2561708482, 1.4824563699, 1.2980292979]","[-1.7933998108, -1.7804503441000001, -1.8105270863, -1.76757586, -1.7919534445]","[0.1912761033, 0.2297396958, 0.2336502075, 0.1693824381, 0.1759515405]",1.6004707813,4.9553647685,0.2336502075,0.1693824381,4.2303538322,50.0,0.648514092,rosenbrock_extreme,linear,91.502,134
rosenbrock,,matrixexponential,5,ode_transport,1024,0.005,1000,3,rosenbrock_extreme|linear,100,-1.5453449564,0.9110386542000001,0.0064420161000000005,20000,1.5453449564,0.2287061363,0.5277930498,2.3077345376,-2.0126030445,0.4070663154,"[0.2287061363, 0.2613907754, 0.3187102377, 0.2804598808, 0.3192517459]","[0.5277930498, 0.5183582902, 0.41520068050000003, 0.5115268826, 0.4300309718]","[2.3077345376, 1.9830779771, 1.3027528812, 1.8238861157, 1.3469964604]","[-2.1143684387, -1.9988274574, -2.0224661827, -1.9416797161000001, -1.9856734276]","[0.2161379009, 0.3128207326, 0.1834974438, 0.1466163248, 0.1409276575]",1.5633981228,4.7750198108,0.3128207326,0.1409276575,8.4915966988,62.0,0.629219234,rosenbrock_extreme,linear,91.502,134
rosenbrock,,matrixexponential,5,ode_transport,1024,0.005,1000,3,rosenbrock_extreme|linear,250,-1.1376303712,0.5267815107,0.0037249078000000002,20000,1.1376303712,0.1313109696,0.790756762,6.0220160166,-2.218644762,0.8592197299000001,"[0.1313109696, 0.1804052442, 0.2830364406, 0.2387470156, 0.2857203484]","[0.790756762, 0.607214272, 0.3634064496, 0.5003487468, 0.38102376460000004]","[6.0220160166, 3.3658349269, 1.2839564007, 2.095727754, 1.3335548791]","[-2.2649517059, -2.2114231586, -2.2744131088, -2.1248006821, -2.2176351547]","[0.3874719739, 0.3482833803, 0.105379127, 0.0780639127, 0.0808015242]",1.3741956949,3.9518969136,0.3874719739,0.0780639127,25.4915180206,92.0,0.4695781767,rosenbrock_extreme,linear,91.502,134
rosenbrock,,matrixexponential,5,ode_transport,1024,0.005,1000,3,rosenbrock_extreme|linear,500,-1.0284035075,0.4966173117,0.0035116147,20000,1.0284035075,0.11662136020000001,0.9283421040000001,7.9603093507,-2.3257576466,0.9148018956,"[0.11662136020000001, 0.14828553800000002, 0.27598571780000003, 0.2120054066, 0.276991576]","[0.9283421040000001, 0.6787364483, 0.3178980947, 0.4642598033, 0.3417010307]","[7.9603093507, 4.5772261923, 1.1518642965, 2.189848885, 1.2336152446]","[-2.2231776714, -2.2961380482, -2.4334306717, -2.318454504, -2.3575873375]","[0.39215409760000003, 0.2985060811, 0.1180104762, 0.1039199755, 0.087409474]",1.4284842014,4.1723699238,0.39215409760000003,0.087409474,61.3709597588,92.0,0.27075320480000004,rosenbrock_extreme,linear,91.502,134
rosenbrock,,matrixexponential,5,ode_transport,1024,0.005,1000,3,rosenbrock_extreme|linear,1000,-0.9194140106,0.46508301630000004,0.0032886335,20000,0.9194140106,0.10387113690000001,1.0393505096,10.006153207,-2.4004993439,0.8987070322,"[0.10387113690000001, 0.1283933371, 0.2093445659, 0.1656447202, 0.27979016300000004]","[1.0393505096, 0.8331600428, 0.3745594323, 0.4506877065, 0.3240305781]","[10.006153207, 6.4891221101, 1.7892006449, 2.720809368, 1.1581199804]","[-2.2260084152, -2.2351863384, -2.545778513, -2.5948905945, -2.4006328583]","[0.3252946734, 0.2819074392, 0.1289266348, 0.1790755242, 0.08479566870000001]",1.5036007166,4.4978554503,0.3252946734,0.08479566870000001,143.9243679047,,,rosenbrock_extreme,linear,91.502,134
hierarchical_mixture,,matrixexponential,5,ode_transport,1024,0.005,1000,3,hier_k5|linear,0,-60.2179015091,15.2781683266,0.1080329643,20000,60.2179015091,0.5,0.5,1.0,-1.3862943649,0.3870000243,"[0.5, 0.5, 0.5, 0.5, 0.5]","[0.5, 0.5, 0.5, 0.5, 0.5]","[1.0, 1.0, 1.0, 1.0, 1.0]","[-1.3862943649, -1.3862943649, -1.3862943649, -1.3862943649, -1.3862943649]","[0.200000003, 0.200000003, 0.200000003, 0.200000003, 0.200000003]",1.6094379425,5.0000001504,0.200000003,0.200000003,0.0281088352,50.0,10.9574012756,hier_k5,linear,90.974,122
hierarchical_mixture,,matrixexponential,5,ode_transport,1024,0.005,1000,3,hier_k5|linear,10,-57.621240238,16.035178057,0.1133858314,20000,57.621240238,0.4999134839,0.5527460575,1.105683434,-1.2863727093,0.39825826880000004,"[0.5001282692, 0.5015196204, 0.5001652837, 0.4999134839, 0.5006324053]","[0.5525351763, 0.5508319736, 0.5522683859, 0.5527460575, 0.5517287254000001]","[1.1047869323, 1.0983258703, 1.1041717686, 1.105683434, 1.1020635492]","[-1.2861288786, -1.2864379883000001, -1.2865378857, -1.2861768007, -1.2865819931]","[0.2089967579, 0.2034797221, 0.1892187297, 0.2090520263, 0.1892527044]",1.6084165573,4.9948958314,0.2090520263,0.1892187297,0.8906188011,50.0,11.3432540894,hier_k5,linear,90.974,122
hierarchical_mixture,,matrixexponential,5,ode_transport,1024,0.005,1000,3,hier_k5|linear,50,-46.1074036589,18.6894369732,0.1321542762,20000,46.1074036589,0.48516860600000006,0.8550102115,1.7581351967,-0.891306448,0.46299171450000004,"[0.4863165319, 0.49004948140000004, 0.4863536954, 0.48838248850000004, 0.48516860600000006]","[0.8550102115, 0.8359236717, 0.8325772882, 0.8513884544, 0.8338702321]","[1.7581351967, 1.7057944217, 1.7118761429, 1.7432821088000001, 1.7187225672]","[-0.8775374889, -0.8924669027000001, -0.9040483832, -0.8775431514, -0.9049363136]","[0.2510408461, 0.2000034899, 0.1491316259, 0.25105619430000004, 0.1487678438]",1.5830866098,4.8699643164,0.25105619430000004,0.1487678438,4.3818438053,50.0,12.5604114532,hier_k5,linear,90.974,122
hierarchical_mixture,,matrixexponential,5,ode_transport,1024,0.005,1000,3,hier_k5|linear,100,-30.492505666,19.6965810056,0.13927586,20000,30.492505666,0.42421492930000004,1.5724602938,3.5080686625,-0.4240773439,0.5090751648,"[0.44824102520000003, 0.4406898916, 0.4353704154, 0.45620661970000004, 0.42421492930000004]","[1.5724602938, 1.4491840601000001, 1.4115444422, 1.5494205952, 1.4464702606]","[3.5080686625, 3.2884440687, 3.2421689488, 3.3963132671, 3.4097580273]","[-0.3497827351, -0.44841316340000004, -0.48687365650000003, -0.3469284177, -0.488388747]","[0.3270033598, 0.1448829919, 0.1043084115, 0.3212409616, 0.1025642976]",1.4795433283000001,4.3909400049,0.3270033598,0.1025642976,9.274379015,62.0,11.8455314636,hier_k5,linear,90.974,122
hierarchical_mixture,,matrixexponential,5,ode_transport,1024,0.005,1000,3,hier_k5|linear,250,-12.8284848026,13.8028955255,0.0976012103,20000,12.8284848026,0.33902385830000004,2.9402303696,8.6679666832,-0.057214653500000004,0.5256664753,"[0.3723986447, 0.3821831942, 0.34854590890000003, 0.3815066814, 0.33902385830000004]","[2.1600859165, 2.9402303696, 2.9285094738, 2.142108202, 2.9386475086]","[5.8004666433, 7.6932487208, 8.4020767388, 5.614864185, 8.6679666832]","[-0.2176423669, 0.11663275960000001, 0.0205081701, -0.2018364072, -0.0037354231000000003]","[0.4583374858, 0.0416007638, 0.035548161700000004, 0.430663079, 0.0338504985]",1.0858807564,2.9620475124,0.4583374858,0.0338504985,29.9128408432,80.0,5.5509872437,hier_k5,linear,90.974,122
hierarchical_mixture,,matrixexponential,5,ode_transport,1024,0.005,1000,3,hier_k5|linear,500,-7.4495789854,10.4570330163,0.0739423896,20000,7.4495789854,0.3270963132,3.1350214481,8.7420729234,-0.0955916405,0.5470710993,"[0.3739930689, 0.3822193444, 0.3551385403, 0.3270963132, 0.34707602860000003]","[1.9001325369, 3.1350214481, 3.0125079155, 1.97587502, 3.0341639519]","[5.0806624366, 8.202152754, 8.4826274085, 6.040652065, 8.7420729234]","[-0.34159433840000003, 0.1808754206, 0.06752562520000001, -0.4364893436, 0.051724433900000005]","[0.4846290052, 0.0165186543, 0.015220237000000001, 0.46942454580000004, 0.014207569900000001]",0.8979705572000001,2.454616549,0.4846290052,0.014207569900000001,71.2274947166,116.0,15.5990352631,hier_k5,linear,90.974,122
hierarchical_mixture,,matrixexponential,5,ode_transport,1024,0.005,1000,3,hier_k5|linear,1000,-6.8036745663,9.1351484139,0.0645952539,20000,6.8036745663,0.30921936040000003,2.7445087433,7.5887117347,-0.12805992360000001,0.6703486443000001,"[0.4603053331, 0.3942190111, 0.36173990370000003, 0.30921936040000003, 0.35455587510000003]","[1.8907939196, 2.7445087433, 2.6383025646, 1.9884008169, 2.6906223297]","[4.107695009, 6.9618883571, 7.2933689032, 6.4303891408, 7.5887117347]","[-0.1388684511, 0.0787534118, -0.0466940999, -0.4863736629, -0.047116816000000006]","[0.49949994680000004, 0.0114670107, 0.0105984211, 0.4687159359, 0.0097187599]",0.8463633657,2.3311538641,0.49949994680000004,0.0097187599,154.8095989227,,,hier_k5,linear,90.974,122
hierarchical_mixture,,matrixexponential,50,ode_transport,1024,0.005,1000,3,hier_k50|linear,0,-56.6649683687,16.7998277,0.11879272090000001,20000,56.6649683687,0.5,0.5,1.0,-1.3862943649,0.0669880435,"[0.5, 0.5, 0.5, 0.5, 0.5, 0.5, 0.5, 0.5, 0.5, 0.5, 0.5, 0.5, 0.5, 0.5, 0.5, 0.5, 0.5, 0.5, 0.5, 0.5, 0.5, 0.5, 0.5, 0.5, 0.5, 0.5, 0.5, 0.5, 0.5, 0.5, 0.5, 0.5, 0.5, 0.5, 0.5, 0.5, 0.5, 0.5, 0.5, 0.5, 0.5, 0.5, 0.5, 0.5, 0.5, 0.5, 0.5, 0.5, 0.5, 0.5]","[0.5, 0.5, 0.5, 0.5, 0.5, 0.5, 0.5, 0.5, 0.5, 0.5, 0.5, 0.5, 0.5, 0.5, 0.5, 0.5, 0.5, 0.5, 0.5, 0.5, 0.5, 0.5, 0.5, 0.5, 0.5, 0.5, 0.5, 0.5, 0.5, 0.5, 0.5, 0.5, 0.5, 0.5, 0.5, 0.5, 0.5, 0.5, 0.5, 0.5, 0.5, 0.5, 0.5, 0.5, 0.5, 0.5, 0.5, 0.5, 0.5, 0.5]","[1.0, 1.0, 1.0, 1.0, 1.0, 1.0, 1.0, 1.0, 1.0, 1.0, 1.0, 1.0, 1.0, 1.0, 1.0, 1.0, 1.0, 1.0, 1.0, 1.0, 1.0, 1.0, 1.0, 1.0, 1.0, 1.0, 1.0, 1.0, 1.0, 1.0, 1.0, 1.0, 1.0, 1.0, 1.0, 1.0, 1.0, 1.0, 1.0, 1.0, 1.0, 1.0, 1.0, 1.0, 1.0, 1.0, 1.0, 1.0, 1.0, 1.0]","[-1.3862943649, -1.3862943649, -1.3862943649, -1.3862943649, -1.3862943649, -1.3862943649, -1.3862943649, -1.3862943649, -1.3862943649, -1.3862943649, -1.3862943649, -1.3862943649, -1.3862943649, -1.3862943649, -1.3862943649, -1.3862943649, -1.3862943649, -1.3862943649, -1.3862943649, -1.3862943649, -1.3862943649, -1.3862943649, -1.3862943649, -1.3862943649, -1.3862943649, -1.3862943649, -1.3862943649, -1.3862943649, -1.3862943649, -1.3862943649, -1.3862943649, -1.3862943649, -1.3862943649, -1.3862943649, -1.3862943649, -1.3862943649, -1.3862943649, -1.3862943649, -1.3862943649, -1.3862943649, -1.3862943649, -1.3862943649, -1.3862943649, -1.3862943649, -1.3862943649, -1.3862943649, -1.3862943649, -1.3862943649, -1.3862943649, -1.3862943649]","[0.019999999600000002, 0.019999999600000002, 0.019999999600000002, 0.019999999600000002, 0.019999999600000002, 0.019999999600000002, 0.019999999600000002, 0.019999999600000002, 0.019999999600000002, 0.019999999600000002, 0.019999999600000002, 0.019999999600000002, 0.019999999600000002, 0.019999999600000002, 0.019999999600000002, 0.019999999600000002, 0.019999999600000002, 0.019999999600000002, 0.019999999600000002, 0.019999999600000002, 0.019999999600000002, 0.019999999600000002, 0.019999999600000002, 0.019999999600000002, 0.019999999600000002, 0.019999999600000002, 0.019999999600000002, 0.019999999600000002, 0.019999999600000002, 0.019999999600000002, 0.019999999600000002, 0.019999999600000002, 0.019999999600000002, 0.019999999600000002, 0.019999999600000002, 0.019999999600000002, 0.019999999600000002, 0.019999999600000002, 0.019999999600000002, 0.019999999600000002, 0.019999999600000002, 0.019999999600000002, 0.019999999600000002, 0.019999999600000002, 0.019999999600000002, 0.019999999600000002, 0.019999999600000002, 0.019999999600000002, 0.019999999600000002, 0.019999999600000002]",3.9120233059,50.0000150232,0.019999999600000002,0.019999999600000002,0.1194097996,50.0,3.6864042282000002,hier_k50,linear,76.838,110
hierarchical_mixture,,matrixexponential,50,ode_transport,1024,0.005,1000,3,hier_k50|linear,10,-53.7261555139,17.4071450855,0.1230871033,20000,53.7261555139,0.4710270166,0.5529556274,1.1405765854,-1.2934123707,0.0736027062,"[0.4997955263, 0.5023417473, 0.5017163754, 0.49977013470000003, 0.49977815150000005, 0.4999392033, 0.4710270166, 0.5078216195, 0.4998878539, 0.49984157090000003, 0.5007443428, 0.47260150310000004, 0.5009061694, 0.5004017949, 0.4998208582, 0.4998702109, 0.4998256862, 0.4997189641, 0.4996839762, 0.4999637008, 0.5000411868, 0.5002160668, 0.49981105330000003, 0.4998072684, 0.5029327869, 0.49980857970000003, 0.4970772862, 0.499889195, 0.4997596145, 0.5000024438, 0.5139083266, 0.499683708, 0.4997678399, 0.5010754466, 0.5008192658, 0.5025997162, 0.5021551251, 0.5041484833000001, 0.499730885, 0.4999392331, 0.49989646670000004, 0.4999279082, 0.4998809397, 0.5002279282000001, 0.4712245762, 0.4997629523, 0.4998590946, 0.5011927485000001, 0.4999549985, 0.49972793460000003]","[0.5526868701000001, 0.5439833403000001, 0.5506277084, 0.5527564883, 0.55277282, 0.5523553491000001, 0.5297034979, 0.5440170765, 0.5529287457000001, 0.5529556274, 0.5516399145, 0.5290572047000001, 0.5515756011, 0.5492111444000001, 0.5526791811, 0.5526744723, 0.5526707768, 0.5528696179, 0.5529106259000001, 0.5525719523, 0.5526382923000001, 0.5523114204, 0.5526999235, 0.5527744293, 0.5492249727, 0.5527309775, 0.5346576571, 0.5525203347000001, 0.5528258681, 0.5526382923000001, 0.5340133309, 0.5529110432000001, 0.5527194738, 0.5514761806, 0.5515416265, 0.549497664, 0.5501974821, 0.547986269, 0.5528668761000001, 0.5529358983, 0.5526687503000001, 0.5524833798000001, 0.5525547862, 0.5515842438, 0.5374677181, 0.5528081059000001, 0.5526881218, 0.5512536168000001, 0.552500844, 0.5528754592]","[1.1058259649, 1.0828949479, 1.0974880141, 1.1060214486, 1.106036385, 1.1048450401, 1.124571371, 1.0712759276, 1.1061055824, 1.1062617831, 1.1016398337, 1.1194573043, 1.1011555353, 1.0975403167, 1.1057545358, 1.1056359437, 1.1057270406, 1.1063610902, 1.1065206256, 1.1052241423, 1.1051855465, 1.1041457023, 1.1058177283, 1.1059751714, 1.0920444779, 1.1058853329, 1.0756026717, 1.1052856119, 1.1061835573, 1.1052711825, 1.0391217719, 1.1065220546, 1.1059524637, 1.10058512, 1.1012787727, 1.0933107327, 1.0956723422, 1.086954116, 1.1063292118, 1.1060062138, 1.1055664264, 1.1051261008, 1.1053727844, 1.1026658304, 1.1405765854, 1.106140628, 1.1056878383, 1.0998834648, 1.1051011504, 1.1063529191]","[-1.2865198851, -1.297311306, -1.2864167690000001, -1.286444664, -1.2863991261, -1.2868324518, -1.3882776499, -1.2863997221, -1.2858976126, -1.2859416008, -1.2865194082, -1.3861614466, -1.2863128185000001, -1.2916162014, -1.2864830494, -1.2863929272, -1.2864886522, -1.2863425016, -1.2863383293, -1.2863913774, -1.2861163616, -1.2863583565, -1.286465168, -1.2863379717, -1.2865458727, -1.286413908, -1.3251383305, -1.2866338491, -1.2863402367, -1.2861938477000001, -1.2930448055000001, -1.2863380909, -1.2865163088, -1.2861552238, -1.2865478992, -1.2867119312, -1.2863242626, -1.2863894701, -1.2863235474, -1.2857818604, -1.2863507271, -1.2866232395, -1.2865879536, -1.2876521349, -1.3733069897, -1.2863657475, -1.286390543, -1.2863248587, -1.286537528, -1.2863140106]","[0.019239500200000002, 0.0212623626, 0.019246760800000002, 0.019245278100000002, 0.0192396399, 0.0192475785, 0.021261248700000002, 0.020358922, 0.0211610775, 0.0208959877, 0.0192784816, 0.0212616324, 0.0212680455, 0.0212711114, 0.019243868100000002, 0.0192514081, 0.019240463200000002, 0.019237414, 0.0192385633, 0.0192494988, 0.021229550200000002, 0.0197911803, 0.0192375947, 0.0192338228, 0.0200659204, 0.0192450527, 0.0212613065, 0.0192412362, 0.0192414112, 0.0206594616, 0.0212592259, 0.0192384478, 0.0192694888, 0.021059392, 0.019234173, 0.0192380324, 0.0192433596, 0.0212659128, 0.0192403253, 0.0212509744, 0.0192418974, 0.019285660200000002, 0.0192522909, 0.021259594700000002, 0.0212641247, 0.0192392692, 0.0212594364, 0.021074721600000002, 0.0196780898, 0.0192402806]",3.910987854,49.948269208,0.0212711114,0.0192338228,3.6942110062,50.0,3.7967066765,hier_k50,linear,76.838,110
hierarchical_mixture,,matrixexponential,50,ode_transport,1024,0.005,1000,3,hier_k50|linear,50,-42.1299575885,18.5163661572,0.13093048070000002,20000,42.1299575885,0.3580422699,0.8621641397,1.9698003272,-0.9348574221,0.1038239002,"[0.4805535078, 0.4833880961, 0.4821637273, 0.47291460630000004, 0.4821746945, 0.4797261953, 0.3623020053, 0.4865852296, 0.4873408079, 0.4877232909, 0.47444975380000004, 0.3580422699, 0.4897021353, 0.48218005900000005, 0.48122119900000004, 0.48152494430000004, 0.48184421660000004, 0.4818062782, 0.4823507071, 0.4857415855, 0.4868791401, 0.4881890714, 0.4813739657, 0.481895864, 0.47750666740000003, 0.48067519070000003, 0.3919382095, 0.4813093543, 0.4831663966, 0.48628327250000003, 0.448641777, 0.48252296450000004, 0.4784623981, 0.4818814099, 0.4800986648, 0.4799298644, 0.4995746613, 0.48452118040000003, 0.48622804880000003, 0.4898011088, 0.4821054637, 0.48477935790000004, 0.48333093520000003, 0.4876906574, 0.3903349638, 0.48235678670000004, 0.4851703942, 0.4802240431, 0.4791344702, 0.4848820567]","[0.8419664502, 0.8189232349000001, 0.8424625993, 0.8508663774, 0.8429987431, 0.8412306309, 0.6903715730000001, 0.8441904783, 0.8545534611000001, 0.8492500782, 0.8478834033, 0.7052717805000001, 0.8447548747, 0.8247701526000001, 0.8450726867, 0.8456133604, 0.8419618607, 0.8447614908000001, 0.8424668312, 0.8372014165, 0.8588019013, 0.8356419206, 0.8408991694, 0.8430252671, 0.8481833935, 0.8469110131, 0.7011626363, 0.8410826325, 0.8434615135, 0.8557880521000001, 0.7682020068000001, 0.8417569995, 0.8394699693000001, 0.8621641397, 0.8407083750000001, 0.8382460475, 0.8128994703, 0.8556147814, 0.8375611305, 0.8506771922, 0.8445250988, 0.837618351, 0.8397089839, 0.8468412161000001, 0.7362466455000001, 0.8435514569, 0.8522754908, 0.8614467978, 0.8505608439000001, 0.8416958451000001]","[1.7520763797, 1.6941319854, 1.7472542035, 1.799196654, 1.7483263900000001, 1.7535640935, 1.9055140819, 1.7349282858000001, 1.7535027792, 1.7412538913, 1.7870878772, 1.9698003272, 1.7250381687, 1.7105024093, 1.7561002889, 1.7561153797, 1.7473735944, 1.7533218827000001, 1.7465856666, 1.7235531021000001, 1.763891345, 1.7117177944, 1.7468729705000001, 1.749393033, 1.7762754982, 1.7619195447, 1.7889621864, 1.7474886474, 1.7456957260000001, 1.7598550073, 1.7122837108, 1.7444910636, 1.7545160763, 1.7891624829000001, 1.7511158366, 1.7466011383, 1.6271831487, 1.765897583, 1.7225685202, 1.7367808624, 1.7517434717, 1.7278341937000001, 1.7373375521, 1.7364310824, 1.8861918960000001, 1.7488122488, 1.7566518917, 1.7938435407, 1.7752027809, 1.735877485]","[-0.9048318267000001, -0.9267003536, -0.9008975625000001, -0.9103406668, -0.9002386332000001, -0.9074291587000001, -1.3858025074, -0.8897203207000001, -0.8759678006, -0.8814086914, -0.9106117487000001, -1.3762762547, -0.8826667666, -0.9220882058000001, -0.8997609019, -0.8984903097, -0.9021549821, -0.8989140987, -0.9005048275, -0.8997690678, -0.8719563484, -0.8966076374, -0.9043943286, -0.900785625, -0.903835535, -0.8987231255, -1.2916665077, -0.9043104053000001, -0.8976351619, -0.8766964674000001, -1.0652331114, -0.900990665, -0.9121622443, -0.8783668280000001, -0.9072740674, -0.9105589390000001, -0.9011460543, -0.8805291653, -0.8983385563, -0.8754783869, -0.8985732198, -0.9012541771, -0.9017536044000001, -0.8843160272, -1.246940136, -0.8992055655000001, -0.8831005692, -0.8826444745, -0.8976333141, -0.896186173]","[0.0161655881, 0.0266717989, 0.0161689036, 0.0163155887, 0.0161655582, 0.016041807800000002, 0.026743978300000002, 0.022626103800000002, 0.025788852900000003, 0.0244063903, 0.0165019948, 0.0267382041, 0.0261649545, 0.0268639177, 0.0162664, 0.0162128843, 0.016170145900000002, 0.0161876604, 0.0162185803, 0.0160983447, 0.0252734069, 0.0175008662, 0.0161254983, 0.0162057877, 0.0170599222, 0.016248675100000002, 0.0266101137, 0.0161287878, 0.0161687881, 0.0227290094, 0.0265945476, 0.0162276719, 0.016644442500000002, 0.0228637345, 0.0159879401, 0.0160481781, 0.0159938354, 0.0267846212, 0.0161240939, 0.0269539077, 0.0161597524, 0.0165584348, 0.0163424574, 0.026833823000000003, 0.0268036257, 0.0161568802, 0.027083328, 0.0260592904, 0.021053623400000002, 0.016157303]",3.8852577209,48.6794865664,0.027083328,0.0159879401,18.4424340725,50.0,4.1051030159,hier_k50,linear,76.838,110
hierarchical_mixture,,matrixexponential,50,ode_transport,1024,0.005,1000,3,hier_k50|linear,100,-27.3793531614,18.383789822,0.1299930245,20000,27.3793531614,0.2623383701,1.7228569984,3.9921122509,-0.48959256290000003,0.1606380343,"[0.4281757176, 0.46528181430000004, 0.4153029025, 0.4185899198, 0.4344433844, 0.42384269830000004, 0.2801308632, 0.43699511890000003, 0.4560619891, 0.45550364260000004, 0.42221441860000003, 0.2623383701, 0.4520432949, 0.4603865743, 0.4355026782, 0.4431815743, 0.43274328110000004, 0.43725377320000003, 0.4387337565, 0.4432213306, 0.4686080515, 0.4501047432, 0.42919409280000004, 0.43777439, 0.42791172860000004, 0.4365123212, 0.26792716980000003, 0.4299582541, 0.42847937350000004, 0.46536514160000003, 0.3758533001, 0.4393053651, 0.4348168969, 0.4363178909, 0.41788128020000004, 0.4116911292, 0.43658104540000003, 0.4450669289, 0.43654981260000003, 0.46330013870000003, 0.4212117493, 0.45402854680000004, 0.4464381933, 0.46234524250000003, 0.37612211700000003, 0.4352288842, 0.4560950398, 0.4403510094, 0.4383142591, 0.4370394349]","[1.4303133488, 1.7228569984, 1.5106343031, 1.4218631983, 1.4179990292, 1.4437078238, 0.9343333244, 1.5596967936000001, 1.5908282995, 1.5504016876, 1.436781764, 1.0382624865, 1.5727529526, 1.5822271109000001, 1.4517612457, 1.4520145655, 1.4207520485, 1.4156128168, 1.405238986, 1.4095647335, 1.6309329271, 1.3946423531, 1.4211273193, 1.4102114439, 1.5009020567, 1.4557173252, 1.0695953369, 1.4272671938000001, 1.4752875566, 1.5711958408, 1.3938431740000001, 1.4023857117, 1.3752048016, 1.5869400501, 1.4423093796, 1.4690674543, 1.4476251602, 1.6441888809, 1.4526263475, 1.5645164251, 1.5032171011, 1.4238171577, 1.4317557812, 1.5650382042, 1.2388919592, 1.4167661667, 1.5632120371, 1.6279565096, 1.5151827335, 1.4478229284]","[3.3404821666, 3.7028247083, 3.6374277525, 3.3967927344, 3.2639443482, 3.4062349768, 3.3353458944, 3.5691400802, 3.4881843645, 3.4037086485, 3.4029670721, 3.9577225631, 3.4792086738, 3.4367359938, 3.3335300069000002, 3.2763423606, 3.2831290755, 3.2375085214, 3.2029424795, 3.1802727803, 3.4803775176, 3.0984840173, 3.3111530269, 3.221320105, 3.5075038993, 3.3348825552, 3.9921122509, 3.3195483054, 3.4430771889, 3.3762645722, 3.7084766148, 3.1922799563, 3.1627216222, 3.6371189064, 3.4514811933, 3.5683728653, 3.3158222866, 3.6942508515, 3.3275156827, 3.3768960862, 3.5687919521, 3.1359639559, 3.2070638279, 3.3849990447, 3.293855647, 3.2552209149, 3.4273822351, 3.6969519201, 3.4568410729, 3.312796999]","[-0.4903280437, -0.2211280465, -0.4662175477, -0.5188954473, -0.4844428897, -0.4911782146, -1.3404203653, -0.3833417892, -0.3208717406, -0.3478375077, -0.49983626600000003, -1.3005714417, -0.3411497772, -0.31685534120000003, -0.4584768414, -0.44082376360000003, -0.4864242673, -0.47967901830000004, -0.48365515470000003, -0.4704050422, -0.2688363791, -0.4656369388, -0.4943956137, -0.4823119342, -0.4427720308, -0.4534398913, -1.2497596741, -0.4883055985, -0.4586597383, -0.3130959272, -0.6464915872, -0.48438560960000004, -0.5142275691, -0.3675765395, -0.5063123107, -0.5028540492, -0.4588568509, -0.3122834265, -0.4554795921, -0.3218034208, -0.4570120573, -0.43625378610000004, -0.4475528002, -0.3235331178, -0.7636240721, -0.48350626230000004, -0.3383113742, -0.3328575492, -0.40928310160000003, -0.4576708376]","[0.0124575775, 0.0331308581, 0.0121739572, 0.0128019191, 0.012604125800000001, 0.0118441954, 0.0334829539, 0.022744230900000002, 0.034260883900000004, 0.032463137100000004, 0.012613134500000001, 0.0335028358, 0.0241164807, 0.0342235006, 0.0130032906, 0.0127861081, 0.012550784300000001, 0.012856588700000001, 0.01286327, 0.0119671542, 0.030581811400000002, 0.0119248684, 0.0123678064, 0.0129314596, 0.0145669496, 0.0129897399, 0.03196197, 0.0123241954, 0.012357953000000001, 0.0228179134, 0.0331932381, 0.0128753819, 0.012709461200000001, 0.027991985900000002, 0.0119098825, 0.0119336285, 0.011479391700000001, 0.0345929265, 0.0121106179, 0.0362216681, 0.0122442963, 0.0125512993, 0.0128151998, 0.0349434614, 0.0342309959, 0.0126107279, 0.035395994800000004, 0.0333201252, 0.0211970806, 0.0124009419]",3.8023331165,44.8055993244,0.0362216681,0.011479391700000001,39.8040869236,56.0,3.7949192524,hier_k50,linear,76.838,110
hierarchical_mixture,,matrixexponential,50,ode_transport,1024,0.005,1000,3,hier_k50|linear,250,-11.4644670783,14.4537826989,0.1022036776,20000,11.4644670783,0.18948514760000001,3.0831027031,13.6164744442,-0.0746016991,0.2517308593,"[0.3721698523, 0.4293672442, 0.3316664398, 0.3436752856, 0.3711932898, 0.3550208807, 0.2336033583, 0.3544546664, 0.33768576380000004, 0.34236088400000003, 0.35129341480000004, 0.18948514760000001, 0.387290448, 0.2916544974, 0.3836236894, 0.4108784199, 0.366969943, 0.3569481969, 0.3591637015, 0.35722041130000004, 0.4816739559, 0.3720238805, 0.3776899576, 0.3612620831, 0.3878733814, 0.3907324374, 0.194158867, 0.3606730402, 0.3470945656, 0.4764086306, 0.3095776141, 0.3604424, 0.3722444773, 0.3322618008, 0.3656107485, 0.3668099642, 0.3765349984, 0.3501853049, 0.36189532280000003, 0.3347601891, 0.3450141847, 0.42679256200000004, 0.40932190420000003, 0.3107537329, 0.2675444782, 0.37196236850000003, 0.3626250923, 0.35032045840000003, 0.3712616563, 0.3535196185]","[3.0367262363, 2.6751585007, 3.0326831341, 2.6083090305, 3.0651400089, 3.0496940613, 2.5853021145, 2.5090825558, 2.0162489414, 2.0254874229, 2.5746464729, 2.5255441666, 2.8553192616, 1.8653947115, 3.0360665321, 2.9781823158000003, 3.0831027031, 2.4853556156, 2.5088322163, 3.0321233273, 2.7114627361, 2.9428157806, 2.9808535576, 2.4264073372, 2.8857336044, 3.0176067352, 2.6437592506, 3.0804738998, 3.027415514, 2.8343052864000002, 2.67659235, 2.5038743019, 2.5456368923, 2.1288342476, 2.8792977333, 2.9553039074, 2.8769931793, 2.3699669838, 2.9327619076, 1.930685997, 3.0049345493, 2.9458565712, 2.9910547733, 1.7894740105, 1.88699615, 3.0558917522, 2.2114403248, 2.3957276344, 2.5002286434, 3.0183444023]","[8.1595169999, 6.230467127, 9.1437744988, 7.5894576654, 8.2575307623, 8.5901822317, 11.0670588541, 7.0787121564, 5.9707845499, 5.9162349377, 7.329048494, 13.3284544916, 7.3725527615, 6.3959058688, 7.9141789621, 7.2483298508, 8.40151288, 6.9627907839, 6.9852053689, 8.488102111, 5.6292492106, 7.9102873096, 7.8923294026, 6.7164738593, 7.4398856508, 7.7229491248, 13.6164744442, 8.5409042454, 8.7221633923, 5.9493155755, 8.6459492818, 6.9466697094, 6.8386156081000005, 6.4070989885, 7.8753093143, 8.0567710695, 7.6407058877, 6.7677511043, 8.103895582, 5.7673703747000005, 8.7095971194, 6.902314692, 7.3073410994, 5.7584956218, 7.0530184845, 8.2155938641, 6.098420578, 6.8386746389, 6.7344111655, 8.5379827434]","[0.122375071, 0.1385659575, 0.0058221817, -0.1093558669, 0.1290608644, 0.07946252820000001, -0.5042882562000001, -0.1172576547, -0.38440066580000004, -0.3660795093, -0.1004213095, -0.7369880676, 0.1006032228, -0.6087126732, 0.15246963500000002, 0.20185518260000002, 0.1234611273, -0.11974883080000001, -0.10415965320000001, 0.0798609257, 0.2670004368, 0.090569675, 0.11852806810000001, -0.1317399144, 0.11270284650000001, 0.1647318006, -0.6668766141, 0.1053000689, 0.0495512486, 0.3003174663, -0.18800193070000001, -0.1025838256, -0.053823530700000004, -0.34625750780000003, 0.0513603687, 0.0806901455, 0.08000147340000001, -0.1864168048, 0.0595444441, -0.4364654422, 0.0360859632, 0.2289424539, 0.2023727298, -0.5868328214, -0.6834831834, 0.1281087995, -0.22074180840000002, -0.17521995310000002, -0.0744659901, 0.06489217280000001]","[0.005450666000000001, 0.037918932700000005, 0.0052467459000000004, 0.0062529934, 0.0058617941000000005, 0.00463351, 0.0391706228, 0.013827899500000001, 0.07247054580000001, 0.0690796077, 0.0052154288000000005, 0.0399461463, 0.0077778911, 0.0454299673, 0.0067840586, 0.0061611664, 0.0057038795, 0.007013702300000001, 0.0069228187000000005, 0.0051333131, 0.0360188261, 0.0043190629, 0.0053410609, 0.0064481320000000005, 0.0087248376, 0.0067482302, 0.0399434157, 0.0053042015, 0.0055493526, 0.014353331200000001, 0.0444438383, 0.0068683522, 0.0051743896, 0.0534710102, 0.004715640100000001, 0.004642983000000001, 0.0043511488, 0.0449530631, 0.0051518143, 0.0649804175, 0.0053084698, 0.0048987926, 0.0058399481, 0.052403051400000004, 0.049039218600000004, 0.0059131351, 0.0495689437, 0.0423437692, 0.011489409, 0.005690481000000001]",3.4326059818,30.9572116545,0.07247054580000001,0.0043190629,120.9766697884,74.0,1.5329867601,hier_k50,linear,76.838,110
hierarchical_mixture,,matrixexponential,50,ode_transport,1024,0.005,1000,3,hier_k50|linear,500,-7.0681216352,9.657113591,0.06828610510000001,20000,7.0681216352,0.17288057510000002,3.0748064518,9.2534820558,-0.21628696320000002,0.2968776524,"[0.3791919053, 0.3391878903, 0.3235558569, 0.3212255538, 0.3709430993, 0.3448767364, 0.24532410500000001, 0.3222883344, 0.2837904096, 0.30289238690000003, 0.3250584006, 0.17288057510000002, 0.3660024107, 0.2194809616, 0.3891433179, 0.4205702841, 0.3625184596, 0.3238112032, 0.3263700008, 0.3472395539, 0.3794963658, 0.3557547331, 0.39869257810000003, 0.3261609972, 0.3656715155, 0.3991185129, 0.222539857, 0.3517024219, 0.3427691758, 0.45195403700000003, 0.2804426551, 0.3270913064, 0.3471148908, 0.332957536, 0.4070864916, 0.39413392540000003, 0.4248274267, 0.3252684474, 0.36802151800000005, 0.2725084424, 0.3442657888, 0.4332920015, 0.4160945415, 0.2527889609, 0.2982677817, 0.3725718558, 0.2569859326, 0.3193254471, 0.3363372684, 0.3482462764]","[3.0332140923, 1.5953046083, 2.9940183163, 2.4508655071, 3.0478036404, 3.0448830128, 2.2105028629, 2.3211262226000002, 2.0099070072, 1.9806492329, 2.4901258945, 1.2712986469, 2.7868855, 1.8155946732000001, 2.9233751297, 2.8724720478, 3.0748064518, 2.3051242828, 2.3389251232, 2.9731752872, 1.7779595852, 2.919832468, 2.9560742378000002, 2.3067531586, 2.691075325, 2.9007754326, 1.2676464319, 3.0714762211, 2.947719574, 2.6183815002, 2.4416208267, 2.3428959846, 2.4488070011, 1.7634829283, 2.8289222717, 2.9594089985, 2.7489366531, 1.8154103756, 2.7393631935, 1.9886555672000001, 2.9195244312, 2.9036214352, 2.9124853611, 1.9252417088, 1.9912896156, 3.0298540592, 1.9143106937, 1.864410758, 2.3075699806, 2.9146318436]","[7.9991530678, 4.7033064977, 9.2534820558, 7.6297339315, 8.2163643061, 8.8289023044, 9.010540822, 7.2020174951, 7.082364095, 6.5391185729, 7.6605492727, 7.3536234275, 7.6143911047, 8.2722194228, 7.5123354172, 6.8299453295, 8.481792777, 7.1187292464, 7.1664831853, 8.5623174365, 4.6850503601, 8.2074311217, 7.4144200328, 7.0724371666, 7.3592697577, 7.2679551037, 5.6962669467, 8.7331676719, 8.5997218606, 5.7934685525, 8.7063104789, 7.1628194894, 7.0547448868, 5.2964199266, 6.9491921992, 7.5086380732, 6.4707137076, 5.5812679961, 7.44348648, 7.2975925063, 8.480437285, 6.7013040287, 6.9995759864, 7.6160038858, 6.6761807261, 8.1322676745, 7.4490874830000005, 5.8385912399, 6.8608810196, 8.3694558744]","[0.13990998270000002, -0.6141363382, -0.0317671299, -0.2391705513, 0.1227146387, 0.048894286200000005, -0.6119550467, -0.29025620220000004, -0.5614308715, -0.5109529495, -0.21141719820000002, -1.5151152611, 0.0198092461, -0.9200766683, 0.12893116470000002, 0.1890293956, 0.1085619926, -0.2924600244, -0.27003210780000003, 0.0318901539, -0.3934438825, 0.038012504600000004, 0.1642974019, -0.2845231891, -0.016078949000000002, 0.146481216, -1.2654870749, 0.07718849180000001, 0.0103337765, 0.16838157180000002, -0.3787239194, -0.2661281824, -0.1624985337, -0.5324494839, 0.1411661506, 0.15392506120000002, 0.15514189, -0.5267928839, 0.0081115961, -0.6126268506, 0.0050795078, 0.2296153307, 0.1921640038, -0.7201487422, -0.5209811926, 0.1211890578, -0.7093762755, -0.5185993910000001, -0.2534458637, 0.014898181000000002]","[0.0020073534, 0.027829472, 0.0019067645, 0.0025456268, 0.0023019204, 0.0015912672, 0.0258587301, 0.0040029269, 0.1478583366, 0.1353789568, 0.0017909296000000001, 0.0310407411, 0.0023646832, 0.0473214015, 0.0024937356, 0.0021133253, 0.0021919836, 0.0034793315, 0.0033933178, 0.0019367428, 0.023641737200000002, 0.0014711532, 0.0019549686000000003, 0.0027270392, 0.0029442532, 0.002477621, 0.031142782400000003, 0.0019507018, 0.0021289955, 0.0045076334, 0.025599828, 0.0033137011, 0.0018120491, 0.0806916803, 0.0016122848000000001, 0.0015713873000000001, 0.0015165345, 0.0315248184, 0.0019426354, 0.1080321893, 0.0019801073, 0.0014648917, 0.0018956338000000001, 0.0641876161, 0.0534306318, 0.0023447364, 0.0616196878, 0.0255466532, 0.0033153046, 0.0022431007000000003]",2.9177780151,18.500134737,0.1478583366,0.0014648917,276.5632917881,80.0,0.8471488953,hier_k50,linear,76.838,110
hierarchical_mixture,,matrixexponential,50,ode_transport,1024,0.005,1000,3,hier_k50|linear,1000,-4.935191919,7.3588088097,0.052034636100000004,20000,4.935191919,0.1748754233,3.0829818249,9.1632434223,-0.394871428,0.4198672771,"[0.3742197156, 0.2597205043, 0.3180602789, 0.30401968960000003, 0.3778118789, 0.3383768499, 0.18592801690000002, 0.3061926365, 0.3847354054, 0.4071801305, 0.3108343482, 0.2132202387, 0.3606832922, 0.2235455066, 0.3888477683, 0.40701934700000003, 0.366263479, 0.3017432988, 0.3039426804, 0.3621177077, 0.3651992381, 0.3546575904, 0.40143039820000004, 0.3033891916, 0.3395453393, 0.3902092874, 0.19137419760000002, 0.3532707393, 0.3397163749, 0.3732650876, 0.26491746310000003, 0.3040724993, 0.3265605569, 0.1748754233, 0.44899412990000004, 0.40120932460000003, 0.4400008321, 0.3321705461, 0.3764336109, 0.2690223157, 0.3383733928, 0.4395306706, 0.421105653, 0.23408776520000002, 0.2647816837, 0.38303893800000005, 0.2331893444, 0.28997743130000003, 0.3112105429, 0.3520155847]","[3.063747406, 0.6668879986, 2.9144637585, 2.1247227192, 3.0116467476, 3.0829818249, 0.6120076776000001, 2.0040383339, 1.9479486942, 1.8878252506, 2.2764215469, 0.6533603072, 2.6927959919, 1.7533894777, 2.7253599167, 2.7092528343, 3.0477292538, 2.0134119987, 2.0188114643, 2.7813985348, 0.685372889, 2.8427205086000003, 2.9460055828000002, 2.0637202263, 2.7136063576000002, 2.7052226067, 0.6759107113, 3.0548210144, 2.7799904346, 2.3474152088, 2.254709959, 2.0280201435, 2.1845526695, 1.504062295, 2.8273098469, 3.022197485, 2.3098371029, 1.7200272083, 2.3251993656, 1.921167016, 2.7345974445, 2.8234918118, 2.7949051857000002, 1.6618773937, 2.0684070587, 2.977796793, 1.8700816631000001, 1.7758495808, 1.998521924, 2.6944112778]","[8.1870283107, 2.567714091, 9.1632434223, 6.9887668206, 7.9712865466, 9.1110896797, 3.2916377411, 6.545024586, 5.0630866478, 4.6363393233, 7.3235842825, 3.064250895, 7.4658184909, 7.843546061, 7.0088094592, 6.6563244588, 8.321138821, 6.6725988844, 6.642079559, 7.6809238416, 1.8767095262, 8.0153945259, 7.3387705461, 6.8022206566, 7.9918822117, 6.9327478714, 3.5318800536, 8.6472517376, 8.1832688686, 6.2888689212, 8.5109903022, 6.6695283143, 6.6895790794, 8.6007642839, 6.2969862157, 7.5327199536, 5.2496198518, 5.1781448679, 6.176917518, 7.1412923896, 8.0815971426, 6.4238789244, 6.6370640372, 7.0993774159, 7.8117452459, 7.7741359878, 8.0195845479, 6.1240958402, 6.4217680586, 7.6542386043]","[0.1367266178, -1.7532823086, -0.0758285522, -0.4370215535, 0.1291280985, 0.042302250900000005, -2.1734061241, -0.4883764982, -0.28842252490000003, -0.2630741, -0.3458904624, -1.9710562229, -0.0291749239, -0.9365895987, 0.0580331683, 0.0977783203, 0.10999453070000001, -0.4983478785, -0.48840725420000003, 0.0071679354, -1.3851044178, 0.0081590414, 0.1677290797, -0.4682285786, -0.0818692446, 0.054112136400000004, -2.0452189445, 0.0762004852, -0.0571967363, -0.1321516037, -0.5153155923, -0.48342913390000003, -0.337728858, -1.3355118036, 0.2385802269, 0.1927122474, 0.0161983371, -0.5597665906, -0.13320779800000002, -0.6600281596, -0.07762110230000001, 0.2159265876, 0.1629266739, -0.944111228, -0.6020709276, 0.1315650344, -0.8299223781, -0.6636732817000001, -0.47487771510000004, -0.0529000759]","[0.0009411906, 0.0465666838, 0.0008956228, 0.0013123943, 0.0011388505, 0.0007038578000000001, 0.0250763576, 0.0016899508, 0.1395692229, 0.1289703399, 0.0007916811000000001, 0.0700579211, 0.0010485885, 0.0306266826, 0.0012827803, 0.0011121179, 0.001058539, 0.0023416996000000002, 0.0022401409, 0.0009793426, 0.0346907377, 0.0006743195, 0.0009244301, 0.0015662317, 0.001476319, 0.0013325765, 0.061338756200000004, 0.0009070958000000001, 0.0010534815, 0.0027960227000000002, 0.0140891699, 0.0021492816, 0.0008236178000000001, 0.11696498840000001, 0.0007182099, 0.0006950168000000001, 0.0007375108, 0.019477324600000002, 0.0009891745, 0.1010830253, 0.0009661483, 0.0006450911, 0.0008798735, 0.061283320200000005, 0.058406230100000005, 0.0011746401, 0.036583021300000004, 0.0146110551, 0.0014198285, 0.0011395675000000001]",2.7642946243,15.8678432515,0.1395692229,0.0006450911,628.1241409779,,,hier_k50,linear,76.838,110
banana,,matrixexponential,5,ode_transport,1024,0.005,1000,4,banana|linear,0,-3.068473828,1.6270369820000001,0.0115048888,20000,3.068473828,0.5,0.5,1.0,-1.3862943649,0.419205457,"[0.5, 0.5, 0.5, 0.5, 0.5]","[0.5, 0.5, 0.5, 0.5, 0.5]","[1.0, 1.0, 1.0, 1.0, 1.0]","[-1.3862943649, -1.3862943649, -1.3862943649, -1.3862943649, -1.3862943649]","[0.200000003, 0.200000003, 0.200000003, 0.200000003, 0.200000003]",1.6094379425,5.0000001504,0.200000003,0.200000003,0.1110510826,50.0,1.2899211645,banana,linear,64.988,98
banana,,matrixexponential,5,ode_transport,1024,0.005,1000,4,banana|linear,10,-2.813988738,1.6075174836000001,0.0113668651,20000,2.813988738,0.4995473623,0.5528151989,1.1062610085,-1.2867813587,0.429882735,"[0.5005453229, 0.4998414814, 0.49983924630000004, 0.4995473623, 0.4997037351]","[0.5512795448, 0.5527706742, 0.5528151989, 0.5526297688, 0.5526667833000001]","[1.1013578983, 1.1058919572, 1.1059859805, 1.1062610085, 1.105988898]","[-1.2875704765, -1.2862763405, -1.286200285, -1.2871198654, -1.2867398262]","[0.19181044400000002, 0.2119217962, 0.21196676790000002, 0.1919095218, 0.19239147010000002]",1.6082558632,4.9940932455,0.21196676790000002,0.19181044400000002,0.8982710838,50.0,1.2422176600000001,banana,linear,64.988,98
banana,,matrixexponential,5,ode_transport,1024,0.005,1000,4,banana|linear,50,-1.7686992357,1.5227218331,0.0107672693,20000,1.7686992357,0.48669821020000004,0.8542396426000001,1.7504105570000001,-0.9015125513000001,0.4951486886,"[0.5115332007, 0.49065238240000003, 0.4880224466, 0.4882393479, 0.48669821020000004]","[0.7700651288, 0.8316701055, 0.8542396426000001, 0.8326522112, 0.8315500617]","[1.5054059594, 1.6950291802, 1.7504105570000001, 1.7054180797, 1.7085537695]","[-0.931622982, -0.8963388205, -0.8749374151, -0.9000887871000001, -0.9045747519]","[0.1638228595, 0.2512660623, 0.2660168409, 0.1616741717, 0.15722003580000002]",1.5811407566,4.8604972943,0.2660168409,0.15722003580000002,4.7076070309,50.0,1.08951056,banana,linear,64.988,98
banana,,matrixexponential,5,ode_transport,1024,0.005,1000,4,banana|linear,100,-0.8894462356,1.2594760884,0.0089058408,20000,0.8894462356,0.4495737851,1.4590336084,3.1396587339,-0.5422820687000001,0.6186362505,"[0.6494987607, 0.5078381896, 0.46471089120000003, 0.4566518962, 0.4495737851]","[0.7768031359, 1.0248917341, 1.4590336084, 1.3578885794, 1.3386230469]","[1.1960040309, 2.0181462425, 3.1396587339, 2.9735748183, 2.9775380401000002]","[-0.6841226816, -0.6530054212, -0.3885654807, -0.4779029489, -0.5078138113]","[0.1426370144, 0.2172894776, 0.3734742701, 0.1370762587, 0.1295229942]",1.5144456625,4.546899911,0.3734742701,0.1295229942,8.6812579632,38.0,0.6873250008,banana,linear,64.988,98
banana,,matrixexponential,5,ode_transport,1024,0.005,1000,4,banana|linear,250,-0.2769826794,0.6873751582000001,0.0048604764,20000,0.2769826794,0.4232615232,1.9335155487,4.5681344571,-0.2545197248,0.762050271,"[0.5318088531, 0.6412223577, 0.46263498070000003, 0.4232615232, 0.43030703070000004]","[1.8769316673, 0.9472585320000001, 1.6900234222000001, 1.9335155487, 1.6779158115000001]","[3.529335129, 1.4772699682000001, 3.653038557, 4.5681344571, 3.8993455647]","[-0.0018327832, -0.4985622168, -0.2460745573, -0.20042520760000002, -0.3257038593]","[0.1398217082, 0.2367731184, 0.4792588055, 0.07969707250000001, 0.0644493252]",1.3470008373,3.8458738154,0.4792588055,0.0644493252,22.7722151279,68.0,0.2967549264,banana,linear,64.988,98
banana,,matrixexponential,5,ode_transport,1024,0.005,1000,4,banana|linear,500,-0.1783861177,0.5879805579,0.0041576504,20000,0.1783861177,0.4048132598,2.2376959324,5.3767828206,-0.25642261510000003,0.7550673485,"[0.4161774814, 0.5501073003, 0.43421646950000004, 0.4048132598, 0.4447331131]","[2.2376959324, 1.3435685635, 1.6059832573, 2.0755136013, 1.5469325781]","[5.3767828206, 2.4423754471, 3.6985774838, 5.1270889746, 3.4783391043]","[-0.0711967349, -0.3023127615, -0.36047586800000003, -0.1741207838, -0.37400692700000004]","[0.150668934, 0.3686659336, 0.3592137396, 0.0685276315, 0.0529236905]",1.3600490093,3.8963842563,0.3686659336,0.0529236905,53.9333469868,74.0,0.4278743565,banana,linear,64.988,98
banana,,matrixexponential,5,ode_transport,1024,0.005,1000,4,banana|linear,1000,-0.1042262367,0.3924047402,0.0027747205000000002,20000,0.1042262367,0.3376042843,2.4094944,6.9996636493,-0.377757746,0.7778680325,"[0.344230026, 0.6309335232000001, 0.39587080480000003, 0.3376042843, 0.4702162743]","[2.4094944, 1.0878971815, 1.5003699064, 2.0847933292, 1.3515835999999999]","[6.9996636493, 1.7242659354, 3.7900494007, 6.1752573243, 2.8743871151000002]","[-0.18702816960000002, -0.3763081431, -0.5209556818000001, -0.35121113060000003, -0.4532856047]","[0.2452819943, 0.36148777600000004, 0.2611228526, 0.0859448388, 0.0461624265]",1.4160459042,4.1207941686,0.36148777600000004,0.0461624265,112.1417880058,,,banana,linear,64.988,98
rosenbrock,,matrixexponential,5,ode_transport,1024,0.005,1000,4,rosenbrock_extreme|linear,0,-3.5738379546,6.5422783829,0.046260894100000005,20000,3.5738379546,0.5,0.5,1.0,-1.3862943649,0.419205457,"[0.5, 0.5, 0.5, 0.5, 0.5]","[0.5, 0.5, 0.5, 0.5, 0.5]","[1.0, 1.0, 1.0, 1.0, 1.0]","[-1.3862943649, -1.3862943649, -1.3862943649, -1.3862943649, -1.3862943649]","[0.200000003, 0.200000003, 0.200000003, 0.200000003, 0.200000003]",1.6094379425,5.0000001504,0.200000003,0.200000003,0.0170550346,50.0,4.3931202888,rosenbrock_extreme,linear,98.222,146
rosenbrock,,matrixexponential,5,ode_transport,1024,0.005,1000,4,rosenbrock_extreme|linear,10,-2.7887426141000002,4.3118965768,0.0304897131,20000,2.7887426141000002,0.4532123208,0.5016816258,1.1035360975,-1.4834565639,0.41329705720000004,"[0.4546127915, 0.4611831605, 0.45353847740000003, 0.45331460240000004, 0.4532123208]","[0.5016816258, 0.4907130897, 0.4998038709, 0.5000181198, 0.4998539984]","[1.1035360975, 1.0640308053, 1.1020098532, 1.1030267218, 1.1029135252]","[-1.4780988693000001, -1.4858555794000001, -1.4842146635, -1.484279871, -1.4848338366]","[0.2046926171, 0.2083362043, 0.1890498549, 0.18938563760000002, 0.2085356563]",1.6084401608,4.9950137295,0.2085356563,0.1890498549,0.8135230541,50.0,3.0513114929,rosenbrock_extreme,linear,98.222,146
rosenbrock,,matrixexponential,5,ode_transport,1024,0.005,1000,4,rosenbrock_extreme|linear,50,-1.7902436623,1.6788607824,0.0118713384,20000,1.7902436623,0.32624512910000003,0.5125593543,1.5710866112,-1.7912717581,0.3883648515,"[0.32624512910000003, 0.37366315720000004, 0.3412721455, 0.3385151625, 0.3369966149]","[0.5125593543, 0.43486362700000003, 0.49006518720000003, 0.5055462122000001, 0.49188321830000004]","[1.5710866112, 1.1637851325, 1.4359952714, 1.4934226535, 1.4596087809]","[-1.7884449959, -1.8171232939, -1.7882919312, -1.7653021812, -1.7971963882]","[0.1988455653, 0.23296636340000001, 0.16641293470000001, 0.1657504886, 0.236024633]",1.5976814032,4.9415616423,0.236024633,0.1657504886,4.7164828777,62.0,0.8878342509,rosenbrock_extreme,linear,98.222,146
rosenbrock,,matrixexponential,5,ode_transport,1024,0.005,1000,4,rosenbrock_extreme|linear,100,-1.5274387863,1.1928088286,0.0084344321,20000,1.5274387863,0.24676126240000001,0.5293982625,2.1453864246,-2.0060628414,0.4304086566,"[0.24676126240000001, 0.2683630288, 0.29377740620000004, 0.2825623751, 0.2815455794]","[0.5293982625, 0.465477556, 0.4696707726, 0.5254673362, 0.4679378867]","[2.1453864246, 1.7345070151, 1.5987300678, 1.8596507622, 1.6620324413]","[-2.035348177, -2.08010602, -1.9806561470000001, -1.907323122, -2.0268807411]","[0.23591066900000002, 0.2346524596, 0.1562078148, 0.15452957150000002, 0.2186994851]",1.591899991,4.9130748641,0.23591066900000002,0.15452957150000002,9.8847618103,80.0,0.5183616281,rosenbrock_extreme,linear,98.222,146
rosenbrock,,matrixexponential,5,ode_transport,1024,0.005,1000,4,rosenbrock_extreme|linear,250,-1.1848334556,0.6291845634000001,0.0044490067,20000,1.1848334556,0.15695111450000002,0.7719123363,4.9181704675,-2.2187110424,0.6261391044,"[0.15695111450000002, 0.21217787270000002, 0.2538222671, 0.2098896205, 0.2242828757]","[0.7719123363, 0.4271026552, 0.42105680700000003, 0.6394874454, 0.4306018353]","[4.9181704675, 2.0129462598, 1.6588647321, 3.0467797488, 1.9199050930000001]","[-2.1107051373, -2.401061058, -2.2361085415, -2.008261919, -2.3374185562]","[0.3646009266, 0.19290839140000002, 0.1221347153, 0.1721270084, 0.1482289582]",1.5279375315000001,4.6086617935,0.3646009266,0.1221347153,27.1691257954,74.0,0.3306622207,rosenbrock_extreme,linear,98.222,146
rosenbrock,,matrixexponential,5,ode_transport,1024,0.005,1000,4,rosenbrock_extreme|linear,500,-0.9413220926,0.555080527,0.003925012,20000,0.9413220926,0.11441641300000001,1.0007745028,8.7467739674,-2.3185421467,0.8667891622,"[0.11441641300000001, 0.19224528970000002, 0.2524777353, 0.1352862865, 0.2039513737]","[1.0007745028, 0.4303321242, 0.3804044724, 0.8859027624, 0.4151743054]","[8.7467739674, 2.2384534099, 1.5066852209000001, 6.5483559754, 2.0356533909]","[-2.1671366692, -2.4921810627, -2.3429522514, -2.1215102673, -2.4689304829]","[0.35016828780000003, 0.1994457543, 0.0950593948, 0.2550084293, 0.1003180295]",1.4918246269,4.4451989536,0.35016828780000003,0.0950593948,63.5204470158,92.0,0.4740670323,rosenbrock_extreme,linear,98.222,146
rosenbrock,,matrixexponential,5,ode_transport,1024,0.005,1000,4,rosenbrock_extreme|linear,1000,-0.7827563198,0.5028534608,0.0035557109,20000,0.7827563198,0.0938847959,1.1999366283,12.7809472959,-2.3579751492,0.9209512472,"[0.0938847959, 0.168055892, 0.2601834536, 0.100803785, 0.1622921973]","[1.1999366283, 0.5261357427, 0.3232577145, 1.0987020731, 0.5034241676]","[12.7809472959, 3.1307188128, 1.2424222605, 10.8994128823, 3.1019616215]","[-2.1834182739, -2.4256548882, -2.4756736755, -2.2004497051, -2.5046792030000002]","[0.30713525410000003, 0.21750545500000001, 0.1115162596, 0.2278712839, 0.13597179950000002]",1.5473161936,4.6988424614,0.30713525410000003,0.1115162596,155.1272339821,,,rosenbrock_extreme,linear,98.222,146
hierarchical_mixture,,matrixexponential,5,ode_transport,1024,0.005,1000,4,hier_k5|linear,0,-57.9840018855,16.2520580449,0.1149194045,20000,57.9840018855,0.5,0.5,1.0,-1.3862943649,0.419205457,"[0.5, 0.5, 0.5, 0.5, 0.5]","[0.5, 0.5, 0.5, 0.5, 0.5]","[1.0, 1.0, 1.0, 1.0, 1.0]","[-1.3862943649, -1.3862943649, -1.3862943649, -1.3862943649, -1.3862943649]","[0.200000003, 0.200000003, 0.200000003, 0.200000003, 0.200000003]",1.6094379425,5.0000001504,0.200000003,0.200000003,0.031075000800000002,50.0,11.9627542496,hier_k5,linear,92.228,128
hierarchical_mixture,,matrixexponential,5,ode_transport,1024,0.005,1000,4,hier_k5|linear,10,-55.1424629445,16.8919999888,0.1194444774,20000,55.1424629445,0.5000200272,0.5526421666,1.1052400636,-1.2863720894,0.4390726984,"[0.5000200272, 0.5001155734, 0.5007103682, 0.504254818, 0.5007304549]","[0.5526421666, 0.5523964763, 0.5516937375000001, 0.5478891730000001, 0.5516890287]","[1.1052400636, 1.1045376422, 1.1018220764, 1.0865323513, 1.1017684731]","[-1.2861516476000001, -1.2864053249, -1.2864897251, -1.2863557339, -1.2864580154]","[0.2121597826, 0.1919484437, 0.19199846680000002, 0.2119724452, 0.19192078710000002]",1.6082320213,4.9939741785,0.2121597826,0.19192078710000002,0.9266140461000001,50.0,12.177775383,hier_k5,linear,92.228,128
hierarchical_mixture,,matrixexponential,5,ode_transport,1024,0.005,1000,4,hier_k5|linear,50,-42.8869043513,18.5190415998,0.13094939900000002,20000,42.8869043513,0.4829005897,0.8588293791,1.761944894,-0.8905390739,0.519636631,"[0.48931202290000003, 0.4841700792, 0.4830535054, 0.48743259910000003, 0.4829005897]","[0.8517389894, 0.8409728408, 0.8410944343000001, 0.8588293791, 0.8356558681]","[1.7406868204000001, 1.7369368263, 1.7412034585, 1.761944894, 1.73049254]","[-0.8752300739000001, -0.8985149264000001, -0.9006792307, -0.8707882762, -0.9074828625]","[0.2641315162, 0.1577436775, 0.158230111, 0.2619307637, 0.15796399120000001]",1.5770955086,4.8408750923,0.2641315162,0.1577436775,4.5054578781,62.0,13.2379636765,hier_k5,linear,92.228,128
hierarchical_mixture,,matrixexponential,5,ode_transport,1024,0.005,1000,4,hier_k5|linear,100,-26.7437527253,19.0855039794,0.1349548929,20000,26.7437527253,0.432941407,1.7176907063,3.7425017353,-0.40884071590000004,0.6577056646,"[0.4595675468, 0.44115769860000004, 0.43689444660000004, 0.4589685798, 0.432941407]","[1.5447801352000001, 1.3886771202000001, 1.4250668287000001, 1.7176907063, 1.4009857178]","[3.3613777686, 3.1478020774, 3.2618103521, 3.7425017353, 3.2359707231]","[-0.3425877392, -0.490001291, -0.4738449454, -0.2377927899, -0.49997681380000003]","[0.3276928663, 0.1176092103, 0.117220059, 0.3233167827, 0.1141610369]",1.4814245701,4.3992081996,0.3276928663,0.1141610369,9.5472209454,62.0,12.188577652,hier_k5,linear,92.228,128
hierarchical_mixture,,matrixexponential,5,ode_transport,1024,0.005,1000,4,hier_k5|linear,250,-12.4235089503,13.9398395736,0.0985695509,20000,12.4235089503,0.36753195520000004,2.9940040112,8.1462413498,0.0212435365,0.9810818434,"[0.36829963330000004, 0.3768430054, 0.3838318586, 0.3935289383, 0.36753195520000004]","[2.0536262989, 2.9447963238, 2.9733870029, 2.6808638573, 2.9940040112]","[5.5759661792, 7.8143849864, 7.7465873039, 6.8123677738, 8.1462413498]","[-0.2792512774, 0.10411298270000001, 0.13215094800000002, 0.053538382100000004, 0.09566664700000001]","[0.4444622099, 0.05460741, 0.0577298626, 0.39534235, 0.047858227]",1.19617486,3.3074412692,0.4444622099,0.047858227,30.8772449493,80.0,4.9887132645,hier_k5,linear,92.228,128
hierarchical_mixture,,matrixexponential,5,ode_transport,1024,0.005,1000,4,hier_k5|linear,500,-8.8502319814,10.0371697868,0.07097350820000001,20000,8.8502319814,0.3243433833,2.8908259869,7.7484567195,-0.0765849113,0.9999415874,"[0.3243433833, 0.3826430142, 0.4143247902, 0.366075784, 0.37308409810000004]","[1.9215724468, 2.8467700481000002, 2.6377513409, 2.3276386261, 2.8908259869]","[5.9245002232, 7.4397543991, 6.3663855096, 6.3583518169, 7.7484567195]","[-0.47280865910000003, 0.0855321884, 0.0888216496, -0.16006058450000002, 0.07559084890000001]","[0.45640996100000003, 0.031525667800000004, 0.0392382778, 0.4477491677, 0.025076944400000002]",1.0462368727,2.8469176215,0.45640996100000003,0.025076944400000002,71.222178936,104.0,310.3229675293,hier_k5,linear,92.228,128
hierarchical_mixture,,matrixexponential,5,ode_transport,1024,0.005,1000,4,hier_k5|linear,1000,-4.1418005619,5.4912798484,0.038829212200000005,20000,4.1418005619,0.3370486498,2.8293361664,7.4610537262,-0.391908586,0.9990195036,"[0.3831911981, 0.4038661122, 0.3939568102, 0.3370486498, 0.37921401860000004]","[1.7787132263, 2.6215102673, 2.0191354752, 0.6788834929, 2.8293361664]","[4.6418425973, 6.491037965, 5.1252711533, 2.0142003042, 7.4610537262]","[-0.3833310008, 0.0570787191, -0.2288445234, -1.4748337269, 0.0703876019]","[0.2656265497, 0.0193140116, 0.030868185700000002, 0.6707932353, 0.0133979926]",0.8613477945,2.3663478961,0.6707932353,0.0133979926,161.6525449753,,,hier_k5,linear,92.228,128
hierarchical_mixture,,matrixexponential,50,ode_transport,1024,0.005,1000,4,hier_k50|linear,0,-55.505878285,17.2195175032,0.121760376,20000,55.505878285,0.5,0.5,1.0,-1.3862943649,0.074790597,"[0.5, 0.5, 0.5, 0.5, 0.5, 0.5, 0.5, 0.5, 0.5, 0.5, 0.5, 0.5, 0.5, 0.5, 0.5, 0.5, 0.5, 0.5, 0.5, 0.5, 0.5, 0.5, 0.5, 0.5, 0.5, 0.5, 0.5, 0.5, 0.5, 0.5, 0.5, 0.5, 0.5, 0.5, 0.5, 0.5, 0.5, 0.5, 0.5, 0.5, 0.5, 0.5, 0.5, 0.5, 0.5, 0.5, 0.5, 0.5, 0.5, 0.5]","[0.5, 0.5, 0.5, 0.5, 0.5, 0.5, 0.5, 0.5, 0.5, 0.5, 0.5, 0.5, 0.5, 0.5, 0.5, 0.5, 0.5, 0.5, 0.5, 0.5, 0.5, 0.5, 0.5, 0.5, 0.5, 0.5, 0.5, 0.5, 0.5, 0.5, 0.5, 0.5, 0.5, 0.5, 0.5, 0.5, 0.5, 0.5, 0.5, 0.5, 0.5, 0.5, 0.5, 0.5, 0.5, 0.5, 0.5, 0.5, 0.5, 0.5]","[1.0, 1.0, 1.0, 1.0, 1.0, 1.0, 1.0, 1.0, 1.0, 1.0, 1.0, 1.0, 1.0, 1.0, 1.0, 1.0, 1.0, 1.0, 1.0, 1.0, 1.0, 1.0, 1.0, 1.0, 1.0, 1.0, 1.0, 1.0, 1.0, 1.0, 1.0, 1.0, 1.0, 1.0, 1.0, 1.0, 1.0, 1.0, 1.0, 1.0, 1.0, 1.0, 1.0, 1.0, 1.0, 1.0, 1.0, 1.0, 1.0, 1.0]","[-1.3862943649, -1.3862943649, -1.3862943649, -1.3862943649, -1.3862943649, -1.3862943649, -1.3862943649, -1.3862943649, -1.3862943649, -1.3862943649, -1.3862943649, -1.3862943649, -1.3862943649, -1.3862943649, -1.3862943649, -1.3862943649, -1.3862943649, -1.3862943649, -1.3862943649, -1.3862943649, -1.3862943649, -1.3862943649, -1.3862943649, -1.3862943649, -1.3862943649, -1.3862943649, -1.3862943649, -1.3862943649, -1.3862943649, -1.3862943649, -1.3862943649, -1.3862943649, -1.3862943649, -1.3862943649, -1.3862943649, -1.3862943649, -1.3862943649, -1.3862943649, -1.3862943649, -1.3862943649, -1.3862943649, -1.3862943649, -1.3862943649, -1.3862943649, -1.3862943649, -1.3862943649, -1.3862943649, -1.3862943649, -1.3862943649, -1.3862943649]","[0.019999999600000002, 0.019999999600000002, 0.019999999600000002, 0.019999999600000002, 0.019999999600000002, 0.019999999600000002, 0.019999999600000002, 0.019999999600000002, 0.019999999600000002, 0.019999999600000002, 0.019999999600000002, 0.019999999600000002, 0.019999999600000002, 0.019999999600000002, 0.019999999600000002, 0.019999999600000002, 0.019999999600000002, 0.019999999600000002, 0.019999999600000002, 0.019999999600000002, 0.019999999600000002, 0.019999999600000002, 0.019999999600000002, 0.019999999600000002, 0.019999999600000002, 0.019999999600000002, 0.019999999600000002, 0.019999999600000002, 0.019999999600000002, 0.019999999600000002, 0.019999999600000002, 0.019999999600000002, 0.019999999600000002, 0.019999999600000002, 0.019999999600000002, 0.019999999600000002, 0.019999999600000002, 0.019999999600000002, 0.019999999600000002, 0.019999999600000002, 0.019999999600000002, 0.019999999600000002, 0.019999999600000002, 0.019999999600000002, 0.019999999600000002, 0.019999999600000002, 0.019999999600000002, 0.019999999600000002, 0.019999999600000002, 0.019999999600000002]",3.9120233059,50.0000150232,0.019999999600000002,0.019999999600000002,0.130603075,50.0,3.782936573,hier_k50,linear,84.866,128
hierarchical_mixture,,matrixexponential,50,ode_transport,1024,0.005,1000,4,hier_k50|linear,10,-52.3982518019,17.7844385107,0.1257549707,20000,52.3982518019,0.46937951450000004,0.5527797341,1.1357245224,-1.2948568988,0.0805661827,"[0.5006564856, 0.49989271160000004, 0.49992370610000003, 0.5003442168, 0.499725014, 0.5000337362, 0.46937951450000004, 0.4694502056, 0.49946120380000003, 0.4996691346, 0.5004175305, 0.5011053681000001, 0.5000123978000001, 0.49980551, 0.5043515563000001, 0.49997648600000005, 0.499838382, 0.49970224500000004, 0.49977687, 0.49977764490000004, 0.49981665610000003, 0.4999471307, 0.5004036427, 0.5004816055, 0.5002127886000001, 0.4802655578, 0.49994516370000003, 0.4998471439, 0.5001881719, 0.5000272393, 0.5002730489, 0.5038699508, 0.500012815, 0.49960651990000005, 0.4999212623, 0.49967816470000004, 0.5003197193, 0.4999147058, 0.4998215735, 0.4997127354, 0.5003190637, 0.5007559657, 0.5003253222, 0.4816845357, 0.49988740680000004, 0.5176854134000001, 0.5002851486000001, 0.4999205768, 0.4994620085, 0.4997921288]","[0.5519200563000001, 0.5527149439, 0.5526454449, 0.5520958304, 0.5527518988, 0.5523337126, 0.4877952635, 0.5331661105000001, 0.5523892045000001, 0.5527611971, 0.5521777868000001, 0.5510990024, 0.5525279641, 0.5525469780000001, 0.5477181673, 0.5524801016, 0.5526948571, 0.5527797341, 0.5527309775, 0.5519211888000001, 0.5524248481, 0.5525871515, 0.5519499779, 0.5518841743, 0.5522308946, 0.5400877595, 0.5524275899000001, 0.5524618626000001, 0.5524995923, 0.5526627898, 0.55229491, 0.5482950211000001, 0.5524321795, 0.552562058, 0.5526433587, 0.5527504683000001, 0.5520313382, 0.5525697470000001, 0.5492366552, 0.5527738929, 0.5521176457, 0.5516927838, 0.5525275469, 0.5407797098, 0.5525545478, 0.5336036682, 0.5520890951, 0.5525217056, 0.5524836183, 0.5526834726000001]","[1.1023927029, 1.1056671382, 1.1054595695, 1.1034320212, 1.1061121283, 1.1045928956, 1.0392342412, 1.1357245224, 1.105970194, 1.1062544368, 1.1034341388, 1.0997667106, 1.1050285285, 1.1055239826, 1.0859848859, 1.1050121698, 1.1057471315, 1.1062182323, 1.1059554987, 1.1043334861, 1.1052549796, 1.105291175, 1.1030095124000001, 1.1027062099, 1.1039919554, 1.1245606743, 1.1049763654, 1.1052616171, 1.1045834815, 1.1052653663, 1.1039869351, 1.088167731, 1.104836042, 1.1059944895, 1.1054608004, 1.1062129732, 1.1033571472, 1.1053280502, 1.0988654439, 1.1061833203, 1.1035310981, 1.1017198428, 1.1043365635, 1.1226843913, 1.1053580071, 1.0307488958, 1.1035488394, 1.1052189713, 1.1061574432, 1.1058266843]","[-1.2861871719, -1.2862746716, -1.2863383293, -1.2864925861, -1.2865433693, -1.2866826057, -1.4742031097000001, -1.3851152658, -1.2877278328, -1.2866383791, -1.2861976624, -1.2867796421, -1.2863736153, -1.2867530584, -1.2864761353, -1.2865320444, -1.2864196301, -1.2865386009, -1.2864774466, -1.2879420519, -1.2869517803, -1.2863969803, -1.2866380215, -1.2866015434, -1.2865107059, -1.3494397402, -1.2866897583, -1.2868237495000001, -1.2860734463, -1.2860999107, -1.2862743139, -1.2863788605, -1.2865462303, -1.2871239185, -1.2863471508, -1.2866396904, -1.2866584063, -1.2864933014, -1.2927299738, -1.2865281105, -1.286503315, -1.2864003181, -1.2857487202, -1.3452091217, -1.2865755558, -1.2864894867, -1.2866228819, -1.2865686417, -1.2875552177, -1.2865328789000001]","[0.0213177167, 0.0192969944, 0.0192962103, 0.0192980804, 0.0213240758, 0.0193966944, 0.0213317331, 0.021323669700000002, 0.0213289615, 0.0193178523, 0.019861407600000002, 0.0193056725, 0.0192966387, 0.0193175822, 0.0194232613, 0.0192977246, 0.0192970838, 0.0196303707, 0.019329721100000002, 0.0213223323, 0.019364070100000002, 0.0192966592, 0.0193004981, 0.0213131383, 0.0192980357, 0.021328313300000002, 0.0193309337, 0.0207291842, 0.0192977767, 0.0192990117, 0.0192964096, 0.021277235800000002, 0.019297896000000002, 0.021328697, 0.0192971304, 0.0193566456, 0.0193006173, 0.0192973148, 0.0213285219, 0.019314896300000002, 0.0212436691, 0.0193071049, 0.021314421700000002, 0.021330718000000002, 0.019298546, 0.0213147942, 0.0192994531, 0.0192984119, 0.0213279836, 0.0192981139]",3.9109575748,49.9467568393,0.0213317331,0.0192962103,3.8232719898,50.0,3.9625203609,hier_k50,linear,84.866,128
hierarchical_mixture,,matrixexponential,50,ode_transport,1024,0.005,1000,4,hier_k50|linear,50,-41.0421444267,18.5404799388,0.1311009909,20000,41.0421444267,0.3773065507,0.8639827967,1.8385762620000001,-0.9341705132,0.1123919263,"[0.4876976907, 0.4840436876, 0.48399424550000003, 0.482108146, 0.48788046840000004, 0.4836342931, 0.3860660791, 0.3773065507, 0.49190601710000004, 0.4799165428, 0.4807073176, 0.48008254170000003, 0.48364964130000004, 0.4855652452, 0.4823653996, 0.4824554324, 0.4840129614, 0.4825256169, 0.4782989025, 0.49260205030000004, 0.4758109748, 0.4832553566, 0.4822733402, 0.49222004410000003, 0.4821637273, 0.4081944823, 0.4847477973, 0.47896316650000004, 0.4823384583, 0.48600083590000004, 0.4844306707, 0.4874582887, 0.4823846221, 0.48902043700000003, 0.4855179787, 0.4815325439, 0.47298029070000003, 0.48253810410000003, 0.4753254354, 0.4783809483, 0.4870431423, 0.4753972292, 0.4885431826, 0.4260736704, 0.48139238360000003, 0.5399725437, 0.48225134610000003, 0.4812732041, 0.49151700740000004, 0.48082628850000003]","[0.8639827967, 0.8409688473, 0.8453853130000001, 0.8394870758, 0.8525449038, 0.8426183462, 0.41661879420000003, 0.6651736498, 0.8417561650000001, 0.8371898532000001, 0.8533635736, 0.8416737318, 0.8401966691, 0.8390738368, 0.8441938162, 0.8411924243000001, 0.8429744244, 0.8377674818, 0.8423712254, 0.8497376442000001, 0.8443226218000001, 0.8416622877000001, 0.83879143, 0.8532427549, 0.8398684263, 0.7504966855, 0.8389998078, 0.8580282927, 0.8458565474, 0.8356109262, 0.8373917937, 0.8566227555, 0.8408044577, 0.8459331989000001, 0.8399200439000001, 0.8350297809, 0.8500313163000001, 0.8423368931, 0.8270896673, 0.8413575292000001, 0.860229373, 0.8484785557000001, 0.8580026031, 0.7713629603000001, 0.8456591368, 0.7746756077, 0.8392515779, 0.846394062, 0.8458055854000001, 0.8465258479000001]","[1.7715540038, 1.7373821183, 1.7466846369, 1.7412837407000001, 1.7474462682, 1.742263438, 1.0791385639, 1.7629528257, 1.7112133941, 1.7444488335000001, 1.7752248454, 1.7531854602, 1.7372010592, 1.7280352026, 1.7501127089, 1.7435650379, 1.7416360544, 1.7362134827, 1.7611815978, 1.724998188, 1.774491692, 1.7416512333, 1.7392448639, 1.7334579628, 1.7418739295, 1.8385762620000001, 1.730796535, 1.7914285538, 1.7536576916, 1.7193610884000001, 1.7286101899, 1.7573252429, 1.7430167115, 1.7298524457, 1.7299463271, 1.7341087149, 1.7971812633, 1.7456380874, 1.7400492499, 1.7587605279, 1.7662282829, 1.7847780836, 1.7562472133, 1.810398093, 1.7566940517, 1.4346574038, 1.740278352, 1.7586561123, 1.7208063459, 1.7605648198000001]","[-0.8642619848, -0.8987807631, -0.8936450481, -0.9045510292000001, -0.8772142529, -0.8976674080000001, -1.8273303509, -1.3824044466, -0.8817324638, -0.9118474722000001, -0.8910662532, -0.9061601162, -0.9005138278, -0.8978981972000001, -0.8984265327000001, -0.9018015862000001, -0.8964622021, -0.9057359695, -0.9090539217, -0.8708812594, -0.9119552374000001, -0.8995865583, -0.9050374031, -0.8675405979, -0.9039815664, -1.183031559, -0.8996713161000001, -0.8892498016, -0.8965147138, -0.9011371136, -0.9022442102, -0.8733081818, -0.9024096727, -0.8826658726000001, -0.8969875574, -0.9110693336000001, -0.9111836553, -0.9002706409000001, -0.9335977435, -0.9100865126000001, -0.8699587584, -0.9079149961, -0.8694756031, -1.1127393246, -0.8987115026, -0.8715479374, -0.9045345783000001, -0.8980904222, -0.8777244687, -0.8988637328]","[0.0271069538, 0.0163984951, 0.0163135678, 0.016394183, 0.0269371755, 0.0167438816, 0.027022708200000002, 0.0270457827, 0.0271816626, 0.0165228304, 0.0187274851, 0.016237644500000002, 0.0163580719, 0.0163549185, 0.0171860214, 0.0163914692, 0.0163377598, 0.0177516323, 0.016433868600000002, 0.0269384924, 0.0167702753, 0.0163619444, 0.0163685754, 0.027007939300000002, 0.0163977947, 0.0271283351, 0.016614841300000002, 0.023881746500000002, 0.0163611453, 0.0164560173, 0.0163238887, 0.0264754016, 0.0163942631, 0.0271791499, 0.0162608027, 0.0167140961, 0.0164458007, 0.0163819622, 0.0270823669, 0.0164383985, 0.0260205641, 0.0163236111, 0.026091946300000002, 0.027160259000000003, 0.0164218619, 0.0262118392, 0.0163767431, 0.016406985000000002, 0.0271264259, 0.0164304022]",3.8840434551,48.6204126025,0.0271816626,0.016237644500000002,19.0581541061,50.0,4.1153469086,hier_k50,linear,84.866,128
hierarchical_mixture,,matrixexponential,50,ode_transport,1024,0.005,1000,4,hier_k50|linear,100,-26.1542019254,17.970809375600002,0.1270728117,20000,26.1542019254,0.29591929910000003,1.7330235243,3.7706198905,-0.48811685200000005,0.1600944996,"[0.4671697319, 0.43826851250000004, 0.4388660789, 0.4320802689, 0.4619251788, 0.4487230182, 0.30061545970000003, 0.29591929910000003, 0.4799490273, 0.4350268245, 0.44510599970000003, 0.4172776043, 0.4369815886, 0.46090051530000004, 0.4361413121, 0.4373106956, 0.4367714822, 0.442707181, 0.4305158257, 0.49471676350000005, 0.42676055430000004, 0.4376412928, 0.4345524311, 0.4809444547, 0.4336160123, 0.3864196539, 0.45313304660000003, 0.438508451, 0.4315110445, 0.4429211617, 0.4327347279, 0.45562529560000004, 0.43682739140000004, 0.4720041156, 0.4392465949, 0.4397623241, 0.4154681861, 0.4380660355, 0.4568975568, 0.4307174683, 0.4618121088, 0.42059168220000004, 0.4557323158, 0.3839519322, 0.43785378340000003, 0.4741407335, 0.4351188838, 0.4371889532, 0.47392544150000004, 0.4355851412]","[1.7330235243, 1.4060453176, 1.4302335978, 1.4301060438, 1.55560112, 1.4471954107, 0.3217593729, 0.8858769536000001, 1.5294274092, 1.3706214428, 1.5312006474, 1.4781275988, 1.4159448147, 1.4091030359, 1.520793438, 1.418145895, 1.4444217682, 1.3770323992, 1.3880954981, 1.6190297604000001, 1.4307812452, 1.4173446894, 1.4267470837, 1.6553314924, 1.4264986515, 1.3207170963000001, 1.4229574203, 1.5987379551, 1.4403691292, 1.3833326101, 1.4203288555, 1.7179898024, 1.4192714691, 1.5686072111, 1.4458090067, 1.3606520891, 1.4395744801, 1.4171878099, 1.6584324837, 1.3851726055, 1.6572445631000001, 1.4218217134, 1.6031470299000001, 1.2938600779, 1.4547939301, 1.5168318748, 1.4249366522, 1.4602531195, 1.5212242603, 1.4498038292]","[3.709622876, 3.2081823758, 3.25892947, 3.3098156683, 3.3676473843, 3.2251419074, 1.0703354155, 2.9936437273, 3.1866455023, 3.1506596046, 3.4400808984, 3.5423123201, 3.2402848349, 3.057282405, 3.4869281943, 3.2428795113, 3.3070423023, 3.1104812805, 3.2242612584, 3.2726397806, 3.3526557944, 3.2385990825, 3.2832564762, 3.4418350734, 3.2897739265, 3.4178310627, 3.1402640592, 3.6458543764, 3.3379658471, 3.1232027952, 3.2822160184, 3.7706198905, 3.2490441238, 3.3232913852, 3.2915656569, 3.0940624391, 3.4649451585, 3.235100864, 3.6297687721, 3.2159657028, 3.5885688826, 3.3805274180000002, 3.5177383178, 3.3698491123, 3.322556491, 3.1991174091, 3.2748214455, 3.3400961047, 3.2098387787, 3.3284051546]","[-0.2111950517, -0.4841424823, -0.4657231569, -0.4813952744, -0.3304902911, -0.4317219853, -2.3358745575, -1.3388457298, -0.3091819584, -0.5170832872, -0.3833906651, -0.4832274318, -0.48006719350000004, -0.4316197336, -0.4105567932, -0.47776106, -0.46063604950000003, -0.49491593240000004, -0.5148385167, -0.2219428122, -0.4933115542, -0.477570504, -0.47804161910000004, -0.2280022502, -0.4803729653, -0.6726564169, -0.4388320744, -0.35516163710000004, -0.4755627215, -0.4898679554, -0.48674196000000003, -0.2449296713, -0.4780734479, -0.30057948830000003, -0.45402526860000003, -0.5135568380000001, -0.5140016675, -0.4767111242, -0.277423203, -0.5164781809, -0.26744079590000003, -0.5141538382, -0.3138810992, -0.6996078491000001, -0.45100602510000004, -0.3296272457, -0.47800862790000004, -0.44878000020000003, -0.3271898627, -0.4596367478]","[0.0345374234, 0.0130449142, 0.012858930000000001, 0.012598809800000001, 0.0353154279, 0.0124604758, 0.0341494679, 0.0337854847, 0.0355915539, 0.013109777100000001, 0.015365568900000001, 0.0120056393, 0.0126813948, 0.0123639405, 0.0132681327, 0.012716829800000001, 0.0127067175, 0.014377052900000001, 0.0128769837, 0.034438438700000004, 0.013389216700000001, 0.0127342055, 0.012303516300000001, 0.0342711434, 0.012640954000000001, 0.035015739500000004, 0.0125683406, 0.0304568615, 0.0129473638, 0.0130300745, 0.0124770291, 0.0319915377, 0.012690559, 0.035760462300000004, 0.0123477178, 0.0131992362, 0.0132560413, 0.012764137200000001, 0.0350241773, 0.0129830623, 0.0296302307, 0.0128624635, 0.0331482664, 0.0343242921, 0.0130288517, 0.0307376683, 0.012403586900000001, 0.012998349000000001, 0.035597745300000004, 0.0131641794]",3.7968146801000002,44.5590234552,0.035760462300000004,0.0120056393,40.2547593117,62.0,3.5895678997,hier_k50,linear,84.866,128
hierarchical_mixture,,matrixexponential,50,ode_transport,1024,0.005,1000,4,hier_k50|linear,250,-10.8129010066,13.6725272797,0.09667936760000001,20000,10.8129010066,0.197334379,3.1150436401,9.1838837326,-0.1274477637,0.2804982662,"[0.4090375304, 0.3556060493, 0.35532987120000004, 0.3793064356, 0.3242252767, 0.41061449050000004, 0.197334379, 0.21258668600000002, 0.3000424504, 0.3763173819, 0.4065320194, 0.3293763995, 0.3826400042, 0.4442239106, 0.3926522136, 0.37261712550000003, 0.34784159060000003, 0.3928693533, 0.3724202514, 0.46277716760000004, 0.36581730840000004, 0.3798628449, 0.3653241098, 0.45439651610000004, 0.3776667714, 0.2446960062, 0.418951571, 0.356410414, 0.3489316702, 0.3653644621, 0.38515856860000003, 0.40248999, 0.3720652759, 0.3289812803, 0.3637301028, 0.3857537508, 0.3422443569, 0.37402659650000003, 0.3344249427, 0.3709075451, 0.45692572000000004, 0.3577432334, 0.3344836533, 0.27697724100000004, 0.3860710263, 0.3387005031, 0.3664042354, 0.38560459020000004, 0.303180486, 0.37876045700000005]","[2.5929248333, 2.5618164539, 2.5621621609, 3.0654280186, 2.0693671703, 2.9586846828, 0.2166975439, 1.1069391966, 1.9843679667, 2.5185570717, 2.8193764687000002, 3.0249545574, 3.0393373966, 2.9271261692, 2.867587328, 3.1150436401, 3.0708355904, 2.4713075161, 2.5176136494, 2.509724617, 2.5336787701, 3.0621478558, 3.096373558, 2.6738872528, 3.0801112652, 1.9191455841, 2.9608404636, 2.4171087742, 2.4929978848, 2.4964690208, 2.9656848907, 2.6637890339, 3.114210844, 2.0021073818, 2.8935208321, 2.4860262871, 2.6154072285, 3.1118354797, 1.9547665119, 2.5281565189, 2.7805745602, 2.5531601906, 2.1192929745, 1.8949642181, 3.0198969841, 2.1453158855, 3.1031141281, 3.0158479214, 2.0255773067, 3.043197155]","[6.3390878353, 7.2040856982, 7.2106579511, 8.0816662492, 6.3824979697, 7.2055048013, 1.0981236265, 5.2070015171, 6.6136240516, 6.6926408215, 6.9351891961, 9.1838837326, 7.9430727671, 6.5893035011, 7.3031227861, 8.3599046497, 8.8282588194, 6.2904054373, 6.7601416414, 5.4231815935, 6.9260767922, 8.0611933926, 8.4756890527, 5.8844800921000004, 8.155632156, 7.8429787804, 7.0672618715, 6.7818129869, 7.1446592492, 6.8328184034, 7.6999063045, 6.6182739946, 8.3700658075, 6.0857790444, 7.9551315934, 6.4445939461, 7.6419294459, 8.3198240672, 5.8451576487, 6.8161366691, 6.0853973383, 7.1368511041, 6.3360135944, 6.841588179, 7.8221279977, 6.3339613193, 8.4691000502, 7.8210892666, 6.6810939375, 8.034622143]","[0.058838129, -0.0932151675, -0.0938572288, 0.15077632670000002, -0.3990738392, 0.1946443319, -3.1521081924, -1.4468066692000001, -0.5185308456000001, -0.0536362529, 0.136423111, -0.0036580563000000003, 0.15097880360000002, 0.2625945807, 0.11863994600000001, 0.14903926850000002, 0.0659415722, -0.029530763600000003, -0.0644208789, 0.1496634483, -0.075948894, 0.1511715055, 0.1232612133, 0.1947482228, 0.1512226462, -0.7558586001, 0.21547323470000002, -0.14910024400000002, -0.13939327, -0.0919825435, 0.1330078244, 0.0696645379, 0.1472898722, -0.41755408050000004, 0.0511308908, -0.0418705344, -0.11081051830000001, 0.15178442, -0.4250720143, -0.0643120408, 0.2394232154, -0.0906079412, -0.34408473970000003, -0.6446199417, 0.1534887552, -0.31935215, 0.1283880472, 0.1509382129, -0.4875721931, 0.1420572996]","[0.0430015922, 0.0074172341000000004, 0.0076586236, 0.0058267233, 0.0492303409, 0.0052683577, 0.048457391600000004, 0.0469333008, 0.052872166000000005, 0.0057711801, 0.009386804, 0.0050676828, 0.0060836454000000005, 0.0054185088, 0.0072782529000000006, 0.0061436594, 0.0061905691, 0.005558215500000001, 0.005596472000000001, 0.047189343700000004, 0.0053002904, 0.0062136543, 0.0054937536, 0.0407444574, 0.005919781000000001, 0.0514626615, 0.0054477020000000004, 0.0286836978, 0.0071473927000000005, 0.0068658679, 0.0056922636000000006, 0.0365357548, 0.0060855430000000005, 0.0506199934, 0.005519607100000001, 0.005379356, 0.0068782065, 0.0062586302, 0.0453381836, 0.0058265151000000005, 0.0213132482, 0.0060292906, 0.06968672570000001, 0.048423551, 0.006997850700000001, 0.0599352717, 0.005633248, 0.0069854334, 0.0538625792, 0.0073694177]",3.4532821178,31.60395016,0.06968672570000001,0.0050676828,121.0192601681,74.0,1.807967782,hier_k50,linear,84.866,128
hierarchical_mixture,,matrixexponential,50,ode_transport,1024,0.005,1000,4,hier_k50|linear,500,-5.5945149416,9.2009858809,0.0650607951,20000,5.5945149416,0.1942777783,3.0521762371,9.330116499,-0.2848408067,0.5989829898,"[0.3433561921, 0.3238328099, 0.3278155327, 0.389990747, 0.2343567312, 0.41588467360000003, 0.1942777783, 0.21357283, 0.2534262538, 0.3469792306, 0.3766604364, 0.3164625466, 0.39595493670000004, 0.453587532, 0.3672761619, 0.36948904400000004, 0.33944797520000003, 0.35942587260000003, 0.34323301910000004, 0.3201951981, 0.3386106491, 0.3876490593, 0.3566413224, 0.3249456584, 0.3841448128, 0.22069770100000002, 0.42708951230000003, 0.3045672774, 0.31533563140000004, 0.3294487894, 0.4173124433, 0.3429085016, 0.3687410057, 0.2540441751, 0.3669695556, 0.3552619815, 0.3178139031, 0.3718299568, 0.2748914957, 0.3421105742, 0.3978688717, 0.33131274580000003, 0.2756994069, 0.2725811601, 0.3944979012, 0.3279343247, 0.3584831059, 0.3940539658, 0.23878605660000002, 0.38799494500000004]","[2.3289489746, 2.2913620472, 2.2158360481, 3.0023620129, 1.9587026834, 2.8704781532, 0.2178244442, 0.6657314897000001, 1.9428313971, 2.4151837826, 2.7960829735, 2.9526324272, 2.9438459873, 2.8544528484000002, 2.8845210075, 3.0521762371, 2.9395899773, 2.3553001881, 2.381155014, 1.2078944445, 2.4944036007, 2.9714956284, 3.0378308296, 2.0006093979, 3.0179240704, 1.9556353092, 2.8767955303, 2.0018599033, 2.2492334843, 2.2905800343, 2.8672332764, 2.4934620857, 3.0521171093, 1.9088772535, 2.5949013233000002, 2.3972127438, 2.4904170036, 3.0467321873, 1.7539790869, 2.3965554237, 2.6027309895, 2.3854477406, 2.0346093178, 1.7756773233, 2.8561007977, 1.7374817133, 3.042753458, 2.8459894657, 1.9574847221, 2.8736357689]","[6.7828949299, 7.0757563069, 6.7593991962, 7.698546789, 8.3577829133, 6.9021013167, 1.1212010252, 3.1171169562, 7.6662593869, 6.9606004316, 7.4233519195, 9.330116499, 7.4348005648, 6.2930584436, 7.8538203856, 8.260532449, 8.6599131307, 6.5529511586, 6.9374299133, 3.7723690167, 7.3665834411, 7.6654271618, 8.5178879705, 6.1567506624, 7.8562145567, 8.8611494391, 6.7358140323, 6.5728003357, 7.1328237614, 6.9527650677, 6.8707111966, 7.2715085042, 8.2771296451, 7.5139579659, 7.0711623992, 6.7477322896, 7.8360857703, 8.1938857583, 6.380623316, 7.0052071001, 6.5416803743, 7.1999878385, 7.379810283, 6.5143068688, 7.2398377506, 5.2982612133, 8.4878573299, 7.2223342808, 8.1976508583, 7.4063742468000004]","[-0.2235698104, -0.2983815074, -0.31967443230000003, 0.1577670574, -0.7786284685, 0.1771313548, -3.1625320911, -1.950646162, -0.7085360885, -0.1767150164, 0.051808238000000006, -0.0678532124, 0.1532620788, 0.258313179, 0.0577175617, 0.12022066120000001, -0.0021644831, -0.1665791869, -0.20176005360000002, -0.9499457479000001, -0.1688546538, 0.1414105892, 0.0801190138, -0.4306455255, 0.1478335261, -0.8402463198000001, 0.20591533180000002, -0.4947865605, -0.34352821110000004, -0.2815293074, 0.1794275045, -0.15661948920000002, 0.1181746721, -0.7237318754000001, -0.0489278436, -0.16059315200000002, -0.23383903500000003, 0.1247509718, -0.7294918895, -0.1985887885, 0.034928500700000004, -0.2353056073, -0.5781403184, -0.7256369591, 0.11931586270000001, -0.5625051856000001, 0.0868890285, 0.1146434546, -0.7605269551, 0.1088150144]","[0.021922268, 0.003889659, 0.0044733062, 0.0023530698, 0.0411070772, 0.0017116246000000001, 0.1466575563, 0.1172026619, 0.0457325019, 0.0021883203, 0.0032999555, 0.0019181913, 0.0025653124000000003, 0.0018722934, 0.0025449402, 0.0026113733000000003, 0.0027053298, 0.0019061503, 0.002125571, 0.0415434726, 0.0017932488000000002, 0.0026657952, 0.0021700661, 0.0219011195, 0.0024201220000000002, 0.044451192, 0.0018099076000000001, 0.0103136254, 0.0033746471, 0.0031180901, 0.0022886361, 0.016743622700000002, 0.0025630922, 0.0411840603, 0.0023320699000000003, 0.0019385105, 0.0029800567000000003, 0.0027109147000000003, 0.0348514169, 0.0022580596, 0.0071268487000000005, 0.0024236985, 0.1270118654, 0.060116481000000006, 0.0027492875, 0.0905715898, 0.002256386, 0.0027404253, 0.047727976000000005, 0.0030765068]",2.9348518848,18.8187155917,0.1466575563,0.0017116246000000001,280.7434370518,74.0,5.1060519218,hier_k50,linear,84.866,128
hierarchical_mixture,,matrixexponential,50,ode_transport,1024,0.005,1000,4,hier_k50|linear,1000,-2.6095178484,4.5681144621,0.0323014471,20000,2.6095178484,0.21071819960000002,3.0564079285,9.3442134567,-0.3907837534,0.9745773077000001,"[0.3273852766, 0.3031116128, 0.3090191483, 0.3897441626, 0.2163424492, 0.41732537750000004, 0.2398286164, 0.2124107629, 0.2665998042, 0.3231293261, 0.34686312080000004, 0.3108938634, 0.4062373936, 0.442383945, 0.3430582881, 0.3759814501, 0.3432869911, 0.3303982019, 0.3168870807, 0.4007261693, 0.32330128550000004, 0.39873322840000003, 0.3570321202, 0.2743287086, 0.38337814810000004, 0.3432454169, 0.42985323070000003, 0.2790482044, 0.2964882553, 0.3070932329, 0.4366739988, 0.3159434795, 0.3735813797, 0.24503688510000002, 0.4016730785, 0.3297283351, 0.3037931621, 0.3820974827, 0.2459019721, 0.3170309663, 0.33002570270000003, 0.30705523490000003, 0.3496949673, 0.2921525836, 0.3891377747, 0.21071819960000002, 0.3600922227, 0.3865078688, 0.23284974690000002, 0.38285914060000004]","[1.6649752855, 2.0022332668, 1.9733604193, 3.0176696777, 1.9762983322, 2.8118441105, 0.24850668010000002, 0.6967061758, 1.9934133291, 2.1623950005, 2.5551011562, 2.9050586224, 2.8720397949, 2.7507257462, 2.6429643631, 3.0347754955, 2.7795548439, 2.1244711876, 2.1129107475, 0.6843489408, 2.3315703869, 2.9096972942, 3.0564079285, 0.7979266047, 3.0328679085, 2.0765838623, 2.8203494549, 1.8687442541000001, 2.0208041668, 2.0566833019, 2.7470588684, 2.1605186462, 3.0436589718000002, 1.9216047525, 1.9586719275, 2.1634776592, 2.2056715488, 3.0086534023, 1.8512368202, 2.1241583824, 2.3480908871, 2.0876448154, 1.919205308, 1.3763816357, 2.7039272785, 1.4818917513, 3.0548086166, 2.6818573475, 1.9867937565, 2.7078533173]","[5.0856755168, 6.6055973519, 6.3858839487, 7.7426937146, 9.1350464952, 6.7377740783, 1.0361844382, 3.2799946965, 7.4771747691, 6.6920419342, 7.3663096566, 9.3442134567, 7.0698558036, 6.2179601618, 7.7041262514, 8.0716096363, 8.0968837032, 6.4300325338, 6.6677087089, 1.7077720229, 7.2117572414, 7.297353435, 8.560596527, 2.9086514812, 7.9109044782, 6.049851681, 6.5611917123, 6.6968510261, 6.8157983695, 6.6972602512, 6.2908688764, 6.8383074384, 8.147244851, 7.8421040629, 4.8762838042, 6.5613944228, 7.2604384297, 7.874046647, 7.5283528828, 6.7001605784, 7.1148727743, 6.7989227282, 5.4882268479, 4.7111739308, 6.9485088683, 7.0325759902, 8.4834062614, 6.9386875772, 8.5325141323, 7.0727142958]","[-0.6068072915, -0.4993909597, -0.4946141839, 0.16222018, -0.8496671915, 0.1599514484, -2.8201162815, -1.9106248617000001, -0.6321581602, -0.3584862947, -0.1207332015, -0.10185015200000001, 0.154204905, 0.19628763200000002, -0.0979536772, 0.1319220066, -0.0468976498, -0.3539337516, -0.4011432528, -1.2937642336, -0.2826286554, 0.14858639240000002, 0.087310791, -1.5191668272, 0.15077519420000002, -0.3385854363, 0.1925493479, -0.6511040926, -0.5122521520000001, -0.4595092535, 0.1819624901, -0.3818436861, 0.1284409165, -0.7531859279, -0.2398501039, -0.3377692699, -0.4003761411, 0.1394131184, -0.7869682908000001, -0.3953801394, -0.2549821734, -0.444691062, -0.39878278970000003, -0.9110210538, 0.0508834124, -1.1639140844, 0.09532189370000001, 0.0359065533, -0.7708397508, 0.0360680819]","[0.0076522348, 0.001677373, 0.0021406696, 0.0007835072, 0.0089398231, 0.0004963843, 0.5604076982, 0.1306230724, 0.0117830541, 0.0006866294, 0.0010279844, 0.0006011141000000001, 0.0008901353, 0.0005772429, 0.0007878103, 0.0008889459, 0.0009423830000000001, 0.0005668525, 0.0006747319, 0.0380540974, 0.0005149212000000001, 0.0009313852, 0.0006961696, 0.0099463733, 0.0008092007000000001, 0.0137274982, 0.0005288115, 0.0026471731, 0.001307589, 0.0011680439, 0.0007823146, 0.005265954000000001, 0.0008654, 0.0099628363, 0.0008532981, 0.0005898935, 0.0010206541, 0.0009411799000000001, 0.0109654134, 0.0007238132, 0.0022401582, 0.0008006333, 0.0545979962, 0.0435286835, 0.0009173696, 0.049527224200000004, 0.0007307989, 0.0009192841000000001, 0.0112068867, 0.0010813168]",1.799962759,6.0494221738,0.5604076982,0.0004963843,653.7159590721,,,hier_k50,linear,84.866,128
banana,,matrixexponential,5,ode_transport,1024,0.005,1000,5,banana|linear,0,-2.7404724316,1.5845601556,0.0112045323,20000,2.7404724316,0.5,0.5,1.0,-1.3862943649,0.3958232701,"[0.5, 0.5, 0.5, 0.5, 0.5]","[0.5, 0.5, 0.5, 0.5, 0.5]","[1.0, 1.0, 1.0, 1.0, 1.0]","[-1.3862943649, -1.3862943649, -1.3862943649, -1.3862943649, -1.3862943649]","[0.200000003, 0.200000003, 0.200000003, 0.200000003, 0.200000003]",1.6094379425,5.0000001504,0.200000003,0.200000003,0.1078138351,50.0,1.1798183918,banana,linear,62.216,92
banana,,matrixexponential,5,ode_transport,1024,0.005,1000,5,banana|linear,10,-2.4700622557,1.5766998476,0.0111489515,20000,2.4700622557,0.4997796416,0.5526528955000001,1.1057931324,-1.2867905617,0.41121110320000004,"[0.5028398633, 0.5007408261, 0.4997796416, 0.506172657, 0.5040481091]","[0.5492587686, 0.5514538288, 0.5526528955000001, 0.5456632376, 0.5476645827000001]","[1.0923134951, 1.1012759496, 1.1057931324, 1.0780180044, 1.0865323625]","[-1.2866691351, -1.2868638039, -1.2866132259, -1.2866307497, -1.2871758938]","[0.1919471622, 0.21208505330000002, 0.191936627, 0.191947639, 0.21208345890000002]",1.6082285643,4.993956914,0.21208505330000002,0.191936627,0.9072468281,50.0,1.1621017456,banana,linear,62.216,92
banana,,matrixexponential,5,ode_transport,1024,0.005,1000,5,banana|linear,50,-1.5300049671,1.391399922,0.0098386832,20000,1.5300049671,0.4817768931,0.8573237062,1.7625608842,-0.901273191,0.4323604405,"[0.4956739545, 0.4864079952, 0.4817768931, 0.5471274257000001, 0.4949979782]","[0.8010811210000001, 0.8573237062, 0.8406477571000001, 0.7264091372, 0.8366788626]","[1.616145278, 1.7625608842, 1.7448901536, 1.3276781663, 1.6902672322]","[-0.9236299992, -0.8746472597, -0.9038566947000001, -0.9227154255000001, -0.8815165758]","[0.1612995714, 0.25862044100000003, 0.1598746032, 0.1613633931, 0.258842051]",1.5813320875,4.8614273466,0.258842051,0.1598746032,4.429117918,50.0,0.9855129719000001,banana,linear,62.216,92
banana,,matrixexponential,5,ode_transport,1024,0.005,1000,5,banana|linear,100,-0.7322272038000001,1.0509267904,0.007431174600000001,20000,0.7322272038000001,0.4436660409,1.44069767,3.1285969562,-0.5131214619,0.4726519585,"[0.5400070548, 0.47888118030000004, 0.4436660409, 0.5802209973, 0.5245251656000001]","[0.9159107208, 1.44069767, 1.3880522251, 0.9417096972000001, 1.2763768435]","[1.6961088058, 3.0084658351, 3.1285969562, 1.6230189903, 2.4333948631]","[-0.7040094733000001, -0.37117528920000004, -0.48478168250000003, -0.6044044495, -0.4012364149]","[0.1301110089, 0.3041994572, 0.1269304305, 0.13353325430000001, 0.30522581930000003]",1.5204315186,4.5741986209,0.30522581930000003,0.1269304305,8.9225087166,56.0,0.5848084092,banana,linear,62.216,92
banana,,matrixexponential,5,ode_transport,1024,0.005,1000,5,banana|linear,250,-0.2655344039,0.6673343796,0.0047187667,20000,0.2655344039,0.4343232214,1.8707126379,4.1251833726,-0.245666182,0.5087804794,"[0.6458335519, 0.5263583660000001, 0.4343232214, 0.49971270560000003, 0.5632842779]","[0.9479538798, 1.5835388899, 1.7916629314, 1.8707126379, 1.4002324343]","[1.4677990592, 3.0084805185, 4.1251833726, 3.7435762927, 2.485836174]","[-0.4906629026, -0.18211084600000002, -0.2508220673, -0.067402482, -0.2373326123]","[0.1276905239, 0.25621402260000004, 0.0915235952, 0.1891513765, 0.3354205489]",1.5119302273,4.5354768518,0.3354205489,0.0915235952,22.7798478603,68.0,0.2126927972,banana,linear,62.216,92
banana,,matrixexponential,5,ode_transport,1024,0.005,1000,5,banana|linear,500,-0.1699328359,0.4930981129,0.0034867302,20000,0.1699328359,0.3901838064,2.072770834,5.3122933342,-0.315353632,0.6109481454,"[0.5946817994, 0.4431859851, 0.4264261425, 0.3901838064, 0.5718812346000001]","[1.1341865063, 1.6750308275, 1.7653485537, 2.072770834, 1.185330987]","[1.9072157705000001, 3.779521203, 4.1398694355, 5.3122933342, 2.0726873259]","[-0.3938131332, -0.29793417450000004, -0.2839679122, -0.2122510672, -0.3888018727]","[0.16348902880000002, 0.17794440690000002, 0.0781979188, 0.31207251550000004, 0.2682961226]",1.5189533234,4.5674420575,0.31207251550000004,0.0781979188,51.3753738403,62.0,0.1185886562,banana,linear,62.216,92
banana,,matrixexponential,5,ode_transport,1024,0.005,1000,5,banana|linear,1000,-0.0959874675,0.3415874423,0.002415388,20000,0.0959874675,0.34997153280000004,2.1966218948,6.07767057,-0.3792683959,0.6867590547,"[0.5528298616, 0.34997153280000004, 0.3811931014, 0.35308912400000003, 0.6212183833]","[1.0663471222, 1.9163981676, 2.1966218948, 2.1459593773, 0.9633191228]","[1.928888427, 5.4758687147, 5.7624912065, 6.07767057, 1.5506932001]","[-0.5284661055000001, -0.39945602420000004, -0.17752856020000002, -0.2774481177, -0.513443172]","[0.1974093914, 0.2228836119, 0.0856496617, 0.2515055537, 0.2425517738]",1.5560820103,4.7402127102,0.2515055537,0.0856496617,108.2911696434,,,banana,linear,62.216,92
rosenbrock,,matrixexponential,5,ode_transport,1024,0.005,1000,5,rosenbrock_extreme|linear,0,-3.316423974,4.9102619973,0.0347207956,20000,3.316423974,0.5,0.5,1.0,-1.3862943649,0.3958232701,"[0.5, 0.5, 0.5, 0.5, 0.5]","[0.5, 0.5, 0.5, 0.5, 0.5]","[1.0, 1.0, 1.0, 1.0, 1.0]","[-1.3862943649, -1.3862943649, -1.3862943649, -1.3862943649, -1.3862943649]","[0.200000003, 0.200000003, 0.200000003, 0.200000003, 0.200000003]",1.6094379425,5.0000001504,0.200000003,0.200000003,0.0156421661,50.0,3.1853077412,rosenbrock_extreme,linear,96.716,140
rosenbrock,,matrixexponential,5,ode_transport,1024,0.005,1000,5,rosenbrock_extreme|linear,10,-2.8595337136,3.8005875529,0.026874212300000002,20000,2.8595337136,0.45300388340000003,0.5001447201,1.1040627651,-1.4841968536,0.3874426782,"[0.4539535046, 0.45707803960000004, 0.45300388340000003, 0.4539472163, 0.4709896445]","[0.49997866150000003, 0.49537554380000004, 0.5001447201, 0.5000600815, 0.4808207452]","[1.1013873811, 1.0837876705, 1.1040627651, 1.101581998, 1.0208732842]","[-1.4829503298, -1.4853402376, -1.4847123623, -1.4828014374, -1.4851799011]","[0.2078405023, 0.18827962880000002, 0.2077963799, 0.2078299522, 0.1882535666]",1.6082826853,4.9942271993,0.2078405023,0.1882535666,0.7728550434,50.0,1.8835971355,rosenbrock_extreme,linear,96.716,140
rosenbrock,,matrixexponential,5,ode_transport,1024,0.005,1000,5,rosenbrock_extreme|linear,50,-1.9457409719,1.7819728165,0.0126004506,20000,1.9457409719,0.3306337595,0.5073871613000001,1.5345896984,-1.7926050901000001,0.37214618920000003,"[0.33994072680000004, 0.3834345639, 0.3306337595, 0.338835001, 0.3985927999]","[0.4964676201, 0.4284786284, 0.5073871613000001, 0.4971862137, 0.4099864066]","[1.4604534881, 1.1174752325, 1.5345896984, 1.467340187, 1.0285845772]","[-1.7792210579, -1.8061006069, -1.7852249146, -1.7810326815, -1.8114461899]","[0.22986648980000002, 0.1532458514, 0.234847784, 0.23019371930000002, 0.1518461257]",1.5899887085,4.9036935579,0.234847784,0.1518461257,4.0423901081,50.0,0.9448711872000001,rosenbrock_extreme,linear,96.716,140
rosenbrock,,matrixexponential,5,ode_transport,1024,0.005,1000,5,rosenbrock_extreme|linear,100,-1.5703751821,1.0096376831,0.0071392165,20000,1.5703751821,0.2455908209,0.5186818838,2.1119758544,-2.0367900848,0.45698386430000004,"[0.2635426819, 0.325874716, 0.2455908209, 0.2618409693, 0.3458989561]","[0.4987687469, 0.4081827402, 0.5186818838, 0.5000876784, 0.3744249046]","[1.892553962, 1.2525756682, 2.1119758544, 1.9098908766, 1.0824690217]","[-2.0291526318, -2.017282486, -2.0605530739, -2.0329897404, -2.0439724922]","[0.2326866239, 0.1307771802, 0.2715213895, 0.23457844560000002, 0.1304363608]",1.565105319,4.7831786691,0.2715213895,0.1304363608,9.0139350891,62.0,0.5420439839,rosenbrock_extreme,linear,96.716,140
rosenbrock,,matrixexponential,5,ode_transport,1024,0.005,1000,5,rosenbrock_extreme|linear,250,-1.1924385888,0.5424801096,0.0038359136,20000,1.1924385888,0.1549235284,0.6699453592,4.3243616125,-2.2673144341,0.5730336308,"[0.18611328300000002, 0.2755074799, 0.1549235284, 0.1758432388, 0.2837683856]","[0.5588957667000001, 0.3688004911, 0.6699453592, 0.6343638897, 0.3435352445]","[3.0029869852, 1.3386224259, 4.3243616125, 3.6075534886, 1.2106184545]","[-2.2631919384, -2.2866399288, -2.2653827667, -2.193295002, -2.3280625343]","[0.1883391291, 0.1183169931, 0.3774222732, 0.2036995888, 0.112222001]",1.5042941570000001,4.5009755269,0.3774222732,0.112222001,27.1984882355,92.0,0.2879653871,rosenbrock_extreme,linear,96.716,140
rosenbrock,,matrixexponential,5,ode_transport,1024,0.005,1000,5,rosenbrock_extreme|linear,500,-0.9685544460000001,0.48549188600000004,0.003432946,20000,0.9685544460000001,0.111612238,0.9981021881000001,8.942587355,-2.3502492905,0.7997754812000001,"[0.16280588510000002, 0.256082356, 0.122375302, 0.111612238, 0.2645836174]","[0.5825235844000001, 0.35748931770000003, 0.8274891376, 0.9981021881000001, 0.3040648401]","[3.5780253527, 1.3959935517, 6.761896592, 8.942587355, 1.1492202088]","[-2.3555822372, -2.3909058571, -2.2900218964, -2.1946241856, -2.5201122761]","[0.16979523, 0.1387989521, 0.3273722529, 0.2528657019, 0.1111679301]",1.5325957537000001,4.6301800437,0.3273722529,0.1111679301,64.2691681385,116.0,0.42502975460000003,rosenbrock_extreme,linear,96.716,140
rosenbrock,,matrixexponential,5,ode_transport,1024,0.005,1000,5,rosenbrock_extreme|linear,1000,-0.8379545966,0.4998704257,0.0035346177,20000,0.8379545966,0.09680801630000001,1.1320338249,11.6935959251,-2.3946385384,0.9003450871,"[0.154362306, 0.179531619, 0.1066900343, 0.09680801630000001, 0.2551610768]","[0.525447309, 0.46264511350000004, 1.0423178673, 1.1320338249, 0.3012588918]","[3.4039871691, 2.5769561717, 9.7695897692, 11.6935959251, 1.1806616261]","[-2.5119581223, -2.4881987572, -2.1963806152, -2.2110097408, -2.5656454563]","[0.1623825878, 0.1701707393, 0.3065130115, 0.24539951980000002, 0.115534097]",1.5530918837,4.7260600437,0.3065130115,0.115534097,153.7990961075,,,rosenbrock_extreme,linear,96.716,140
hierarchical_mixture,,matrixexponential,5,ode_transport,1024,0.005,1000,5,hier_k5|linear,0,-60.4477522658,15.0460885603,0.1063919125,20000,60.4477522658,0.5,0.5,1.0,-1.3862943649,0.3958232701,"[0.5, 0.5, 0.5, 0.5, 0.5]","[0.5, 0.5, 0.5, 0.5, 0.5]","[1.0, 1.0, 1.0, 1.0, 1.0]","[-1.3862943649, -1.3862943649, -1.3862943649, -1.3862943649, -1.3862943649]","[0.200000003, 0.200000003, 0.200000003, 0.200000003, 0.200000003]",1.6094379425,5.0000001504,0.200000003,0.200000003,0.0331399441,50.0,10.9007158279,hier_k5,linear,85.562,122
hierarchical_mixture,,matrixexponential,5,ode_transport,1024,0.005,1000,5,hier_k5|linear,10,-57.9323810029,15.7967072266,0.111699588,20000,57.9323810029,0.4997632802,0.5527873039,1.1060982787,-1.2864671946,0.42029860620000004,"[0.5220403075, 0.5019554496, 0.4997632802, 0.5100685358, 0.5013974309]","[0.5291004777, 0.5502716303, 0.5527873039, 0.5416124463, 0.5510181785]","[1.0135241859, 1.0962559142, 1.1060982787, 1.0618424943, 1.0989649019]","[-1.2865874767, -1.2865872383, -1.2864027023, -1.2864148617, -1.2863436937]","[0.1941193938, 0.1902903914, 0.2025779039, 0.2033885419, 0.2096236944]",1.6088379622,4.9970011483,0.2096236944,0.1902903914,0.9645240307,50.0,11.11515522,hier_k5,linear,85.562,122
hierarchical_mixture,,matrixexponential,5,ode_transport,1024,0.005,1000,5,hier_k5|linear,50,-47.1739223644,18.2270688472,0.1288848398,20000,47.1739223644,0.4848971367,0.8500715494000001,1.7530966572,-0.8939674377,0.4970136285,"[0.5560100079, 0.48794624210000004, 0.4848971367, 0.4898298085, 0.4923600554]","[0.7249832749, 0.8267859221, 0.8500715494000001, 0.8418408036, 0.8412704468000001]","[1.3039032836, 1.6944201035, 1.7530966572, 1.7186393908, 1.7086488586]","[-0.9085756540000001, -0.9077595472000001, -0.8862532377000001, -0.8858616352, -0.8813871145000001]","[0.1617011726, 0.148110196, 0.22798806430000002, 0.2258713245, 0.2363292873]",1.5915136337,4.9111770284,0.2363292873,0.148110196,4.492939949,44.0,12.0922880173,hier_k5,linear,85.562,122
hierarchical_mixture,,matrixexponential,5,ode_transport,1024,0.005,1000,5,hier_k5|linear,100,-30.7986217809,19.3574339422,0.1368777281,20000,30.7986217809,0.4171409607,1.637486577,3.7104188244,-0.41445487140000004,0.6325038075,"[0.4606947899, 0.4171409607, 0.4454702437, 0.441321224, 0.44235107300000004]","[1.3225727081, 1.4405368567, 1.5627839565000001, 1.637486577, 1.5451309681]","[2.870821935, 3.4533574796, 3.5081668835, 3.7104188244, 3.4929969934]","[-0.4954406619, -0.5093151927, -0.36215597390000004, -0.3248197734, -0.3805427551]","[0.112779215, 0.09904543310000001, 0.2987441719, 0.29391759630000003, 0.1955135912]",1.5150561333,4.5496765079,0.2987441719,0.09904543310000001,9.5774519444,62.0,13.0641880035,hier_k5,linear,85.562,122
hierarchical_mixture,,matrixexponential,5,ode_transport,1024,0.005,1000,5,hier_k5|linear,250,-13.3958079011,16.0728857196,0.1136524649,20000,13.3958079011,0.31968930360000003,3.0816810131,9.6396125177,0.0192756176,0.9319931269,"[0.3687723577, 0.31968930360000003, 0.3729130626, 0.40381684900000003, 0.3789887726]","[2.9567918777, 3.0816810131, 2.1871910095000002, 2.7037444115000002, 3.0373215675]","[8.0179325158, 9.6396125177, 5.8651498943, 6.6954720146, 8.0142784876]","[0.08652913570000001, -0.0149303675, -0.2037918568, 0.0878437757, 0.1407274008]","[0.044341392800000004, 0.0346022323, 0.4569951296, 0.4035103619, 0.0605507977]",1.1484297514,3.1532376532,0.4569951296,0.0346022323,30.6702268124,80.0,5.3275303841,hier_k5,linear,85.562,122
hierarchical_mixture,,matrixexponential,5,ode_transport,1024,0.005,1000,5,hier_k5|linear,500,-8.8661412764,10.5119725574,0.0743308708,20000,8.8661412764,0.3321947753,2.8744182587,8.5061429007,-0.10500036480000001,0.9977510571,"[0.3630913794, 0.3321947753, 0.34661394360000003, 0.377579689, 0.3911372721]","[2.8744182587, 2.8256962299, 1.8869357109, 2.2724273205, 2.750929594]","[7.9165147445, 8.5061429007, 5.4439117233, 6.0184045555, 7.0331563626]","[0.0427495241, -0.0632790327, -0.4245895147, -0.15312504770000002, 0.0732422471]","[0.0227627959, 0.024246281, 0.5197556019, 0.3885284364, 0.044706922]",1.0226562023,2.780570722,0.5197556019,0.0227627959,69.6423008442,98.0,3.9538230896,hier_k5,linear,85.562,122
hierarchical_mixture,,matrixexponential,5,ode_transport,1024,0.005,1000,5,hier_k5|linear,1000,-4.3484771905,6.3538576325,0.0449285582,20000,4.3484771905,0.3285017014,2.7904691696,8.2389384513,-0.32677472830000004,0.9999634027000001,"[0.3536656797, 0.3285017014, 0.4174444675, 0.3706543446, 0.4333878458]","[2.7904691696, 2.7065052986, 1.8927025795, 0.7097129226000001, 2.4694001675]","[7.8901327718, 8.2389384513, 4.5340224309, 1.9147567889000001, 5.6978989874]","[-0.013193488100000001, -0.1175550818, -0.23559802770000002, -1.3353800774, 0.0678530335]","[0.009414286400000001, 0.0125327315, 0.3490765095, 0.6031884551000001, 0.0257880613]",0.8654550314,2.3760870342000002,0.6031884551000001,0.009414286400000001,154.1196439266,,,hier_k5,linear,85.562,122
hierarchical_mixture,,matrixexponential,50,ode_transport,1024,0.005,1000,5,hier_k50|linear,0,-57.8768665617,16.2399799935,0.1148339998,20000,57.8768665617,0.5,0.5,1.0,-1.3862943649,0.0638783798,"[0.5, 0.5, 0.5, 0.5, 0.5, 0.5, 0.5, 0.5, 0.5, 0.5, 0.5, 0.5, 0.5, 0.5, 0.5, 0.5, 0.5, 0.5, 0.5, 0.5, 0.5, 0.5, 0.5, 0.5, 0.5, 0.5, 0.5, 0.5, 0.5, 0.5, 0.5, 0.5, 0.5, 0.5, 0.5, 0.5, 0.5, 0.5, 0.5, 0.5, 0.5, 0.5, 0.5, 0.5, 0.5, 0.5, 0.5, 0.5, 0.5, 0.5]","[0.5, 0.5, 0.5, 0.5, 0.5, 0.5, 0.5, 0.5, 0.5, 0.5, 0.5, 0.5, 0.5, 0.5, 0.5, 0.5, 0.5, 0.5, 0.5, 0.5, 0.5, 0.5, 0.5, 0.5, 0.5, 0.5, 0.5, 0.5, 0.5, 0.5, 0.5, 0.5, 0.5, 0.5, 0.5, 0.5, 0.5, 0.5, 0.5, 0.5, 0.5, 0.5, 0.5, 0.5, 0.5, 0.5, 0.5, 0.5, 0.5, 0.5]","[1.0, 1.0, 1.0, 1.0, 1.0, 1.0, 1.0, 1.0, 1.0, 1.0, 1.0, 1.0, 1.0, 1.0, 1.0, 1.0, 1.0, 1.0, 1.0, 1.0, 1.0, 1.0, 1.0, 1.0, 1.0, 1.0, 1.0, 1.0, 1.0, 1.0, 1.0, 1.0, 1.0, 1.0, 1.0, 1.0, 1.0, 1.0, 1.0, 1.0, 1.0, 1.0, 1.0, 1.0, 1.0, 1.0, 1.0, 1.0, 1.0, 1.0]","[-1.3862943649, -1.3862943649, -1.3862943649, -1.3862943649, -1.3862943649, -1.3862943649, -1.3862943649, -1.3862943649, -1.3862943649, -1.3862943649, -1.3862943649, -1.3862943649, -1.3862943649, -1.3862943649, -1.3862943649, -1.3862943649, -1.3862943649, -1.3862943649, -1.3862943649, -1.3862943649, -1.3862943649, -1.3862943649, -1.3862943649, -1.3862943649, -1.3862943649, -1.3862943649, -1.3862943649, -1.3862943649, -1.3862943649, -1.3862943649, -1.3862943649, -1.3862943649, -1.3862943649, -1.3862943649, -1.3862943649, -1.3862943649, -1.3862943649, -1.3862943649, -1.3862943649, -1.3862943649, -1.3862943649, -1.3862943649, -1.3862943649, -1.3862943649, -1.3862943649, -1.3862943649, -1.3862943649, -1.3862943649, -1.3862943649, -1.3862943649]","[0.019999999600000002, 0.019999999600000002, 0.019999999600000002, 0.019999999600000002, 0.019999999600000002, 0.019999999600000002, 0.019999999600000002, 0.019999999600000002, 0.019999999600000002, 0.019999999600000002, 0.019999999600000002, 0.019999999600000002, 0.019999999600000002, 0.019999999600000002, 0.019999999600000002, 0.019999999600000002, 0.019999999600000002, 0.019999999600000002, 0.019999999600000002, 0.019999999600000002, 0.019999999600000002, 0.019999999600000002, 0.019999999600000002, 0.019999999600000002, 0.019999999600000002, 0.019999999600000002, 0.019999999600000002, 0.019999999600000002, 0.019999999600000002, 0.019999999600000002, 0.019999999600000002, 0.019999999600000002, 0.019999999600000002, 0.019999999600000002, 0.019999999600000002, 0.019999999600000002, 0.019999999600000002, 0.019999999600000002, 0.019999999600000002, 0.019999999600000002, 0.019999999600000002, 0.019999999600000002, 0.019999999600000002, 0.019999999600000002, 0.019999999600000002, 0.019999999600000002, 0.019999999600000002, 0.019999999600000002, 0.019999999600000002, 0.019999999600000002]",3.9120233059,50.0000150232,0.019999999600000002,0.019999999600000002,0.13714194300000002,32.0,3.6923775673,hier_k50,linear,73.556,104
hierarchical_mixture,,matrixexponential,50,ode_transport,1024,0.005,1000,5,hier_k50|linear,10,-55.269252381,16.853726396,0.1191738422,20000,55.269252381,0.4728623927,0.5529062152,1.135245174,-1.2888904715,0.0710129365,"[0.4996981621, 0.4997166395, 0.5006643534, 0.49979448320000003, 0.4997496307, 0.5005338192000001, 0.5244585872, 0.49970740080000003, 0.499750495, 0.4998196959, 0.500081718, 0.500559628, 0.4997535348, 0.5084735155, 0.49965089560000003, 0.49975612760000004, 0.4997984469, 0.4996033311, 0.4997661412, 0.4997187555, 0.5184463859, 0.4998860955, 0.49980363250000004, 0.5015328526, 0.49997824430000004, 0.4997784793, 0.4997334778, 0.4997056425, 0.5000845194, 0.4996881187, 0.49983310700000005, 0.49998432400000004, 0.5075753927000001, 0.4998134971, 0.49994021650000003, 0.5070717931000001, 0.5220172405, 0.5000869632, 0.5004805923, 0.4997529685, 0.49977523090000003, 0.5111264586, 0.5000146627000001, 0.4999540448, 0.5029857755, 0.49976420400000005, 0.49974697830000003, 0.499705106, 0.4997611046, 0.4728623927]","[0.5527598262, 0.5528154373, 0.5513751507, 0.5527347922, 0.5528156757, 0.5518440008000001, 0.5265641809, 0.5527270436, 0.5526208878000001, 0.552534163, 0.5524127483, 0.5517038107000001, 0.5527752042, 0.5431692004, 0.5526806116, 0.5527915955, 0.5526958704, 0.5521686077, 0.5527616143, 0.5528291464, 0.5326914191000001, 0.5527063012, 0.5526174307, 0.5506429076, 0.5526942015, 0.5527307987, 0.552718699, 0.5526970029, 0.5522867441, 0.5529062152, 0.5525771379000001, 0.5526019335, 0.5299383998, 0.5526869893, 0.5525683761, 0.5447176099000001, 0.5277205706, 0.5525622368, 0.5517436862, 0.5527936816, 0.5527558327000001, 0.5397322178, 0.5525659919, 0.5518317819, 0.5491055846, 0.5527180433000001, 0.5528291464, 0.5528356433, 0.5527724624, 0.5368147492]","[1.106187431, 1.1062578141, 1.1012870139, 1.1059241565, 1.1061852612, 1.1025109186, 1.0040147949, 1.106101376, 1.1057935777, 1.1054669663, 1.104644958, 1.1021740065, 1.1060956365, 1.0682349893, 1.1061335354, 1.1061226965, 1.1058375108, 1.1052140235, 1.1060405433, 1.1062805635, 1.0274763865, 1.1056644827, 1.1056690963, 1.0979199163, 1.105436502, 1.1059515797, 1.1060269594, 1.1060451512, 1.104386804, 1.1065026253, 1.1055232841, 1.1052385184, 1.0440584934, 1.1057864434, 1.1052689057, 1.0742415913, 1.0109255588, 1.1049322967, 1.1024277359, 1.1061338629, 1.1060088586, 1.0559661091, 1.1050995762, 1.1037650112, 1.0916920744, 1.1059576474, 1.1062180872, 1.1063237830000001, 1.1060733965, 1.135245174]","[-1.2865827084, -1.2864451408, -1.2871592045, -1.2864352465, -1.2863786221, -1.2865700722, -1.2867708206, -1.2866234779, -1.2867293358, -1.2867479324, -1.2864434719, -1.2867724895000001, -1.286444068, -1.2866765261, -1.2868206501, -1.2864092588, -1.2864977121, -1.2878426313, -1.2864434719, -1.2864160538, -1.2867316008, -1.2863035202, -1.2866293192, -1.2867549658, -1.2861411572, -1.2864744663, -1.2865865231, -1.2866814137, -1.2866660357, -1.2863380909, -1.2866432667, -1.2862958908, -1.3131045103, -1.2864837646, -1.2864449024, -1.2865903378, -1.2892429829, -1.2861623764, -1.2868580818, -1.2864117622, -1.2864357233000001, -1.2878203392, -1.2863001823, -1.2877511978, -1.2866579294, -1.2865262032, -1.2863595486, -1.2864316702, -1.2864339352, -1.3710529804]","[0.019135454700000002, 0.0191270392, 0.0211088434, 0.0191243738, 0.0191224236, 0.019141662900000002, 0.0195087027, 0.019128438100000002, 0.0211104527, 0.0211056024, 0.0211309902, 0.020040784000000002, 0.0191270038, 0.0210213456, 0.0191726703, 0.0191219784, 0.019130721700000002, 0.0211289227, 0.0191226322, 0.0191240329, 0.020088708, 0.019793951900000002, 0.019151194, 0.0210557487, 0.0210622959, 0.0191286094, 0.0191262905, 0.0191475581, 0.0207519922, 0.0210752003, 0.0191310942, 0.0211181473, 0.0211338345, 0.019124491100000002, 0.0191227216, 0.0211226102, 0.0211273152, 0.0211134199, 0.0211308207, 0.0191224217, 0.0191217717, 0.0211167783, 0.0211044364, 0.021132700100000002, 0.020522290800000002, 0.019134365, 0.0191226061, 0.019125443000000002, 0.0191226974, 0.021134385800000002]",3.9109430313,49.9460304423,0.021134385800000002,0.0191217717,2.9829890728,38.0,3.8283314705000002,hier_k50,linear,73.556,104
hierarchical_mixture,,matrixexponential,50,ode_transport,1024,0.005,1000,5,hier_k50|linear,50,-43.7577526482,18.2666467568,0.12916469790000001,20000,43.7577526482,0.3839406073,0.8635138869000001,1.9261957063000001,-0.9060639679,0.0943179205,"[0.4811599851, 0.48256835340000004, 0.4867931902, 0.4802901149, 0.4828849435, 0.4750718772, 0.5235592127, 0.4808118939, 0.48431110380000003, 0.48326408860000003, 0.4879493415, 0.48380208020000004, 0.4825632274, 0.619443953, 0.4849770069, 0.48197045920000003, 0.4819664061, 0.4881070852, 0.48294779660000003, 0.47983720900000004, 0.604829669, 0.4815262556, 0.4823697805, 0.48193690180000004, 0.48529630900000004, 0.48232936860000003, 0.4800958931, 0.47588428850000003, 0.4871470928, 0.4832494557, 0.4845378697, 0.4866168201, 0.48052233460000005, 0.4819609225, 0.4847160876, 0.5698963404, 0.5772572756000001, 0.4863687158, 0.4856345654, 0.483705759, 0.4844360352, 0.4997118413, 0.4814249873, 0.48426550630000004, 0.4809856415, 0.4819166362, 0.48322981600000003, 0.4804501534, 0.4829130769, 0.3839406073]","[0.8437263370000001, 0.8398766518, 0.8587740064, 0.8441320062000001, 0.8414126635, 0.8461412191000001, 0.769639492, 0.8466256857000001, 0.8529280424000001, 0.855401516, 0.8499331474, 0.8410320878, 0.8380945325, 0.6659498215, 0.8378984928000001, 0.8418608308000001, 0.8375002742000001, 0.8402056694000001, 0.8405269980000001, 0.8489904404, 0.6687136292, 0.8450771570000001, 0.837505877, 0.8635138869000001, 0.8598300815000001, 0.8374714255, 0.8489186764000001, 0.8438009620000001, 0.8485952616, 0.8541764617000001, 0.8378132582000001, 0.8548550606, 0.7246872783, 0.8426789045, 0.8388106823, 0.7159565687, 0.6908325553, 0.8587710857, 0.8524958491, 0.8386329412, 0.8361855745000001, 0.8223788142, 0.857667625, 0.857046783, 0.8539735079, 0.8379982114000001, 0.8419147134, 0.8469842076, 0.8408408761, 0.7395447493]","[1.7535255698, 1.7404304402, 1.7641454802, 1.7575460748, 1.7424702816, 1.781080421, 1.4700142284, 1.7608251717, 1.7611160175, 1.7700498259, 1.741847104, 1.7383804707000001, 1.7367559003, 1.0750767978, 1.7277076663, 1.746706286, 1.7376735465, 1.7213552002, 1.7404096343, 1.7693301488, 1.1056230597, 1.7549970478, 1.7362320585, 1.7917571443, 1.7717630766, 1.7363061013, 1.7682273240000002, 1.7731221271, 1.7419692616, 1.7675683886, 1.7290975806, 1.7567314266, 1.508124027, 1.7484382348, 1.7305195841, 1.2562926238, 1.1967498454, 1.7656791194, 1.7554266314, 1.7337667075, 1.7261011028, 1.6457060773, 1.7815187154, 1.7697869699, 1.7754656984000001, 1.7388862479, 1.7422656582, 1.7628971533, 1.7411847315, 1.9261957063000001]","[-0.9014825225, -0.9031329155000001, -0.8721654415000001, -0.9028113484, -0.9006499052, -0.9113581777, -0.9089382291, -0.898775816, -0.8841078877, -0.8833763003, -0.8801412582, -0.8992048502000001, -0.9052676558, -0.8854740262, -0.9005120993, -0.9020130634, -0.9072145224, -0.8913290501000001, -0.9015729427, -0.8980157375000001, -0.9052077532, -0.8991218805000001, -0.9063712358, -0.8766874075000001, -0.8740161061, -0.9064961672, -0.8975613117000001, -0.9124191999000001, -0.8833621144, -0.8848397732000001, -0.9015197158, -0.8771016002, -1.0548965931, -0.9010615349000001, -0.8999621868000001, -0.8964365721, -0.9193249941, -0.8730411530000001, -0.8818857670000001, -0.9022606611, -0.9036746025, -0.8892778158, -0.8845434785, -0.8793847561, -0.8897729516, -0.9067234397, -0.8993394375, -0.899105072, -0.9012714624, -1.2589879036]","[0.0158384927, 0.0157607216, 0.0256825779, 0.015767093700000002, 0.0157718156, 0.015925332900000002, 0.016324216500000002, 0.015766726800000002, 0.026268184200000003, 0.0262399726, 0.026266330900000003, 0.018049748600000002, 0.0157688353, 0.0241342038, 0.0163379572, 0.0157907903, 0.0157720111, 0.026223387600000002, 0.0157678723, 0.01578933, 0.018116349400000002, 0.0167639013, 0.015724582600000002, 0.025548217800000002, 0.0256403647, 0.0157668684, 0.0157130416, 0.0160805043, 0.021206529800000002, 0.026144756, 0.0156857707, 0.0261801183, 0.0260072667, 0.0157112181, 0.0157223269, 0.0257433299, 0.025693962400000003, 0.0260115527, 0.026163408500000002, 0.0158045255, 0.015845179600000002, 0.0253522899, 0.026041166900000003, 0.026117704800000002, 0.0227699056, 0.015776854, 0.015746859800000002, 0.0158061739, 0.0157636758, 0.0261060558]",3.8840568066,48.6210617594,0.026268184200000003,0.0156857707,16.5756552219,50.0,4.0966057777,hier_k50,linear,73.556,104
hierarchical_mixture,,matrixexponential,50,ode_transport,1024,0.005,1000,5,hier_k50|linear,100,-27.9720872905,18.0111677775,0.1273581887,20000,27.9720872905,0.3310641646,1.6969414949000001,3.7936142589,-0.44621426340000003,0.1282122582,"[0.43499371410000004, 0.436565727, 0.45397353170000004, 0.43231892590000004, 0.4368587732, 0.41952914, 0.449328512, 0.4386181235, 0.44952043890000004, 0.44644197820000003, 0.4534802437, 0.4350672364, 0.4335944653, 0.5134701729, 0.4505046606, 0.4348873198, 0.4309639931, 0.4637578726, 0.4370205104, 0.429279089, 0.4956530035, 0.43704900150000003, 0.4352814257, 0.4473152459, 0.450327605, 0.4318830967, 0.43343192340000003, 0.4232104719, 0.44086003300000004, 0.4473233521, 0.4369698763, 0.44931104780000003, 0.4037790596, 0.43403258920000004, 0.4297870696, 0.47577241060000003, 0.4705836773, 0.4548315704, 0.4461097419, 0.43947064880000003, 0.44192537670000004, 0.44967719910000004, 0.44326815010000004, 0.461232841, 0.43063572050000004, 0.43315756320000004, 0.43763402100000004, 0.4308669567, 0.4368696213, 0.3310641646]","[1.4451711178, 1.4045169353, 1.6765393019000001, 1.4222329855, 1.4064542055, 1.4106137753, 1.3919290304, 1.442278266, 1.5760422945, 1.5915982723, 1.5712679625000001, 1.4358283281, 1.410255909, 1.2573908567, 1.4153200388, 1.4101740122, 1.4152057171, 1.5212637186, 1.4095052481, 1.4595922232, 1.2386959791, 1.422775507, 1.4021133184, 1.6969414949000001, 1.6194201708, 1.4129303694, 1.4598993063, 1.401522994, 1.4682415724, 1.5630902052, 1.4076663256, 1.5968180895, 1.2586493492, 1.4225473404, 1.4540102482, 1.3494844437, 1.2931747437, 1.6270680428, 1.598331809, 1.3968974352, 1.3855440617, 1.5575404167, 1.5828355551, 1.6554629803, 1.5805222988, 1.4106752872, 1.4082785845, 1.4532985687, 1.4107540846, 1.2447309494]","[3.3222804628000002, 3.2171946823, 3.69303315, 3.2897772927, 3.2194711236, 3.362373768, 3.0977981441, 3.2882322653, 3.5060525798, 3.5650730666, 3.4649094075, 3.3002446701, 3.2524767311, 2.4488099273, 3.1416324015, 3.24261929, 3.2838142857, 3.2802973460000002, 3.2252610905, 3.4001009149, 2.499119284, 3.2554141578, 3.2211650569, 3.7936142589, 3.5960934945, 3.2715574659, 3.3682320741, 3.3116453566, 3.3304029904, 3.4943183669, 3.2214264689, 3.553925721, 3.1171734124, 3.2775127394, 3.3830944465, 2.8364075207, 2.7480229469, 3.5772979465, 3.5828220252, 3.1785909687, 3.1352443984, 3.4636855499, 3.5708307821, 3.5892131545, 3.6702071463, 3.256725513, 3.217936716, 3.3729636169, 3.2292336566, 3.7597876253]","[-0.4641959369, -0.4891229272, -0.2729846239, -0.4863635302, -0.48707354070000003, -0.5245974064, -0.4693104625, -0.45790213350000003, -0.3446571231, -0.3417071104, -0.3389206529, -0.4705128074, -0.4918744266, -0.4375244975, -0.4500311911, -0.4889551997, -0.4944558144, -0.34885129330000003, -0.4845363796, -0.4674908817, -0.48781999950000005, -0.4751004279, -0.49378189440000003, -0.2756642103, -0.31571182610000004, -0.4939345121, -0.4576530755, -0.5223261118, -0.4349623621, -0.3578088284, -0.4859577417, -0.3320269287, -0.6768482327, -0.48218649630000004, -0.4701399505, -0.44309306140000004, -0.49668127300000003, -0.3010484278, -0.33822983500000003, -0.48793065550000003, -0.4905213714, -0.3561173379, -0.3543624878, -0.2697715759, -0.3847374022, -0.4925851822, -0.48400416970000004, -0.4681200385, -0.48399609330000004, -0.8865237236]","[0.012335103, 0.0119759869, 0.031686991500000004, 0.0119871814, 0.0122277765, 0.0121039031, 0.012154773800000001, 0.012242081600000001, 0.0341483392, 0.0342036076, 0.0344555825, 0.01249523, 0.0119309714, 0.0200640056, 0.0123750595, 0.012224365000000001, 0.0118272398, 0.0333872512, 0.0121862106, 0.012465629700000001, 0.012792889, 0.0122179678, 0.011533116000000001, 0.0338759758, 0.0327618457, 0.011862292, 0.0122198723, 0.012337368000000001, 0.0146022309, 0.033934667700000004, 0.0113425413, 0.0352764316, 0.0314583369, 0.012075987600000001, 0.0116709815, 0.0304867532, 0.0291421041, 0.033315137, 0.0340827368, 0.0122508379, 0.012247924700000001, 0.0250013322, 0.0331197567, 0.0337916911, 0.0266793817, 0.0118109565, 0.012205461, 0.0124589326, 0.012194462100000001, 0.032772705]",3.796200037,44.5316439741,0.0352764316,0.0113425413,36.4021711349,50.0,3.9072160721,hier_k50,linear,73.556,104
hierarchical_mixture,,matrixexponential,50,ode_transport,1024,0.005,1000,5,hier_k50|linear,250,-11.462505905,12.7268005838,0.08999207000000001,20000,11.462505905,0.2372446954,3.1056706905,8.5907978066,-0.0749104953,0.2070644498,"[0.38272950050000004, 0.3684564531, 0.4484243095, 0.3593195379, 0.35614633560000003, 0.3533161879, 0.3852534294, 0.3983913958, 0.3684532344, 0.36714917420000004, 0.3484089375, 0.362839222, 0.37012431030000004, 0.4006694555, 0.4168619812, 0.3556265235, 0.36882424350000004, 0.32565927510000003, 0.3581909239, 0.3696340919, 0.3955080509, 0.3714874983, 0.3621504605, 0.39666086440000003, 0.3476348519, 0.37013387680000004, 0.3881097436, 0.35703000430000004, 0.3629685938, 0.36389625070000003, 0.3485217988, 0.3477425873, 0.3102057278, 0.3554331958, 0.3478033245, 0.2964477539, 0.3595027626, 0.3421565592, 0.3443820477, 0.36044853930000004, 0.3651864231, 0.3730120361, 0.35308608410000003, 0.407305032, 0.35553506020000003, 0.3646239042, 0.3568206131, 0.3712518215, 0.3576753438, 0.2372446954]","[3.0080416203, 3.0993816853, 2.7907557487, 2.4903230667, 2.5034615993, 2.5112321377, 2.8101050854, 2.9724423885, 2.2263092995, 2.272313118, 1.9999289513, 3.0620758533, 3.089455843, 2.4059212208, 2.9289753437, 2.5135715008, 3.0887236595, 1.9471940994, 2.4427082539000002, 3.0296368599, 2.8002371788000002, 2.4505283833, 3.0903520584, 2.5613636971, 2.0935530663, 3.083745718, 2.9886946678, 2.5084292889, 2.9136354923, 2.1834495068, 2.9940803051000002, 2.0617916584, 2.6642274857, 2.4259746075, 2.9441244602, 1.9929882288, 2.5976626873, 2.0472700596, 2.0061035156, 2.4721324444, 2.4566876888, 3.0083441734, 2.130995512, 2.5044548512, 2.4788477421, 3.1056706905, 2.4869437218, 3.0281655788, 2.4471514225, 2.0328862667]","[7.8594454205, 8.4117991673, 6.2234711403, 6.9306642255, 7.029306072, 7.1076056631, 7.2941727986, 7.4611109071, 6.0423117275, 6.1890732094, 5.740176948, 8.4392085201, 8.3470762589, 6.0047532638, 7.026247238, 7.0680090902, 8.3745136432, 5.9792373458, 6.8195704879, 8.1963133993, 7.0801015866, 6.5965298821000005, 8.5333373712, 6.4573138599, 6.0222761171, 8.3314333307, 7.7006432256, 7.0258220847, 8.0272385595, 6.0001978652, 8.5907978066, 5.92907436, 8.5885825011, 6.8254024552, 8.4649117854, 6.7228987319, 7.2257099468, 5.9834306968, 5.8252267483, 6.8584892853, 6.7272152897, 8.0650056363, 6.0353426765, 6.1488433835, 6.9721611728, 8.5174632122, 6.9697310922, 8.1566349398, 6.8418230813, 8.5687322242]","[0.1408624649, 0.13276982310000002, 0.22429710630000002, -0.111130774, -0.1147391796, -0.1196184158, 0.0793679357, 0.1690636277, -0.1980962753, -0.1811888218, -0.3612667322, 0.10529756550000001, 0.13407868150000002, -0.036685645600000004, 0.1996525526, -0.1121695042, 0.1303228736, -0.4555142522, -0.1335818172, 0.1132010818, 0.1021199822, -0.0939364433, 0.1125894785, 0.01586622, -0.3177399635, 0.1322544813, 0.14836955070000002, -0.1102787256, 0.055962681800000004, -0.2299804688, 0.042582631100000004, -0.3327174187, -0.1906054616, -0.1481846571, 0.0236933231, -0.5262491703000001, -0.0684213042, -0.3559796214, -0.3698093891, -0.11532503370000001, -0.1085333824, 0.1152451634, -0.2844541669, 0.019878208600000002, -0.1263375878, 0.1243408918, -0.1194675565, 0.1170822978, -0.133204937, -0.7292066813]","[0.0061730095, 0.0054579857, 0.0305273067, 0.005639533, 0.0066001709000000006, 0.0050392519000000005, 0.0063823066, 0.0059452713, 0.043350745, 0.0429389514, 0.0559495278, 0.0045787264, 0.0053527579, 0.0085921213, 0.004827207, 0.0064073261, 0.0051389113, 0.0459660031, 0.0060411599, 0.0069273040000000004, 0.0066591999, 0.0046717338, 0.0048067966000000005, 0.0489303134, 0.058181665800000004, 0.0052114371, 0.0063085719000000005, 0.0049908515, 0.0051709278, 0.0415081829, 0.0047725607, 0.0659095645, 0.0399685092, 0.0057692816000000004, 0.0050870432, 0.0406181626, 0.0333815217, 0.0546549931, 0.0535016283, 0.0062722359, 0.005956402, 0.009112509000000001, 0.039405822800000004, 0.0466886163, 0.0196955334, 0.0051391474, 0.0066805612, 0.0068395534, 0.006136145, 0.050134968]",3.4566676617,31.7111280436,0.0659095645,0.0045787264,116.1995470524,74.0,1.651837945,hier_k50,linear,73.556,104
hierarchical_mixture,,matrixexponential,50,ode_transport,1024,0.005,1000,5,hier_k50|linear,500,-7.0325890257,9.2034221016,0.0650780218,20000,7.0325890257,0.2063849419,2.9916157722,9.7551781523,-0.2318048596,0.2454563975,"[0.3906686008, 0.36925572160000003, 0.376908958, 0.335067153, 0.3328801394, 0.3326080739, 0.3653041124, 0.41219621900000003, 0.289729923, 0.29965531830000003, 0.3125611246, 0.3552410603, 0.3817923069, 0.3602233231, 0.4258177876, 0.33189257980000003, 0.3823012114, 0.2531417012, 0.3305458724, 0.38061046600000004, 0.3706013262, 0.3482672274, 0.35723796490000004, 0.3530266881, 0.28097248080000004, 0.3847686648, 0.4026557803, 0.3336884975, 0.34892386200000003, 0.2668821514, 0.3373028934, 0.3938238323, 0.2778398991, 0.3282032311, 0.3506488204, 0.2208340764, 0.3066525459, 0.2600894272, 0.3356660903, 0.33345988390000003, 0.3370629847, 0.3557453454, 0.2526645064, 0.3626104295, 0.3248383105, 0.3673480153, 0.3334641755, 0.3809442222, 0.330224067, 0.2063849419]","[2.8742551804, 2.9869451523, 2.3146603107, 2.2912218571, 2.2318892479, 2.469445467, 2.8659057617, 2.8471367359, 1.9313702583, 1.9259947538, 1.9076035023, 2.9560201168, 2.9232802391, 2.3267307281, 2.8876860142, 2.2669448853, 2.9180381298, 1.9687987566, 2.2433097363, 2.8567159176, 2.8611900806, 2.3181807995, 2.9916157722, 2.2396912575, 1.9610235691, 2.9095580578, 2.8313577175, 2.4982919693, 2.8718752861, 1.9828766584, 2.9390883446, 1.8653495312000001, 1.2668864727, 2.2409701347, 2.8130528927, 2.0336837769, 2.4776129723, 1.9738268852, 1.8410360813, 2.2552373409, 2.2751550674, 2.8477358818, 1.9997099638, 2.0001063347, 2.2395918369, 2.9707398415, 2.2055261135, 2.8644509315, 2.2389228344, 2.0133218765]","[7.3572720574, 8.0890964657, 6.141165557, 6.838097488, 6.7047834462, 7.4244904451, 7.8452600564, 6.9072364202, 6.6661055864, 6.4273671664, 6.1031374421, 8.3211668006, 7.6567290285, 6.4591340396, 6.7815063108, 6.8303572399, 7.6328247024, 7.7774572388, 6.7866820409, 7.5056157745, 7.7203989251, 6.6563277191, 8.3742940741, 6.3442547914, 6.979415079, 7.5618373420000005, 7.0317076171, 7.4868986725, 8.2306646206, 7.4297837015, 8.7134987635, 4.7365074897, 4.5597715698, 6.8279953468, 8.0224222328, 9.2091030966, 8.0795447654, 7.589031612, 5.4847246558, 6.7631443829, 6.7499404286, 8.0049842366, 7.9144870485, 5.5158544041, 6.8944818535, 8.0869903134, 6.613982178, 7.5193447348, 6.7800110844, 9.7551781523]","[0.1158978939, 0.09798526760000001, -0.1364886761, -0.2643390894, -0.2971244454, -0.1967967749, 0.0458593369, 0.1600580812, -0.5805764198000001, -0.5496797562, -0.5171075463, 0.048885107000000004, 0.10982781650000001, -0.1765669584, 0.2067117095, -0.2845108509, 0.10936504600000001, -0.6963822842, -0.2990575433, 0.0836939216, 0.058609306800000004, -0.21400249000000002, 0.0664604902, -0.2348735929, -0.5960320234, 0.11288815740000001, 0.1310831308, -0.1819401383, 0.0020637512, -0.6363994479, -0.0086745024, -0.308403194, -1.0441479683, -0.30721342560000003, -0.01369977, -0.8004948497000001, -0.2747443914, -0.6667554975000001, -0.4813099504, -0.2849775553, -0.2654372454, 0.012984156600000001, -0.6826905608, -0.3212258816, -0.3181340694, 0.08736538890000001, -0.30725377800000003, 0.087274313, -0.3019889593, -0.8782262206]","[0.0021789926, 0.0021646817, 0.014378719000000002, 0.0023487760000000003, 0.0033210733, 0.0019790262, 0.0024956521, 0.0020816319, 0.0336346067, 0.0307797678, 0.0843323916, 0.0015799887, 0.0020600639, 0.0031038001, 0.0014922478, 0.0030596035000000003, 0.0019247421000000002, 0.047477837700000004, 0.0026521897, 0.0027618029, 0.0026785862000000002, 0.0016651609, 0.0018003351000000002, 0.0288044475, 0.1169370413, 0.0019694411, 0.0023292569, 0.0019020126, 0.0017170123, 0.034331359, 0.0017729341000000001, 0.12678971890000001, 0.0341348089, 0.0024086297, 0.0019356358, 0.0449549854, 0.0188196804, 0.10145574060000001, 0.0730112121, 0.0029029746, 0.0025839286000000003, 0.0028902385, 0.0346538499, 0.0300900918, 0.0076421769, 0.0019413491, 0.0034438912, 0.0026825822000000003, 0.0027467133, 0.0631965548]",3.0028860569,20.1435886556,0.12678971890000001,0.0014922478,271.3356699944,74.0,1.0861486197,hier_k50,linear,73.556,104
hierarchical_mixture,,matrixexponential,50,ode_transport,1024,0.005,1000,5,hier_k50|linear,1000,-5.1521359692,8.0317064798,0.0567927412,20000,5.1521359692,0.1989283264,2.8911821842,10.1930930481,-0.386163497,0.4681788087,"[0.3985736072, 0.3804032505, 0.2910214365, 0.3099700809, 0.3104109168, 0.3116621673, 0.3393404484, 0.4111396968, 0.25702878830000003, 0.2681450546, 0.3241270781, 0.3551805317, 0.3896264732, 0.3269453645, 0.43838235740000003, 0.30876776580000004, 0.3885566294, 0.3295201659, 0.30835524200000003, 0.37629383800000005, 0.3389488459, 0.3245874047, 0.3634423614, 0.3301705122, 0.2797546983, 0.3923660815, 0.39540958400000004, 0.3142424226, 0.3486019373, 0.22560107710000002, 0.34504437450000003, 0.2017252445, 0.2355265319, 0.30783262850000004, 0.35603836180000004, 0.1989283264, 0.2835855484, 0.226009503, 0.3924701512, 0.3097569942, 0.3124539256, 0.3443472087, 0.21250262860000002, 0.37027236820000003, 0.2974861562, 0.37133827810000003, 0.3103893399, 0.3809636235, 0.3078947663, 0.3842367828]","[2.6240730286, 2.8662819862, 1.0474710464, 2.1212718487, 2.0109894276, 2.2910239697, 2.609965086, 2.6086063385, 1.9445930719, 1.9263166189, 1.9018023014, 2.8784043789, 2.8036296368, 2.1121966839, 2.7337660789, 2.0417516232, 2.806917429, 2.0488948822, 2.086817503, 2.5204439163, 2.6029503345, 2.2089297771, 2.8911821842, 1.0450845957, 2.0186600685, 2.7897307873, 2.5371034145, 2.3589463234, 2.7096803188, 1.9953430891000001, 2.7576375008, 1.9393625259, 0.6612581015, 2.1008512974, 2.4957561493, 2.0276949406, 2.2171623707, 2.0249290466, 1.7087994814, 2.0739219189, 2.1151170731, 2.7045092583, 2.0098714828, 0.7541064620000001, 1.9530181885, 2.8803160191, 2.0103681087, 2.5423438549, 2.0775887966, 2.0172719955]","[6.5836597836, 7.5348514578, 3.5992917196, 6.8434729018, 6.478475204, 7.350985169, 7.6912879041, 6.344817488, 7.5656625259, 7.1838603249, 5.867458877, 8.1040601093, 7.1956856879, 6.4603964863, 6.2360312477, 6.6125802288, 7.223959692, 6.2178133362, 6.7675758951, 6.6980738498, 7.6794783824, 6.8053465568, 7.9549950464, 3.1652875017, 7.2158218645, 7.1100202565, 6.416393322, 7.5067723321, 7.7729927145, 8.8445636649, 7.992124216, 9.6138811507, 2.8075737202, 6.8246543834, 7.0097956208, 10.1930930481, 7.8183193156, 8.9594863034, 4.3539603616, 6.6953190965000005, 6.7693726969, 7.8540182398, 9.4581017488, 2.0366263507, 6.5650725172, 7.7565825806, 6.4769238185, 6.6734556738, 6.7477236504, 5.2500751773]","[0.0448645949, 0.0864923, -1.187979579, -0.4192637205, -0.47123146060000004, -0.33683663610000003, -0.12141460180000001, 0.06999391320000001, -0.6935145259000001, -0.6606175303, -0.48381757740000003, 0.0221070051, 0.0883481503, -0.37023377420000003, 0.18101644520000001, -0.461357832, 0.0867704749, -0.39281708, -0.44086265560000004, -0.052949965, -0.1252605319, -0.33269226550000003, 0.049530983, -1.0640482903, -0.5714081526, 0.0903850794, 0.0031899214, -0.2993754745, -0.0569939017, -0.7981709838000001, -0.0497078896, -0.9384893775, -1.8595427275, -0.4358564019, -0.11812502150000001, -0.9079110622000001, -0.4640132189, -0.7816435695, -0.3995037675, -0.44252568480000004, -0.41418808700000004, -0.0711842775, -0.8507301807000001, -1.2757381201, -0.5430116057000001, 0.06725823880000001, -0.4716100097, -0.031964957700000005, -0.4467892647, -0.2547501922]","[0.0010239225, 0.0010337246, 0.014334281, 0.0012620378, 0.0021933033000000003, 0.0009759557, 0.0012804184, 0.0010459783, 0.0203581844, 0.018672622700000002, 0.07196161150000001, 0.0006777241, 0.0009622128, 0.0014788125, 0.000630922, 0.0018899117, 0.0008802373000000001, 0.031782876700000004, 0.0015297063000000001, 0.0015361621, 0.0013907992000000001, 0.0007880962, 0.0008159032, 0.0262101404, 0.0989148542, 0.0009086620000000001, 0.00126148, 0.0009047691000000001, 0.0007307278, 0.020927768200000002, 0.0008102072, 0.1799188703, 0.1474437565, 0.0013268865, 0.0009096873000000001, 0.027919275700000003, 0.0111939022, 0.08583197000000001, 0.0651630461, 0.0017565177, 0.001454683, 0.0012754325000000001, 0.0213975143, 0.0591875017, 0.0040844912, 0.0008853024000000001, 0.0023497015000000002, 0.0014337447, 0.0016171540000000002, 0.055676579500000004]",2.7408659458,15.5004017945,0.1799188703,0.000630922,607.6646261215,,,hier_k50,linear,73.556,104
banana,,matrixexponential,5,ode_transport,1024,0.005,1000,1,banana|geometric,0,-2.3857967557,1.3785745733,0.0097479943,20000,2.3857967557,0.5,0.5,1.0,-1.3862943649,0.3724696636,"[0.5, 0.5, 0.5, 0.5, 0.5]","[0.5, 0.5, 0.5, 0.5, 0.5]","[1.0, 1.0, 1.0, 1.0, 1.0]","[-1.3862943649, -1.3862943649, -1.3862943649, -1.3862943649, -1.3862943649]","[0.200000003, 0.200000003, 0.200000003, 0.200000003, 0.200000003]",1.6094379425,5.0000001504,0.200000003,0.200000003,0.1086981297,32.0,1.1156060696,banana,geometric,54.854,86
banana,,matrixexponential,5,ode_transport,1024,0.005,1000,1,banana|geometric,10,-2.1626515151,1.3645725909,0.009648985300000001,20000,2.1626515151,0.5001565814,0.552195847,1.1040459479,-1.2865125418,0.3942877352,"[0.5001763701, 0.5097141862, 0.5032512546, 0.5007361174, 0.5001565814]","[0.5521891713, 0.5422078371, 0.5487494469, 0.5516999364, 0.552195847]","[1.1039889213, 1.063748767, 1.0904085025, 1.1017777972, 1.1040459479]","[-1.2866590023, -1.2860109806, -1.2867790461, -1.286427021, -1.2866866589000001]","[0.1919664443, 0.2120852917, 0.19200907650000001, 0.1918462813, 0.2120928615]",1.6082274914,4.993951556,0.2120928615,0.1918462813,0.8212511539,38.0,1.0511049032,banana,geometric,54.854,86
banana,,matrixexponential,5,ode_transport,1024,0.005,1000,1,banana|geometric,50,-1.2729477548,1.1693731654,0.0082687169,20000,1.2729477548,0.4771604836,0.8526123166,1.7717921142,-0.8982327938,0.48107850550000003,"[0.4820396602, 0.4901409149, 0.4894141555, 0.4771604836, 0.4881701767]","[0.8363602757, 0.8526123166, 0.8162829876000001, 0.8454291821000001, 0.8455383182]","[1.7350445301, 1.7395248808000001, 1.6678777646, 1.7717921142, 1.7320564804]","[-0.9084246755000001, -0.8725126982, -0.9175403714, -0.9078132510000001, -0.884872973]","[0.16088674960000002, 0.259745121, 0.1618571728, 0.1566951722, 0.26081579920000003]",1.5797960758,4.8539658693,0.26081579920000003,0.1566951722,4.1858091354,44.0,0.8986260891000001,banana,geometric,54.854,86
banana,,matrixexponential,5,ode_transport,1024,0.005,1000,1,banana|geometric,100,-0.552912056,0.9367563594,0.0066238677,20000,0.552912056,0.43071770670000004,1.4397628307,3.1073312775,-0.5281032324,0.5797204971000001,"[0.43744191530000004, 0.4669393301, 0.4897046983, 0.43071770670000004, 0.4548076093]","[1.3333284855, 1.4397628307, 1.0451061726, 1.3383826017, 1.355607748]","[3.0480126365, 3.083404498, 2.1341559028, 3.1073312775, 2.9806180025]","[-0.5391329527000001, -0.39707756040000003, -0.6698342562, -0.550840497, -0.4836308956]","[0.1294528842, 0.3216961622, 0.12337289750000001, 0.12202295660000001, 0.30345508460000004]",1.5062303543,4.5096987456,0.3216961622,0.12202295660000001,8.6983411312,50.0,0.4923525453,banana,geometric,54.854,86
banana,,matrixexponential,5,ode_transport,1024,0.005,1000,1,banana|geometric,250,-0.2080210084,0.5088396841,0.0035980399000000002,20000,0.2080210084,0.42467176910000004,1.7615066767,4.1479250675,-0.3515108109,0.7917047143,"[0.44463211300000005, 0.5241137743000001, 0.6865276694, 0.45854195950000004, 0.42467176910000004]","[1.6053906679, 1.5966160297, 0.8408580422, 1.4581388235000001, 1.7615066767]","[3.6106044099, 3.04631572, 1.2247984745, 3.1799463347, 4.1479250675]","[-0.3371409476, -0.1781601012, -0.5494411588, -0.4025426507, -0.290269196]","[0.0834068432, 0.45120930670000003, 0.06749509270000001, 0.06983720510000001, 0.32805153730000003]",1.2997335196,3.6683190021,0.45120930670000003,0.06749509270000001,23.2878050804,50.0,0.2790338099,banana,geometric,54.854,86
banana,,matrixexponential,5,ode_transport,1024,0.005,1000,1,banana|geometric,500,-0.17945754460000002,0.48353375600000004,0.0034191,20000,0.17945754460000002,0.39523887630000004,1.8368515968,4.6474466627,-0.3783458233,0.8283102512,"[0.4463581145, 0.47937342520000004, 0.6948379874, 0.4814029336, 0.39523887630000004]","[1.6024392843, 1.6686735153, 0.8588787317000001, 1.2637591362, 1.8368515968]","[3.5900305883, 3.4809470601, 1.2360848821000001, 2.6251587766, 4.6474466627]","[-0.33510670070000004, -0.2232463956, -0.5162041187, -0.4969599545, -0.320211947]","[0.0818166062, 0.45028415320000004, 0.0622051135, 0.0821595863, 0.3235344887]",1.3072607517000001,3.6960354742,0.45028415320000004,0.0622051135,53.6430430412,74.0,0.2814213037,banana,geometric,54.854,86
banana,,matrixexponential,5,ode_transport,1024,0.005,1000,1,banana|geometric,1000,-0.1099736159,0.349050411,0.0024681591,20000,0.1099736159,0.3710893393,2.0329687595,5.4783809301,-0.42703346010000004,0.7328764796,"[0.43846315150000004, 0.4057478607, 0.4707812965, 0.6447242498, 0.3710893393]","[1.5224115849, 1.9162654877, 1.0515934229, 0.9459785223, 2.0329687595]","[3.4721539993, 4.7227987463, 2.2337196289, 1.4672606506, 5.4783809301]","[-0.4041838646, -0.25164508820000003, -0.7030550838, -0.4944679737, -0.28181529050000004]","[0.0653980747, 0.3415385187, 0.08857122810000001, 0.236684218, 0.2678079605]",1.4538645744,4.2796215142,0.3415385187,0.0653980747,116.8106911182,,,banana,geometric,54.854,86
rosenbrock,,matrixexponential,5,ode_transport,1024,0.005,1000,1,rosenbrock_extreme|geometric,0,-5.0216218587,9.3921985796,0.0664128731,20000,5.0216218587,0.5,0.5,1.0,-1.3862943649,0.3724696636,"[0.5, 0.5, 0.5, 0.5, 0.5]","[0.5, 0.5, 0.5, 0.5, 0.5]","[1.0, 1.0, 1.0, 1.0, 1.0]","[-1.3862943649, -1.3862943649, -1.3862943649, -1.3862943649, -1.3862943649]","[0.200000003, 0.200000003, 0.200000003, 0.200000003, 0.200000003]",1.6094379425,5.0000001504,0.200000003,0.200000003,0.019226074200000002,32.0,6.9407863617,rosenbrock_extreme,geometric,71.666,116
rosenbrock,,matrixexponential,5,ode_transport,1024,0.005,1000,1,rosenbrock_extreme|geometric,10,-3.9015049186,6.6978084204,0.0473606575,20000,3.9015049186,0.4531340599,0.49996697900000003,1.1031505086,-1.485065341,0.368403554,"[0.4531340599, 0.4571914375, 0.4534363449, 0.453808099, 0.45363003020000003]","[0.49987506870000004, 0.4951109886, 0.4993147552, 0.49880030750000004, 0.49996697900000003]","[1.1031505086, 1.0829402041, 1.1011793846, 1.0991436878, 1.1021470048]","[-1.4849643707, -1.4856264591, -1.485419035, -1.4856302738, -1.4836865664]","[0.2054454088, 0.1979413927, 0.20527446270000002, 0.2052322775, 0.1861064583]",1.608722806,4.9964257459,0.2054454088,0.1861064583,0.6161251068,32.0,6.2551608086,rosenbrock_extreme,geometric,71.666,116
rosenbrock,,matrixexponential,5,ode_transport,1024,0.005,1000,1,rosenbrock_extreme|geometric,50,-2.0518149281,2.148522449,0.0151923479,20000,2.0518149281,0.32467740770000003,0.5024669766000001,1.5458599427,-1.80082829,0.37619403,"[0.3352138102, 0.4019576013, 0.32467740770000003, 0.3635105193, 0.3427200019]","[0.49215081330000005, 0.4079695642, 0.5019057989, 0.4453328252, 0.5024669766000001]","[1.4681698616, 1.014956709, 1.5458599427, 1.2250892384, 1.4661151196]","[-1.8019567728, -1.8079713583, -1.8142660856000001, -1.8208804131, -1.7590668201]","[0.23678535220000002, 0.1550136805, 0.2296992689, 0.22265677150000002, 0.1558449566]",1.5921375751,4.9142422713,0.23678535220000002,0.1550136805,3.9802868366,38.0,1.5822930336,rosenbrock_extreme,geometric,71.666,116
rosenbrock,,matrixexponential,5,ode_transport,1024,0.005,1000,1,rosenbrock_extreme|geometric,100,-1.5967962576,1.0993685085,0.007773709300000001,20000,1.5967962576,0.231046617,0.5426668525,2.3487331667,-2.0190739155,0.4308636189,"[0.27503776550000003, 0.3379581273, 0.231046617, 0.3316728473, 0.2934250832]","[0.4839438796, 0.3889760077, 0.5426668525, 0.38143026830000004, 0.5067670345]","[1.7595542878000001, 1.1509591761, 2.3487331667, 1.1500195793, 1.72707469]","[-2.0166330338, -2.0290708542, -2.0763955116, -2.0674333572, -1.9058368206]","[0.2578330636, 0.1250624359, 0.2555639148, 0.2145321667, 0.147008419]",1.570219636,4.8077040225,0.2578330636,0.1250624359,7.9978919029,50.0,0.5746379495,rosenbrock_extreme,geometric,71.666,116
rosenbrock,,matrixexponential,5,ode_transport,1024,0.005,1000,1,rosenbrock_extreme|geometric,250,-1.2361586835,0.694241149,0.0049090262,20000,1.2361586835,0.1495742649,0.7301724553000001,4.8816716958,-2.1855097294,0.5606860518,"[0.21386356650000002, 0.2643829882, 0.1495742649, 0.2720824778, 0.24214942750000001]","[0.5171066523, 0.3843311071, 0.7301724553000001, 0.3663479388, 0.6061914563]","[2.4179277503, 1.4536907603, 4.8816716958, 1.3464591389, 2.5033776148]","[-2.2019231319, -2.2866072655, -2.2144367695, -2.3058218956, -1.9187595844]","[0.20527562500000002, 0.0992500409, 0.3768256903, 0.16261287030000002, 0.1560357362]",1.5073143244,4.5145897745,0.3768256903,0.0992500409,23.1606068611,62.0,0.3941539228,rosenbrock_extreme,geometric,71.666,116
rosenbrock,,matrixexponential,5,ode_transport,1024,0.005,1000,1,rosenbrock_extreme|geometric,500,-1.0444147747,0.5848323059,0.0041353889,20000,1.0444147747,0.11318634450000001,0.9911792874,8.7570571501,-2.2753522635,0.6754257083,"[0.1755687296, 0.21966782210000002, 0.11318634450000001, 0.2235226035, 0.1995618045]","[0.5397589803, 0.3848540187, 0.9911792874, 0.4181759953, 0.6834734082]","[3.0743457641, 1.7519817649, 8.7570571501, 1.8708443297000001, 3.4248708555]","[-2.3563570976, -2.4705300331, -2.1875796318, -2.3700957298, -1.9921988249]","[0.1713211536, 0.0935594589, 0.41063976290000004, 0.1716746241, 0.15280504520000002]",1.4789655209,4.38840362,0.41063976290000004,0.0935594589,59.3294949532,68.0,0.39632347230000003,rosenbrock_extreme,geometric,71.666,116
rosenbrock,,matrixexponential,5,ode_transport,1024,0.005,1000,1,rosenbrock_extreme|geometric,1000,-0.9018701704000001,0.5446714312000001,0.0038514086,20000,0.9018701704000001,0.09214936200000001,1.2129803896,13.1631990031,-2.3574924946,0.8025658131000001,"[0.1319089383, 0.26071688530000003, 0.09214936200000001, 0.17241843040000002, 0.1489868164]","[0.6207451224, 0.2891832292, 1.2129803896, 0.5325097442, 0.8050723672000001]","[4.7058609559, 1.1091848878, 13.1631990031, 3.0884734467, 5.4036483671]","[-2.5024781227, -2.5850148201, -2.1912641525, -2.3879849911, -2.1207203865]","[0.15072272720000002, 0.13624401390000002, 0.34668001530000003, 0.2284496576, 0.1379035711]",1.5345541239,4.639256535,0.34668001530000003,0.13624401390000002,149.9555549622,,,rosenbrock_extreme,geometric,71.666,116
hierarchical_mixture,,matrixexponential,5,ode_transport,1024,0.005,1000,1,hier_k5|geometric,0,-59.9110074261,15.4251171211,0.1090720492,20000,59.9110074261,0.5,0.5,1.0,-1.3862943649,0.3724696636,"[0.5, 0.5, 0.5, 0.5, 0.5]","[0.5, 0.5, 0.5, 0.5, 0.5]","[1.0, 1.0, 1.0, 1.0, 1.0]","[-1.3862943649, -1.3862943649, -1.3862943649, -1.3862943649, -1.3862943649]","[0.200000003, 0.200000003, 0.200000003, 0.200000003, 0.200000003]",1.6094379425,5.0000001504,0.200000003,0.200000003,0.023859024000000003,32.0,11.0013790131,hier_k5,geometric,86.126,134
hierarchical_mixture,,matrixexponential,5,ode_transport,1024,0.005,1000,1,hier_k5|geometric,10,-57.5399445341,16.1781952994,0.11439711600000001,20000,57.5399445341,0.4997764826,0.5528730154,1.1062405589,-1.2864101171,0.3928134441,"[0.5001968145, 0.5001696944, 0.5002436638000001, 0.4997764826, 0.5058398247]","[0.5523113012, 0.5524564385, 0.5522313118000001, 0.5528730154, 0.5459322929]","[1.104187962, 1.1045380092, 1.1039246507, 1.1062405589, 1.0792592167]","[-1.2863969803, -1.2861886024, -1.2864482403, -1.2862212658, -1.2867954969]","[0.1959198117, 0.1961428076, 0.1960675865, 0.1956949383, 0.2161748558]",1.6086359024,4.9959915575,0.2161748558,0.1956949383,0.9290728569000001,50.0,11.2244701385,hier_k5,geometric,86.126,134
hierarchical_mixture,,matrixexponential,5,ode_transport,1024,0.005,1000,1,hier_k5|geometric,50,-46.7227274096,18.964351066,0.1340982124,20000,46.7227274096,0.48210117220000004,0.8489261866000001,1.7602247341000001,-0.8927692294,0.44711562990000003,"[0.4830699563, 0.48233816030000004, 0.48398157950000004, 0.48210117220000004, 0.49809443950000004]","[0.842966795, 0.8489261866000001, 0.8441197276, 0.8486064076000001, 0.8297458887]","[1.7450201238, 1.7600228563, 1.7441154029000001, 1.7602247341000001, 1.6658404971]","[-0.898421526, -0.8928928375, -0.8951693773, -0.8937610388, -0.8836013675000001]","[0.17436032, 0.1777471006, 0.1794247925, 0.17756265400000001, 0.29090520740000003]",1.5859364271,4.8838626193,0.29090520740000003,0.17436032,4.6665458679,50.0,12.2693023682,hier_k5,geometric,86.126,134
hierarchical_mixture,,matrixexponential,5,ode_transport,1024,0.005,1000,1,hier_k5|geometric,100,-32.1675395147,21.4835990122,0.1519119855,20000,32.1675395147,0.4347720444,1.6608126163,3.7087901275,-0.4103329539,0.5466669202000001,"[0.4347720444, 0.4425455332, 0.4425510466, 0.4388818741, 0.4478044212]","[1.4381771088, 1.5008695126, 1.4400252104, 1.487675786, 1.6608126163]","[3.3078877247, 3.3914465293, 3.2539188901, 3.3896952093, 3.7087901275]","[-0.46955701710000003, -0.4091672897, -0.4505388141, -0.4263099134, -0.2960917354]","[0.1309821457, 0.1708881855, 0.1569594443, 0.1586498022, 0.38252046700000003]",1.5184901953,4.5653272365,0.38252046700000003,0.1309821457,10.0239548683,56.0,11.5311126709,hier_k5,geometric,86.126,134
hierarchical_mixture,,matrixexponential,5,ode_transport,1024,0.005,1000,1,hier_k5|geometric,250,-16.9031207481,17.5133259857,0.12383791570000001,20000,16.9031207481,0.3660016954,3.0292687416,8.2766522115,0.10693840980000001,0.6974416375,"[0.3660016954, 0.4466628134, 0.376113534, 0.4023773968, 0.3760533035]","[3.0292687416, 2.8162441254, 2.5148403645, 2.9795095921, 2.8700246811]","[8.2766522115, 6.305078553, 6.6863862565, 7.4047638252, 7.6319624227]","[0.1032040119, 0.2294527888, -0.0556548834, 0.18139392140000002, 0.0762962103]","[0.051832180500000005, 0.3492447734, 0.1542290449, 0.125131458, 0.3195625246]",1.4337419271,4.1943648715,0.3492447734,0.051832180500000005,32.644315958,68.0,4.3331031799,hier_k5,geometric,86.126,134
hierarchical_mixture,,matrixexponential,5,ode_transport,1024,0.005,1000,1,hier_k5|geometric,500,-5.7889770362,7.9679786732,0.056342117500000004,20000,5.7889770362,0.3189176321,3.0631229877,8.6218190893,-0.3117439151,0.9998359680000001,"[0.3552757204, 0.3631531596, 0.3627773821, 0.4233605266, 0.3189176321]","[3.0631229877, 0.7273048162, 2.0326318741, 2.7699027061, 2.6544108391]","[8.6218190893, 2.0027495204, 5.6029729916, 6.5426569847, 8.3231862145]","[0.0845738649, -1.331340313, -0.30463451150000004, 0.1592810154, -0.1665996313]","[0.0170598198, 0.6830824614000001, 0.1187124252, 0.0450488552, 0.1360964775]",0.9938645363,2.7016549678,0.6830824614000001,0.0170598198,78.3966779709,86.0,2.7584490776,hier_k5,geometric,86.126,134
hierarchical_mixture,,matrixexponential,5,ode_transport,1024,0.005,1000,1,hier_k5|geometric,1000,-4.0318905734,3.0952938335,0.021887032600000002,20000,4.0318905734,0.2540336251,2.9700126648,8.3582928959,-0.4768335342,0.9998703003,"[0.35533723240000004, 0.2540336251, 0.3899338543, 0.40369564290000004, 0.28619438410000003]","[2.9700126648, 0.6872950792, 1.8187140226, 2.5940153599, 2.3533830643]","[8.3582928959, 2.7055279745, 4.6641603502, 6.425670936, 8.2230232144]","[0.0538781881, -1.7452801466, -0.3436484933, 0.0461129546, -0.3952301741]","[0.0032543913000000002, 0.9331491590000001, 0.0241613053, 0.0094617512, 0.029973283400000002]",0.32238397,1.3804147121,0.9331491590000001,0.0032543913000000002,180.3280639648,,,hier_k5,geometric,86.126,134
hierarchical_mixture,,matrixexponential,50,ode_transport,1024,0.005,1000,1,hier_k50|geometric,0,-57.5382222869,16.4572335563,0.1163702145,20000,57.5382222869,0.5,0.5,1.0,-1.3862943649,0.0633565113,"[0.5, 0.5, 0.5, 0.5, 0.5, 0.5, 0.5, 0.5, 0.5, 0.5, 0.5, 0.5, 0.5, 0.5, 0.5, 0.5, 0.5, 0.5, 0.5, 0.5, 0.5, 0.5, 0.5, 0.5, 0.5, 0.5, 0.5, 0.5, 0.5, 0.5, 0.5, 0.5, 0.5, 0.5, 0.5, 0.5, 0.5, 0.5, 0.5, 0.5, 0.5, 0.5, 0.5, 0.5, 0.5, 0.5, 0.5, 0.5, 0.5, 0.5]","[0.5, 0.5, 0.5, 0.5, 0.5, 0.5, 0.5, 0.5, 0.5, 0.5, 0.5, 0.5, 0.5, 0.5, 0.5, 0.5, 0.5, 0.5, 0.5, 0.5, 0.5, 0.5, 0.5, 0.5, 0.5, 0.5, 0.5, 0.5, 0.5, 0.5, 0.5, 0.5, 0.5, 0.5, 0.5, 0.5, 0.5, 0.5, 0.5, 0.5, 0.5, 0.5, 0.5, 0.5, 0.5, 0.5, 0.5, 0.5, 0.5, 0.5]","[1.0, 1.0, 1.0, 1.0, 1.0, 1.0, 1.0, 1.0, 1.0, 1.0, 1.0, 1.0, 1.0, 1.0, 1.0, 1.0, 1.0, 1.0, 1.0, 1.0, 1.0, 1.0, 1.0, 1.0, 1.0, 1.0, 1.0, 1.0, 1.0, 1.0, 1.0, 1.0, 1.0, 1.0, 1.0, 1.0, 1.0, 1.0, 1.0, 1.0, 1.0, 1.0, 1.0, 1.0, 1.0, 1.0, 1.0, 1.0, 1.0, 1.0]","[-1.3862943649, -1.3862943649, -1.3862943649, -1.3862943649, -1.3862943649, -1.3862943649, -1.3862943649, -1.3862943649, -1.3862943649, -1.3862943649, -1.3862943649, -1.3862943649, -1.3862943649, -1.3862943649, -1.3862943649, -1.3862943649, -1.3862943649, -1.3862943649, -1.3862943649, -1.3862943649, -1.3862943649, -1.3862943649, -1.3862943649, -1.3862943649, -1.3862943649, -1.3862943649, -1.3862943649, -1.3862943649, -1.3862943649, -1.3862943649, -1.3862943649, -1.3862943649, -1.3862943649, -1.3862943649, -1.3862943649, -1.3862943649, -1.3862943649, -1.3862943649, -1.3862943649, -1.3862943649, -1.3862943649, -1.3862943649, -1.3862943649, -1.3862943649, -1.3862943649, -1.3862943649, -1.3862943649, -1.3862943649, -1.3862943649, -1.3862943649]","[0.019999999600000002, 0.019999999600000002, 0.019999999600000002, 0.019999999600000002, 0.019999999600000002, 0.019999999600000002, 0.019999999600000002, 0.019999999600000002, 0.019999999600000002, 0.019999999600000002, 0.019999999600000002, 0.019999999600000002, 0.019999999600000002, 0.019999999600000002, 0.019999999600000002, 0.019999999600000002, 0.019999999600000002, 0.019999999600000002, 0.019999999600000002, 0.019999999600000002, 0.019999999600000002, 0.019999999600000002, 0.019999999600000002, 0.019999999600000002, 0.019999999600000002, 0.019999999600000002, 0.019999999600000002, 0.019999999600000002, 0.019999999600000002, 0.019999999600000002, 0.019999999600000002, 0.019999999600000002, 0.019999999600000002, 0.019999999600000002, 0.019999999600000002, 0.019999999600000002, 0.019999999600000002, 0.019999999600000002, 0.019999999600000002, 0.019999999600000002, 0.019999999600000002, 0.019999999600000002, 0.019999999600000002, 0.019999999600000002, 0.019999999600000002, 0.019999999600000002, 0.019999999600000002, 0.019999999600000002, 0.019999999600000002, 0.019999999600000002]",3.9120233059,50.0000150232,0.019999999600000002,0.019999999600000002,0.1518380642,44.0,3.681337595,hier_k50,geometric,72.398,110
hierarchical_mixture,,matrixexponential,50,ode_transport,1024,0.005,1000,1,hier_k50|geometric,10,-54.8512615966,17.0172617323,0.12033021170000001,20000,54.8512615966,0.47224542500000005,0.5527309775,1.1064725993,-1.2923572588,0.0690249726,"[0.5004668832, 0.5024963021000001, 0.5000220537, 0.5233001709, 0.4999359846, 0.4956382811, 0.5000177622, 0.4998173118, 0.4998670518, 0.4998434782, 0.5000057817, 0.5082808733, 0.5012270808, 0.49984732270000004, 0.4993721545, 0.5001026392, 0.5007104278, 0.4998340607, 0.5001685023, 0.49983775620000004, 0.4998472333, 0.4999347329, 0.49985566740000004, 0.4998874962, 0.4995839298, 0.47224542500000005, 0.5002301335, 0.5003540516, 0.5043458343, 0.499863565, 0.4998043478, 0.5000761151, 0.4997744858, 0.4998314679, 0.49984681610000004, 0.4999054074, 0.5008007288, 0.5093957186, 0.5000220537, 0.49889907240000003, 0.4999096096, 0.4998528063, 0.4998148978, 0.4998685718, 0.4997985661, 0.49981614950000003, 0.5024484396, 0.5001851916, 0.47883096340000003, 0.4998705685]","[0.5519457459, 0.5493264794, 0.5527309775, 0.5278617144000001, 0.5526691079, 0.5484101772000001, 0.5524179935, 0.5526470542, 0.5525445938, 0.5525016785, 0.5527049899, 0.5434302688, 0.5510665774, 0.5525025129, 0.5521529317, 0.5526670218, 0.5516521335, 0.5526705980000001, 0.5522145629, 0.5526663065, 0.5525168180000001, 0.5526203513, 0.5526233912, 0.5525725484, 0.5524099469, 0.4894706905, 0.5521662831, 0.5520681143, 0.5475850701, 0.5526613593, 0.5526695848000001, 0.5526873469, 0.5527085066, 0.5526453853000001, 0.5526517034, 0.5526121259, 0.5515137315, 0.5421429276, 0.5527056456, 0.5509296656, 0.5526423454, 0.5526649952, 0.5526493788, 0.5525252223, 0.5527097583, 0.5526818633, 0.5497515202000001, 0.5520572066, 0.5270989537, 0.5525248647000001]","[1.1028616768, 1.0931950685, 1.1054131981, 1.0087168775, 1.1054797513, 1.1064725993, 1.1047967399, 1.1056981045, 1.1053831049, 1.1053493795, 1.1053971978, 1.0691534884, 1.0994349638, 1.1053425473, 1.1056942738, 1.1051071889, 1.1017388552, 1.105708157, 1.1040570534, 1.1056913962, 1.105371364, 1.1053849931, 1.1055659208, 1.1053938187, 1.1057400248, 1.0364752406, 1.1038245122, 1.1033549394, 1.0857333063, 1.1056244104, 1.105771863, 1.105206448, 1.1059158125, 1.1056634502, 1.1056421399, 1.1054333833, 1.1012638356, 1.0642863846, 1.1053625364, 1.1042908196, 1.1054845413, 1.1056554814, 1.1057080956, 1.1053409906, 1.105865034, 1.1057703195, 1.0941451437, 1.1037056192, 1.1008038202, 1.1053358599]","[-1.2865192890000001, -1.2872292995, -1.2859869003, -1.2865209579, -1.2862710953, -1.3026406765, -1.2865619659, -1.2865483761, -1.2866342068, -1.2867591381, -1.2860665321, -1.2865749598, -1.286595583, -1.2867498398, -1.2883338928, -1.2859414816, -1.2865649462, -1.2864723206, -1.2866288424, -1.2864725590000001, -1.2867242098, -1.2863616943, -1.2865145206, -1.286542654, -1.2874445915, -1.464687109, -1.2865930796, -1.2865231037, -1.2867305279, -1.286429882, -1.2865334749, -1.2859578133, -1.2865228653, -1.2865231037, -1.2864809036, -1.2864353657, -1.2866355181, -1.2867558002, -1.2860327959, -1.2914996147, -1.2863721848, -1.2864449024, -1.2865489721, -1.2866662741000001, -1.2864723206, -1.2864876986, -1.2865511179, -1.2868804932, -1.3767745495000001, -1.2866629362]","[0.0198966041, 0.0211677849, 0.0210801028, 0.020917464, 0.021180031800000002, 0.0211949144, 0.0191774257, 0.0191768091, 0.019264627200000002, 0.019196853, 0.0211457666, 0.0191890169, 0.0207888912, 0.0192007888, 0.021179243900000002, 0.0211696718, 0.0191828627, 0.0191718359, 0.019238937600000002, 0.0191685464, 0.0191944875, 0.019189041100000002, 0.0191716813, 0.0191716421, 0.0211728159, 0.0211841781, 0.0191739127, 0.0191846434, 0.020716929800000002, 0.019166234900000002, 0.019175157, 0.021177446500000002, 0.0191744734, 0.0191705339, 0.0191721655, 0.021195517900000002, 0.0203624703, 0.019213628, 0.020884450500000002, 0.021194173, 0.0191686153, 0.0191694275, 0.019177191, 0.0211845469, 0.019170519, 0.0191717669, 0.0199563317, 0.0211788155, 0.0211848319, 0.0209042225]",3.9109699726000002,49.9473760713,0.021195517900000002,0.019166234900000002,3.8393919468,44.0,3.8279018402,hier_k50,geometric,72.398,110
hierarchical_mixture,,matrixexponential,50,ode_transport,1024,0.005,1000,1,hier_k50|geometric,50,-43.1512879898,18.1559951163,0.1283822727,20000,43.1512879898,0.3778380454,0.8654782772,1.795656066,-0.9253876019,0.0995827019,"[0.4778302312, 0.4865200818, 0.4890020192, 0.5188117027, 0.4813372791, 0.4534234703, 0.4838209748, 0.483625114, 0.47615322470000004, 0.48303353790000003, 0.48809295890000004, 0.6060039997000001, 0.48050937060000004, 0.48468539120000004, 0.48587048050000003, 0.4904225171, 0.4866527617, 0.48050504920000003, 0.4753055573, 0.4812726974, 0.4845825434, 0.4839698076, 0.4837068915, 0.48333093520000003, 0.48422563080000003, 0.3778380454, 0.48179811240000003, 0.4841304421, 0.48684448, 0.48289695380000003, 0.4831916988, 0.4911451042, 0.48228830100000003, 0.4824817181, 0.4849310815, 0.4822796881, 0.4784933329, 0.48450851440000003, 0.4863240123, 0.47331056, 0.4846372902, 0.4826622903, 0.48303389550000003, 0.4883617461, 0.482394129, 0.483299911, 0.484305203, 0.48535430430000004, 0.3921220601, 0.4876270294]","[0.8543899059000001, 0.8612218499000001, 0.8515614271, 0.7929714322, 0.8580745459, 0.8022798896000001, 0.8394793868, 0.8402039409000001, 0.8444286585, 0.8425164223, 0.8545063138000001, 0.6659183502, 0.862829566, 0.8381609321, 0.8623075485, 0.8516855240000001, 0.8338152766, 0.8462809920000001, 0.8458746076, 0.8462300301000001, 0.8383178711, 0.8379773498, 0.8396025896, 0.8385813236, 0.8654782772, 0.4301862121, 0.8376818299000001, 0.8351067901, 0.8464955688, 0.840231061, 0.8423984051000001, 0.8501560092, 0.8432766199, 0.8406588435000001, 0.8406327367, 0.8500276208, 0.8571118116, 0.8379727602, 0.8531116843000001, 0.8102997541, 0.8362463713, 0.8404324055, 0.8407793641, 0.8542278409, 0.8436321616, 0.8442223072, 0.832855165, 0.8626179099, 0.6324020028, 0.8541039228]","[1.7880616381, 1.7701671158, 1.7414272206, 1.5284378283, 1.7826887365, 1.7693832415, 1.7351033347, 1.7373041982, 1.7734389156, 1.7442193062, 1.7507040374, 1.0988679127, 1.795656066, 1.7292886217, 1.7747683448, 1.7366362562, 1.7133680157, 1.7612322563, 1.779643841, 1.7583171340000001, 1.7299795103, 1.7314661711000001, 1.7357672679, 1.7350044503, 1.7873450355, 1.138546574, 1.7386573512, 1.7249623601, 1.7387391733, 1.7399800399, 1.7434041338, 1.7309670848, 1.7484907226, 1.7423641395, 1.7335097062, 1.7625200516000001, 1.7912722138000001, 1.7295315465, 1.7542043222, 1.7119832572, 1.7255097536, 1.7412431472, 1.7406218734, 1.749170257, 1.7488441729, 1.7467876322, 1.7196907238, 1.7772952712, 1.6127682353000001, 1.7515516395]","[-0.8958674073, -0.8698802590000001, -0.8760722876, -0.8881824017000001, -0.8842513561, -1.0112265348, -0.9010136724000001, -0.9005559087, -0.9111106396, -0.8990312815, -0.8744807839000001, -0.9074568748, -0.8804466724000001, -0.9008004069000001, -0.8699564934, -0.8730258942, -0.9019477963, -0.8998214006, -0.9111815691, -0.8982852697, -0.9008254409, -0.9024969339000001, -0.9011027813, -0.9030973911, -0.8696773052000001, -1.8168267012000001, -0.9073470235000001, -0.9055966139, -0.8864608407000001, -0.9020303488, -0.8988440633, -0.8733510375, -0.8996734619000001, -0.9023816586000001, -0.8973488808000001, -0.8917174935000001, -0.8912999034, -0.9013899565, -0.8797450066, -0.9583545923000001, -0.9031865001, -0.902276814, -0.9010944366, -0.8742561936000001, -0.8990325332, -0.8964573145, -0.9079355001, -0.8706595898, -1.3944120407, -0.8759068251000001]","[0.0204200316, 0.0265593808, 0.0254497323, 0.021673433500000002, 0.026494510500000002, 0.0266981721, 0.0160591993, 0.0161526538, 0.0166491363, 0.0162077323, 0.0255759843, 0.0159805659, 0.0223548282, 0.0163348727, 0.026762573, 0.0266500656, 0.0160023738, 0.0161289386, 0.016428051500000002, 0.0161018167, 0.016287349200000002, 0.0160954427, 0.0160277914, 0.0160293505, 0.0267281942, 0.0266588274, 0.0159708634, 0.0160252079, 0.0173841678, 0.0161712132, 0.0161246918, 0.0266669206, 0.0161041021, 0.016082629600000002, 0.0160512161, 0.0267011188, 0.0187400188, 0.0161956009, 0.023305576300000002, 0.026707969600000003, 0.016214693000000002, 0.0161788762, 0.016146905700000002, 0.0268964898, 0.0160549618, 0.016052017000000002, 0.016666133, 0.0265454445, 0.026628349000000003, 0.0258738417]",3.8850078583,48.6673248993,0.0268964898,0.0159708634,18.1516489983,38.0,4.1271004677,hier_k50,geometric,72.398,110
hierarchical_mixture,,matrixexponential,50,ode_transport,1024,0.005,1000,1,hier_k50|geometric,100,-27.1321090358,17.8549134886,0.1262533041,20000,27.1321090358,0.3033586442,1.7640383244,3.8234080433,-0.48679082570000004,0.1400781721,"[0.4314338267, 0.46137851480000003, 0.46931451560000004, 0.45749181510000003, 0.4449497759, 0.4046395421, 0.4296257496, 0.4379903674, 0.4276780784, 0.4347582459, 0.4694039822, 0.4896085858, 0.4424929917, 0.4395705163, 0.4648143947, 0.47408291700000005, 0.4273555875, 0.4329856634, 0.4244029224, 0.4330314696, 0.439352721, 0.4501012266, 0.4370506108, 0.43425852060000003, 0.4588349164, 0.3033586442, 0.43260088560000004, 0.42824223640000003, 0.4222730398, 0.4415350854, 0.4364552796, 0.478731662, 0.43492785100000003, 0.43707895280000003, 0.4415848553, 0.45207759740000003, 0.43608251210000004, 0.43114948270000003, 0.4561530948, 0.4485869408, 0.4495346546, 0.44090476630000003, 0.43671226500000004, 0.4504861832, 0.4382635057, 0.4374305308, 0.4270746708, 0.4401711822, 0.3048286438, 0.44827762250000003]","[1.4687378407, 1.7640383244, 1.5910339355, 1.4970766306, 1.5698686838, 1.3536183834, 1.4570536613, 1.3972295523, 1.39176476, 1.4078626633, 1.60640347, 1.1936234236, 1.6481654644000001, 1.3881646395, 1.6708120108, 1.6278476715, 1.4653692245, 1.4518209696, 1.3987497091, 1.4576529264, 1.388482213, 1.4129567146, 1.4022231102, 1.4045987129, 1.6812494993, 0.3258525729, 1.4161047935, 1.4373986721, 1.4950295687, 1.4295446873, 1.4071811438, 1.6156184673, 1.4112317562, 1.4075447321, 1.4193428755, 1.5356884003, 1.5466290712, 1.4952930212, 1.560665369, 1.4235986471, 1.4077634811, 1.4274904728, 1.400734067, 1.5765868425, 1.4088381529, 1.4150714874, 1.4291467667, 1.6207660437, 0.6910544634, 1.5789842606]","[3.4043177651, 3.8234080433, 3.3901230043, 3.2723571903, 3.5281929978, 3.3452449466, 3.3914486335, 3.1900919660000002, 3.2542345055, 3.2382655795, 3.422219519, 2.4379135867, 3.7247267084, 3.1580021586, 3.5945788895, 3.4336771337, 3.4289225822000002, 3.3530462836, 3.2958060261, 3.3661593414, 3.1602904608, 3.1391976543, 3.2083769605, 3.2344758854, 3.6641707930000003, 1.0741496216, 3.2734671624, 3.3565084198, 3.5404333872000002, 3.237669518, 3.2241130067, 3.3747892514, 3.2447491074, 3.2203443408, 3.2142018876, 3.3969575338, 3.5466431883, 3.4681545058, 3.4213631058, 3.1735178128, 3.1316016834, 3.2376390138, 3.2074530055, 3.4997451674, 3.2145915290000002, 3.2349627834, 3.3463627426, 3.6821266575, 2.2670260077, 3.522335672]","[-0.4562377334, -0.205930829, -0.2920980453, -0.3784820139, -0.3588019013, -0.6019773483, -0.4684244692, -0.4910669923, -0.5188120008, -0.4908924103, -0.2822937071, -0.5371553898, -0.3156678081, -0.49397462610000004, -0.2528073788, -0.2591143548, -0.468031615, -0.4642320573, -0.5214931965, -0.4601173103, -0.49424150590000004, -0.4525983334, -0.48964735870000003, -0.494363606, -0.2595275044, -2.3141498566, -0.4900297523, -0.4852312803, -0.4599571824, -0.4601418078, -0.48748084900000005, -0.2568972409, -0.48811224100000006, -0.48579457400000003, -0.4671910703, -0.3649227023, -0.39384603500000004, -0.438978225, -0.3398145139, -0.4484648705, -0.45754003520000003, -0.4630084038, -0.4914842844, -0.34216561910000004, -0.4821695983, -0.4796573222, -0.49371880290000003, -0.337692678, -1.5575420856, -0.3455607593]","[0.0171471462, 0.034031730100000004, 0.029618172, 0.017306475, 0.0334083959, 0.0338318497, 0.0120850466, 0.0127064744, 0.0125393951, 0.0126501089, 0.0296919756, 0.011973678100000001, 0.0259464327, 0.0127818296, 0.034909267, 0.033824790300000004, 0.0117702289, 0.012751245900000001, 0.012388255400000001, 0.0126813753, 0.012750034200000001, 0.0120735411, 0.012173811900000001, 0.0121001806, 0.0353291258, 0.033521924200000004, 0.011474440800000001, 0.0117901657, 0.013023998600000001, 0.0125335399, 0.0126912249, 0.033942394, 0.012642326800000001, 0.0123297237, 0.012282874400000001, 0.0339142121, 0.016072832000000002, 0.012508777, 0.021095532900000002, 0.033982832000000004, 0.012354349700000001, 0.0126481643, 0.0126867639, 0.0373034291, 0.012376628800000001, 0.0125789158, 0.0114507014, 0.0366973132, 0.033366166100000004, 0.03626021]",3.7958700657,44.5169522332,0.0373034291,0.0114507014,36.714206934,44.0,3.8162782192,hier_k50,geometric,72.398,110
hierarchical_mixture,,matrixexponential,50,ode_transport,1024,0.005,1000,1,hier_k50|geometric,250,-11.1748928556,14.1638699587,0.100153685,20000,11.1748928556,0.2012923509,3.1344938278,9.2944577358,-0.1190391576,0.2792449892,"[0.38074699040000004, 0.3858646154, 0.4721527696, 0.4037438929, 0.3723683953, 0.2606161535, 0.3429319859, 0.35782027240000003, 0.3692422211, 0.3591018319, 0.4746902585, 0.356308043, 0.392459482, 0.3665384352, 0.4033095539, 0.4626307786, 0.34747460480000003, 0.37311318520000003, 0.363732785, 0.3705370128, 0.3653499186, 0.4147407711, 0.3736311197, 0.37229233980000004, 0.39992001650000003, 0.21284341810000001, 0.359847635, 0.3337195516, 0.33589357140000003, 0.3879926205, 0.3554563522, 0.4702216983, 0.3522894084, 0.3703054488, 0.3496907353, 0.32307726140000004, 0.3963205218, 0.3833650053, 0.43289068340000003, 0.2755642235, 0.4062660635, 0.38674470780000003, 0.3564628065, 0.3315406144, 0.37081015110000004, 0.35453471540000003, 0.3594026864, 0.3266685903, 0.2012923509, 0.3313887715]","[2.4559819698, 2.6920368671, 2.8950958252, 2.9309740067, 2.2742505074, 1.9986940622, 3.090947628, 2.481085062, 2.454220295, 2.3991174698, 2.8657627106, 2.4461438656, 2.7518284321, 2.3957486153, 2.5914773941, 2.830975771, 3.0444245338, 3.0898087025, 2.4682812691000002, 3.0952954292, 2.4034295082, 2.983417511, 3.0500748158, 3.047317028, 2.6086792946, 0.2150728106, 3.1344938278, 3.1017422676, 2.4112300873, 3.0698859692, 2.4652440548, 2.80270648, 2.5164320469, 3.1302890778, 3.1192629337, 2.0274887085, 2.9210846424, 2.9785375595, 3.0183243752, 1.9295897484, 3.0166530609, 3.0708310604, 2.4990217686, 2.0402448177, 3.1086463928, 2.4832046032, 3.1052718163, 2.0680038929, 0.4881446064, 2.0551681519]","[6.4504304209, 6.9766357407, 6.1316929854, 7.2594881511, 6.1075282862, 7.6691104352, 9.0132963839, 6.9338862359, 6.6466404831, 6.6808834057, 6.0371213844, 6.8652502059, 7.0117516804, 6.5361456946, 6.4255293962, 6.119298374, 8.7615742025, 8.281156564, 6.7859741298, 8.3535391126, 6.5784317604, 7.1934512332, 8.1633318391, 8.1852799595, 6.5230025675, 1.0104743315, 8.7106139451, 9.2944577358, 7.1785538419, 7.912227726, 6.935433955, 5.960393768, 7.1430817577, 8.4532622681, 8.9200616959, 6.2755537156, 7.370510689, 7.7694560502, 6.9724863362, 7.0023231742, 7.4253139317, 7.9402018911, 7.0106101485, 6.1538307204, 8.3833907556, 7.0041225731, 8.6400907231, 6.330586883, 2.4250529352, 6.2016831238]","[-0.0670935512, 0.0380293727, 0.3125655055, 0.1683602333, -0.16622102260000002, -0.6522126794, 0.058254599600000005, -0.11902850870000001, -0.09849333760000001, -0.1490483284, 0.3077417612, -0.1374468207, 0.0769435763, -0.1299561262, 0.0441772342, 0.2697954178, 0.056248188000000005, 0.1422357559, -0.1078136563, 0.1370814443, -0.1300030351, 0.212967813, 0.1306797862, 0.1261856556, 0.042353332, -3.0839772224, 0.120393157, 0.0345096588, -0.2108239532, 0.1748715043, -0.1320619583, 0.276034534, -0.1204602718, 0.1476982236, 0.08689057830000001, -0.4230657816, 0.1464229822, 0.1326647401, 0.2674318552, -0.631627202, 0.2034009099, 0.17195779090000002, -0.11562603710000001, -0.39093518260000004, 0.1421222687, -0.1273991466, 0.10978937150000001, -0.39222526550000003, -2.3201406002, -0.384105444]","[0.0063863536, 0.0459621772, 0.0206130333, 0.0094221924, 0.0254614037, 0.0467342772, 0.0054207928, 0.0067430362, 0.0049074832, 0.0054945154, 0.0231153518, 0.0059446148, 0.0329086594, 0.0054470073, 0.050057344100000005, 0.036490079, 0.0049447007000000005, 0.007064434200000001, 0.0049910047, 0.007068533, 0.005610603400000001, 0.0053419415, 0.0057299011, 0.0055402271000000005, 0.052383359500000004, 0.054697580600000004, 0.0048054103, 0.0051290765, 0.0059972359, 0.0062445076, 0.0067763724, 0.037833903, 0.0070672254, 0.0059429836, 0.0059043504, 0.0386829786, 0.0090610962, 0.0061398968, 0.0077274940000000005, 0.0463445485, 0.0056439703, 0.0064969636, 0.006790061, 0.078463234, 0.0060961084, 0.0071782619, 0.0044534551, 0.0767639875, 0.0494592264, 0.0805169791]",3.4146194458,30.405376332,0.0805169791,0.0044534551,108.9728541374,50.0,2.0528600216,hier_k50,geometric,72.398,110
hierarchical_mixture,,matrixexponential,50,ode_transport,1024,0.005,1000,1,hier_k50|geometric,500,-5.4993698608,8.5832161932,0.060692503700000004,20000,5.4993698608,0.1947678328,3.0514631271,9.0485810141,-0.2454862404,0.4152669311,"[0.3485663235, 0.3157751858, 0.4381729364, 0.3747987747, 0.2777737677, 0.22291068730000002, 0.3518223464, 0.3269256949, 0.34234672780000003, 0.3302123845, 0.4253943861, 0.3249042332, 0.3400689662, 0.3371180892, 0.3437058032, 0.3625386655, 0.3691594899, 0.382188499, 0.33748140930000003, 0.3787668645, 0.3353946805, 0.42625272270000003, 0.39592015740000003, 0.3991880715, 0.34315937760000004, 0.1947678328, 0.3588677347, 0.32760092620000003, 0.3094351292, 0.39397844670000004, 0.3242790103, 0.3606059551, 0.3240274191, 0.3781663477, 0.3468934596, 0.2279991508, 0.3737576604, 0.3673119247, 0.4395444989, 0.251403898, 0.4144353569, 0.3935394585, 0.3264507651, 0.2912329137, 0.3754299283, 0.3248516023, 0.3685183227, 0.35605329280000003, 0.2281579226, 0.3108733594]","[2.3852231503, 2.4069561958, 2.5791430473, 2.7668046951, 1.9984976053, 1.9723732471, 2.8600077629, 2.3086895943, 2.4622442722, 2.3166110516, 2.4651527405, 2.341211319, 2.4818179607, 2.3248353004, 2.0540602207, 2.1790924072, 2.7629592419, 2.9014179707, 2.4599201679, 2.8837416172, 2.3225550652, 2.8966426849, 2.9040622711, 2.9215266705, 2.0937378407, 0.2595160604, 3.0514631271, 2.9643235207, 2.2873418331, 2.9211108685, 2.2892990112, 2.0694777966, 2.2820169926, 3.0399434566, 2.94029212, 1.9574215412, 2.7341897488, 2.8110442162, 2.8610641956, 1.9341260195, 2.9206948280000002, 2.9221203327, 2.3140835762, 1.9296044111000001, 3.0208072662, 2.23548913, 3.0289940834, 1.7325067520000001, 0.6834952235, 1.9174358845000001]","[6.8429535194, 7.6223728269, 5.886130413, 7.3821070979, 7.1946952435, 8.8482668588, 8.1291248034, 7.0618175016, 7.1922529761, 7.0155183772, 5.7949818364, 7.2058504618, 7.2979842555, 6.8962045495, 5.9762162927, 6.0106482822, 7.4844594753, 7.5915889108, 7.2890538562, 7.6135002483, 6.9248416871, 6.7955992546, 7.3349694796, 7.3186722728, 6.1013569131, 1.3324379939, 8.5030300368, 9.0485810141, 7.3919914629, 7.4143925709, 7.0596583144, 5.738889686, 7.0426663243, 8.0386408648, 8.4760667547, 8.5852141762, 7.3154079194, 7.6530164886, 6.5091570994, 7.6933016348, 7.0474074659, 7.4252283208, 7.0886143436, 6.6256398921, 8.0462612022, 6.8815702742000004, 8.2193852972, 4.8658635864, 2.9957111095, 6.167900292]","[-0.1846340299, -0.2743617892, 0.1223155856, 0.0363271832, -0.5885525942000001, -0.8217465878, 0.0061953068000000005, -0.2813422084, -0.17085802560000002, -0.267913878, 0.0475151539, -0.27355635170000003, -0.1696155071, -0.2436727881, -0.3481507897, -0.2357156277, 0.019775867500000002, 0.1033582687, -0.1861159205, 0.08825421330000001, -0.2497794032, 0.2108294964, 0.1395677924, 0.1537837386, -0.3306093812, -2.9848837852, 0.0908198357, -0.0293102264, -0.3456164002, 0.1405049562, -0.2979053259, -0.29267317060000003, -0.3018674254, 0.1394178271, 0.0197713375, -0.8067852855000001, 0.0216875076, 0.032012105, 0.22917729620000002, -0.7210389376, 0.1909832954, 0.1397355795, -0.28046232460000003, -0.5763169527, 0.1258406043, -0.3199267387, 0.1099657416, -0.4831055403, -1.858252883, -0.5173808336]","[0.0023484072, 0.021975478200000002, 0.0064984048, 0.002842119, 0.012791429600000001, 0.0434440263, 0.0022600184, 0.0031801991, 0.0019264927000000002, 0.0020129592, 0.0080435947, 0.0028458347, 0.0122311218, 0.0019873504000000003, 0.0263207145, 0.0171968583, 0.0020016218, 0.0028976442, 0.0019944240000000003, 0.0029060168000000003, 0.0021022137, 0.0018723260000000001, 0.0023787296, 0.002236984, 0.026084596300000002, 0.15881665050000002, 0.0018076154, 0.0020516152, 0.0022006999000000003, 0.0022988168000000002, 0.0031912532000000003, 0.0191240329, 0.0036519042, 0.0025123111, 0.0026301024, 0.0318522714, 0.0027226559, 0.002015888, 0.0020736929, 0.0417320319, 0.0019902012, 0.0024733024000000003, 0.0032563114, 0.1179399565, 0.0026646976, 0.0038452246, 0.0016000213, 0.10703082380000001, 0.1442867517, 0.123851575]",2.7853713036,16.2058340436,0.15881665050000002,0.0016000213,255.107311964,74.0,2.472386837,hier_k50,geometric,72.398,110
hierarchical_mixture,,matrixexponential,50,ode_transport,1024,0.005,1000,1,hier_k50|geometric,1000,-3.5231535438,5.5090741004,0.0389550365,20000,3.5231535438,0.2003441751,2.9152662754,10.2283392679,-0.39747392060000003,0.9556555748000001,"[0.3170847297, 0.2839538455, 0.3709558845, 0.3440271914, 0.2302350253, 0.2151129991, 0.3402990401, 0.3091951311, 0.3193637133, 0.3162671626, 0.3518742025, 0.2914148569, 0.2998047471, 0.3216695786, 0.334577173, 0.2869817317, 0.35975584390000004, 0.376786381, 0.3146139383, 0.3733268082, 0.3195496798, 0.42530831690000004, 0.4216200411, 0.4203065038, 0.3360013962, 0.2280904651, 0.35496819020000003, 0.3184786141, 0.3008233309, 0.3981468976, 0.3074529469, 0.2885481715, 0.30802819130000003, 0.3891002536, 0.3470142782, 0.2005092949, 0.3477252126, 0.3476652503, 0.4319800138, 0.29199910160000003, 0.419323504, 0.39733955260000003, 0.3085465133, 0.2791505158, 0.39274725320000003, 0.3096082509, 0.3637351394, 0.2003441751, 0.25443989040000003, 0.38487994670000003]","[2.1523396969, 2.1769499779, 2.3188941479, 2.6875209808, 2.0376329422, 2.0516822338, 2.6829919815, 2.0261468887, 2.2572190762, 2.1154358387, 2.1564035416, 2.043296814, 2.3449206352, 2.1253194809, 1.5132671595, 1.4044189453, 2.4951016903, 2.6404407024, 2.2429535389, 2.5865252018000002, 2.113979578, 2.7300961018, 2.6211233139, 2.665356636, 1.5524508953, 0.2451351881, 2.9152662754, 2.8833425045, 2.0844643116, 2.7415027618, 2.0222837925, 1.0663198233, 1.9674376249, 2.8315753937, 2.7589142323, 2.0508770943, 2.6524260044, 2.7205448151000002, 2.7468786240000003, 2.0730204582, 2.7672040462, 2.7259180546, 2.0149183273, 1.8449978828, 2.7814235687, 1.9904401302, 2.8997921944000002, 1.1079962254, 0.6821655631, 1.840018034]","[6.7879008211, 7.6665627614, 6.2511318597, 7.8119434975, 8.8502300624, 9.5376952698, 7.8842184829, 6.5529715224, 7.0678633245, 6.6887621894, 6.1283365655, 7.0116425622, 7.8214926811, 6.6071510102, 4.5229241012, 4.8937573037, 6.9355417924000005, 7.0077923076, 7.1292249504, 6.9283135979, 6.6154958429, 6.4190987878, 6.2167901385, 6.3414594162, 4.6203703704, 1.0747279069, 8.2127535817, 9.0534886078, 6.9291976307, 6.8856564717, 6.5775391418, 3.6954655358, 6.3871998743, 7.2772386232, 7.9504343359, 10.2283392679, 7.62793697, 7.8251847509, 6.3588095188, 7.0994069728, 6.5992104426000004, 6.8604246329, 6.5303551988, 6.6093300154, 7.0819682282, 6.4288988576, 7.9722630027, 5.530463887, 2.6810480152, 4.780758389]","[-0.3820307851, -0.4810187817, -0.15058171750000002, -0.0784153938, -0.7568657994, -0.8179317117, -0.0909979939, -0.4676467776, -0.3272910714, -0.40190714600000005, -0.2760397196, -0.5184428692, -0.35237228870000004, -0.3803082108, -0.6806167364, -0.9087129831, -0.1080002189, -0.0051310658, -0.3486154675, -0.0349857211, -0.3922703266, 0.14939588310000002, 0.0999522209, 0.1135668159, -0.6508050561000001, -2.8839583397, 0.0342340469, -0.0852497816, -0.46672016380000003, 0.08757191900000001, -0.4752057791, -1.1786799431, -0.5008320212, 0.0969150066, -0.0435520411, -0.8886271715, -0.0808680058, -0.0556830168, 0.1710892916, -0.5019978881, 0.14872485400000002, 0.0798411369, -0.4753040075, -0.6635260582, 0.0883739591, -0.4840916395, 0.0533097982, -1.5051653385000001, -1.7511734962, -0.3450484276]","[0.0009342766, 0.0064662453, 0.0023096690000000003, 0.0008793925000000001, 0.0063370354000000005, 0.023104472100000002, 0.0008749104, 0.0016821814, 0.0007769286000000001, 0.0009074511, 0.0029347572, 0.0013847325, 0.0036235959, 0.0008884696, 0.0128747784, 0.0073055229, 0.0007775928000000001, 0.0011543708, 0.0008165144, 0.0011583044000000001, 0.0009548028, 0.0006527482, 0.0009169244000000001, 0.0008426096, 0.0109186284, 0.3784993291, 0.0006275793000000001, 0.0007490671, 0.0010209667000000001, 0.0008013965000000001, 0.001705808, 0.0091079427, 0.0020659606, 0.0009614992000000001, 0.0010612441, 0.0160923954, 0.000842259, 0.0006446634, 0.0006491076, 0.022275323000000003, 0.0006743018, 0.0008881164, 0.0017321740000000002, 0.0819313675, 0.0010695227, 0.0022893576, 0.0005451895, 0.0895857662, 0.2061178982, 0.08658485860000001]",2.0957438946,8.1314876905,0.3784993291,0.0005451895,619.1863780022,,,hier_k50,geometric,72.398,110
banana,,matrixexponential,5,ode_transport,1024,0.005,1000,2,banana|geometric,0,-2.1594598869,1.3832597038,0.0097811232,20000,2.1594598869,0.5,0.5,1.0,-1.3862943649,0.38885143400000005,"[0.5, 0.5, 0.5, 0.5, 0.5]","[0.5, 0.5, 0.5, 0.5, 0.5]","[1.0, 1.0, 1.0, 1.0, 1.0]","[-1.3862943649, -1.3862943649, -1.3862943649, -1.3862943649, -1.3862943649]","[0.200000003, 0.200000003, 0.200000003, 0.200000003, 0.200000003]",1.6094379425,5.0000001504,0.200000003,0.200000003,0.10536575320000001,44.0,1.0692645311,banana,geometric,55.802,86
banana,,matrixexponential,5,ode_transport,1024,0.005,1000,2,banana|geometric,10,-1.9252977811,1.3569328411000001,0.0095949641,20000,1.9252977811,0.4999014735,0.5526771545,1.1055127175,-1.2867527008,0.40504342320000003,"[0.5028027892, 0.49990573530000004, 0.4999283552, 0.5000708699, 0.4999014735]","[0.548992157, 0.5525666475000001, 0.5526771545, 0.552087903, 0.5524740815]","[1.0918637859, 1.1053416846, 1.1055127175, 1.1040193225, 1.1051659392]","[-1.2872283459, -1.2865169048, -1.2862718105, -1.2870534658, -1.286692977]","[0.1919909269, 0.21215260030000002, 0.2119561583, 0.1919690669, 0.1919313222]",1.6082346439,4.9939872757,0.21215260030000002,0.1919313222,0.9336209297,44.0,1.030973196,banana,geometric,55.802,86
banana,,matrixexponential,5,ode_transport,1024,0.005,1000,2,banana|geometric,50,-1.0980433437,1.1511097748,0.0081395753,20000,1.0980433437,0.4890428483,0.8414174318000001,1.7124841282,-0.9106854558,0.4562749565,"[0.6050578356, 0.4963859618, 0.4913432002, 0.4962112904, 0.4890428483]","[0.6477274299, 0.8351696134000001, 0.8414174318000001, 0.7879132628000001, 0.8199735880000001]","[1.0705215134, 1.6825004688, 1.7124841282, 1.5878583945, 1.6766906842]","[-0.9367165565000001, -0.8805218935, -0.8832798004, -0.9391207099000001, -0.9137883186]","[0.1665579379, 0.265627563, 0.2407320738, 0.16482241450000001, 0.1622599214]",1.5857266188,4.8828380516,0.265627563,0.1622599214,4.6680648327,38.0,0.8489972353,banana,geometric,55.802,86
banana,,matrixexponential,5,ode_transport,1024,0.005,1000,2,banana|geometric,100,-0.5061902856,0.8247908111000001,0.0058321518,20000,0.5061902856,0.4644747078,1.328900218,2.8035650593,-0.5748066127,0.5364668369,"[0.5391481519, 0.4749146998, 0.4740037024, 0.5292815566, 0.4644747078]","[1.0117521286, 1.2790595293, 1.328900218, 0.8773015141, 1.2544775009]","[1.8765753441, 2.6932405543, 2.8035650593, 1.6575327502000001, 2.7008521233000002]","[-0.6060813069000001, -0.4984950125, -0.4621884227, -0.7671393156, -0.5401290059]","[0.1569541991, 0.337695688, 0.22297772770000002, 0.14337426420000002, 0.13899803160000002]",1.5446324348,4.6862488086,0.337695688,0.13899803160000002,8.7041258812,44.0,0.45378354190000003,banana,geometric,55.802,86
banana,,matrixexponential,5,ode_transport,1024,0.005,1000,2,banana|geometric,250,-0.1924683777,0.5410114352000001,0.0038255285,20000,0.1924683777,0.43314206600000005,1.9456951618,4.3752953591,-0.3595527589,0.6397321224,"[0.4447003007, 0.43314206600000005, 0.473221451, 0.6610206366, 0.46230024100000006]","[1.9456951618, 1.6005231142, 1.4534627199, 0.8355662227, 1.5725998878]","[4.3752953591, 3.6951458651, 3.0714218823, 1.2640546701, 3.4016852002]","[-0.1447353959, -0.3663589954, -0.37424305080000003, -0.5936158895, -0.31881046300000004]","[0.2884944081, 0.35595339540000004, 0.1143502295, 0.1329052001, 0.1082967222]",1.4832220078,4.4071226128,0.35595339540000004,0.1082967222,23.8233819008,62.0,0.201547578,banana,geometric,55.802,86
banana,,matrixexponential,5,ode_transport,1024,0.005,1000,2,banana|geometric,500,-0.1591049474,0.4293246966,0.003035784,20000,0.1591049474,0.38783577080000003,2.0696389675,5.3363797852,-0.3678924263,0.6852771044,"[0.38783577080000003, 0.4127054214, 0.47224837540000003, 0.6277500987, 0.4644109309]","[2.0696389675, 1.6567012072, 1.2859865427, 0.9663284421, 1.6923260689]","[5.3363797852, 4.0142462906, 2.7231148049000002, 1.5393521149, 3.6440272103]","[-0.2197991014, -0.3801928163, -0.4987240732, -0.4998646379, -0.24088150260000002]","[0.3152992129, 0.313876003, 0.10413429140000001, 0.1698042601, 0.0968862176]",1.4904294014,4.4390012231,0.3152992129,0.0968862176,55.2710831165,56.0,0.0767311826,banana,geometric,55.802,86
banana,,matrixexponential,5,ode_transport,1024,0.005,1000,2,banana|geometric,1000,-0.0951996434,0.3445524427,0.0024363537000000003,20000,0.0951996434,0.3494152427,2.213124752,6.3337956728,-0.41737127900000004,0.7148754597,"[0.3494152427, 0.3685182929, 0.49549576640000004, 0.6035548449, 0.3628107011]","[2.213124752, 1.7696527243, 0.9998753071, 1.0723334551, 2.1148638725]","[6.3337956728, 4.802075659, 2.0179290619, 1.7766959610000002, 5.8291110652]","[-0.2570887804, -0.4274815917, -0.7023211718, -0.4350812733, -0.2648835778]","[0.24390411380000002, 0.2327359766, 0.1182366982, 0.3075761795, 0.0975470021]",1.5255565643,4.5977017742,0.3075761795,0.0975470021,120.8321139812,,,banana,geometric,55.802,86
rosenbrock,,matrixexponential,5,ode_transport,1024,0.005,1000,2,rosenbrock_extreme|geometric,0,-5.74546387,10.3842929275,0.0734280395,20000,5.74546387,0.5,0.5,1.0,-1.3862943649,0.38885143400000005,"[0.5, 0.5, 0.5, 0.5, 0.5]","[0.5, 0.5, 0.5, 0.5, 0.5]","[1.0, 1.0, 1.0, 1.0, 1.0]","[-1.3862943649, -1.3862943649, -1.3862943649, -1.3862943649, -1.3862943649]","[0.200000003, 0.200000003, 0.200000003, 0.200000003, 0.200000003]",1.6094379425,5.0000001504,0.200000003,0.200000003,0.02344203,44.0,8.263130188,rosenbrock_extreme,geometric,75.62,122
rosenbrock,,matrixexponential,5,ode_transport,1024,0.005,1000,2,rosenbrock_extreme|geometric,10,-4.4738779194000005,7.4939354499,0.0529901257,20000,4.4738779194000005,0.4532052875,0.5003349781,1.1038600133,-1.4837204695,0.38414525990000004,"[0.4532052875, 0.4556385875, 0.45471870900000005, 0.4534496367, 0.45505642890000003]","[0.5002751946, 0.5003349781, 0.497910291, 0.4994414747, 0.497489363]","[1.1038600133, 1.0980961487, 1.0949852758, 1.1014265626, 1.0932476312]","[-1.4840071201, -1.4785327911, -1.485411644, -1.4851359129, -1.4855148792]","[0.2040460408, 0.18478667740000002, 0.2034301907, 0.2039192766, 0.2038177401]",1.6086996794,4.9963101968,0.2040460408,0.18478667740000002,0.8533248901,44.0,5.6532025337,rosenbrock_extreme,geometric,75.62,122
rosenbrock,,matrixexponential,5,ode_transport,1024,0.005,1000,2,rosenbrock_extreme|geometric,50,-2.371436326,3.3807848229,0.0239057587,20000,2.371436326,0.3318240941,0.5027384162,1.515075081,-1.8049786568000001,0.4063729048,"[0.3318240941, 0.34825992580000004, 0.38018372650000004, 0.3491134048, 0.3385974765]","[0.5027384162, 0.49688947200000005, 0.4204209149, 0.46440428500000003, 0.4752270579]","[1.515075081, 1.4267776311, 1.1058361669, 1.3302390531, 1.4035162426]","[-1.790835619, -1.7541937828, -1.8335995674, -1.8193583488, -1.8269059658]","[0.2247510999, 0.14584606890000001, 0.1929070055, 0.21975399550000002, 0.2167418003]",1.5981109142,4.9436845536,0.2247510999,0.14584606890000001,3.8679959774,38.0,1.8294225931,rosenbrock_extreme,geometric,75.62,122
rosenbrock,,matrixexponential,5,ode_transport,1024,0.005,1000,2,rosenbrock_extreme|geometric,100,-1.7532794848,1.4394720267,0.0101786043,20000,1.7532794848,0.24192026260000002,0.5205075741,2.1515666714,-2.0346799612,0.45543658730000003,"[0.2679319978, 0.2956250608, 0.33241924640000003, 0.3085240126, 0.24192026260000002]","[0.5128868818, 0.47882395980000003, 0.3706326783, 0.4099842906, 0.5205075741]","[1.914242741, 1.6197001653, 1.1149555335, 1.3288569897, 2.1515666714]","[-1.9847220182, -1.955085516, -2.0939021111, -2.067592144, -2.0720980167]","[0.2486459762, 0.12685306370000002, 0.1637916565, 0.23065145310000001, 0.23005785050000002]",1.5806721449,4.8582201419,0.2486459762,0.12685306370000002,7.3769209385,32.0,0.9521501064000001,rosenbrock_extreme,geometric,75.62,122
rosenbrock,,matrixexponential,5,ode_transport,1024,0.005,1000,2,rosenbrock_extreme|geometric,250,-1.2862899041,0.7136167722,0.0050460326,20000,1.2862899041,0.1759388894,0.6490657926,3.4242305387,-2.2665324211,0.5698538423,"[0.195587948, 0.2391458303, 0.2788837552, 0.23764571550000002, 0.1759388894]","[0.6490657926, 0.4258515835, 0.3386884928, 0.38930967450000004, 0.6024553180000001]","[3.3185367468, 1.7807192498, 1.2144432454, 1.6381935341, 3.4242305387]","[-2.0639662743, -2.2843461037, -2.3596348763, -2.3803544044000002, -2.2443604469]","[0.2897180915, 0.1089861095, 0.1086223349, 0.2018544227, 0.2908190489]",1.5238026381,4.5896448119,0.2908190489,0.1086223349,22.2230050564,62.0,2.1565618515,rosenbrock_extreme,geometric,75.62,122
rosenbrock,,matrixexponential,5,ode_transport,1024,0.005,1000,2,rosenbrock_extreme|geometric,500,-1.0354608369,0.4994372073,0.0035315544000000003,20000,1.0354608369,0.1318153292,0.8422634602,6.3897231476,-2.3575140953,0.8310501575,"[0.1318153292, 0.2187374979, 0.25140824910000004, 0.23292972150000002, 0.1382733583]","[0.8422634602, 0.39167311790000003, 0.3448466659, 0.36843714120000004, 0.7764791846]","[6.3897231476, 1.7906080192, 1.3716601068, 1.5817523794000001, 5.6155371788]","[-2.1980156898, -2.4572105408000002, -2.4453325272, -2.4555037022, -2.2315080166]","[0.3451075256, 0.1005716026, 0.0798682198, 0.1634327918, 0.31101989750000003]",1.4592924118,4.3029137599,0.3451075256,0.0798682198,59.0577330589,86.0,0.3177522421,rosenbrock_extreme,geometric,75.62,122
rosenbrock,,matrixexponential,5,ode_transport,1024,0.005,1000,2,rosenbrock_extreme|geometric,1000,-0.8725121953,0.5222007902,0.0036925172000000003,20000,0.8725121953,0.10620553790000001,1.14404881,10.7720259457,-2.372445488,0.9340440035,"[0.10620553790000001, 0.2228473723, 0.2466211319, 0.1656492501, 0.1113498509]","[1.14404881, 0.3543149531, 0.3536394835, 0.5160646439000001, 0.8853948116]","[10.7720259457, 1.5899444963, 1.4339382872, 3.1154058554, 7.9514683184]","[-2.1078054905, -2.5388371944, -2.4393792152000002, -2.459405899, -2.3167996407]","[0.35896918180000004, 0.0946838707, 0.09210358560000001, 0.2130418122, 0.2412014902]",1.4830505848,4.4063671955,0.35896918180000004,0.09210358560000001,161.7737739086,,,rosenbrock_extreme,geometric,75.62,122
hierarchical_mixture,,matrixexponential,5,ode_transport,1024,0.005,1000,2,hier_k5|geometric,0,-57.8724223116,15.8994454863,0.1124260572,20000,57.8724223116,0.5,0.5,1.0,-1.3862943649,0.38885143400000005,"[0.5, 0.5, 0.5, 0.5, 0.5]","[0.5, 0.5, 0.5, 0.5, 0.5]","[1.0, 1.0, 1.0, 1.0, 1.0]","[-1.3862943649, -1.3862943649, -1.3862943649, -1.3862943649, -1.3862943649]","[0.200000003, 0.200000003, 0.200000003, 0.200000003, 0.200000003]",1.6094379425,5.0000001504,0.200000003,0.200000003,0.0283448696,44.0,11.4368419647,hier_k5,geometric,88.862,134
hierarchical_mixture,,matrixexponential,5,ode_transport,1024,0.005,1000,2,hier_k5|geometric,10,-55.4275856688,16.578961951,0.11723096420000001,20000,55.4275856688,0.49976539610000004,0.5525611639,1.1056411032,-1.2866657019,0.40618157390000004,"[0.49976539610000004, 0.4998100996, 0.5001268983, 0.503837347, 0.5003129244]","[0.5525611639, 0.5522399545000001, 0.5523443222000001, 0.5483217835, 0.5522094965000001]","[1.1056411032, 1.1048995507, 1.1044083494, 1.0882912646, 1.103728226]","[-1.2868076563, -1.287299633, -1.2864770889000001, -1.2863948345, -1.2863492966]","[0.21205230060000002, 0.21217203140000002, 0.19195552170000002, 0.191893369, 0.1919268221]",1.6082230806,4.9939295291,0.21217203140000002,0.191893369,0.8823337555,44.0,11.6458845139,hier_k5,geometric,88.862,134
hierarchical_mixture,,matrixexponential,5,ode_transport,1024,0.005,1000,2,hier_k5|geometric,50,-43.8383155809,18.7956544975,0.1329053475,20000,43.8383155809,0.48678982260000003,0.8505756855000001,1.7371517262,-0.8907042861000001,0.5227395892,"[0.4893665314, 0.4907602668, 0.4872578681, 0.4907083213, 0.48678982260000003]","[0.8501039147, 0.8505756855000001, 0.8340560198, 0.8265269399, 0.8352097869]","[1.7371517262, 1.7331796054, 1.7117343289, 1.6843548478, 1.7157503057]","[-0.8770402074, -0.8736413717, -0.9004164934000001, -0.9024281502, -0.8999952078000001]","[0.2646750808, 0.2623212934, 0.15741142630000002, 0.1573682576, 0.15822389720000002]",1.5766156912,4.8385529134,0.2646750808,0.1573682576,4.3836331367,38.0,12.5499000549,hier_k5,geometric,88.862,134
hierarchical_mixture,,matrixexponential,5,ode_transport,1024,0.005,1000,2,hier_k5|geometric,100,-28.7816866931,19.4219782901,0.13733412550000001,20000,28.7816866931,0.4220885634,1.623664856,3.4876872333,-0.4049559414,0.9683021903000001,"[0.4645691514, 0.47761148210000004, 0.4470714629, 0.4220885634, 0.4432367384]","[1.5425777435, 1.623664856, 1.3791714907000001, 1.4721128941000001, 1.3989593983]","[3.320448073, 3.3995515532, 3.0849016437, 3.4876872333, 3.1562352056]","[-0.33318996430000003, -0.25427186490000003, -0.4835538864, -0.47584140300000005, -0.47792258860000003]","[0.33327832820000003, 0.32612892990000003, 0.11307697, 0.1111336052, 0.1163822338]",1.4725729227,4.3604397951,0.33327832820000003,0.1111336052,10.2091560364,62.0,11.5811433792,hier_k5,geometric,88.862,134
hierarchical_mixture,,matrixexponential,5,ode_transport,1024,0.005,1000,2,hier_k5|geometric,250,-12.6226580565,15.3407330551,0.10847536370000001,20000,12.6226580565,0.340177685,3.0172455311,8.7339779012,0.0130466938,1.0,"[0.358746022, 0.48426643010000003, 0.355694294, 0.340177685, 0.3513131142]","[2.0029428005, 2.6941182613, 2.9879150391000002, 2.9711043835, 3.0172455311]","[5.5831777296, 5.5632975851, 8.4002332612, 8.7339779012, 8.588479648]","[-0.3305231333, 0.2659509182, 0.0608922243, 0.0106464624, 0.058266997300000005]","[0.4936486483, 0.368135035, 0.0460550375, 0.0422353223, 0.0499259606]",1.1414074898,3.1311723583,0.4936486483,0.0422353223,33.3633031845,92.0,5.951154232,hier_k5,geometric,88.862,134
hierarchical_mixture,,matrixexponential,5,ode_transport,1024,0.005,1000,2,hier_k5|geometric,500,-7.8247919256,10.1455999775,0.0717402254,20000,7.8247919256,0.3105785847,3.0892653465,9.0602695569,-0.1471544623,1.0,"[0.3105785847, 0.3804165423, 0.34385675190000003, 0.3533104956, 0.3409683704]","[2.0088288784, 1.7125251293000001, 3.0507860184, 3.0194804668, 3.0892653465]","[6.4680212273, 4.5017104645, 8.8722585825, 8.5462518219, 9.0602695569]","[-0.4717664123, -0.4285194874, 0.0478690863, 0.06467676160000001, 0.0519677401]","[0.5408897996, 0.3865871429, 0.0251885056, 0.0202819258, 0.027052654000000002]",0.9692567587,2.6359845585,0.5408897996,0.0202819258,82.6832618713,98.0,5.4127678871,hier_k5,geometric,88.862,134
hierarchical_mixture,,matrixexponential,5,ode_transport,1024,0.005,1000,2,hier_k5|geometric,1000,-4.9016727661,7.3486936058,0.051963110800000004,20000,4.9016727661,0.3116366565,2.6945624352,7.6355231168,-0.40577800270000003,0.9999989271,"[0.3524523973, 0.3116366565, 0.3708157241, 0.3487810791, 0.3661646545]","[2.157854557, 0.6418068409000001, 2.5434389114, 2.6631259918, 2.6945624352]","[6.1223999986, 2.0594715912, 6.859037376, 7.6355231168, 7.3588818639]","[-0.2737252712, -1.6093851328, -0.0585330129, -0.0738102794, -0.0134363174]","[0.3859575093, 0.5547668934000001, 0.022534033300000002, 0.0145485448, 0.0221930556]",0.9258353114000001,2.5239756858,0.5547668934000001,0.0145485448,188.3382408619,,,hier_k5,geometric,88.862,134
hierarchical_mixture,,matrixexponential,50,ode_transport,1024,0.005,1000,2,hier_k50|geometric,0,-55.954289327,17.2104493305,0.1216962543,20000,55.954289327,0.5,0.5,1.0,-1.3862943649,0.0730694756,"[0.5, 0.5, 0.5, 0.5, 0.5, 0.5, 0.5, 0.5, 0.5, 0.5, 0.5, 0.5, 0.5, 0.5, 0.5, 0.5, 0.5, 0.5, 0.5, 0.5, 0.5, 0.5, 0.5, 0.5, 0.5, 0.5, 0.5, 0.5, 0.5, 0.5, 0.5, 0.5, 0.5, 0.5, 0.5, 0.5, 0.5, 0.5, 0.5, 0.5, 0.5, 0.5, 0.5, 0.5, 0.5, 0.5, 0.5, 0.5, 0.5, 0.5]","[0.5, 0.5, 0.5, 0.5, 0.5, 0.5, 0.5, 0.5, 0.5, 0.5, 0.5, 0.5, 0.5, 0.5, 0.5, 0.5, 0.5, 0.5, 0.5, 0.5, 0.5, 0.5, 0.5, 0.5, 0.5, 0.5, 0.5, 0.5, 0.5, 0.5, 0.5, 0.5, 0.5, 0.5, 0.5, 0.5, 0.5, 0.5, 0.5, 0.5, 0.5, 0.5, 0.5, 0.5, 0.5, 0.5, 0.5, 0.5, 0.5, 0.5]","[1.0, 1.0, 1.0, 1.0, 1.0, 1.0, 1.0, 1.0, 1.0, 1.0, 1.0, 1.0, 1.0, 1.0, 1.0, 1.0, 1.0, 1.0, 1.0, 1.0, 1.0, 1.0, 1.0, 1.0, 1.0, 1.0, 1.0, 1.0, 1.0, 1.0, 1.0, 1.0, 1.0, 1.0, 1.0, 1.0, 1.0, 1.0, 1.0, 1.0, 1.0, 1.0, 1.0, 1.0, 1.0, 1.0, 1.0, 1.0, 1.0, 1.0]","[-1.3862943649, -1.3862943649, -1.3862943649, -1.3862943649, -1.3862943649, -1.3862943649, -1.3862943649, -1.3862943649, -1.3862943649, -1.3862943649, -1.3862943649, -1.3862943649, -1.3862943649, -1.3862943649, -1.3862943649, -1.3862943649, -1.3862943649, -1.3862943649, -1.3862943649, -1.3862943649, -1.3862943649, -1.3862943649, -1.3862943649, -1.3862943649, -1.3862943649, -1.3862943649, -1.3862943649, -1.3862943649, -1.3862943649, -1.3862943649, -1.3862943649, -1.3862943649, -1.3862943649, -1.3862943649, -1.3862943649, -1.3862943649, -1.3862943649, -1.3862943649, -1.3862943649, -1.3862943649, -1.3862943649, -1.3862943649, -1.3862943649, -1.3862943649, -1.3862943649, -1.3862943649, -1.3862943649, -1.3862943649, -1.3862943649, -1.3862943649]","[0.019999999600000002, 0.019999999600000002, 0.019999999600000002, 0.019999999600000002, 0.019999999600000002, 0.019999999600000002, 0.019999999600000002, 0.019999999600000002, 0.019999999600000002, 0.019999999600000002, 0.019999999600000002, 0.019999999600000002, 0.019999999600000002, 0.019999999600000002, 0.019999999600000002, 0.019999999600000002, 0.019999999600000002, 0.019999999600000002, 0.019999999600000002, 0.019999999600000002, 0.019999999600000002, 0.019999999600000002, 0.019999999600000002, 0.019999999600000002, 0.019999999600000002, 0.019999999600000002, 0.019999999600000002, 0.019999999600000002, 0.019999999600000002, 0.019999999600000002, 0.019999999600000002, 0.019999999600000002, 0.019999999600000002, 0.019999999600000002, 0.019999999600000002, 0.019999999600000002, 0.019999999600000002, 0.019999999600000002, 0.019999999600000002, 0.019999999600000002, 0.019999999600000002, 0.019999999600000002, 0.019999999600000002, 0.019999999600000002, 0.019999999600000002, 0.019999999600000002, 0.019999999600000002, 0.019999999600000002, 0.019999999600000002, 0.019999999600000002]",3.9120233059,50.0000150232,0.019999999600000002,0.019999999600000002,0.1303989887,38.0,3.8033518791,hier_k50,geometric,66.434,110
hierarchical_mixture,,matrixexponential,50,ode_transport,1024,0.005,1000,2,hier_k50|geometric,10,-53.7715976061,17.5746994455,0.1242718916,20000,53.7715976061,0.47703397270000003,0.5526258349000001,1.1125105596,-1.292919476,0.07555530220000001,"[0.5015217662, 0.5003432631, 0.5064196587, 0.4999233186, 0.49994793530000003, 0.5001291633, 0.49997419120000003, 0.4999198616, 0.4962470531, 0.5000673532000001, 0.49984258410000004, 0.5003428459, 0.5004105568, 0.4834528863, 0.5011076331000001, 0.49990013240000003, 0.4997460842, 0.5011165142, 0.5202381611, 0.4999103546, 0.5033127666, 0.4999568462, 0.49988365170000004, 0.4858225882, 0.49990183120000004, 0.5004112124, 0.4900310934, 0.5000165701, 0.4999147356, 0.4998469353, 0.5000923872, 0.5002599359000001, 0.49996101860000003, 0.4999519289, 0.49984139200000005, 0.5001588464, 0.4999701977, 0.49514994030000004, 0.5011250377, 0.49991762640000004, 0.4999267459, 0.4992616475, 0.500546813, 0.47703397270000003, 0.5005256534, 0.499987781, 0.5000080466, 0.5007875562, 0.49953937530000003, 0.5004200935]","[0.5507844687, 0.5520265698, 0.5413005352, 0.5526258349000001, 0.5525804758, 0.5520238876, 0.5524716973, 0.552529335, 0.5482086539000001, 0.5524393320000001, 0.5525295734, 0.5521084070000001, 0.5520210862, 0.5315060616, 0.5511008501, 0.5525740385, 0.5514450073, 0.5512133241, 0.5308281183, 0.5524495244000001, 0.5480192304, 0.552456975, 0.5524727106, 0.5404827595, 0.5525994301, 0.5519344807000001, 0.5381487608000001, 0.5523483157, 0.5524920821, 0.5525072813, 0.5522516966000001, 0.5503678918, 0.5525095463, 0.5525949597, 0.5524546504, 0.5521470308, 0.5521098375, 0.5473308563, 0.5510963202, 0.5524584055, 0.5526222587, 0.5514611006, 0.5518587232000001, 0.530333221, 0.5517126918, 0.552447319, 0.5524967313, 0.5515812635, 0.5494360328, 0.5520192981]","[1.0982264496, 1.1032956982, 1.0688774141, 1.1054212003, 1.1052760433, 1.1037626441, 1.1050004322, 1.1052358138, 1.1047091372, 1.1047298497, 1.1054071641, 1.1034601804, 1.1031363722, 1.0993957769, 1.099765427, 1.105368858, 1.1034503816, 1.099970383, 1.0203559793, 1.1050971825, 1.0888244185, 1.1050093206, 1.105202598, 1.1125105596, 1.105415895, 1.1029618581, 1.0981930904, 1.1046600228, 1.1051726281, 1.1053529437, 1.1042993469, 1.1001638395, 1.1051052497, 1.1052961852, 1.1052599068, 1.1039433469, 1.1042854956, 1.1053840702, 1.0997181915, 1.105098873, 1.1054064685, 1.1045533006, 1.1025117108, 1.1117305082, 1.1022665633, 1.10492164, 1.1049756799, 1.1014276548, 1.0998853342, 1.1031117759]","[-1.2865200043, -1.2866200209, -1.2941701412, -1.2863746881, -1.2864074707, -1.2870528698, -1.2865519524, -1.2865562439, -1.3017807007, -1.28642416, -1.2867103815, -1.2864725590000001, -1.2864954472, -1.3588421345, -1.2867717743, -1.2865147591, -1.2888683081, -1.286550045, -1.2867856026, -1.2867196798, -1.2879884243, -1.2866132259, -1.2867311239, -1.3372043371, -1.2864654064, -1.2866511345, -1.332906723, -1.2866904736, -1.2866339684, -1.286741972, -1.2867138386, -1.2897957563, -1.2865097523, -1.2863733768, -1.2868483067, -1.286770463, -1.2872149944, -1.3055963516, -1.2867453098, -1.286689043, -1.2863743305, -1.2898089886, -1.2865173817, -1.374417305, -1.2868242264, -1.2865688801, -1.2864388227, -1.2865394354, -1.2929317951000001, -1.2864797115]","[0.019215554000000003, 0.0193067752, 0.0212303642, 0.0192104988, 0.019214578, 0.021000623700000002, 0.0192243811, 0.0192113128, 0.0212294273, 0.0192114022, 0.0210723579, 0.0192153342, 0.0192191321, 0.0212290213, 0.0203056969, 0.0192110669, 0.021226299900000002, 0.019228093300000002, 0.019253935700000002, 0.0192185957, 0.0212190747, 0.0192117784, 0.0192165896, 0.021230267400000002, 0.0192108545, 0.0211687181, 0.0212303381, 0.020519938300000002, 0.0192124173, 0.0211836528, 0.0193258598, 0.0212255735, 0.0192108545, 0.0192123409, 0.0192234293, 0.0211172458, 0.0212222096, 0.0212299637, 0.0194416214, 0.0192305148, 0.0192120504, 0.0212093182, 0.019213156800000002, 0.0212327577, 0.0199808683, 0.0192110594, 0.0192134716, 0.0192124117, 0.0212209541, 0.0192163438]",3.9109487534,49.9463162365,0.0212327577,0.0192104988,3.2576730251,38.0,3.9400885105,hier_k50,geometric,66.434,110
hierarchical_mixture,,matrixexponential,50,ode_transport,1024,0.005,1000,2,hier_k50|geometric,50,-41.9518360397,18.6785559617,0.1320773358,20000,41.9518360397,0.359467566,0.8657075763000001,1.9593484517,-0.9360876012,0.11699850860000001,"[0.4816260934, 0.4832847416, 0.5106109381, 0.4834437072, 0.4815713465, 0.4806714952, 0.48339098690000004, 0.4826436639, 0.4413494766, 0.4853221774, 0.48816886540000004, 0.4822654724, 0.48280286790000004, 0.37682557110000003, 0.485280633, 0.48330295090000003, 0.4861364365, 0.4826805592, 0.4994473755, 0.48405146600000004, 0.4925865233, 0.4818654954, 0.4849932194, 0.40245673060000003, 0.4831228852, 0.48386657240000003, 0.4119214416, 0.4797820747, 0.4834361374, 0.4837179482, 0.48583748940000004, 0.47746604680000004, 0.4812104702, 0.48198461530000003, 0.4851868749, 0.49085265400000005, 0.4894075096, 0.4336197674, 0.4837981462, 0.48373305800000005, 0.4807482362, 0.49622273450000004, 0.4827896655, 0.359467566, 0.47924476860000004, 0.4809290171, 0.4801359177, 0.4809060693, 0.4777470231, 0.4822857976]","[0.8393109441000001, 0.8469497561, 0.721590817, 0.8450806141, 0.8469936848, 0.8613908887, 0.8416579366, 0.8407360911, 0.7874598503, 0.8393089771000001, 0.8501126766, 0.8404496312, 0.8401379585000001, 0.7294638753, 0.8480294943000001, 0.8407484293, 0.8429074287, 0.838973701, 0.8034372926000001, 0.836360395, 0.8374369740000001, 0.8412982821, 0.8345419765000001, 0.7357125282, 0.8422574997000001, 0.8657075763000001, 0.7378395796, 0.8444637060000001, 0.8381736279, 0.8483628631000001, 0.8404980898000001, 0.8476577997, 0.8443831801, 0.8491499424000001, 0.8338537812, 0.8551612496000001, 0.8358978629, 0.7774306536000001, 0.8399505615, 0.8409420848, 0.850260973, 0.8471782207, 0.8408719897, 0.7043222189, 0.8520918489, 0.8436923623, 0.8501278758, 0.8410236835, 0.81413728, 0.8403337002]","[1.7426608641, 1.7524860257000001, 1.4131910681, 1.748043467, 1.7588124603, 1.7920573558, 1.7411535576000001, 1.7419395592, 1.7842093219, 1.7293851717, 1.7414315758, 1.7427115962, 1.7401262801, 1.9358130958, 1.7475032727, 1.73958886, 1.7338906643, 1.7381551527, 1.6086525467000001, 1.7278336163, 1.7000809694, 1.7459193283, 1.7207291630000001, 1.8280537317, 1.7433608, 1.7891452431000001, 1.7912143073, 1.7600984917, 1.7337835609, 1.7538378847, 1.7299984217, 1.7753258172, 1.7547065836, 1.7617781054000001, 1.7186239456, 1.7421954281, 1.7079792332000001, 1.7928856385, 1.7361591152, 1.7384424548, 1.7686200572, 1.7072539445000001, 1.7416942613, 1.9593484517, 1.7779888371, 1.7542970633000001, 1.7705983754, 1.7488315022, 1.7041179549, 1.742397774]","[-0.9057612419000001, -0.8932631612, -0.9984443784, -0.8951436281, -0.8967629671, -0.8817780614, -0.8993110657000001, -0.9019541144000001, -1.0568611622, -0.8981187344, -0.8794802427, -0.9030787945000001, -0.9023360014, -1.291418314, -0.8878678083, -0.9005743861000001, -0.8921641111, -0.9039761424, -0.9131091833, -0.9042597413000001, -0.8854944706000001, -0.9028992653000001, -0.9044926167, -1.2170834541, -0.8991537094000001, -0.8701541424, -1.1909514666, -0.9034768343, -0.9033660889, -0.8907001019, -0.8956416845, -0.9045404792, -0.9005994201, -0.8933625817, -0.9049184322, -0.8680765033000001, -0.8938086033, -1.0873481035, -0.9004997611000001, -0.8994545341, -0.8946235180000001, -0.8665745854, -0.9014900327, -1.3736506701, -0.8956047297, -0.9020029306, -0.8960545063, -0.90521878, -0.9443001747, -0.9031746387]","[0.0160525497, 0.0162422918, 0.0260681119, 0.0160968378, 0.0161646958, 0.023122012600000002, 0.0162353106, 0.0161966328, 0.0266821384, 0.0161224697, 0.0262279194, 0.016111448400000002, 0.016088850800000002, 0.0266123209, 0.0190857444, 0.0161864925, 0.026809394400000002, 0.0160415117, 0.0162981097, 0.0162829123, 0.025525821400000002, 0.0161991026, 0.0163091067, 0.0267109424, 0.0161620751, 0.0259289108, 0.0265923832, 0.0210835747, 0.0162317175, 0.0265142415, 0.0166250486, 0.0265479032, 0.0161593538, 0.0160993896, 0.0164043512, 0.0260134172, 0.026867548, 0.0266983993, 0.0163525343, 0.0162455663, 0.0161263607, 0.0266343206, 0.0161450338, 0.0265510213, 0.0177326649, 0.016174987000000002, 0.016134413, 0.0160651859, 0.0263323523, 0.0161046479]",3.8843767643000002,48.6366209331,0.026867548,0.0160415117,16.6353149414,38.0,4.2051696777,hier_k50,geometric,66.434,110
hierarchical_mixture,,matrixexponential,50,ode_transport,1024,0.005,1000,2,hier_k50|geometric,100,-26.5716244845,18.1573407179,0.1283917875,20000,26.5716244845,0.2567820847,1.7039676905,4.2440576604,-0.49273523630000005,0.1643832922,"[0.4235862792, 0.4417889714, 0.343944788, 0.4400888979, 0.4351509511, 0.4373639226, 0.4430744052, 0.439517796, 0.41040623190000003, 0.4401235282, 0.4595969319, 0.4329101145, 0.4348042607, 0.3073956966, 0.4393134117, 0.4411550164, 0.4616349041, 0.43059727550000004, 0.4285367727, 0.4453120828, 0.44705680010000004, 0.43799826500000005, 0.4476988316, 0.37179464100000004, 0.4402481914, 0.4558092952, 0.365629971, 0.4352928102, 0.44256064300000003, 0.4491210282, 0.4498055875, 0.4527211189, 0.43466955420000003, 0.4329462945, 0.448533088, 0.4663567543, 0.46595510840000004, 0.40522703530000004, 0.4345463812, 0.44717007880000004, 0.43134427070000003, 0.48668786880000003, 0.4276210666, 0.2567820847, 0.4397008121, 0.4347457588, 0.4315054715, 0.42435744400000003, 0.3997756243, 0.4327179492]","[1.4589253664, 1.4812618494, 1.023021102, 1.4129310846, 1.4596804380000001, 1.5972958803, 1.438324213, 1.4003615379, 1.4015884399, 1.4260463715, 1.5671386719, 1.4332510233, 1.4301376343, 1.2815254927, 1.4741916656, 1.3980492353, 1.5456986427000001, 1.4436130524, 1.3900520802, 1.3832117319, 1.5959199667, 1.4061317444, 1.3725914955, 1.2074819803, 1.403793931, 1.7039676905, 1.3598525524, 1.4721604586, 1.3898031712, 1.5552370548, 1.443677783, 1.6513497829000001, 1.4181854725, 1.4773709774000001, 1.37000525, 1.6454889774, 1.4997922182, 1.3670030832, 1.4404969215, 1.4293483496000001, 1.4728449583, 1.6050713062, 1.4600244761, 1.0897979736, 1.5132584572, 1.4171530008, 1.47217834, 1.4535127878, 1.3113348484, 1.4346472025]","[3.4442224364, 3.3528719484, 2.9743759397000002, 3.2105583468, 3.3544231816, 3.652097939, 3.2462362894, 3.1861315982, 3.4151246523, 3.2401048341, 3.4098109952, 3.3107358207, 3.2891527601, 4.168976686, 3.3556718879, 3.16906571, 3.3483140656, 3.3525828762, 3.2437171525, 3.106162589, 3.5698371353000002, 3.210359165, 3.0658813442, 3.2477121699000002, 3.1886421309, 3.7383346687, 3.719204278, 3.3820004008, 3.1403677513, 3.4628462201, 3.2095594698, 3.6476093425, 3.2626749646, 3.4123654504, 3.0544129, 3.5283910059, 3.2187483111, 3.373425177, 3.3149440054, 3.1964311064, 3.4145462414, 3.2979480464, 3.4142950154, 4.2440576604, 3.4415639351, 3.2597281796, 3.4117257771, 3.4252086495, 3.2801771013, 3.3154326168]","[-0.48129794000000004, -0.42402863500000004, -1.0445139408, -0.4751122296, -0.4538447559, -0.35867753620000004, -0.45053890350000003, -0.48534664510000003, -0.5530015826, -0.4657940269, -0.3281539381, -0.4772798419, -0.4750886559, -0.931568265, -0.4344323874, -0.4832811058, -0.33750492330000004, -0.4754330218, -0.5180375576, -0.4845717847, -0.3376192749, -0.4846978188, -0.4869339764, -0.8008764386, -0.48123809700000003, -0.2527213097, -0.6987571716000001, -0.4450052977, -0.4860156775, -0.3588349223, -0.4317459464, -0.2908859849, -0.4837909341, -0.4468774199, -0.4869582653, -0.2647668123, -0.3583393991, -0.5906869769, -0.4684644341, -0.4475975931, -0.4536528587, -0.24696409700000002, -0.47106462720000003, -1.2735351324, -0.4073955119, -0.484343946, -0.45373192430000003, -0.4831959307, -0.6458061934, -0.4767501652]","[0.0120186945, 0.0123463674, 0.027487574100000002, 0.012718047900000001, 0.0129126022, 0.0293512885, 0.0128569202, 0.0128272083, 0.0341585949, 0.012460581, 0.035972345600000004, 0.0123123033, 0.0122120297, 0.033504474900000004, 0.013491963000000001, 0.0128403734, 0.0350962877, 0.0118824132, 0.012658179700000001, 0.0127430419, 0.0235017892, 0.0127768097, 0.0128542427, 0.034145128000000004, 0.012813301800000001, 0.0349234454, 0.0331122987, 0.020064055900000002, 0.0128220515, 0.0341387577, 0.0126403868, 0.0337803327, 0.0127875227, 0.0128147304, 0.0129706636, 0.0318761021, 0.034841466700000004, 0.0342056826, 0.011634977500000001, 0.0127959223, 0.0129058398, 0.0337108411, 0.0124144573, 0.0325654671, 0.0146522345, 0.0127783958, 0.012903478900000001, 0.012138632100000001, 0.0303138178, 0.012265855400000001]",3.8014369011,44.7654618432,0.035972345600000004,0.011634977500000001,35.6721777916,38.0,3.790636301,hier_k50,geometric,66.434,110
hierarchical_mixture,,matrixexponential,50,ode_transport,1024,0.005,1000,2,hier_k50|geometric,250,-10.8931471654,13.318804676,0.094178171,20000,10.8931471654,0.2038333565,3.0501744747,13.4054677143,-0.1332258344,0.2603943646,"[0.3767724633, 0.40222010020000004, 0.2243907154, 0.35801547770000003, 0.3805159628, 0.3202583194, 0.3985952437, 0.36127194760000003, 0.2332083285, 0.3572489321, 0.3267428577, 0.3759455681, 0.3721062243, 0.2159901112, 0.3729666173, 0.3616034985, 0.3142111301, 0.37034848330000003, 0.3423824012, 0.3743483126, 0.3774705827, 0.362113297, 0.3760157824, 0.2401800305, 0.35970711710000003, 0.38610398770000004, 0.30242180820000003, 0.37811276320000003, 0.36735749240000004, 0.34129107000000003, 0.4154323339, 0.2781947255, 0.3548461795, 0.3742598593, 0.3779956698, 0.4715126455, 0.3197259307, 0.23413552340000002, 0.3663260639, 0.4118897319, 0.37385857110000004, 0.47404134270000003, 0.3440601528, 0.2038333565, 0.3972979486, 0.3570907712, 0.3780845404, 0.37879273300000005, 0.2676796615, 0.3748173714]","[2.9884772301, 2.9645273685, 1.0784794092, 2.481528759, 3.0213460922, 2.1450595856, 2.9972865582, 2.4906041622, 1.9979360104000001, 2.9951827526, 2.0287663937, 3.038410902, 3.0501744747, 2.0366072655, 3.0071337223, 2.4889626503, 1.906785965, 3.0231757164, 2.5590274334, 2.4305746555, 2.9266605377, 2.4769382477, 2.422419548, 1.9748622179, 2.4940726757, 2.6808550358, 2.634745121, 2.430264473, 2.4627513885, 2.1003205776, 2.9542484283, 1.9881954193, 2.5089404583, 3.0189516544, 2.3898158073, 2.7282187939, 1.9968645573000001, 1.9964857101, 3.0167479515, 2.9692440033, 3.0217239857, 2.5674905777, 3.0174248219, 2.7324814796, 2.9425766468, 2.4946756363, 3.0152983665, 2.9746851921, 2.6189012527, 3.0390079021]","[7.9317824974, 7.3704107958, 4.8062568341, 6.9313449107, 7.9401296852, 6.6979043347000005, 7.5196244952, 6.8939871435, 8.5671726363, 8.3840215695, 6.2090611803, 8.0820500625, 8.1970530874, 9.4291690201, 8.0627423004, 6.8831265762000005, 6.068486384, 8.1630568303, 7.4741792341, 6.4928158445, 7.753347338, 6.8402300283, 6.4423347681, 8.2224247123, 6.9336205965, 6.9433497742, 8.7121531887, 6.4273537148, 6.7039639566, 6.1540449263, 7.111262622, 7.1467761139, 7.0705015394, 8.0664585828, 6.3223364658, 5.7860988883, 6.2455508471, 8.5270516871, 8.2351441763, 7.2088323001, 8.0825323254, 5.4161743845, 8.7700502298, 13.4054677143, 7.4064732959, 6.9861106405, 7.975196139, 7.8530682701, 9.7837140033, 8.1079697322]","[0.11865019800000001, 0.17596179250000002, -1.4188144207, -0.118304193, 0.1394752264, -0.3754600883, 0.1778985858, -0.1055990458, -0.7637084126, 0.0676827431, -0.4111538529, 0.1330237985, 0.1266229153, -0.8212373853, 0.1147209406, -0.1053410172, -0.5122711062, 0.11299699540000001, -0.1321997643, -0.094440937, 0.09959942100000001, -0.1087749004, -0.09335726500000001, -0.745867908, -0.1085481048, 0.0344872475, -0.2271460295, -0.0845627189, -0.10014063120000001, -0.33292961120000003, 0.2048087716, -0.5922065377, -0.11621028180000001, 0.122104764, -0.10165625810000001, 0.2518396378, -0.44871288540000004, -0.7604666948000001, 0.09994792940000001, 0.20130777360000002, 0.1219498515, 0.1964682341, 0.0374649763, -0.5852423906, 0.1562168598, -0.11560654640000001, 0.1310612559, 0.11937206980000001, -0.3552094698, 0.1302147508]","[0.0050695678, 0.0055249017, 0.0138638243, 0.007482193900000001, 0.007223914400000001, 0.053357280800000004, 0.0066038459, 0.006931148000000001, 0.056434229, 0.0059457943000000004, 0.0742499232, 0.0055508278, 0.0054420014, 0.0518209711, 0.0050722724, 0.0070470502, 0.0548740588, 0.0049605989, 0.0060233846, 0.0060426816000000005, 0.0082107773, 0.0066880654, 0.006146674, 0.0516441464, 0.0071817636, 0.0490172729, 0.0435014889, 0.009008130100000001, 0.0066010896, 0.0464627258, 0.0053545125, 0.0543145947, 0.0071156924, 0.0074380324, 0.0057841614000000005, 0.0282002259, 0.0534992591, 0.0560720824, 0.0045603891, 0.0063669346000000005, 0.0074655353, 0.0416660905, 0.0057873041000000005, 0.0405182503, 0.0065711685, 0.006898398, 0.0073427027, 0.0052377479, 0.0203450806, 0.0054792492]",3.4421696663,31.2546969188,0.0742499232,0.0045603891,106.7209990025,56.0,1.5508159399,hier_k50,geometric,66.434,110
hierarchical_mixture,,matrixexponential,50,ode_transport,1024,0.005,1000,2,hier_k50|geometric,500,-6.8848563069,9.0016363928,0.0636511814,20000,6.8848563069,0.18322533370000002,3.1342542171,11.8977099133,-0.2754090047,0.30706748370000003,"[0.38882797960000004, 0.40759459140000004, 0.18322533370000002, 0.3342348039, 0.3896057606, 0.30369696020000003, 0.40739852190000003, 0.3334031105, 0.1930049658, 0.3415052295, 0.2997097671, 0.37369933720000004, 0.36291182040000003, 0.18956445160000002, 0.35321205850000004, 0.3338893652, 0.26634415980000004, 0.3631238341, 0.3159940243, 0.3423567712, 0.3547416627, 0.3332199454, 0.3435780704, 0.2897204459, 0.3334162533, 0.3468555212, 0.2821133435, 0.334059149, 0.3369352818, 0.2451700121, 0.422937125, 0.2108643502, 0.3297980726, 0.3851285875, 0.3462076783, 0.3765717745, 0.2440225184, 0.1956833899, 0.3492124975, 0.4244622588, 0.3848792911, 0.3238518238, 0.3288718462, 0.2066576183, 0.3813431561, 0.3302053809, 0.3897698522, 0.3989238739, 0.2229835242, 0.3710970879]","[2.9989917278, 2.9347870350000003, 0.8795017004000001, 2.1785197258, 2.9566545486, 1.7172750235, 2.976760149, 2.2651238441, 2.0132899284, 3.0801832676, 1.9158965349000001, 3.0774524212, 3.1023356915, 2.0243375301, 3.0698285103, 2.2564089298, 1.8958699703, 3.0635080338, 2.4200022221, 2.2563855648, 2.9574687481, 2.2614183426, 2.2576775551, 1.9621427059, 2.2406821251, 2.1989953518, 2.3041453362, 2.2031509876, 2.2630143166, 1.9833314419, 2.9639356136, 1.9767808914, 2.2560603619, 2.8919994831, 2.255616188, 2.3864862919, 1.9714266062, 2.0144910812, 3.0783495903, 2.9499630928, 2.9186937809, 1.3369759321, 3.1342542171, 2.4587523937, 2.6997139454, 2.261506319, 2.925845623, 2.9740953445000002, 1.9906743765000001, 3.0799016953]","[7.7129010396, 7.200260006, 4.8001096938, 6.5179320055, 7.5888368393, 5.6545677055, 7.3067524524, 6.7939493447, 10.4312856422, 9.0194322129, 6.3925061683, 8.2351027002, 8.5484558974, 10.6788879102, 8.6911769744, 6.7579538764, 7.1181210485, 8.4365380231, 7.6583797039, 6.5907432083, 8.3369647795, 6.7865635704, 6.5710758328, 6.7725379202000004, 6.720374615, 6.3398020714, 8.1674454237, 6.595092498, 6.7164658589, 8.0896167715, 7.0079816565, 9.3746566906, 6.840732404, 7.5091789524, 6.5152113292000005, 6.3374008718, 8.0788716514, 10.2946452545, 8.8151186243, 6.9498831322, 7.5834004289, 4.128356964, 9.5303208632, 11.8977099133, 7.0794870767, 6.8487869967, 7.5065980778, 7.4552954564, 8.9274505083, 8.2994499176]","[0.1536579132, 0.1791526079, -1.825438261, -0.3172658682, 0.1414384842, -0.650986135, 0.1928720474, -0.2807735205, -0.9452691674, 0.0505968332, -0.5547549725, 0.1397984028, 0.1185599566, -0.957783699, 0.0809350014, -0.2831709385, -0.683288157, 0.1065493822, -0.26826357840000004, -0.2581377029, 0.0479682684, -0.2829603553, -0.25400424, -0.564801693, -0.29158318040000003, -0.2708463669, -0.43073648210000004, -0.3065485954, -0.2711666822, -0.7210253477, 0.2259861827, -0.8750705123, -0.2956546545, 0.1077701449, -0.2472932935, -0.1068245173, -0.7317373753, -0.9308906794, 0.07231891160000001, 0.22486054900000002, 0.1163107157, -0.8370589018, 0.0303040743, -0.6770377755, 0.029090166100000002, -0.2920093536, 0.1313846707, 0.1709553003, -0.8121839762, 0.1336061358]","[0.0018182498000000001, 0.0018586057000000002, 0.0102794683, 0.0041323248, 0.0029755165000000003, 0.0824244544, 0.0024866660000000002, 0.0033139447000000003, 0.0732166991, 0.0024423026, 0.1508420408, 0.0020979042, 0.0020586813000000002, 0.0577841699, 0.0017718811000000001, 0.0034614797, 0.06883720310000001, 0.0017904344000000002, 0.0023300692000000002, 0.0024882553, 0.0026425966000000003, 0.0030508509000000002, 0.0025479307, 0.0596904531, 0.0036546120000000002, 0.0224876944, 0.0249186736, 0.0030354494, 0.0029620614, 0.0561995655, 0.0017679929, 0.0799381509, 0.0035361915000000003, 0.0032425402, 0.002235383, 0.0138280215, 0.0694102347, 0.0710539371, 0.0016207483, 0.0023777245, 0.0032338109, 0.0410232246, 0.0023019086000000003, 0.021701540800000002, 0.0019126828, 0.0032691720000000003, 0.0031086118, 0.0019000438, 0.0108786169, 0.0020591468000000003]",2.9898245335,19.8821935258,0.1508420408,0.0016207483,255.0784158707,80.0,1.1466439962,hier_k50,geometric,66.434,110
hierarchical_mixture,,matrixexponential,50,ode_transport,1024,0.005,1000,2,hier_k50|geometric,1000,-4.5061230342,7.1088817158,0.0502673847,20000,4.5061230342,0.1667891443,3.0216486454,10.3706522312,-0.477431227,0.5397933125000001,"[0.3872697949, 0.4025631845, 0.1667891443, 0.31740465760000003, 0.3804068863, 0.1889681071, 0.40660160780000004, 0.3091112971, 0.22767761350000001, 0.34394347670000003, 0.3769704401, 0.3689760566, 0.3589903712, 0.2561874986, 0.3463872075, 0.3110252917, 0.235666424, 0.355584383, 0.2884116769, 0.31401982900000003, 0.3345729411, 0.3069532216, 0.31576272850000003, 0.2387658507, 0.3122404814, 0.34085944290000003, 0.2310658991, 0.2813576162, 0.3099363744, 0.1994631737, 0.4235140383, 0.1919976026, 0.3082542717, 0.3621808589, 0.32090285420000003, 0.2777486145, 0.2139471024, 0.2750669122, 0.341994375, 0.41853028540000003, 0.3651348948, 0.2630319595, 0.3263404965, 0.19786456230000002, 0.3573114276, 0.3059126735, 0.3722771704, 0.40394800900000005, 0.2020373046, 0.36593660710000003]","[2.9753010273, 2.7281091213, 0.6891559958, 1.961097002, 2.6409032345, 0.6311624050000001, 2.7692754269, 2.0165672302, 1.9609245062, 2.7367441654, 1.7664054632000001, 3.0123720169, 3.0216486454, 2.0464859009, 2.9834339619, 2.0180552006, 1.7982842922, 3.0123431683, 2.3364253044, 2.0647032261, 2.876727581, 2.0222728252, 2.0722682476, 2.0344033241, 2.0005712509, 1.410951376, 0.6795454621, 2.0342140198, 2.0414321423, 2.0130534172, 2.8093285561, 1.9911403656, 1.9768716097, 2.4146978855, 2.0998206139, 1.2312060595, 2.0040166378, 1.9671056271, 3.0067076683, 2.7630865574, 2.5405888557, 0.6141898632, 2.8722217083, 1.5936299562, 2.6632144451, 2.0001749992, 2.6065189838, 2.9382491112, 1.863738656, 3.0157432556]","[7.6827603551, 6.7768470301, 4.1318995839, 6.1785388307, 6.942311849, 3.3400472423, 6.8107832673, 6.5237577822, 8.6127242642, 7.9569590674, 4.685793036, 8.1641395511, 8.4170743496, 7.988234837, 8.6130027241, 6.4883958139, 7.6306342729, 8.4715283128, 8.1010080093, 6.5750727667, 8.5982075295, 6.5882117639, 6.5627386036, 8.520495366, 6.4071488812, 4.1393935393, 2.9409162697, 7.2299945079, 6.5866168372, 10.0923562951, 6.6333776495, 10.3706522312, 6.4131199172, 6.6671051948, 6.543477524, 4.4328072039, 9.3668790793, 7.1513713209, 8.7916874901, 6.6018796107, 6.9579459306, 2.3350389219, 8.8013033588, 8.0541454111, 7.453482423, 6.5383855351, 7.0015547311, 7.2738299128, 9.2247254009, 8.2411630783]","[0.1417115927, 0.09370547530000001, -2.1633124352, -0.47407376770000004, 0.004607141, -2.1263689995, 0.11866426470000001, -0.47265720370000003, -0.8064085841, -0.0605089664, -0.4066418409, 0.105704248, 0.0813428164, -0.6457216144, 0.0328768492, -0.4657467604, -0.8585048318, 0.0687255859, -0.39474421740000004, -0.4333125949, -0.0382469893, -0.4768379331, -0.4241204262, -0.7220693827, -0.47054880860000003, -0.7320209146000001, -1.8513834476, -0.5580192208, -0.45773667100000004, -0.9124729633, 0.1737769246, -0.9615648389, -0.49531471730000004, -0.1340373755, -0.3947649002, -1.0730446577, -0.846873045, -0.6141775846, 0.0278847218, 0.14534235, -0.07509249450000001, -1.822930932, -0.0647280216, -1.1541581154, -0.0496136546, -0.4912209511, -0.030101001300000003, 0.1713447571, -0.9767183661000001, 0.09855115410000001]","[0.0007757398000000001, 0.0008361073, 0.024098752100000002, 0.0028561822, 0.0015417296000000001, 0.2462077439, 0.0011642642, 0.0019871518, 0.0605131239, 0.001130095, 0.1366173923, 0.0009214428, 0.0009040821, 0.036995809500000004, 0.0007549722, 0.0021412023, 0.058714065700000005, 0.0007626705000000001, 0.0010933323000000001, 0.0013236224000000001, 0.0011303818, 0.0017548156, 0.0013605839000000002, 0.0617518611, 0.0023440623, 0.0163459554, 0.0222061351, 0.0014790316, 0.001681898, 0.0343060233, 0.0007674923, 0.0665235445, 0.0021936148000000003, 0.0018694412, 0.0011340476, 0.010189015400000001, 0.042010072600000004, 0.059141088300000005, 0.0006882185, 0.0011455036, 0.0018335654, 0.058303587100000005, 0.001030569, 0.0119641013, 0.0008280589, 0.0019407142000000001, 0.0017228999999999999, 0.0008193551, 0.0092945788, 0.0009003216]",2.6863799095,14.678442334,0.2462077439,0.0006882185,585.8443410397,,,hier_k50,geometric,66.434,110
banana,,matrixexponential,5,ode_transport,1024,0.005,1000,3,banana|geometric,0,-3.1159827433,1.5970981581,0.0112931894,20000,3.1159827433,0.5,0.5,1.0,-1.3862943649,0.3870000243,"[0.5, 0.5, 0.5, 0.5, 0.5]","[0.5, 0.5, 0.5, 0.5, 0.5]","[1.0, 1.0, 1.0, 1.0, 1.0]","[-1.3862943649, -1.3862943649, -1.3862943649, -1.3862943649, -1.3862943649]","[0.200000003, 0.200000003, 0.200000003, 0.200000003, 0.200000003]",1.6094379425,5.0000001504,0.200000003,0.200000003,0.10652494430000001,32.0,1.268388629,banana,geometric,63.41,86
banana,,matrixexponential,5,ode_transport,1024,0.005,1000,3,banana|geometric,10,-2.8261798884,1.5874940770000001,0.0112252783,20000,2.8261798884,0.5001196265,0.5524839759,1.1047018048,-1.2863805056,0.3719396293,"[0.5030368567, 0.5001204610000001, 0.5011259317, 0.5001196265, 0.5006923079]","[0.5488659739, 0.5524839759, 0.5515086651000001, 0.5522443652, 0.5519813895]","[1.0911048896, 1.1047018048, 1.1005390664, 1.1042245413, 1.1024363282]","[-1.2869927883, -1.2862371206, -1.2859954834, -1.2866725922, -1.2860045433]","[0.1881688684, 0.2079393715, 0.2078476101, 0.1881672591, 0.2078769058]",1.6082630157,4.9941289662,0.2079393715,0.1881672591,0.7892780304,38.0,1.2348921299,banana,geometric,63.41,86
banana,,matrixexponential,5,ode_transport,1024,0.005,1000,3,banana|geometric,50,-1.7494748547,1.4220902551,0.0100556966,20000,1.7494748547,0.4771265984,0.8652764559,1.7974182155,-0.8889181852,0.3620802462,"[0.4771265984, 0.4906840324, 0.48139962550000004, 0.4814703763, 0.48201605680000004]","[0.8436127305000001, 0.8465788364, 0.8652764559, 0.8401174545000001, 0.8646909595000001]","[1.7681108817, 1.7253034142, 1.7974182155, 1.7448995742, 1.7939048862]","[-0.9100351334000001, -0.8785068393000001, -0.8757637739, -0.9051241875, -0.8751609921]","[0.1467649043, 0.2410521209, 0.2316004783, 0.1459713578, 0.2346111536]",1.5844018459,4.8763736832,0.2410521209,0.1459713578,4.6811649799,38.0,1.1322895288000001,banana,geometric,63.41,86
banana,,matrixexponential,5,ode_transport,1024,0.005,1000,3,banana|geometric,100,-0.7541221786000001,1.1214311462,0.007929715700000001,20000,0.7541221786000001,0.4204498827,1.4723618031,3.4374933238,-0.44018087980000004,0.41117024420000003,"[0.4204498827, 0.46725341680000004, 0.4523557425, 0.4421820343, 0.45648616550000004]","[1.4452936649, 1.4723618031, 1.4685966969, 1.3525152206, 1.4600524902]","[3.4374933238, 3.1510990614, 3.246552567, 3.0587294731, 3.1984594507]","[-0.49811744690000004, -0.3740157187, -0.40897905830000003, -0.5140676498, -0.4057245255]","[0.1130385324, 0.292514801, 0.2341827303, 0.1074011326, 0.2528628409]",1.5332450867,4.6331875487,0.292514801,0.1074011326,9.117305994,56.0,0.6008027792,banana,geometric,63.41,86
banana,,matrixexponential,5,ode_transport,1024,0.005,1000,3,banana|geometric,250,-0.2358066559,0.6855164524,0.0048473333,20000,0.2358066559,0.4537552595,1.7949255705,3.8980077206,-0.2095324874,0.6002791524000001,"[0.46047255400000003, 0.49672695990000004, 0.5183680654, 0.4537552595, 0.5040100813]","[1.7949255705, 1.7070333958000001, 1.5394322872, 1.7264413834, 1.5884900093]","[3.8980077206, 3.436562807, 2.9697668319, 3.8047853929, 3.1517028494]","[-0.19053846600000002, -0.16495776180000002, -0.2256560326, -0.2441350222, -0.2223751545]","[0.0742118508, 0.4434196353, 0.16616080700000002, 0.06328610330000001, 0.2529215515]",1.3742042780000001,3.9519308331,0.4434196353,0.06328610330000001,26.205384016,68.0,0.3096186817,banana,geometric,63.41,86
banana,,matrixexponential,5,ode_transport,1024,0.005,1000,3,banana|geometric,500,-0.1925611295,0.5035045558,0.0035603149,20000,0.1925611295,0.41218221190000004,1.8801788092,4.2117187632,-0.2852362275,0.7645149827000001,"[0.4525834918, 0.4901430309, 0.44016519190000003, 0.42079064250000003, 0.41218221190000004]","[1.8801788092, 1.7289595604, 1.5050504208, 1.7722518444, 1.6359286308]","[4.1543247671, 3.5274592343, 3.4192854149, 4.2117187632, 3.9689452473]","[-0.1614161134, -0.1655382514, -0.411778748, -0.293368876, -0.3940791488]","[0.0615655333, 0.4874732792, 0.1461755484, 0.051558032600000005, 0.25322768090000003]",1.3036420345,3.6826847379,0.4874732792,0.051558032600000005,60.5773139,80.0,0.19238269330000002,banana,geometric,63.41,86
banana,,matrixexponential,5,ode_transport,1024,0.005,1000,3,banana|geometric,1000,-0.1584427001,0.47203513880000003,0.0033377925,20000,0.1584427001,0.3617290556,2.2551486492,5.7540922786,-0.3381588578,0.8016639352,"[0.3919208348, 0.4745517671, 0.6545960307, 0.3767299354, 0.3617290556]","[2.2551486492, 1.7720471621, 0.8601580262, 1.9159840345, 1.6873606443]","[5.7540922786, 3.7341493276, 1.314028784, 5.0858290103, 4.664708621]","[-0.1234794855, -0.17324912550000002, -0.5743761659000001, -0.32599532600000003, -0.4936941862]","[0.0584102124, 0.4779311419, 0.18364295360000002, 0.046014115200000004, 0.23400159180000002]",1.3115215302,3.7118170594,0.4779311419,0.046014115200000004,128.533673048,,,banana,geometric,63.41,86
rosenbrock,,matrixexponential,5,ode_transport,1024,0.005,1000,3,rosenbrock_extreme|geometric,0,-3.0029136524,5.0934944777,0.0360164449,20000,3.0029136524,0.5,0.5,1.0,-1.3862943649,0.3870000243,"[0.5, 0.5, 0.5, 0.5, 0.5]","[0.5, 0.5, 0.5, 0.5, 0.5]","[1.0, 1.0, 1.0, 1.0, 1.0]","[-1.3862943649, -1.3862943649, -1.3862943649, -1.3862943649, -1.3862943649]","[0.200000003, 0.200000003, 0.200000003, 0.200000003, 0.200000003]",1.6094379425,5.0000001504,0.200000003,0.200000003,0.0184819698,32.0,2.9535968304,rosenbrock_extreme,geometric,78.038,116
rosenbrock,,matrixexponential,5,ode_transport,1024,0.005,1000,3,rosenbrock_extreme|geometric,10,-2.4834776038,3.4126729244,0.0241312417,20000,2.4834776038,0.4530542195,0.5002327561000001,1.1034363491,-1.4844631433,0.35897910590000004,"[0.4534332156, 0.4530542195, 0.45382002, 0.4532665014, 0.4539448917]","[0.5002327561000001, 0.49991649390000004, 0.4990663528, 0.5001372695, 0.49923866990000004]","[1.1032115401, 1.1034363491, 1.0997010508, 1.1034066447, 1.0997781427]","[-1.4835890532, -1.4850575924, -1.4850708246, -1.4841477871, -1.4844504595]","[0.2086109072, 0.1974844933, 0.20994679630000002, 0.19305205350000001, 0.1909057349]",1.6086637974,4.9961309225,0.20994679630000002,0.1909057349,0.6723179817,32.0,1.8667439222,rosenbrock_extreme,geometric,78.038,116
rosenbrock,,matrixexponential,5,ode_transport,1024,0.005,1000,3,rosenbrock_extreme|geometric,50,-1.8137547692,1.4425106405,0.0102000906,20000,1.8137547692,0.3299431205,0.5044955611,1.5290379760000001,-1.7888438702,0.3181615472,"[0.3299431205, 0.3349728286, 0.36058363320000003, 0.3395872116, 0.358076632]","[0.5044955611, 0.503215909, 0.45339736340000003, 0.5029805303, 0.4651051164]","[1.5290379760000001, 1.5022588879, 1.2573986218, 1.4811527439, 1.2988982658000001]","[-1.7930312157000001, -1.7804418802, -1.8110177517000001, -1.7672283649, -1.7925001383]","[0.1905394793, 0.2300948501, 0.2340180427, 0.1690506041, 0.1762969494]",1.600317955,4.9546075163,0.2340180427,0.1690506041,3.3806319237,38.0,0.6486619711,rosenbrock_extreme,geometric,78.038,116
rosenbrock,,matrixexponential,5,ode_transport,1024,0.005,1000,3,rosenbrock_extreme|geometric,100,-1.5456443718,0.9090349136,0.0064278475,20000,1.5456443718,0.228488341,0.5277954936,2.3099449685,-2.013506341,0.4063238502,"[0.228488341, 0.2612965405, 0.31805092100000004, 0.2805297375, 0.3187355995]","[0.5277954936, 0.5184966326, 0.4153216779, 0.5112817287, 0.4300967455]","[2.3099449685, 1.9843226075, 1.3058339107, 1.8225580409, 1.3493840856000001]","[-2.115316391, -1.9989210367, -2.024245739, -1.9419100285, -1.9871385098]","[0.2149974108, 0.3131088316, 0.18430930380000002, 0.1465389729, 0.1410455257]",1.563439846,4.7752190443,0.3131088316,0.1410455257,6.9396700859000005,44.0,0.6720318794,rosenbrock_extreme,geometric,78.038,116
rosenbrock,,matrixexponential,5,ode_transport,1024,0.005,1000,3,rosenbrock_extreme|geometric,250,-1.1409165062,0.5498993792,0.0038883758,20000,1.1409165062,0.1297580898,0.7463955879,5.7522085072,-2.2207667351000002,0.8692425489000001,"[0.1297580898, 0.17970204350000002, 0.2864561677, 0.2383181155, 0.28828614950000003]","[0.7463955879, 0.6622956991000001, 0.3574742675, 0.49357202650000004, 0.3761174679]","[5.7522085072, 3.6855212445, 1.2479196044, 2.0710638195, 1.3046671459]","[-2.3345830441, -2.1284983158, -2.2788615227, -2.140235424, -2.2216553688]","[0.360855937, 0.3781685829, 0.1055521742, 0.07523534450000001, 0.0801880509]",1.3698771,3.9348670706,0.3781685829,0.07523534450000001,23.4011950493,62.0,0.7049050331000001,rosenbrock_extreme,geometric,78.038,116
rosenbrock,,matrixexponential,5,ode_transport,1024,0.005,1000,3,rosenbrock_extreme|geometric,500,-1.0040846796,0.4863344417,0.0034389038,20000,1.0040846796,0.11102990060000001,0.8979278803,8.0872618578,-2.332781744,0.9262493849000001,"[0.11102990060000001, 0.14235977830000002, 0.27420493960000003, 0.2136366218, 0.2819425464]","[0.8979278803, 0.7742757201, 0.3182370365, 0.44898054, 0.3315695822]","[8.0872618578, 5.4388657347, 1.1605809761, 2.1016084985, 1.176018258]","[-2.3056213856, -2.2052249908, -2.4388382435000002, -2.3442544937, -2.3699696064]","[0.3357010782, 0.3447441161, 0.1396446675, 0.0839255154, 0.09598466750000001]",1.4413766861,4.2265103917,0.3447441161,0.0839255154,67.4104099274,86.0,0.9316933751,rosenbrock_extreme,geometric,78.038,116
rosenbrock,,matrixexponential,5,ode_transport,1024,0.005,1000,3,rosenbrock_extreme|geometric,1000,-0.8849007024000001,0.46736324160000003,0.0033047572000000002,20000,0.8849007024000001,0.10254585740000001,1.0056316853,9.6672548903,-2.4324453831,0.8760998845,"[0.10254585740000001, 0.1130754799, 0.18501836060000001, 0.1731638312, 0.2653599679]","[0.9913369417000001, 1.0056316853, 0.4468403161, 0.41171136500000005, 0.2889432013]","[9.6672548903, 8.8934549423, 2.4151133681, 2.3775829055, 1.0888726116]","[-2.2861459255, -2.1740837097, -2.4928541183, -2.6409499645, -2.5681931973]","[0.2596580982, 0.3124456704, 0.1769439727, 0.12892358010000002, 0.12202867120000001]",1.5408409834,4.6685147639,0.3124456704,0.12202867120000001,169.7572350502,,,rosenbrock_extreme,geometric,78.038,116
hierarchical_mixture,,matrixexponential,5,ode_transport,1024,0.005,1000,3,hier_k5|geometric,0,-60.2179015091,15.2781683266,0.1080329643,20000,60.2179015091,0.5,0.5,1.0,-1.3862943649,0.3870000243,"[0.5, 0.5, 0.5, 0.5, 0.5]","[0.5, 0.5, 0.5, 0.5, 0.5]","[1.0, 1.0, 1.0, 1.0, 1.0]","[-1.3862943649, -1.3862943649, -1.3862943649, -1.3862943649, -1.3862943649]","[0.200000003, 0.200000003, 0.200000003, 0.200000003, 0.200000003]",1.6094379425,5.0000001504,0.200000003,0.200000003,0.0338168144,32.0,10.9474525452,hier_k5,geometric,86.246,116
hierarchical_mixture,,matrixexponential,5,ode_transport,1024,0.005,1000,3,hier_k5|geometric,10,-57.6184083542,16.034792246,0.11338310330000001,20000,57.6184083542,0.4999261498,0.552739501,1.1056423057,-1.286376667,0.3982767761,"[0.500154078, 0.5015419126, 0.5001075864, 0.4999261498, 0.5005307198]","[0.5525124669, 0.5507925749, 0.5523286462, 0.552739501, 0.5518350601]","[1.1046845186, 1.0981984977, 1.1044196513, 1.1056423057, 1.1024998833]","[-1.2861183882, -1.286465168, -1.2865440845, -1.2861633301, -1.2865923643]","[0.2090224326, 0.20338384810000001, 0.1892412156, 0.20907743280000002, 0.1892750561]",1.6084183455,4.994904763,0.20907743280000002,0.1892412156,0.9059329033,50.0,11.3344707489,hier_k5,geometric,86.246,116
hierarchical_mixture,,matrixexponential,5,ode_transport,1024,0.005,1000,3,hier_k5|geometric,50,-46.1077900956,18.689098758,0.1321518847,20000,46.1077900956,0.4845022559,0.8550674915,1.7581542878,-0.8912242532,0.46296310420000003,"[0.48634383080000004, 0.4902334809, 0.48584505920000004, 0.4883677363, 0.4845022559]","[0.8550674915, 0.8355658054, 0.8335371017000001, 0.8515231013000001, 0.8351063728]","[1.7581542878, 1.7044241937, 1.7156438787000001, 1.7436104762, 1.7236377388]","[-0.8774143457, -0.8925197124, -0.903942585, -0.8774152398, -0.9048293829]","[0.2510811687, 0.1997722536, 0.1491981149, 0.25111007690000003, 0.148838371]",1.5831053257,4.8700554628,0.25111007690000003,0.148838371,5.1769089699,50.0,12.5673112869,hier_k5,geometric,86.246,116
hierarchical_mixture,,matrixexponential,5,ode_transport,1024,0.005,1000,3,hier_k5|geometric,100,-30.4956510755,19.6969694746,0.1392786068,20000,30.4956510755,0.42448300120000004,1.5720829964,3.5051227609,-0.4235493839,0.508996129,"[0.4485101104, 0.4409924448, 0.4354482293, 0.456394434, 0.42448300120000004]","[1.5720829964, 1.4479197264, 1.4127519131, 1.5493195057, 1.4471274614]","[3.5051227609, 3.2833209358, 3.2443625165, 3.3946941294, 3.409152916]","[-0.3494225442, -0.4485996962, -0.4858398438, -0.3465820253, -0.48730281000000003]","[0.3269575536, 0.14478465910000002, 0.10438198600000001, 0.321236372, 0.1026394293]",1.479634285,4.3913394084,0.3269575536,0.1026394293,10.5630528927,62.0,11.8297653198,hier_k5,geometric,86.246,116
hierarchical_mixture,,matrixexponential,5,ode_transport,1024,0.005,1000,3,hier_k5|geometric,250,-12.8110184442,13.7484569005,0.0972162711,20000,12.8110184442,0.3364421725,3.0161335468,8.9647903655,-0.053919589500000004,0.5255905986,"[0.3732051551, 0.38145780560000003, 0.34570911530000004, 0.3821507096, 0.3364421725]","[2.1247720718, 2.980440855, 3.00334692, 2.1038563251, 3.0161335468]","[5.6933084729, 7.8132910403, 8.6874970528, 5.5053052948, 8.9647903655]","[-0.2319624424, 0.128316164, 0.037569761300000004, -0.21816819910000002, 0.0146467686]","[0.45861721040000003, 0.0412144624, 0.0354397818, 0.4309922755, 0.0337362178]",1.0843971968,2.9576563964,0.45861721040000003,0.0337362178,32.1673326492,80.0,4.9259052277,hier_k5,geometric,86.246,116
hierarchical_mixture,,matrixexponential,5,ode_transport,1024,0.005,1000,3,hier_k5|geometric,500,-7.242053187,9.866515924,0.0697668032,20000,7.242053187,0.3300243318,3.0212790966,8.6399567462,-0.095775938,0.5450998545,"[0.3721831143, 0.3887163401, 0.3566540778, 0.3300243318, 0.3496868312]","[1.927167654, 2.991994381, 3.0033657551, 1.9883092642, 3.0212790966]","[5.1780093724, 7.6971150234, 8.4209488754, 6.0247353681, 8.6399567462]","[-0.3323178887, 0.151034832, 0.0687446594, -0.42130428550000004, 0.054962992700000005]","[0.48665446040000004, 0.0131267346, 0.011902784000000001, 0.47720605130000004, 0.0111100012]",0.8631439209,2.3706019753,0.48665446040000004,0.0111100012,79.1836400032,86.0,1.7788972855,hier_k5,geometric,86.246,116
hierarchical_mixture,,matrixexponential,5,ode_transport,1024,0.005,1000,3,hier_k5|geometric,1000,-6.7404205788,8.979691946,0.06349601070000001,20000,6.7404205788,0.31409969930000003,3.180103302,8.0643213656,-0.07274941210000001,0.6638793349000001,"[0.4751907289, 0.3943423331, 0.3704667687, 0.31409969930000003, 0.362736553]","[1.8651119471, 3.180103302, 2.7026553154, 1.9798476696, 2.7689087391]","[3.9249754543, 8.0643213656, 7.2952705706, 6.3032459893, 7.6333876929]","[-0.12071794270000001, 0.22637778520000001, 0.0012432337, -0.475024879, 0.0043747425]","[0.505400598, 0.0098686721, 0.0089610973, 0.4676009417, 0.008168635]",0.8274276257000001,2.287427047,0.505400598,0.008168635,169.6179299355,,,hier_k5,geometric,86.246,116
hierarchical_mixture,,matrixexponential,50,ode_transport,1024,0.005,1000,3,hier_k50|geometric,0,-56.6649683687,16.7998277,0.11879272090000001,20000,56.6649683687,0.5,0.5,1.0,-1.3862943649,0.0669880435,"[0.5, 0.5, 0.5, 0.5, 0.5, 0.5, 0.5, 0.5, 0.5, 0.5, 0.5, 0.5, 0.5, 0.5, 0.5, 0.5, 0.5, 0.5, 0.5, 0.5, 0.5, 0.5, 0.5, 0.5, 0.5, 0.5, 0.5, 0.5, 0.5, 0.5, 0.5, 0.5, 0.5, 0.5, 0.5, 0.5, 0.5, 0.5, 0.5, 0.5, 0.5, 0.5, 0.5, 0.5, 0.5, 0.5, 0.5, 0.5, 0.5, 0.5]","[0.5, 0.5, 0.5, 0.5, 0.5, 0.5, 0.5, 0.5, 0.5, 0.5, 0.5, 0.5, 0.5, 0.5, 0.5, 0.5, 0.5, 0.5, 0.5, 0.5, 0.5, 0.5, 0.5, 0.5, 0.5, 0.5, 0.5, 0.5, 0.5, 0.5, 0.5, 0.5, 0.5, 0.5, 0.5, 0.5, 0.5, 0.5, 0.5, 0.5, 0.5, 0.5, 0.5, 0.5, 0.5, 0.5, 0.5, 0.5, 0.5, 0.5]","[1.0, 1.0, 1.0, 1.0, 1.0, 1.0, 1.0, 1.0, 1.0, 1.0, 1.0, 1.0, 1.0, 1.0, 1.0, 1.0, 1.0, 1.0, 1.0, 1.0, 1.0, 1.0, 1.0, 1.0, 1.0, 1.0, 1.0, 1.0, 1.0, 1.0, 1.0, 1.0, 1.0, 1.0, 1.0, 1.0, 1.0, 1.0, 1.0, 1.0, 1.0, 1.0, 1.0, 1.0, 1.0, 1.0, 1.0, 1.0, 1.0, 1.0]","[-1.3862943649, -1.3862943649, -1.3862943649, -1.3862943649, -1.3862943649, -1.3862943649, -1.3862943649, -1.3862943649, -1.3862943649, -1.3862943649, -1.3862943649, -1.3862943649, -1.3862943649, -1.3862943649, -1.3862943649, -1.3862943649, -1.3862943649, -1.3862943649, -1.3862943649, -1.3862943649, -1.3862943649, -1.3862943649, -1.3862943649, -1.3862943649, -1.3862943649, -1.3862943649, -1.3862943649, -1.3862943649, -1.3862943649, -1.3862943649, -1.3862943649, -1.3862943649, -1.3862943649, -1.3862943649, -1.3862943649, -1.3862943649, -1.3862943649, -1.3862943649, -1.3862943649, -1.3862943649, -1.3862943649, -1.3862943649, -1.3862943649, -1.3862943649, -1.3862943649, -1.3862943649, -1.3862943649, -1.3862943649, -1.3862943649, -1.3862943649]","[0.019999999600000002, 0.019999999600000002, 0.019999999600000002, 0.019999999600000002, 0.019999999600000002, 0.019999999600000002, 0.019999999600000002, 0.019999999600000002, 0.019999999600000002, 0.019999999600000002, 0.019999999600000002, 0.019999999600000002, 0.019999999600000002, 0.019999999600000002, 0.019999999600000002, 0.019999999600000002, 0.019999999600000002, 0.019999999600000002, 0.019999999600000002, 0.019999999600000002, 0.019999999600000002, 0.019999999600000002, 0.019999999600000002, 0.019999999600000002, 0.019999999600000002, 0.019999999600000002, 0.019999999600000002, 0.019999999600000002, 0.019999999600000002, 0.019999999600000002, 0.019999999600000002, 0.019999999600000002, 0.019999999600000002, 0.019999999600000002, 0.019999999600000002, 0.019999999600000002, 0.019999999600000002, 0.019999999600000002, 0.019999999600000002, 0.019999999600000002, 0.019999999600000002, 0.019999999600000002, 0.019999999600000002, 0.019999999600000002, 0.019999999600000002, 0.019999999600000002, 0.019999999600000002, 0.019999999600000002, 0.019999999600000002, 0.019999999600000002]",3.9120233059,50.0000150232,0.019999999600000002,0.019999999600000002,0.1531479359,38.0,3.6935143471,hier_k50,geometric,69.122,104
hierarchical_mixture,,matrixexponential,50,ode_transport,1024,0.005,1000,3,hier_k50|geometric,10,-53.7338370998,17.4012291115,0.1230452711,20000,53.7338370998,0.4714204669,0.5529839993,1.1393966206,-1.2937098765,0.0736465082,"[0.4997653067, 0.5017239451000001, 0.5016471148, 0.49976205830000003, 0.49976637960000003, 0.4999629259, 0.4714204669, 0.5081807971, 0.4998824298, 0.4998338223, 0.5007503629, 0.4730825722, 0.500908494, 0.5004740357, 0.49981778860000003, 0.49985560770000004, 0.49982005360000004, 0.4996965528, 0.4996661544, 0.4999485314, 0.5000241399, 0.5002062321, 0.4997661412, 0.4997965693, 0.503297627, 0.4997984171, 0.4940659106, 0.499897927, 0.4997562468, 0.4999855757, 0.5166269541, 0.49966591600000004, 0.4997856021, 0.5012187362, 0.5007270575, 0.5018825531000001, 0.5018025041, 0.5043905973, 0.49970769880000004, 0.4999307096, 0.4998971224, 0.49991860990000003, 0.4998752475, 0.5002226233, 0.4715536535, 0.4997504652, 0.49987414480000003, 0.5012300014000001, 0.4999693632, 0.4997175634]","[0.552716732, 0.5432210565, 0.5507010221, 0.552772522, 0.5527847409000001, 0.5523132682, 0.5287129283, 0.54362005, 0.5529557467, 0.5529839993, 0.5516309738, 0.5284053087, 0.5515311956, 0.5483537316, 0.552669704, 0.5526700616, 0.5526717901, 0.5529018641, 0.5529395938, 0.5525738597000001, 0.5526106954000001, 0.5522937775, 0.5527514815, 0.5528008342, 0.5488422513, 0.5527286530000001, 0.5339127779, 0.5525006056, 0.5528330803, 0.5526121855, 0.5303957462000001, 0.5529410839000001, 0.5527089834000001, 0.5513280034, 0.5516481996, 0.5502743125, 0.5505999923, 0.5477052927, 0.5529026389, 0.5529562831, 0.5526738167, 0.5524476767000001, 0.5525311828, 0.551271975, 0.5372866392, 0.5528222322, 0.5526784062, 0.5512046218000001, 0.5524842143, 0.5528905988]","[1.1059525833, 1.0827090509, 1.0977856863, 1.1060714051, 1.1060862905, 1.1047084485, 1.1215315529, 1.0697374892, 1.1061715988, 1.1063356953, 1.1016087350000001, 1.1169409734, 1.1010617753, 1.095668691, 1.1057423656, 1.1056594205, 1.1057415287, 1.1064752418, 1.1066180668, 1.1052614919000001, 1.1051680335, 1.10413214, 1.1060202683, 1.106051678, 1.0904924281, 1.1059031683, 1.0806509141, 1.1052268387, 1.1062054428, 1.1052562561000001, 1.0266513236, 1.106621577, 1.1058921688, 1.0999748485, 1.1016944088, 1.0964204854, 1.0972444095, 1.085875303, 1.1064521123, 1.1060658457, 1.1055751112, 1.1050752378, 1.105338153, 1.1020532645, 1.1393966206, 1.1061965337, 1.1056351123000001, 1.0997039686, 1.1050361381, 1.1064061768]","[-1.2865263224, -1.2999441624, -1.2864215374, -1.2864319086, -1.2864011526, -1.2868611813, -1.3893145323, -1.2864227295, -1.2858595848, -1.285905838, -1.2865235806, -1.386376977, -1.2863887548, -1.2930343151, -1.2865064144, -1.2864301205, -1.2864980698, -1.286329031, -1.28632164, -1.2864183187, -1.2862004042, -1.2864099741, -1.2864618301, -1.2863116264, -1.2865178585, -1.2864384651, -1.3326091766000001, -1.2866520882, -1.2863340378, -1.28627491, -1.2945661545, -1.2863194942, -1.2864997387000001, -1.2861380577000001, -1.2865388393, -1.2867275476, -1.286295414, -1.2864222527, -1.2863053083, -1.2857620716, -1.2863402367, -1.2867064476, -1.2866420746, -1.2882289886, -1.3729460239, -1.2863651514, -1.2863779068, -1.2863394022, -1.2865388393, -1.2863073349]","[0.019240342100000002, 0.021263374, 0.0192475095, 0.0192459803, 0.0192404855, 0.019248146600000002, 0.0212622285, 0.0203269366, 0.0211652275, 0.0209226348, 0.0192780457, 0.021262642000000002, 0.021268861400000002, 0.021272039000000003, 0.0192446802, 0.0192521103, 0.019241297600000002, 0.019238295000000002, 0.019239444300000002, 0.0192501862, 0.021229187, 0.0197659973, 0.0192384552, 0.0192347337, 0.0201050378, 0.0192458499, 0.0212623309, 0.0192420445, 0.019242238300000002, 0.0206421725, 0.021260127400000002, 0.0192393325, 0.019269228000000003, 0.0210758131, 0.019235028, 0.0192388613, 0.0192441102, 0.0212666783, 0.019241143000000002, 0.0212525036, 0.019242717000000003, 0.0192856938, 0.019253013700000002, 0.0212608036, 0.0212652422, 0.0192401204, 0.021259870400000002, 0.0210616495, 0.0196484029, 0.0192411169]",3.9109866619,49.9482096651,0.021272039000000003,0.0192347337,3.3019731045,38.0,3.8098556995,hier_k50,geometric,69.122,104
hierarchical_mixture,,matrixexponential,50,ode_transport,1024,0.005,1000,3,hier_k50|geometric,50,-42.1246998167,18.492339878,0.1307605893,20000,42.1246998167,0.35800373550000003,0.8619859219,1.9634640659,-0.9386267614,0.1057090312,"[0.48037850860000003, 0.4745639265, 0.4818202257, 0.47294178610000004, 0.4820047617, 0.47973525520000004, 0.36195033790000003, 0.48735699060000004, 0.48718088870000004, 0.4875481427, 0.4745598435, 0.35800373550000003, 0.4890338778, 0.47998088600000005, 0.4811371863, 0.4814681113, 0.481677562, 0.4816927314, 0.48220765590000003, 0.4853944182, 0.4868133068, 0.48770734670000004, 0.4811544418, 0.48181858660000004, 0.4777999818, 0.48061719540000003, 0.38268178700000005, 0.4811823964, 0.4828426838, 0.48619994520000004, 0.4335638881, 0.48237779740000003, 0.47834801670000004, 0.4821746945, 0.4798433185, 0.47886744140000004, 0.4954400659, 0.48503234980000004, 0.48573353890000004, 0.489490211, 0.48180320860000003, 0.4846313894, 0.4832035303, 0.4867558181, 0.3831640482, 0.4821920991, 0.4851061404, 0.4803688526, 0.479012996, 0.4845453203]","[0.8421425819, 0.8040591478, 0.8430755138, 0.8509497643, 0.8432711959, 0.8410733342000001, 0.6859065294000001, 0.8421660662, 0.8545506001000001, 0.8497876525, 0.8477904201, 0.7029274702, 0.8454301953000001, 0.8174936771, 0.8452969193000001, 0.8459154367, 0.8422254324, 0.8448644876, 0.8426132798, 0.8379232287, 0.8591951132000001, 0.8361033201, 0.8410826921000001, 0.8429787755, 0.8478246927, 0.8471408486, 0.6976923347, 0.8412465453, 0.844042182, 0.8560014367000001, 0.7440413237, 0.8418939710000001, 0.8397529125000001, 0.8619859219, 0.8407357931, 0.8397263885, 0.8197267652, 0.8547610641000001, 0.8384080529, 0.8505512476, 0.8450472355, 0.8379811049, 0.840028584, 0.8447303772, 0.7317159176, 0.8438201547, 0.8526115417000001, 0.8611713052000001, 0.8499287963000001, 0.8423136473]","[1.7530813034000001, 1.6943115627, 1.7497719457, 1.7992695705000001, 1.7495080192, 1.7532030949, 1.8950293939, 1.7280270571, 1.7540725015, 1.7429820322, 1.7864773676, 1.9634640659, 1.7287763356, 1.7031796495, 1.7568729739, 1.7569500802, 1.7485253598000001, 1.7539490065, 1.7474075111, 1.7262728974000001, 1.7649376078, 1.7143545731, 1.7480513927, 1.7495771209, 1.7744343344, 1.7626103618, 1.8231657694, 1.7482903606, 1.7480686988, 1.7605955022, 1.7161053864, 1.7453000025, 1.7555271123, 1.787704605, 1.7521048241000001, 1.7535675133, 1.6545427422, 1.7622764015, 1.7260658074, 1.7376266746, 1.7539261267, 1.7291102541, 1.7384570503, 1.7354294407, 1.9096674676, 1.7499667793, 1.7575773028000001, 1.7927292756, 1.7743334804, 1.7383588532]","[-0.9049868584, -0.9634413719, -0.9008829594000001, -0.9101851583, -0.9002679586000001, -0.9075973034, -1.3932621479, -0.8905364275000001, -0.8762993813000001, -0.8811350465000001, -0.9104893208, -1.3797135353, -0.8832331896000001, -0.9355210662000001, -0.8996701837000001, -0.8982511163, -0.9021879435, -0.8990278840000001, -0.9006276131000001, -0.8996222615, -0.8716337681, -0.8970428705, -0.9046322703, -0.9010010958, -0.9036444426, -0.8985725045, -1.3205285072, -0.9043793678000001, -0.8976171613, -0.8766185641, -1.131374836, -0.9011288881, -0.9120643139, -0.8779651523, -0.9077734947, -0.911010623, -0.9010931253000001, -0.8804730177000001, -0.8983454108000001, -0.8762614131, -0.8985822797, -0.9011264443, -0.9016367197, -0.8887304664000001, -1.2716549635, -0.8992285728, -0.8828387856000001, -0.8826628923000001, -0.8986302614, -0.8961471319000001]","[0.0161814485, 0.0266796649, 0.0161846355, 0.0163278356, 0.0161812808, 0.0160612408, 0.0267549157, 0.0222307667, 0.0258747358, 0.0246817563, 0.0164974742, 0.0267506242, 0.0261502955, 0.0268626213, 0.016282457900000002, 0.0162289012, 0.0161864702, 0.0162032843, 0.016234695900000002, 0.0161133185, 0.025228399800000002, 0.0174125619, 0.016140364100000002, 0.016220402000000002, 0.0170995556, 0.0162644275, 0.0266330484, 0.0161464848, 0.0161843505, 0.0225939844, 0.0265992265, 0.0162438937, 0.0166419894, 0.0231601074, 0.0160001982, 0.016063856, 0.0160115231, 0.0267702714, 0.0161397345, 0.0269640032, 0.0161756128, 0.016571864500000002, 0.0163591914, 0.026835531000000003, 0.026807243, 0.0161724649, 0.0270864796, 0.0259674191, 0.0206648167, 0.0161726698]",3.8853166103,48.682353356,0.0270864796,0.0160001982,16.9057879448,38.0,4.0955138206,hier_k50,geometric,69.122,104
hierarchical_mixture,,matrixexponential,50,ode_transport,1024,0.005,1000,3,hier_k50|geometric,100,-27.4346101173,18.3191991899,0.1295362997,20000,27.4346101173,0.25656089190000003,1.6828685999,4.1327880745,-0.49776220800000004,0.16262041030000002,"[0.42862311010000004, 0.4587669969, 0.4167929292, 0.4181990027, 0.43472549320000003, 0.4243926704, 0.2750668228, 0.43729180100000004, 0.4562910497, 0.4557008743, 0.4222755432, 0.2583357692, 0.4526312649, 0.45805728440000004, 0.4358845055, 0.4437260926, 0.4329980016, 0.4377860129, 0.43920195100000003, 0.443785876, 0.46929037570000004, 0.450532794, 0.42969667910000003, 0.4383164346, 0.4274632037, 0.43696901200000005, 0.25656089190000003, 0.4302496612, 0.4295803905, 0.46598887440000003, 0.3270390332, 0.43975955250000004, 0.4344168901, 0.43743687870000003, 0.4188447595, 0.412488848, 0.435115099, 0.4461350739, 0.4379883111, 0.46299391980000004, 0.42280820010000003, 0.4544161856, 0.44679579140000003, 0.46081653240000003, 0.3580000997, 0.4355184436, 0.45647320150000004, 0.44088679550000004, 0.4380038083, 0.43781372900000004]","[1.4277142286, 1.6828685999, 1.5072187185, 1.4320443869, 1.4167007208, 1.4399806261, 0.9231354594000001, 1.5587893724, 1.587777853, 1.5512713194, 1.4453167915, 1.0426688194, 1.5722123384, 1.5794337988, 1.4515607357, 1.4526555538, 1.4193593264, 1.41360569, 1.4034619331, 1.4106588364000001, 1.6294175386, 1.3954328299, 1.4180420637, 1.4076205492, 1.4995771646, 1.4556717873, 1.0603117943, 1.4252973795, 1.4732087851, 1.5672974586, 1.2615479231, 1.4005932808000001, 1.3848310709, 1.5870355368, 1.4356843233, 1.4632406235, 1.4569059610000001, 1.6582796574, 1.449642539, 1.5594038963, 1.4991780519, 1.4252585173, 1.4325966835, 1.5534546375, 1.2054920197, 1.4154936075, 1.5793474913, 1.6412581205, 1.5166934729000001, 1.4469512701]","[3.3309315227, 3.6682425096, 3.6162290985, 3.4243132515, 3.2588397574, 3.3930383971, 3.3560407254, 3.564643492, 3.4797479679, 3.4041438294, 3.4226864775, 4.0360993089, 3.4734947854000002, 3.4481141393, 3.3301498846, 3.2737663575, 3.2779812406, 3.2289877894, 3.1954820097, 3.1786925014, 3.4720881207, 3.0972946885, 3.3001001233, 3.2114254407, 3.5080847937, 3.3312929458, 4.1327880745, 3.3127216777, 3.4294134877, 3.3633795668, 3.8574842606, 3.1849070086, 3.1877928836, 3.6280332412, 3.4277242125, 3.5473458996000002, 3.3483231553, 3.7169901099000002, 3.3097744904, 3.3680872026, 3.5457638984, 3.1364607212, 3.2063790911, 3.3710913745, 3.3672952069, 3.2501347035, 3.4598909334, 3.7226293398, 3.4627403786, 3.3049472278]","[-0.4911025465, -0.258713007, -0.46489971880000003, -0.5126948357000001, -0.48470973970000003, -0.4924664795, -1.3707205057, -0.38324511050000004, -0.3222889304, -0.3468438387, -0.49376866220000004, -1.3117115498, -0.3401936889, -0.3236945868, -0.4577386379, -0.43915450570000003, -0.48681658510000003, -0.4798814058, -0.4838539362, -0.4683562517, -0.2683109641, -0.46411979200000003, -0.4953986406, -0.48291346430000004, -0.4447039068, -0.4524255097, -1.3018262386, -0.4890091419, -0.4575035274, -0.3142407238, -0.8853362799000001, -0.4846312702, -0.5081724524, -0.3649550378, -0.508613348, -0.5048924685, -0.45582970980000004, -0.3013527989, -0.45424607400000006, -0.3257377148, -0.45591962340000003, -0.4343885481, -0.4461649656, -0.3342740536, -0.8403342366000001, -0.4837398231, -0.32721349600000005, -0.3235040605, -0.40899506210000003, -0.45650294420000004]","[0.012507595100000001, 0.033040788, 0.0122077847, 0.0128633846, 0.0126533192, 0.011902124600000001, 0.0336018167, 0.021599737900000002, 0.0345121063, 0.033123713, 0.012667258300000001, 0.0336271487, 0.0238985438, 0.0342142396, 0.0130458875, 0.012820222400000001, 0.0126021979, 0.0129018519, 0.0129089011, 0.0119999973, 0.030138112600000003, 0.0118845357, 0.0124147292, 0.0129758948, 0.0146576911, 0.0130293109, 0.0321168862, 0.0123794358, 0.0123942783, 0.022112179500000002, 0.0331905112, 0.012921229900000001, 0.0127741033, 0.0287816748, 0.0119501837, 0.011981931500000001, 0.0115166791, 0.0346463807, 0.012145942100000001, 0.0362498574, 0.0122797238, 0.0125758182, 0.012853439000000001, 0.0349499024, 0.034230548900000005, 0.0126593923, 0.0355275981, 0.033266801400000004, 0.0202587582, 0.0124378651]",3.802396059,44.8084195898,0.0362498574,0.0115166791,36.6083269119,38.0,3.7907617092,hier_k50,geometric,69.122,104
hierarchical_mixture,,matrixexponential,50,ode_transport,1024,0.005,1000,3,hier_k50|geometric,250,-11.3745544611,14.0179292935,0.0991217286,20000,11.3745544611,0.1787309051,3.0663986206,14.6913776964,-0.0851528716,0.2540570498,"[0.3734154105, 0.4108011425, 0.33327925210000003, 0.3480657935, 0.3725086749, 0.3563194275, 0.2236589789, 0.3642032743, 0.32488125560000003, 0.3301612735, 0.3555240333, 0.1876986623, 0.3856175244, 0.2841194868, 0.38424921040000004, 0.4117335379, 0.3682687879, 0.354328841, 0.35660558940000003, 0.35850915310000003, 0.47576853630000004, 0.3734011352, 0.3791458607, 0.3585368097, 0.38188427690000004, 0.3914522231, 0.1787309051, 0.3619266748, 0.34960240130000003, 0.47175961730000004, 0.3017869294, 0.3578456044, 0.3760073185, 0.3218047619, 0.3668714762, 0.36814478040000004, 0.3850537241, 0.3599516153, 0.3658521473, 0.3225681782, 0.3480887711, 0.42784246800000003, 0.41010969880000003, 0.2969731688, 0.24766206740000002, 0.3732937276, 0.3678041101, 0.3602994382, 0.3782709837, 0.3557916582]","[3.0240163803, 2.6389422417, 2.9971823692, 2.558463335, 3.0490660667, 3.0298991203, 2.5997421741, 2.4842145443, 2.0406000614, 2.0500833988, 2.5246186256, 2.5581016541, 2.826236248, 1.8871623278, 3.0061542988, 2.9496307373, 3.0663986206, 2.4774792194, 2.5008485317, 3.0080432892, 2.6841390133, 2.9186148643, 2.9642045498000003, 2.4202427864000002, 2.955698967, 2.988255024, 2.6258032322, 3.0610711575, 2.9834029675, 2.8166806698, 2.7061800957, 2.4961154461, 2.4915027618, 2.1599812508, 2.8614599705, 2.9409778118, 2.8253526688, 2.3274600506, 2.8782494068, 1.9543834925, 2.9559237957, 2.9196634293, 2.962294817, 1.8262809515, 1.9670355320000001, 3.0393745899, 2.1794977188, 2.3589859009, 2.4742350578, 2.9760835171]","[8.0982634758, 6.4238921681, 8.9930061676, 7.3505164331, 8.1852216405, 8.5033228238, 11.623687931, 6.8209560977, 6.2810643153, 6.209339385, 7.1011194437, 13.6287687028, 7.3291177638, 6.6421432369, 7.823449516, 7.1639311975, 8.3265232398, 6.9920337635, 7.0129257817, 8.3904225679, 5.6416908819, 7.8162988517, 7.818111332, 6.7503328, 7.7397765397, 7.6337669016, 14.6913776964, 8.4577108299, 8.5337027341, 5.970584523, 8.967187881, 6.975397812, 6.6262081595, 6.7120860428, 7.7996250903, 7.9886445997, 7.3375544561, 6.4660358544, 7.8672475418, 6.0588229859, 8.4918677104, 6.8241552615, 7.2231766911, 6.1496496757, 7.9424174745, 8.1420457, 5.9257024575, 6.547292753, 6.5409062933, 8.3646804212]","[0.12152206900000001, 0.0807321668, -0.0011019707, -0.1159569621, 0.127340436, 0.0766016245, -0.5422205925, -0.1000866294, -0.41105157140000004, -0.39029359820000004, -0.10807240010000001, -0.7336520553, 0.0860366225, -0.623286128, 0.14419770240000002, 0.1943010688, 0.1215615869, -0.1302882433, -0.1144948602, 0.07548868660000001, 0.2445361614, 0.0860071778, 0.11677449940000001, -0.1418560743, 0.1210974455, 0.1567978263, -0.7564870119, 0.1024512053, 0.042105794, 0.2842734456, -0.2024959922, -0.1129180193, -0.0652606487, -0.3637107611, 0.0485882759, 0.07946312430000001, 0.0842608213, -0.17700803280000002, 0.0516563654, -0.4613659382, 0.028513431500000002, 0.2224681377, 0.1946336031, -0.6118318439, -0.7191624641000001, 0.1262620687, -0.2211103439, -0.16258794070000002, -0.06621313100000001, 0.0571982861]","[0.005450557, 0.036717847000000005, 0.0052109198, 0.006157544, 0.0058646128, 0.0046177176000000006, 0.0409493633, 0.0118157361, 0.078795366, 0.0761773735, 0.0051710629000000004, 0.0423610508, 0.0075725159, 0.0439047068, 0.0067030848, 0.0060445061, 0.0057013463, 0.0071523986, 0.0070532034, 0.0050983513, 0.030571755000000003, 0.0042581689, 0.0053430567, 0.0066163321, 0.0106415218, 0.0066586388, 0.0392404534, 0.0052930331, 0.0055208895, 0.0119131804, 0.046172604000000006, 0.0070001921, 0.0051536402, 0.0608290359, 0.0047143903, 0.0046386123, 0.0043257140000000005, 0.0385574661, 0.0051275394000000005, 0.0683977157, 0.0052794698000000004, 0.0047807302000000005, 0.0057289354, 0.0542650707, 0.0503077284, 0.005917494200000001, 0.0424001627, 0.0357836932, 0.0103791766, 0.0056643183]",3.4140803814,30.3889902928,0.078795366,0.0042581689,108.7966930866,62.0,1.5957542658000001,hier_k50,geometric,69.122,104
hierarchical_mixture,,matrixexponential,50,ode_transport,1024,0.005,1000,3,hier_k50|geometric,500,-7.0529020464,9.2266760662,0.0652424521,20000,7.0529020464,0.1836135834,3.1061794758,9.3716439752,-0.2107096314,0.3026707768,"[0.3800521195, 0.3366931677, 0.3231987357, 0.3266533911, 0.3717050254, 0.34578558800000003, 0.24519598480000002, 0.33256077770000003, 0.2757633626, 0.29693260790000003, 0.3302089572, 0.1836135834, 0.3608766496, 0.2260898799, 0.3893631697, 0.42161157730000004, 0.3633898199, 0.32148516180000003, 0.3240577579, 0.3460200131, 0.3874553442, 0.3541472256, 0.3990364075, 0.32353621720000003, 0.3577376008, 0.3997978568, 0.2221126109, 0.3525618911, 0.34247440100000004, 0.45329937340000004, 0.2815384865, 0.3247430027, 0.3501577675, 0.3148572147, 0.40676531200000005, 0.3940920532, 0.4271758497, 0.3141057789, 0.3673173785, 0.2614964247, 0.3442707062, 0.43420329690000004, 0.4166620076, 0.23662906890000002, 0.27713102100000003, 0.37327569720000003, 0.2618251741, 0.3158417046, 0.3425191045, 0.3474729955]","[3.0588104725, 1.6361223459, 3.0289034843, 2.3905427456, 3.0786442757, 3.0778672695, 2.2192409039, 2.2642121315, 2.0033423901, 1.9784607887, 2.4223647118000002, 1.3251167536, 2.8341548443, 1.773223877, 2.9679374695, 2.9287817478, 3.1061794758, 2.2849781513, 2.3201470375, 3.0073125362, 2.0876207352, 2.9575998783, 2.9832158089, 2.288551569, 2.6075899601, 2.9490990639, 1.425899148, 3.1047759056, 2.9837036133, 2.7439963818, 2.4710218906, 2.3242135048, 2.3900985718, 1.7494633198, 2.8640892506, 2.9842584133, 2.8007302284, 1.8040919304, 2.7795472145, 1.9846014977, 2.9587669373, 2.9558286667, 2.9617300034, 1.9216911793, 1.9951318502, 3.0614151955, 1.8844159842000001, 1.8468695879, 2.2476198673, 2.9490754604]","[8.0483973529, 4.8593868333, 9.3716439752, 7.3182854076, 8.2824930119, 8.9010860374, 9.0508859894, 6.8084160357, 7.2647155548, 6.662996034, 7.3358540372, 7.2168775791, 7.8535279223, 7.843004198, 7.6225429128, 6.9466350207, 8.5477889198, 7.1075695645, 7.1596713279, 8.6911520214, 5.3880292695, 8.3513286689, 7.476049185, 7.0735560572, 7.289113457, 7.3764754204, 6.4197126943, 8.8063287161, 8.7121945599, 6.0533866642, 8.7768529324, 7.1570857133, 6.8257762454, 5.5563704376, 7.0411344487, 7.5724907145, 6.5563870957, 5.7435808297, 7.5671541208, 7.5894020353, 8.5943035064, 6.8074763315, 7.1082314911, 8.1211120367, 7.199236819, 8.2014854387, 7.1972299481, 5.8474532051, 6.5620277465, 8.4872076347]","[0.15057927370000002, -0.5962542295000001, -0.021287202800000002, -0.2473351359, 0.13483464720000002, 0.0623005629, -0.6085322499, -0.283705771, -0.5933951735, -0.5319309235, -0.223285377, -1.4134212732, 0.0225247145, -0.9140233397, 0.1446244717, 0.2109156847, 0.1211143732, -0.3084474206, -0.28520298, 0.0397881269, -0.21212965250000002, 0.046335578, 0.1742992401, -0.3005250692, -0.0695291162, 0.1647034883, -1.1497681141, 0.0904123783, 0.021607041400000002, 0.2182129025, -0.3628543019, -0.28133946660000003, -0.1780368686, -0.5963270068000001, 0.1527314782, 0.1621804833, 0.1793206334, -0.5679681301, 0.020759105700000002, -0.6559165716, 0.018445611, 0.2495366931, 0.21029365060000002, -0.7880558968, -0.5925547481, 0.13343930240000001, -0.7064602971, -0.5390220284, -0.2615560293, 0.024423360800000002]","[0.0021573608, 0.033750847, 0.0020824356, 0.0027151727000000003, 0.002475908, 0.0017207239, 0.030248232200000003, 0.0044950228, 0.1383005977, 0.1294089854, 0.0020010686, 0.0366882533, 0.0026368091, 0.0507573523, 0.0027494654, 0.0023633584, 0.0023617393, 0.0035788657000000003, 0.0034919977, 0.0021254166, 0.0221279282, 0.0016204272, 0.0020970309, 0.0027710535, 0.0052164914, 0.0027399727, 0.0369432345, 0.0021075786, 0.00231344, 0.0045027202, 0.030657107000000003, 0.0034067673000000003, 0.002022821, 0.0866449848, 0.0017254862, 0.0016867826000000002, 0.0016451881000000002, 0.029266482200000003, 0.0021193596, 0.10010650010000001, 0.0021523128000000002, 0.0016493567, 0.0021142431, 0.0627422035, 0.053400568700000005, 0.0025213698, 0.047352775900000005, 0.023845380200000002, 0.0039523961, 0.0024384086]",2.9717614651,19.5262841887,0.1383005977,0.0016204272,260.9327571392,68.0,1.0802839994,hier_k50,geometric,69.122,104
hierarchical_mixture,,matrixexponential,50,ode_transport,1024,0.005,1000,3,hier_k50|geometric,1000,-4.4850583154,7.2588298306,0.051327678,20000,4.4850583154,0.1727727801,3.0311551094,8.9791836945,-0.40556341290000003,0.48470973970000003,"[0.3782277405, 0.28495562080000003, 0.3182098567, 0.3102938235, 0.3801739812, 0.3397908807, 0.17778088150000002, 0.31082278490000004, 0.3648992479, 0.4084707201, 0.314239949, 0.2106137425, 0.3550059497, 0.2699119747, 0.3873819113, 0.4048018157, 0.3679715395, 0.3024365902, 0.3042754233, 0.36045631770000003, 0.3178568184, 0.3526916504, 0.4066820741, 0.3025993407, 0.32641541960000003, 0.3882887363, 0.2027805895, 0.3541236222, 0.341534555, 0.375434339, 0.2748168707, 0.3041338027, 0.3279494643, 0.1727727801, 0.45315578580000004, 0.4064154327, 0.4571801126, 0.2878227532, 0.3851584196, 0.2545349002, 0.3417595029, 0.4396678805, 0.4204559922, 0.21743232010000002, 0.2432250977, 0.3854703009, 0.2171473056, 0.2737074196, 0.3076075613, 0.35361939670000003]","[2.9926946163, 0.6954070926, 2.8572647572, 2.1415789127, 2.9538631439, 3.0311551094, 0.5905883908, 2.0076549053, 1.9957996607000001, 1.9249625206, 2.2952244282, 0.6900551319, 2.6339850426, 1.842641592, 2.7329542637, 2.705612421, 2.998032093, 2.026832819, 2.0304815769, 2.7681963444, 0.7502219081, 2.8150305748, 2.8589327335, 2.0760433674, 2.5394849777, 2.7025101185000002, 0.7166816592, 3.0082404613, 2.7117934227, 2.4456551075, 1.8500840664, 2.0397763252, 2.2042725086, 1.3521047831, 2.7288703918, 2.9388535023, 2.2173030376, 1.7571597099, 2.2253851891, 1.9361735582000001, 2.6577751637, 2.8313889503, 2.8028614521, 1.6533106565, 2.1642942429, 2.9167177677000002, 1.9067629576, 1.8105529547, 2.0040726662, 2.6319618225]","[7.9124143886, 2.4404048978, 8.9791836945, 6.9017774467, 7.7697667123, 8.9206487924, 3.322001701, 6.4591625931, 5.4694540267, 4.7126083367, 7.3040504098, 3.2764012634, 7.4195518259, 6.8268241685, 7.0549351535, 6.6837951703, 8.1474564504, 6.7016785822000005, 6.6731698373, 7.6796998935, 2.3602511086, 7.9815628515, 7.0298961174, 6.860700234, 7.7799173244, 6.9600528306000005, 3.5342715056, 8.4948878667, 7.9400265166, 6.5142019606, 6.7320614697, 6.7068385935, 6.7213785916, 7.8259132172, 6.0219255218, 7.2311562649, 4.8499551414, 6.1050062598, 5.777843806, 7.6067115229, 7.7767410743, 6.4398357845, 6.666242137, 7.6037943929, 8.8983179109, 7.5666471861, 8.7809653094, 6.6149209879, 6.5150305713, 7.4429226654]","[0.12391543390000001, -1.6186797619, -0.0951794386, -0.40869224070000004, 0.1159875989, 0.0295189619, -2.2538394928, -0.4715650678, -0.31708919999999996, -0.2404285073, -0.3267677426, -1.9287133217, -0.0671227574, -0.6984591484, 0.057038903200000005, 0.0909706354, 0.0982064009, -0.4894092679, -0.48154896500000005, -0.0021885633000000002, -1.4335405827, -0.007187962500000001, 0.1507248878, -0.4648817778, -0.1876231432, 0.048174977300000005, -1.9287543297, 0.0632461309, -0.0766961575, -0.0853586197, -0.6764191985, -0.4774474502, -0.3244981766, -1.45411551, 0.2123684287, 0.17764008050000002, 0.0136137605, -0.6817117333, -0.1541705132, -0.7076037526000001, -0.0961586237, 0.2190317512, 0.1642253995, -1.0230879784, -0.6416736245, 0.11716777090000001, -0.8817723393, -0.7020632625000001, -0.48374897240000003, -0.0718045831]","[0.0009769991000000001, 0.0654490814, 0.0009285404000000001, 0.0013999244, 0.0011878071, 0.0007323846, 0.044345386300000005, 0.0020727194, 0.1088068858, 0.1027823836, 0.0008981369, 0.13248582180000001, 0.0010924281000000001, 0.032504826800000004, 0.0013461754000000002, 0.0011863013, 0.0011026332, 0.0023249711, 0.0022240658, 0.0010278721, 0.027203956600000002, 0.0007035564000000001, 0.0009603297, 0.0015382876000000001, 0.0029016002, 0.0014084802, 0.0794894248, 0.0009450936, 0.0010887068, 0.0025007301, 0.0177329201, 0.0021320002000000003, 0.0009311413, 0.10800676050000001, 0.0007452128, 0.0007197196, 0.0007617386000000001, 0.0171634983, 0.0010273462, 0.07850315420000001, 0.0009961945000000001, 0.0006851454, 0.0009286272000000001, 0.050328560200000004, 0.0502323583, 0.0012269317000000001, 0.0273161698, 0.0139034549, 0.001863335, 0.0011801932]",2.7975707054,16.4047463643,0.13248582180000001,0.0006851454,598.5756859779,,,hier_k50,geometric,69.122,104
banana,,matrixexponential,5,ode_transport,1024,0.005,1000,4,banana|geometric,0,-3.068473828,1.6270369820000001,0.0115048888,20000,3.068473828,0.5,0.5,1.0,-1.3862943649,0.419205457,"[0.5, 0.5, 0.5, 0.5, 0.5]","[0.5, 0.5, 0.5, 0.5, 0.5]","[1.0, 1.0, 1.0, 1.0, 1.0]","[-1.3862943649, -1.3862943649, -1.3862943649, -1.3862943649, -1.3862943649]","[0.200000003, 0.200000003, 0.200000003, 0.200000003, 0.200000003]",1.6094379425,5.0000001504,0.200000003,0.200000003,0.11126446720000001,44.0,1.288446188,banana,geometric,59.594,92
banana,,matrixexponential,5,ode_transport,1024,0.005,1000,4,banana|geometric,10,-2.8140059793,1.6074863323,0.0113666449,20000,2.8140059793,0.4995821714,0.5527986288,1.1061804682,-1.2867892981,0.42987257240000004,"[0.5006234646000001, 0.4998618662, 0.4998615086, 0.4995821714, 0.4997023642]","[0.5511372089000001, 0.5527346134000001, 0.5527986288, 0.5526280403, 0.5526714921]","[1.1009016715, 1.1057747165, 1.1059035739, 1.1061804682, 1.1060013554]","[-1.2876725197, -1.2863007784, -1.2861857414, -1.2870533466, -1.2867341042]","[0.1918092817, 0.2119209766, 0.2119661123, 0.1919095218, 0.19239412250000001]",1.6082561016,4.9940944362,0.2119661123,0.1918092817,0.9060721397,44.0,1.2410191298,banana,geometric,59.594,92
banana,,matrixexponential,5,ode_transport,1024,0.005,1000,4,banana|geometric,50,-1.7680898591,1.5228021718,0.0107678374,20000,1.7680898591,0.48618939520000004,0.8547132611,1.7526721612,-0.9019100428,0.4953958988,"[0.5108957291, 0.4898991883, 0.48766294120000003, 0.4879047275, 0.48618939520000004]","[0.7700506449000001, 0.8326442242000001, 0.8547132611, 0.8332241178, 0.8322750926]","[1.5072559841, 1.6996236044, 1.7526721612, 1.7077598778, 1.7118330857]","[-0.9328887463000001, -0.8967044353, -0.8751200438000001, -0.9000877142, -0.9047492743000001]","[0.1639769077, 0.25126889350000003, 0.2661240995, 0.1615092754, 0.1571208239]",1.581081152,4.8602075947,0.2661240995,0.1571208239,4.8023691177,44.0,1.0908336639,banana,geometric,59.594,92
banana,,matrixexponential,5,ode_transport,1024,0.005,1000,4,banana|geometric,100,-0.8896831267,1.2598910069,0.0089087747,20000,0.8896831267,0.44864696260000003,1.4592938423,3.1469679173,-0.5454636395,0.6213136911,"[0.6451302767, 0.5031545162000001, 0.46371424200000005, 0.4559335411, 0.44864696260000003]","[0.7789471745000001, 1.0273617506, 1.4592938423, 1.3582581282, 1.3389945030000001]","[1.2074261629, 2.0418414572, 3.1469679173, 2.9790704255000002, 2.9845170357]","[-0.6881150603, -0.6598638296, -0.3905341625, -0.4792051017, -0.5096000433]","[0.143136397, 0.2169778496, 0.3739151955, 0.1366765648, 0.1292939931]",1.5141123533,4.5453846401,0.3739151955,0.1292939931,8.8379724026,44.0,0.6882049441,banana,geometric,59.594,92
banana,,matrixexponential,5,ode_transport,1024,0.005,1000,4,banana|geometric,250,-0.27804298310000003,0.7014709782,0.0049601489,20000,0.27804298310000003,0.4196301103,1.9305908680000001,4.6006967107,-0.2580422878,0.7609952092000001,"[0.5347421169000001, 0.6504360437000001, 0.46061885360000004, 0.4196301103, 0.4269967973]","[1.8790460825, 0.9364178181, 1.6890263557, 1.9305908680000001, 1.6709079742]","[3.5139294681, 1.4396770091, 3.6668632703, 4.6006967107, 3.9131627795]","[0.004793584300000001, -0.49580579999999996, -0.25103211400000003, -0.21055549380000002, -0.33761161570000003]","[0.14160043, 0.2358855903, 0.4782881141, 0.0796385035, 0.0645873845]",1.3487238884,3.8525061647,0.4782881141,0.0645873845,24.8033502102,62.0,0.2972352207,banana,geometric,59.594,92
banana,,matrixexponential,5,ode_transport,1024,0.005,1000,4,banana|geometric,500,-0.17924147910000002,0.5899528175000001,0.0041715964,20000,0.17924147910000002,0.4011349976,2.2472202778,5.355573588,-0.2637070835,0.7431338429000001,"[0.4196040332, 0.5464196205, 0.4355548322, 0.4011349976, 0.4396484792]","[2.2472202778, 1.3544225693, 1.5886161327000001, 2.048371315, 1.5336807966000001]","[5.355573588, 2.4787224295, 3.647339015, 5.106438798, 3.4884251148]","[-0.058749795, -0.3009928763, -0.3682712913, -0.1964122653, -0.3941091895]","[0.1552427858, 0.3526233435, 0.3683822155, 0.0699480623, 0.053803663700000004]",1.3679171801,3.9271625987,0.3683822155,0.053803663700000004,59.6147551537,68.0,0.1146288812,banana,geometric,59.594,92
banana,,matrixexponential,5,ode_transport,1024,0.005,1000,4,banana|geometric,1000,-0.1083526967,0.4205195332,0.0029735221,20000,0.1083526967,0.3417086005,2.2628464699,6.5555294239,-0.3518346429,0.7677456737,"[0.3417086005, 0.6341691613, 0.3949001431, 0.3451813459, 0.46028754120000004]","[2.2301106453, 1.0868755579, 1.6425316334, 2.2628464699, 1.4057266712]","[6.5263521079, 1.7138574756, 4.1593594277, 6.5555294239, 3.0540185113]","[-0.271745801, -0.3721324205, -0.4328835905, -0.2470619082, -0.4353494942]","[0.20951434970000002, 0.3613264561, 0.2976929545, 0.08186411860000001, 0.0496020578]",1.4098680019,4.0954147816,0.3613264561,0.0496020578,124.1408102512,,,banana,geometric,59.594,92
rosenbrock,,matrixexponential,5,ode_transport,1024,0.005,1000,4,rosenbrock_extreme|geometric,0,-3.5738379546,6.5422783829,0.046260894100000005,20000,3.5738379546,0.5,0.5,1.0,-1.3862943649,0.419205457,"[0.5, 0.5, 0.5, 0.5, 0.5]","[0.5, 0.5, 0.5, 0.5, 0.5]","[1.0, 1.0, 1.0, 1.0, 1.0]","[-1.3862943649, -1.3862943649, -1.3862943649, -1.3862943649, -1.3862943649]","[0.200000003, 0.200000003, 0.200000003, 0.200000003, 0.200000003]",1.6094379425,5.0000001504,0.200000003,0.200000003,0.0216450691,44.0,4.3888401985,rosenbrock_extreme,geometric,83.222,128
rosenbrock,,matrixexponential,5,ode_transport,1024,0.005,1000,4,rosenbrock_extreme|geometric,10,-2.7888464956,4.3123011182,0.0304925736,20000,2.7888464956,0.4532120228,0.5016773939,1.1034092452,-1.4834244728000001,0.41323190930000003,"[0.4546612203, 0.4617236853, 0.4535365403, 0.4533285201, 0.4532120228]","[0.5016773939, 0.49014690520000004, 0.4998078346, 0.5000204444, 0.4998575449]","[1.1034092452, 1.0615589384, 1.1020232997, 1.1029979855, 1.1029220757]","[-1.4780006409, -1.4858387709, -1.484210968, -1.4842445850000001, -1.4848273993]","[0.2046686858, 0.2083450556, 0.1890577674, 0.1893845946, 0.2085438669]",1.60844028,4.995014325,0.2085438669,0.1890577674,0.7898619175,44.0,3.0485644341,rosenbrock_extreme,geometric,83.222,128
rosenbrock,,matrixexponential,5,ode_transport,1024,0.005,1000,4,rosenbrock_extreme|geometric,50,-1.7891291348,1.67657703,0.0118551899,20000,1.7891291348,0.3259760439,0.5125293732,1.5722915309,-1.7914078474,0.3884592056,"[0.3259760439, 0.37231194970000003, 0.34123790260000003, 0.3384815753, 0.3369015455]","[0.5125293732, 0.4364383519, 0.4901722968, 0.5055885911, 0.4920752645]","[1.5722915309, 1.1722383667, 1.4364532573, 1.4936960475, 1.4605907007]","[-1.7893285751, -1.8171312809, -1.7881736755, -1.7653175592, -1.7970881462000001]","[0.1983361244, 0.23319120710000002, 0.1665350646, 0.16576825080000002, 0.2361693829]",1.5976451635,4.9413825652,0.2361693829,0.16576825080000002,3.8617527485,44.0,0.8904950619,rosenbrock_extreme,geometric,83.222,128
rosenbrock,,matrixexponential,5,ode_transport,1024,0.005,1000,4,rosenbrock_extreme|geometric,100,-1.5269746192,1.1889982287,0.0084074871,20000,1.5269746192,0.24627046290000001,0.5296786427,2.1508005328,-2.0067267895,0.4293614924,"[0.24627046290000001, 0.2670148015, 0.2935163677, 0.2827510834, 0.2811461985]","[0.5296786427, 0.4666515291, 0.4701293409, 0.5255772471, 0.4684600532]","[2.1508005328, 1.7476616519000001, 1.6017142233000001, 1.8587983497, 1.6662507111]","[-2.0368096828, -2.0826234818, -1.9805693626, -1.9064464569000001, -2.0271849632]","[0.234939009, 0.23508493600000002, 0.15639765560000002, 0.1544656307, 0.2191128433]",1.5919820070000001,4.9134778314,0.23508493600000002,0.1544656307,8.2042019367,56.0,0.5191341639,rosenbrock_extreme,geometric,83.222,128
rosenbrock,,matrixexponential,5,ode_transport,1024,0.005,1000,4,rosenbrock_extreme|geometric,250,-1.1894175922,0.6825629483,0.0048264489,20000,1.1894175922,0.1565510035,0.7574297786,4.8382301094,-2.2101124525,0.5923734307,"[0.1565510035, 0.21710661050000002, 0.25441730020000003, 0.21201030910000002, 0.22294069830000002]","[0.7574297786, 0.4154678285, 0.4267326891, 0.6580536962, 0.4396255314]","[4.8382301094, 1.9136581216, 1.6772943065, 3.1038759339, 1.9719393312]","[-2.1321978569, -2.4057168961, -2.2203769684, -1.9695891142, -2.322681427]","[0.3358451724, 0.1919776946, 0.12433473020000001, 0.19371226430000002, 0.1541301012]",1.5486605167,4.705163472,0.3358451724,0.12433473020000001,25.5434298515,56.0,0.3477589488,rosenbrock_extreme,geometric,83.222,128
rosenbrock,,matrixexponential,5,ode_transport,1024,0.005,1000,4,rosenbrock_extreme|geometric,500,-0.9384336574000001,0.551361698,0.0038987160000000004,20000,0.9384336574000001,0.1160919517,1.0169821978,8.7601438569,-2.3236818314,0.8701096773,"[0.1160919517, 0.1898040771, 0.25232085590000003, 0.13019455970000002, 0.20473763350000002]","[1.0169821978, 0.4409883022, 0.3792766929, 0.869073391, 0.4107567072]","[8.7601438569, 2.323386878, 1.5031523715, 6.6751897545, 2.0062589385]","[-2.1365332603, -2.4804997444, -2.3465430737, -2.1790530682, -2.4757800102]","[0.3472267687, 0.20217423140000002, 0.09412603080000001, 0.25788626070000004, 0.0985866413]",1.4908249378,4.4407573571,0.3472267687,0.09412603080000001,66.3827149868,80.0,1.8028444052,rosenbrock_extreme,geometric,83.222,128
rosenbrock,,matrixexponential,5,ode_transport,1024,0.005,1000,4,rosenbrock_extreme|geometric,1000,-0.8045051125,0.5068198858,0.0035837578,20000,0.8045051125,0.0930074751,1.1695892811,12.5752180602,-2.3561564922000002,0.9236883521,"[0.0930074751, 0.1715676337, 0.2544638813, 0.10715094210000001, 0.1668677479]","[1.1695892811, 0.5014180541000001, 0.3486254811, 1.0602478981, 0.48609748480000003]","[12.5752180602, 2.922567871, 1.3700391561, 9.8949003849, 2.9130703263]","[-2.2184226513, -2.4530928135, -2.4223532677, -2.175014019, -2.5118997097]","[0.3116818368, 0.21386303010000002, 0.1078810915, 0.24472773080000002, 0.12184633310000001]",1.5344051123,4.6385652834,0.3116818368,0.1078810915,172.384376049,,,rosenbrock_extreme,geometric,83.222,128
hierarchical_mixture,,matrixexponential,5,ode_transport,1024,0.005,1000,4,hier_k5|geometric,0,-57.9840018855,16.2520580449,0.1149194045,20000,57.9840018855,0.5,0.5,1.0,-1.3862943649,0.419205457,"[0.5, 0.5, 0.5, 0.5, 0.5]","[0.5, 0.5, 0.5, 0.5, 0.5]","[1.0, 1.0, 1.0, 1.0, 1.0]","[-1.3862943649, -1.3862943649, -1.3862943649, -1.3862943649, -1.3862943649]","[0.200000003, 0.200000003, 0.200000003, 0.200000003, 0.200000003]",1.6094379425,5.0000001504,0.200000003,0.200000003,0.0355980396,44.0,11.957277298,hier_k5,geometric,86.744,134
hierarchical_mixture,,matrixexponential,5,ode_transport,1024,0.005,1000,4,hier_k5|geometric,10,-55.1424089445,16.8929460992,0.1194511674,20000,55.1424089445,0.5000264049,0.5526145697,1.1051707756,-1.2863878489,0.4387405217,"[0.5000264049, 0.5000942349, 0.5006729364, 0.5044789314, 0.5006706119000001]","[0.5526145697, 0.5524126291, 0.551738143, 0.5476264358, 0.5517557263]","[1.1051707756, 1.1046170712, 1.1019931433, 1.0855288529, 1.1020333794]","[-1.2861888409, -1.2864186764, -1.2864840031, -1.2863910198, -1.2864567041]","[0.2121596634, 0.1919484884, 0.1919982731, 0.2119726539, 0.1919209212]",1.6082321405,4.9939747738,0.2121596634,0.1919209212,1.099902153,44.0,12.1712093353,hier_k5,geometric,86.744,134
hierarchical_mixture,,matrixexponential,5,ode_transport,1024,0.005,1000,4,hier_k5|geometric,50,-42.8817969151,18.5158571773,0.1309268817,20000,42.8817969151,0.4825869799,0.8584382534,1.7604307897,-0.8906482697,0.5194067359,"[0.4891172051, 0.483941555, 0.4828047454, 0.487629652, 0.4825869799]","[0.8518185019000001, 0.8412657976, 0.8415331244, 0.8584382534, 0.8361385465000001]","[1.7415427079, 1.7383623888, 1.7430092235, 1.7604307897, 1.7326172925]","[-0.8755349517000001, -0.8986387849, -0.9006729126, -0.8708395958, -0.9075551033]","[0.2641760707, 0.1577512026, 0.1582713425, 0.26184389, 0.1579575092]",1.5771164894,4.8409766589,0.2641760707,0.1577512026,5.0920071602,44.0,13.3250799179,hier_k5,geometric,86.744,134
hierarchical_mixture,,matrixexponential,5,ode_transport,1024,0.005,1000,4,hier_k5|geometric,100,-26.7394286295,19.0797786124,0.13491440840000002,20000,26.7394286295,0.4318577945,1.7177326679,3.7423336353,-0.41034874920000003,0.6603470445,"[0.4580253661, 0.4402302206, 0.4364673793, 0.4590004086, 0.4318577945]","[1.5434302092, 1.3899126053, 1.4256420135, 1.7177326679, 1.4022436142]","[3.3697483229, 3.1572403265, 3.2663197321, 3.7423336353, 3.2470031385]","[-0.34682339430000003, -0.4912165999, -0.474419415, -0.2376989722, -0.5015853643]","[0.32810840010000003, 0.1176165864, 0.1174450144, 0.322678715, 0.11415129900000001]",1.4816433191,4.4001706274,0.32810840010000003,0.11415129900000001,10.8756678104,62.0,12.1570243835,hier_k5,geometric,86.744,134
hierarchical_mixture,,matrixexponential,5,ode_transport,1024,0.005,1000,4,hier_k5|geometric,250,-12.4498151964,14.0439229656,0.09930553160000001,20000,12.4498151964,0.3654984236,3.0439617634,8.3098464103,0.020465529,0.9827030897000001,"[0.3654984236, 0.3749715388, 0.3830707967, 0.3939329982, 0.3663078249]","[1.9793040752, 2.9968142509, 3.0191142559, 2.6823649406, 3.0439617634]","[5.415355984, 7.9921112431, 7.8813479954, 6.8091907838, 8.3098464103]","[-0.3237480521, 0.11664462090000001, 0.1454280615, 0.055124402, 0.1088786125]","[0.4388721883, 0.0560908429, 0.0610876605, 0.394626081, 0.049323283100000004]",1.2091460228,3.3506220756,0.4388721883,0.049323283100000004,31.4858720303,86.0,13.1133956909,hier_k5,geometric,86.744,134
hierarchical_mixture,,matrixexponential,5,ode_transport,1024,0.005,1000,4,hier_k5|geometric,500,-8.6197232497,10.2301079352,0.0723377869,20000,8.6197232497,0.3088932931,2.8892307281,7.7053084699,-0.0850112796,0.9999938011,"[0.3088932931, 0.38342019920000003, 0.4130449593, 0.3589816093, 0.37496626380000003]","[1.9931488037, 2.8385689259, 2.6386992931, 2.301674366, 2.8892307281]","[6.4525480092, 7.4032847829, 6.3884069607, 6.4116776628, 7.7053084699]","[-0.4850437045, 0.0846762657, 0.0860872865, -0.1908473372, 0.0800710917]","[0.5265523791, 0.030901517700000002, 0.0373671576, 0.3804951608, 0.024683825700000002]",1.0270359516,2.7927756324,0.5265523791,0.024683825700000002,78.7408649921,98.0,2.536175251,hier_k5,geometric,86.744,134
hierarchical_mixture,,matrixexponential,5,ode_transport,1024,0.005,1000,4,hier_k5|geometric,1000,-5.7917592974,8.7296703896,0.0617280913,20000,5.7917592974,0.36548629400000004,3.1374149323,8.2939008016,-0.16146740910000001,1.0,"[0.36548629400000004, 0.3968217075, 0.3983505368, 0.43134272100000004, 0.3782797754]","[1.8670060635, 3.0014984608, 2.7346966267, 0.9841140509, 3.1374149323]","[5.1082792815, 7.5638464432, 6.8650506874, 2.2815130591, 8.2939008016]","[-0.3821903467, 0.1748434901, 0.0855976343, -0.8568658233, 0.1712779999]","[0.628428936, 0.0216150228, 0.0295562353, 0.30389112230000004, 0.0165087096]",0.9085965753,2.4808384191,0.628428936,0.0165087096,179.0628359318,,,hier_k5,geometric,86.744,134
hierarchical_mixture,,matrixexponential,50,ode_transport,1024,0.005,1000,4,hier_k50|geometric,0,-55.505878285,17.2195175032,0.121760376,20000,55.505878285,0.5,0.5,1.0,-1.3862943649,0.074790597,"[0.5, 0.5, 0.5, 0.5, 0.5, 0.5, 0.5, 0.5, 0.5, 0.5, 0.5, 0.5, 0.5, 0.5, 0.5, 0.5, 0.5, 0.5, 0.5, 0.5, 0.5, 0.5, 0.5, 0.5, 0.5, 0.5, 0.5, 0.5, 0.5, 0.5, 0.5, 0.5, 0.5, 0.5, 0.5, 0.5, 0.5, 0.5, 0.5, 0.5, 0.5, 0.5, 0.5, 0.5, 0.5, 0.5, 0.5, 0.5, 0.5, 0.5]","[0.5, 0.5, 0.5, 0.5, 0.5, 0.5, 0.5, 0.5, 0.5, 0.5, 0.5, 0.5, 0.5, 0.5, 0.5, 0.5, 0.5, 0.5, 0.5, 0.5, 0.5, 0.5, 0.5, 0.5, 0.5, 0.5, 0.5, 0.5, 0.5, 0.5, 0.5, 0.5, 0.5, 0.5, 0.5, 0.5, 0.5, 0.5, 0.5, 0.5, 0.5, 0.5, 0.5, 0.5, 0.5, 0.5, 0.5, 0.5, 0.5, 0.5]","[1.0, 1.0, 1.0, 1.0, 1.0, 1.0, 1.0, 1.0, 1.0, 1.0, 1.0, 1.0, 1.0, 1.0, 1.0, 1.0, 1.0, 1.0, 1.0, 1.0, 1.0, 1.0, 1.0, 1.0, 1.0, 1.0, 1.0, 1.0, 1.0, 1.0, 1.0, 1.0, 1.0, 1.0, 1.0, 1.0, 1.0, 1.0, 1.0, 1.0, 1.0, 1.0, 1.0, 1.0, 1.0, 1.0, 1.0, 1.0, 1.0, 1.0]","[-1.3862943649, -1.3862943649, -1.3862943649, -1.3862943649, -1.3862943649, -1.3862943649, -1.3862943649, -1.3862943649, -1.3862943649, -1.3862943649, -1.3862943649, -1.3862943649, -1.3862943649, -1.3862943649, -1.3862943649, -1.3862943649, -1.3862943649, -1.3862943649, -1.3862943649, -1.3862943649, -1.3862943649, -1.3862943649, -1.3862943649, -1.3862943649, -1.3862943649, -1.3862943649, -1.3862943649, -1.3862943649, -1.3862943649, -1.3862943649, -1.3862943649, -1.3862943649, -1.3862943649, -1.3862943649, -1.3862943649, -1.3862943649, -1.3862943649, -1.3862943649, -1.3862943649, -1.3862943649, -1.3862943649, -1.3862943649, -1.3862943649, -1.3862943649, -1.3862943649, -1.3862943649, -1.3862943649, -1.3862943649, -1.3862943649, -1.3862943649]","[0.019999999600000002, 0.019999999600000002, 0.019999999600000002, 0.019999999600000002, 0.019999999600000002, 0.019999999600000002, 0.019999999600000002, 0.019999999600000002, 0.019999999600000002, 0.019999999600000002, 0.019999999600000002, 0.019999999600000002, 0.019999999600000002, 0.019999999600000002, 0.019999999600000002, 0.019999999600000002, 0.019999999600000002, 0.019999999600000002, 0.019999999600000002, 0.019999999600000002, 0.019999999600000002, 0.019999999600000002, 0.019999999600000002, 0.019999999600000002, 0.019999999600000002, 0.019999999600000002, 0.019999999600000002, 0.019999999600000002, 0.019999999600000002, 0.019999999600000002, 0.019999999600000002, 0.019999999600000002, 0.019999999600000002, 0.019999999600000002, 0.019999999600000002, 0.019999999600000002, 0.019999999600000002, 0.019999999600000002, 0.019999999600000002, 0.019999999600000002, 0.019999999600000002, 0.019999999600000002, 0.019999999600000002, 0.019999999600000002, 0.019999999600000002, 0.019999999600000002, 0.019999999600000002, 0.019999999600000002, 0.019999999600000002, 0.019999999600000002]",3.9120233059,50.0000150232,0.019999999600000002,0.019999999600000002,0.1243042946,44.0,3.792349577,hier_k50,geometric,75.554,110
hierarchical_mixture,,matrixexponential,50,ode_transport,1024,0.005,1000,4,hier_k50|geometric,10,-52.395618922,17.7850150874,0.12575904770000002,20000,52.395618922,0.4693120718,0.5527746081,1.1360031751,-1.2951907301,0.0805867463,"[0.5008263588, 0.4998955131, 0.49993440510000003, 0.5004150867, 0.4997174144, 0.5001196861, 0.47067421670000004, 0.4693120718, 0.4992687106, 0.4996626377, 0.5005800724, 0.5010395646, 0.5000332594, 0.4998005629, 0.5044614077, 0.49999091030000004, 0.4998284578, 0.4997014105, 0.49976956840000003, 0.49953711030000003, 0.49972957370000004, 0.4999580979, 0.5004946589, 0.5005722642, 0.500259459, 0.4786158204, 0.4999968708, 0.4997621179, 0.5002862215, 0.5000264049, 0.5003525615000001, 0.5041434765, 0.5000318289, 0.49957713480000004, 0.49990785120000003, 0.4996741116, 0.5000910163, 0.49992209670000004, 0.4995988309, 0.4997065067, 0.5004706383, 0.5005570650000001, 0.5003221631, 0.4806039929, 0.4999176562, 0.5234439373, 0.5003537536, 0.49995452170000004, 0.4993584156, 0.49980413910000004]","[0.5516657829, 0.5527069569, 0.5526301265, 0.5520134568, 0.5527153015, 0.5522239208, 0.485353142, 0.5331400037, 0.5521755815, 0.5527619123, 0.5519996285000001, 0.5511577129, 0.5525017977000001, 0.5525225997000001, 0.5475857258, 0.5524590611, 0.5527030826, 0.5527712107, 0.5527326465, 0.5516824722, 0.5525030494000001, 0.5525717735, 0.5518388748, 0.55171597, 0.5521749854, 0.5393192768, 0.552354455, 0.5525289178, 0.5523857474, 0.5526545048, 0.5522048473, 0.5479562283, 0.5524058342, 0.5525174737, 0.5526540875, 0.5527477860000001, 0.5522766113, 0.5525574684, 0.5478920341, 0.5527746081, 0.5519309044, 0.5519050360000001, 0.5525276661, 0.5403985977, 0.5525141358, 0.5276492834000001, 0.5520040393, 0.5524768233, 0.552359581, 0.5526659489]","[1.1015110791, 1.1056449647, 1.1054052709, 1.10311114, 1.1060557139, 1.1041835307, 1.031187018, 1.1360031751, 1.1059687293, 1.1062702524, 1.1027199423, 1.1000283248, 1.1049300967, 1.1054861494, 1.0854858617, 1.1049382094, 1.1057855428, 1.1062030225, 1.105974996, 1.1043873635, 1.1056040675, 1.1052361704, 1.1025869406, 1.1021704747, 1.1037772009, 1.1268312785, 1.1047158238, 1.1055838329, 1.104139438, 1.1052506416, 1.1036314988, 1.0869053232, 1.104741343, 1.1059703, 1.1055119182, 1.1062165784, 1.1043521946000001, 1.1052871478, 1.0966639634, 1.1061985399, 1.1028237466, 1.1025816526, 1.1043437745, 1.1244155389, 1.1052102861, 1.0080339953, 1.1032275372, 1.1050541587, 1.1061385244, 1.1057650499]","[-1.2863087654, -1.286283493, -1.2863447666, -1.2865002155, -1.2866247892, -1.286709547, -1.4764676094, -1.3854584694, -1.2885000706, -1.2866500616, -1.2861955166, -1.2868044376, -1.2863793373, -1.2868070602, -1.2865002155, -1.2865412235, -1.2864246368, -1.2865556479, -1.2864890099, -1.2888560295, -1.2869844437, -1.2864029408, -1.2866575718, -1.2867252827, -1.286518693, -1.3543045521000001, -1.2867187262, -1.2868726254, -1.2860835791, -1.2861166, -1.2862784863, -1.2864542007, -1.2865557671, -1.2872635126, -1.2863545418, -1.2866526842000001, -1.2866714001, -1.2865008116, -1.2956268787, -1.2865393162, -1.2865387201, -1.2864129543, -1.2857547998, -1.3481600285, -1.286588192, -1.2866487503, -1.2866398096, -1.2865819931, -1.2879872322, -1.2865405083]","[0.0213186778, 0.019297393, 0.019296607, 0.0192984883, 0.0213244855, 0.019393593100000002, 0.0213322565, 0.021324235900000002, 0.021329410400000002, 0.0193175413, 0.0199096035, 0.0193056855, 0.0192970447, 0.0193169303, 0.0194303691, 0.0192981139, 0.0192974415, 0.0196043104, 0.0193287749, 0.0213226788, 0.0193604995, 0.0192970615, 0.019300878, 0.021313602100000002, 0.0192984398, 0.0213287845, 0.019330157, 0.020694565, 0.0192982312, 0.0192994475, 0.019296832400000002, 0.0212796945, 0.019298287100000002, 0.0213291273, 0.019297475, 0.0193541311, 0.019300922800000002, 0.019297706, 0.021328948400000002, 0.0193147026, 0.0212431811, 0.019307199900000002, 0.021314710400000002, 0.0213313289, 0.0192988869, 0.021316109200000002, 0.0192998368, 0.0192987528, 0.0213284343, 0.019298465900000002]",3.9109582901,49.946792564,0.0213322565,0.019296607,3.7715251446,38.0,3.9784004688,hier_k50,geometric,75.554,110
hierarchical_mixture,,matrixexponential,50,ode_transport,1024,0.005,1000,4,hier_k50|geometric,50,-41.0805299228,18.545335478,0.1311353248,20000,41.0805299228,0.375066787,0.8630104661,1.8881804612,-0.93709203,0.11277657,"[0.4878623188, 0.4837347567, 0.4837684929, 0.481767714, 0.4875338376, 0.4834689796, 0.39635357260000004, 0.375066787, 0.4905493259, 0.479750216, 0.4811070263, 0.4796785712, 0.48323625330000003, 0.4853070378, 0.4826374352, 0.48214599490000004, 0.4835881889, 0.48229786750000003, 0.47824341060000003, 0.4913629889, 0.4756207168, 0.4828811884, 0.4820502102, 0.49195706840000003, 0.4818176031, 0.39114603400000003, 0.4845302403, 0.47873008250000004, 0.4822791517, 0.4856896698, 0.4839735329, 0.48784074190000004, 0.4820744991, 0.4883748591, 0.4844717383, 0.4813210666, 0.4728333354, 0.4822348654, 0.4701126218, 0.4783032835, 0.48700836300000006, 0.4753019214, 0.4883679152, 0.41733947400000004, 0.48120823500000004, 0.5837131143000001, 0.48199984430000004, 0.4810986519, 0.49074855450000004, 0.4806370139]","[0.8630104661, 0.8415912390000001, 0.8460270166, 0.8399690986, 0.8521713018, 0.8425889611, 0.4046819508, 0.6668426991, 0.8401479721, 0.8371374011, 0.8530256152, 0.8424761891, 0.8409002423, 0.8393528461, 0.8436672688, 0.8416903615, 0.8439149857, 0.8374406695000001, 0.8421203494, 0.8484131694, 0.8441407084, 0.842320621, 0.8390210271, 0.8526260853000001, 0.8403795958, 0.7385542989, 0.8390775323, 0.8575326204, 0.8460286260000001, 0.8361837268000001, 0.8381124735000001, 0.8556685448, 0.8412895203, 0.8454381227000001, 0.8421178460000001, 0.8349870443, 0.8500161171, 0.8428578377, 0.8145006299, 0.8411671519, 0.8599023819, 0.8483446836, 0.8586017489000001, 0.7643740773000001, 0.8459193707, 0.7144103646000001, 0.8395529389, 0.8466480374, 0.8450517654, 0.8468539119]","[1.7689631540000001, 1.739778313, 1.7488262030000001, 1.7435147149, 1.7479223721000001, 1.7427983939, 1.0210124969, 1.7779305504, 1.7126676721, 1.7449442922, 1.7730475103, 1.7563348452, 1.7401431218, 1.7295295158, 1.7480352895, 1.7457167962, 1.7451108299, 1.7363557376, 1.7608613747, 1.7266525735, 1.7748190493, 1.7443641236, 1.7405262134000001, 1.7331310799, 1.7441861616, 1.8881804612, 1.7317340849, 1.7912653743, 1.7542301446, 1.7216419840000001, 1.7317320401, 1.7539915618, 1.7451442086, 1.7311253989, 1.7382187223, 1.7347818374000001, 1.7977076772, 1.74781605, 1.732564905, 1.7586480817, 1.7656829887, 1.7848543116, 1.7581043355000001, 1.8315403287, 1.7579070953, 1.2239066541, 1.7418116392, 1.7598220949, 1.7219648591, 1.7619406899]","[-0.8650505543, -0.8986793756, -0.893352747, -0.9046834111000001, -0.8783633113, -0.8980441689, -1.8301024437, -1.3858523369, -0.8864066601, -0.9122567177, -0.8906312585, -0.9060488939, -0.9005318880000001, -0.8980976343, -0.8984866738, -0.9018514156, -0.8962250948, -0.9065982699, -0.9094677567, -0.8749596477, -0.9125706553, -0.899579227, -0.9052265286000001, -0.8687980175000001, -0.9040912390000001, -1.2417349815, -0.9000276327000001, -0.8903144002000001, -0.8964343071, -0.9010922909, -0.9023280144, -0.8736385107, -0.9024760723, -0.8845722675000001, -0.8965314627000001, -0.9115598202, -0.9115122557, -0.9002809525000001, -0.9599630833, -0.9104751348000001, -0.8704103827, -0.9082733393, -0.8691363335000001, -1.1425533295, -0.8987864256, -0.8746433854000001, -0.9046972394, -0.8981531858, -0.8801807761, -0.8988699913]","[0.0270885285, 0.0164077953, 0.0163148306, 0.0164008848, 0.0269331317, 0.0167616233, 0.027022684, 0.027042187800000003, 0.0271664653, 0.0165338181, 0.018893450500000002, 0.0162439663, 0.0163652804, 0.0163731612, 0.01720942, 0.016399391000000003, 0.0163449515, 0.0176725928, 0.0164476223, 0.026936925900000002, 0.016755091, 0.0163694136, 0.0163766779, 0.0270160362, 0.0164048411, 0.027112795000000002, 0.0166369863, 0.023659775, 0.016369909000000002, 0.0164693147, 0.0163300745, 0.0264786296, 0.0164021589, 0.0271643475, 0.016267797, 0.016716189700000002, 0.0164559111, 0.0163898915, 0.0270623155, 0.016452010700000002, 0.0260486007, 0.0163393244, 0.026136787600000003, 0.027140278400000002, 0.0164330099, 0.0260937251, 0.0163849108, 0.0164179634, 0.0271164272, 0.016440101000000002]",3.8841855526,48.6273219312,0.0271664653,0.0162439663,17.8457479477,38.0,4.107114315,hier_k50,geometric,75.554,110
hierarchical_mixture,,matrixexponential,50,ode_transport,1024,0.005,1000,4,hier_k50|geometric,100,-26.1840608544,17.977432382900002,0.12711964350000002,20000,26.1840608544,0.28914064170000003,1.7344062328,3.763789933,-0.49166328730000003,0.1615841985,"[0.4682848752, 0.4378478825, 0.43923890590000003, 0.43207684160000004, 0.461712867, 0.44886207580000004, 0.2994931042, 0.28914064170000003, 0.4782436788, 0.435149312, 0.4464428425, 0.4167573154, 0.4366883039, 0.4610901177, 0.4372811615, 0.4371309578, 0.43567502500000005, 0.44267925620000004, 0.4308276474, 0.49469459060000004, 0.4271559119, 0.43735906480000003, 0.4346175492, 0.48139232400000004, 0.4335524142, 0.3511835039, 0.45316109060000004, 0.43864965440000003, 0.43153828380000003, 0.4424410164, 0.4325021505, 0.4569508135, 0.43667224050000003, 0.47161063550000004, 0.4371455312, 0.4397898316, 0.4159404933, 0.4378466308, 0.4518984854, 0.43098875880000004, 0.4623528123, 0.4210571051, 0.4558469355, 0.37112686040000004, 0.4378669858, 0.5054855347, 0.4351257086, 0.43722927570000003, 0.47295594220000003, 0.43553006650000003]","[1.7344062328, 1.4101513624, 1.4378648996, 1.4334621429, 1.5543057919, 1.4510688782, 0.32191601400000003, 0.8967015147, 1.5247117281, 1.3704223633000001, 1.5369981527, 1.4847260714000001, 1.4200073481, 1.4145655632, 1.5222548246, 1.4216998816, 1.4509321451000001, 1.3751512766, 1.3871459961000001, 1.6240766048, 1.4291433096, 1.421258688, 1.4297941923, 1.6592684984000001, 1.4299479723, 1.2553284168, 1.4271627665, 1.5926008224000001, 1.4437651634, 1.3879073858, 1.4244657755, 1.7198668718, 1.4227861166, 1.5677269697, 1.4584661722, 1.3605070114, 1.4382269382, 1.4207912683, 1.6310455799, 1.384431839, 1.6619673967, 1.4202717543, 1.612522006, 1.2707328796, 1.4575411081, 1.404286027, 1.4281262159, 1.4629497528, 1.5188077688000001, 1.4525036812]","[3.7037417283, 3.2206421882, 3.2735372033, 3.3176092883, 3.3663904623, 3.2327722844, 1.074869536, 3.1012641789, 3.1881482091, 3.1493152475, 3.4427658067, 3.5625675099, 3.2517640963, 3.0678722205, 3.4811808934, 3.2523431618, 3.3303082846, 3.1064280906, 3.2197237209, 3.282988405, 3.345718202, 3.2496381173, 3.2897755625, 3.4468112926, 3.2982124549, 3.5745654423, 3.1493497479, 3.630689792, 3.3456247511, 3.1369320074, 3.2935461101, 3.763789933, 3.2582472268, 3.3241976572, 3.336340116, 3.0935390351, 3.4577709102, 3.2449519269000002, 3.6093185362, 3.2122226177, 3.5945869746, 3.3731095787, 3.5374198671, 3.4239852064, 3.3287303117, 2.7780933986, 3.2821002937, 3.3459556212, 3.2113092012, 3.3350250486]","[-0.2080132961, -0.48218670490000004, -0.4595525265, -0.47905924920000004, -0.3317830563, -0.4287391901, -2.3391284943, -1.3498743773, -0.3158295453, -0.5169470310000001, -0.3766126037, -0.48002094030000003, -0.4778735638, -0.4273392856, -0.4069862366, -0.4756692052, -0.4586524367, -0.49634608630000004, -0.5147987604, -0.218875289, -0.49353101850000003, -0.4754578471, -0.4757583439, -0.22469586130000002, -0.4781045318, -0.8190492392000001, -0.4358192086, -0.35868582130000004, -0.4731446207, -0.4876509607, -0.4843711257, -0.2409326434, -0.4759553969, -0.30197480320000003, -0.4501038194, -0.5136009455, -0.5138019919, -0.47467264530000003, -0.3050764203, -0.5163834095000001, -0.26342493300000003, -0.5141385794000001, -0.3077988029, -0.7516175508, -0.4490892589, -0.3427068293, -0.47575706240000004, -0.4468427896, -0.3308273554, -0.4579026699]","[0.034755919100000005, 0.013100015000000001, 0.0128472997, 0.0126418537, 0.0352699831, 0.0125231212, 0.0342076905, 0.0338404588, 0.0355217159, 0.0131288366, 0.0158354789, 0.012034264400000001, 0.0127242021, 0.0124120144, 0.013403234100000001, 0.0127611905, 0.012738029500000001, 0.0142450705, 0.012902439600000001, 0.0344097801, 0.0133349802, 0.0127771255, 0.0123496708, 0.0343262255, 0.0126843816, 0.034930322300000004, 0.0126332091, 0.0296426807, 0.0130217532, 0.0131121008, 0.0125188464, 0.0325287916, 0.0127351349, 0.0356853977, 0.0123768505, 0.0131980833, 0.0132831903, 0.0128079522, 0.034896526500000004, 0.0130095016, 0.0299544297, 0.012896070300000001, 0.0337307528, 0.0343704633, 0.0130753182, 0.0285732076, 0.0124498317, 0.0130449189, 0.0355437919, 0.013205871000000001]",3.7979846001,44.6111844526,0.0356853977,0.012034264400000001,36.9223701954,50.0,3.5853209496,hier_k50,geometric,75.554,110
hierarchical_mixture,,matrixexponential,50,ode_transport,1024,0.005,1000,4,hier_k50|geometric,250,-10.8821704317,13.9982475198,0.0989825575,20000,10.8821704317,0.2024509907,3.1484804153,9.3288932578,-0.1399841762,0.2766521871,"[0.3834399879, 0.3554888666, 0.356988281, 0.37936377530000004, 0.3079065979, 0.41247308250000003, 0.2024509907, 0.21254791320000002, 0.28359848260000003, 0.3759869337, 0.4044380486, 0.3298873007, 0.38227859140000003, 0.44615748520000004, 0.3901616633, 0.3729123771, 0.3468818963, 0.3923419118, 0.3721882105, 0.4639726281, 0.36545079950000003, 0.37963885070000003, 0.3663077652, 0.45610365270000003, 0.37778690460000003, 0.2237680703, 0.4207102358, 0.34431982040000003, 0.34860453010000003, 0.3646739423, 0.3846360743, 0.3778382838, 0.37241780760000004, 0.31363400820000004, 0.36289370060000004, 0.38541525600000004, 0.3421925008, 0.3741850257, 0.3077356517, 0.37063899640000003, 0.457477361, 0.35748565200000004, 0.3279339671, 0.24230024220000002, 0.3870841265, 0.3449716866, 0.36726126070000004, 0.3866619766, 0.28757816550000004, 0.3794389963]","[2.6448349953, 2.5158390999, 2.5188958645, 3.1002247334, 2.0315282345, 2.9712398052, 0.2172681689, 1.0882188082, 1.9582469463, 2.5082163811, 2.8718237877, 3.0774834156, 3.0726861954, 2.9417917728, 2.9179012775, 3.1484804153, 3.1196191311, 2.462113142, 2.5052914619, 2.5236837864, 2.5199887753, 3.0942800045, 3.1326117516, 2.6869609356, 3.1140892506, 1.8946447372, 2.9748528004, 2.3583109379, 2.4474167824, 2.45531106, 3.0047712326, 2.7087872028, 3.1479377747, 1.9712107182, 2.9427156448000003, 2.4787960052, 2.5931267738, 3.1444826126, 1.8913165331000001, 2.515519619, 2.7889113426, 2.5353038311000002, 2.0351598263, 1.9855591059, 3.0405759811, 2.1091601849, 3.1391003132, 3.0360722542, 1.9979697466, 3.0662567616]","[6.8976504244, 7.0771248736, 7.055962334, 8.1721686033, 6.5978717204, 7.2034756472, 1.0731889639, 5.1198752875, 6.9049979687, 6.6710200707, 7.1007755023, 9.3288932578, 8.0378191836, 6.5936174336, 7.4786980682, 8.4429496271, 8.9933177971, 6.2754272944, 6.7312488449, 5.4392945477, 6.8955623546, 8.1505883786, 8.5518573418, 5.8911190901, 8.2429782845, 8.4670021704, 7.0710254873, 6.8491872908, 7.0206109533, 6.7328941692, 7.8119849732, 7.1691708309, 8.4527047595, 6.2850668831, 8.1090292832, 6.4314942559, 7.5779766288, 8.4035501068, 6.1459129693, 6.786980441, 6.0962827466, 7.0920436027, 6.2060049595, 8.1946228694, 7.8550779358, 6.1140095456, 8.5473221619, 7.8520062435, 6.9475710818, 8.081026967]","[0.0140365362, -0.1116549373, -0.1062316298, 0.16221493480000002, -0.4691705108, 0.20339500900000002, -3.1238803864, -1.4640455246, -0.5881462097, -0.0586290359, 0.1496905684, 0.0151081085, 0.1609464884, 0.27193552260000003, 0.12967044120000001, 0.1605081558, 0.0789400339, -0.0346016288, -0.0699505806, 0.1577899456, -0.0823691487, 0.1610203385, 0.13758564, 0.20337557790000002, 0.162511766, -0.8581138253, 0.2243836522, -0.2082387209, -0.1587840319, -0.1104981899, 0.1447438598, 0.0232120156, 0.1590086818, -0.4808805585, 0.0656875372, -0.0456609726, -0.11951744560000001, 0.16264444590000002, -0.5412409306, -0.07004737850000001, 0.2436234355, -0.09834659100000001, -0.4043686986, -0.7316770554, 0.1629337072, -0.31800305840000004, 0.1422544718, 0.1603602767, -0.5541290045, 0.15139609580000002]","[0.0424854681, 0.0073707574000000005, 0.0075863111000000006, 0.0058334856000000004, 0.056140750600000004, 0.0052647186, 0.0490671061, 0.0467387326, 0.055482056, 0.0058593908, 0.0082378322, 0.0051207514, 0.0060937568, 0.0054430342, 0.0065094582, 0.0061580855, 0.006241664300000001, 0.0055235811, 0.0056754686000000006, 0.0466989242, 0.0053225006, 0.0062266788000000005, 0.0054960442, 0.0401307978, 0.0059286519, 0.0528629012, 0.0054579289, 0.0304964352, 0.0070558358, 0.0067835785, 0.0056923577, 0.0371028334, 0.006098853, 0.0535166226, 0.0055727484, 0.0054422310000000005, 0.0069766562, 0.0062749409, 0.047210097300000003, 0.0059160274, 0.0211781245, 0.0061216229, 0.0656166077, 0.0471886247, 0.0070190420000000005, 0.045776311300000004, 0.0056382273000000005, 0.0070057623, 0.0579626597, 0.0073969704]",3.4526240826,31.5831604868,0.0656166077,0.0051207514,109.6232430935,56.0,1.6701645851,hier_k50,geometric,75.554,110
hierarchical_mixture,,matrixexponential,50,ode_transport,1024,0.005,1000,4,hier_k50|geometric,500,-5.4802635595,8.9803762951,0.06350084980000001,20000,5.4802635595,0.1767735481,3.0489563942,9.9681624359,-0.30545425530000003,0.6874282956000001,"[0.3256195188, 0.31614586710000003, 0.3220930994, 0.3945324719, 0.2298389971, 0.420467943, 0.1767735481, 0.20015433430000001, 0.24692079420000002, 0.3466325998, 0.37848910690000004, 0.31758436560000003, 0.39969491960000003, 0.4592385292, 0.3676033318, 0.37104281780000004, 0.34022834900000004, 0.3592343032, 0.34296458960000004, 0.3252902031, 0.33831387760000003, 0.3903441131, 0.3583292961, 0.3215903342, 0.3878230453, 0.1994905174, 0.432046026, 0.2933866084, 0.3075168133, 0.3219138682, 0.42405936120000004, 0.3227428794, 0.3703996539, 0.2492331713, 0.37250337, 0.35490885380000003, 0.3181435764, 0.37323427200000003, 0.2522937357, 0.3418442309, 0.3964360058, 0.33114132290000003, 0.24914231900000003, 0.2670316994, 0.3989765048, 0.2982336879, 0.3600908816, 0.3985318244, 0.2343563288, 0.3923493624]","[2.328209877, 2.3176419735000002, 2.2414646149, 3.009213686, 1.9759093523, 2.8475916386, 0.21557581420000002, 0.6834185123000001, 1.9645441771, 2.3702011108, 2.8104860783, 2.9517774582, 2.9449985027, 2.8224556446, 2.8915803432000002, 3.0481975079, 2.9301307201, 2.3198032379, 2.3341488838, 1.0428187847000001, 2.4556055069, 2.9711103439, 3.0352618694, 1.9739006758, 3.0233695507, 1.9885538816000001, 2.8506858349, 1.9413062334, 2.2771425247, 2.3187708855, 2.863286972, 2.4669253826, 3.0489563942, 1.9201492071000001, 2.5415399075, 2.3574707508, 2.4365575314, 3.0413823128, 1.7675558329, 2.348474741, 2.6081948280000002, 2.3314754963, 2.0240488052, 1.6632469893, 2.828114748, 1.8515398502, 3.0395534039, 2.8174724579, 1.9803014994, 2.8456912041]","[7.1500931084, 7.3309260522, 6.9590581709, 7.6272902748, 8.5969281846, 6.7724345846, 1.2195026718, 3.4144577219, 7.9561714639, 6.8377905367, 7.4255401994, 9.2944671648, 7.3681159265, 6.1459469646, 7.8660341, 8.2152176551, 8.6122474186, 6.4576328514, 6.8058013994, 3.2058106109, 7.258364701, 7.6115156964, 8.4705936756, 6.1379353357, 7.7957449608000005, 9.9681624359, 6.5981068298, 6.6168876768, 7.4049366617, 7.2030785704, 6.7520899994, 7.6436245078, 8.2315314337, 7.70422812, 6.8228641989, 6.6424681317, 7.6586727259, 8.1487219715, 7.005944193, 6.8700142602, 6.5791068159, 7.0407265279, 8.1240666526, 6.22864998, 7.0884242905, 6.2083524615, 8.4410729604, 7.0696297905, 8.4499595514, 7.2529522843]","[-0.27692604060000003, -0.3110013008, -0.3257851601, 0.1716250181, -0.7893475294000001, 0.1800866127, -3.2673282623, -1.9893143177000001, -0.7234274745, -0.1965150237, 0.0617895126, -0.0646042824, 0.16305458550000002, 0.25942176580000004, 0.0610524416, 0.1231126785, -0.0030912161, -0.18229812380000002, -0.2224807739, -1.0811101198, -0.18540775780000002, 0.1482091546, 0.0839947462, -0.4544651508, 0.1591658592, -0.9245808721000001, 0.2083364725, -0.5629029274, -0.35630416870000003, -0.2924339771, 0.1940883994, -0.2279267311, 0.1216266751, -0.7369635105, -0.054739058, -0.1783049703, -0.2546662688, 0.1267631054, -0.8075635433, -0.2196340561, 0.0334177017, -0.2587087154, -0.6846310496, -0.8116162419, 0.12075752020000001, -0.5938603282, 0.0903117657, 0.1158722043, -0.7676634789, 0.11020344500000001]","[0.022130981100000002, 0.0037913956, 0.0043845647, 0.0023532747, 0.046080708500000005, 0.0016823108, 0.1427771002, 0.1484541446, 0.045282241, 0.002145431, 0.0028904064, 0.0019033849, 0.0025679946000000003, 0.0018536886, 0.0023096076, 0.0026082457, 0.0026853436, 0.0018092877000000002, 0.0020757695, 0.0490070991, 0.0017338494000000001, 0.0026675544, 0.0021648225, 0.022154066700000002, 0.0024197763, 0.0433458351, 0.0017839862, 0.0104890745, 0.0032461984, 0.0030058755, 0.0022934782, 0.0173961539, 0.0025599464, 0.0411002226, 0.002318362, 0.0018856159, 0.0029453817, 0.0027081091000000002, 0.0345485173, 0.0022136949, 0.0070516216, 0.0023774973000000002, 0.12353803220000001, 0.061536088600000004, 0.0027192694, 0.0543173589, 0.0022513212, 0.0027100532, 0.0486769006, 0.0030484064]",2.9218270779,18.5751948019,0.1484541446,0.0016823108,259.4299080372,74.0,1.7744972706,hier_k50,geometric,75.554,110
hierarchical_mixture,,matrixexponential,50,ode_transport,1024,0.005,1000,4,hier_k50|geometric,1000,-2.5448992086,4.5995260277,0.0325235604,20000,2.5448992086,0.2107409686,3.0657773018,9.4943096257,-0.41075768830000003,0.9644197822,"[0.3257980347, 0.2951209843, 0.3057121038, 0.39333587880000004, 0.2107409686, 0.4176461101, 0.22884440420000002, 0.21129344400000002, 0.25943931940000003, 0.3230796456, 0.34914428000000003, 0.30903080110000003, 0.41129755970000004, 0.44268491860000003, 0.3436852694, 0.3774580061, 0.3405770361, 0.3321079612, 0.316759795, 0.33092650770000004, 0.3237250447, 0.4030097723, 0.3584982753, 0.2692318857, 0.3871770203, 0.3243058324, 0.4300453067, 0.2648975551, 0.289062947, 0.298928529, 0.44023013110000003, 0.2994835377, 0.37535300850000003, 0.2403152734, 0.4092336297, 0.33035567400000004, 0.3033360243, 0.38299643990000004, 0.2357697934, 0.3167262375, 0.3317709863, 0.3061647415, 0.3537993729, 0.25542870160000003, 0.388659358, 0.2148368508, 0.3614265025, 0.38609200720000003, 0.2265185714, 0.3821568191]","[1.652969718, 1.9953836203, 1.9663093090000001, 3.0652873516, 1.9862401485, 2.8105528355000002, 0.2598554194, 0.6771939993, 2.0223791599, 2.2039227486, 2.7437736988, 2.9340341091, 2.9084982872, 2.749486208, 2.8488378525, 3.0300068855, 2.7835891247, 2.167443037, 2.1497783661, 0.5190089345000001, 2.3804855347, 2.9301230907, 3.0570476055, 0.8151360154, 3.0657773018, 2.1084644794, 2.8199803829, 1.8970944881, 2.0133490562, 2.0468564034, 2.829993248, 2.2573282719, 3.040607214, 1.9411466122, 1.9048897028, 2.2068052292, 2.2424721718, 3.0027184486, 1.9004986286, 2.1617321968, 2.323199749, 2.1201233864, 1.9709830284, 0.6489706635, 2.6961216927000002, 1.8148653507, 3.0532419682, 2.6730732918, 1.9967628717, 2.7045607567]","[5.073602484, 6.7612393774, 6.4318987841, 7.7930530024, 9.4250309367, 6.729507992, 1.1355113545, 3.2049929536, 7.7951914337, 6.8216081649, 7.8585669487, 9.4943096257, 7.0715184623, 6.2109326344, 8.2890891944, 8.0274012902, 8.1731556426, 6.5263206258, 6.7867778688, 1.5683510459, 7.3534178879, 7.2706005962, 8.5273704682, 3.0276355023, 7.9182832166, 6.5014695047, 6.5574029971, 7.1616156945, 6.9650886663, 6.8473103254, 6.428440599, 7.5374035227, 8.1006602986, 8.0774999636, 4.6547731284000005, 6.6800887730000005, 7.3926998189, 7.8400688246, 8.0608232347, 6.8252387729, 7.0024198763, 6.9247796983, 5.5709059408, 2.5407115934, 6.9369787115, 8.4476445465, 8.4477534086, 6.9234100738, 8.8150073506, 7.0770966825]","[-0.6189041138, -0.5295336246, -0.5089530945, 0.1870498657, -0.8708820939, 0.1602603793, -2.8223428726, -1.9443048239, -0.6449578404, -0.33961749080000003, -0.0429358482, -0.09793603420000001, 0.1791985035, 0.1965170503, -0.0211178064, 0.1342688799, -0.05337286, -0.3287470341, -0.3842468262, -1.7616931200000001, -0.2605563402, 0.1662499309, 0.0916181803, -1.516582489, 0.17142784600000002, -0.38010829690000003, 0.1928651929, -0.6880885363, -0.5413112640000001, -0.4912456274, 0.2198167443, -0.39151394370000003, 0.132168889, -0.762524724, -0.2490449548, -0.3160395622, -0.385335207, 0.1397884488, -0.8027831316, -0.3788076043, -0.2603648901, -0.43215763570000004, -0.3604928851, -1.7971798182, 0.0467622876, -0.9418650866, 0.0985074043, 0.0315492749, -0.7934010625, 0.0330152512]","[0.007652286, 0.001774416, 0.0023039072, 0.0008260021, 0.0110506127, 0.0005101622, 0.5004729629, 0.1636296213, 0.0128060598, 0.0007216493, 0.0009246616, 0.0006300935, 0.0009429458, 0.000596026, 0.000740848, 0.0009405801, 0.0009959098, 0.0005742212, 0.0007041607, 0.0483894236, 0.0005372387, 0.000988201, 0.0007326506, 0.0094125979, 0.0008537874000000001, 0.0145009011, 0.0005453147, 0.0028659604, 0.0013598861, 0.0012189511, 0.0008248992, 0.005516836000000001, 0.0009149298, 0.0108873853, 0.0009072637000000001, 0.0006141576, 0.0010878892, 0.0009977645000000001, 0.011359658100000001, 0.0007595571, 0.0021921168, 0.0008401587, 0.0578335524, 0.0663063452, 0.0009556563, 0.032294407500000004, 0.0007697879000000001, 0.0009571093, 0.0126467776, 0.0011317189]",1.9164983034,6.7971153124,0.5004729629,0.0005101622,619.3777139187,,,hier_k50,geometric,75.554,110
banana,,matrixexponential,5,ode_transport,1024,0.005,1000,5,banana|geometric,0,-2.7404724316,1.5845601556,0.0112045323,20000,2.7404724316,0.5,0.5,1.0,-1.3862943649,0.3958232701,"[0.5, 0.5, 0.5, 0.5, 0.5]","[0.5, 0.5, 0.5, 0.5, 0.5]","[1.0, 1.0, 1.0, 1.0, 1.0]","[-1.3862943649, -1.3862943649, -1.3862943649, -1.3862943649, -1.3862943649]","[0.200000003, 0.200000003, 0.200000003, 0.200000003, 0.200000003]",1.6094379425,5.0000001504,0.200000003,0.200000003,0.10310912130000001,50.0,1.1786477566,banana,geometric,57.74,98
banana,,matrixexponential,5,ode_transport,1024,0.005,1000,5,banana|geometric,10,-2.4700834898,1.5767823946,0.0111495352,20000,2.4700834898,0.4997904301,0.5526257753,1.1057149999,-1.2867954254,0.4112818837,"[0.5027043819, 0.5007858276, 0.4997904301, 0.5059247613, 0.504273653]","[0.5494208932, 0.5513917804, 0.5526257753, 0.5459432602000001, 0.5474069118]","[1.092930384, 1.1010530849, 1.1057149999, 1.0790997041000001, 1.0855354202]","[-1.2866435051, -1.2868864536, -1.2866406441, -1.2866075039, -1.2871990204000001]","[0.1919469684, 0.21208539610000002, 0.1919364184, 0.19194744530000002, 0.2120836824]",1.6082285643,4.993956914,0.21208539610000002,0.1919364184,0.9769730568,50.0,1.1614093781000001,banana,geometric,57.74,98
banana,,matrixexponential,5,ode_transport,1024,0.005,1000,5,banana|geometric,50,-1.5303422230000001,1.3923758124,0.0098455838,20000,1.5303422230000001,0.48181822900000004,0.85724473,1.7620371747,-0.901191783,0.4323543906,"[0.49542120100000003, 0.48650774360000004, 0.48181822900000004, 0.5426554084, 0.4956254661]","[0.8015472889, 0.85724473, 0.8407457471, 0.7324162722, 0.8356125355]","[1.6179107541, 1.7620371747, 1.7449438327, 1.3496894361, 1.6859757874]","[-0.9235582948000001, -0.8745342493, -0.9036543369000001, -0.9226869941, -0.8815250397000001]","[0.16129282120000002, 0.2586352229, 0.1598787159, 0.1613558084, 0.2588373721]",1.5813271999,4.8614035861,0.2588373721,0.1598787159,5.2498211861,50.0,0.9847809076,banana,geometric,57.74,98
banana,,matrixexponential,5,ode_transport,1024,0.005,1000,5,banana|geometric,100,-0.7342784618,1.0535360182,0.0074496246,20000,0.7342784618,0.443849504,1.4416670799,3.1283235653,-0.5135287821,0.4725978374,"[0.5435356498, 0.47893795370000003, 0.443849504, 0.5880802274, 0.524290204]","[0.9095223546000001, 1.4416670799, 1.3885048628, 0.9259149432, 1.2774332762]","[1.6733444347, 3.0101332934, 3.1283235653, 1.5744704551, 2.43650037]","[-0.7044956684, -0.37038409710000003, -0.4840422273, -0.6078647971000001, -0.4008571208]","[0.13004943730000001, 0.3044574261, 0.1269757152, 0.1332755834, 0.3052417636]",1.5202060938,4.5731675995,0.3052417636,0.1269757152,9.6420872211,56.0,0.5850868225,banana,geometric,57.74,98
banana,,matrixexponential,5,ode_transport,1024,0.005,1000,5,banana|geometric,250,-0.2649862573,0.6658264413,0.0047081039,20000,0.2649862573,0.4329685569,1.8824603558,4.117050548,-0.2475597918,0.5092812777,"[0.6536166072, 0.5238192081, 0.4329685569, 0.5003890991000001, 0.5620247126]","[0.9409558773000001, 1.5792338848, 1.7825534344, 1.8824603558, 1.3951551914]","[1.4396143962, 3.0148453135, 4.117050548, 3.7619931351, 2.4823733908]","[-0.4860933423, -0.1896688044, -0.2590433359, -0.059789657600000004, -0.2432038188]","[0.12827743590000001, 0.2559717894, 0.0914480314, 0.1891944408, 0.33510825040000003]",1.5123566389,4.5374112443,0.33510825040000003,0.0914480314,25.4938640594,62.0,0.20732869210000002,banana,geometric,57.74,98
banana,,matrixexponential,5,ode_transport,1024,0.005,1000,5,banana|geometric,500,-0.1685845781,0.49346946480000003,0.0034893560000000003,20000,0.1685845781,0.38581466670000003,2.0223479271,5.2417601024,-0.30879771110000004,0.6056003571,"[0.5992712975, 0.44972968100000005, 0.4377871156, 0.38581466670000003, 0.5620051622000001]","[1.0588452816, 1.7525446415000001, 1.7979440689000001, 2.0223479271, 1.236982584]","[1.766888029, 3.8968845408, 4.1068912377, 5.2417601024, 2.2010164089]","[-0.4548619092, -0.238039732, -0.2393786907, -0.2481390238, -0.3635692]","[0.16037778560000002, 0.1884520203, 0.0814326853, 0.2938070297, 0.2759305239]",1.5274224281,4.6062884678,0.2938070297,0.0814326853,57.7786998749,62.0,0.1117591187,banana,geometric,57.74,98
banana,,matrixexponential,5,ode_transport,1024,0.005,1000,5,banana|geometric,1000,-0.0960543881,0.338579621,0.0023941195000000003,20000,0.0960543881,0.3517486751,2.2184872627,6.2574649863,-0.37130713460000003,0.6871036291,"[0.5453911424, 0.3517486751, 0.3975301981, 0.35453450680000004, 0.6194977164000001]","[1.0945569277, 1.8873308897, 2.1294031143, 2.2184872627, 0.9556671977000001]","[2.0069209832, 5.3655664492, 5.356582027, 6.2574649863, 1.5426484592]","[-0.5159024, -0.4096747041, -0.16664266590000001, -0.2401241064, -0.5241917968]","[0.2006810904, 0.2226612717, 0.0794067755, 0.2550089955, 0.24224190410000002]",1.549826622,4.7106533882,0.2550089955,0.0794067755,123.3633010387,,,banana,geometric,57.74,98
rosenbrock,,matrixexponential,5,ode_transport,1024,0.005,1000,5,rosenbrock_extreme|geometric,0,-3.316423974,4.9102619973,0.0347207956,20000,3.316423974,0.5,0.5,1.0,-1.3862943649,0.3958232701,"[0.5, 0.5, 0.5, 0.5, 0.5]","[0.5, 0.5, 0.5, 0.5, 0.5]","[1.0, 1.0, 1.0, 1.0, 1.0]","[-1.3862943649, -1.3862943649, -1.3862943649, -1.3862943649, -1.3862943649]","[0.200000003, 0.200000003, 0.200000003, 0.200000003, 0.200000003]",1.6094379425,5.0000001504,0.200000003,0.200000003,0.0207190514,50.0,3.1788418293,rosenbrock_extreme,geometric,78.776,116
rosenbrock,,matrixexponential,5,ode_transport,1024,0.005,1000,5,rosenbrock_extreme|geometric,10,-2.85941435,3.8000960208,0.0268707367,20000,2.85941435,0.4530006945,0.5001274943,1.1040325112,-1.4842371225,0.3874929845,"[0.4538823366, 0.45718592410000003, 0.4530006945, 0.45387530330000003, 0.47118273380000003]","[0.5000018477, 0.49527838830000004, 0.5001274943, 0.5000786781000001, 0.4806390405]","[1.1016111609, 1.083319416, 1.1040325112, 1.1017975081, 1.020069298]","[-1.4830608368, -1.4853004217, -1.4847538471, -1.482922554, -1.485147953]","[0.20784041290000002, 0.1882796884, 0.20779623090000002, 0.2078298479, 0.1882537305]",1.6082825661,4.994226604,0.20784041290000002,0.1882537305,0.8506002426,50.0,1.8804596663,rosenbrock_extreme,geometric,78.776,116
rosenbrock,,matrixexponential,5,ode_transport,1024,0.005,1000,5,rosenbrock_extreme|geometric,50,-1.945460631,1.7816572088,0.012598218900000001,20000,1.945460631,0.3305948675,0.5073840618000001,1.5347608561000001,-1.7928046227,0.37198928000000003,"[0.3396288455, 0.3832035661, 0.3305948675, 0.3385120928, 0.3983948231]","[0.49663200970000004, 0.4288437366, 0.5073840618000001, 0.49731370810000003, 0.41025620700000004]","[1.4622786503, 1.1191016332000001, 1.5347608561000001, 1.4691165208, 1.0297729369]","[-1.779807806, -1.8058516979, -1.7853486538, -1.7817296982, -1.8112852573]","[0.22987204790000001, 0.153249681, 0.2348241955, 0.2302036136, 0.15185038750000002]",1.589992404,4.9037116795,0.2348241955,0.15185038750000002,3.9346301556,38.0,0.9433699846,rosenbrock_extreme,geometric,78.776,116
rosenbrock,,matrixexponential,5,ode_transport,1024,0.005,1000,5,rosenbrock_extreme|geometric,100,-1.5702247998,1.0069019189,0.0071198717000000005,20000,1.5702247998,0.2454918623,0.5186523795,2.1127070146,-2.0374378681,0.4567876756,"[0.26316586140000003, 0.3258041143, 0.2454918623, 0.2614492774, 0.3457819223]","[0.4989267886, 0.4081790447, 0.5186523795, 0.5001928210000001, 0.3744946122]","[1.8958644027, 1.2528357585, 2.1127070146, 1.9131543449000001, 1.0830369896]","[-2.0302667618, -2.0175085068, -2.0610127449, -2.0342764854, -2.0441248417]","[0.23269914090000002, 0.13080154360000001, 0.2714346349, 0.23460340500000001, 0.13046124580000001]",1.5651468039,4.7833771026,0.2714346349,0.13046124580000001,8.0962600708,50.0,0.5447219014,rosenbrock_extreme,geometric,78.776,116
rosenbrock,,matrixexponential,5,ode_transport,1024,0.005,1000,5,rosenbrock_extreme|geometric,250,-1.1879894061,0.5390131195,0.0038113983000000002,20000,1.1879894061,0.1531793475,0.6880627871,4.491876994,-2.278422451,0.5987073183,"[0.1868131459, 0.2714188099, 0.1531793475, 0.1756329238, 0.2827649117]","[0.5387932658, 0.37503558400000003, 0.6880627871, 0.6095317006000001, 0.34519973400000004]","[2.8841292902, 1.3817597392, 4.491876994, 3.4704865539, 1.2208011664]","[-2.296069622, -2.2848265171, -2.2500209808, -2.234423399, -2.3267717361]","[0.18407610060000001, 0.1189911216, 0.3876713812, 0.1970380247, 0.11222337930000001]",1.4977074862,4.4714265041,0.3876713812,0.11222337930000001,25.3371491432,62.0,0.2839702368,rosenbrock_extreme,geometric,78.776,116
rosenbrock,,matrixexponential,5,ode_transport,1024,0.005,1000,5,rosenbrock_extreme|geometric,500,-0.981831309,0.48542946400000003,0.0034325047,20000,0.981831309,0.11665163190000001,0.9338791966000001,7.7346376203,-2.3936861992,0.8345820904,"[0.19455502930000002, 0.22755675020000002, 0.1207398772, 0.11665163190000001, 0.23891057070000002]","[0.44258925320000003, 0.4055394232, 0.9338791966000001, 0.7505227327, 0.33836004140000003]","[2.2748795281, 1.7821463126000001, 7.7346376203, 6.4338811259, 1.4162623292]","[-2.4521534443, -2.3828928471, -2.1825251579, -2.4355487823, -2.5153107643]","[0.1441389471, 0.1474837065, 0.41216698290000003, 0.187440604, 0.1087696776]",1.4819364548,4.4014606633,0.41216698290000003,0.1087696776,67.5666790009,86.0,0.3563266695,rosenbrock_extreme,geometric,78.776,116
rosenbrock,,matrixexponential,5,ode_transport,1024,0.005,1000,5,rosenbrock_extreme|geometric,1000,-0.8339890727,0.4881687356,0.0034518742000000002,20000,0.8339890727,0.1006894782,1.0889934301,10.8153647174,-2.396331501,0.8981445432,"[0.169434458, 0.17430378500000002, 0.1006894782, 0.10469139370000001, 0.26795789600000003]","[0.47919520740000004, 0.48738127950000004, 1.0889934301, 1.0344018936, 0.2851452827]","[2.8282039732, 2.7961600465, 10.8153647174, 9.8804864213, 1.0641421171]","[-2.5109362602, -2.4656641483, -2.210460186, -2.2229149342, -2.5716819763]","[0.1578117758, 0.1772837937, 0.328977257, 0.2249039412, 0.1110232845]",1.5434296131,4.6806154754,0.328977257,0.1110232845,169.9964621067,,,rosenbrock_extreme,geometric,78.776,116
hierarchical_mixture,,matrixexponential,5,ode_transport,1024,0.005,1000,5,hier_k5|geometric,0,-60.4477522658,15.0460885603,0.1063919125,20000,60.4477522658,0.5,0.5,1.0,-1.3862943649,0.3958232701,"[0.5, 0.5, 0.5, 0.5, 0.5]","[0.5, 0.5, 0.5, 0.5, 0.5]","[1.0, 1.0, 1.0, 1.0, 1.0]","[-1.3862943649, -1.3862943649, -1.3862943649, -1.3862943649, -1.3862943649]","[0.200000003, 0.200000003, 0.200000003, 0.200000003, 0.200000003]",1.6094379425,5.0000001504,0.200000003,0.200000003,0.033313036000000004,50.0,10.8828849792,hier_k5,geometric,81.308,116
hierarchical_mixture,,matrixexponential,5,ode_transport,1024,0.005,1000,5,hier_k5|geometric,10,-57.9325511566,15.7960152772,0.1116946952,20000,57.9325511566,0.4997833967,0.5527541041,1.1059873292,-1.2864719391,0.42032000420000004,"[0.5222613215, 0.5018930435, 0.4997833967, 0.5099092722, 0.5014482141000001]","[0.5288723111, 0.5503411293, 0.5527541041, 0.5417751074, 0.5509700775]","[1.012658394, 1.0965306979, 1.1059873292, 1.0624931472, 1.0987576824]","[-1.2865954638000001, -1.2865852118, -1.2864224911, -1.2864267826, -1.2863297462]","[0.1941241473, 0.1902820319, 0.2025670558, 0.20341263710000002, 0.2096141279]",1.6088378429,4.9970005526,0.2096141279,0.1902820319,1.0849962234,50.0,11.0956058502,hier_k5,geometric,81.308,116
hierarchical_mixture,,matrixexponential,5,ode_transport,1024,0.005,1000,5,hier_k5|geometric,50,-47.1794220367,18.2246707373,0.1288678826,20000,47.1794220367,0.48459398750000005,0.8500293493000001,1.7541062649,-0.8947111368,0.4973112941,"[0.5538982153, 0.4864960015, 0.48459398750000005, 0.4891672134, 0.4916091859]","[0.726747632, 0.8290789723, 0.8500293493000001, 0.8419145346, 0.8423903584]","[1.3120598911, 1.7041845561, 1.7541062649, 1.7211180787, 1.7135366518]","[-0.9099503756, -0.9079664350000001, -0.8869282603, -0.8871276379, -0.8815829754000001]","[0.1613943279, 0.1480725557, 0.2278181165, 0.2261176407, 0.23659728470000002]",1.5913840532,4.9105406769,0.23659728470000002,0.1480725557,5.3541581631,44.0,12.0841274261,hier_k5,geometric,81.308,116
hierarchical_mixture,,matrixexponential,5,ode_transport,1024,0.005,1000,5,hier_k5|geometric,100,-30.8417288134,19.3653617207,0.1369337859,20000,30.8417288134,0.4162117541,1.6297212839,3.6936805692,-0.4175673425,0.6320123076,"[0.45985987780000004, 0.4162117541, 0.4447649121, 0.44121879340000003, 0.4417036474]","[1.3176796436, 1.441246748, 1.5617369413, 1.6297212839, 1.5457501411]","[2.8653938018000003, 3.4627728166, 3.5113762321, 3.6936805692, 3.499518626]","[-0.5009611249, -0.5110526085, -0.3644108176, -0.3298054039, -0.3816067576]","[0.1117545813, 0.0992660299, 0.2985460162, 0.2914734185, 0.19895994660000002]",1.5156773329,4.5525036432,0.2985460162,0.0992660299,11.1860091686,56.0,13.0106859207,hier_k5,geometric,81.308,116
hierarchical_mixture,,matrixexponential,5,ode_transport,1024,0.005,1000,5,hier_k5|geometric,250,-13.3623550035,15.9066617355,0.1124770838,20000,13.3623550035,0.32295581700000003,3.0032720566,9.2993279534,0.012919116000000001,0.9338591099,"[0.3700032234, 0.32295581700000003, 0.3694169223, 0.3993124366, 0.3805589378]","[2.9486472607, 3.0032720566, 2.2207119465, 2.7251024246, 2.9672954082]","[7.9692474931, 9.2993279534, 6.0113974543, 6.8244867301, 7.7972033071]","[0.08710294960000001, -0.0305373669, -0.1980015635, 0.0844948888, 0.1215366721]","[0.044074408700000005, 0.034242298500000004, 0.4585494399, 0.4019580185, 0.061175834400000004]",1.1479365826,3.1516829581,0.4585494399,0.034242298500000004,32.5904421806,80.0,4.9566426277,hier_k5,geometric,81.308,116
hierarchical_mixture,,matrixexponential,5,ode_transport,1024,0.005,1000,5,hier_k5|geometric,500,-8.0817254745,9.9255343654,0.07018412660000001,20000,8.0817254745,0.3297299743,3.0113136768,9.1326658533,-0.0801054835,0.9995293617000001,"[0.36280915140000003, 0.3297299743, 0.3506930768, 0.3621317744, 0.3968627751]","[2.8935153484000002, 3.0113136768, 1.9119057655, 2.2830739021, 2.9215545654]","[7.9753097109, 9.1326658533, 5.451792156, 6.3045390197, 7.3616240898]","[0.0485937595, -0.007104754400000001, -0.399743259, -0.1902243495, 0.14795118570000002]","[0.0173190534, 0.0165882017, 0.6387473941, 0.29630547760000003, 0.031039865700000002]",0.8927582502,2.4418556199,0.6387473941,0.0165882017,77.7832083702,86.0,2.7448327541,hier_k5,geometric,81.308,116
hierarchical_mixture,,matrixexponential,5,ode_transport,1024,0.005,1000,5,hier_k5|geometric,1000,-4.5855042089,6.866595463,0.0485541622,20000,4.5855042089,0.3289324641,2.9441003799,8.9504706925,-0.3121271849,0.9999361038000001,"[0.3611017466, 0.3289324641, 0.4124549031, 0.34251588580000003, 0.4490407705]","[2.8927483559000002, 2.9441003799, 1.8069887161, 0.6725834012, 2.6926524639]","[8.0108954981, 8.9504706925, 4.3810576682, 1.9636560785000001, 5.9964543102]","[0.043611526500000004, -0.0320994854, -0.293966651, -1.4680664539000001, 0.1898851395]","[0.0097918361, 0.009445593700000001, 0.47197201850000003, 0.4877201021, 0.0210703928]",0.8752287626,2.3994241298,0.4877201021,0.009445593700000001,173.7059051991,,,hier_k5,geometric,81.308,116
hierarchical_mixture,,matrixexponential,50,ode_transport,1024,0.005,1000,5,hier_k50|geometric,0,-57.8768665617,16.2399799935,0.1148339998,20000,57.8768665617,0.5,0.5,1.0,-1.3862943649,0.0638783798,"[0.5, 0.5, 0.5, 0.5, 0.5, 0.5, 0.5, 0.5, 0.5, 0.5, 0.5, 0.5, 0.5, 0.5, 0.5, 0.5, 0.5, 0.5, 0.5, 0.5, 0.5, 0.5, 0.5, 0.5, 0.5, 0.5, 0.5, 0.5, 0.5, 0.5, 0.5, 0.5, 0.5, 0.5, 0.5, 0.5, 0.5, 0.5, 0.5, 0.5, 0.5, 0.5, 0.5, 0.5, 0.5, 0.5, 0.5, 0.5, 0.5, 0.5]","[0.5, 0.5, 0.5, 0.5, 0.5, 0.5, 0.5, 0.5, 0.5, 0.5, 0.5, 0.5, 0.5, 0.5, 0.5, 0.5, 0.5, 0.5, 0.5, 0.5, 0.5, 0.5, 0.5, 0.5, 0.5, 0.5, 0.5, 0.5, 0.5, 0.5, 0.5, 0.5, 0.5, 0.5, 0.5, 0.5, 0.5, 0.5, 0.5, 0.5, 0.5, 0.5, 0.5, 0.5, 0.5, 0.5, 0.5, 0.5, 0.5, 0.5]","[1.0, 1.0, 1.0, 1.0, 1.0, 1.0, 1.0, 1.0, 1.0, 1.0, 1.0, 1.0, 1.0, 1.0, 1.0, 1.0, 1.0, 1.0, 1.0, 1.0, 1.0, 1.0, 1.0, 1.0, 1.0, 1.0, 1.0, 1.0, 1.0, 1.0, 1.0, 1.0, 1.0, 1.0, 1.0, 1.0, 1.0, 1.0, 1.0, 1.0, 1.0, 1.0, 1.0, 1.0, 1.0, 1.0, 1.0, 1.0, 1.0, 1.0]","[-1.3862943649, -1.3862943649, -1.3862943649, -1.3862943649, -1.3862943649, -1.3862943649, -1.3862943649, -1.3862943649, -1.3862943649, -1.3862943649, -1.3862943649, -1.3862943649, -1.3862943649, -1.3862943649, -1.3862943649, -1.3862943649, -1.3862943649, -1.3862943649, -1.3862943649, -1.3862943649, -1.3862943649, -1.3862943649, -1.3862943649, -1.3862943649, -1.3862943649, -1.3862943649, -1.3862943649, -1.3862943649, -1.3862943649, -1.3862943649, -1.3862943649, -1.3862943649, -1.3862943649, -1.3862943649, -1.3862943649, -1.3862943649, -1.3862943649, -1.3862943649, -1.3862943649, -1.3862943649, -1.3862943649, -1.3862943649, -1.3862943649, -1.3862943649, -1.3862943649, -1.3862943649, -1.3862943649, -1.3862943649, -1.3862943649, -1.3862943649]","[0.019999999600000002, 0.019999999600000002, 0.019999999600000002, 0.019999999600000002, 0.019999999600000002, 0.019999999600000002, 0.019999999600000002, 0.019999999600000002, 0.019999999600000002, 0.019999999600000002, 0.019999999600000002, 0.019999999600000002, 0.019999999600000002, 0.019999999600000002, 0.019999999600000002, 0.019999999600000002, 0.019999999600000002, 0.019999999600000002, 0.019999999600000002, 0.019999999600000002, 0.019999999600000002, 0.019999999600000002, 0.019999999600000002, 0.019999999600000002, 0.019999999600000002, 0.019999999600000002, 0.019999999600000002, 0.019999999600000002, 0.019999999600000002, 0.019999999600000002, 0.019999999600000002, 0.019999999600000002, 0.019999999600000002, 0.019999999600000002, 0.019999999600000002, 0.019999999600000002, 0.019999999600000002, 0.019999999600000002, 0.019999999600000002, 0.019999999600000002, 0.019999999600000002, 0.019999999600000002, 0.019999999600000002, 0.019999999600000002, 0.019999999600000002, 0.019999999600000002, 0.019999999600000002, 0.019999999600000002, 0.019999999600000002, 0.019999999600000002]",3.9120233059,50.0000150232,0.019999999600000002,0.019999999600000002,0.1333239079,44.0,3.6868195534,hier_k50,geometric,66.968,104
hierarchical_mixture,,matrixexponential,50,ode_transport,1024,0.005,1000,5,hier_k50|geometric,10,-55.2698971722,16.8442197948,0.1191066204,20000,55.2698971722,0.4723226726,0.5528950095,1.1358679003,-1.2889695549,0.0710468143,"[0.49969509240000004, 0.499720186, 0.5006570816, 0.49980178480000004, 0.49974429610000004, 0.500648737, 0.5076460838, 0.4996860623, 0.4998275042, 0.4999317527, 0.5000500083, 0.500731051, 0.4997751117, 0.5081266761000001, 0.49963214990000004, 0.49974763390000004, 0.4998494089, 0.4996390939, 0.49975669380000004, 0.4996982515, 0.5106197, 0.499910742, 0.4998352528, 0.5015223622, 0.5000088215, 0.49981516600000003, 0.4997093976, 0.4997754097, 0.5001065731000001, 0.4997377396, 0.4998140633, 0.4999517798, 0.5066784024000001, 0.4997973442, 0.49989199640000004, 0.5077615976000001, 0.5202844739, 0.5001330972, 0.5004298687000001, 0.4997465312, 0.4997628033, 0.5119680762000001, 0.500172317, 0.49994573000000003, 0.5250665545000001, 0.4998015463, 0.4997476637, 0.49969252940000003, 0.4997547269, 0.4723226726]","[0.5527437329, 0.5528007746, 0.551332891, 0.5527375937, 0.5528225899, 0.551741302, 0.5439774394, 0.552744627, 0.5525671244, 0.5524358153, 0.5524006486, 0.5514842868000001, 0.5527426004, 0.5435515046, 0.5526680350000001, 0.5528056622, 0.552627027, 0.5520772934, 0.5527689457, 0.5528482199, 0.5408213139, 0.5526901484, 0.5525603294, 0.5506047606, 0.5526679158, 0.5526803136, 0.5527414083000001, 0.5526468158, 0.5522683859, 0.5528950095, 0.5525990129, 0.5526175499, 0.5300806165, 0.5526998043, 0.5526303649000001, 0.5439824462, 0.5294216871, 0.5525162816, 0.551741302, 0.5528001189, 0.5527685881000001, 0.5388007164, 0.5524273515, 0.5517950058000001, 0.5260460973000001, 0.5526598692, 0.5528270006, 0.5528422594, 0.5527766943, 0.5364961624]","[1.1061620202, 1.1062206212, 1.101218601, 1.1059136052, 1.1062109047, 1.1020527194, 1.0715682771, 1.1061837995, 1.1055156424, 1.1050224603, 1.1046908098, 1.1013582755, 1.1059826461, 1.0697165297, 1.1061498647, 1.1061696437, 1.1055870373, 1.1049521548, 1.1060761217, 1.1063641272, 1.0591469814, 1.1055776599, 1.10548491, 1.0978668193, 1.1053163306, 1.1057693947, 1.1061257024, 1.1057903311, 1.1043013941, 1.1063703334, 1.1056091723, 1.1053416993, 1.0461875105, 1.1058478215, 1.1054995257, 1.0713343599, 1.0175619564, 1.1047384881, 1.1025347137000001, 1.1061609923, 1.1060618846, 1.0524107682, 1.1044740636000001, 1.1037098083, 1.0018655592, 1.1057586221, 1.1062122762, 1.1063648681, 1.1060959798, 1.1358679003]","[-1.2866179943, -1.286464572, -1.2872502804000001, -1.2864155769, -1.2863768339, -1.2865265608, -1.2868182659, -1.2866344452, -1.2866725922, -1.2867016792000001, -1.2865288258, -1.2868280411, -1.2864599228, -1.2866553068, -1.28688097, -1.286400795, -1.2865203619, -1.2879364491, -1.2864490747, -1.2864227295, -1.2867965698, -1.286283493, -1.2866693735, -1.2868452072, -1.2861275673, -1.2864924669, -1.2865935564, -1.2866326571, -1.2866551876, -1.2862589359, -1.2866418362, -1.2863327265, -1.3146049976, -1.2864928246, -1.2864291668, -1.2865815163, -1.2893495560000001, -1.2861534357, -1.2869638205, -1.2864129543, -1.2864375114, -1.2879025936, -1.2862359285, -1.2878344059, -1.2865966558, -1.2865567207, -1.2863621712, -1.2864449024, -1.286438942, -1.3727887869]","[0.019135709900000002, 0.019127305600000002, 0.0211091898, 0.019124643900000002, 0.0191226993, 0.0191418789, 0.0195108838, 0.019128758500000002, 0.0211108513, 0.0211060196, 0.021131292000000003, 0.020040560500000002, 0.0191272702, 0.021021887700000002, 0.019173013000000003, 0.019122256, 0.0191309825, 0.021129250500000002, 0.0191229023, 0.0191243123, 0.0200891625, 0.0197939184, 0.0191514138, 0.0210564472, 0.0210627597, 0.0191288758, 0.0191265997, 0.0191477686, 0.0207534097, 0.0210756939, 0.0191314332, 0.0211184788, 0.0211341307, 0.0191247519, 0.0191230085, 0.0211229306, 0.0211276021, 0.0211137608, 0.0211311262, 0.0191226956, 0.0191220455, 0.021117033400000002, 0.0211048182, 0.021133065200000002, 0.0205045883, 0.0191346202, 0.019122880000000002, 0.0191257186, 0.019122969400000002, 0.0211346969]",3.9109435081,49.9460542584,0.0211346969,0.0191220455,3.6539781094,44.0,3.8237507343,hier_k50,geometric,66.968,104
hierarchical_mixture,,matrixexponential,50,ode_transport,1024,0.005,1000,5,hier_k50|geometric,50,-43.7324008462,18.2267483457,0.12888257350000001,20000,43.7324008462,0.3761801422,0.8629561663,1.9524631826,-0.9081485426,0.0947991386,"[0.4806202054, 0.48184868690000004, 0.4861751795, 0.4795943499, 0.48215860130000004, 0.4747634828, 0.484339416, 0.48042547700000005, 0.4837858379, 0.48282226920000004, 0.4872018099, 0.48305571080000004, 0.48172625900000005, 0.6308261752000001, 0.4844000041, 0.48123988510000004, 0.4810906649, 0.4869990945, 0.4821924865, 0.479419291, 0.4922420382, 0.4808275402, 0.4815446138, 0.48188009860000003, 0.48466598990000004, 0.4814471602, 0.47971406580000003, 0.4754757881, 0.4866806269, 0.482775867, 0.48392105100000005, 0.4859323204, 0.4693181813, 0.4812274575, 0.48335585000000003, 0.5708093047, 0.5662837625, 0.48570436240000003, 0.4849477708, 0.4829323292, 0.4836325943, 0.4996233284, 0.48108637330000004, 0.48396763210000004, 0.5037549734, 0.481100589, 0.48251283170000003, 0.4799930751, 0.4821623862, 0.3761801422]","[0.8439771533, 0.8405149579000001, 0.8588502407, 0.8444673419000001, 0.8420249224, 0.8460789919, 0.8359507322, 0.846606791, 0.8530738354, 0.8554241061000001, 0.8495972753000001, 0.8412582278, 0.8388836384, 0.6535439491, 0.8381243348, 0.8424313664, 0.8382816911000001, 0.8396177292, 0.8410247564000001, 0.8492211699000001, 0.8290841579, 0.8451171517, 0.8381214142000001, 0.8629561663, 0.8597182631, 0.8382935524, 0.8489369154, 0.8439217210000001, 0.8486064076000001, 0.8542814851, 0.8381673694, 0.8548730612000001, 0.7196466923, 0.8431161642, 0.840620935, 0.7118767500000001, 0.7004554272, 0.8584545255, 0.8519369960000001, 0.8392010331, 0.8367137313, 0.8204017878000001, 0.857252121, 0.8570224643000001, 0.8113716245, 0.8386683464, 0.8425276279, 0.8472480178, 0.8413506746, 0.7344778776]","[1.7560167962, 1.7443545675, 1.7665448113, 1.760795018, 1.7463650345000001, 1.7821062961, 1.7259605652, 1.7622021135000001, 1.7633294912, 1.7717163451, 1.7438302938, 1.7415345871, 1.7414114816, 1.0360127319, 1.7302318902, 1.7505435284, 1.7424609378, 1.7240642512, 1.7441681070000001, 1.7713537729, 1.6843018140000001, 1.757630504, 1.7404854921, 1.790810969, 1.7738365825, 1.7411953411, 1.7696727612, 1.7748994630000001, 1.743661779, 1.7695198611, 1.7320332885, 1.7592430579, 1.533387627, 1.7520117587, 1.7391347079000001, 1.2471358545, 1.2369336252, 1.7674424855, 1.7567603095, 1.7377197226, 1.7300606722, 1.6420405955, 1.7819089637, 1.7708259964, 1.6106473728, 1.7432286834, 1.7461248129, 1.7651255022, 1.7449529427000001, 1.9524631826]","[-0.9023078084, -0.903865695, -0.8733469844, -0.9038638473, -0.901427865, -0.9120811224, -0.9041548967, -0.8996020555, -0.8850221634000001, -0.8842645884, -0.8820697069000001, -0.9004799128000001, -0.9060625434, -0.8860704303, -0.9014331102, -0.9028524756, -0.908100605, -0.8943015933, -0.9025460482000001, -0.8986153603, -0.8962183595000001, -0.9005266428, -0.9073486924, -0.8774513602, -0.8754458427, -0.9073457718, -0.8983354568, -0.9131348729000001, -0.8843069673, -0.8856973052, -0.9023709297, -0.8784882426, -1.0854692459, -0.9020657539, -0.9006165862000001, -0.9005506039000001, -0.9246845245, -0.874776721, -0.88395679, -0.9031837583000001, -0.9047030210000001, -0.8918619156, -0.8857316971, -0.8800284266, -0.8946943879, -0.9076188803, -0.9000965953000001, -0.8997454047000001, -0.902221024, -1.2862825394]","[0.0158466492, 0.0157632474, 0.0257316623, 0.0157623738, 0.0157716796, 0.0159083754, 0.0166636929, 0.0157750491, 0.0262674652, 0.0262389593, 0.0262710489, 0.0180815458, 0.0157705899, 0.0240168534, 0.016415026000000003, 0.0157898068, 0.0157738533, 0.026227409, 0.015766073000000002, 0.0157928318, 0.0191944577, 0.0167244319, 0.015729552100000002, 0.0255298857, 0.0256105959, 0.0157685634, 0.015719071, 0.016063436900000002, 0.0212126095, 0.026126992, 0.015685793, 0.0261759162, 0.0260307398, 0.0157088209, 0.0157213639, 0.0257317256, 0.0257080607, 0.0260079242, 0.0261689518, 0.0158033334, 0.0158425272, 0.0253713541, 0.0260263067, 0.026118744200000002, 0.0213661827, 0.0157797076, 0.0157471094, 0.0158101171, 0.0157622285, 0.0261192471]",3.8843588829,48.6357512503,0.0262710489,0.015685793,17.1971580982,38.0,4.0835571289,hier_k50,geometric,66.968,104
hierarchical_mixture,,matrixexponential,50,ode_transport,1024,0.005,1000,5,hier_k50|geometric,100,-28.0077999601,18.0192812915,0.1274155599,20000,28.0077999601,0.31007400160000004,1.7004188299,3.923364798,-0.45167635920000004,0.13157372180000002,"[0.4344192147, 0.43598818780000004, 0.45360305910000004, 0.4317497015, 0.43617248540000003, 0.4195328951, 0.430804193, 0.4381842911, 0.4494616389, 0.4464929104, 0.4523240626, 0.4346199334, 0.433049351, 0.5364679694, 0.4497348666, 0.4342221022, 0.43047511580000003, 0.4631024301, 0.43637925390000004, 0.4289293885, 0.4384625554, 0.43640673160000004, 0.4345858991, 0.44751122590000003, 0.4497355521, 0.431363374, 0.4331263602, 0.4230447412, 0.4401938319, 0.4472173452, 0.43601432440000004, 0.4484917819, 0.3690107465, 0.43352496620000003, 0.4288162291, 0.47375839950000004, 0.4618936181, 0.45414310690000004, 0.4451918602, 0.43869909640000004, 0.4410440028, 0.4487691522, 0.44333875180000004, 0.46129781010000004, 0.44175496700000005, 0.4325914979, 0.4369654953, 0.4304459095, 0.436237812, 0.31007400160000004]","[1.4445043802, 1.4029915333, 1.6755126715, 1.4202258587, 1.4056074619, 1.4116367102, 1.4949231148, 1.4424046278, 1.5792702436000001, 1.594263196, 1.5658590794, 1.4307539463, 1.408239603, 1.1884535551, 1.4184403419, 1.4091097116, 1.4123743773, 1.5240353346, 1.4077957869, 1.4589482546, 1.5317629576, 1.4195605516, 1.3996707201, 1.7004188299, 1.6140797138, 1.4104341269, 1.4595195055, 1.4030610323000001, 1.4704551697000001, 1.5653629303, 1.4103747606, 1.5920722485, 1.190742135, 1.4202145338, 1.4568550587, 1.3381472826, 1.3109989166, 1.622066617, 1.5916161537, 1.3958534002, 1.3845322132, 1.5436931849, 1.5832955837, 1.6617623568, 1.4685879946, 1.4082150459, 1.4073733091, 1.4526491165, 1.4090946913, 1.2165334225]","[3.3251392463, 3.2179576708, 3.6937860934, 3.289465757, 3.222595439, 3.3647819437, 3.4700755912, 3.2917762161, 3.5136930649, 3.5706349617, 3.4618080462, 3.2919657762, 3.2519148219, 2.2153299411, 3.1539479085, 3.2451358524, 3.2809663683, 3.2909249348, 3.2260832164, 3.4013716328, 3.493486362, 3.2528383474, 3.220699804, 3.7997232949, 3.5889529, 3.2697122934, 3.3697314218, 3.3165783564, 3.340471999, 3.5002285733, 3.2346982235, 3.5498359447, 3.2268494791, 3.2759694237, 3.397387878, 2.8245352147, 2.8383135537, 3.5717081075, 3.5751241117, 3.1818014023, 3.1392155987, 3.4398380045, 3.5712997732, 3.60236342, 3.3244402539, 3.2552998678, 3.2207881952, 3.3747541432, 3.2301067271, 3.923364798]","[-0.46597903970000004, -0.491533339, -0.2744135857, -0.4890933335, -0.48924794790000004, -0.5238635540000001, -0.4400267899, -0.4588040709, -0.34274190660000003, -0.3399200737, -0.34492182730000004, -0.4750818312, -0.4945631623, -0.4500955045, -0.4495391548, -0.4912410378, -0.4975935221, -0.3484453857, -0.4872183204, -0.4687471688, -0.3980615735, -0.4788332582, -0.49712467190000004, -0.2731790543, -0.3203305602, -0.4969069064, -0.45861849190000004, -0.5216210485, -0.43496814370000003, -0.3565928638, -0.4862247407, -0.33682844040000004, -0.822352767, -0.4849979579, -0.4704467952, -0.4557717741, -0.5016313195000001, -0.3056419194, -0.3444999754, -0.4904355407, -0.49324828390000003, -0.3670689166, -0.3539126515, -0.2658327222, -0.43269851800000003, -0.4956384599, -0.48617601390000004, -0.4695447385, -0.48662030700000003, -0.9749389887000001]","[0.01243883, 0.012041794100000001, 0.0322051607, 0.012016207000000001, 0.0122734252, 0.012113418400000001, 0.0133030061, 0.012347172, 0.034186020500000004, 0.034239728000000004, 0.0344636664, 0.0125938868, 0.0119937453, 0.0186700784, 0.0126441307, 0.0122673092, 0.0118901357, 0.0334387943, 0.0122193582, 0.0125467032, 0.0170327481, 0.0121916551, 0.0116037866, 0.034189723400000004, 0.032498594400000004, 0.0119245937, 0.0123141315, 0.0123428646, 0.0146605615, 0.0338754132, 0.0113897501, 0.0352183804, 0.0316936336, 0.0121016232, 0.0117185302, 0.030324081000000003, 0.0295599848, 0.033253118400000004, 0.0340927429, 0.0122907273, 0.0122817038, 0.0252680331, 0.033050295, 0.0339925513, 0.0194945764, 0.011877871100000001, 0.0122518279, 0.0125421332, 0.012229699600000001, 0.032842017700000004]",3.799138546,44.6626930603,0.0352183804,0.0113897501,35.8956620693,44.0,3.9004640579,hier_k50,geometric,66.968,104
hierarchical_mixture,,matrixexponential,50,ode_transport,1024,0.005,1000,5,hier_k50|geometric,250,-11.4104163979,12.9104264349,0.09129050080000001,20000,11.4104163979,0.2236476541,3.0652520657,9.5172192298,-0.0829617178,0.2128374875,"[0.3833447695, 0.3692563474, 0.4419795275, 0.3578197956, 0.3547338843, 0.3571328223, 0.3860499263, 0.3993352056, 0.3716417849, 0.371686697, 0.3347202241, 0.3637277484, 0.3708995283, 0.4070625901, 0.4182614684, 0.35418543220000004, 0.3695881367, 0.3221880198, 0.3562599421, 0.3703149855, 0.3952181637, 0.3700158596, 0.36298623680000003, 0.4089607894, 0.3351414204, 0.370921582, 0.3890109956, 0.36053875090000004, 0.3641252816, 0.36866667870000003, 0.34965947270000003, 0.33426615600000004, 0.2731845975, 0.35336691140000004, 0.3497288227, 0.2964306176, 0.3750529885, 0.32898187640000004, 0.3304888606, 0.3587588966, 0.3633604348, 0.36898219590000003, 0.3571599126, 0.4172759056, 0.3741585612, 0.36534714700000004, 0.3553932011, 0.3718970418, 0.3557866216, 0.2236476541]","[2.9753084183, 3.059417963, 2.7565014362, 2.4933166504, 2.5060606003, 2.489784956, 2.8297934532, 2.9398691654, 2.1935260296, 2.2345678806000002, 2.0037629604, 3.0137648582, 3.0503380299, 2.3718473911, 2.8997387886, 2.5169081688, 3.0492532253, 1.9473160505, 2.4446992874, 2.9970202446, 2.7896909714, 2.4521381855, 3.0463819504, 2.636523962, 2.0919468403, 3.0442893505, 2.9556534290000003, 2.489233017, 2.8969409466, 2.1685454845, 2.9761564732, 2.0642096996, 2.5999577045, 2.4276738167, 2.9206557274000002, 2.0078494549, 2.6626498699, 2.0484998226, 2.0105130672, 2.4745750427, 2.4594318867, 2.9557242393, 2.1203715801, 2.5724649429, 2.4686803818, 3.0652520657, 2.4886159897, 2.9959421158, 2.4490892887, 2.0273730755]","[7.7614425842, 8.2853496884, 6.2367174606, 6.9680791309, 7.0646214274, 6.971593762, 7.3301230244, 7.3619083029, 5.902258892, 6.0119662571, 5.9863815088, 8.2857710789, 8.2241626031, 5.8267388079, 6.9328374895, 7.1061877198, 8.2504088274, 6.0440361874, 6.8621222844, 8.0931649051, 7.0586102244, 6.627116438, 8.3925549826, 6.4468869146, 6.2419823787, 8.207366458, 7.5978660302, 6.9042038085, 7.9558907145, 5.8821304176, 8.5115854295, 6.1753475871, 9.5172192298, 6.8701220694, 8.3512010957, 6.7734212860000005, 7.0993964889, 6.2267862449, 6.0834518403, 6.8975991014, 6.7685737117, 8.0104792929, 5.9367569131, 6.1649017074, 6.5979524126, 8.3899712669, 7.0024299336, 8.0558374471, 6.883590164, 9.0650317082]","[0.1315271258, 0.12196058030000001, 0.1974705458, -0.11411201950000001, -0.11767542360000001, -0.1174511313, 0.0884150863, 0.1604110003, -0.2043145299, -0.1856561303, -0.39943337440000004, 0.0918403864, 0.12342828510000001, -0.0351191759, 0.19297212360000002, -0.11490345, 0.1195307374, -0.4661679268, -0.1381724477, 0.1042172313, 0.0976135135, -0.09724903110000001, 0.1005643606, 0.0753253698, -0.3551075459, 0.1215029359, 0.139572084, -0.10818117860000001, 0.053398132300000005, -0.22380566600000001, 0.039837122, -0.3710702658, -0.34211236240000004, -0.1533148885, 0.021210908900000002, -0.5188779235000001, -0.0013661385, -0.3946449161, -0.4087924361, -0.1190360785, -0.1124296188, 0.0867367983, -0.2779803276, 0.0708569288, -0.0793918967, 0.1132224798, -0.1228038073, 0.1081204414, -0.1377078891, -0.7909424901000001]","[0.0060914923, 0.0054400638000000005, 0.029046647300000002, 0.0056959745, 0.006658114000000001, 0.0051048975, 0.0071206889, 0.0058511863, 0.0432857275, 0.0425689183, 0.057892460400000005, 0.0045338701, 0.0053364607, 0.007956719000000001, 0.0047537610000000004, 0.006462035200000001, 0.005119632000000001, 0.0470516942, 0.0060962327, 0.0068764379, 0.011296923300000001, 0.0047280891, 0.0047752210000000005, 0.0455407798, 0.061744179600000004, 0.0051939189, 0.0062234458000000005, 0.0050425986, 0.0051277177, 0.0400365852, 0.0047527091, 0.06917047500000001, 0.039744813000000004, 0.0058234297, 0.0050733117, 0.041365128, 0.0335144624, 0.057549078000000004, 0.0551894158, 0.0063271057, 0.0060079787, 0.0090306802, 0.0384494327, 0.0447719544, 0.0080207726, 0.0051152236000000005, 0.0067427685, 0.0067871162, 0.0061923792000000005, 0.0517192446]",3.4455988407,31.362058702,0.06917047500000001,0.0045338701,108.5801079273,68.0,1.7657680511,hier_k50,geometric,66.968,104
hierarchical_mixture,,matrixexponential,50,ode_transport,1024,0.005,1000,5,hier_k50|geometric,500,-7.0111622806,9.1434627928,0.0646540454,20000,7.0111622806,0.1985158175,3.1024625301,10.0032308548,-0.2171109807,0.25574797390000004,"[0.3879387677, 0.3629205227, 0.37514612080000004, 0.3326571286, 0.3299919367, 0.33164519070000004, 0.36457973720000003, 0.409528017, 0.2851905823, 0.2967356741, 0.3017228842, 0.3494269848, 0.3752279878, 0.35830968620000003, 0.4246664047, 0.3294002116, 0.37594750520000003, 0.2475070208, 0.3279517889, 0.3772930801, 0.3648004532, 0.3459260464, 0.3515173197, 0.3619634807, 0.2786083221, 0.37839797140000003, 0.3995482624, 0.3327256739, 0.3461437523, 0.2649116218, 0.3344917297, 0.39219284060000004, 0.26921761040000003, 0.32554528120000004, 0.34400856490000004, 0.21625480060000002, 0.3136647642, 0.2554058135, 0.3248511255, 0.33100870250000003, 0.3347531557, 0.34770509600000005, 0.2499722093, 0.367459327, 0.3404932916, 0.3608928323, 0.33025795220000004, 0.37784901260000003, 0.327588886, 0.1985158175]","[2.958411932, 3.1024625301, 2.4263498783, 2.3536505699, 2.2990190983, 2.5053122044, 2.9322659969, 2.9325995445, 1.9444817305, 1.9394068718, 1.8604812622, 3.0593733788, 3.0488054752, 2.3653051853, 2.9614057541, 2.3354799747, 3.0455029011, 1.9905157089, 2.3043432236, 2.9472563267, 2.8370175362, 2.3666629791, 3.1000413895, 2.3081607819, 1.9324766397, 3.0380465984, 2.9208002090000003, 2.5378227234, 2.9711811543, 1.989836216, 3.0385086536, 1.8080034256, 1.4688335657, 2.2995698452, 2.9344258308, 2.0516178608, 2.4989807606, 1.9443901777, 1.7846051455, 2.3192818165, 2.3369090557, 2.9536600113, 2.0057473183, 2.0716612339, 2.4917635918, 3.0870511532, 2.2692494392, 2.9530427456, 2.3005490303, 1.9857995510000002]","[7.6259765162, 8.548600413, 6.4677461497, 7.0753047741, 6.9668947714, 7.554194285, 8.042866067, 7.1609253152, 6.8181835282, 6.5358062437, 6.1661920914, 8.7554010192, 8.1252080725, 6.6012873124, 6.9734872388, 7.0900985874, 8.1008727513, 8.0422595781, 7.0264694432, 7.811583308, 7.7769024446, 6.8415287139, 8.8190288669, 6.3767780587, 6.9361770132, 8.0287074142, 7.3102563175, 7.6273727048, 8.5836625223, 7.5113209545, 9.0839574899, 4.6099857992, 5.455934193, 7.0637480504, 8.5300952646, 9.4870396195, 7.9670433089, 7.6129440885, 5.4936092428, 7.0067094878, 6.9809918618, 8.4947274147, 8.0238812291, 5.6377973881, 7.3180989262, 8.5539275848, 6.8711424631, 7.8154041615, 7.0226711847, 10.0032308548]","[0.1377449036, 0.1186248064, -0.0940516591, -0.24467533830000002, -0.2762044668, -0.1852762103, 0.0667655468, 0.18313926460000002, -0.5896021724, -0.552531302, -0.5774110556000001, 0.0667494535, 0.1345284581, -0.16545057300000002, 0.22921270130000002, -0.26226443050000003, 0.1353603005, -0.7079225183000001, -0.2800929546, 0.1061416864, 0.034348607100000005, -0.2000492811, 0.0859191418, -0.1797609925, -0.6191459894, 0.1394059658, 0.1544368863, -0.1691303849, 0.028058409700000002, -0.6403066516, 0.0162237883, -0.34377843140000003, -0.9277666807, -0.2895315886, 0.009423136700000001, -0.8126692176, -0.2435475588, -0.6999531388, -0.5451910496, -0.2643530369, -0.2455327511, 0.0266445875, -0.6903888583000001, -0.2727918029, -0.1643690467, 0.10804212090000001, -0.2884321809, 0.10957545040000001, -0.2828480601, -0.9308648705]","[0.0021344512, 0.0021383956, 0.0131982192, 0.0023937318, 0.0033532146, 0.0019136061, 0.0022929648, 0.0020297742, 0.031439211200000004, 0.028051368900000002, 0.0866922215, 0.0015601269, 0.0020351259, 0.0027239695000000003, 0.0014598286, 0.0030946408, 0.0019011286, 0.0463775694, 0.0026963456, 0.0027101377000000003, 0.0037723188, 0.0017097173, 0.001776973, 0.023575268700000002, 0.1297828108, 0.0019451614, 0.0022709609, 0.0018320710000000002, 0.0017059883, 0.030181573700000002, 0.0017601154000000002, 0.13363118470000002, 0.031437989300000004, 0.0024567298000000002, 0.0019221301, 0.0473985933, 0.0166629963, 0.1086498275, 0.0746283606, 0.0029401551000000003, 0.0026236787, 0.0028770578, 0.031437698800000004, 0.026272995400000002, 0.0025011965, 0.0019180450000000002, 0.0034764444, 0.0026341032, 0.0027901123, 0.0632317439]",2.950050354,19.1069158137,0.13363118470000002,0.0014598286,255.808578968,68.0,0.9532657862,hier_k50,geometric,66.968,104
hierarchical_mixture,,matrixexponential,50,ode_transport,1024,0.005,1000,5,hier_k50|geometric,1000,-5.1343598894,8.0040713267,0.0565973311,20000,5.1343598894,0.2176368535,3.0959575176,9.3713297897,-0.363641392,0.4104943573,"[0.3926308751, 0.37154150010000003, 0.288230747, 0.3105778992, 0.3102900386, 0.3101291955, 0.3408010602, 0.404736042, 0.2648049295, 0.2760671675, 0.28348511460000003, 0.3463784158, 0.383343935, 0.32503199580000003, 0.4344255328, 0.30960172410000003, 0.3829031885, 0.3669264913, 0.3083637953, 0.36834785340000004, 0.3275289536, 0.3243585229, 0.35450744630000003, 0.3224177361, 0.2959033251, 0.3867331445, 0.38812571760000003, 0.3121781051, 0.3419685066, 0.2328202128, 0.3386604488, 0.2539175749, 0.2326150388, 0.3075989187, 0.34596267340000003, 0.2176368535, 0.27877011900000004, 0.2334768325, 0.3573497832, 0.3102318645, 0.3132698834, 0.3290575147, 0.21956953410000002, 0.3660220206, 0.3210552633, 0.3635805547, 0.3095361292, 0.373451978, 0.30782908200000003, 0.3294609189]","[2.7449841499, 3.0714821815, 1.442779541, 2.0799458027, 1.9764691591, 2.3089427948, 2.6419188976, 2.7382218838, 1.966017127, 1.9454423189, 1.8713399172, 3.0891544819, 3.0194973946, 2.1390292645, 2.8558030128, 2.0034413338, 3.0213422775, 2.074215889, 2.0539968014, 2.6488742828, 2.6145143509, 2.1777596474, 3.0948979855, 1.1694923639, 1.9980061054, 3.0058538914, 2.667668581, 2.3828883171, 2.8262534142, 2.0015003681, 2.8918883801, 1.9354977608000001, 0.7072528005000001, 2.0701787472, 2.6224608421, 2.0395467281, 2.2578866482, 2.0076007843, 1.3945508003, 2.0385291576, 2.0788600445, 2.8531689644, 2.0165410042, 0.6922895312, 2.3242099285, 3.0959575176, 1.9754017591, 2.6656656265, 2.0445399284, 2.0012273788]","[6.9912590271, 8.2668616582, 5.0056406407, 6.6970180683, 6.3697473761, 7.4450997477, 7.7520853253, 6.7654510581, 7.4243977663, 7.0469890947, 6.6011928704, 8.9184381612, 7.8767318817, 6.5809806181, 6.5737457795, 6.4710277027, 7.8906166585, 5.6529466756, 6.6609531755, 7.1912304042, 7.9825442073, 6.7140509457, 8.7301353409, 3.6272581597, 6.7522259335, 7.7724237861, 6.873207468, 7.6331051988, 8.2646599316, 8.596763759, 8.5391972709, 7.6225435032, 3.040443147, 6.7301236171, 7.5801843481, 9.3713297897, 8.0994572039, 8.5987151818, 3.9024811710000002, 6.5709857407, 6.6360035058, 8.6707303046, 9.1840655981, 1.8913876551, 7.2392830591, 8.5151900381, 6.381813212, 7.1379073717, 6.6418023764, 6.0742481552]","[0.07488989830000001, 0.13206547500000002, -0.8774223924000001, -0.43697875740000003, -0.48893576860000004, -0.33397662640000003, -0.10495090480000001, 0.1027885675, -0.6527521014000001, -0.6216216683, -0.6339409947, 0.0676739216, 0.1462677121, -0.36347949500000004, 0.2156223655, -0.4776021838, 0.14572811130000002, -0.2730105519, -0.45668751, -0.0245928168, -0.1551005244, -0.3476092219, 0.0927289724, -0.9753374457, -0.5255727768, 0.15054136510000002, 0.0347789526, -0.29586803910000004, -0.0340846777, -0.7635917068, -0.0208476782, -0.710381031, -1.8047374487, -0.4513235688, -0.09731125830000001, -0.8121997714, -0.46293854710000004, -0.7577320933, -0.6964678764000001, -0.4582067728, -0.4288704991, -0.063092351, -0.8147026896, -1.372812748, -0.2927618623, 0.1183428764, -0.4919086695, -0.0045120716000000005, -0.4630378485, -0.4165368676]","[0.0010219341, 0.0010416310000000001, 0.0120097082, 0.0013818028, 0.0023690492, 0.0009399346, 0.0010804295000000001, 0.0010454779, 0.0194261149, 0.0172612723, 0.0744178593, 0.0006878049000000001, 0.0009744308, 0.0013006593000000001, 0.000635769, 0.0020451923, 0.0008914130000000001, 0.0331198201, 0.0016728939, 0.0015260573, 0.0018926078, 0.000870077, 0.0008230594, 0.019678875800000002, 0.1080171838, 0.0009203755, 0.0012560405, 0.000865602, 0.0007373031000000001, 0.0189813748, 0.0008157972, 0.1628845036, 0.1554346681, 0.001459142, 0.0009119851000000001, 0.031058892600000002, 0.0096850023, 0.0912183449, 0.06590955700000001, 0.0019070152, 0.0015835332, 0.0013271963, 0.0201831702, 0.0596894696, 0.0010802142, 0.0008950958, 0.0025391064, 0.0014247844, 0.0017666474, 0.059334121600000005]",2.7242631912,15.2451770074,0.1628845036,0.000635769,586.2527761459,,,hier_k50,geometric,66.968,104
