target,target_Z,dim,chart,components,estimator,mc,lr,n_steps,seed,tag,step,wall_s,elbo,elbo_std,baseline_value,grad_norm,grad_norm_w,grad_norm_a,grad_norm_A
rosenbrock,1.0,2,cholesky,5,score_function,8192,0.02,1000,2,rosenbrock,0,0.02090287208557129,-5.6742448806762695,9.994040489196777,0.0,9.23671817779541,1.515507459640503,5.771040916442871,7.050906658172607
rosenbrock,1.0,2,cholesky,5,score_function,8192,0.02,1000,2,rosenbrock,1,0.004724979400634766,-4.934970855712891,8.369385719299316,0.0,8.017396926879883,1.3978807926177979,5.278432369232178,5.87049674987793
rosenbrock,1.0,2,cholesky,5,score_function,8192,0.02,1000,2,rosenbrock,2,0.0047681331634521484,-4.272623062133789,6.847509860992432,0.0,6.460970878601074,1.1360870599746704,4.319291114807129,4.668744087219238
rosenbrock,1.0,2,cholesky,5,score_function,8192,0.02,1000,2,rosenbrock,3,0.0049610137939453125,-3.9464404582977295,5.993035793304443,0.0,6.013575553894043,1.052681803703308,4.084860801696777,4.285891532897949
rosenbrock,1.0,2,cholesky,5,score_function,8192,0.02,1000,2,rosenbrock,4,0.004826068878173828,-3.4981486797332764,5.117588520050049,0.0,5.29607629776001,0.8924348950386047,3.6183202266693115,3.7629427909851074
rosenbrock,1.0,2,cholesky,5,score_function,8192,0.02,1000,2,rosenbrock,5,0.0044248104095458984,-3.102962017059326,4.411583423614502,0.0,4.538858890533447,0.762539803981781,3.131892204284668,3.195469617843628
rosenbrock,1.0,2,cholesky,5,score_function,8192,0.02,1000,2,rosenbrock,6,0.0047779083251953125,-2.812844753265381,3.5511908531188965,0.0,3.6208839416503906,0.6341371536254883,2.586073160171509,2.453751564025879
rosenbrock,1.0,2,cholesky,5,score_function,8192,0.02,1000,2,rosenbrock,7,0.004379987716674805,-2.6475741863250732,3.0286359786987305,0.0,3.1664414405822754,0.5886115431785583,2.3791515827178955,2.004875898361206
rosenbrock,1.0,2,cholesky,5,score_function,8192,0.02,1000,2,rosenbrock,8,0.00481104850769043,-2.382688522338867,2.4488024711608887,0.0,2.4181673526763916,0.4764673709869385,1.9344602823257446,1.370538592338562
rosenbrock,1.0,2,cholesky,5,score_function,8192,0.02,1000,2,rosenbrock,9,0.004522085189819336,-2.263216495513916,2.2735092639923096,0.0,2.346954107284546,0.44004735350608826,1.8639662265777588,1.3565332889556885
rosenbrock,1.0,2,cholesky,5,score_function,8192,0.02,1000,2,rosenbrock,10,0.004683971405029297,-2.1360387802124023,1.9036333560943604,0.0,1.9534332752227783,0.36983534693717957,1.5836187601089478,1.0822547674179077
rosenbrock,1.0,2,cholesky,5,score_function,8192,0.02,1000,2,rosenbrock,11,0.004731178283691406,-2.067096471786499,1.6236711740493774,0.0,1.7433812618255615,0.32689401507377625,1.496309518814087,0.8328126072883606
rosenbrock,1.0,2,cholesky,5,score_function,8192,0.02,1000,2,rosenbrock,12,0.004767179489135742,-1.9538967609405518,1.423681616783142,0.0,1.4655096530914307,0.2654753625392914,1.2781511545181274,0.666011393070221
rosenbrock,1.0,2,cholesky,5,score_function,8192,0.02,1000,2,rosenbrock,13,0.004324913024902344,-1.871497631072998,1.2708584070205688,0.0,1.298961877822876,0.23007804155349731,1.161704182624817,0.5336754322052002
rosenbrock,1.0,2,cholesky,5,score_function,8192,0.02,1000,2,rosenbrock,14,0.004668712615966797,-1.8588643074035645,1.235519528388977,0.0,1.3241832256317139,0.19860884547233582,1.1618192195892334,0.6034831404685974
rosenbrock,1.0,2,cholesky,5,score_function,8192,0.02,1000,2,rosenbrock,15,0.004425048828125,-1.823482871055603,1.1282778978347778,0.0,1.3432642221450806,0.19542212784290314,1.1807987689971924,0.6098223328590393
rosenbrock,1.0,2,cholesky,5,score_function,8192,0.02,1000,2,rosenbrock,16,0.004655122756958008,-1.7727055549621582,0.9898542165756226,0.0,1.1451681852340698,0.16693736612796783,1.0396649837493896,0.45015400648117065
rosenbrock,1.0,2,cholesky,5,score_function,8192,0.02,1000,2,rosenbrock,17,0.004615068435668945,-1.7153433561325073,0.928085207939148,0.0,1.0648645162582397,0.1410212367773056,0.9663724303245544,0.42446890473365784
rosenbrock,1.0,2,cholesky,5,score_function,8192,0.02,1000,2,rosenbrock,18,0.004560232162475586,-1.6827473640441895,0.8413484692573547,0.0,1.0165841579437256,0.10705813765525818,0.912030816078186,0.4360983371734619
rosenbrock,1.0,2,cholesky,5,score_function,8192,0.02,1000,2,rosenbrock,19,0.0045011043548583984,-1.6813267469406128,0.8724572658538818,0.0,1.0361061096191406,0.12065204232931137,0.9392602443695068,0.4204155206680298
rosenbrock,1.0,2,cholesky,5,score_function,8192,0.02,1000,2,rosenbrock,20,0.0048999786376953125,-1.6363513469696045,0.8143853545188904,0.0,0.9420172572135925,0.10410525649785995,0.8500663638114929,0.3923591375350952
rosenbrock,1.0,2,cholesky,5,score_function,8192,0.02,1000,2,rosenbrock,21,0.004812955856323242,-1.6119344234466553,0.8143187761306763,0.0,0.9336705207824707,0.09343065321445465,0.8459898233413696,0.38381314277648926
rosenbrock,1.0,2,cholesky,5,score_function,8192,0.02,1000,2,rosenbrock,22,0.004750251770019531,-1.6028482913970947,0.7910302877426147,0.0,0.9166673421859741,0.09915223717689514,0.7966393232345581,0.44250819087028503
rosenbrock,1.0,2,cholesky,5,score_function,8192,0.02,1000,2,rosenbrock,23,0.004729270935058594,-1.5613794326782227,0.7606602907180786,0.0,0.7990018725395203,0.09504721313714981,0.716421902179718,0.34074878692626953
rosenbrock,1.0,2,cholesky,5,score_function,8192,0.02,1000,2,rosenbrock,24,0.005013942718505859,-1.5600194931030273,0.727484405040741,0.0,0.8002317547798157,0.09878694266080856,0.705990731716156,0.3635781705379486
rosenbrock,1.0,2,cholesky,5,score_function,8192,0.02,1000,2,rosenbrock,25,0.004437923431396484,-1.5168046951293945,0.7642680406570435,0.0,0.7366326451301575,0.09459207952022552,0.6415241360664368,0.34946638345718384
rosenbrock,1.0,2,cholesky,5,score_function,8192,0.02,1000,2,rosenbrock,26,0.004517078399658203,-1.5169048309326172,0.7164683938026428,0.0,0.6672372221946716,0.08882970362901688,0.575668454170227,0.32545456290245056
rosenbrock,1.0,2,cholesky,5,score_function,8192,0.02,1000,2,rosenbrock,27,0.004434108734130859,-1.4811488389968872,0.6994340419769287,0.0,0.6932368278503418,0.09106112271547318,0.5761158466339111,0.37466734647750854
rosenbrock,1.0,2,cholesky,5,score_function,8192,0.02,1000,2,rosenbrock,28,0.004562854766845703,-1.4686765670776367,0.6883732080459595,0.0,0.6304832696914673,0.08850466459989548,0.5030134320259094,0.3696669042110443
rosenbrock,1.0,2,cholesky,5,score_function,8192,0.02,1000,2,rosenbrock,29,0.004639148712158203,-1.4717687368392944,0.7178791165351868,0.0,0.6102065443992615,0.09383677691221237,0.48932746052742004,0.352285772562027
rosenbrock,1.0,2,cholesky,5,score_function,8192,0.02,1000,2,rosenbrock,30,0.0045278072357177734,-1.4621009826660156,0.6833630800247192,0.0,0.6094592809677124,0.08969756960868835,0.4516617953777313,0.3992449939250946
rosenbrock,1.0,2,cholesky,5,score_function,8192,0.02,1000,2,rosenbrock,31,0.004374027252197266,-1.4425935745239258,0.6689857840538025,0.0,0.5743698477745056,0.0992315337061882,0.4403572082519531,0.35516107082366943
rosenbrock,1.0,2,cholesky,5,score_function,8192,0.02,1000,2,rosenbrock,32,0.004374027252197266,-1.4361717700958252,0.6711462140083313,0.0,0.609584629535675,0.10282653570175171,0.44141829013824463,0.4076395034790039
rosenbrock,1.0,2,cholesky,5,score_function,8192,0.02,1000,2,rosenbrock,33,0.0045909881591796875,-1.432246446609497,0.6692052483558655,0.0,0.5576966404914856,0.0946204736828804,0.4322492182254791,0.3394600749015808
rosenbrock,1.0,2,cholesky,5,score_function,8192,0.02,1000,2,rosenbrock,34,0.0045850276947021484,-1.4130808115005493,0.669732391834259,0.0,0.6627135276794434,0.10505189746618271,0.47051098942756653,0.45472267270088196
rosenbrock,1.0,2,cholesky,5,score_function,8192,0.02,1000,2,rosenbrock,35,0.004586935043334961,-1.4056220054626465,0.6731939911842346,0.0,0.7070996761322021,0.09566057473421097,0.4291062355041504,0.5538111925125122
rosenbrock,1.0,2,cholesky,5,score_function,8192,0.02,1000,2,rosenbrock,36,0.004434108734130859,-1.4094996452331543,0.6700412034988403,0.0,0.6257035136222839,0.10484853386878967,0.4462490379810333,0.4258795976638794
rosenbrock,1.0,2,cholesky,5,score_function,8192,0.02,1000,2,rosenbrock,37,0.00468897819519043,-1.387466311454773,0.6645403504371643,0.0,0.6334608793258667,0.10472768545150757,0.43422892689704895,0.4491659998893738
rosenbrock,1.0,2,cholesky,5,score_function,8192,0.02,1000,2,rosenbrock,38,0.004415273666381836,-1.3702815771102905,0.6289921402931213,0.0,0.5475428104400635,0.10147275030612946,0.3569728434085846,0.4025876522064209
rosenbrock,1.0,2,cholesky,5,score_function,8192,0.02,1000,2,rosenbrock,39,0.004393815994262695,-1.3623969554901123,0.6495268940925598,0.0,0.5845372676849365,0.10390206426382065,0.38267913460731506,0.4294704496860504
rosenbrock,1.0,2,cholesky,5,score_function,8192,0.02,1000,2,rosenbrock,40,0.004339933395385742,-1.3572927713394165,0.6068732142448425,0.0,0.5276845693588257,0.10964112728834152,0.37703806161880493,0.35252252221107483
rosenbrock,1.0,2,cholesky,5,score_function,8192,0.02,1000,2,rosenbrock,41,0.004769802093505859,-1.329351782798767,0.6493232846260071,0.0,0.45584309101104736,0.0920746773481369,0.3500780165195465,0.2770569622516632
rosenbrock,1.0,2,cholesky,5,score_function,8192,0.02,1000,2,rosenbrock,42,0.004380941390991211,-1.315195918083191,0.5980877876281738,0.0,0.4932548701763153,0.10755810886621475,0.32354623079299927,0.356440007686615
rosenbrock,1.0,2,cholesky,5,score_function,8192,0.02,1000,2,rosenbrock,43,0.004275083541870117,-1.3027682304382324,0.5902851223945618,0.0,0.44788846373558044,0.09546978771686554,0.30646857619285583,0.31235653162002563
rosenbrock,1.0,2,cholesky,5,score_function,8192,0.02,1000,2,rosenbrock,44,0.004266977310180664,-1.291670799255371,0.5301612615585327,0.0,0.4253939986228943,0.09485697001218796,0.34407153725624084,0.23146705329418182
rosenbrock,1.0,2,cholesky,5,score_function,8192,0.02,1000,2,rosenbrock,45,0.0044400691986083984,-1.2845966815948486,0.6076169610023499,0.0,0.46009859442710876,0.08811506628990173,0.30855920910835266,0.32972362637519836
rosenbrock,1.0,2,cholesky,5,score_function,8192,0.02,1000,2,rosenbrock,46,0.004359006881713867,-1.2733650207519531,0.5464410781860352,0.0,0.4729025363922119,0.08788034319877625,0.41603124141693115,0.20695860683918
rosenbrock,1.0,2,cholesky,5,score_function,8192,0.02,1000,2,rosenbrock,47,0.004559755325317383,-1.2519389390945435,0.5502560138702393,0.0,0.459160178899765,0.08935265988111496,0.3880382180213928,0.22862748801708221
rosenbrock,1.0,2,cholesky,5,score_function,8192,0.02,1000,2,rosenbrock,48,0.004305124282836914,-1.2473760843276978,0.6258345246315002,0.0,0.444763720035553,0.09609904140233994,0.3564443290233612,0.24804668128490448
rosenbrock,1.0,2,cholesky,5,score_function,8192,0.02,1000,2,rosenbrock,49,0.0042951107025146484,-1.2365643978118896,0.5282576084136963,0.0,0.49083587527275085,0.07736463844776154,0.42242178320884705,0.23768554627895355
rosenbrock,1.0,2,cholesky,5,score_function,8192,0.02,1000,2,rosenbrock,50,0.004366159439086914,-1.2285407781600952,0.5837926864624023,0.0,0.4835984706878662,0.07754535228013992,0.4039916396141052,0.254253625869751
rosenbrock,1.0,2,cholesky,5,score_function,8192,0.02,1000,2,rosenbrock,51,0.004261016845703125,-1.2311755418777466,0.5281220078468323,0.0,0.4794292747974396,0.08284102380275726,0.4466632902622223,0.15323743224143982
rosenbrock,1.0,2,cholesky,5,score_function,8192,0.02,1000,2,rosenbrock,52,0.004519224166870117,-1.2241394519805908,0.5496519207954407,0.0,0.45547136664390564,0.08485028892755508,0.41628497838974,0.16419926285743713
rosenbrock,1.0,2,cholesky,5,score_function,8192,0.02,1000,2,rosenbrock,53,0.004311800003051758,-1.2149710655212402,0.6987302899360657,0.0,0.5110684633255005,0.08520518243312836,0.3940398097038269,0.3141077756881714
rosenbrock,1.0,2,cholesky,5,score_function,8192,0.02,1000,2,rosenbrock,54,0.004467010498046875,-1.20197594165802,0.5793736577033997,0.0,0.4325885474681854,0.07336323708295822,0.40502893924713135,0.13304974138736725
rosenbrock,1.0,2,cholesky,5,score_function,8192,0.02,1000,2,rosenbrock,55,0.004287004470825195,-1.1950645446777344,0.5641017556190491,0.0,0.3973895311355591,0.06751377880573273,0.36334967613220215,0.1460730880498886
rosenbrock,1.0,2,cholesky,5,score_function,8192,0.02,1000,2,rosenbrock,56,0.004242897033691406,-1.1833574771881104,0.5775846838951111,0.0,0.364450603723526,0.0654010996222496,0.3039650022983551,0.1901373416185379
rosenbrock,1.0,2,cholesky,5,score_function,8192,0.02,1000,2,rosenbrock,57,0.004240751266479492,-1.183327078819275,0.5470081567764282,0.0,0.3312239646911621,0.0714699923992157,0.30755454301834106,0.10005775839090347
rosenbrock,1.0,2,cholesky,5,score_function,8192,0.02,1000,2,rosenbrock,58,0.0043048858642578125,-1.1656591892242432,0.609289824962616,0.0,0.3397141993045807,0.06528095155954361,0.2888307571411133,0.16649602353572845
rosenbrock,1.0,2,cholesky,5,score_function,8192,0.02,1000,2,rosenbrock,59,0.004229068756103516,-1.1622614860534668,0.6283683180809021,0.0,0.39897793531417847,0.0664922222495079,0.3219321668148041,0.22610144317150116
rosenbrock,1.0,2,cholesky,5,score_function,8192,0.02,1000,2,rosenbrock,60,0.0042209625244140625,-1.1692585945129395,0.6494359970092773,0.0,0.4105474054813385,0.051089026033878326,0.3370540738105774,0.22876545786857605
rosenbrock,1.0,2,cholesky,5,score_function,8192,0.02,1000,2,rosenbrock,61,0.004225015640258789,-1.1548779010772705,0.5671188235282898,0.0,0.3214482069015503,0.06564262509346008,0.2974383234977722,0.10271534323692322
rosenbrock,1.0,2,cholesky,5,score_function,8192,0.02,1000,2,rosenbrock,62,0.004235982894897461,-1.1365545988082886,0.5886029601097107,0.0,0.3681199550628662,0.06031276658177376,0.3142823874950409,0.18193744122982025
rosenbrock,1.0,2,cholesky,5,score_function,8192,0.02,1000,2,rosenbrock,63,0.004235029220581055,-1.146531105041504,0.645433783531189,0.0,0.378872811794281,0.05219306796789169,0.3328145742416382,0.17336367070674896
rosenbrock,1.0,2,cholesky,5,score_function,8192,0.02,1000,2,rosenbrock,64,0.004323720932006836,-1.1387337446212769,0.541871190071106,0.0,0.3639170229434967,0.04300800710916519,0.33625444769859314,0.13235874474048615
rosenbrock,1.0,2,cholesky,5,score_function,8192,0.02,1000,2,rosenbrock,65,0.00415492057800293,-1.1321966648101807,0.6597956418991089,0.0,0.3215847611427307,0.04624480381608009,0.2969636023044586,0.11441502720117569
rosenbrock,1.0,2,cholesky,5,score_function,8192,0.02,1000,2,rosenbrock,66,0.004165172576904297,-1.1179276704788208,0.5864477157592773,0.0,0.3383168876171112,0.037785064429044724,0.299551784992218,0.1526411771774292
rosenbrock,1.0,2,cholesky,5,score_function,8192,0.02,1000,2,rosenbrock,67,0.0042188167572021484,-1.1121875047683716,0.6045600175857544,0.0,0.33777114748954773,0.048017580062150955,0.29708564281463623,0.15337470173835754
rosenbrock,1.0,2,cholesky,5,score_function,8192,0.02,1000,2,rosenbrock,68,0.004228830337524414,-1.1086105108261108,0.5065398216247559,0.0,0.2717868685722351,0.053080666810274124,0.2391996830701828,0.11761824786663055
rosenbrock,1.0,2,cholesky,5,score_function,8192,0.02,1000,2,rosenbrock,69,0.004210948944091797,-1.1149214506149292,0.588791012763977,0.0,0.3160361051559448,0.043729204684495926,0.28915831446647644,0.11980833858251572
rosenbrock,1.0,2,cholesky,5,score_function,8192,0.02,1000,2,rosenbrock,70,0.004204988479614258,-1.1151971817016602,0.5348944664001465,0.0,0.33432650566101074,0.04098067060112953,0.32209014892578125,0.07970406115055084
rosenbrock,1.0,2,cholesky,5,score_function,8192,0.02,1000,2,rosenbrock,71,0.004235029220581055,-1.0949047803878784,0.5357778072357178,0.0,0.33211836218833923,0.03191572055220604,0.29126814007759094,0.15635496377944946
rosenbrock,1.0,2,cholesky,5,score_function,8192,0.02,1000,2,rosenbrock,72,0.004231929779052734,-1.0933096408843994,0.5750748515129089,0.0,0.2865919768810272,0.03969862312078476,0.2679075002670288,0.09372590482234955
rosenbrock,1.0,2,cholesky,5,score_function,8192,0.02,1000,2,rosenbrock,73,0.004224061965942383,-1.0788335800170898,0.5340523719787598,0.0,0.3175380825996399,0.037089064717292786,0.28873196244239807,0.1268412470817566
rosenbrock,1.0,2,cholesky,5,score_function,8192,0.02,1000,2,rosenbrock,74,0.0042231082916259766,-1.0836237668991089,0.5478863716125488,0.0,0.3358113765716553,0.03475302830338478,0.32140716910362244,0.09087871760129929
rosenbrock,1.0,2,cholesky,5,score_function,8192,0.02,1000,2,rosenbrock,75,0.00428009033203125,-1.0927050113677979,0.502391517162323,0.0,0.3467402756214142,0.035159409046173096,0.31408071517944336,0.14263921976089478
rosenbrock,1.0,2,cholesky,5,score_function,8192,0.02,1000,2,rosenbrock,76,0.004251956939697266,-1.085071325302124,0.5263065099716187,0.0,0.24071592092514038,0.02814444527029991,0.2193450629711151,0.09507779777050018
rosenbrock,1.0,2,cholesky,5,score_function,8192,0.02,1000,2,rosenbrock,77,0.004682064056396484,-1.0703551769256592,0.5342764854431152,0.0,0.23894263803958893,0.023974331095814705,0.22120541334152222,0.08710328489542007
rosenbrock,1.0,2,cholesky,5,score_function,8192,0.02,1000,2,rosenbrock,78,0.004499197006225586,-1.06662118434906,0.5440822839736938,0.0,0.24253305792808533,0.02931750752031803,0.2060636430978775,0.12450122833251953
rosenbrock,1.0,2,cholesky,5,score_function,8192,0.02,1000,2,rosenbrock,79,0.004575967788696289,-1.0593132972717285,0.5741819143295288,0.0,0.2490728199481964,0.020741017535328865,0.2060541808605194,0.1383790373802185
rosenbrock,1.0,2,cholesky,5,score_function,8192,0.02,1000,2,rosenbrock,80,0.004366159439086914,-1.0619057416915894,0.5327315926551819,0.0,0.25085628032684326,0.025717843323946,0.21796269714832306,0.12148959934711456
rosenbrock,1.0,2,cholesky,5,score_function,8192,0.02,1000,2,rosenbrock,81,0.0045261383056640625,-1.0592172145843506,0.5661404132843018,0.0,0.27215129137039185,0.021765055134892464,0.23246316611766815,0.13983380794525146
rosenbrock,1.0,2,cholesky,5,score_function,8192,0.02,1000,2,rosenbrock,82,0.0045850276947021484,-1.0475094318389893,0.5790213346481323,0.0,0.254009872674942,0.023753296583890915,0.22269853949546814,0.11984219402074814
rosenbrock,1.0,2,cholesky,5,score_function,8192,0.02,1000,2,rosenbrock,83,0.004461050033569336,-1.0536952018737793,0.5507963299751282,0.0,0.4093707203865051,0.016347713768482208,0.3184267282485962,0.2567519247531891
rosenbrock,1.0,2,cholesky,5,score_function,8192,0.02,1000,2,rosenbrock,84,0.0044558048248291016,-1.0554231405258179,0.5186460018157959,0.0,0.28617188334465027,0.01485731266438961,0.2783429026603699,0.06479843705892563
rosenbrock,1.0,2,cholesky,5,score_function,8192,0.02,1000,2,rosenbrock,85,0.004273891448974609,-1.0490989685058594,0.4977860152721405,0.0,0.2765454351902008,0.013882062397897243,0.2300034761428833,0.15291520953178406
rosenbrock,1.0,2,cholesky,5,score_function,8192,0.02,1000,2,rosenbrock,86,0.00432896614074707,-1.0466883182525635,0.5742354393005371,0.0,0.2665857672691345,0.019632510840892792,0.1896449625492096,0.18632587790489197
rosenbrock,1.0,2,cholesky,5,score_function,8192,0.02,1000,2,rosenbrock,87,0.0042569637298583984,-1.0306648015975952,0.5201665759086609,0.0,0.23243263363838196,0.014560946263372898,0.15993407368659973,0.1680297702550888
rosenbrock,1.0,2,cholesky,5,score_function,8192,0.02,1000,2,rosenbrock,88,0.004297018051147461,-1.0377057790756226,0.5086803436279297,0.0,0.23293408751487732,0.015041070058941841,0.18425129354000092,0.14171631634235382
rosenbrock,1.0,2,cholesky,5,score_function,8192,0.02,1000,2,rosenbrock,89,0.004415035247802734,-1.0398181676864624,0.5860159397125244,0.0,0.26702880859375,0.01641635224223137,0.20471970736980438,0.17065969109535217
rosenbrock,1.0,2,cholesky,5,score_function,8192,0.02,1000,2,rosenbrock,90,0.004257917404174805,-1.0459314584732056,0.5029961466789246,0.0,0.2321121245622635,0.014360952191054821,0.21894733607769012,0.07570911943912506
rosenbrock,1.0,2,cholesky,5,score_function,8192,0.02,1000,2,rosenbrock,91,0.004251956939697266,-1.0293631553649902,0.5350080728530884,0.0,0.28191956877708435,0.009086042642593384,0.20486624538898468,0.19345778226852417
rosenbrock,1.0,2,cholesky,5,score_function,8192,0.02,1000,2,rosenbrock,92,0.004555940628051758,-1.0251054763793945,0.5081239938735962,0.0,0.2805817127227783,0.011422690004110336,0.21614952385425568,0.17853571474552155
rosenbrock,1.0,2,cholesky,5,score_function,8192,0.02,1000,2,rosenbrock,93,0.004560947418212891,-1.0241708755493164,0.5051770806312561,0.0,0.23311235010623932,0.004298369400203228,0.20433856546878815,0.11210992932319641
rosenbrock,1.0,2,cholesky,5,score_function,8192,0.02,1000,2,rosenbrock,94,0.004727840423583984,-1.0235984325408936,0.4686705470085144,0.0,0.2257007211446762,0.013822491280734539,0.15717050433158875,0.16139139235019684
rosenbrock,1.0,2,cholesky,5,score_function,8192,0.02,1000,2,rosenbrock,95,0.004556179046630859,-1.0148035287857056,0.48645439743995667,0.0,0.24720656871795654,0.00895196758210659,0.198232039809227,0.1474279761314392
rosenbrock,1.0,2,cholesky,5,score_function,8192,0.02,1000,2,rosenbrock,96,0.0046999454498291016,-1.018567681312561,0.4858982264995575,0.0,0.20218071341514587,0.01197266299277544,0.17125579714775085,0.10679487884044647
rosenbrock,1.0,2,cholesky,5,score_function,8192,0.02,1000,2,rosenbrock,97,0.00461888313293457,-1.0153671503067017,0.5290206670761108,0.0,0.2668386995792389,0.009367134422063828,0.23824894428253174,0.11980228871107101
rosenbrock,1.0,2,cholesky,5,score_function,8192,0.02,1000,2,rosenbrock,98,0.004727840423583984,-1.0160577297210693,0.5172458291053772,0.0,0.2192865014076233,0.010089617222547531,0.17311616241931915,0.1342220902442932
rosenbrock,1.0,2,cholesky,5,score_function,8192,0.02,1000,2,rosenbrock,99,0.004475116729736328,-1.0152217149734497,0.5573073029518127,0.0,0.23727768659591675,0.004730695392936468,0.2069392055273056,0.11599346250295639
rosenbrock,1.0,2,cholesky,5,score_function,8192,0.02,1000,2,rosenbrock,100,0.004395008087158203,-1.0067226886749268,0.5542950630187988,0.0,0.22780825197696686,0.008804752491414547,0.18326981365680695,0.13502313196659088
rosenbrock,1.0,2,cholesky,5,score_function,8192,0.02,1000,2,rosenbrock,101,0.004798173904418945,-0.9987787008285522,0.4960346817970276,0.0,0.20752769708633423,0.009632820263504982,0.15497320890426636,0.1376889944076538
rosenbrock,1.0,2,cholesky,5,score_function,8192,0.02,1000,2,rosenbrock,102,0.0045070648193359375,-1.0055875778198242,0.5918947458267212,0.0,0.3206441402435303,0.01200542226433754,0.23321646451950073,0.2197239100933075
rosenbrock,1.0,2,cholesky,5,score_function,8192,0.02,1000,2,rosenbrock,103,0.004776954650878906,-1.0035163164138794,0.5632522702217102,0.0,0.288666307926178,0.015040682628750801,0.23399125039577484,0.1683748960494995
rosenbrock,1.0,2,cholesky,5,score_function,8192,0.02,1000,2,rosenbrock,104,0.00441288948059082,-1.0033363103866577,0.6124461889266968,0.0,0.284688800573349,0.01641996018588543,0.20635850727558136,0.19543352723121643
rosenbrock,1.0,2,cholesky,5,score_function,8192,0.02,1000,2,rosenbrock,105,0.004637956619262695,-0.9945774078369141,0.5284159183502197,0.0,0.2787269353866577,0.019837521016597748,0.2023317962884903,0.19067516922950745
rosenbrock,1.0,2,cholesky,5,score_function,8192,0.02,1000,2,rosenbrock,106,0.004434108734130859,-0.9974240064620972,0.5230527520179749,0.0,0.19741445779800415,0.008181028068065643,0.16680411994457245,0.10527072846889496
rosenbrock,1.0,2,cholesky,5,score_function,8192,0.02,1000,2,rosenbrock,107,0.004542112350463867,-0.9859649538993835,0.5213443040847778,0.0,0.2755320370197296,0.006787049118429422,0.23742231726646423,0.13965126872062683
rosenbrock,1.0,2,cholesky,5,score_function,8192,0.02,1000,2,rosenbrock,108,0.0047092437744140625,-0.9864434003829956,0.5371611714363098,0.0,0.1828765720129013,0.0019009477691724896,0.15455493330955505,0.09773945808410645
rosenbrock,1.0,2,cholesky,5,score_function,8192,0.02,1000,2,rosenbrock,109,0.004564046859741211,-0.9918837547302246,0.5952545404434204,0.0,0.31511390209198,0.010041233152151108,0.2860059142112732,0.1318960338830948
rosenbrock,1.0,2,cholesky,5,score_function,8192,0.02,1000,2,rosenbrock,110,0.004746913909912109,-0.9870287179946899,0.5548841953277588,0.0,0.1923511028289795,0.014998054131865501,0.166065976023674,0.09589628130197525
rosenbrock,1.0,2,cholesky,5,score_function,8192,0.02,1000,2,rosenbrock,111,0.004529237747192383,-0.9879673719406128,0.5999848246574402,0.0,0.25584813952445984,0.012106375768780708,0.2055644392967224,0.15183864533901215
rosenbrock,1.0,2,cholesky,5,score_function,8192,0.02,1000,2,rosenbrock,112,0.0045049190521240234,-0.9851154685020447,0.5454985499382019,0.0,0.217384934425354,0.01277442928403616,0.15606431663036346,0.15078778564929962
rosenbrock,1.0,2,cholesky,5,score_function,8192,0.02,1000,2,rosenbrock,113,0.004506826400756836,-0.975540816783905,0.5052887201309204,0.0,0.20442619919776917,0.009557916782796383,0.18144728243350983,0.09367813915014267
rosenbrock,1.0,2,cholesky,5,score_function,8192,0.02,1000,2,rosenbrock,114,0.004408121109008789,-0.9928280115127563,0.6736924648284912,0.0,0.280907541513443,0.012839156202971935,0.15610916912555695,0.2331826090812683
rosenbrock,1.0,2,cholesky,5,score_function,8192,0.02,1000,2,rosenbrock,115,0.0044498443603515625,-0.9785685539245605,0.5299883484840393,0.0,0.2378145158290863,0.009812012314796448,0.2188272625207901,0.09259640425443649
rosenbrock,1.0,2,cholesky,5,score_function,8192,0.02,1000,2,rosenbrock,116,0.004461765289306641,-0.9701798558235168,0.60433030128479,0.0,0.29508092999458313,0.008987443521618843,0.17676031589508057,0.236109659075737
rosenbrock,1.0,2,cholesky,5,score_function,8192,0.02,1000,2,rosenbrock,117,0.004535198211669922,-0.9573987722396851,0.5874589085578918,0.0,0.23843169212341309,0.017471814528107643,0.18969759345054626,0.1433849036693573
rosenbrock,1.0,2,cholesky,5,score_function,8192,0.02,1000,2,rosenbrock,118,0.004393815994262695,-0.9628145694732666,0.5016735196113586,0.0,0.26729241013526917,0.012049372307956219,0.24914854764938354,0.09604709595441818
rosenbrock,1.0,2,cholesky,5,score_function,8192,0.02,1000,2,rosenbrock,119,0.004678249359130859,-0.9733578562736511,0.6333389282226562,0.0,0.44333377480506897,0.014616915956139565,0.37546464800834656,0.23528173565864563
rosenbrock,1.0,2,cholesky,5,score_function,8192,0.02,1000,2,rosenbrock,120,0.004361867904663086,-0.9680387377738953,0.5886678099632263,0.0,0.2886560559272766,0.020301885902881622,0.21972694993019104,0.18609200417995453
rosenbrock,1.0,2,cholesky,5,score_function,8192,0.02,1000,2,rosenbrock,121,0.0046536922454833984,-0.9664474129676819,0.5346165299415588,0.0,0.20848791301250458,0.017462708055973053,0.16932125389575958,0.12038514763116837
rosenbrock,1.0,2,cholesky,5,score_function,8192,0.02,1000,2,rosenbrock,122,0.004403829574584961,-0.9611172676086426,0.5415555834770203,0.0,0.20426002144813538,0.020247893407940865,0.16626624763011932,0.11690901219844818
rosenbrock,1.0,2,cholesky,5,score_function,8192,0.02,1000,2,rosenbrock,123,0.004906892776489258,-0.9589754343032837,0.5460812449455261,0.0,0.2554265558719635,0.019362660124897957,0.1946825385093689,0.1642148494720459
rosenbrock,1.0,2,cholesky,5,score_function,8192,0.02,1000,2,rosenbrock,124,0.004511117935180664,-0.9648268222808838,0.5687866806983948,0.0,0.22196035087108612,0.016561521217226982,0.1766563206911087,0.1333591341972351
rosenbrock,1.0,2,cholesky,5,score_function,8192,0.02,1000,2,rosenbrock,125,0.004620075225830078,-0.9518513083457947,0.5405107140541077,0.0,0.21166427433490753,0.01750514656305313,0.17639170587062836,0.1156776025891304
rosenbrock,1.0,2,cholesky,5,score_function,8192,0.02,1000,2,rosenbrock,126,0.004614830017089844,-0.9571883082389832,0.5586807131767273,0.0,0.21099863946437836,0.026558684185147285,0.1470315307378769,0.1489858776330948
rosenbrock,1.0,2,cholesky,5,score_function,8192,0.02,1000,2,rosenbrock,127,0.004651069641113281,-0.9595909118652344,0.5868477821350098,0.0,0.24851763248443604,0.026103489100933075,0.16728174686431885,0.1819242537021637
rosenbrock,1.0,2,cholesky,5,score_function,8192,0.02,1000,2,rosenbrock,128,0.004914045333862305,-0.9554532170295715,0.6771132946014404,0.0,0.3959413468837738,0.025231000036001205,0.3181914985179901,0.2342800498008728
rosenbrock,1.0,2,cholesky,5,score_function,8192,0.02,1000,2,rosenbrock,129,0.004563331604003906,-0.9441034197807312,0.4953441321849823,0.0,0.30806344747543335,0.01828782819211483,0.2586575746536255,0.16632765531539917
rosenbrock,1.0,2,cholesky,5,score_function,8192,0.02,1000,2,rosenbrock,130,0.004523038864135742,-0.9503560066223145,0.5920752882957458,0.0,0.26607492566108704,0.021876459941267967,0.17581366002559662,0.19851155579090118
rosenbrock,1.0,2,cholesky,5,score_function,8192,0.02,1000,2,rosenbrock,131,0.004662036895751953,-0.9493643045425415,0.5168166756629944,0.0,0.1841568499803543,0.024544917047023773,0.15739133954048157,0.09240811318159103
rosenbrock,1.0,2,cholesky,5,score_function,8192,0.02,1000,2,rosenbrock,132,0.004754066467285156,-0.9459452033042908,0.5698200464248657,0.0,0.2756408452987671,0.014268611557781696,0.2294594794511795,0.15206126868724823
rosenbrock,1.0,2,cholesky,5,score_function,8192,0.02,1000,2,rosenbrock,133,0.004693031311035156,-0.9329065680503845,0.5351195335388184,0.0,0.19987507164478302,0.01504049263894558,0.16203007102012634,0.11606067419052124
rosenbrock,1.0,2,cholesky,5,score_function,8192,0.02,1000,2,rosenbrock,134,0.0049860477447509766,-0.9386879801750183,0.5106545090675354,0.0,0.18003569543361664,0.026548882946372032,0.1553356647491455,0.08705654740333557
rosenbrock,1.0,2,cholesky,5,score_function,8192,0.02,1000,2,rosenbrock,135,0.004678010940551758,-0.9416435956954956,0.4922237694263458,0.0,0.22107219696044922,0.02320878580212593,0.18166188895702362,0.12382738292217255
rosenbrock,1.0,2,cholesky,5,score_function,8192,0.02,1000,2,rosenbrock,136,0.004476308822631836,-0.9370914697647095,0.5409122705459595,0.0,0.40758031606674194,0.020585069432854652,0.3827010691165924,0.13870058953762054
rosenbrock,1.0,2,cholesky,5,score_function,8192,0.02,1000,2,rosenbrock,137,0.004476070404052734,-0.9423531293869019,0.5783056616783142,0.0,0.29049763083457947,0.020660731941461563,0.16756495833396912,0.23639793694019318
rosenbrock,1.0,2,cholesky,5,score_function,8192,0.02,1000,2,rosenbrock,138,0.004464864730834961,-0.9274439811706543,0.5075982213020325,0.0,0.20957747101783752,0.020128319039940834,0.17837445437908173,0.10816708207130432
rosenbrock,1.0,2,cholesky,5,score_function,8192,0.02,1000,2,rosenbrock,139,0.004729747772216797,-0.9250367283821106,0.4758126139640808,0.0,0.19123882055282593,0.020571323111653328,0.15168146789073944,0.11463785171508789
rosenbrock,1.0,2,cholesky,5,score_function,8192,0.02,1000,2,rosenbrock,140,0.004654884338378906,-0.9261894822120667,0.5639510154724121,0.0,0.26308679580688477,0.025091376155614853,0.237573504447937,0.11019942909479141
rosenbrock,1.0,2,cholesky,5,score_function,8192,0.02,1000,2,rosenbrock,141,0.00471806526184082,-0.9398776292800903,0.6460054516792297,0.0,0.21584069728851318,0.02740195021033287,0.17543908953666687,0.12270887941122055
rosenbrock,1.0,2,cholesky,5,score_function,8192,0.02,1000,2,rosenbrock,142,0.004626035690307617,-0.9302213191986084,0.5409398674964905,0.0,0.24492216110229492,0.026553140953183174,0.15672843158245087,0.18632765114307404
rosenbrock,1.0,2,cholesky,5,score_function,8192,0.02,1000,2,rosenbrock,143,0.004648923873901367,-0.9246938824653625,0.6103318333625793,0.0,0.2405049055814743,0.027792509645223618,0.1489969938993454,0.18673531711101532
rosenbrock,1.0,2,cholesky,5,score_function,8192,0.02,1000,2,rosenbrock,144,0.0047647953033447266,-0.9153106212615967,0.5329543352127075,0.0,0.24536877870559692,0.02619321271777153,0.19492056965827942,0.14671649038791656
rosenbrock,1.0,2,cholesky,5,score_function,8192,0.02,1000,2,rosenbrock,145,0.004766225814819336,-0.9176150560379028,0.584882915019989,0.0,0.3397000730037689,0.030855733901262283,0.2574635446071625,0.2194461077451706
rosenbrock,1.0,2,cholesky,5,score_function,8192,0.02,1000,2,rosenbrock,146,0.00445103645324707,-0.9175232648849487,0.6458720564842224,0.0,0.2949209213256836,0.01959511637687683,0.22112500667572021,0.19415998458862305
rosenbrock,1.0,2,cholesky,5,score_function,8192,0.02,1000,2,rosenbrock,147,0.004598140716552734,-0.9196306467056274,0.5828291177749634,0.0,0.23648282885551453,0.015671269968152046,0.21149763464927673,0.10462929308414459
rosenbrock,1.0,2,cholesky,5,score_function,8192,0.02,1000,2,rosenbrock,148,0.004984855651855469,-0.9050814509391785,0.49239346385002136,0.0,0.21942248940467834,0.013672073371708393,0.18787753582000732,0.11252260953187943
rosenbrock,1.0,2,cholesky,5,score_function,8192,0.02,1000,2,rosenbrock,149,0.0047681331634521484,-0.9157589673995972,0.5025442838668823,0.0,0.26969173550605774,0.021389439702033997,0.15207822620868683,0.22169426083564758
rosenbrock,1.0,2,cholesky,5,score_function,8192,0.02,1000,2,rosenbrock,150,0.0047550201416015625,-0.9118305444717407,0.5055572390556335,0.0,0.3766426146030426,0.020222967490553856,0.33099210262298584,0.17859144508838654
rosenbrock,1.0,2,cholesky,5,score_function,8192,0.02,1000,2,rosenbrock,151,0.004619121551513672,-0.9125356674194336,0.5915950536727905,0.0,0.2455449104309082,0.016502872109413147,0.2129422128200531,0.12114274501800537
rosenbrock,1.0,2,cholesky,5,score_function,8192,0.02,1000,2,rosenbrock,152,0.004475116729736328,-0.9151849746704102,0.6269990801811218,0.0,0.5018075108528137,0.026096990332007408,0.1411997675895691,0.48082461953163147
rosenbrock,1.0,2,cholesky,5,score_function,8192,0.02,1000,2,rosenbrock,153,0.0048220157623291016,-0.9034119844436646,0.5959475636482239,0.0,0.23185916244983673,0.013903561979532242,0.21445414423942566,0.0870332196354866
rosenbrock,1.0,2,cholesky,5,score_function,8192,0.02,1000,2,rosenbrock,154,0.0049860477447509766,-0.9012528657913208,0.5200754404067993,0.0,0.13986866176128387,0.017088303342461586,0.11786124855279922,0.07334821671247482
rosenbrock,1.0,2,cholesky,5,score_function,8192,0.02,1000,2,rosenbrock,155,0.0046253204345703125,-0.9006154537200928,0.572960615158081,0.0,0.224506676197052,0.020648427307605743,0.16075736284255981,0.15535110235214233
rosenbrock,1.0,2,cholesky,5,score_function,8192,0.02,1000,2,rosenbrock,156,0.004597902297973633,-0.8986101150512695,0.5024933815002441,0.0,0.15979266166687012,0.0173709224909544,0.14879105985164642,0.05561625212430954
rosenbrock,1.0,2,cholesky,5,score_function,8192,0.02,1000,2,rosenbrock,157,0.004433870315551758,-0.9048364758491516,0.508777916431427,0.0,0.16846822202205658,0.020103834569454193,0.12742935121059418,0.10834729671478271
rosenbrock,1.0,2,cholesky,5,score_function,8192,0.02,1000,2,rosenbrock,158,0.004792928695678711,-0.8986848592758179,0.4915717840194702,0.0,0.24635270237922668,0.024818025529384613,0.15569844841957092,0.18929263949394226
rosenbrock,1.0,2,cholesky,5,score_function,8192,0.02,1000,2,rosenbrock,159,0.004553794860839844,-0.902313232421875,0.537580132484436,0.0,0.16680005192756653,0.01764775812625885,0.12401711940765381,0.11013883352279663
rosenbrock,1.0,2,cholesky,5,score_function,8192,0.02,1000,2,rosenbrock,160,0.004853010177612305,-0.8997778296470642,0.5084579586982727,0.0,0.15691736340522766,0.019822970032691956,0.11858337372541428,0.10083696246147156
rosenbrock,1.0,2,cholesky,5,score_function,8192,0.02,1000,2,rosenbrock,161,0.004563808441162109,-0.8904786109924316,0.5073733925819397,0.0,0.21748867630958557,0.016713786870241165,0.17071370780467987,0.13371165096759796
rosenbrock,1.0,2,cholesky,5,score_function,8192,0.02,1000,2,rosenbrock,162,0.004518985748291016,-0.8933326601982117,0.5669416189193726,0.0,0.3117331266403198,0.020572680979967117,0.220183864235878,0.219712033867836
rosenbrock,1.0,2,cholesky,5,score_function,8192,0.02,1000,2,rosenbrock,163,0.004539012908935547,-0.8947715163230896,0.5632355809211731,0.0,0.18636426329612732,0.02501586265861988,0.14723798632621765,0.1114756315946579
rosenbrock,1.0,2,cholesky,5,score_function,8192,0.02,1000,2,rosenbrock,164,0.004891872406005859,-0.8890326023101807,0.46548622846603394,0.0,0.1964978724718094,0.011989951133728027,0.15702417492866516,0.11752048134803772
rosenbrock,1.0,2,cholesky,5,score_function,8192,0.02,1000,2,rosenbrock,165,0.004961729049682617,-0.8852980136871338,0.527079701423645,0.0,0.23188239336013794,0.021321261301636696,0.16869981586933136,0.15765535831451416
rosenbrock,1.0,2,cholesky,5,score_function,8192,0.02,1000,2,rosenbrock,166,0.0047757625579833984,-0.8793066740036011,0.517518162727356,0.0,0.19768957793712616,0.014253433793783188,0.177737295627594,0.0853666439652443
rosenbrock,1.0,2,cholesky,5,score_function,8192,0.02,1000,2,rosenbrock,167,0.004605770111083984,-0.8808946013450623,0.5137486457824707,0.0,0.2458055317401886,0.005742526613175869,0.207387313246727,0.13182520866394043
rosenbrock,1.0,2,cholesky,5,score_function,8192,0.02,1000,2,rosenbrock,168,0.004842042922973633,-0.87730872631073,0.5142307877540588,0.0,0.206581249833107,0.009706457145512104,0.12451668828725815,0.1645514816045761
rosenbrock,1.0,2,cholesky,5,score_function,8192,0.02,1000,2,rosenbrock,169,0.004639863967895508,-0.8850085139274597,0.5844050049781799,0.0,0.3289456069469452,0.015298685058951378,0.2620445489883423,0.1982518583536148
rosenbrock,1.0,2,cholesky,5,score_function,8192,0.02,1000,2,rosenbrock,170,0.0048487186431884766,-0.8751427531242371,0.6263744831085205,0.0,0.3794843256473541,0.01133398525416851,0.32334306836128235,0.1983157843351364
rosenbrock,1.0,2,cholesky,5,score_function,8192,0.02,1000,2,rosenbrock,171,0.0045011043548583984,-0.8828290700912476,0.5069078803062439,0.0,0.2181151956319809,0.015854325145483017,0.20112574100494385,0.08289340138435364
rosenbrock,1.0,2,cholesky,5,score_function,8192,0.02,1000,2,rosenbrock,172,0.004683017730712891,-0.8832836151123047,0.5578262209892273,0.0,0.30167722702026367,0.023659830912947655,0.20592224597930908,0.21919257938861847
rosenbrock,1.0,2,cholesky,5,score_function,8192,0.02,1000,2,rosenbrock,173,0.0044667720794677734,-0.8801065683364868,0.5057461857795715,0.0,0.32334497570991516,0.018481072038412094,0.21305584907531738,0.2425234317779541
rosenbrock,1.0,2,cholesky,5,score_function,8192,0.02,1000,2,rosenbrock,174,0.004748106002807617,-0.8710169792175293,0.5457193851470947,0.0,0.20600298047065735,0.012276800349354744,0.18494601547718048,0.0898970291018486
rosenbrock,1.0,2,cholesky,5,score_function,8192,0.02,1000,2,rosenbrock,175,0.004908084869384766,-0.8840649127960205,0.528337299823761,0.0,0.28862079977989197,0.026351049542427063,0.16426992416381836,0.23584525287151337
rosenbrock,1.0,2,cholesky,5,score_function,8192,0.02,1000,2,rosenbrock,176,0.0047223567962646484,-0.8679970502853394,0.5575826168060303,0.0,0.17558085918426514,0.014403900131583214,0.11316757649183273,0.1334700882434845
rosenbrock,1.0,2,cholesky,5,score_function,8192,0.02,1000,2,rosenbrock,177,0.004724025726318359,-0.8717169761657715,0.556487500667572,0.0,0.18740147352218628,0.014294035732746124,0.13989101350307465,0.12387695163488388
rosenbrock,1.0,2,cholesky,5,score_function,8192,0.02,1000,2,rosenbrock,178,0.004794120788574219,-0.8691174983978271,0.651309609413147,0.0,0.2621080279350281,0.018837163224816322,0.2346135526895523,0.11533539742231369
rosenbrock,1.0,2,cholesky,5,score_function,8192,0.02,1000,2,rosenbrock,179,0.004673004150390625,-0.8692805767059326,0.5114006996154785,0.0,0.23428082466125488,0.025327134877443314,0.20432600378990173,0.11178968846797943
rosenbrock,1.0,2,cholesky,5,score_function,8192,0.02,1000,2,rosenbrock,180,0.004586935043334961,-0.8777981400489807,0.5227277874946594,0.0,0.2357739955186844,0.009993030689656734,0.1492151916027069,0.18227547407150269
rosenbrock,1.0,2,cholesky,5,score_function,8192,0.02,1000,2,rosenbrock,181,0.004604816436767578,-0.8609836101531982,0.5019869804382324,0.0,0.17625285685062408,0.00987462978810072,0.1654183566570282,0.06003604456782341
rosenbrock,1.0,2,cholesky,5,score_function,8192,0.02,1000,2,rosenbrock,182,0.00463104248046875,-0.8714517951011658,0.5174664258956909,0.0,0.18827836215496063,0.023081455379724503,0.14874668419361115,0.11309470981359482
rosenbrock,1.0,2,cholesky,5,score_function,8192,0.02,1000,2,rosenbrock,183,0.004935026168823242,-0.8601557016372681,0.5467578172683716,0.0,0.15878048539161682,0.022818678990006447,0.12774617969989777,0.09149570763111115
rosenbrock,1.0,2,cholesky,5,score_function,8192,0.02,1000,2,rosenbrock,184,0.0045680999755859375,-0.8551245331764221,0.5157102346420288,0.0,0.22561757266521454,0.004780967719852924,0.16932249069213867,0.14903129637241364
rosenbrock,1.0,2,cholesky,5,score_function,8192,0.02,1000,2,rosenbrock,185,0.004595279693603516,-0.8678228855133057,0.5585924983024597,0.0,0.2261224389076233,0.011677841655910015,0.2027973234653473,0.09933900088071823
rosenbrock,1.0,2,cholesky,5,score_function,8192,0.02,1000,2,rosenbrock,186,0.004342079162597656,-0.8634402751922607,0.5232333540916443,0.0,0.1906895488500595,0.012829036451876163,0.12376958131790161,0.14449571073055267
rosenbrock,1.0,2,cholesky,5,score_function,8192,0.02,1000,2,rosenbrock,187,0.004498004913330078,-0.8630161285400391,0.5783315896987915,0.0,0.2428346574306488,0.017637837678194046,0.2045167088508606,0.1297324150800705
rosenbrock,1.0,2,cholesky,5,score_function,8192,0.02,1000,2,rosenbrock,188,0.004788875579833984,-0.8485208749771118,0.5006464719772339,0.0,0.25514763593673706,0.010805174708366394,0.15793806314468384,0.20009779930114746
rosenbrock,1.0,2,cholesky,5,score_function,8192,0.02,1000,2,rosenbrock,189,0.0043828487396240234,-0.8609251976013184,0.5057272911071777,0.0,0.17264720797538757,0.011555053293704987,0.11279072612524033,0.13019905984401703
rosenbrock,1.0,2,cholesky,5,score_function,8192,0.02,1000,2,rosenbrock,190,0.0047490596771240234,-0.8518343567848206,0.47815948724746704,0.0,0.23884303867816925,0.016894785687327385,0.1649176925420761,0.17193813621997833
rosenbrock,1.0,2,cholesky,5,score_function,8192,0.02,1000,2,rosenbrock,191,0.00481414794921875,-0.8624572157859802,0.531647264957428,0.0,0.23953105509281158,0.008274810388684273,0.14710451662540436,0.18885688483715057
rosenbrock,1.0,2,cholesky,5,score_function,8192,0.02,1000,2,rosenbrock,192,0.004752159118652344,-0.8527869582176208,0.534142792224884,0.0,0.21875108778476715,0.011910965666174889,0.1908831000328064,0.10617820173501968
rosenbrock,1.0,2,cholesky,5,score_function,8192,0.02,1000,2,rosenbrock,193,0.00441288948059082,-0.8581662774085999,0.5755764842033386,0.0,0.25408223271369934,0.009490257129073143,0.15990465879440308,0.19722630083560944
rosenbrock,1.0,2,cholesky,5,score_function,8192,0.02,1000,2,rosenbrock,194,0.004538059234619141,-0.8583448529243469,0.7664894461631775,0.0,0.27681344747543335,0.016939640045166016,0.18287213146686554,0.2071147859096527
rosenbrock,1.0,2,cholesky,5,score_function,8192,0.02,1000,2,rosenbrock,195,0.004591941833496094,-0.8592601418495178,0.6382308006286621,0.0,0.5112281441688538,0.019294006749987602,0.1529698520898819,0.4874240458011627
rosenbrock,1.0,2,cholesky,5,score_function,8192,0.02,1000,2,rosenbrock,196,0.00455021858215332,-0.8463059663772583,0.5185386538505554,0.0,0.15513600409030914,0.009088454768061638,0.12245631217956543,0.09481050819158554
rosenbrock,1.0,2,cholesky,5,score_function,8192,0.02,1000,2,rosenbrock,197,0.004666805267333984,-0.857093334197998,0.590739369392395,0.0,0.24022099375724792,0.0177752822637558,0.09678836911916733,0.21913963556289673
rosenbrock,1.0,2,cholesky,5,score_function,8192,0.02,1000,2,rosenbrock,198,0.004965066909790039,-0.8514462113380432,0.514232337474823,0.0,0.13774776458740234,0.006415775511413813,0.1285247802734375,0.04913922771811485
rosenbrock,1.0,2,cholesky,5,score_function,8192,0.02,1000,2,rosenbrock,199,0.004714012145996094,-0.846840500831604,0.46867871284484863,0.0,0.20195861160755157,0.009027941152453423,0.1331668645143509,0.15156637132167816
rosenbrock,1.0,2,cholesky,5,score_function,8192,0.02,1000,2,rosenbrock,200,0.004449605941772461,-0.8433865308761597,0.4935623109340668,0.0,0.22247476875782013,0.007076284848153591,0.11714506149291992,0.1890026181936264
rosenbrock,1.0,2,cholesky,5,score_function,8192,0.02,1000,2,rosenbrock,201,0.004974842071533203,-0.848326563835144,0.4934345483779907,0.0,0.15594246983528137,0.016275858506560326,0.10464636981487274,0.11446522921323776
rosenbrock,1.0,2,cholesky,5,score_function,8192,0.02,1000,2,rosenbrock,202,0.004544734954833984,-0.8426787257194519,0.5008957982063293,0.0,0.19600000977516174,0.012702936306595802,0.1561165302991867,0.1178230419754982
rosenbrock,1.0,2,cholesky,5,score_function,8192,0.02,1000,2,rosenbrock,203,0.004807710647583008,-0.8398030996322632,0.5788161754608154,0.0,0.29328835010528564,0.017674211412668228,0.25652486085891724,0.14106975495815277
rosenbrock,1.0,2,cholesky,5,score_function,8192,0.02,1000,2,rosenbrock,204,0.004862070083618164,-0.8355181217193604,0.4824709892272949,0.0,0.2265792042016983,0.005522869061678648,0.17846283316612244,0.13949427008628845
rosenbrock,1.0,2,cholesky,5,score_function,8192,0.02,1000,2,rosenbrock,205,0.0045931339263916016,-0.8450303077697754,0.5255874395370483,0.0,0.27027419209480286,0.012496856041252613,0.23068282008171082,0.14027616381645203
rosenbrock,1.0,2,cholesky,5,score_function,8192,0.02,1000,2,rosenbrock,206,0.0045928955078125,-0.8449538350105286,0.4995437264442444,0.0,0.20910891890525818,0.011853079311549664,0.1739465445280075,0.11544974148273468
rosenbrock,1.0,2,cholesky,5,score_function,8192,0.02,1000,2,rosenbrock,207,0.00437617301940918,-0.8429003357887268,0.45841655135154724,0.0,0.27799373865127563,0.008663792163133621,0.1841644048690796,0.20805993676185608
rosenbrock,1.0,2,cholesky,5,score_function,8192,0.02,1000,2,rosenbrock,208,0.00466609001159668,-0.8347122669219971,0.5328413248062134,0.0,0.25424331426620483,0.00961841456592083,0.16570651531219482,0.19258373975753784
rosenbrock,1.0,2,cholesky,5,score_function,8192,0.02,1000,2,rosenbrock,209,0.004438877105712891,-0.8439644575119019,0.5461218953132629,0.0,0.23289689421653748,0.015070169232785702,0.20363111793994904,0.11201880872249603
rosenbrock,1.0,2,cholesky,5,score_function,8192,0.02,1000,2,rosenbrock,210,0.004966020584106445,-0.8353071212768555,0.5056968927383423,0.0,0.19569216668605804,0.01534471195191145,0.16418662667274475,0.10536941140890121
rosenbrock,1.0,2,cholesky,5,score_function,8192,0.02,1000,2,rosenbrock,211,0.004853010177612305,-0.8380805253982544,0.5437076687812805,0.0,0.2610115110874176,0.015182220377027988,0.2454032301902771,0.08760000765323639
rosenbrock,1.0,2,cholesky,5,score_function,8192,0.02,1000,2,rosenbrock,212,0.0046079158782958984,-0.8300138115882874,0.5340232849121094,0.0,0.3024183213710785,0.0048275538720190525,0.26663824915885925,0.14260989427566528
rosenbrock,1.0,2,cholesky,5,score_function,8192,0.02,1000,2,rosenbrock,213,0.004678964614868164,-0.8358920812606812,0.5246393084526062,0.0,0.27572566270828247,0.00797677505761385,0.21312075853347778,0.17475853860378265
rosenbrock,1.0,2,cholesky,5,score_function,8192,0.02,1000,2,rosenbrock,214,0.004976987838745117,-0.8299446105957031,0.5538249015808105,0.0,0.2403338998556137,0.02295224368572235,0.18564389646053314,0.1508970558643341
rosenbrock,1.0,2,cholesky,5,score_function,8192,0.02,1000,2,rosenbrock,215,0.004406929016113281,-0.8387961387634277,0.5770227909088135,0.0,0.20837368071079254,0.009983748197555542,0.1328042894601822,0.160258948802948
rosenbrock,1.0,2,cholesky,5,score_function,8192,0.02,1000,2,rosenbrock,216,0.004937887191772461,-0.8396072387695312,0.5340881943702698,0.0,0.15723280608654022,0.00995953194797039,0.1107528805732727,0.11116097867488861
rosenbrock,1.0,2,cholesky,5,score_function,8192,0.02,1000,2,rosenbrock,217,0.004689216613769531,-0.8243544101715088,0.5680691003799438,0.0,0.20957322418689728,0.011912763118743896,0.15493102371692657,0.14062505960464478
rosenbrock,1.0,2,cholesky,5,score_function,8192,0.02,1000,2,rosenbrock,218,0.004379749298095703,-0.8337240219116211,0.580424427986145,0.0,0.3340451121330261,0.013236023485660553,0.2516911029815674,0.2192317545413971
rosenbrock,1.0,2,cholesky,5,score_function,8192,0.02,1000,2,rosenbrock,219,0.004626274108886719,-0.8340834379196167,0.5100486278533936,0.0,0.2414223551750183,0.008688894100487232,0.23117701709270477,0.0690394714474678
rosenbrock,1.0,2,cholesky,5,score_function,8192,0.02,1000,2,rosenbrock,220,0.004585981369018555,-0.8330134153366089,0.5478029847145081,0.0,0.2508240342140198,0.009781353175640106,0.22025057673454285,0.11961062997579575
rosenbrock,1.0,2,cholesky,5,score_function,8192,0.02,1000,2,rosenbrock,221,0.0045719146728515625,-0.8303999304771423,0.5749880075454712,0.0,0.20264461636543274,0.013743987306952477,0.14639897644519806,0.1394391804933548
rosenbrock,1.0,2,cholesky,5,score_function,8192,0.02,1000,2,rosenbrock,222,0.004660129547119141,-0.8274015188217163,0.5936509966850281,0.0,0.22297018766403198,0.016654957085847855,0.19112618267536163,0.11361822485923767
rosenbrock,1.0,2,cholesky,5,score_function,8192,0.02,1000,2,rosenbrock,223,0.004619121551513672,-0.8231556415557861,0.536597728729248,0.0,0.29748010635375977,0.0025133430026471615,0.23736104369163513,0.17929813265800476
rosenbrock,1.0,2,cholesky,5,score_function,8192,0.02,1000,2,rosenbrock,224,0.0045778751373291016,-0.8279717564582825,0.6819477677345276,0.0,0.39882346987724304,0.015873989090323448,0.23892226815223694,0.3189425468444824
rosenbrock,1.0,2,cholesky,5,score_function,8192,0.02,1000,2,rosenbrock,225,0.004634857177734375,-0.8229423761367798,0.46389666199684143,0.0,0.23448629677295685,0.006597233936190605,0.20786361396312714,0.10831902921199799
rosenbrock,1.0,2,cholesky,5,score_function,8192,0.02,1000,2,rosenbrock,226,0.004918813705444336,-0.8165259957313538,0.47826871275901794,0.0,0.2665961682796478,0.009471470490098,0.15099342167377472,0.21951036155223846
rosenbrock,1.0,2,cholesky,5,score_function,8192,0.02,1000,2,rosenbrock,227,0.004666805267333984,-0.8168584108352661,0.4515107274055481,0.0,0.3084110915660858,0.006073793396353722,0.2740417718887329,0.14135636389255524
rosenbrock,1.0,2,cholesky,5,score_function,8192,0.02,1000,2,rosenbrock,228,0.005014657974243164,-0.8276976346969604,0.49500834941864014,0.0,0.22915636003017426,0.01762368157505989,0.17547549307346344,0.14632290601730347
rosenbrock,1.0,2,cholesky,5,score_function,8192,0.02,1000,2,rosenbrock,229,0.0045659542083740234,-0.8186604380607605,0.5082886219024658,0.0,0.23332586884498596,0.00767592852935195,0.2103491872549057,0.10067407041788101
rosenbrock,1.0,2,cholesky,5,score_function,8192,0.02,1000,2,rosenbrock,230,0.004734039306640625,-0.8195687532424927,0.5737141966819763,0.0,0.4212581515312195,0.01441574189811945,0.3310266435146332,0.2601383924484253
rosenbrock,1.0,2,cholesky,5,score_function,8192,0.02,1000,2,rosenbrock,231,0.0045049190521240234,-0.8257303237915039,0.5028466582298279,0.0,0.1935032308101654,0.0048262616619467735,0.10762210190296173,0.16074107587337494
rosenbrock,1.0,2,cholesky,5,score_function,8192,0.02,1000,2,rosenbrock,232,0.0044710636138916016,-0.8088333606719971,0.5366305112838745,0.0,0.28964000940322876,0.011148450896143913,0.24996939301490784,0.1458846777677536
rosenbrock,1.0,2,cholesky,5,score_function,8192,0.02,1000,2,rosenbrock,233,0.004691123962402344,-0.8144299983978271,0.5233424305915833,0.0,0.30845391750335693,0.010036403313279152,0.23270633816719055,0.20221489667892456
rosenbrock,1.0,2,cholesky,5,score_function,8192,0.02,1000,2,rosenbrock,234,0.00479578971862793,-0.8159804940223694,0.6024953126907349,0.0,0.26838624477386475,0.007600727491080761,0.2455153912305832,0.10814613103866577
rosenbrock,1.0,2,cholesky,5,score_function,8192,0.02,1000,2,rosenbrock,235,0.004628896713256836,-0.8285492658615112,0.7073215246200562,0.0,0.4062292277812958,0.01204032450914383,0.2456270009279251,0.32333359122276306
rosenbrock,1.0,2,cholesky,5,score_function,8192,0.02,1000,2,rosenbrock,236,0.0046961307525634766,-0.8227331042289734,0.5488435626029968,0.0,0.3565687835216522,0.0114130275323987,0.33804088830947876,0.1128690168261528
rosenbrock,1.0,2,cholesky,5,score_function,8192,0.02,1000,2,rosenbrock,237,0.004595041275024414,-0.8151504397392273,0.5201558470726013,0.0,0.2160346359014511,0.0075367833487689495,0.17931510508060455,0.12025079131126404
rosenbrock,1.0,2,cholesky,5,score_function,8192,0.02,1000,2,rosenbrock,238,0.00481104850769043,-0.8149068355560303,0.5710729360580444,0.0,0.3141551911830902,0.006723476108163595,0.24818865954875946,0.1924854815006256
rosenbrock,1.0,2,cholesky,5,score_function,8192,0.02,1000,2,rosenbrock,239,0.004744768142700195,-0.8201635479927063,0.5076616406440735,0.0,0.26095762848854065,0.011783923953771591,0.13721980154514313,0.22165457904338837
rosenbrock,1.0,2,cholesky,5,score_function,8192,0.02,1000,2,rosenbrock,240,0.00465083122253418,-0.8144756555557251,0.5220187306404114,0.0,0.21138285100460052,0.01261300127953291,0.09841614961624146,0.18664909899234772
rosenbrock,1.0,2,cholesky,5,score_function,8192,0.02,1000,2,rosenbrock,241,0.004537105560302734,-0.8153043985366821,0.5141384601593018,0.0,0.3084067404270172,0.01649547554552555,0.14502494037151337,0.27168068289756775
rosenbrock,1.0,2,cholesky,5,score_function,8192,0.02,1000,2,rosenbrock,242,0.004614830017089844,-0.8131155967712402,0.5038323402404785,0.0,0.1783251315355301,0.013637691736221313,0.09088270366191864,0.15282081067562103
rosenbrock,1.0,2,cholesky,5,score_function,8192,0.02,1000,2,rosenbrock,243,0.0049571990966796875,-0.8067301511764526,0.48065271973609924,0.0,0.1711142361164093,0.015963666141033173,0.11093056946992874,0.12930448353290558
rosenbrock,1.0,2,cholesky,5,score_function,8192,0.02,1000,2,rosenbrock,244,0.004606008529663086,-0.7991074323654175,0.45501405000686646,0.0,0.32637232542037964,0.010836093686521053,0.292332261800766,0.14471805095672607
rosenbrock,1.0,2,cholesky,5,score_function,8192,0.02,1000,2,rosenbrock,245,0.004625082015991211,-0.8106173872947693,0.5284029245376587,0.0,0.20068655908107758,0.01283549889922142,0.11135832965373993,0.16646221280097961
rosenbrock,1.0,2,cholesky,5,score_function,8192,0.02,1000,2,rosenbrock,246,0.0047149658203125,-0.8026568293571472,0.5220929384231567,0.0,0.32006484270095825,0.009008731693029404,0.12562723457813263,0.29424166679382324
rosenbrock,1.0,2,cholesky,5,score_function,8192,0.02,1000,2,rosenbrock,247,0.004805088043212891,-0.8148125410079956,0.5953419208526611,0.0,0.28406062722206116,0.008707117289304733,0.18182390928268433,0.2180704027414322
rosenbrock,1.0,2,cholesky,5,score_function,8192,0.02,1000,2,rosenbrock,248,0.0048410892486572266,-0.800383985042572,0.4872469902038574,0.0,0.17123468220233917,0.0025974379386752844,0.1002897396683693,0.13876792788505554
rosenbrock,1.0,2,cholesky,5,score_function,8192,0.02,1000,2,rosenbrock,249,0.004853010177612305,-0.8098806738853455,0.5128195881843567,0.0,0.22321906685829163,0.010848624631762505,0.16717703640460968,0.14751575887203217
rosenbrock,1.0,2,cholesky,5,score_function,8192,0.02,1000,2,rosenbrock,250,0.0049059391021728516,-0.8091588616371155,0.6118531227111816,0.0,0.21991930902004242,0.00481709698215127,0.115321084856987,0.18719600141048431
rosenbrock,1.0,2,cholesky,5,score_function,8192,0.02,1000,2,rosenbrock,251,0.004766941070556641,-0.8098593950271606,0.589514970779419,0.0,0.3031625747680664,0.00834905169904232,0.09741287678480148,0.28696444630622864
rosenbrock,1.0,2,cholesky,5,score_function,8192,0.02,1000,2,rosenbrock,252,0.005045890808105469,-0.8064720034599304,0.5290679335594177,0.0,0.24722111225128174,0.013173761777579784,0.1886005997657776,0.15929388999938965
rosenbrock,1.0,2,cholesky,5,score_function,8192,0.02,1000,2,rosenbrock,253,0.0049321651458740234,-0.7975867390632629,0.5161542892456055,0.0,0.17319859564304352,0.008289136923849583,0.10911144316196442,0.13425251841545105
rosenbrock,1.0,2,cholesky,5,score_function,8192,0.02,1000,2,rosenbrock,254,0.005123138427734375,-0.8003228306770325,0.4948890507221222,0.0,0.1746276468038559,0.0126557108014822,0.1462598592042923,0.09456586837768555
rosenbrock,1.0,2,cholesky,5,score_function,8192,0.02,1000,2,rosenbrock,255,0.004967927932739258,-0.7973622679710388,0.5120527148246765,0.0,0.14900757372379303,0.007999067194759846,0.09141650795936584,0.11739802360534668
rosenbrock,1.0,2,cholesky,5,score_function,8192,0.02,1000,2,rosenbrock,256,0.004915952682495117,-0.806445837020874,0.4883090853691101,0.0,0.17149850726127625,0.005712380167096853,0.12492676824331284,0.11735590547323227
rosenbrock,1.0,2,cholesky,5,score_function,8192,0.02,1000,2,rosenbrock,257,0.004965066909790039,-0.8007937669754028,0.4764256179332733,0.0,0.16277645528316498,0.01035782229155302,0.13040481507778168,0.09686833620071411
rosenbrock,1.0,2,cholesky,5,score_function,8192,0.02,1000,2,rosenbrock,258,0.0047991275787353516,-0.8018718957901001,0.5215813517570496,0.0,0.1957067996263504,0.01234034076333046,0.14502179622650146,0.13083405792713165
rosenbrock,1.0,2,cholesky,5,score_function,8192,0.02,1000,2,rosenbrock,259,0.004847049713134766,-0.8022410869598389,0.630077600479126,0.0,0.17695842683315277,0.007471638731658459,0.09281565994024277,0.1504783034324646
rosenbrock,1.0,2,cholesky,5,score_function,8192,0.02,1000,2,rosenbrock,260,0.004815101623535156,-0.7897686958312988,0.5032608509063721,0.0,0.13440820574760437,0.0055762422271072865,0.11869171261787415,0.06282313168048859
rosenbrock,1.0,2,cholesky,5,score_function,8192,0.02,1000,2,rosenbrock,261,0.0049381256103515625,-0.7971754670143127,0.516128659248352,0.0,0.250669002532959,0.012784791179001331,0.20174412429332733,0.14822550117969513
rosenbrock,1.0,2,cholesky,5,score_function,8192,0.02,1000,2,rosenbrock,262,0.004621028900146484,-0.7900236248970032,0.5031290054321289,0.0,0.2369057834148407,0.006744749844074249,0.10243615508079529,0.21350805461406708
rosenbrock,1.0,2,cholesky,5,score_function,8192,0.02,1000,2,rosenbrock,263,0.004714012145996094,-0.7938307523727417,0.48981377482414246,0.0,0.2641618847846985,0.007602232974022627,0.24571581184864044,0.09668220579624176
rosenbrock,1.0,2,cholesky,5,score_function,8192,0.02,1000,2,rosenbrock,264,0.004834175109863281,-0.7881402969360352,0.5294348001480103,0.0,0.22548051178455353,0.010850169695913792,0.09892629086971283,0.20232973992824554
rosenbrock,1.0,2,cholesky,5,score_function,8192,0.02,1000,2,rosenbrock,265,0.004904985427856445,-0.7927525043487549,0.48637470602989197,0.0,0.18639187514781952,0.006884219124913216,0.10466185212135315,0.15407931804656982
rosenbrock,1.0,2,cholesky,5,score_function,8192,0.02,1000,2,rosenbrock,266,0.0044710636138916016,-0.7875789403915405,0.5108786225318909,0.0,0.3356059789657593,0.004416420124471188,0.315273255109787,0.11495500057935715
rosenbrock,1.0,2,cholesky,5,score_function,8192,0.02,1000,2,rosenbrock,267,0.004918098449707031,-0.796159029006958,0.5659903883934021,0.0,0.25083696842193604,0.009891856461763382,0.21616743505001068,0.12685810029506683
rosenbrock,1.0,2,cholesky,5,score_function,8192,0.02,1000,2,rosenbrock,268,0.004767179489135742,-0.8003321886062622,0.5828596353530884,0.0,0.44978633522987366,0.015037302859127522,0.36991608142852783,0.2554285228252411
rosenbrock,1.0,2,cholesky,5,score_function,8192,0.02,1000,2,rosenbrock,269,0.004782915115356445,-0.7863648533821106,0.5519457459449768,0.0,0.15001730620861053,0.016796184703707695,0.1241486519575119,0.0825239047408104
rosenbrock,1.0,2,cholesky,5,score_function,8192,0.02,1000,2,rosenbrock,270,0.004745960235595703,-0.7786641716957092,0.5279507637023926,0.0,0.45765194296836853,0.01222703792154789,0.4371505677700043,0.13488946855068207
rosenbrock,1.0,2,cholesky,5,score_function,8192,0.02,1000,2,rosenbrock,271,0.004832029342651367,-0.7828344702720642,0.534887969493866,0.0,0.3320184350013733,0.0066641452722251415,0.3060566782951355,0.12853464484214783
rosenbrock,1.0,2,cholesky,5,score_function,8192,0.02,1000,2,rosenbrock,272,0.004653215408325195,-0.7885645627975464,0.592379093170166,0.0,0.3502184748649597,0.010344588197767735,0.22551676630973816,0.2677464187145233
rosenbrock,1.0,2,cholesky,5,score_function,8192,0.02,1000,2,rosenbrock,273,0.0047931671142578125,-0.7952667474746704,0.6725397706031799,0.0,0.37784627079963684,0.010301581583917141,0.2878037989139557,0.24460305273532867
rosenbrock,1.0,2,cholesky,5,score_function,8192,0.02,1000,2,rosenbrock,274,0.00485682487487793,-0.7867584228515625,0.5408976078033447,0.0,0.3011974096298218,0.006531544029712677,0.2866991460323334,0.09209134429693222
rosenbrock,1.0,2,cholesky,5,score_function,8192,0.02,1000,2,rosenbrock,275,0.004827976226806641,-0.7905823588371277,0.5587850213050842,0.0,0.3235915005207062,0.00648160744458437,0.26276546716690063,0.18874256312847137
rosenbrock,1.0,2,cholesky,5,score_function,8192,0.02,1000,2,rosenbrock,276,0.004869937896728516,-0.7826998829841614,0.5397760272026062,0.0,0.2838868796825409,0.005544786341488361,0.27664637565612793,0.06346503645181656
rosenbrock,1.0,2,cholesky,5,score_function,8192,0.02,1000,2,rosenbrock,277,0.004863262176513672,-0.7801811695098877,0.5118324160575867,0.0,0.26245805621147156,0.005307731218636036,0.24362869560718536,0.09747368097305298
rosenbrock,1.0,2,cholesky,5,score_function,8192,0.02,1000,2,rosenbrock,278,0.004796028137207031,-0.7822832465171814,0.5669190287590027,0.0,0.21002249419689178,0.010385310277342796,0.1306227147579193,0.16413195431232452
rosenbrock,1.0,2,cholesky,5,score_function,8192,0.02,1000,2,rosenbrock,279,0.004831790924072266,-0.7920920252799988,0.5829206109046936,0.0,0.23602116107940674,0.011247566901147366,0.1773442178964615,0.15533354878425598
rosenbrock,1.0,2,cholesky,5,score_function,8192,0.02,1000,2,rosenbrock,280,0.004770755767822266,-0.7804204225540161,0.46865352988243103,0.0,0.14640094339847565,0.00637064827606082,0.05891815200448036,0.13387048244476318
rosenbrock,1.0,2,cholesky,5,score_function,8192,0.02,1000,2,rosenbrock,281,0.005008220672607422,-0.792096734046936,0.5238627195358276,0.0,0.6108561754226685,0.012746666558086872,0.4067954421043396,0.45552197098731995
rosenbrock,1.0,2,cholesky,5,score_function,8192,0.02,1000,2,rosenbrock,282,0.004595279693603516,-0.7807228565216064,0.47990044951438904,0.0,0.2788044214248657,0.006966033950448036,0.2618524432182312,0.0954812616109848
rosenbrock,1.0,2,cholesky,5,score_function,8192,0.02,1000,2,rosenbrock,283,0.004716157913208008,-0.786817193031311,0.5701869130134583,0.0,0.2128663808107376,0.010996708646416664,0.1929064244031906,0.08932120352983475
rosenbrock,1.0,2,cholesky,5,score_function,8192,0.02,1000,2,rosenbrock,284,0.004942178726196289,-0.7885628342628479,0.6759119033813477,0.0,0.28066080808639526,0.007758662104606628,0.1433546394109726,0.24116331338882446
rosenbrock,1.0,2,cholesky,5,score_function,8192,0.02,1000,2,rosenbrock,285,0.0048389434814453125,-0.7777460813522339,0.4992281496524811,0.0,0.2017548382282257,0.011824856512248516,0.17928095161914825,0.09177979081869125
rosenbrock,1.0,2,cholesky,5,score_function,8192,0.02,1000,2,rosenbrock,286,0.00443267822265625,-0.7795401811599731,0.47674912214279175,0.0,0.36248722672462463,0.006036469247192144,0.29336830973625183,0.21282757818698883
rosenbrock,1.0,2,cholesky,5,score_function,8192,0.02,1000,2,rosenbrock,287,0.004909038543701172,-0.7924327850341797,0.5777931213378906,0.0,0.5931923985481262,0.012278994545340538,0.5835819840431213,0.10563358664512634
rosenbrock,1.0,2,cholesky,5,score_function,8192,0.02,1000,2,rosenbrock,288,0.004644870758056641,-0.7869282960891724,0.5759735703468323,0.0,0.2917092442512512,0.006133239716291428,0.23333805799484253,0.17495717108249664
rosenbrock,1.0,2,cholesky,5,score_function,8192,0.02,1000,2,rosenbrock,289,0.004797935485839844,-0.7812492847442627,0.5402261018753052,0.0,0.18237312138080597,0.006510978564620018,0.1499432921409607,0.10360779613256454
rosenbrock,1.0,2,cholesky,5,score_function,8192,0.02,1000,2,rosenbrock,290,0.004991054534912109,-0.782825767993927,0.639244556427002,0.0,0.28897592425346375,0.014223111793398857,0.12056922912597656,0.26223623752593994
rosenbrock,1.0,2,cholesky,5,score_function,8192,0.02,1000,2,rosenbrock,291,0.004922151565551758,-0.7782555818557739,0.5250885486602783,0.0,0.3349487781524658,0.006091903895139694,0.305814266204834,0.13649627566337585
rosenbrock,1.0,2,cholesky,5,score_function,8192,0.02,1000,2,rosenbrock,292,0.0046651363372802734,-0.7758103609085083,0.47916120290756226,0.0,0.3006908893585205,0.0061968425288796425,0.28581860661506653,0.0931897982954979
rosenbrock,1.0,2,cholesky,5,score_function,8192,0.02,1000,2,rosenbrock,293,0.004987955093383789,-0.7830108404159546,0.566757082939148,0.0,0.30154675245285034,0.010814651846885681,0.2937558591365814,0.06723827868700027
rosenbrock,1.0,2,cholesky,5,score_function,8192,0.02,1000,2,rosenbrock,294,0.004762172698974609,-0.7802676558494568,0.47760170698165894,0.0,0.24537374079227448,0.0076608783565461636,0.21489979326725006,0.11818486452102661
rosenbrock,1.0,2,cholesky,5,score_function,8192,0.02,1000,2,rosenbrock,295,0.004855155944824219,-0.7789902091026306,0.48275226354599,0.0,0.12593595683574677,0.011834523640573025,0.07730886340141296,0.0987074002623558
rosenbrock,1.0,2,cholesky,5,score_function,8192,0.02,1000,2,rosenbrock,296,0.0049588680267333984,-0.7829289436340332,0.4962581992149353,0.0,0.19099317491054535,0.008436283096671104,0.1700604110956192,0.0865255817770958
rosenbrock,1.0,2,cholesky,5,score_function,8192,0.02,1000,2,rosenbrock,297,0.00493621826171875,-0.7733073830604553,0.46797749400138855,0.0,0.3547169268131256,0.012107414193451405,0.32410508394241333,0.1436433345079422
rosenbrock,1.0,2,cholesky,5,score_function,8192,0.02,1000,2,rosenbrock,298,0.004651069641113281,-0.7784715294837952,0.5182137489318848,0.0,0.2762693464756012,0.00464586028829217,0.2457350641489029,0.12616439163684845
rosenbrock,1.0,2,cholesky,5,score_function,8192,0.02,1000,2,rosenbrock,299,0.004762887954711914,-0.7652912735939026,0.5171811580657959,0.0,0.21786457300186157,0.0037121304776519537,0.1639034003019333,0.14348123967647552
rosenbrock,1.0,2,cholesky,5,score_function,8192,0.02,1000,2,rosenbrock,300,0.004821062088012695,-0.7715306282043457,0.5758193135261536,0.0,0.13387584686279297,0.007657978683710098,0.10175029933452606,0.08666587620973587
rosenbrock,1.0,2,cholesky,5,score_function,8192,0.02,1000,2,rosenbrock,301,0.0047760009765625,-0.7682873010635376,0.5676411390304565,0.0,0.14802254736423492,0.0036586869973689318,0.12490014731884003,0.0793551430106163
rosenbrock,1.0,2,cholesky,5,score_function,8192,0.02,1000,2,rosenbrock,302,0.004806995391845703,-0.7783849239349365,0.5610541701316833,0.0,0.3062889575958252,0.009914991445839405,0.1366339474916458,0.27394482493400574
rosenbrock,1.0,2,cholesky,5,score_function,8192,0.02,1000,2,rosenbrock,303,0.004807710647583008,-0.7658970355987549,0.525328516960144,0.0,0.19550557434558868,0.00944176223129034,0.17255553603172302,0.09142138063907623
rosenbrock,1.0,2,cholesky,5,score_function,8192,0.02,1000,2,rosenbrock,304,0.004601001739501953,-0.7692669034004211,0.5090497136116028,0.0,0.18637065589427948,0.006625717040151358,0.11176521331071854,0.1489921361207962
rosenbrock,1.0,2,cholesky,5,score_function,8192,0.02,1000,2,rosenbrock,305,0.004430294036865234,-0.7684276700019836,0.4979862570762634,0.0,0.203417107462883,0.006219315808266401,0.13955505192279816,0.14786559343338013
rosenbrock,1.0,2,cholesky,5,score_function,8192,0.02,1000,2,rosenbrock,306,0.004694700241088867,-0.7751551866531372,0.5528175830841064,0.0,0.19997955858707428,0.01616368256509304,0.16541515290737152,0.11121325939893723
rosenbrock,1.0,2,cholesky,5,score_function,8192,0.02,1000,2,rosenbrock,307,0.004782915115356445,-0.7604556083679199,0.5299112200737,0.0,0.2111409306526184,0.005929508712142706,0.19261126220226288,0.08629156649112701
rosenbrock,1.0,2,cholesky,5,score_function,8192,0.02,1000,2,rosenbrock,308,0.0046350955963134766,-0.7737815976142883,0.5916635394096375,0.0,0.1656501144170761,0.013261270709335804,0.11074424535036087,0.12247371673583984
rosenbrock,1.0,2,cholesky,5,score_function,8192,0.02,1000,2,rosenbrock,309,0.004587888717651367,-0.7738642692565918,0.6598896980285645,0.0,0.34157970547676086,0.0047012087889015675,0.24742013216018677,0.23545247316360474
rosenbrock,1.0,2,cholesky,5,score_function,8192,0.02,1000,2,rosenbrock,310,0.0048809051513671875,-0.768722414970398,0.6791148781776428,0.0,0.2827446758747101,0.007128765806555748,0.13591839373111725,0.24783042073249817
rosenbrock,1.0,2,cholesky,5,score_function,8192,0.02,1000,2,rosenbrock,311,0.004625082015991211,-0.7693126797676086,0.5163766741752625,0.0,0.20876264572143555,0.01177983544766903,0.18086835741996765,0.10358433425426483
rosenbrock,1.0,2,cholesky,5,score_function,8192,0.02,1000,2,rosenbrock,312,0.0050470829010009766,-0.7764496803283691,0.5733427405357361,0.0,0.33358055353164673,0.007321842014789581,0.2887302041053772,0.16690485179424286
rosenbrock,1.0,2,cholesky,5,score_function,8192,0.02,1000,2,rosenbrock,313,0.0046100616455078125,-0.77798992395401,0.5806000232696533,0.0,0.3255435824394226,0.005036334972828627,0.2888200283050537,0.150120809674263
rosenbrock,1.0,2,cholesky,5,score_function,8192,0.02,1000,2,rosenbrock,314,0.004982948303222656,-0.7582677006721497,0.5444803237915039,0.0,0.11634207516908646,0.004883383400738239,0.09531304985284805,0.06653610616922379
rosenbrock,1.0,2,cholesky,5,score_function,8192,0.02,1000,2,rosenbrock,315,0.004784822463989258,-0.7579332590103149,0.5093326568603516,0.0,0.17397156357765198,0.010003222152590752,0.11449045687913895,0.13060617446899414
rosenbrock,1.0,2,cholesky,5,score_function,8192,0.02,1000,2,rosenbrock,316,0.0047760009765625,-0.7560613751411438,0.4970092177391052,0.0,0.17330509424209595,0.004672427661716938,0.08893001079559326,0.14867505431175232
rosenbrock,1.0,2,cholesky,5,score_function,8192,0.02,1000,2,rosenbrock,317,0.004663944244384766,-0.7636855244636536,0.548509418964386,0.0,0.23802752792835236,0.006396464537829161,0.14532120525836945,0.1884089559316635
rosenbrock,1.0,2,cholesky,5,score_function,8192,0.02,1000,2,rosenbrock,318,0.004964113235473633,-0.7718706130981445,0.6312593221664429,0.0,0.38467147946357727,0.007245618384331465,0.33810850977897644,0.18330925703048706
rosenbrock,1.0,2,cholesky,5,score_function,8192,0.02,1000,2,rosenbrock,319,0.00467991828918457,-0.7673797607421875,0.5219668745994568,0.0,0.33815205097198486,0.00526193343102932,0.2647992670536041,0.21023906767368317
rosenbrock,1.0,2,cholesky,5,score_function,8192,0.02,1000,2,rosenbrock,320,0.004976987838745117,-0.7699904441833496,0.559918999671936,0.0,0.2099883109331131,0.010194769129157066,0.10167497396469116,0.18344850838184357
rosenbrock,1.0,2,cholesky,5,score_function,8192,0.02,1000,2,rosenbrock,321,0.004792928695678711,-0.7634239792823792,0.507198691368103,0.0,0.23027442395687103,0.005980673246085644,0.1489373743534088,0.17552264034748077
rosenbrock,1.0,2,cholesky,5,score_function,8192,0.02,1000,2,rosenbrock,322,0.004860877990722656,-0.7625900506973267,0.5332142114639282,0.0,0.26448580622673035,0.010665534064173698,0.2414911836385727,0.1073359027504921
rosenbrock,1.0,2,cholesky,5,score_function,8192,0.02,1000,2,rosenbrock,323,0.004529714584350586,-0.7702029347419739,0.5529922246932983,0.0,0.2800499498844147,0.010038774460554123,0.25871798396110535,0.10673429816961288
rosenbrock,1.0,2,cholesky,5,score_function,8192,0.02,1000,2,rosenbrock,324,0.004812002182006836,-0.7621028423309326,0.573256254196167,0.0,0.3269738554954529,0.008348752744495869,0.2619704604148865,0.1954832226037979
rosenbrock,1.0,2,cholesky,5,score_function,8192,0.02,1000,2,rosenbrock,325,0.004556179046630859,-0.7543493509292603,0.5467730760574341,0.0,0.1770244985818863,0.006374784745275974,0.08848755806684494,0.15318937599658966
rosenbrock,1.0,2,cholesky,5,score_function,8192,0.02,1000,2,rosenbrock,326,0.004751920700073242,-0.7608317732810974,0.6149423122406006,0.0,0.27107879519462585,0.013549627736210823,0.10926953703165054,0.24771012365818024
rosenbrock,1.0,2,cholesky,5,score_function,8192,0.02,1000,2,rosenbrock,327,0.0048258304595947266,-0.7626423835754395,0.5036595463752747,0.0,0.22103385627269745,0.005936103872954845,0.20044708251953125,0.09296074509620667
rosenbrock,1.0,2,cholesky,5,score_function,8192,0.02,1000,2,rosenbrock,328,0.005241870880126953,-0.7640268206596375,0.6397532224655151,0.0,0.3453642725944519,0.021014943718910217,0.20741192996501923,0.2753455340862274
rosenbrock,1.0,2,cholesky,5,score_function,8192,0.02,1000,2,rosenbrock,329,0.005235910415649414,-0.7634922862052917,0.5720757842063904,0.0,0.24948681890964508,0.00573231466114521,0.22605548799037933,0.10540271550416946
rosenbrock,1.0,2,cholesky,5,score_function,8192,0.02,1000,2,rosenbrock,330,0.004858970642089844,-0.7723163366317749,0.6287848353385925,0.0,0.2867130935192108,0.003950691781938076,0.2056005895137787,0.19979289174079895
rosenbrock,1.0,2,cholesky,5,score_function,8192,0.02,1000,2,rosenbrock,331,0.004950046539306641,-0.7621299028396606,0.5134570598602295,0.0,0.140017569065094,0.007263205014169216,0.07641569525003433,0.11710169911384583
rosenbrock,1.0,2,cholesky,5,score_function,8192,0.02,1000,2,rosenbrock,332,0.004842996597290039,-0.7595017552375793,0.5116308331489563,0.0,0.26526886224746704,0.00478758942335844,0.20297189056873322,0.17072512209415436
rosenbrock,1.0,2,cholesky,5,score_function,8192,0.02,1000,2,rosenbrock,333,0.00465083122253418,-0.7674607634544373,0.5210855007171631,0.0,0.2565951943397522,0.013453963212668896,0.08652196824550629,0.24119296669960022
rosenbrock,1.0,2,cholesky,5,score_function,8192,0.02,1000,2,rosenbrock,334,0.005208015441894531,-0.7647306323051453,0.5035868287086487,0.0,0.22038038074970245,0.014833487570285797,0.1249210387468338,0.18094809353351593
rosenbrock,1.0,2,cholesky,5,score_function,8192,0.02,1000,2,rosenbrock,335,0.004708766937255859,-0.7643738389015198,0.44021207094192505,0.0,0.19987423717975616,0.0022891031112521887,0.15396881103515625,0.12742874026298523
rosenbrock,1.0,2,cholesky,5,score_function,8192,0.02,1000,2,rosenbrock,336,0.0047321319580078125,-0.7610194683074951,0.5184725522994995,0.0,0.3845134675502777,0.010162964463233948,0.25325262546539307,0.28915464878082275
rosenbrock,1.0,2,cholesky,5,score_function,8192,0.02,1000,2,rosenbrock,337,0.004856109619140625,-0.7541974782943726,0.5328548550605774,0.0,0.209051251411438,0.007562669925391674,0.10604854673147202,0.1799970269203186
rosenbrock,1.0,2,cholesky,5,score_function,8192,0.02,1000,2,rosenbrock,338,0.004567861557006836,-0.7589355707168579,0.5357991456985474,0.0,0.3299190402030945,0.0039790538139641285,0.231377512216568,0.2351492941379547
rosenbrock,1.0,2,cholesky,5,score_function,8192,0.02,1000,2,rosenbrock,339,0.004637956619262695,-0.7509707808494568,0.5924744009971619,0.0,0.23462463915348053,0.009351540356874466,0.17787504196166992,0.1527145802974701
rosenbrock,1.0,2,cholesky,5,score_function,8192,0.02,1000,2,rosenbrock,340,0.004892110824584961,-0.7548938989639282,0.48736298084259033,0.0,0.1919872909784317,0.007018243428319693,0.08316150307655334,0.17289888858795166
rosenbrock,1.0,2,cholesky,5,score_function,8192,0.02,1000,2,rosenbrock,341,0.004750967025756836,-0.7541196346282959,0.7373549342155457,0.0,0.517558753490448,0.00920997653156519,0.17753058671951294,0.4860711395740509
rosenbrock,1.0,2,cholesky,5,score_function,8192,0.02,1000,2,rosenbrock,342,0.004899740219116211,-0.7644789218902588,0.6863002777099609,0.0,0.31344839930534363,0.013194811530411243,0.26327401399612427,0.1695953607559204
rosenbrock,1.0,2,cholesky,5,score_function,8192,0.02,1000,2,rosenbrock,343,0.004848003387451172,-0.7471798658370972,0.5273643136024475,0.0,0.34918034076690674,0.008786440826952457,0.0896763727068901,0.3373541831970215
rosenbrock,1.0,2,cholesky,5,score_function,8192,0.02,1000,2,rosenbrock,344,0.004698753356933594,-0.7603500485420227,0.5204267501831055,0.0,0.27495890855789185,0.005395966582000256,0.11045443266630173,0.25174012780189514
rosenbrock,1.0,2,cholesky,5,score_function,8192,0.02,1000,2,rosenbrock,345,0.00475001335144043,-0.7579615116119385,0.5236632823944092,0.0,0.2681458592414856,0.013766475953161716,0.20614798367023468,0.17092598974704742
rosenbrock,1.0,2,cholesky,5,score_function,8192,0.02,1000,2,rosenbrock,346,0.0047838687896728516,-0.7550255060195923,0.5299491882324219,0.0,0.27743908762931824,0.005786788649857044,0.23873482644557953,0.14122548699378967
rosenbrock,1.0,2,cholesky,5,score_function,8192,0.02,1000,2,rosenbrock,347,0.004727840423583984,-0.748169481754303,0.5500025153160095,0.0,0.22622692584991455,0.005019109230488539,0.17279043793678284,0.1459345519542694
rosenbrock,1.0,2,cholesky,5,score_function,8192,0.02,1000,2,rosenbrock,348,0.004785060882568359,-0.7558896541595459,0.5552828907966614,0.0,0.195234477519989,0.007531679701060057,0.1642412692308426,0.10528332740068436
rosenbrock,1.0,2,cholesky,5,score_function,8192,0.02,1000,2,rosenbrock,349,0.004705190658569336,-0.7633800506591797,0.5775288939476013,0.0,0.27855992317199707,0.009270771406590939,0.17454716563224792,0.21689394116401672
rosenbrock,1.0,2,cholesky,5,score_function,8192,0.02,1000,2,rosenbrock,350,0.0047228336334228516,-0.7583863735198975,0.6015756130218506,0.0,0.14295722544193268,0.003817107994109392,0.09656726568937302,0.10534211248159409
rosenbrock,1.0,2,cholesky,5,score_function,8192,0.02,1000,2,rosenbrock,351,0.0048160552978515625,-0.7521588206291199,0.5424022674560547,0.0,0.2906622290611267,0.00540386326611042,0.23779699206352234,0.16705666482448578
rosenbrock,1.0,2,cholesky,5,score_function,8192,0.02,1000,2,rosenbrock,352,0.0046389102935791016,-0.7591167092323303,0.5961148738861084,0.0,0.39388975501060486,0.007255937438458204,0.181966632604599,0.3492629826068878
rosenbrock,1.0,2,cholesky,5,score_function,8192,0.02,1000,2,rosenbrock,353,0.0046579837799072266,-0.7533571720123291,0.5029587745666504,0.0,0.29491087794303894,0.006976302247494459,0.25555795431137085,0.14701656997203827
rosenbrock,1.0,2,cholesky,5,score_function,8192,0.02,1000,2,rosenbrock,354,0.0048980712890625,-0.7494706511497498,0.6153656840324402,0.0,0.19386298954486847,0.00344762671738863,0.11890649795532227,0.15307584404945374
rosenbrock,1.0,2,cholesky,5,score_function,8192,0.02,1000,2,rosenbrock,355,0.004670143127441406,-0.7427260875701904,0.49427273869514465,0.0,0.20331181585788727,0.00991859007626772,0.11466711759567261,0.16759705543518066
rosenbrock,1.0,2,cholesky,5,score_function,8192,0.02,1000,2,rosenbrock,356,0.004675149917602539,-0.7425378561019897,0.5091946125030518,0.0,0.15617620944976807,0.005172189325094223,0.13092923164367676,0.08498112857341766
rosenbrock,1.0,2,cholesky,5,score_function,8192,0.02,1000,2,rosenbrock,357,0.004778146743774414,-0.7430435419082642,0.5474438667297363,0.0,0.1486116200685501,0.004087316803634167,0.05675916001200676,0.1372847557067871
rosenbrock,1.0,2,cholesky,5,score_function,8192,0.02,1000,2,rosenbrock,358,0.004608869552612305,-0.7410244345664978,0.5476394891738892,0.0,0.28695130348205566,0.0066907573491334915,0.2290598303079605,0.17270749807357788
rosenbrock,1.0,2,cholesky,5,score_function,8192,0.02,1000,2,rosenbrock,359,0.0047299861907958984,-0.7489712238311768,0.5024189352989197,0.0,0.1094050332903862,0.006747073493897915,0.0729786679148674,0.08122838288545609
rosenbrock,1.0,2,cholesky,5,score_function,8192,0.02,1000,2,rosenbrock,360,0.00475764274597168,-0.7457390427589417,0.5430740714073181,0.0,0.24078568816184998,0.005484296474605799,0.17151832580566406,0.16890570521354675
rosenbrock,1.0,2,cholesky,5,score_function,8192,0.02,1000,2,rosenbrock,361,0.005061149597167969,-0.7619437575340271,0.6099565625190735,0.0,0.31958630681037903,0.015631232410669327,0.24270300567150116,0.20733143389225006
rosenbrock,1.0,2,cholesky,5,score_function,8192,0.02,1000,2,rosenbrock,362,0.004877805709838867,-0.7517731189727783,0.5841017961502075,0.0,0.19932222366333008,0.00840220507234335,0.08401566743850708,0.18055503070354462
rosenbrock,1.0,2,cholesky,5,score_function,8192,0.02,1000,2,rosenbrock,363,0.00500798225402832,-0.7501360177993774,0.598007321357727,0.0,0.2820703685283661,0.005347751080989838,0.24749213457107544,0.13521365821361542
rosenbrock,1.0,2,cholesky,5,score_function,8192,0.02,1000,2,rosenbrock,364,0.0047757625579833984,-0.7477360963821411,0.5275521874427795,0.0,0.13479052484035492,0.010304491966962814,0.10826337337493896,0.07963255047798157
rosenbrock,1.0,2,cholesky,5,score_function,8192,0.02,1000,2,rosenbrock,365,0.004475831985473633,-0.7494858503341675,0.6124774813652039,0.0,0.281588077545166,0.012423574924468994,0.15158618986606598,0.2369791716337204
rosenbrock,1.0,2,cholesky,5,score_function,8192,0.02,1000,2,rosenbrock,366,0.004853963851928711,-0.7547074556350708,0.547942578792572,0.0,0.16794073581695557,0.003131783800199628,0.12557366490364075,0.11146987974643707
rosenbrock,1.0,2,cholesky,5,score_function,8192,0.02,1000,2,rosenbrock,367,0.0048639774322509766,-0.7448474168777466,0.5674729347229004,0.0,0.25303322076797485,0.00758961820974946,0.22407668828964233,0.11729385703802109
rosenbrock,1.0,2,cholesky,5,score_function,8192,0.02,1000,2,rosenbrock,368,0.004656791687011719,-0.7403853535652161,0.5373623967170715,0.0,0.17631259560585022,0.006275678053498268,0.15894772112369537,0.07604191452264786
rosenbrock,1.0,2,cholesky,5,score_function,8192,0.02,1000,2,rosenbrock,369,0.004587888717651367,-0.7394993901252747,0.6191693544387817,0.0,0.2041938304901123,0.009064452722668648,0.09533343464136124,0.18034547567367554
rosenbrock,1.0,2,cholesky,5,score_function,8192,0.02,1000,2,rosenbrock,370,0.004663228988647461,-0.7562289834022522,0.6475671529769897,0.0,0.28407686948776245,0.003016997594386339,0.16837544739246368,0.22877995669841766
rosenbrock,1.0,2,cholesky,5,score_function,8192,0.02,1000,2,rosenbrock,371,0.004851818084716797,-0.7321135997772217,0.5449452996253967,0.0,0.27021265029907227,0.011886294931173325,0.20085695385932922,0.18036098778247833
rosenbrock,1.0,2,cholesky,5,score_function,8192,0.02,1000,2,rosenbrock,372,0.00461125373840332,-0.7395660877227783,0.5533130168914795,0.0,0.21198676526546478,0.004873163532465696,0.1202864870429039,0.17448724806308746
rosenbrock,1.0,2,cholesky,5,score_function,8192,0.02,1000,2,rosenbrock,373,0.0048105716705322266,-0.7454603910446167,0.5116531252861023,0.0,0.22944562137126923,0.005477150436490774,0.1900440752506256,0.12844669818878174
rosenbrock,1.0,2,cholesky,5,score_function,8192,0.02,1000,2,rosenbrock,374,0.004687309265136719,-0.7413219809532166,0.5064679980278015,0.0,0.11466483771800995,0.005759851075708866,0.06315778195858002,0.09552979469299316
rosenbrock,1.0,2,cholesky,5,score_function,8192,0.02,1000,2,rosenbrock,375,0.005047798156738281,-0.7460883259773254,0.5747501850128174,0.0,0.28999263048171997,0.006910153664648533,0.22570408880710602,0.18194958567619324
rosenbrock,1.0,2,cholesky,5,score_function,8192,0.02,1000,2,rosenbrock,376,0.004701852798461914,-0.7501571774482727,0.5224238634109497,0.0,0.1701372265815735,0.0053670452907681465,0.11735514551401138,0.12306763231754303
rosenbrock,1.0,2,cholesky,5,score_function,8192,0.02,1000,2,rosenbrock,377,0.00485992431640625,-0.7512798309326172,0.6519663333892822,0.0,0.24094471335411072,0.006186224054545164,0.1941259205341339,0.1425875425338745
rosenbrock,1.0,2,cholesky,5,score_function,8192,0.02,1000,2,rosenbrock,378,0.004906892776489258,-0.7533772587776184,0.590736985206604,0.0,0.31327781081199646,0.011796033941209316,0.1490948349237442,0.27527180314064026
rosenbrock,1.0,2,cholesky,5,score_function,8192,0.02,1000,2,rosenbrock,379,0.004967212677001953,-0.7397350668907166,0.5195595622062683,0.0,0.19017550349235535,0.010162855498492718,0.16691847145557404,0.09056302160024643
rosenbrock,1.0,2,cholesky,5,score_function,8192,0.02,1000,2,rosenbrock,380,0.004997968673706055,-0.7350062131881714,0.5329877138137817,0.0,0.22045722603797913,0.009360617958009243,0.11586944013834,0.18731802701950073
rosenbrock,1.0,2,cholesky,5,score_function,8192,0.02,1000,2,rosenbrock,381,0.004631996154785156,-0.7464136481285095,0.5438898205757141,0.0,0.27687394618988037,0.008166969753801823,0.19039955735206604,0.20084944367408752
rosenbrock,1.0,2,cholesky,5,score_function,8192,0.02,1000,2,rosenbrock,382,0.0045812129974365234,-0.7437870502471924,0.564831018447876,0.0,0.3289015591144562,0.0053192079067230225,0.13046963512897491,0.301870197057724
rosenbrock,1.0,2,cholesky,5,score_function,8192,0.02,1000,2,rosenbrock,383,0.0050868988037109375,-0.7357582449913025,0.5169080495834351,0.0,0.20310011506080627,0.0051571521908044815,0.16475558280944824,0.1186535432934761
rosenbrock,1.0,2,cholesky,5,score_function,8192,0.02,1000,2,rosenbrock,384,0.004621028900146484,-0.7377285361289978,0.5091230273246765,0.0,0.10858717560768127,0.010199712589383125,0.06407007575035095,0.08707563579082489
rosenbrock,1.0,2,cholesky,5,score_function,8192,0.02,1000,2,rosenbrock,385,0.0050411224365234375,-0.7412974834442139,0.5946019887924194,0.0,0.19377513229846954,0.006086073815822601,0.1482720971107483,0.12460797280073166
rosenbrock,1.0,2,cholesky,5,score_function,8192,0.02,1000,2,rosenbrock,386,0.004836082458496094,-0.7457960247993469,0.6286163330078125,0.0,0.23578143119812012,0.00965503603219986,0.12205103039741516,0.20150236785411835
rosenbrock,1.0,2,cholesky,5,score_function,8192,0.02,1000,2,rosenbrock,387,0.0047321319580078125,-0.7340785264968872,0.5287822484970093,0.0,0.14085306227207184,0.006886820308864117,0.12136274576187134,0.07115645706653595
rosenbrock,1.0,2,cholesky,5,score_function,8192,0.02,1000,2,rosenbrock,388,0.004517078399658203,-0.7381231784820557,0.5451273322105408,0.0,0.16903957724571228,0.0031971465796232224,0.12748178839683533,0.11096193641424179
rosenbrock,1.0,2,cholesky,5,score_function,8192,0.02,1000,2,rosenbrock,389,0.004683017730712891,-0.7292397022247314,0.5333749651908875,0.0,0.26820582151412964,0.01197703555226326,0.1224319264292717,0.23833033442497253
rosenbrock,1.0,2,cholesky,5,score_function,8192,0.02,1000,2,rosenbrock,390,0.004641056060791016,-0.7423838973045349,0.5271785259246826,0.0,0.24170127511024475,0.006747022736817598,0.11283188313245773,0.21364212036132812
rosenbrock,1.0,2,cholesky,5,score_function,8192,0.02,1000,2,rosenbrock,391,0.00488591194152832,-0.7451097369194031,0.5942720770835876,0.0,0.30596980452537537,0.012972252443432808,0.11496756970882416,0.2832520008087158
rosenbrock,1.0,2,cholesky,5,score_function,8192,0.02,1000,2,rosenbrock,392,0.004904747009277344,-0.741259753704071,0.5485208630561829,0.0,0.2327251434326172,0.007470434065908194,0.17608213424682617,0.1519877165555954
rosenbrock,1.0,2,cholesky,5,score_function,8192,0.02,1000,2,rosenbrock,393,0.004785060882568359,-0.7468366622924805,0.5627766847610474,0.0,0.2594764530658722,0.008828479796648026,0.19476193189620972,0.17122463881969452
rosenbrock,1.0,2,cholesky,5,score_function,8192,0.02,1000,2,rosenbrock,394,0.0046389102935791016,-0.7336390614509583,0.541520893573761,0.0,0.16151225566864014,0.005482063628733158,0.10360077023506165,0.12378625571727753
rosenbrock,1.0,2,cholesky,5,score_function,8192,0.02,1000,2,rosenbrock,395,0.004717111587524414,-0.740655779838562,0.6112578511238098,0.0,0.21103376150131226,0.010070367716252804,0.12985660135746002,0.16604547202587128
rosenbrock,1.0,2,cholesky,5,score_function,8192,0.02,1000,2,rosenbrock,396,0.0045740604400634766,-0.7475422620773315,0.6006183624267578,0.0,0.27583563327789307,0.00767154386267066,0.10959900170564651,0.25301089882850647
rosenbrock,1.0,2,cholesky,5,score_function,8192,0.02,1000,2,rosenbrock,397,0.005085945129394531,-0.7324787378311157,0.5142370462417603,0.0,0.2771419882774353,0.013095264323055744,0.1971498280763626,0.1943403035402298
rosenbrock,1.0,2,cholesky,5,score_function,8192,0.02,1000,2,rosenbrock,398,0.004566192626953125,-0.7421514391899109,0.5646171569824219,0.0,0.1820373684167862,0.00866531953215599,0.10519547015428543,0.14831194281578064
rosenbrock,1.0,2,cholesky,5,score_function,8192,0.02,1000,2,rosenbrock,399,0.00503087043762207,-0.7431279420852661,0.6341479420661926,0.0,0.3969419002532959,0.010271584615111351,0.3227860629558563,0.2307954877614975
rosenbrock,1.0,2,cholesky,5,score_function,8192,0.02,1000,2,rosenbrock,400,0.00455021858215332,-0.7357677817344666,0.5808461308479309,0.0,0.21067383885383606,0.005994228646159172,0.18543574213981628,0.09980544447898865
rosenbrock,1.0,2,cholesky,5,score_function,8192,0.02,1000,2,rosenbrock,401,0.00465703010559082,-0.7297444939613342,0.5532026886940002,0.0,0.15773220360279083,0.0077694314531981945,0.09404919296503067,0.12638764083385468
rosenbrock,1.0,2,cholesky,5,score_function,8192,0.02,1000,2,rosenbrock,402,0.004600048065185547,-0.7444852590560913,0.5725613236427307,0.0,0.15653128921985626,0.011550161056220531,0.08694980293512344,0.12964709103107452
rosenbrock,1.0,2,cholesky,5,score_function,8192,0.02,1000,2,rosenbrock,403,0.004925966262817383,-0.7251992225646973,0.5062616467475891,0.0,0.27921485900878906,0.006839512847363949,0.24176454544067383,0.13951370120048523
rosenbrock,1.0,2,cholesky,5,score_function,8192,0.02,1000,2,rosenbrock,404,0.004683732986450195,-0.7407907843589783,0.5182910561561584,0.0,0.39053669571876526,0.006757330149412155,0.3630668520927429,0.14372098445892334
rosenbrock,1.0,2,cholesky,5,score_function,8192,0.02,1000,2,rosenbrock,405,0.004975080490112305,-0.7278085947036743,0.5372249484062195,0.0,0.2476048767566681,0.006002162583172321,0.06896208226680756,0.2377317249774933
rosenbrock,1.0,2,cholesky,5,score_function,8192,0.02,1000,2,rosenbrock,406,0.004546165466308594,-0.7392005920410156,0.6319659948348999,0.0,0.24639959633350372,0.009279279969632626,0.19192147254943848,0.1542491316795349
rosenbrock,1.0,2,cholesky,5,score_function,8192,0.02,1000,2,rosenbrock,407,0.0048487186431884766,-0.7276690602302551,0.5513195991516113,0.0,0.31064337491989136,0.004563294351100922,0.2540665864944458,0.17868590354919434
rosenbrock,1.0,2,cholesky,5,score_function,8192,0.02,1000,2,rosenbrock,408,0.0045261383056640625,-0.7346193790435791,0.5236100554466248,0.0,0.24332407116889954,0.012813933193683624,0.18133659660816193,0.1617388129234314
rosenbrock,1.0,2,cholesky,5,score_function,8192,0.02,1000,2,rosenbrock,409,0.005109071731567383,-0.7362707853317261,0.5602783560752869,0.0,0.31221774220466614,0.006451633293181658,0.272837370634079,0.15165112912654877
rosenbrock,1.0,2,cholesky,5,score_function,8192,0.02,1000,2,rosenbrock,410,0.004945039749145508,-0.7315971851348877,0.54910808801651,0.0,0.1887478083372116,0.006674095988273621,0.1115264818072319,0.15212833881378174
rosenbrock,1.0,2,cholesky,5,score_function,8192,0.02,1000,2,rosenbrock,411,0.005400896072387695,-0.7341259717941284,0.5422195792198181,0.0,0.2837619185447693,0.007995016872882843,0.22169871628284454,0.17693667113780975
rosenbrock,1.0,2,cholesky,5,score_function,8192,0.02,1000,2,rosenbrock,412,0.004537820816040039,-0.734687864780426,0.5906749963760376,0.0,0.3010508120059967,0.004282722715288401,0.1685829907655716,0.249385267496109
rosenbrock,1.0,2,cholesky,5,score_function,8192,0.02,1000,2,rosenbrock,413,0.004912137985229492,-0.7350447773933411,0.622658908367157,0.0,0.2179359644651413,0.01626475900411606,0.14704006910324097,0.16003362834453583
rosenbrock,1.0,2,cholesky,5,score_function,8192,0.02,1000,2,rosenbrock,414,0.0046520233154296875,-0.7365083694458008,0.6379925012588501,0.0,0.22354914247989655,0.01604524813592434,0.16015511751174927,0.15513579547405243
rosenbrock,1.0,2,cholesky,5,score_function,8192,0.02,1000,2,rosenbrock,415,0.004709005355834961,-0.7295985221862793,0.537894606590271,0.0,0.1950923353433609,0.011476363986730576,0.13099703192710876,0.14411486685276031
rosenbrock,1.0,2,cholesky,5,score_function,8192,0.02,1000,2,rosenbrock,416,0.004609107971191406,-0.7281248569488525,0.5581305027008057,0.0,0.19159035384655,0.009362895973026752,0.16380737721920013,0.09892594069242477
rosenbrock,1.0,2,cholesky,5,score_function,8192,0.02,1000,2,rosenbrock,417,0.004654884338378906,-0.7221508026123047,0.5345515012741089,0.0,0.18676897883415222,0.005558240693062544,0.10811281204223633,0.15219520032405853
rosenbrock,1.0,2,cholesky,5,score_function,8192,0.02,1000,2,rosenbrock,418,0.004466056823730469,-0.7398037910461426,0.574520468711853,0.0,0.18808981776237488,0.00898598413914442,0.16845959424972534,0.08317690342664719
rosenbrock,1.0,2,cholesky,5,score_function,8192,0.02,1000,2,rosenbrock,419,0.004899024963378906,-0.7428907155990601,0.5839534997940063,0.0,0.14623598754405975,0.013194031082093716,0.11231718957424164,0.09271314740180969
rosenbrock,1.0,2,cholesky,5,score_function,8192,0.02,1000,2,rosenbrock,420,0.004580020904541016,-0.7309656143188477,0.5289257764816284,0.0,0.22579695284366608,0.004740531090646982,0.15982316434383392,0.1594313234090805
rosenbrock,1.0,2,cholesky,5,score_function,8192,0.02,1000,2,rosenbrock,421,0.005028963088989258,-0.7294000387191772,0.5458157658576965,0.0,0.15215197205543518,0.010383441112935543,0.09895758330821991,0.11510777473449707
rosenbrock,1.0,2,cholesky,5,score_function,8192,0.02,1000,2,rosenbrock,422,0.004520893096923828,-0.7337491512298584,0.7003798484802246,0.0,0.2821049392223358,0.011207724921405315,0.17453327775001526,0.2213497757911682
rosenbrock,1.0,2,cholesky,5,score_function,8192,0.02,1000,2,rosenbrock,423,0.004945039749145508,-0.7350607514381409,0.5598375797271729,0.0,0.2361326813697815,0.008139939978718758,0.17349037528038025,0.15997961163520813
rosenbrock,1.0,2,cholesky,5,score_function,8192,0.02,1000,2,rosenbrock,424,0.004749774932861328,-0.7378725409507751,0.6866362690925598,0.0,0.19964800775051117,0.008448407053947449,0.11778227984905243,0.16098223626613617
rosenbrock,1.0,2,cholesky,5,score_function,8192,0.02,1000,2,rosenbrock,425,0.004862070083618164,-0.7230778932571411,0.5571409463882446,0.0,0.2969135642051697,0.006676989141851664,0.12283029407262802,0.2702328860759735
rosenbrock,1.0,2,cholesky,5,score_function,8192,0.02,1000,2,rosenbrock,426,0.004697084426879883,-0.7146879434585571,0.5701826810836792,0.0,0.1531665176153183,0.01068161241710186,0.12203465402126312,0.09194254130125046
rosenbrock,1.0,2,cholesky,5,score_function,8192,0.02,1000,2,rosenbrock,427,0.004827022552490234,-0.7284970283508301,0.5968677401542664,0.0,0.3294675350189209,0.0073996651917696,0.1762038767337799,0.2782917320728302
rosenbrock,1.0,2,cholesky,5,score_function,8192,0.02,1000,2,rosenbrock,428,0.004643678665161133,-0.7312501668930054,0.6320276856422424,0.0,0.2885884940624237,0.005607111379504204,0.23849859833717346,0.1623893678188324
rosenbrock,1.0,2,cholesky,5,score_function,8192,0.02,1000,2,rosenbrock,429,0.004965066909790039,-0.7290615439414978,0.5552098751068115,0.0,0.19148044288158417,0.005638209171593189,0.1560761034488678,0.11078454554080963
rosenbrock,1.0,2,cholesky,5,score_function,8192,0.02,1000,2,rosenbrock,430,0.004647016525268555,-0.7273765206336975,0.5510977506637573,0.0,0.13758966326713562,0.005090943071991205,0.1095338985323906,0.08311030268669128
rosenbrock,1.0,2,cholesky,5,score_function,8192,0.02,1000,2,rosenbrock,431,0.0050890445709228516,-0.7307240962982178,0.600784182548523,0.0,0.2702367305755615,0.008152708411216736,0.18498587608337402,0.19682897627353668
rosenbrock,1.0,2,cholesky,5,score_function,8192,0.02,1000,2,rosenbrock,432,0.0046329498291015625,-0.7368171215057373,0.6756179928779602,0.0,0.24877889454364777,0.010188844986259937,0.133416086435318,0.20973144471645355
rosenbrock,1.0,2,cholesky,5,score_function,8192,0.02,1000,2,rosenbrock,433,0.004744291305541992,-0.7301027774810791,0.5675966143608093,0.0,0.21645034849643707,0.010799884796142578,0.13688574731349945,0.16732126474380493
rosenbrock,1.0,2,cholesky,5,score_function,8192,0.02,1000,2,rosenbrock,434,0.004657745361328125,-0.7323359251022339,0.5874828100204468,0.0,0.27475711703300476,0.015959519892930984,0.17970792949199677,0.20722413063049316
rosenbrock,1.0,2,cholesky,5,score_function,8192,0.02,1000,2,rosenbrock,435,0.0050046443939208984,-0.7301318645477295,0.5283383727073669,0.0,0.22823527455329895,0.006929912604391575,0.11739944666624069,0.1956033855676651
rosenbrock,1.0,2,cholesky,5,score_function,8192,0.02,1000,2,rosenbrock,436,0.0045680999755859375,-0.7299492955207825,0.5369384288787842,0.0,0.18499720096588135,0.006327974144369364,0.12040051817893982,0.14031264185905457
rosenbrock,1.0,2,cholesky,5,score_function,8192,0.02,1000,2,rosenbrock,437,0.004694938659667969,-0.7459604740142822,0.6289511919021606,0.0,0.21088549494743347,0.0032469131983816624,0.1590299904346466,0.13846157491207123
rosenbrock,1.0,2,cholesky,5,score_function,8192,0.02,1000,2,rosenbrock,438,0.004591703414916992,-0.72765052318573,0.5567507147789001,0.0,0.18763089179992676,0.0031894538551568985,0.11760522425174713,0.14616495370864868
rosenbrock,1.0,2,cholesky,5,score_function,8192,0.02,1000,2,rosenbrock,439,0.004887104034423828,-0.7203628420829773,0.5627012252807617,0.0,0.1540377140045166,0.0065463935025036335,0.08388900756835938,0.12902481853961945
rosenbrock,1.0,2,cholesky,5,score_function,8192,0.02,1000,2,rosenbrock,440,0.004617929458618164,-0.7246007919311523,0.5504712462425232,0.0,0.18786309659481049,0.0029230595100671053,0.1340683251619339,0.13156628608703613
rosenbrock,1.0,2,cholesky,5,score_function,8192,0.02,1000,2,rosenbrock,441,0.004943132400512695,-0.7310797572135925,0.5439920425415039,0.0,0.17396369576454163,0.010232429020106792,0.13649962842464447,0.10736162215471268
rosenbrock,1.0,2,cholesky,5,score_function,8192,0.02,1000,2,rosenbrock,442,0.004737138748168945,-0.7243918776512146,0.5121922492980957,0.0,0.24589423835277557,0.006393590476363897,0.18530216813087463,0.16151227056980133
rosenbrock,1.0,2,cholesky,5,score_function,8192,0.02,1000,2,rosenbrock,443,0.005043745040893555,-0.7253807783126831,0.6162592172622681,0.0,0.27304208278656006,0.00510451989248395,0.17168590426445007,0.2122495174407959
rosenbrock,1.0,2,cholesky,5,score_function,8192,0.02,1000,2,rosenbrock,444,0.004559040069580078,-0.7260468602180481,0.5594114065170288,0.0,0.24457362294197083,0.004261631518602371,0.21194666624069214,0.12197011709213257
rosenbrock,1.0,2,cholesky,5,score_function,8192,0.02,1000,2,rosenbrock,445,0.0047948360443115234,-0.7236159443855286,0.5440283417701721,0.0,0.14275921881198883,0.003454116638749838,0.07980956137180328,0.11831608414649963
rosenbrock,1.0,2,cholesky,5,score_function,8192,0.02,1000,2,rosenbrock,446,0.004736900329589844,-0.7338900566101074,0.5805670022964478,0.0,0.21681787073612213,0.003729674033820629,0.08855242282152176,0.19787508249282837
rosenbrock,1.0,2,cholesky,5,score_function,8192,0.02,1000,2,rosenbrock,447,0.004890918731689453,-0.7117795944213867,0.5002181529998779,0.0,0.24223855137825012,0.005593139212578535,0.1596584916114807,0.18209171295166016
rosenbrock,1.0,2,cholesky,5,score_function,8192,0.02,1000,2,rosenbrock,448,0.0046041011810302734,-0.7260233163833618,0.5765676498413086,0.0,0.12151870131492615,0.005452852696180344,0.07781709730625153,0.09317489713430405
rosenbrock,1.0,2,cholesky,5,score_function,8192,0.02,1000,2,rosenbrock,449,0.0047953128814697266,-0.7250458002090454,0.5846561789512634,0.0,0.1644619107246399,0.008744942024350166,0.09290173649787903,0.13542714715003967
rosenbrock,1.0,2,cholesky,5,score_function,8192,0.02,1000,2,rosenbrock,450,0.0046770572662353516,-0.7221029996871948,0.5580870509147644,0.0,0.1920715570449829,0.014988597482442856,0.15691602230072021,0.10974601656198502
rosenbrock,1.0,2,cholesky,5,score_function,8192,0.02,1000,2,rosenbrock,451,0.004721164703369141,-0.7248536944389343,0.6386509537696838,0.0,0.32312482595443726,0.011135026812553406,0.13690632581710815,0.29247620701789856
rosenbrock,1.0,2,cholesky,5,score_function,8192,0.02,1000,2,rosenbrock,452,0.004597187042236328,-0.7279577255249023,0.6477144360542297,0.0,0.19269675016403198,0.0077377124689519405,0.143405944108963,0.12847918272018433
rosenbrock,1.0,2,cholesky,5,score_function,8192,0.02,1000,2,rosenbrock,453,0.004971027374267578,-0.7239289283752441,0.6026974320411682,0.0,0.2400062084197998,0.0035057677887380123,0.14792059361934662,0.1889713853597641
rosenbrock,1.0,2,cholesky,5,score_function,8192,0.02,1000,2,rosenbrock,454,0.004674673080444336,-0.7190243601799011,0.5558168292045593,0.0,0.1257401406764984,0.008840952068567276,0.0923604741692543,0.08486437797546387
rosenbrock,1.0,2,cholesky,5,score_function,8192,0.02,1000,2,rosenbrock,455,0.004686832427978516,-0.7186039686203003,0.5363216400146484,0.0,0.14889442920684814,0.008745890110731125,0.1111539900302887,0.09868054836988449
rosenbrock,1.0,2,cholesky,5,score_function,8192,0.02,1000,2,rosenbrock,456,0.00480198860168457,-0.7263181805610657,0.7362432479858398,0.0,0.42549338936805725,0.011023099534213543,0.1197965070605278,0.4081321954727173
rosenbrock,1.0,2,cholesky,5,score_function,8192,0.02,1000,2,rosenbrock,457,0.004899740219116211,-0.7293562889099121,0.5468000769615173,0.0,0.18804310262203217,0.009070338681340218,0.10181474685668945,0.15783438086509705
rosenbrock,1.0,2,cholesky,5,score_function,8192,0.02,1000,2,rosenbrock,458,0.00446629524230957,-0.7280916571617126,0.5948721170425415,0.0,0.2418959140777588,0.008713390678167343,0.16604989767074585,0.17568476498126984
rosenbrock,1.0,2,cholesky,5,score_function,8192,0.02,1000,2,rosenbrock,459,0.004892110824584961,-0.7154248952865601,0.5434255003929138,0.0,0.20769260823726654,0.011960984207689762,0.07210005819797516,0.19440868496894836
rosenbrock,1.0,2,cholesky,5,score_function,8192,0.02,1000,2,rosenbrock,460,0.004976987838745117,-0.7263377904891968,0.6340615153312683,0.0,0.17402856051921844,0.008284215815365314,0.12501747906208038,0.12078054249286652
rosenbrock,1.0,2,cholesky,5,score_function,8192,0.02,1000,2,rosenbrock,461,0.004721879959106445,-0.7223685383796692,0.6057033538818359,0.0,0.21825240552425385,0.008769490756094456,0.15470440685749054,0.15370021760463715
rosenbrock,1.0,2,cholesky,5,score_function,8192,0.02,1000,2,rosenbrock,462,0.004522085189819336,-0.7092196941375732,0.5199195146560669,0.0,0.23471912741661072,0.0027322834357619286,0.10395167022943497,0.21042731404304504
rosenbrock,1.0,2,cholesky,5,score_function,8192,0.02,1000,2,rosenbrock,463,0.004880189895629883,-0.7221058011054993,0.6292453408241272,0.0,0.2134435474872589,0.011685006320476532,0.14410658180713654,0.15701879560947418
rosenbrock,1.0,2,cholesky,5,score_function,8192,0.02,1000,2,rosenbrock,464,0.004633188247680664,-0.7234992980957031,0.5274976491928101,0.0,0.19248273968696594,0.009626339189708233,0.15805433690547943,0.10943380743265152
rosenbrock,1.0,2,cholesky,5,score_function,8192,0.02,1000,2,rosenbrock,465,0.004900217056274414,-0.7270163893699646,0.584893524646759,0.0,0.2521415948867798,0.0030978538561612368,0.16889700293540955,0.18718864023685455
rosenbrock,1.0,2,cholesky,5,score_function,8192,0.02,1000,2,rosenbrock,466,0.004802227020263672,-0.7136170864105225,0.5623761415481567,0.0,0.22933968901634216,0.004448086488991976,0.07499385625123978,0.21668602526187897
rosenbrock,1.0,2,cholesky,5,score_function,8192,0.02,1000,2,rosenbrock,467,0.004809141159057617,-0.7207571864128113,0.5900470018386841,0.0,0.30720463395118713,0.011543971486389637,0.252469003200531,0.1746448129415512
rosenbrock,1.0,2,cholesky,5,score_function,8192,0.02,1000,2,rosenbrock,468,0.004824161529541016,-0.7224152088165283,0.5614399909973145,0.0,0.31993386149406433,0.005223369691520929,0.10480698943138123,0.30223482847213745
rosenbrock,1.0,2,cholesky,5,score_function,8192,0.02,1000,2,rosenbrock,469,0.0049130916595458984,-0.7129773497581482,0.549953818321228,0.0,0.16074112057685852,0.0028604718390852213,0.10676021128892899,0.12013237178325653
rosenbrock,1.0,2,cholesky,5,score_function,8192,0.02,1000,2,rosenbrock,470,0.004616975784301758,-0.7165536880493164,0.548324704170227,0.0,0.11421552300453186,0.008522923104465008,0.0827089175581932,0.078305684030056
rosenbrock,1.0,2,cholesky,5,score_function,8192,0.02,1000,2,rosenbrock,471,0.004833221435546875,-0.7219854593276978,0.6149929761886597,0.0,0.33982717990875244,0.008125358261168003,0.16187575459480286,0.2986849844455719
rosenbrock,1.0,2,cholesky,5,score_function,8192,0.02,1000,2,rosenbrock,472,0.004605770111083984,-0.7213019728660583,0.5787119269371033,0.0,0.15390869975090027,0.010387824848294258,0.13910341262817383,0.06504011899232864
rosenbrock,1.0,2,cholesky,5,score_function,8192,0.02,1000,2,rosenbrock,473,0.004877805709838867,-0.7106084823608398,0.560104250907898,0.0,0.19477230310440063,0.012302041053771973,0.07674595713615417,0.17859162390232086
rosenbrock,1.0,2,cholesky,5,score_function,8192,0.02,1000,2,rosenbrock,474,0.0046749114990234375,-0.7200487852096558,0.5905882716178894,0.0,0.16863881051540375,0.008828924968838692,0.09437940269708633,0.1394762545824051
rosenbrock,1.0,2,cholesky,5,score_function,8192,0.02,1000,2,rosenbrock,475,0.00501704216003418,-0.7206087112426758,0.5350971817970276,0.0,0.26157721877098083,0.0038440031930804253,0.1900050938129425,0.17973847687244415
rosenbrock,1.0,2,cholesky,5,score_function,8192,0.02,1000,2,rosenbrock,476,0.004815816879272461,-0.712532639503479,0.577149510383606,0.0,0.24159881472587585,0.013231581076979637,0.07135352492332458,0.23044215142726898
rosenbrock,1.0,2,cholesky,5,score_function,8192,0.02,1000,2,rosenbrock,477,0.0049648284912109375,-0.7233506441116333,0.5727349519729614,0.0,0.174444779753685,0.002919477876275778,0.10982680320739746,0.13550105690956116
rosenbrock,1.0,2,cholesky,5,score_function,8192,0.02,1000,2,rosenbrock,478,0.00486302375793457,-0.7112330198287964,0.5403565764427185,0.0,0.17933766543865204,0.008921275846660137,0.0939975380897522,0.15246924757957458
rosenbrock,1.0,2,cholesky,5,score_function,8192,0.02,1000,2,rosenbrock,479,0.00498199462890625,-0.739612877368927,0.6328953504562378,0.0,0.2852447032928467,0.014041666872799397,0.09896806627511978,0.2671566605567932
rosenbrock,1.0,2,cholesky,5,score_function,8192,0.02,1000,2,rosenbrock,480,0.004526853561401367,-0.7159466743469238,0.5591605305671692,0.0,0.17866064608097076,0.004194156266748905,0.08870519697666168,0.15502716600894928
rosenbrock,1.0,2,cholesky,5,score_function,8192,0.02,1000,2,rosenbrock,481,0.0047092437744140625,-0.7164244055747986,0.5415526628494263,0.0,0.2128126323223114,0.005625410005450249,0.13365496695041656,0.16551107168197632
rosenbrock,1.0,2,cholesky,5,score_function,8192,0.02,1000,2,rosenbrock,482,0.004580974578857422,-0.7118980288505554,0.575177013874054,0.0,0.1573784500360489,0.004531404469162226,0.11897611618041992,0.10291805863380432
rosenbrock,1.0,2,cholesky,5,score_function,8192,0.02,1000,2,rosenbrock,483,0.004671812057495117,-0.728451132774353,0.7201698422431946,0.0,0.423666387796402,0.006574687547981739,0.2433485984802246,0.3467440903186798
rosenbrock,1.0,2,cholesky,5,score_function,8192,0.02,1000,2,rosenbrock,484,0.004873991012573242,-0.7254212498664856,0.6262744665145874,0.0,0.18051446974277496,0.00870162807404995,0.05113910138607025,0.17290040850639343
rosenbrock,1.0,2,cholesky,5,score_function,8192,0.02,1000,2,rosenbrock,485,0.004799842834472656,-0.7148610353469849,0.5402016043663025,0.0,0.16529901325702667,0.010027671232819557,0.11594054847955704,0.11739251762628555
rosenbrock,1.0,2,cholesky,5,score_function,8192,0.02,1000,2,rosenbrock,486,0.004669189453125,-0.7217124700546265,0.6290318369865417,0.0,0.18959932029247284,0.005245618522167206,0.08541372418403625,0.16918888688087463
rosenbrock,1.0,2,cholesky,5,score_function,8192,0.02,1000,2,rosenbrock,487,0.004847288131713867,-0.7190665602684021,0.6250566840171814,0.0,0.19145597517490387,0.005697633605450392,0.10246650129556656,0.16162779927253723
rosenbrock,1.0,2,cholesky,5,score_function,8192,0.02,1000,2,rosenbrock,488,0.004698991775512695,-0.715583324432373,0.6314546465873718,0.0,0.2635668218135834,0.006670279428362846,0.1713498830795288,0.20015543699264526
rosenbrock,1.0,2,cholesky,5,score_function,8192,0.02,1000,2,rosenbrock,489,0.0047359466552734375,-0.7058290243148804,0.5482490658760071,0.0,0.25904399156570435,0.006037907209247351,0.10911941528320312,0.23486223816871643
rosenbrock,1.0,2,cholesky,5,score_function,8192,0.02,1000,2,rosenbrock,490,0.004897117614746094,-0.7207896113395691,0.5022003650665283,0.0,0.3874260485172272,0.008123629726469517,0.3726005554199219,0.10583851486444473
rosenbrock,1.0,2,cholesky,5,score_function,8192,0.02,1000,2,rosenbrock,491,0.004848003387451172,-0.7165278792381287,0.6013707518577576,0.0,0.24800270795822144,0.006382929161190987,0.13380232453346252,0.20871400833129883
rosenbrock,1.0,2,cholesky,5,score_function,8192,0.02,1000,2,rosenbrock,492,0.004773139953613281,-0.727222204208374,0.5542988777160645,0.0,0.16007202863693237,0.011709828861057758,0.09687644988298416,0.12688927352428436
rosenbrock,1.0,2,cholesky,5,score_function,8192,0.02,1000,2,rosenbrock,493,0.004943132400512695,-0.7309442162513733,0.5644022226333618,0.0,0.18408818542957306,0.005137049593031406,0.10690643638372421,0.14977675676345825
rosenbrock,1.0,2,cholesky,5,score_function,8192,0.02,1000,2,rosenbrock,494,0.004648923873901367,-0.7166740298271179,0.5745070576667786,0.0,0.1886783242225647,0.008483720012009144,0.11214656382799149,0.1514948159456253
rosenbrock,1.0,2,cholesky,5,score_function,8192,0.02,1000,2,rosenbrock,495,0.0048940181732177734,-0.7138198614120483,0.5692125558853149,0.0,0.3191772401332855,0.002243989147245884,0.251689612865448,0.1962687373161316
rosenbrock,1.0,2,cholesky,5,score_function,8192,0.02,1000,2,rosenbrock,496,0.004789113998413086,-0.716677188873291,0.6180490851402283,0.0,0.33556246757507324,0.0045472122728824615,0.31908637285232544,0.10375632345676422
rosenbrock,1.0,2,cholesky,5,score_function,8192,0.02,1000,2,rosenbrock,497,0.004835605621337891,-0.7190972566604614,0.5937225818634033,0.0,0.18878011405467987,0.004344987217336893,0.10204697400331497,0.15876229107379913
rosenbrock,1.0,2,cholesky,5,score_function,8192,0.02,1000,2,rosenbrock,498,0.004723072052001953,-0.7253836393356323,0.6322514414787292,0.0,0.15443827211856842,0.011027263477444649,0.10577693581581116,0.11198581010103226
rosenbrock,1.0,2,cholesky,5,score_function,8192,0.02,1000,2,rosenbrock,499,0.0050640106201171875,-0.7174703478813171,0.5532668828964233,0.0,0.19634446501731873,0.018881088122725487,0.1319975107908249,0.14412257075309753
rosenbrock,1.0,2,cholesky,5,score_function,8192,0.02,1000,2,rosenbrock,500,0.004598855972290039,-0.7179158329963684,0.6376367807388306,0.0,0.40303754806518555,0.011053303256630898,0.2440188080072403,0.3205805718898773
rosenbrock,1.0,2,cholesky,5,score_function,8192,0.02,1000,2,rosenbrock,501,0.0048370361328125,-0.7095795273780823,0.5450184345245361,0.0,0.2256869375705719,0.0013492287835106254,0.2025965452194214,0.09943550825119019
rosenbrock,1.0,2,cholesky,5,score_function,8192,0.02,1000,2,rosenbrock,502,0.004770040512084961,-0.7111126780509949,0.5202577114105225,0.0,0.23770083487033844,0.008856416679918766,0.1684720814228058,0.16745273768901825
rosenbrock,1.0,2,cholesky,5,score_function,8192,0.02,1000,2,rosenbrock,503,0.0048980712890625,-0.706951916217804,0.5728588700294495,0.0,0.17295685410499573,0.007257200311869383,0.0967470183968544,0.1431831568479538
rosenbrock,1.0,2,cholesky,5,score_function,8192,0.02,1000,2,rosenbrock,504,0.0047969818115234375,-0.7113019227981567,0.5613945126533508,0.0,0.1676408052444458,0.0077755446545779705,0.08267471939325333,0.14562921226024628
rosenbrock,1.0,2,cholesky,5,score_function,8192,0.02,1000,2,rosenbrock,505,0.004963874816894531,-0.7200452089309692,0.7043781876564026,0.0,0.3660469353199005,0.00836462527513504,0.28003278374671936,0.2355886995792389
rosenbrock,1.0,2,cholesky,5,score_function,8192,0.02,1000,2,rosenbrock,506,0.004730701446533203,-0.7240733504295349,0.5980551838874817,0.0,0.20960626006126404,0.008973350748419762,0.15903402864933014,0.1362440586090088
rosenbrock,1.0,2,cholesky,5,score_function,8192,0.02,1000,2,rosenbrock,507,0.0046117305755615234,-0.7128540277481079,0.5244963765144348,0.0,0.12787510454654694,0.0060358853079378605,0.06180926784873009,0.11178203672170639
rosenbrock,1.0,2,cholesky,5,score_function,8192,0.02,1000,2,rosenbrock,508,0.004831075668334961,-0.7165862321853638,0.6114460229873657,0.0,0.1640801876783371,0.004754066467285156,0.08483675867319107,0.1403653472661972
rosenbrock,1.0,2,cholesky,5,score_function,8192,0.02,1000,2,rosenbrock,509,0.0046689510345458984,-0.7213115096092224,0.6147719621658325,0.0,0.27328741550445557,0.00748730544000864,0.19029180705547333,0.1960075944662094
rosenbrock,1.0,2,cholesky,5,score_function,8192,0.02,1000,2,rosenbrock,510,0.005002021789550781,-0.7160446643829346,0.6428260803222656,0.0,0.2956901490688324,0.007129841484129429,0.17804814875125885,0.23596757650375366
rosenbrock,1.0,2,cholesky,5,score_function,8192,0.02,1000,2,rosenbrock,511,0.004761219024658203,-0.7115612626075745,0.5422368049621582,0.0,0.2189936488866806,0.009175288490951061,0.07468675822019577,0.20565971732139587
rosenbrock,1.0,2,cholesky,5,score_function,8192,0.02,1000,2,rosenbrock,512,0.004849910736083984,-0.7157348990440369,0.5460323691368103,0.0,0.2096005082130432,0.008881826885044575,0.14816148579120636,0.1479921191930771
rosenbrock,1.0,2,cholesky,5,score_function,8192,0.02,1000,2,rosenbrock,513,0.004622936248779297,-0.7071882486343384,0.5172935128211975,0.0,0.2885563373565674,0.008791402913630009,0.2637854814529419,0.1166391521692276
rosenbrock,1.0,2,cholesky,5,score_function,8192,0.02,1000,2,rosenbrock,514,0.004588127136230469,-0.7214182615280151,0.6306049227714539,0.0,0.2539646625518799,0.013716178014874458,0.22266316413879395,0.12137145549058914
rosenbrock,1.0,2,cholesky,5,score_function,8192,0.02,1000,2,rosenbrock,515,0.004898786544799805,-0.7114396691322327,0.6103585958480835,0.0,0.23656907677650452,0.00680296728387475,0.13476675748825073,0.1943105012178421
rosenbrock,1.0,2,cholesky,5,score_function,8192,0.02,1000,2,rosenbrock,516,0.004585981369018555,-0.7115655541419983,0.5901623964309692,0.0,0.29692542552948,0.00871357787400484,0.0830569714307785,0.284939169883728
rosenbrock,1.0,2,cholesky,5,score_function,8192,0.02,1000,2,rosenbrock,517,0.005178213119506836,-0.7086711525917053,0.5688145756721497,0.0,0.30652597546577454,0.006288014352321625,0.23356154561042786,0.19841282069683075
rosenbrock,1.0,2,cholesky,5,score_function,8192,0.02,1000,2,rosenbrock,518,0.004637002944946289,-0.7132188677787781,0.5514265298843384,0.0,0.2150537371635437,0.007192007265985012,0.12120408564805984,0.1774991750717163
rosenbrock,1.0,2,cholesky,5,score_function,8192,0.02,1000,2,rosenbrock,519,0.004856109619140625,-0.7140797972679138,0.5626880526542664,0.0,0.3515394330024719,0.008010451681911945,0.1334679275751114,0.32511863112449646
rosenbrock,1.0,2,cholesky,5,score_function,8192,0.02,1000,2,rosenbrock,520,0.004617929458618164,-0.7085046768188477,0.5312378406524658,0.0,0.2451329529285431,0.009207275696098804,0.14313524961471558,0.19879058003425598
rosenbrock,1.0,2,cholesky,5,score_function,8192,0.02,1000,2,rosenbrock,521,0.004873037338256836,-0.7079589366912842,0.6123497486114502,0.0,0.28675949573516846,0.010355784557759762,0.2434588521718979,0.15116731822490692
rosenbrock,1.0,2,cholesky,5,score_function,8192,0.02,1000,2,rosenbrock,522,0.004988908767700195,-0.7146727442741394,0.6104421019554138,0.0,0.31466031074523926,0.01114377100020647,0.1642998605966568,0.2681277394294739
rosenbrock,1.0,2,cholesky,5,score_function,8192,0.02,1000,2,rosenbrock,523,0.004734039306640625,-0.7022817134857178,0.5463094115257263,0.0,0.22325016558170319,0.006794392131268978,0.21014799177646637,0.07504863291978836
rosenbrock,1.0,2,cholesky,5,score_function,8192,0.02,1000,2,rosenbrock,524,0.004597902297973633,-0.7049705982208252,0.5851081609725952,0.0,0.27924150228500366,0.013388079591095448,0.23727895319461823,0.14661267399787903
rosenbrock,1.0,2,cholesky,5,score_function,8192,0.02,1000,2,rosenbrock,525,0.004582881927490234,-0.7192023992538452,0.6584925651550293,0.0,0.4503627121448517,0.004956062883138657,0.17104189097881317,0.41658931970596313
rosenbrock,1.0,2,cholesky,5,score_function,8192,0.02,1000,2,rosenbrock,526,0.004942655563354492,-0.7095009684562683,0.5804849863052368,0.0,0.38323208689689636,0.004766961093991995,0.360605388879776,0.12964510917663574
rosenbrock,1.0,2,cholesky,5,score_function,8192,0.02,1000,2,rosenbrock,527,0.0045566558837890625,-0.6965916156768799,0.5846636891365051,0.0,0.23498600721359253,0.004556426778435707,0.1921621710062027,0.13517159223556519
rosenbrock,1.0,2,cholesky,5,score_function,8192,0.02,1000,2,rosenbrock,528,0.004786968231201172,-0.7031054496765137,0.5652466416358948,0.0,0.371307373046875,0.00739628542214632,0.35427945852279663,0.11090760678052902
rosenbrock,1.0,2,cholesky,5,score_function,8192,0.02,1000,2,rosenbrock,529,0.004743814468383789,-0.7040542960166931,0.6060329079627991,0.0,0.35537686944007874,0.00249518733471632,0.3059047758579254,0.18085560202598572
rosenbrock,1.0,2,cholesky,5,score_function,8192,0.02,1000,2,rosenbrock,530,0.004853963851928711,-0.6960113644599915,0.6508994102478027,0.0,0.2117278128862381,0.013441958464682102,0.1694297194480896,0.12625984847545624
rosenbrock,1.0,2,cholesky,5,score_function,8192,0.02,1000,2,rosenbrock,531,0.004652738571166992,-0.7178119421005249,0.6806408166885376,0.0,0.31151387095451355,0.012455320917069912,0.1492392122745514,0.2731545567512512
rosenbrock,1.0,2,cholesky,5,score_function,8192,0.02,1000,2,rosenbrock,532,0.004819154739379883,-0.7095341682434082,0.6061703562736511,0.0,0.09657234698534012,0.008579036220908165,0.04091563820838928,0.08705474436283112
rosenbrock,1.0,2,cholesky,5,score_function,8192,0.02,1000,2,rosenbrock,533,0.004611015319824219,-0.7069428563117981,0.6157068014144897,0.0,0.4645690321922302,0.007665522396564484,0.3042454719543457,0.35099902749061584
rosenbrock,1.0,2,cholesky,5,score_function,8192,0.02,1000,2,rosenbrock,534,0.00481104850769043,-0.718357503414154,0.7578859329223633,0.0,0.3456485867500305,0.012563589960336685,0.20341847836971283,0.2791702151298523
rosenbrock,1.0,2,cholesky,5,score_function,8192,0.02,1000,2,rosenbrock,535,0.005145072937011719,-0.7102413773536682,0.5664792656898499,0.0,0.23628926277160645,0.007301837671548128,0.187154158949852,0.14405770599842072
rosenbrock,1.0,2,cholesky,5,score_function,8192,0.02,1000,2,rosenbrock,536,0.004967927932739258,-0.7224854230880737,0.7508077621459961,0.0,0.45774948596954346,0.009654971770942211,0.2436578869819641,0.38739150762557983
rosenbrock,1.0,2,cholesky,5,score_function,8192,0.02,1000,2,rosenbrock,537,0.00485682487487793,-0.6925356984138489,0.5516565442085266,0.0,0.19384148716926575,0.0026933022309094667,0.1094343513250351,0.15997308492660522
rosenbrock,1.0,2,cholesky,5,score_function,8192,0.02,1000,2,rosenbrock,538,0.004736900329589844,-0.7088884115219116,0.6201696395874023,0.0,0.2002922147512436,0.006330830045044422,0.16101811826229095,0.11895402520895004
rosenbrock,1.0,2,cholesky,5,score_function,8192,0.02,1000,2,rosenbrock,539,0.004682064056396484,-0.711667537689209,0.627616822719574,0.0,0.351614773273468,0.0010655878577381372,0.26961323618888855,0.22570006549358368
rosenbrock,1.0,2,cholesky,5,score_function,8192,0.02,1000,2,rosenbrock,540,0.004797220230102539,-0.7138987183570862,0.6383962631225586,0.0,0.2942228317260742,0.007066758349537849,0.278694212436676,0.09405674785375595
rosenbrock,1.0,2,cholesky,5,score_function,8192,0.02,1000,2,rosenbrock,541,0.004762887954711914,-0.6993390917778015,0.582730770111084,0.0,0.15383154153823853,0.008262044750154018,0.05658254399895668,0.14280861616134644
rosenbrock,1.0,2,cholesky,5,score_function,8192,0.02,1000,2,rosenbrock,542,0.0048792362213134766,-0.7172622680664062,0.5890019536018372,0.0,0.20166082680225372,0.003924052696675062,0.1877506673336029,0.07349402457475662
rosenbrock,1.0,2,cholesky,5,score_function,8192,0.02,1000,2,rosenbrock,543,0.004503965377807617,-0.716438889503479,0.5896768569946289,0.0,0.15176714956760406,0.007907717488706112,0.11073502898216248,0.10348182916641235
rosenbrock,1.0,2,cholesky,5,score_function,8192,0.02,1000,2,rosenbrock,544,0.004741191864013672,-0.7141880989074707,0.6454786062240601,0.0,0.27275535464286804,0.00710847694426775,0.13870404660701752,0.23474696278572083
rosenbrock,1.0,2,cholesky,5,score_function,8192,0.02,1000,2,rosenbrock,545,0.004840850830078125,-0.7064439058303833,0.532765805721283,0.0,0.20915177464485168,0.003950201440602541,0.1176343709230423,0.17289018630981445
rosenbrock,1.0,2,cholesky,5,score_function,8192,0.02,1000,2,rosenbrock,546,0.00496983528137207,-0.7089232206344604,0.5214911699295044,0.0,0.19136442244052887,0.007097859401255846,0.10584170371294022,0.15927177667617798
rosenbrock,1.0,2,cholesky,5,score_function,8192,0.02,1000,2,rosenbrock,547,0.00471186637878418,-0.6999520659446716,0.5449155569076538,0.0,0.19395452737808228,0.005580264609307051,0.1621934026479721,0.10620976984500885
rosenbrock,1.0,2,cholesky,5,score_function,8192,0.02,1000,2,rosenbrock,548,0.004930257797241211,-0.7119301557540894,0.5796165466308594,0.0,0.2264365702867508,0.0018244137754663825,0.1791342794895172,0.13849586248397827
rosenbrock,1.0,2,cholesky,5,score_function,8192,0.02,1000,2,rosenbrock,549,0.004608154296875,-0.7041923999786377,0.5420721173286438,0.0,0.1641092598438263,0.006878025364130735,0.07333064824342728,0.1466531902551651
rosenbrock,1.0,2,cholesky,5,score_function,8192,0.02,1000,2,rosenbrock,550,0.004816770553588867,-0.7076866030693054,0.5280793309211731,0.0,0.19651231169700623,0.007859176024794579,0.04603197053074837,0.19088315963745117
rosenbrock,1.0,2,cholesky,5,score_function,8192,0.02,1000,2,rosenbrock,551,0.0045948028564453125,-0.7073208093643188,0.5808331966400146,0.0,0.2192586064338684,0.008504890836775303,0.18225646018981934,0.12159188836812973
rosenbrock,1.0,2,cholesky,5,score_function,8192,0.02,1000,2,rosenbrock,552,0.00486302375793457,-0.7075724601745605,0.5646356344223022,0.0,0.26647767424583435,0.011420541442930698,0.23292768001556396,0.12893648445606232
rosenbrock,1.0,2,cholesky,5,score_function,8192,0.02,1000,2,rosenbrock,553,0.004730939865112305,-0.6964631080627441,0.523070216178894,0.0,0.19439929723739624,0.008832961320877075,0.14686550199985504,0.12705741822719574
rosenbrock,1.0,2,cholesky,5,score_function,8192,0.02,1000,2,rosenbrock,554,0.004851818084716797,-0.7120752930641174,0.6175464391708374,0.0,0.2774086594581604,0.01318332739174366,0.06964778900146484,0.26819944381713867
rosenbrock,1.0,2,cholesky,5,score_function,8192,0.02,1000,2,rosenbrock,555,0.004834890365600586,-0.7066613435745239,0.6342816352844238,0.0,0.1610449254512787,0.004700901452451944,0.06639602780342102,0.14664562046527863
rosenbrock,1.0,2,cholesky,5,score_function,8192,0.02,1000,2,rosenbrock,556,0.004751920700073242,-0.703777551651001,0.5574056506156921,0.0,0.14040514826774597,0.005744857247918844,0.08347883075475693,0.11274699121713638
rosenbrock,1.0,2,cholesky,5,score_function,8192,0.02,1000,2,rosenbrock,557,0.0047969818115234375,-0.7137792706489563,0.5624359846115112,0.0,0.12061041593551636,0.004032724071294069,0.07426829636096954,0.09494645148515701
rosenbrock,1.0,2,cholesky,5,score_function,8192,0.02,1000,2,rosenbrock,558,0.0048770904541015625,-0.696459949016571,0.5857282280921936,0.0,0.24512845277786255,0.0068271588534116745,0.09438956528902054,0.22612376511096954
rosenbrock,1.0,2,cholesky,5,score_function,8192,0.02,1000,2,rosenbrock,559,0.0047948360443115234,-0.7083550691604614,0.6071133613586426,0.0,0.2243163287639618,0.007720996160060167,0.19343815743923187,0.11331318318843842
rosenbrock,1.0,2,cholesky,5,score_function,8192,0.02,1000,2,rosenbrock,560,0.0049839019775390625,-0.7189992666244507,0.6335757374763489,0.0,0.16478583216667175,0.0019472441636025906,0.08968152850866318,0.13823096454143524
rosenbrock,1.0,2,cholesky,5,score_function,8192,0.02,1000,2,rosenbrock,561,0.004639863967895508,-0.7139760255813599,0.6476017236709595,0.0,0.3004910349845886,0.0051505486480891705,0.26341113448143005,0.1445092111825943
rosenbrock,1.0,2,cholesky,5,score_function,8192,0.02,1000,2,rosenbrock,562,0.005052804946899414,-0.6981779932975769,0.5532348155975342,0.0,0.1876249462366104,0.009376134723424911,0.1660802811384201,0.08679025620222092
rosenbrock,1.0,2,cholesky,5,score_function,8192,0.02,1000,2,rosenbrock,563,0.004734039306640625,-0.7112938165664673,0.5891063213348389,0.0,0.3220648765563965,0.005085677374154329,0.31294843554496765,0.07591565698385239
rosenbrock,1.0,2,cholesky,5,score_function,8192,0.02,1000,2,rosenbrock,564,0.004913330078125,-0.7205452919006348,0.6352772116661072,0.0,0.2877379357814789,0.011961201205849648,0.1384543925523758,0.25195324420928955
rosenbrock,1.0,2,cholesky,5,score_function,8192,0.02,1000,2,rosenbrock,565,0.0047338008880615234,-0.6965488195419312,0.5634644031524658,0.0,0.19306407868862152,0.009664150886237621,0.15221603214740753,0.11836650222539902
rosenbrock,1.0,2,cholesky,5,score_function,8192,0.02,1000,2,rosenbrock,566,0.004922151565551758,-0.7076887488365173,0.5754680037498474,0.0,0.23582254350185394,0.012228742241859436,0.18815438449382782,0.14163564145565033
rosenbrock,1.0,2,cholesky,5,score_function,8192,0.02,1000,2,rosenbrock,567,0.0047719478607177734,-0.7055132389068604,0.5658623576164246,0.0,0.2430875152349472,0.005731168668717146,0.18309761583805084,0.15979346632957458
rosenbrock,1.0,2,cholesky,5,score_function,8192,0.02,1000,2,rosenbrock,568,0.004838228225708008,-0.6873961091041565,0.5121122002601624,0.0,0.20785367488861084,0.006604616064578295,0.09283053874969482,0.18585483729839325
rosenbrock,1.0,2,cholesky,5,score_function,8192,0.02,1000,2,rosenbrock,569,0.004719257354736328,-0.7106716632843018,0.5671125650405884,0.0,0.21450771391391754,0.006744662299752235,0.11533338576555252,0.1807381510734558
rosenbrock,1.0,2,cholesky,5,score_function,8192,0.02,1000,2,rosenbrock,570,0.005252838134765625,-0.7103761434555054,0.6048762202262878,0.0,0.1824876219034195,0.009151356294751167,0.10339608788490295,0.1500907689332962
rosenbrock,1.0,2,cholesky,5,score_function,8192,0.02,1000,2,rosenbrock,571,0.004853010177612305,-0.697536826133728,0.5964280962944031,0.0,0.23749765753746033,0.011162498034536839,0.15408270061016083,0.18038584291934967
rosenbrock,1.0,2,cholesky,5,score_function,8192,0.02,1000,2,rosenbrock,572,0.004792928695678711,-0.7049455642700195,0.5525919198989868,0.0,0.25111353397369385,0.007136061321943998,0.1851005256175995,0.16954316198825836
rosenbrock,1.0,2,cholesky,5,score_function,8192,0.02,1000,2,rosenbrock,573,0.004449605941772461,-0.7018501162528992,0.6795238256454468,0.0,0.2726704180240631,0.010152832604944706,0.1516934037208557,0.22635191679000854
rosenbrock,1.0,2,cholesky,5,score_function,8192,0.02,1000,2,rosenbrock,574,0.004891872406005859,-0.701920211315155,0.7043792605400085,0.0,0.30892789363861084,0.011675611138343811,0.21655341982841492,0.22001078724861145
rosenbrock,1.0,2,cholesky,5,score_function,8192,0.02,1000,2,rosenbrock,575,0.004895210266113281,-0.7050068974494934,0.6545864939689636,0.0,0.33646318316459656,0.0062347655184566975,0.18812903761863708,0.2788836359977722
rosenbrock,1.0,2,cholesky,5,score_function,8192,0.02,1000,2,rosenbrock,576,0.004854917526245117,-0.7218714952468872,0.7863063812255859,0.0,0.3667120337486267,0.006015692837536335,0.1846080869436264,0.31679868698120117
rosenbrock,1.0,2,cholesky,5,score_function,8192,0.02,1000,2,rosenbrock,577,0.004649162292480469,-0.6975084543228149,0.5793174505233765,0.0,0.17345303297042847,0.01130890566855669,0.12906499207019806,0.1153268963098526
rosenbrock,1.0,2,cholesky,5,score_function,8192,0.02,1000,2,rosenbrock,578,0.00474095344543457,-0.703235924243927,0.590232253074646,0.0,0.2619166672229767,0.0076095168478786945,0.15146566927433014,0.21354292333126068
rosenbrock,1.0,2,cholesky,5,score_function,8192,0.02,1000,2,rosenbrock,579,0.004709005355834961,-0.7086173892021179,0.6336827278137207,0.0,0.26079031825065613,0.006401918828487396,0.23377473652362823,0.11541222035884857
rosenbrock,1.0,2,cholesky,5,score_function,8192,0.02,1000,2,rosenbrock,580,0.004693031311035156,-0.7058056592941284,0.5941218733787537,0.0,0.2801855206489563,0.006662347819656134,0.250169962644577,0.12599419057369232
rosenbrock,1.0,2,cholesky,5,score_function,8192,0.02,1000,2,rosenbrock,581,0.0046999454498291016,-0.7077385187149048,0.5750421285629272,0.0,0.26207929849624634,0.006077226251363754,0.2127380669116974,0.15294165909290314
rosenbrock,1.0,2,cholesky,5,score_function,8192,0.02,1000,2,rosenbrock,582,0.0047342777252197266,-0.7028734087944031,0.6158092021942139,0.0,0.2320249378681183,0.003983920440077782,0.13511814177036285,0.18858098983764648
rosenbrock,1.0,2,cholesky,5,score_function,8192,0.02,1000,2,rosenbrock,583,0.004711151123046875,-0.7134235501289368,0.6558160185813904,0.0,0.45494794845581055,0.00527291651815176,0.39103999733924866,0.23245978355407715
rosenbrock,1.0,2,cholesky,5,score_function,8192,0.02,1000,2,rosenbrock,584,0.004672050476074219,-0.6985120177268982,0.5540956854820251,0.0,0.1563587486743927,0.006439846474677324,0.1387760192155838,0.07174819707870483
rosenbrock,1.0,2,cholesky,5,score_function,8192,0.02,1000,2,rosenbrock,585,0.004727840423583984,-0.7076423168182373,0.5937358140945435,0.0,0.1635352373123169,0.00937355775386095,0.1246168240904808,0.10548248887062073
rosenbrock,1.0,2,cholesky,5,score_function,8192,0.02,1000,2,rosenbrock,586,0.0048809051513671875,-0.7145196199417114,0.6070289611816406,0.0,0.39685216546058655,0.005930136423557997,0.31556981801986694,0.24056631326675415
rosenbrock,1.0,2,cholesky,5,score_function,8192,0.02,1000,2,rosenbrock,587,0.0046689510345458984,-0.7083021402359009,0.612758994102478,0.0,0.15192896127700806,0.0043364581651985645,0.08010387420654297,0.12902313470840454
rosenbrock,1.0,2,cholesky,5,score_function,8192,0.02,1000,2,rosenbrock,588,0.004602193832397461,-0.7015373110771179,0.56831294298172,0.0,0.3606927692890167,0.007514303084462881,0.12808655202388763,0.3371003270149231
rosenbrock,1.0,2,cholesky,5,score_function,8192,0.02,1000,2,rosenbrock,589,0.004981040954589844,-0.7004920244216919,0.6289135813713074,0.0,0.2726031541824341,0.008265470154583454,0.15302030742168427,0.2254527509212494
rosenbrock,1.0,2,cholesky,5,score_function,8192,0.02,1000,2,rosenbrock,590,0.004900932312011719,-0.6949993371963501,0.5439401865005493,0.0,0.46091771125793457,0.00811044406145811,0.40860405564308167,0.21312451362609863
rosenbrock,1.0,2,cholesky,5,score_function,8192,0.02,1000,2,rosenbrock,591,0.004773139953613281,-0.6933630704879761,0.5491212606430054,0.0,0.4648790657520294,0.007548498455435038,0.428169310092926,0.18090493977069855
rosenbrock,1.0,2,cholesky,5,score_function,8192,0.02,1000,2,rosenbrock,592,0.0050411224365234375,-0.7008026838302612,0.5988729000091553,0.0,0.2402680516242981,0.012780625373125076,0.21157531440258026,0.11314275860786438
rosenbrock,1.0,2,cholesky,5,score_function,8192,0.02,1000,2,rosenbrock,593,0.0047321319580078125,-0.693804919719696,0.579686164855957,0.0,0.10673912614583969,0.004110606852918863,0.08709868788719177,0.06156430393457413
rosenbrock,1.0,2,cholesky,5,score_function,8192,0.02,1000,2,rosenbrock,594,0.004828214645385742,-0.713007926940918,0.6659308075904846,0.0,0.403083860874176,0.004450612235814333,0.30204203724861145,0.26688462495803833
rosenbrock,1.0,2,cholesky,5,score_function,8192,0.02,1000,2,rosenbrock,595,0.004724979400634766,-0.7214603424072266,0.7002596259117126,0.0,0.298267662525177,0.0077155050821602345,0.1597997546195984,0.2517302632331848
rosenbrock,1.0,2,cholesky,5,score_function,8192,0.02,1000,2,rosenbrock,596,0.005097150802612305,-0.6890566945075989,0.6165627837181091,0.0,0.2962128221988678,0.0055228341370821,0.2709141969680786,0.11965379863977432
rosenbrock,1.0,2,cholesky,5,score_function,8192,0.02,1000,2,rosenbrock,597,0.004611968994140625,-0.695997416973114,0.5595575571060181,0.0,0.1930931806564331,0.010840246453881264,0.131790891289711,0.1407075822353363
rosenbrock,1.0,2,cholesky,5,score_function,8192,0.02,1000,2,rosenbrock,598,0.004699230194091797,-0.7045510411262512,0.6584069728851318,0.0,0.3125778138637543,0.008019348606467247,0.1775500476360321,0.2571314573287964
rosenbrock,1.0,2,cholesky,5,score_function,8192,0.02,1000,2,rosenbrock,599,0.004540205001831055,-0.6982296705245972,0.5698329210281372,0.0,0.21824140846729279,0.008985825814306736,0.1953880935907364,0.09680934250354767
rosenbrock,1.0,2,cholesky,5,score_function,8192,0.02,1000,2,rosenbrock,600,0.00465703010559082,-0.7059605121612549,0.6044778823852539,0.0,0.2779526710510254,0.003576073329895735,0.2462829202413559,0.12880074977874756
rosenbrock,1.0,2,cholesky,5,score_function,8192,0.02,1000,2,rosenbrock,601,0.0047130584716796875,-0.705559492111206,0.5621671676635742,0.0,0.2988338768482208,0.009969609789550304,0.23165686428546906,0.18851366639137268
rosenbrock,1.0,2,cholesky,5,score_function,8192,0.02,1000,2,rosenbrock,602,0.004906892776489258,-0.6878485679626465,0.5515382289886475,0.0,0.14921534061431885,0.009333187714219093,0.07411502301692963,0.12917070090770721
rosenbrock,1.0,2,cholesky,5,score_function,8192,0.02,1000,2,rosenbrock,603,0.004670381546020508,-0.7124939560890198,0.5978199243545532,0.0,0.3093247413635254,0.019284799695014954,0.1842053085565567,0.24774643778800964
rosenbrock,1.0,2,cholesky,5,score_function,8192,0.02,1000,2,rosenbrock,604,0.0048487186431884766,-0.6974035501480103,0.5417215824127197,0.0,0.16879284381866455,0.009103364311158657,0.13151398301124573,0.10541453212499619
rosenbrock,1.0,2,cholesky,5,score_function,8192,0.02,1000,2,rosenbrock,605,0.004606962203979492,-0.6954498291015625,0.5774286389350891,0.0,0.1430010199546814,0.0028408828657120466,0.11402871459722519,0.08624774217605591
rosenbrock,1.0,2,cholesky,5,score_function,8192,0.02,1000,2,rosenbrock,606,0.004656076431274414,-0.7114288806915283,0.539299488067627,0.0,0.17516283690929413,0.013430115766823292,0.14891371130943298,0.09124889224767685
rosenbrock,1.0,2,cholesky,5,score_function,8192,0.02,1000,2,rosenbrock,607,0.004914999008178711,-0.7020253539085388,0.5943468809127808,0.0,0.2760979235172272,0.005893081426620483,0.20912015438079834,0.1801779419183731
rosenbrock,1.0,2,cholesky,5,score_function,8192,0.02,1000,2,rosenbrock,608,0.004663944244384766,-0.7067760825157166,0.6132456660270691,0.0,0.2013876736164093,0.008616261184215546,0.14541319012641907,0.13906024396419525
rosenbrock,1.0,2,cholesky,5,score_function,8192,0.02,1000,2,rosenbrock,609,0.005073070526123047,-0.69913649559021,0.5789290070533752,0.0,0.18521417677402496,0.014242241159081459,0.07398412376642227,0.16919751465320587
rosenbrock,1.0,2,cholesky,5,score_function,8192,0.02,1000,2,rosenbrock,610,0.0059282779693603516,-0.6939668655395508,0.5898123979568481,0.0,0.23633946478366852,0.013573400676250458,0.10965345799922943,0.20892159640789032
rosenbrock,1.0,2,cholesky,5,score_function,8192,0.02,1000,2,rosenbrock,611,0.004975080490112305,-0.6884793043136597,0.5820022225379944,0.0,0.2720222473144531,0.002118705539032817,0.2491893619298935,0.10907002538442612
rosenbrock,1.0,2,cholesky,5,score_function,8192,0.02,1000,2,rosenbrock,612,0.005318164825439453,-0.6997706294059753,0.5712303519248962,0.0,0.37383776903152466,0.00713586900383234,0.3536096215248108,0.1210949644446373
rosenbrock,1.0,2,cholesky,5,score_function,8192,0.02,1000,2,rosenbrock,613,0.005302906036376953,-0.6987589597702026,0.5467894673347473,0.0,0.16235953569412231,0.00459636002779007,0.1231842190027237,0.10566522926092148
rosenbrock,1.0,2,cholesky,5,score_function,8192,0.02,1000,2,rosenbrock,614,0.005125284194946289,-0.7043033838272095,0.6318025588989258,0.0,0.27559489011764526,0.011475963518023491,0.20718899369239807,0.18136584758758545
rosenbrock,1.0,2,cholesky,5,score_function,8192,0.02,1000,2,rosenbrock,615,0.004685163497924805,-0.6996082067489624,0.6085950136184692,0.0,0.2310655117034912,0.011698807589709759,0.14542627334594727,0.17918041348457336
rosenbrock,1.0,2,cholesky,5,score_function,8192,0.02,1000,2,rosenbrock,616,0.004983186721801758,-0.6976112127304077,0.6325294375419617,0.0,0.37731310725212097,0.013946826569736004,0.3482355773448944,0.1445774883031845
rosenbrock,1.0,2,cholesky,5,score_function,8192,0.02,1000,2,rosenbrock,617,0.0049800872802734375,-0.6869222521781921,0.586779773235321,0.0,0.39805179834365845,0.008375339210033417,0.367422491312027,0.15289142727851868
rosenbrock,1.0,2,cholesky,5,score_function,8192,0.02,1000,2,rosenbrock,618,0.004775047302246094,-0.6995081901550293,0.6363813877105713,0.0,0.1838286966085434,0.011546013876795769,0.13464780151844025,0.1246180310845375
rosenbrock,1.0,2,cholesky,5,score_function,8192,0.02,1000,2,rosenbrock,619,0.005455970764160156,-0.7045406699180603,0.5277222394943237,0.0,0.24934843182563782,0.0025533915031701326,0.22372092306613922,0.11007755994796753
rosenbrock,1.0,2,cholesky,5,score_function,8192,0.02,1000,2,rosenbrock,620,0.005098104476928711,-0.7032867670059204,0.599406361579895,0.0,0.20343470573425293,0.01167992316186428,0.1734960526227951,0.10558586567640305
rosenbrock,1.0,2,cholesky,5,score_function,8192,0.02,1000,2,rosenbrock,621,0.006132364273071289,-0.7023568749427795,0.6174939274787903,0.0,0.25569242238998413,0.00829062145203352,0.21917663514614105,0.1314210295677185
rosenbrock,1.0,2,cholesky,5,score_function,8192,0.02,1000,2,rosenbrock,622,0.005473136901855469,-0.7023172974586487,0.6132054924964905,0.0,0.3706972599029541,0.01282427366822958,0.3413965702056885,0.14387622475624084
rosenbrock,1.0,2,cholesky,5,score_function,8192,0.02,1000,2,rosenbrock,623,0.004957914352416992,-0.7037721276283264,0.6700758934020996,0.0,0.28596165776252747,0.0060378750786185265,0.24347060918807983,0.1498655527830124
rosenbrock,1.0,2,cholesky,5,score_function,8192,0.02,1000,2,rosenbrock,624,0.005296230316162109,-0.6815811991691589,0.5329273343086243,0.0,0.28953853249549866,0.0038825511001050472,0.26176896691322327,0.12367094308137894
rosenbrock,1.0,2,cholesky,5,score_function,8192,0.02,1000,2,rosenbrock,625,0.004714012145996094,-0.7029516100883484,0.683143138885498,0.0,0.28388500213623047,0.0034419922158122063,0.13205556571483612,0.2512771189212799
rosenbrock,1.0,2,cholesky,5,score_function,8192,0.02,1000,2,rosenbrock,626,0.00517582893371582,-0.696709930896759,0.5843027234077454,0.0,0.13747045397758484,0.011020520702004433,0.07230309396982193,0.11639989912509918
rosenbrock,1.0,2,cholesky,5,score_function,8192,0.02,1000,2,rosenbrock,627,0.004600048065185547,-0.6944472789764404,0.6393316388130188,0.0,0.4455970525741577,0.005167159251868725,0.41537898778915405,0.161215141415596
rosenbrock,1.0,2,cholesky,5,score_function,8192,0.02,1000,2,rosenbrock,628,0.005043745040893555,-0.7026128172874451,0.6224782466888428,0.0,0.218662291765213,0.0175482165068388,0.1559237390756607,0.1522926390171051
rosenbrock,1.0,2,cholesky,5,score_function,8192,0.02,1000,2,rosenbrock,629,0.00456690788269043,-0.6854227185249329,0.5369411706924438,0.0,0.27870696783065796,0.0034361425787210464,0.22814112901687622,0.16005435585975647
rosenbrock,1.0,2,cholesky,5,score_function,8192,0.02,1000,2,rosenbrock,630,0.004921913146972656,-0.69314044713974,0.6217872500419617,0.0,0.28164562582969666,0.006253921892493963,0.15764816105365753,0.2333070933818817
rosenbrock,1.0,2,cholesky,5,score_function,8192,0.02,1000,2,rosenbrock,631,0.004701137542724609,-0.695077121257782,0.630718469619751,0.0,0.21230942010879517,0.006726232822984457,0.14945104718208313,0.15064670145511627
rosenbrock,1.0,2,cholesky,5,score_function,8192,0.02,1000,2,rosenbrock,632,0.004887104034423828,-0.703874945640564,0.6718005537986755,0.0,0.2359084188938141,0.010717636905610561,0.21193885803222656,0.10305257141590118
rosenbrock,1.0,2,cholesky,5,score_function,8192,0.02,1000,2,rosenbrock,633,0.004760026931762695,-0.6942291259765625,0.6256212592124939,0.0,0.2072301059961319,0.009877907112240791,0.10105752944946289,0.18064916133880615
rosenbrock,1.0,2,cholesky,5,score_function,8192,0.02,1000,2,rosenbrock,634,0.004904270172119141,-0.7054417729377747,0.6081283688545227,0.0,0.146846741437912,0.014423573389649391,0.10819260776042938,0.09823588281869888
rosenbrock,1.0,2,cholesky,5,score_function,8192,0.02,1000,2,rosenbrock,635,0.004925966262817383,-0.7076403498649597,0.5584083795547485,0.0,0.30656617879867554,0.009936845861375332,0.29052767157554626,0.09735365957021713
rosenbrock,1.0,2,cholesky,5,score_function,8192,0.02,1000,2,rosenbrock,636,0.00568699836730957,-0.7047468423843384,0.6247743964195251,0.0,0.38742274045944214,0.0039009861648082733,0.35535910725593567,0.1542760282754898
rosenbrock,1.0,2,cholesky,5,score_function,8192,0.02,1000,2,rosenbrock,637,0.004681110382080078,-0.6992770433425903,0.6528384685516357,0.0,0.28720822930336,0.008815248496830463,0.23962287604808807,0.15808773040771484
rosenbrock,1.0,2,cholesky,5,score_function,8192,0.02,1000,2,rosenbrock,638,0.00496983528137207,-0.7128215432167053,0.5762627720832825,0.0,0.3220909535884857,0.010698925703763962,0.2594819664955139,0.190518319606781
rosenbrock,1.0,2,cholesky,5,score_function,8192,0.02,1000,2,rosenbrock,639,0.0051310062408447266,-0.7081441879272461,0.6356046795845032,0.0,0.2743953466415405,0.011540963314473629,0.19177867472171783,0.1959095597267151
rosenbrock,1.0,2,cholesky,5,score_function,8192,0.02,1000,2,rosenbrock,640,0.006739139556884766,-0.7011343836784363,0.6040376424789429,0.0,0.17153029143810272,0.009799658320844173,0.12885117530822754,0.11280061304569244
rosenbrock,1.0,2,cholesky,5,score_function,8192,0.02,1000,2,rosenbrock,641,0.005178213119506836,-0.7012125849723816,0.6114760041236877,0.0,0.4474183917045593,0.004751414060592651,0.3798414468765259,0.2363918423652649
rosenbrock,1.0,2,cholesky,5,score_function,8192,0.02,1000,2,rosenbrock,642,0.005118131637573242,-0.6963435411453247,0.5293349027633667,0.0,0.24139446020126343,0.004832248203456402,0.19765605032444,0.13849195837974548
rosenbrock,1.0,2,cholesky,5,score_function,8192,0.02,1000,2,rosenbrock,643,0.005248069763183594,-0.6957505941390991,0.5645145177841187,0.0,0.26118189096450806,0.014103414490818977,0.20939117670059204,0.15547478199005127
rosenbrock,1.0,2,cholesky,5,score_function,8192,0.02,1000,2,rosenbrock,644,0.0046539306640625,-0.700528621673584,0.6879661083221436,0.0,0.2928580045700073,0.01343902014195919,0.19291755557060242,0.21992731094360352
rosenbrock,1.0,2,cholesky,5,score_function,8192,0.02,1000,2,rosenbrock,645,0.005006074905395508,-0.6995097398757935,0.5922775268554688,0.0,0.28093600273132324,0.011812811717391014,0.2476942092180252,0.1320343315601349
rosenbrock,1.0,2,cholesky,5,score_function,8192,0.02,1000,2,rosenbrock,646,0.004569292068481445,-0.7017224431037903,0.5548257231712341,0.0,0.21585674583911896,0.0053986175917088985,0.16739095747470856,0.13618099689483643
rosenbrock,1.0,2,cholesky,5,score_function,8192,0.02,1000,2,rosenbrock,647,0.004702091217041016,-0.6878781318664551,0.6730177402496338,0.0,0.17579789459705353,0.010623699054121971,0.12074743211269379,0.12732672691345215
rosenbrock,1.0,2,cholesky,5,score_function,8192,0.02,1000,2,rosenbrock,648,0.004613161087036133,-0.6942207217216492,0.6150214076042175,0.0,0.22650575637817383,0.01317593827843666,0.19917520880699158,0.10705365240573883
rosenbrock,1.0,2,cholesky,5,score_function,8192,0.02,1000,2,rosenbrock,649,0.004910945892333984,-0.6980277895927429,0.5727177262306213,0.0,0.20794560015201569,0.006636761594563723,0.1536012440919876,0.14001423120498657
rosenbrock,1.0,2,cholesky,5,score_function,8192,0.02,1000,2,rosenbrock,650,0.004823923110961914,-0.6979154944419861,0.5543815493583679,0.0,0.22718298435211182,0.011697422713041306,0.20763516426086426,0.09144901484251022
rosenbrock,1.0,2,cholesky,5,score_function,8192,0.02,1000,2,rosenbrock,651,0.004734039306640625,-0.6950262188911438,0.6133318543434143,0.0,0.2533591389656067,0.009001954458653927,0.22586220502853394,0.11443807184696198
rosenbrock,1.0,2,cholesky,5,score_function,8192,0.02,1000,2,rosenbrock,652,0.00444483757019043,-0.7004947662353516,0.6579229831695557,0.0,0.2649224102497101,0.005598557181656361,0.08704313635826111,0.25015199184417725
rosenbrock,1.0,2,cholesky,5,score_function,8192,0.02,1000,2,rosenbrock,653,0.004820823669433594,-0.6934700608253479,0.5895766019821167,0.0,0.18872787058353424,0.010487752966582775,0.16092877089977264,0.09803134202957153
rosenbrock,1.0,2,cholesky,5,score_function,8192,0.02,1000,2,rosenbrock,654,0.004951953887939453,-0.6981422901153564,0.6235496401786804,0.0,0.2000957429409027,0.0034858325961977243,0.1127549260854721,0.16526488959789276
rosenbrock,1.0,2,cholesky,5,score_function,8192,0.02,1000,2,rosenbrock,655,0.004812955856323242,-0.6990116834640503,0.5902617573738098,0.0,0.204458549618721,0.014111015014350414,0.09147676825523376,0.18230792880058289
rosenbrock,1.0,2,cholesky,5,score_function,8192,0.02,1000,2,rosenbrock,656,0.00477290153503418,-0.7096401453018188,0.6355393528938293,0.0,0.23553290963172913,0.012774179689586163,0.11542506515979767,0.20491370558738708
rosenbrock,1.0,2,cholesky,5,score_function,8192,0.02,1000,2,rosenbrock,657,0.004957914352416992,-0.6874279975891113,0.5767807960510254,0.0,0.21963606774806976,0.004176916554570198,0.16827726364135742,0.14108620584011078
rosenbrock,1.0,2,cholesky,5,score_function,8192,0.02,1000,2,rosenbrock,658,0.004918098449707031,-0.7021681070327759,0.610767662525177,0.0,0.22574198246002197,0.006088155787438154,0.2043837159872055,0.0956539735198021
rosenbrock,1.0,2,cholesky,5,score_function,8192,0.02,1000,2,rosenbrock,659,0.004743099212646484,-0.7079686522483826,0.6366819739341736,0.0,0.2838408946990967,0.004767217207700014,0.06746916472911835,0.27566438913345337
rosenbrock,1.0,2,cholesky,5,score_function,8192,0.02,1000,2,rosenbrock,660,0.004687070846557617,-0.7067098617553711,0.712278425693512,0.0,0.496191143989563,0.01221663597971201,0.344063401222229,0.3573188781738281
rosenbrock,1.0,2,cholesky,5,score_function,8192,0.02,1000,2,rosenbrock,661,0.004786968231201172,-0.7027065753936768,0.6438565850257874,0.0,0.22842209041118622,0.007302551530301571,0.20100516080856323,0.1082601249217987
rosenbrock,1.0,2,cholesky,5,score_function,8192,0.02,1000,2,rosenbrock,662,0.004498958587646484,-0.7084149718284607,0.6080395579338074,0.0,0.2666257917881012,0.006238633766770363,0.18256059288978577,0.1942215859889984
rosenbrock,1.0,2,cholesky,5,score_function,8192,0.02,1000,2,rosenbrock,663,0.005035877227783203,-0.7007766366004944,0.5713610053062439,0.0,0.36736592650413513,0.011744659394025803,0.34545964002609253,0.12440833449363708
rosenbrock,1.0,2,cholesky,5,score_function,8192,0.02,1000,2,rosenbrock,664,0.004930734634399414,-0.7020319104194641,0.5687940716743469,0.0,0.27901598811149597,0.01184166595339775,0.24862417578697205,0.12607823312282562
rosenbrock,1.0,2,cholesky,5,score_function,8192,0.02,1000,2,rosenbrock,665,0.0045888423919677734,-0.7053516507148743,0.6762163639068604,0.0,0.30238857865333557,0.013033551163971424,0.24252890050411224,0.18013523519039154
rosenbrock,1.0,2,cholesky,5,score_function,8192,0.02,1000,2,rosenbrock,666,0.0045108795166015625,-0.6887544989585876,0.639658510684967,0.0,0.34845590591430664,0.007581246085464954,0.20517407357692719,0.28154507279396057
rosenbrock,1.0,2,cholesky,5,score_function,8192,0.02,1000,2,rosenbrock,667,0.00566411018371582,-0.693771481513977,0.5604315996170044,0.0,0.3697417974472046,0.007535320706665516,0.30290383100509644,0.21189965307712555
rosenbrock,1.0,2,cholesky,5,score_function,8192,0.02,1000,2,rosenbrock,668,0.0047931671142578125,-0.6967794299125671,0.5923671722412109,0.0,0.3344561755657196,0.010681437328457832,0.2548977732658386,0.21627290546894073
rosenbrock,1.0,2,cholesky,5,score_function,8192,0.02,1000,2,rosenbrock,669,0.0048427581787109375,-0.6833948493003845,0.6101877093315125,0.0,0.38873088359832764,0.006955550983548164,0.29570111632347107,0.25223830342292786
rosenbrock,1.0,2,cholesky,5,score_function,8192,0.02,1000,2,rosenbrock,670,0.004742145538330078,-0.6913138031959534,0.5770027041435242,0.0,0.2708531320095062,0.011045234277844429,0.21734462678432465,0.16124744713306427
rosenbrock,1.0,2,cholesky,5,score_function,8192,0.02,1000,2,rosenbrock,671,0.004857063293457031,-0.6974388360977173,0.5635346174240112,0.0,0.15387088060379028,0.01325283944606781,0.0963268131017685,0.11925502121448517
rosenbrock,1.0,2,cholesky,5,score_function,8192,0.02,1000,2,rosenbrock,672,0.0047419071197509766,-0.6968485713005066,0.5942801833152771,0.0,0.260636568069458,0.005775440949946642,0.19656968116760254,0.17105095088481903
rosenbrock,1.0,2,cholesky,5,score_function,8192,0.02,1000,2,rosenbrock,673,0.005285739898681641,-0.6827828884124756,0.5609217286109924,0.0,0.2218303382396698,0.00928722694516182,0.16811327636241913,0.1444311887025833
rosenbrock,1.0,2,cholesky,5,score_function,8192,0.02,1000,2,rosenbrock,674,0.005172014236450195,-0.6914418339729309,0.6150797009468079,0.0,0.3132306635379791,0.010498681105673313,0.22718696296215057,0.21538174152374268
rosenbrock,1.0,2,cholesky,5,score_function,8192,0.02,1000,2,rosenbrock,675,0.005352973937988281,-0.6908979415893555,0.5717253088951111,0.0,0.19115285575389862,0.007143119815737009,0.13722245395183563,0.13288487493991852
rosenbrock,1.0,2,cholesky,5,score_function,8192,0.02,1000,2,rosenbrock,676,0.0050089359283447266,-0.6933184862136841,0.5932689309120178,0.0,0.13511478900909424,0.0068211983889341354,0.07784359902143478,0.11022637039422989
rosenbrock,1.0,2,cholesky,5,score_function,8192,0.02,1000,2,rosenbrock,677,0.004748106002807617,-0.6927947998046875,0.614465594291687,0.0,0.23668478429317474,0.005984228104352951,0.15080103278160095,0.18232643604278564
rosenbrock,1.0,2,cholesky,5,score_function,8192,0.02,1000,2,rosenbrock,678,0.005233049392700195,-0.7025955319404602,0.6791980266571045,0.0,0.40882232785224915,0.005066935438662767,0.24497847259044647,0.32725459337234497
rosenbrock,1.0,2,cholesky,5,score_function,8192,0.02,1000,2,rosenbrock,679,0.004630088806152344,-0.6969136595726013,0.6852065920829773,0.0,0.2627282440662384,0.007370884995907545,0.16451971232891083,0.20470724999904633
rosenbrock,1.0,2,cholesky,5,score_function,8192,0.02,1000,2,rosenbrock,680,0.004913806915283203,-0.6954761743545532,0.6343024969100952,0.0,0.30452316999435425,0.00803146418184042,0.17530202865600586,0.24887561798095703
rosenbrock,1.0,2,cholesky,5,score_function,8192,0.02,1000,2,rosenbrock,681,0.004995107650756836,-0.6989970207214355,0.684727668762207,0.0,0.27791184186935425,0.012673034332692623,0.22613783180713654,0.16104677319526672
rosenbrock,1.0,2,cholesky,5,score_function,8192,0.02,1000,2,rosenbrock,682,0.004642009735107422,-0.7037323713302612,0.6664494276046753,0.0,0.2526911199092865,0.007556435652077198,0.1991971880197525,0.15529385209083557
rosenbrock,1.0,2,cholesky,5,score_function,8192,0.02,1000,2,rosenbrock,683,0.00527501106262207,-0.7123395204544067,0.7618891596794128,0.0,0.2526813745498657,0.004861038643866777,0.14915484189987183,0.20390459895133972
rosenbrock,1.0,2,cholesky,5,score_function,8192,0.02,1000,2,rosenbrock,684,0.004827976226806641,-0.6940075755119324,0.7377160787582397,0.0,0.25450053811073303,0.01366795040667057,0.1293964385986328,0.21872417628765106
rosenbrock,1.0,2,cholesky,5,score_function,8192,0.02,1000,2,rosenbrock,685,0.0049021244049072266,-0.6838616132736206,0.5981959104537964,0.0,0.28500428795814514,0.007078475318849087,0.2557156980037689,0.12564565241336823
rosenbrock,1.0,2,cholesky,5,score_function,8192,0.02,1000,2,rosenbrock,686,0.004794120788574219,-0.6922977566719055,0.5614435076713562,0.0,0.2132451981306076,0.00960069615393877,0.1633700579404831,0.1367170810699463
rosenbrock,1.0,2,cholesky,5,score_function,8192,0.02,1000,2,rosenbrock,687,0.0045680999755859375,-0.6930403709411621,0.5552533864974976,0.0,0.3192753195762634,0.00721857650205493,0.23587919771671295,0.21504798531532288
rosenbrock,1.0,2,cholesky,5,score_function,8192,0.02,1000,2,rosenbrock,688,0.004972934722900391,-0.6919890642166138,0.5795901417732239,0.0,0.17935696244239807,0.012257762253284454,0.13915617763996124,0.11249100416898727
rosenbrock,1.0,2,cholesky,5,score_function,8192,0.02,1000,2,rosenbrock,689,0.004589080810546875,-0.7002053260803223,0.8367806673049927,0.0,0.42595013976097107,0.004498607013374567,0.14925642311573029,0.3989183008670807
rosenbrock,1.0,2,cholesky,5,score_function,8192,0.02,1000,2,rosenbrock,690,0.004953861236572266,-0.6978764533996582,0.5749799609184265,0.0,0.23559778928756714,0.007525451015681028,0.14372196793556213,0.18653064966201782
rosenbrock,1.0,2,cholesky,5,score_function,8192,0.02,1000,2,rosenbrock,691,0.004903078079223633,-0.7020209431648254,0.6263200640678406,0.0,0.14675305783748627,0.006882494781166315,0.07500198483467102,0.12595155835151672
rosenbrock,1.0,2,cholesky,5,score_function,8192,0.02,1000,2,rosenbrock,692,0.005015850067138672,-0.7060038447380066,0.7049251794815063,0.0,0.3211466372013092,0.011731180362403393,0.23958417773246765,0.21353445947170258
rosenbrock,1.0,2,cholesky,5,score_function,8192,0.02,1000,2,rosenbrock,693,0.005405902862548828,-0.6912691593170166,0.5266565680503845,0.0,0.19701802730560303,0.0035939477384090424,0.11128183454275131,0.16254089772701263
rosenbrock,1.0,2,cholesky,5,score_function,8192,0.02,1000,2,rosenbrock,694,0.004869937896728516,-0.6944369077682495,0.6040622591972351,0.0,0.30576953291893005,0.007393077947199345,0.2598472833633423,0.16099613904953003
rosenbrock,1.0,2,cholesky,5,score_function,8192,0.02,1000,2,rosenbrock,695,0.004599094390869141,-0.6871395111083984,0.5999690890312195,0.0,0.23647527396678925,0.00990933459252119,0.11765926331281662,0.20488694310188293
rosenbrock,1.0,2,cholesky,5,score_function,8192,0.02,1000,2,rosenbrock,696,0.0049779415130615234,-0.6949788928031921,0.5939692854881287,0.0,0.20256051421165466,0.007459399290382862,0.1404723972082138,0.14574851095676422
rosenbrock,1.0,2,cholesky,5,score_function,8192,0.02,1000,2,rosenbrock,697,0.0047571659088134766,-0.6900744438171387,0.621231198310852,0.0,0.192782923579216,0.007905486971139908,0.08574207872152328,0.17248494923114777
rosenbrock,1.0,2,cholesky,5,score_function,8192,0.02,1000,2,rosenbrock,698,0.004827976226806641,-0.6922905445098877,0.5631311535835266,0.0,0.20781013369560242,0.01316655334085226,0.12734529376029968,0.16369138658046722
rosenbrock,1.0,2,cholesky,5,score_function,8192,0.02,1000,2,rosenbrock,699,0.00458979606628418,-0.6961116790771484,0.5826029181480408,0.0,0.21028393507003784,0.0027948752976953983,0.127877876162529,0.16690947115421295
rosenbrock,1.0,2,cholesky,5,score_function,8192,0.02,1000,2,rosenbrock,700,0.00469517707824707,-0.6934423446655273,0.6074489951133728,0.0,0.24768458306789398,0.013558562844991684,0.15474291145801544,0.19292084872722626
rosenbrock,1.0,2,cholesky,5,score_function,8192,0.02,1000,2,rosenbrock,701,0.0048787593841552734,-0.6974056959152222,0.5675646066665649,0.0,0.1450592577457428,0.0050177201628685,0.09035617858171463,0.11337006837129593
rosenbrock,1.0,2,cholesky,5,score_function,8192,0.02,1000,2,rosenbrock,702,0.004570960998535156,-0.6881794929504395,0.6282563209533691,0.0,0.34118616580963135,0.003780435072258115,0.18137049674987793,0.2889609634876251
rosenbrock,1.0,2,cholesky,5,score_function,8192,0.02,1000,2,rosenbrock,703,0.004918098449707031,-0.6878818869590759,0.5783627033233643,0.0,0.21645089983940125,0.003816725220531225,0.1685916781425476,0.13569550216197968
rosenbrock,1.0,2,cholesky,5,score_function,8192,0.02,1000,2,rosenbrock,704,0.0048940181732177734,-0.6922783851623535,0.5851280093193054,0.0,0.19951710104942322,0.0032109390012919903,0.1632564812898636,0.11464766412973404
rosenbrock,1.0,2,cholesky,5,score_function,8192,0.02,1000,2,rosenbrock,705,0.0052449703216552734,-0.6833290457725525,0.5580776929855347,0.0,0.24572284519672394,0.009919664822518826,0.09820903092622757,0.22502510249614716
rosenbrock,1.0,2,cholesky,5,score_function,8192,0.02,1000,2,rosenbrock,706,0.004940032958984375,-0.6830794811248779,0.5745168328285217,0.0,0.17154854536056519,0.008524970151484013,0.09984970092773438,0.13923455774784088
rosenbrock,1.0,2,cholesky,5,score_function,8192,0.02,1000,2,rosenbrock,707,0.004864931106567383,-0.6996676325798035,0.610197901725769,0.0,0.26293566823005676,0.006050790660083294,0.22931693494319916,0.12850014865398407
rosenbrock,1.0,2,cholesky,5,score_function,8192,0.02,1000,2,rosenbrock,708,0.0047528743743896484,-0.6930193305015564,0.5911464095115662,0.0,0.2622973322868347,0.00622946722432971,0.060698412358760834,0.2551015317440033
rosenbrock,1.0,2,cholesky,5,score_function,8192,0.02,1000,2,rosenbrock,709,0.0047931671142578125,-0.6916105151176453,0.6270365715026855,0.0,0.32759201526641846,0.006758660543709993,0.26511111855506897,0.19231988489627838
rosenbrock,1.0,2,cholesky,5,score_function,8192,0.02,1000,2,rosenbrock,710,0.004472970962524414,-0.7025212645530701,0.6218639016151428,0.0,0.13899774849414825,0.011355283670127392,0.10183360427618027,0.09392202645540237
rosenbrock,1.0,2,cholesky,5,score_function,8192,0.02,1000,2,rosenbrock,711,0.004724979400634766,-0.6990941762924194,0.6047921776771545,0.0,0.1395925134420395,0.008747327141463757,0.08770908415317535,0.10824356973171234
rosenbrock,1.0,2,cholesky,5,score_function,8192,0.02,1000,2,rosenbrock,712,0.00451207160949707,-0.7067027688026428,0.6493984460830688,0.0,0.15012890100479126,0.007883488200604916,0.04728348180651665,0.14227020740509033
rosenbrock,1.0,2,cholesky,5,score_function,8192,0.02,1000,2,rosenbrock,713,0.004773139953613281,-0.7027242183685303,0.6108720302581787,0.0,0.2939207851886749,0.006882509216666222,0.23864875733852386,0.17143170535564423
rosenbrock,1.0,2,cholesky,5,score_function,8192,0.02,1000,2,rosenbrock,714,0.004911184310913086,-0.6902211904525757,0.5777864456176758,0.0,0.11979783326387405,0.003706315066665411,0.05709167942404747,0.10525362193584442
rosenbrock,1.0,2,cholesky,5,score_function,8192,0.02,1000,2,rosenbrock,715,0.0049419403076171875,-0.6985238790512085,0.6302752494812012,0.0,0.13288669288158417,0.007174128666520119,0.10218508541584015,0.084649957716465
rosenbrock,1.0,2,cholesky,5,score_function,8192,0.02,1000,2,rosenbrock,716,0.004809856414794922,-0.6859320402145386,0.5784751772880554,0.0,0.19388912618160248,0.007792681455612183,0.11094080656766891,0.1588219255208969
rosenbrock,1.0,2,cholesky,5,score_function,8192,0.02,1000,2,rosenbrock,717,0.0048258304595947266,-0.6908213496208191,0.5841397643089294,0.0,0.24327553808689117,0.008190431632101536,0.20900268852710724,0.12423273921012878
rosenbrock,1.0,2,cholesky,5,score_function,8192,0.02,1000,2,rosenbrock,718,0.0047228336334228516,-0.6845400929450989,0.5865671038627625,0.0,0.12861473858356476,0.007118668872863054,0.10820228606462479,0.06916168332099915
rosenbrock,1.0,2,cholesky,5,score_function,8192,0.02,1000,2,rosenbrock,719,0.0046787261962890625,-0.6972049474716187,0.6519709229469299,0.0,0.22143511474132538,0.006480224430561066,0.06282386928796768,0.21223731338977814
rosenbrock,1.0,2,cholesky,5,score_function,8192,0.02,1000,2,rosenbrock,720,0.004440784454345703,-0.6888943910598755,0.5808597207069397,0.0,0.2004752904176712,0.008212692104279995,0.10322123765945435,0.17166323959827423
rosenbrock,1.0,2,cholesky,5,score_function,8192,0.02,1000,2,rosenbrock,721,0.004705905914306641,-0.703829824924469,0.5880290269851685,0.0,0.18521685898303986,0.00831705704331398,0.09296377748250961,0.15998078882694244
rosenbrock,1.0,2,cholesky,5,score_function,8192,0.02,1000,2,rosenbrock,722,0.004990100860595703,-0.6906690001487732,0.5825718641281128,0.0,0.2648445665836334,0.008756373077630997,0.18866372108459473,0.1856662929058075
rosenbrock,1.0,2,cholesky,5,score_function,8192,0.02,1000,2,rosenbrock,723,0.004829883575439453,-0.6907628774642944,0.5226898789405823,0.0,0.16511794924736023,0.012124216184020042,0.11579965800046921,0.11707853525876999
rosenbrock,1.0,2,cholesky,5,score_function,8192,0.02,1000,2,rosenbrock,724,0.004480600357055664,-0.6934333443641663,0.560248613357544,0.0,0.129189595580101,0.007290505804121494,0.10078802704811096,0.08048959076404572
rosenbrock,1.0,2,cholesky,5,score_function,8192,0.02,1000,2,rosenbrock,725,0.004681825637817383,-0.691970705986023,0.6170007586479187,0.0,0.1979161649942398,0.01066297385841608,0.04925980046391487,0.19139117002487183
rosenbrock,1.0,2,cholesky,5,score_function,8192,0.02,1000,2,rosenbrock,726,0.004887104034423828,-0.6896309852600098,0.6018990278244019,0.0,0.1653987616300583,0.004187039099633694,0.1398961991071701,0.08813779801130295
rosenbrock,1.0,2,cholesky,5,score_function,8192,0.02,1000,2,rosenbrock,727,0.004654645919799805,-0.6936733722686768,0.551780641078949,0.0,0.18539439141750336,0.005480795633047819,0.13270679116249084,0.12934428453445435
rosenbrock,1.0,2,cholesky,5,score_function,8192,0.02,1000,2,rosenbrock,728,0.00447392463684082,-0.69004225730896,0.6157867312431335,0.0,0.1677742302417755,0.007520152721554041,0.08152933418750763,0.14643976092338562
rosenbrock,1.0,2,cholesky,5,score_function,8192,0.02,1000,2,rosenbrock,729,0.0045049190521240234,-0.6991997361183167,0.6199615001678467,0.0,0.09370595216751099,0.004771861247718334,0.05067723989486694,0.07867561280727386
rosenbrock,1.0,2,cholesky,5,score_function,8192,0.02,1000,2,rosenbrock,730,0.005095720291137695,-0.694746196269989,0.6189810037612915,0.0,0.23093175888061523,0.007340376265347004,0.18215219676494598,0.1417609602212906
rosenbrock,1.0,2,cholesky,5,score_function,8192,0.02,1000,2,rosenbrock,731,0.0049190521240234375,-0.6935275197029114,0.6418963074684143,0.0,0.25451308488845825,0.005336098372936249,0.23208756744861603,0.10432548075914383
rosenbrock,1.0,2,cholesky,5,score_function,8192,0.02,1000,2,rosenbrock,732,0.0049588680267333984,-0.704511284828186,0.6630247235298157,0.0,0.15240336954593658,0.008976761251688004,0.05060674250125885,0.14347530901432037
rosenbrock,1.0,2,cholesky,5,score_function,8192,0.02,1000,2,rosenbrock,733,0.004773855209350586,-0.7009506225585938,0.6514378786087036,0.0,0.38260120153427124,0.012083584442734718,0.1914338916540146,0.33104491233825684
rosenbrock,1.0,2,cholesky,5,score_function,8192,0.02,1000,2,rosenbrock,734,0.0047760009765625,-0.6978396773338318,0.6636242270469666,0.0,0.24255070090293884,0.010369308292865753,0.18568626046180725,0.15570463240146637
rosenbrock,1.0,2,cholesky,5,score_function,8192,0.02,1000,2,rosenbrock,735,0.004712104797363281,-0.6996804475784302,0.6397709846496582,0.0,0.3200012147426605,0.007420504465699196,0.22093744575977325,0.23137059807777405
rosenbrock,1.0,2,cholesky,5,score_function,8192,0.02,1000,2,rosenbrock,736,0.004598855972290039,-0.6945291757583618,0.6281881332397461,0.0,0.3391970694065094,0.010528549551963806,0.20322120189666748,0.2713760435581207
rosenbrock,1.0,2,cholesky,5,score_function,8192,0.02,1000,2,rosenbrock,737,0.004687070846557617,-0.6892474293708801,0.5614515542984009,0.0,0.23645390570163727,0.009572532959282398,0.17908120155334473,0.1541062444448471
rosenbrock,1.0,2,cholesky,5,score_function,8192,0.02,1000,2,rosenbrock,738,0.004868030548095703,-0.6870539784431458,0.564926266670227,0.0,0.22891569137573242,0.003933875821530819,0.1899203211069107,0.12773872911930084
rosenbrock,1.0,2,cholesky,5,score_function,8192,0.02,1000,2,rosenbrock,739,0.004731178283691406,-0.693116307258606,0.9225295186042786,0.0,0.32263627648353577,0.008457752875983715,0.14431582391262054,0.2884364426136017
rosenbrock,1.0,2,cholesky,5,score_function,8192,0.02,1000,2,rosenbrock,740,0.004793882369995117,-0.6891930103302002,0.5904374718666077,0.0,0.22614939510822296,0.013806309551000595,0.07762376219034195,0.2119610607624054
rosenbrock,1.0,2,cholesky,5,score_function,8192,0.02,1000,2,rosenbrock,741,0.004966020584106445,-0.6848118305206299,0.5676030516624451,0.0,0.21215787529945374,0.0105587812140584,0.1062968298792839,0.18330428004264832
rosenbrock,1.0,2,cholesky,5,score_function,8192,0.02,1000,2,rosenbrock,742,0.004904985427856445,-0.7018827795982361,0.6107436418533325,0.0,0.15293030440807343,0.015336115844547749,0.07162073254585266,0.13424959778785706
rosenbrock,1.0,2,cholesky,5,score_function,8192,0.02,1000,2,rosenbrock,743,0.005013942718505859,-0.6855584979057312,0.6569873690605164,0.0,0.2527274787425995,0.01023016031831503,0.22778844833374023,0.1089906096458435
rosenbrock,1.0,2,cholesky,5,score_function,8192,0.02,1000,2,rosenbrock,744,0.004644870758056641,-0.6867609024047852,0.5887774229049683,0.0,0.2412387728691101,0.011078773997724056,0.10482580214738846,0.21699067950248718
rosenbrock,1.0,2,cholesky,5,score_function,8192,0.02,1000,2,rosenbrock,745,0.004909038543701172,-0.6899889707565308,0.585197389125824,0.0,0.2223537117242813,0.013387536630034447,0.17837278544902802,0.13207989931106567
rosenbrock,1.0,2,cholesky,5,score_function,8192,0.02,1000,2,rosenbrock,746,0.006070852279663086,-0.700083315372467,0.5926321148872375,0.0,0.15891766548156738,0.007857395336031914,0.08489850163459778,0.13410939276218414
rosenbrock,1.0,2,cholesky,5,score_function,8192,0.02,1000,2,rosenbrock,747,0.005419015884399414,-0.6928653120994568,0.6596091985702515,0.0,0.39494508504867554,0.009762211702764034,0.2819984257221222,0.27633896470069885
rosenbrock,1.0,2,cholesky,5,score_function,8192,0.02,1000,2,rosenbrock,748,0.004625082015991211,-0.6928825378417969,0.6824046969413757,0.0,0.31640100479125977,0.010743681341409683,0.1798487901687622,0.26009342074394226
rosenbrock,1.0,2,cholesky,5,score_function,8192,0.02,1000,2,rosenbrock,749,0.005155086517333984,-0.684991717338562,0.6266553997993469,0.0,0.16803781688213348,0.006918863859027624,0.1401231586933136,0.09248968958854675
rosenbrock,1.0,2,cholesky,5,score_function,8192,0.02,1000,2,rosenbrock,750,0.004836082458496094,-0.6956183314323425,0.6245222091674805,0.0,0.2136518657207489,0.012053387239575386,0.1133556067943573,0.18069960176944733
rosenbrock,1.0,2,cholesky,5,score_function,8192,0.02,1000,2,rosenbrock,751,0.004936933517456055,-0.6878808736801147,0.5576656460762024,0.0,0.239845409989357,0.007233062759041786,0.19538062810897827,0.13892410695552826
rosenbrock,1.0,2,cholesky,5,score_function,8192,0.02,1000,2,rosenbrock,752,0.004492998123168945,-0.6836769580841064,0.5555487275123596,0.0,0.29642269015312195,0.0032565174624323845,0.2762128710746765,0.10752792656421661
rosenbrock,1.0,2,cholesky,5,score_function,8192,0.02,1000,2,rosenbrock,753,0.004663944244384766,-0.6906707882881165,0.5986152291297913,0.0,0.17784668505191803,0.015519538894295692,0.16192753612995148,0.071889229118824
rosenbrock,1.0,2,cholesky,5,score_function,8192,0.02,1000,2,rosenbrock,754,0.005026102066040039,-0.6943093538284302,0.6524640917778015,0.0,0.30359771847724915,0.012321580201387405,0.2550802528858185,0.16417615115642548
rosenbrock,1.0,2,cholesky,5,score_function,8192,0.02,1000,2,rosenbrock,755,0.004606008529663086,-0.6923022866249084,0.5824666023254395,0.0,0.3450411558151245,0.010849028825759888,0.32081568241119385,0.12654246389865875
rosenbrock,1.0,2,cholesky,5,score_function,8192,0.02,1000,2,rosenbrock,756,0.004669904708862305,-0.6905402541160583,0.6154745221138,0.0,0.1843326836824417,0.007621161639690399,0.1663353443145752,0.07907597720623016
rosenbrock,1.0,2,cholesky,5,score_function,8192,0.02,1000,2,rosenbrock,757,0.004469633102416992,-0.6929298043251038,0.5646021366119385,0.0,0.18720969557762146,0.013453762046992779,0.13498370349407196,0.1290188878774643
rosenbrock,1.0,2,cholesky,5,score_function,8192,0.02,1000,2,rosenbrock,758,0.005079030990600586,-0.689397931098938,0.5574847459793091,0.0,0.20391997694969177,0.010915631428360939,0.17238253355026245,0.10839033871889114
rosenbrock,1.0,2,cholesky,5,score_function,8192,0.02,1000,2,rosenbrock,759,0.00486302375793457,-0.6837744116783142,0.6052455902099609,0.0,0.26531413197517395,0.010699877515435219,0.24285735189914703,0.1062893196940422
rosenbrock,1.0,2,cholesky,5,score_function,8192,0.02,1000,2,rosenbrock,760,0.004832029342651367,-0.6950306296348572,0.5786206722259521,0.0,0.2926059663295746,0.005384179297834635,0.20273274183273315,0.21092340350151062
rosenbrock,1.0,2,cholesky,5,score_function,8192,0.02,1000,2,rosenbrock,761,0.004670858383178711,-0.6898242235183716,0.5695653557777405,0.0,0.17586389183998108,0.011798718012869358,0.14734937250614166,0.09527362883090973
rosenbrock,1.0,2,cholesky,5,score_function,8192,0.02,1000,2,rosenbrock,762,0.0045108795166015625,-0.6893304586410522,0.5874339938163757,0.0,0.20064128935337067,0.010519329458475113,0.08036542683839798,0.18354199826717377
rosenbrock,1.0,2,cholesky,5,score_function,8192,0.02,1000,2,rosenbrock,763,0.004930019378662109,-0.6936909556388855,0.6249858140945435,0.0,0.2824968993663788,0.008521112613379955,0.21875186264514923,0.17854833602905273
rosenbrock,1.0,2,cholesky,5,score_function,8192,0.02,1000,2,rosenbrock,764,0.004697084426879883,-0.6927606463432312,0.6233326196670532,0.0,0.2756829261779785,0.006348504219204187,0.26417213678359985,0.07857389003038406
rosenbrock,1.0,2,cholesky,5,score_function,8192,0.02,1000,2,rosenbrock,765,0.004853010177612305,-0.6902301907539368,0.6187413930892944,0.0,0.1792636662721634,0.00938147772103548,0.11934707313776016,0.1334305852651596
rosenbrock,1.0,2,cholesky,5,score_function,8192,0.02,1000,2,rosenbrock,766,0.004515171051025391,-0.6860643029212952,0.5760593414306641,0.0,0.201799675822258,0.011649244464933872,0.15182913839817047,0.13242101669311523
rosenbrock,1.0,2,cholesky,5,score_function,8192,0.02,1000,2,rosenbrock,767,0.004676103591918945,-0.6856306791305542,0.5143040418624878,0.0,0.2343572974205017,0.017296461388468742,0.19328711926937103,0.13139353692531586
rosenbrock,1.0,2,cholesky,5,score_function,8192,0.02,1000,2,rosenbrock,768,0.005384206771850586,-0.6902300119400024,0.5899055004119873,0.0,0.20429648458957672,0.01521927211433649,0.1680605411529541,0.11515679210424423
rosenbrock,1.0,2,cholesky,5,score_function,8192,0.02,1000,2,rosenbrock,769,0.00577092170715332,-0.6897821426391602,0.589620053768158,0.0,0.23251572251319885,0.010248754173517227,0.10140880197286606,0.2089851200580597
rosenbrock,1.0,2,cholesky,5,score_function,8192,0.02,1000,2,rosenbrock,770,0.00547480583190918,-0.6910083889961243,0.6241073608398438,0.0,0.25919339060783386,0.011278713122010231,0.18890221416950226,0.17711564898490906
rosenbrock,1.0,2,cholesky,5,score_function,8192,0.02,1000,2,rosenbrock,771,0.005347013473510742,-0.6831827759742737,0.5310669541358948,0.0,0.3819124400615692,0.013265414163470268,0.33963823318481445,0.17414653301239014
rosenbrock,1.0,2,cholesky,5,score_function,8192,0.02,1000,2,rosenbrock,772,0.0047969818115234375,-0.689281702041626,0.5753583908081055,0.0,0.16950689256191254,0.009249618276953697,0.09242784231901169,0.1417890191078186
rosenbrock,1.0,2,cholesky,5,score_function,8192,0.02,1000,2,rosenbrock,773,0.004797935485839844,-0.678208589553833,0.5742518305778503,0.0,0.27654513716697693,0.009048815816640854,0.11641718447208405,0.25068381428718567
rosenbrock,1.0,2,cholesky,5,score_function,8192,0.02,1000,2,rosenbrock,774,0.0051326751708984375,-0.6813771724700928,0.5911118388175964,0.0,0.23480135202407837,0.012040994130074978,0.12325762212276459,0.1994849592447281
rosenbrock,1.0,2,cholesky,5,score_function,8192,0.02,1000,2,rosenbrock,775,0.004972934722900391,-0.683416485786438,0.6079044342041016,0.0,0.15572023391723633,0.00938593689352274,0.10235767811536789,0.11697693169116974
rosenbrock,1.0,2,cholesky,5,score_function,8192,0.02,1000,2,rosenbrock,776,0.004484653472900391,-0.6907393932342529,0.5966318845748901,0.0,0.3275502622127533,0.014827708713710308,0.18336020410060883,0.2710135579109192
rosenbrock,1.0,2,cholesky,5,score_function,8192,0.02,1000,2,rosenbrock,777,0.00480198860168457,-0.6727162003517151,0.6396455764770508,0.0,0.190304234623909,0.0070580970495939255,0.07453468441963196,0.1749584674835205
rosenbrock,1.0,2,cholesky,5,score_function,8192,0.02,1000,2,rosenbrock,778,0.004615068435668945,-0.6702776551246643,0.5480031967163086,0.0,0.12129608541727066,0.010861322283744812,0.07874812185764313,0.09161607921123505
rosenbrock,1.0,2,cholesky,5,score_function,8192,0.02,1000,2,rosenbrock,779,0.004794120788574219,-0.6768767237663269,0.57032710313797,0.0,0.20631904900074005,0.010977508500218391,0.09242314100265503,0.1841331273317337
rosenbrock,1.0,2,cholesky,5,score_function,8192,0.02,1000,2,rosenbrock,780,0.004483222961425781,-0.6901913285255432,0.7605647444725037,0.0,0.5722647905349731,0.008868166245520115,0.2379886656999588,0.5203554034233093
rosenbrock,1.0,2,cholesky,5,score_function,8192,0.02,1000,2,rosenbrock,781,0.0051381587982177734,-0.6873791217803955,0.5717984437942505,0.0,0.2962883412837982,0.009864713996648788,0.20320843160152435,0.21539688110351562
rosenbrock,1.0,2,cholesky,5,score_function,8192,0.02,1000,2,rosenbrock,782,0.00451207160949707,-0.6808096170425415,0.5584623217582703,0.0,0.20379839837551117,0.015320977196097374,0.1732330620288849,0.10625138878822327
rosenbrock,1.0,2,cholesky,5,score_function,8192,0.02,1000,2,rosenbrock,783,0.0047719478607177734,-0.6805318593978882,0.6764277815818787,0.0,0.1996319591999054,0.019371243193745613,0.1063954085111618,0.16780252754688263
rosenbrock,1.0,2,cholesky,5,score_function,8192,0.02,1000,2,rosenbrock,784,0.004548072814941406,-0.6848512291908264,0.5941391587257385,0.0,0.4249632656574249,0.00861312821507454,0.35506677627563477,0.23333923518657684
rosenbrock,1.0,2,cholesky,5,score_function,8192,0.02,1000,2,rosenbrock,785,0.005201101303100586,-0.6735261678695679,0.5687586069107056,0.0,0.23243752121925354,0.00908521469682455,0.11920507252216339,0.1993359476327896
rosenbrock,1.0,2,cholesky,5,score_function,8192,0.02,1000,2,rosenbrock,786,0.004878044128417969,-0.6821866035461426,0.6112932562828064,0.0,0.2046443521976471,0.00415108073502779,0.15902484953403473,0.12873685359954834
rosenbrock,1.0,2,cholesky,5,score_function,8192,0.02,1000,2,rosenbrock,787,0.0048868656158447266,-0.6863805055618286,0.7385738492012024,0.0,0.3407088816165924,0.009863155893981457,0.13978974521160126,0.31055447459220886
rosenbrock,1.0,2,cholesky,5,score_function,8192,0.02,1000,2,rosenbrock,788,0.00462794303894043,-0.6856555342674255,0.6375964879989624,0.0,0.26945021748542786,0.007689718622714281,0.1279933601617813,0.2369852215051651
rosenbrock,1.0,2,cholesky,5,score_function,8192,0.02,1000,2,rosenbrock,789,0.004868030548095703,-0.6800476908683777,0.5207019448280334,0.0,0.2946516275405884,0.00630679028108716,0.22775959968566895,0.18682979047298431
rosenbrock,1.0,2,cholesky,5,score_function,8192,0.02,1000,2,rosenbrock,790,0.00477290153503418,-0.6876912713050842,0.6126712560653687,0.0,0.14832274615764618,0.012589570134878159,0.1251031905412674,0.07867863774299622
rosenbrock,1.0,2,cholesky,5,score_function,8192,0.02,1000,2,rosenbrock,791,0.005276918411254883,-0.7009563446044922,0.8601915240287781,0.0,0.9653859734535217,0.019563715904951096,0.5373420715332031,0.8017797470092773
rosenbrock,1.0,2,cholesky,5,score_function,8192,0.02,1000,2,rosenbrock,792,0.004419803619384766,-0.6864011287689209,0.5700886845588684,0.0,0.23387622833251953,0.009813832119107246,0.21413008868694305,0.09354189038276672
rosenbrock,1.0,2,cholesky,5,score_function,8192,0.02,1000,2,rosenbrock,793,0.0050280094146728516,-0.6770375967025757,0.5495069622993469,0.0,0.15749625861644745,0.014310012571513653,0.10360590368509293,0.11775445193052292
rosenbrock,1.0,2,cholesky,5,score_function,8192,0.02,1000,2,rosenbrock,794,0.0049321651458740234,-0.6894648671150208,0.655918300151825,0.0,0.31988340616226196,0.013177241198718548,0.2651510238647461,0.1784563660621643
rosenbrock,1.0,2,cholesky,5,score_function,8192,0.02,1000,2,rosenbrock,795,0.004806041717529297,-0.6701521873474121,0.5265953540802002,0.0,0.33397752046585083,0.011870951391756535,0.29594260454177856,0.15433096885681152
rosenbrock,1.0,2,cholesky,5,score_function,8192,0.02,1000,2,rosenbrock,796,0.004868030548095703,-0.6961921453475952,0.7010641694068909,0.0,0.4463024139404297,0.013668244704604149,0.2534998655319214,0.3670651614665985
rosenbrock,1.0,2,cholesky,5,score_function,8192,0.02,1000,2,rosenbrock,797,0.004976987838745117,-0.6762868165969849,0.6037841439247131,0.0,0.12454411387443542,0.016455629840493202,0.083234503865242,0.09117273986339569
rosenbrock,1.0,2,cholesky,5,score_function,8192,0.02,1000,2,rosenbrock,798,0.004847288131713867,-0.6836419105529785,0.6425381302833557,0.0,0.23694783449172974,0.013680268079042435,0.1935042440891266,0.1360633373260498
rosenbrock,1.0,2,cholesky,5,score_function,8192,0.02,1000,2,rosenbrock,799,0.005110025405883789,-0.6782092452049255,0.6140638589859009,0.0,0.24475052952766418,0.011897902935743332,0.22251121699810028,0.10124239325523376
rosenbrock,1.0,2,cholesky,5,score_function,8192,0.02,1000,2,rosenbrock,800,0.004733085632324219,-0.6840671300888062,0.5802032947540283,0.0,0.14688000082969666,0.011913454160094261,0.08661341667175293,0.11802508682012558
rosenbrock,1.0,2,cholesky,5,score_function,8192,0.02,1000,2,rosenbrock,801,0.005033254623413086,-0.6788690090179443,0.5411077737808228,0.0,0.33340856432914734,0.013824760913848877,0.29505711793899536,0.15463325381278992
rosenbrock,1.0,2,cholesky,5,score_function,8192,0.02,1000,2,rosenbrock,802,0.004725933074951172,-0.6905108690261841,0.6882615089416504,0.0,0.29953810572624207,0.01451639924198389,0.18651966750621796,0.23392896354198456
rosenbrock,1.0,2,cholesky,5,score_function,8192,0.02,1000,2,rosenbrock,803,0.0047130584716796875,-0.6816689968109131,0.7066915035247803,0.0,0.3616063892841339,0.014766988344490528,0.2112269252538681,0.29312846064567566
rosenbrock,1.0,2,cholesky,5,score_function,8192,0.02,1000,2,rosenbrock,804,0.004656791687011719,-0.6681613922119141,0.6370561718940735,0.0,0.2645638883113861,0.013929793611168861,0.11188873648643494,0.2393343150615692
rosenbrock,1.0,2,cholesky,5,score_function,8192,0.02,1000,2,rosenbrock,805,0.005022287368774414,-0.684114396572113,0.5721465945243835,0.0,0.23986190557479858,0.0182349756360054,0.21913594007492065,0.0958157554268837
rosenbrock,1.0,2,cholesky,5,score_function,8192,0.02,1000,2,rosenbrock,806,0.004626035690307617,-0.6693477630615234,0.540238618850708,0.0,0.13352319598197937,0.01271978672593832,0.09984879940748215,0.08773180097341537
rosenbrock,1.0,2,cholesky,5,score_function,8192,0.02,1000,2,rosenbrock,807,0.004838705062866211,-0.6718220710754395,0.5743616223335266,0.0,0.15818384289741516,0.009966615587472916,0.09664840251207352,0.12482740730047226
rosenbrock,1.0,2,cholesky,5,score_function,8192,0.02,1000,2,rosenbrock,808,0.004935741424560547,-0.6684179306030273,0.5900381207466125,0.0,0.28655555844306946,0.015628201887011528,0.16970065236091614,0.2303726077079773
rosenbrock,1.0,2,cholesky,5,score_function,8192,0.02,1000,2,rosenbrock,809,0.005088090896606445,-0.688649594783783,0.6385135650634766,0.0,0.29824188351631165,0.017632439732551575,0.23605264723300934,0.181428924202919
rosenbrock,1.0,2,cholesky,5,score_function,8192,0.02,1000,2,rosenbrock,810,0.004686117172241211,-0.6778014302253723,0.5543642640113831,0.0,0.24316439032554626,0.0105299586430192,0.21824724972248077,0.10670603811740875
rosenbrock,1.0,2,cholesky,5,score_function,8192,0.02,1000,2,rosenbrock,811,0.0048999786376953125,-0.6801838874816895,0.6412040591239929,0.0,0.2831333875656128,0.013723851181566715,0.1716291755437851,0.2247656285762787
rosenbrock,1.0,2,cholesky,5,score_function,8192,0.02,1000,2,rosenbrock,812,0.004717111587524414,-0.6765298247337341,0.5534862279891968,0.0,0.24953864514827728,0.020646434277296066,0.16799595952033997,0.1833592653274536
rosenbrock,1.0,2,cholesky,5,score_function,8192,0.02,1000,2,rosenbrock,813,0.004559993743896484,-0.6852327585220337,0.6304240822792053,0.0,0.2153756022453308,0.01899227686226368,0.09799114614725113,0.19084987044334412
rosenbrock,1.0,2,cholesky,5,score_function,8192,0.02,1000,2,rosenbrock,814,0.004723072052001953,-0.6772876381874084,0.5742673277854919,0.0,0.28326576948165894,0.01714887097477913,0.2458345890045166,0.13968099653720856
rosenbrock,1.0,2,cholesky,5,score_function,8192,0.02,1000,2,rosenbrock,815,0.004891157150268555,-0.6711282730102539,0.5965379476547241,0.0,0.29966041445732117,0.013836180791258812,0.14043857157230377,0.26435187458992004
rosenbrock,1.0,2,cholesky,5,score_function,8192,0.02,1000,2,rosenbrock,816,0.0046918392181396484,-0.6757249236106873,0.6366950869560242,0.0,0.22515302896499634,0.017906799912452698,0.1832740753889084,0.12955248355865479
rosenbrock,1.0,2,cholesky,5,score_function,8192,0.02,1000,2,rosenbrock,817,0.0048351287841796875,-0.6858063340187073,0.5942023396492004,0.0,0.21414752304553986,0.016912570223212242,0.09963961690664291,0.18879902362823486
rosenbrock,1.0,2,cholesky,5,score_function,8192,0.02,1000,2,rosenbrock,818,0.0048940181732177734,-0.6752154231071472,0.6117771863937378,0.0,0.18680746853351593,0.016956912353634834,0.13324818015098572,0.12982454895973206
rosenbrock,1.0,2,cholesky,5,score_function,8192,0.02,1000,2,rosenbrock,819,0.005218029022216797,-0.6705586314201355,0.5239052176475525,0.0,0.20457720756530762,0.011890909634530544,0.155971959233284,0.13184529542922974
rosenbrock,1.0,2,cholesky,5,score_function,8192,0.02,1000,2,rosenbrock,820,0.004978179931640625,-0.6787150502204895,0.5377408266067505,0.0,0.1648431271314621,0.019161343574523926,0.12650227546691895,0.10393879562616348
rosenbrock,1.0,2,cholesky,5,score_function,8192,0.02,1000,2,rosenbrock,821,0.004950046539306641,-0.67093825340271,0.5568631291389465,0.0,0.1792464405298233,0.015085572376847267,0.13112729787826538,0.12127386033535004
rosenbrock,1.0,2,cholesky,5,score_function,8192,0.02,1000,2,rosenbrock,822,0.005463123321533203,-0.6695069074630737,0.5784143805503845,0.0,0.2705930769443512,0.014563322998583317,0.18682266771793365,0.1952071338891983
rosenbrock,1.0,2,cholesky,5,score_function,8192,0.02,1000,2,rosenbrock,823,0.004573822021484375,-0.6861174702644348,0.6206135749816895,0.0,0.18929113447666168,0.014210058376193047,0.1590089052915573,0.10171223431825638
rosenbrock,1.0,2,cholesky,5,score_function,8192,0.02,1000,2,rosenbrock,824,0.005230903625488281,-0.6637297868728638,0.6116766929626465,0.0,0.21796374022960663,0.015136444941163063,0.13461697101593018,0.17075522243976593
rosenbrock,1.0,2,cholesky,5,score_function,8192,0.02,1000,2,rosenbrock,825,0.004617214202880859,-0.6620218753814697,0.5506774187088013,0.0,0.19745288789272308,0.017553025856614113,0.15564964711666107,0.12021946161985397
rosenbrock,1.0,2,cholesky,5,score_function,8192,0.02,1000,2,rosenbrock,826,0.0048711299896240234,-0.6849557161331177,0.7193170785903931,0.0,0.3056219220161438,0.013113347813487053,0.2378748059272766,0.19143763184547424
rosenbrock,1.0,2,cholesky,5,score_function,8192,0.02,1000,2,rosenbrock,827,0.004765987396240234,-0.6777054071426392,0.6310421228408813,0.0,0.22232282161712646,0.015069584362208843,0.09063317626714706,0.20244991779327393
rosenbrock,1.0,2,cholesky,5,score_function,8192,0.02,1000,2,rosenbrock,828,0.004898786544799805,-0.6771481037139893,0.5865343809127808,0.0,0.28901582956314087,0.020519759505987167,0.23934027552604675,0.16070254147052765
rosenbrock,1.0,2,cholesky,5,score_function,8192,0.02,1000,2,rosenbrock,829,0.004569053649902344,-0.6653357744216919,0.5414766669273376,0.0,0.22058801352977753,0.019139090552926064,0.18694967031478882,0.11551010608673096
rosenbrock,1.0,2,cholesky,5,score_function,8192,0.02,1000,2,rosenbrock,830,0.004750728607177734,-0.6685930490493774,0.6013672351837158,0.0,0.2289154827594757,0.020419234409928322,0.09176240116357803,0.208722323179245
rosenbrock,1.0,2,cholesky,5,score_function,8192,0.02,1000,2,rosenbrock,831,0.004917144775390625,-0.6812182664871216,0.650714099407196,0.0,0.18914906680583954,0.01827387325465679,0.10346890240907669,0.1572819948196411
rosenbrock,1.0,2,cholesky,5,score_function,8192,0.02,1000,2,rosenbrock,832,0.004853010177612305,-0.6712508201599121,0.6155371069908142,0.0,0.2419339269399643,0.01985206827521324,0.15821345150470734,0.18195171654224396
rosenbrock,1.0,2,cholesky,5,score_function,8192,0.02,1000,2,rosenbrock,833,0.004951000213623047,-0.6655378341674805,0.5480201840400696,0.0,0.24213537573814392,0.0172503050416708,0.13893644511699677,0.19755665957927704
rosenbrock,1.0,2,cholesky,5,score_function,8192,0.02,1000,2,rosenbrock,834,0.00498509407043457,-0.6674200892448425,0.5311523079872131,0.0,0.17729787528514862,0.019898073747754097,0.13325540721416473,0.11524583399295807
rosenbrock,1.0,2,cholesky,5,score_function,8192,0.02,1000,2,rosenbrock,835,0.004740238189697266,-0.6740651726722717,0.6010251045227051,0.0,0.21365097165107727,0.02121465839445591,0.17094971239566803,0.12638382613658905
rosenbrock,1.0,2,cholesky,5,score_function,8192,0.02,1000,2,rosenbrock,836,0.0051059722900390625,-0.6699704527854919,0.5551488995552063,0.0,0.17261876165866852,0.01779063604772091,0.1426791548728943,0.09551644325256348
rosenbrock,1.0,2,cholesky,5,score_function,8192,0.02,1000,2,rosenbrock,837,0.004901885986328125,-0.6734350919723511,0.6172569394111633,0.0,0.32583579421043396,0.017903579398989677,0.28238141536712646,0.1615833342075348
rosenbrock,1.0,2,cholesky,5,score_function,8192,0.02,1000,2,rosenbrock,838,0.004750728607177734,-0.6642475724220276,0.5909363031387329,0.0,0.2304689586162567,0.017261145636439323,0.187994122505188,0.13219760358333588
rosenbrock,1.0,2,cholesky,5,score_function,8192,0.02,1000,2,rosenbrock,839,0.004628181457519531,-0.6677262783050537,0.5622705221176147,0.0,0.1928609013557434,0.017367694526910782,0.16527466475963593,0.09786710143089294
rosenbrock,1.0,2,cholesky,5,score_function,8192,0.02,1000,2,rosenbrock,840,0.004972934722900391,-0.6682316660881042,0.5609497427940369,0.0,0.2919293940067291,0.01623109169304371,0.24608752131462097,0.15620580315589905
rosenbrock,1.0,2,cholesky,5,score_function,8192,0.02,1000,2,rosenbrock,841,0.004661083221435547,-0.6667171716690063,0.5557982921600342,0.0,0.20329134166240692,0.023937726393342018,0.13700228929519653,0.14827248454093933
rosenbrock,1.0,2,cholesky,5,score_function,8192,0.02,1000,2,rosenbrock,842,0.005071163177490234,-0.6690770983695984,0.5849066972732544,0.0,0.2463453859090805,0.02001294307410717,0.22279073297977448,0.10319799184799194
rosenbrock,1.0,2,cholesky,5,score_function,8192,0.02,1000,2,rosenbrock,843,0.004698753356933594,-0.6772580146789551,0.5771194100379944,0.0,0.26073458790779114,0.020814789459109306,0.19079415500164032,0.17648474872112274
rosenbrock,1.0,2,cholesky,5,score_function,8192,0.02,1000,2,rosenbrock,844,0.004669189453125,-0.6600997447967529,0.6232140064239502,0.0,0.29745039343833923,0.02140987478196621,0.26932379603385925,0.12443091720342636
rosenbrock,1.0,2,cholesky,5,score_function,8192,0.02,1000,2,rosenbrock,845,0.00462794303894043,-0.6589884161949158,0.5895103216171265,0.0,0.10931207239627838,0.01904326118528843,0.087162546813488,0.06315991282463074
rosenbrock,1.0,2,cholesky,5,score_function,8192,0.02,1000,2,rosenbrock,846,0.005033969879150391,-0.6777438521385193,0.6443490982055664,0.0,0.24616484344005585,0.01767958700656891,0.230233833193779,0.08530502021312714
rosenbrock,1.0,2,cholesky,5,score_function,8192,0.02,1000,2,rosenbrock,847,0.0047359466552734375,-0.6695383787155151,0.5858290195465088,0.0,0.21174970269203186,0.025535091757774353,0.19433532655239105,0.08012285828590393
rosenbrock,1.0,2,cholesky,5,score_function,8192,0.02,1000,2,rosenbrock,848,0.004884958267211914,-0.6613378524780273,0.545347273349762,0.0,0.23213762044906616,0.019567037001252174,0.1800987869501114,0.14515310525894165
rosenbrock,1.0,2,cholesky,5,score_function,8192,0.02,1000,2,rosenbrock,849,0.004602193832397461,-0.6754252314567566,0.5843477845191956,0.0,0.19138626754283905,0.022405168041586876,0.14033597707748413,0.12818941473960876
rosenbrock,1.0,2,cholesky,5,score_function,8192,0.02,1000,2,rosenbrock,850,0.004973888397216797,-0.6713336706161499,0.6138906478881836,0.0,0.14473874866962433,0.020283419638872147,0.10415985435247421,0.09843075275421143
rosenbrock,1.0,2,cholesky,5,score_function,8192,0.02,1000,2,rosenbrock,851,0.004786252975463867,-0.6614274978637695,0.5757437944412231,0.0,0.16080020368099213,0.018713826313614845,0.12021076679229736,0.10514688491821289
rosenbrock,1.0,2,cholesky,5,score_function,8192,0.02,1000,2,rosenbrock,852,0.00492095947265625,-0.6576465368270874,0.5364651083946228,0.0,0.146718829870224,0.01870262622833252,0.10029054433107376,0.10544398427009583
rosenbrock,1.0,2,cholesky,5,score_function,8192,0.02,1000,2,rosenbrock,853,0.005036830902099609,-0.6603564023971558,0.5291257500648499,0.0,0.15152309834957123,0.021364295855164528,0.12465842813253403,0.08344514667987823
rosenbrock,1.0,2,cholesky,5,score_function,8192,0.02,1000,2,rosenbrock,854,0.005145072937011719,-0.6649398803710938,0.5347251892089844,0.0,0.17226791381835938,0.019809601828455925,0.1369471251964569,0.10261239111423492
rosenbrock,1.0,2,cholesky,5,score_function,8192,0.02,1000,2,rosenbrock,855,0.004648923873901367,-0.6781757473945618,0.6526889801025391,0.0,0.32587721943855286,0.02163938246667385,0.24762366712093353,0.21073736250400543
rosenbrock,1.0,2,cholesky,5,score_function,8192,0.02,1000,2,rosenbrock,856,0.004870176315307617,-0.6718441843986511,0.5913854837417603,0.0,0.32243427634239197,0.023372767493128777,0.22842569649219513,0.22636094689369202
rosenbrock,1.0,2,cholesky,5,score_function,8192,0.02,1000,2,rosenbrock,857,0.004607200622558594,-0.6585279703140259,0.5263877511024475,0.0,0.15193074941635132,0.02085169591009617,0.1231527253985405,0.08649604767560959
rosenbrock,1.0,2,cholesky,5,score_function,8192,0.02,1000,2,rosenbrock,858,0.004745960235595703,-0.6711769700050354,0.5337958931922913,0.0,0.17940230667591095,0.01922770030796528,0.12990263104438782,0.12223251909017563
rosenbrock,1.0,2,cholesky,5,score_function,8192,0.02,1000,2,rosenbrock,859,0.004885196685791016,-0.6613979339599609,0.5480015277862549,0.0,0.15735626220703125,0.02027655392885208,0.13798698782920837,0.07286596298217773
rosenbrock,1.0,2,cholesky,5,score_function,8192,0.02,1000,2,rosenbrock,860,0.004967927932739258,-0.6661697626113892,0.573136031627655,0.0,0.24329695105552673,0.02220088802278042,0.22066853940486908,0.10002965480089188
rosenbrock,1.0,2,cholesky,5,score_function,8192,0.02,1000,2,rosenbrock,861,0.00462794303894043,-0.6525465250015259,0.556257426738739,0.0,0.2247496098279953,0.023058462888002396,0.12337986379861832,0.18643523752689362
rosenbrock,1.0,2,cholesky,5,score_function,8192,0.02,1000,2,rosenbrock,862,0.005116939544677734,-0.670677125453949,0.6379895806312561,0.0,0.2764562666416168,0.02542976476252079,0.19888895750045776,0.19032755494117737
rosenbrock,1.0,2,cholesky,5,score_function,8192,0.02,1000,2,rosenbrock,863,0.004873991012573242,-0.6714766025543213,0.6813637614250183,0.0,0.21000541746616364,0.02596680074930191,0.08785369247198105,0.1889701932668686
rosenbrock,1.0,2,cholesky,5,score_function,8192,0.02,1000,2,rosenbrock,864,0.004740715026855469,-0.6671077013015747,0.558464765548706,0.0,0.1782175600528717,0.025601714849472046,0.13639351725578308,0.1118161678314209
rosenbrock,1.0,2,cholesky,5,score_function,8192,0.02,1000,2,rosenbrock,865,0.004601955413818359,-0.6651104092597961,0.5494542717933655,0.0,0.33998411893844604,0.022714771330356598,0.27479061484336853,0.19890539348125458
rosenbrock,1.0,2,cholesky,5,score_function,8192,0.02,1000,2,rosenbrock,866,0.004525661468505859,-0.6594966053962708,0.5386042594909668,0.0,0.22355985641479492,0.022733569145202637,0.1557566225528717,0.15875160694122314
rosenbrock,1.0,2,cholesky,5,score_function,8192,0.02,1000,2,rosenbrock,867,0.004541873931884766,-0.6536056399345398,0.5255809426307678,0.0,0.22514531016349792,0.02334826998412609,0.19031944870948792,0.11799905449151993
rosenbrock,1.0,2,cholesky,5,score_function,8192,0.02,1000,2,rosenbrock,868,0.005296945571899414,-0.6714440584182739,0.6166682839393616,0.0,0.3152685761451721,0.017752697691321373,0.2404944747686386,0.20308002829551697
rosenbrock,1.0,2,cholesky,5,score_function,8192,0.02,1000,2,rosenbrock,869,0.004867076873779297,-0.6582086086273193,0.5189476013183594,0.0,0.23621903359889984,0.021162547171115875,0.18947336077690125,0.13946835696697235
rosenbrock,1.0,2,cholesky,5,score_function,8192,0.02,1000,2,rosenbrock,870,0.0047931671142578125,-0.6633517146110535,0.6482494473457336,0.0,0.2217632532119751,0.029136639088392258,0.16144724190235138,0.14921388030052185
rosenbrock,1.0,2,cholesky,5,score_function,8192,0.02,1000,2,rosenbrock,871,0.004558086395263672,-0.6644071340560913,0.5900946259498596,0.0,0.40096867084503174,0.029459482058882713,0.22334729135036469,0.3316986560821533
rosenbrock,1.0,2,cholesky,5,score_function,8192,0.02,1000,2,rosenbrock,872,0.004970073699951172,-0.6680889129638672,0.619937539100647,0.0,0.37475523352622986,0.025950947776436806,0.2589113116264343,0.26969045400619507
rosenbrock,1.0,2,cholesky,5,score_function,8192,0.02,1000,2,rosenbrock,873,0.004616260528564453,-0.6520028114318848,0.5360298156738281,0.0,0.13826195895671844,0.02286439761519432,0.11211568117141724,0.0776122435927391
rosenbrock,1.0,2,cholesky,5,score_function,8192,0.02,1000,2,rosenbrock,874,0.005531787872314453,-0.6561406850814819,0.5930370092391968,0.0,0.20717990398406982,0.024200240150094032,0.14671358466148376,0.14426705241203308
rosenbrock,1.0,2,cholesky,5,score_function,8192,0.02,1000,2,rosenbrock,875,0.004647254943847656,-0.6606690287590027,0.5912483334541321,0.0,0.29670873284339905,0.022999132052063942,0.10078391432762146,0.27811816334724426
rosenbrock,1.0,2,cholesky,5,score_function,8192,0.02,1000,2,rosenbrock,876,0.005381107330322266,-0.6558226943016052,0.7355996370315552,0.0,0.31977835297584534,0.02683422341942787,0.18253527581691742,0.2611876130104065
rosenbrock,1.0,2,cholesky,5,score_function,8192,0.02,1000,2,rosenbrock,877,0.004771709442138672,-0.6673913598060608,0.5981253385543823,0.0,0.1642058789730072,0.024941133335232735,0.10760437697172165,0.12150229513645172
rosenbrock,1.0,2,cholesky,5,score_function,8192,0.02,1000,2,rosenbrock,878,0.0048329830169677734,-0.6607998609542847,0.6060160994529724,0.0,0.22158075869083405,0.025347327813506126,0.12276468425989151,0.18271391093730927
rosenbrock,1.0,2,cholesky,5,score_function,8192,0.02,1000,2,rosenbrock,879,0.005040168762207031,-0.653647780418396,0.5858850479125977,0.0,0.3133789002895355,0.025016997009515762,0.14680103957653046,0.2757352292537689
rosenbrock,1.0,2,cholesky,5,score_function,8192,0.02,1000,2,rosenbrock,880,0.004878044128417969,-0.6629124879837036,0.5499240159988403,0.0,0.22758854925632477,0.02443675324320793,0.1942773312330246,0.11599873751401901
rosenbrock,1.0,2,cholesky,5,score_function,8192,0.02,1000,2,rosenbrock,881,0.005266904830932617,-0.6513003706932068,0.5273118019104004,0.0,0.18700358271598816,0.027221880853176117,0.13011446595191956,0.13152769207954407
rosenbrock,1.0,2,cholesky,5,score_function,8192,0.02,1000,2,rosenbrock,882,0.005539894104003906,-0.6634043455123901,0.5578052997589111,0.0,0.19443246722221375,0.02616472728550434,0.15549518167972565,0.1137569472193718
rosenbrock,1.0,2,cholesky,5,score_function,8192,0.02,1000,2,rosenbrock,883,0.0051119327545166016,-0.6589823365211487,0.4997156262397766,0.0,0.2619982957839966,0.02127010002732277,0.23378324508666992,0.11634459346532822
rosenbrock,1.0,2,cholesky,5,score_function,8192,0.02,1000,2,rosenbrock,884,0.0049610137939453125,-0.6672019958496094,0.5781329870223999,0.0,0.1881563514471054,0.02244127355515957,0.146002396941185,0.11654398590326309
rosenbrock,1.0,2,cholesky,5,score_function,8192,0.02,1000,2,rosenbrock,885,0.004984140396118164,-0.6659917831420898,0.5577901005744934,0.0,0.20956429839134216,0.030454132705926895,0.16519953310489655,0.12529504299163818
rosenbrock,1.0,2,cholesky,5,score_function,8192,0.02,1000,2,rosenbrock,886,0.005710124969482422,-0.6497414708137512,0.5392190217971802,0.0,0.22659969329833984,0.022070737555623055,0.1955728381872177,0.11230120807886124
rosenbrock,1.0,2,cholesky,5,score_function,8192,0.02,1000,2,rosenbrock,887,0.005270957946777344,-0.6486907601356506,0.49177366495132446,0.0,0.19436313211917877,0.023883698508143425,0.1652992069721222,0.09941206127405167
rosenbrock,1.0,2,cholesky,5,score_function,8192,0.02,1000,2,rosenbrock,888,0.00494694709777832,-0.665553629398346,0.6807742714881897,0.0,0.6720883250236511,0.029240183532238007,0.3686944246292114,0.5611702799797058
rosenbrock,1.0,2,cholesky,5,score_function,8192,0.02,1000,2,rosenbrock,889,0.004992008209228516,-0.6556816101074219,0.5677967667579651,0.0,0.1464114636182785,0.02510032244026661,0.0924135372042656,0.11075209826231003
rosenbrock,1.0,2,cholesky,5,score_function,8192,0.02,1000,2,rosenbrock,890,0.0051250457763671875,-0.6571339964866638,0.5497188568115234,0.0,0.3186592757701874,0.02485489286482334,0.239923894405365,0.20823663473129272
rosenbrock,1.0,2,cholesky,5,score_function,8192,0.02,1000,2,rosenbrock,891,0.00463104248046875,-0.6519325971603394,0.5447837710380554,0.0,0.23677906394004822,0.02895655855536461,0.19687657058238983,0.12831778824329376
rosenbrock,1.0,2,cholesky,5,score_function,8192,0.02,1000,2,rosenbrock,892,0.004647016525268555,-0.6556416153907776,0.5960472822189331,0.0,0.19159862399101257,0.02756774239242077,0.09634639322757721,0.16330163180828094
rosenbrock,1.0,2,cholesky,5,score_function,8192,0.02,1000,2,rosenbrock,893,0.004913330078125,-0.6596885323524475,0.6126559376716614,0.0,0.2574429512023926,0.030180972069501877,0.187504380941391,0.17380473017692566
rosenbrock,1.0,2,cholesky,5,score_function,8192,0.02,1000,2,rosenbrock,894,0.004812002182006836,-0.6535131931304932,0.5763768553733826,0.0,0.4098924696445465,0.028349734842777252,0.31123748421669006,0.2652156949043274
rosenbrock,1.0,2,cholesky,5,score_function,8192,0.02,1000,2,rosenbrock,895,0.0049839019775390625,-0.6620464324951172,0.5317911505699158,0.0,0.3284400701522827,0.027776600793004036,0.2573789060115814,0.2021321952342987
rosenbrock,1.0,2,cholesky,5,score_function,8192,0.02,1000,2,rosenbrock,896,0.005228996276855469,-0.6571398973464966,0.5686976909637451,0.0,0.20333585143089294,0.026822581887245178,0.16564907133579254,0.11483204364776611
rosenbrock,1.0,2,cholesky,5,score_function,8192,0.02,1000,2,rosenbrock,897,0.0052797794342041016,-0.6620481014251709,0.598381757736206,0.0,0.18743963539600372,0.0318620540201664,0.09569229185581207,0.15799182653427124
rosenbrock,1.0,2,cholesky,5,score_function,8192,0.02,1000,2,rosenbrock,898,0.005894899368286133,-0.6584904193878174,0.6175352931022644,0.0,0.34429726004600525,0.028725018724799156,0.30576246976852417,0.15564316511154175
rosenbrock,1.0,2,cholesky,5,score_function,8192,0.02,1000,2,rosenbrock,899,0.005830287933349609,-0.6593283414840698,0.5458531379699707,0.0,0.2917073369026184,0.0273368451744318,0.12178678065538406,0.26365479826927185
rosenbrock,1.0,2,cholesky,5,score_function,8192,0.02,1000,2,rosenbrock,900,0.005860090255737305,-0.659723162651062,0.5570362210273743,0.0,0.17508894205093384,0.02121022902429104,0.10622555017471313,0.1375586986541748
rosenbrock,1.0,2,cholesky,5,score_function,8192,0.02,1000,2,rosenbrock,901,0.0051572322845458984,-0.6647307276725769,0.6984602212905884,0.0,0.3276679515838623,0.030146874487400055,0.19039802253246307,0.26496422290802
rosenbrock,1.0,2,cholesky,5,score_function,8192,0.02,1000,2,rosenbrock,902,0.005287885665893555,-0.657693088054657,0.5297711491584778,0.0,0.24776169657707214,0.025890743359923363,0.219333216547966,0.11228743195533752
rosenbrock,1.0,2,cholesky,5,score_function,8192,0.02,1000,2,rosenbrock,903,0.005213260650634766,-0.6621196866035461,0.575930118560791,0.0,0.24303831160068512,0.028193868696689606,0.15499266982078552,0.1850675344467163
rosenbrock,1.0,2,cholesky,5,score_function,8192,0.02,1000,2,rosenbrock,904,0.005448818206787109,-0.6591681241989136,0.5961540937423706,0.0,0.2575441002845764,0.02963351085782051,0.2370620220899582,0.0961894616484642
rosenbrock,1.0,2,cholesky,5,score_function,8192,0.02,1000,2,rosenbrock,905,0.005759000778198242,-0.6604704856872559,0.5328378677368164,0.0,0.19557465612888336,0.03151450678706169,0.14603133499622345,0.12621860206127167
rosenbrock,1.0,2,cholesky,5,score_function,8192,0.02,1000,2,rosenbrock,906,0.005604267120361328,-0.6613150238990784,0.5234991908073425,0.0,0.1785568743944168,0.025786451995372772,0.14641612768173218,0.09889354556798935
rosenbrock,1.0,2,cholesky,5,score_function,8192,0.02,1000,2,rosenbrock,907,0.0067920684814453125,-0.6532852649688721,0.5128330588340759,0.0,0.2228822261095047,0.0233268141746521,0.18859940767288208,0.11645864695310593
rosenbrock,1.0,2,cholesky,5,score_function,8192,0.02,1000,2,rosenbrock,908,0.006072998046875,-0.6587237119674683,0.6111658811569214,0.0,0.3253234028816223,0.031457457691431046,0.1905604749917984,0.2617870271205902
rosenbrock,1.0,2,cholesky,5,score_function,8192,0.02,1000,2,rosenbrock,909,0.0052089691162109375,-0.6657581925392151,0.5557979345321655,0.0,0.42336082458496094,0.027774019166827202,0.3889037072658539,0.16497543454170227
rosenbrock,1.0,2,cholesky,5,score_function,8192,0.02,1000,2,rosenbrock,910,0.0060160160064697266,-0.6528007984161377,0.5935455560684204,0.0,0.14618206024169922,0.024298422038555145,0.09388203918933868,0.10938440263271332
rosenbrock,1.0,2,cholesky,5,score_function,8192,0.02,1000,2,rosenbrock,911,0.0051059722900390625,-0.6522484421730042,0.5833683609962463,0.0,0.15883393585681915,0.02188551053404808,0.12268967181444168,0.09847074002027512
rosenbrock,1.0,2,cholesky,5,score_function,8192,0.02,1000,2,rosenbrock,912,0.0055811405181884766,-0.648973822593689,0.514643669128418,0.0,0.22221800684928894,0.027968425303697586,0.20549102127552032,0.07982510328292847
rosenbrock,1.0,2,cholesky,5,score_function,8192,0.02,1000,2,rosenbrock,913,0.0048367977142333984,-0.6576412320137024,0.5472068786621094,0.0,0.24948854744434357,0.027150755748152733,0.11554430425167084,0.21944676339626312
rosenbrock,1.0,2,cholesky,5,score_function,8192,0.02,1000,2,rosenbrock,914,0.004893064498901367,-0.6534233093261719,0.5280994176864624,0.0,0.19024594128131866,0.02533527836203575,0.14422030746936798,0.12145843356847763
rosenbrock,1.0,2,cholesky,5,score_function,8192,0.02,1000,2,rosenbrock,915,0.005110979080200195,-0.6508457064628601,0.6056854128837585,0.0,0.2098625898361206,0.027795851230621338,0.1751667559146881,0.11218871176242828
rosenbrock,1.0,2,cholesky,5,score_function,8192,0.02,1000,2,rosenbrock,916,0.005118131637573242,-0.6640664339065552,0.6069458723068237,0.0,0.17390306293964386,0.02626488357782364,0.1119631752371788,0.13044799864292145
rosenbrock,1.0,2,cholesky,5,score_function,8192,0.02,1000,2,rosenbrock,917,0.004875898361206055,-0.6480556130409241,0.5639036893844604,0.0,0.2801872789859772,0.026476126164197922,0.17467591166496277,0.21746781468391418
rosenbrock,1.0,2,cholesky,5,score_function,8192,0.02,1000,2,rosenbrock,918,0.005406856536865234,-0.6493573784828186,0.5446492433547974,0.0,0.1741308718919754,0.024072611704468727,0.11866907775402069,0.1251388043165207
rosenbrock,1.0,2,cholesky,5,score_function,8192,0.02,1000,2,rosenbrock,919,0.0047380924224853516,-0.6561940312385559,0.5540012717247009,0.0,0.1066889762878418,0.026291074231266975,0.08537042140960693,0.0583370216190815
rosenbrock,1.0,2,cholesky,5,score_function,8192,0.02,1000,2,rosenbrock,920,0.005483865737915039,-0.6531970500946045,0.5156489610671997,0.0,0.142349973320961,0.02223113365471363,0.1103392243385315,0.08714669197797775
rosenbrock,1.0,2,cholesky,5,score_function,8192,0.02,1000,2,rosenbrock,921,0.005772113800048828,-0.6567379832267761,0.5685510039329529,0.0,0.24158431589603424,0.029794130474328995,0.14892414212226868,0.1878746747970581
rosenbrock,1.0,2,cholesky,5,score_function,8192,0.02,1000,2,rosenbrock,922,0.004705905914306641,-0.6717684268951416,0.5843251347541809,0.0,0.34270527958869934,0.025923332199454308,0.2783326804637909,0.19825692474842072
rosenbrock,1.0,2,cholesky,5,score_function,8192,0.02,1000,2,rosenbrock,923,0.005054950714111328,-0.6451419591903687,0.5427531599998474,0.0,0.24845878779888153,0.02531234361231327,0.14422142505645752,0.20072677731513977
rosenbrock,1.0,2,cholesky,5,score_function,8192,0.02,1000,2,rosenbrock,924,0.005154132843017578,-0.652167797088623,0.5492578744888306,0.0,0.16987386345863342,0.02684740722179413,0.0915876179933548,0.14052776992321014
rosenbrock,1.0,2,cholesky,5,score_function,8192,0.02,1000,2,rosenbrock,925,0.005390167236328125,-0.6634882092475891,0.630115807056427,0.0,0.20945265889167786,0.03086746670305729,0.15741626918315887,0.13467641174793243
rosenbrock,1.0,2,cholesky,5,score_function,8192,0.02,1000,2,rosenbrock,926,0.0048558712005615234,-0.6447551250457764,0.49937722086906433,0.0,0.18761038780212402,0.02607295848429203,0.09117096662521362,0.16188177466392517
rosenbrock,1.0,2,cholesky,5,score_function,8192,0.02,1000,2,rosenbrock,927,0.004888057708740234,-0.6600983738899231,0.6240090727806091,0.0,0.2664269506931305,0.025307372212409973,0.14102806150913239,0.2246195524930954
rosenbrock,1.0,2,cholesky,5,score_function,8192,0.02,1000,2,rosenbrock,928,0.0047152042388916016,-0.6502611637115479,0.5165974497795105,0.0,0.21894854307174683,0.025862466543912888,0.14765216410160065,0.15958832204341888
rosenbrock,1.0,2,cholesky,5,score_function,8192,0.02,1000,2,rosenbrock,929,0.005011796951293945,-0.6440698504447937,0.5325140357017517,0.0,0.11146879941225052,0.02601110190153122,0.08366653323173523,0.06891029328107834
rosenbrock,1.0,2,cholesky,5,score_function,8192,0.02,1000,2,rosenbrock,930,0.004906892776489258,-0.6613317728042603,0.5841994881629944,0.0,0.17381180822849274,0.029497327283024788,0.0986509844660759,0.1400301158428192
rosenbrock,1.0,2,cholesky,5,score_function,8192,0.02,1000,2,rosenbrock,931,0.005021810531616211,-0.64895099401474,0.5574566125869751,0.0,0.3047359883785248,0.024992387741804123,0.1649419516324997,0.2550167739391327
rosenbrock,1.0,2,cholesky,5,score_function,8192,0.02,1000,2,rosenbrock,932,0.004726886749267578,-0.6572227478027344,0.5851203799247742,0.0,0.26289045810699463,0.024543538689613342,0.2420264035463333,0.09966057538986206
rosenbrock,1.0,2,cholesky,5,score_function,8192,0.02,1000,2,rosenbrock,933,0.0047948360443115234,-0.6515710949897766,0.5488334894180298,0.0,0.16848844289779663,0.02650633454322815,0.14340679347515106,0.08438163250684738
rosenbrock,1.0,2,cholesky,5,score_function,8192,0.02,1000,2,rosenbrock,934,0.004601001739501953,-0.6393897533416748,0.48954999446868896,0.0,0.19752366840839386,0.025269808247685432,0.16643838584423065,0.1033213883638382
rosenbrock,1.0,2,cholesky,5,score_function,8192,0.02,1000,2,rosenbrock,935,0.004439830780029297,-0.6541005373001099,0.5716672539710999,0.0,0.20052380859851837,0.028735073283314705,0.14723749458789825,0.13306093215942383
rosenbrock,1.0,2,cholesky,5,score_function,8192,0.02,1000,2,rosenbrock,936,0.00467371940612793,-0.6404070854187012,0.5399333834648132,0.0,0.3889256417751312,0.024849768728017807,0.24612532556056976,0.3001132309436798
rosenbrock,1.0,2,cholesky,5,score_function,8192,0.02,1000,2,rosenbrock,937,0.004558086395263672,-0.6481645107269287,0.5145593881607056,0.0,0.18191076815128326,0.028466299176216125,0.1549297720193863,0.09098327904939651
rosenbrock,1.0,2,cholesky,5,score_function,8192,0.02,1000,2,rosenbrock,938,0.005177021026611328,-0.6568325757980347,0.7591467499732971,0.0,0.2795979678630829,0.029626615345478058,0.11834123730659485,0.25158029794692993
rosenbrock,1.0,2,cholesky,5,score_function,8192,0.02,1000,2,rosenbrock,939,0.004950046539306641,-0.6527165770530701,0.5662808418273926,0.0,0.3025928735733032,0.02643251046538353,0.17945745587348938,0.24219579994678497
rosenbrock,1.0,2,cholesky,5,score_function,8192,0.02,1000,2,rosenbrock,940,0.0056760311126708984,-0.6495327353477478,0.48650360107421875,0.0,0.140238419175148,0.030525237321853638,0.0827079489827156,0.10906153917312622
rosenbrock,1.0,2,cholesky,5,score_function,8192,0.02,1000,2,rosenbrock,941,0.004936933517456055,-0.6407925486564636,0.5165047645568848,0.0,0.18095487356185913,0.026557596400380135,0.14426778256893158,0.10595361143350601
rosenbrock,1.0,2,cholesky,5,score_function,8192,0.02,1000,2,rosenbrock,942,0.004603862762451172,-0.6408513784408569,0.5260077714920044,0.0,0.23803363740444183,0.02699096128344536,0.15592725574970245,0.1778150349855423
rosenbrock,1.0,2,cholesky,5,score_function,8192,0.02,1000,2,rosenbrock,943,0.004477024078369141,-0.6468769311904907,0.6249465346336365,0.0,0.19425003230571747,0.028240736573934555,0.14319398999214172,0.128183513879776
rosenbrock,1.0,2,cholesky,5,score_function,8192,0.02,1000,2,rosenbrock,944,0.0055141448974609375,-0.6471022367477417,0.6179628372192383,0.0,0.18144364655017853,0.02565968781709671,0.11240947246551514,0.14009813964366913
rosenbrock,1.0,2,cholesky,5,score_function,8192,0.02,1000,2,rosenbrock,945,0.004828929901123047,-0.6466439962387085,0.5671644806861877,0.0,0.14010804891586304,0.02689167484641075,0.0895010456442833,0.1043870821595192
rosenbrock,1.0,2,cholesky,5,score_function,8192,0.02,1000,2,rosenbrock,946,0.004744768142700195,-0.6515044569969177,0.5103815197944641,0.0,0.3311171233654022,0.027111385017633438,0.1720099002122879,0.2816311717033386
rosenbrock,1.0,2,cholesky,5,score_function,8192,0.02,1000,2,rosenbrock,947,0.004503011703491211,-0.644248902797699,0.5027716159820557,0.0,0.19955562055110931,0.02668112888932228,0.16174669563770294,0.11379177868366241
rosenbrock,1.0,2,cholesky,5,score_function,8192,0.02,1000,2,rosenbrock,948,0.004696846008300781,-0.6438446044921875,0.5336577296257019,0.0,0.12426192313432693,0.024242589250206947,0.08534407615661621,0.08700408786535263
rosenbrock,1.0,2,cholesky,5,score_function,8192,0.02,1000,2,rosenbrock,949,0.00520014762878418,-0.6524680256843567,0.6333932280540466,0.0,0.24417835474014282,0.0292197298258543,0.14172106981277466,0.19668354094028473
rosenbrock,1.0,2,cholesky,5,score_function,8192,0.02,1000,2,rosenbrock,950,0.0055463314056396484,-0.6597921848297119,0.6290656924247742,0.0,0.2477126568555832,0.03090440109372139,0.10727815330028534,0.2211286425590515
rosenbrock,1.0,2,cholesky,5,score_function,8192,0.02,1000,2,rosenbrock,951,0.004568815231323242,-0.6496652364730835,0.5624063611030579,0.0,0.3449457585811615,0.03051706962287426,0.3116740584373474,0.14462219178676605
rosenbrock,1.0,2,cholesky,5,score_function,8192,0.02,1000,2,rosenbrock,952,0.004926919937133789,-0.6508236527442932,0.6762271523475647,0.0,0.26332515478134155,0.026716478168964386,0.18446072936058044,0.1860123723745346
rosenbrock,1.0,2,cholesky,5,score_function,8192,0.02,1000,2,rosenbrock,953,0.004696846008300781,-0.6501682996749878,0.5173922181129456,0.0,0.16747407615184784,0.029386475682258606,0.14560313522815704,0.07735457271337509
rosenbrock,1.0,2,cholesky,5,score_function,8192,0.02,1000,2,rosenbrock,954,0.005140066146850586,-0.6434115171432495,0.5530440211296082,0.0,0.25142988562583923,0.027498813346028328,0.1465964913368225,0.20241115987300873
rosenbrock,1.0,2,cholesky,5,score_function,8192,0.02,1000,2,rosenbrock,955,0.004640817642211914,-0.6447519659996033,0.5390049815177917,0.0,0.29251623153686523,0.027906455099582672,0.24416011571884155,0.1586594432592392
rosenbrock,1.0,2,cholesky,5,score_function,8192,0.02,1000,2,rosenbrock,956,0.005020856857299805,-0.6447407007217407,0.5681697726249695,0.0,0.18941234052181244,0.0268812645226717,0.1501438468694687,0.112299844622612
rosenbrock,1.0,2,cholesky,5,score_function,8192,0.02,1000,2,rosenbrock,957,0.004556179046630859,-0.6406807899475098,0.521582305431366,0.0,0.16343779861927032,0.028099998831748962,0.07556374371051788,0.14217041432857513
rosenbrock,1.0,2,cholesky,5,score_function,8192,0.02,1000,2,rosenbrock,958,0.0047969818115234375,-0.6528453826904297,0.59855055809021,0.0,0.18344746530056,0.026840170845389366,0.14002500474452972,0.11543646454811096
rosenbrock,1.0,2,cholesky,5,score_function,8192,0.02,1000,2,rosenbrock,959,0.004570960998535156,-0.6494525074958801,0.49350762367248535,0.0,0.35546955466270447,0.027662551030516624,0.31972771883010864,0.15286460518836975
rosenbrock,1.0,2,cholesky,5,score_function,8192,0.02,1000,2,rosenbrock,960,0.0047969818115234375,-0.6461119651794434,0.5143111944198608,0.0,0.22061751782894135,0.028744589537382126,0.12892962992191315,0.17670027911663055
rosenbrock,1.0,2,cholesky,5,score_function,8192,0.02,1000,2,rosenbrock,961,0.004564046859741211,-0.6396554708480835,0.5843465924263,0.0,0.1542603075504303,0.0261001605540514,0.08653076738119125,0.12500980496406555
rosenbrock,1.0,2,cholesky,5,score_function,8192,0.02,1000,2,rosenbrock,962,0.004873037338256836,-0.6429065465927124,0.5368894934654236,0.0,0.22638307511806488,0.02629292756319046,0.21070724725723267,0.07848849147558212
rosenbrock,1.0,2,cholesky,5,score_function,8192,0.02,1000,2,rosenbrock,963,0.0048792362213134766,-0.6533473134040833,0.5359480977058411,0.0,0.24045836925506592,0.03077510930597782,0.1902284026145935,0.14382725954055786
rosenbrock,1.0,2,cholesky,5,score_function,8192,0.02,1000,2,rosenbrock,964,0.00475311279296875,-0.6481825709342957,0.5419057607650757,0.0,0.2877301573753357,0.03253372386097908,0.19864358007907867,0.20559893548488617
rosenbrock,1.0,2,cholesky,5,score_function,8192,0.02,1000,2,rosenbrock,965,0.004910945892333984,-0.6360468864440918,0.4990304410457611,0.0,0.20137672126293182,0.026897776871919632,0.1528225690126419,0.12835247814655304
rosenbrock,1.0,2,cholesky,5,score_function,8192,0.02,1000,2,rosenbrock,966,0.00584101676940918,-0.6515770554542542,0.5413752794265747,0.0,0.2899734377861023,0.02878572978079319,0.23502470552921295,0.1673898696899414
rosenbrock,1.0,2,cholesky,5,score_function,8192,0.02,1000,2,rosenbrock,967,0.005580902099609375,-0.6425380110740662,0.5411264300346375,0.0,0.15872852504253387,0.027628958225250244,0.10457319021224976,0.11617156863212585
rosenbrock,1.0,2,cholesky,5,score_function,8192,0.02,1000,2,rosenbrock,968,0.0053560733795166016,-0.6459127068519592,0.49510130286216736,0.0,0.11206796020269394,0.028115609660744667,0.07091788947582245,0.08209381252527237
rosenbrock,1.0,2,cholesky,5,score_function,8192,0.02,1000,2,rosenbrock,969,0.005092144012451172,-0.6465675830841064,0.5625699758529663,0.0,0.19722166657447815,0.02865479700267315,0.18112660944461823,0.07258398085832596
rosenbrock,1.0,2,cholesky,5,score_function,8192,0.02,1000,2,rosenbrock,970,0.005045890808105469,-0.6392921805381775,0.5136128067970276,0.0,0.14952433109283447,0.027787040919065475,0.1069321408867836,0.10075178742408752
rosenbrock,1.0,2,cholesky,5,score_function,8192,0.02,1000,2,rosenbrock,971,0.00502324104309082,-0.6450678706169128,0.5436541438102722,0.0,0.4242548644542694,0.02469484880566597,0.27392205595970154,0.32303106784820557
rosenbrock,1.0,2,cholesky,5,score_function,8192,0.02,1000,2,rosenbrock,972,0.005475282669067383,-0.6491338014602661,0.5708146095275879,0.0,0.246088907122612,0.024521252140402794,0.14618803560733795,0.1964370459318161
rosenbrock,1.0,2,cholesky,5,score_function,8192,0.02,1000,2,rosenbrock,973,0.00512385368347168,-0.6344914436340332,0.5236018896102905,0.0,0.17856362462043762,0.022426769137382507,0.12018905580043793,0.13014069199562073
rosenbrock,1.0,2,cholesky,5,score_function,8192,0.02,1000,2,rosenbrock,974,0.00506591796875,-0.6505923271179199,0.5757802128791809,0.0,0.2886222004890442,0.02602376416325569,0.16203342378139496,0.23742517828941345
rosenbrock,1.0,2,cholesky,5,score_function,8192,0.02,1000,2,rosenbrock,975,0.004822969436645508,-0.6652657985687256,0.9268715381622314,0.0,0.40614059567451477,0.030492886900901794,0.08710732311010361,0.39551568031311035
rosenbrock,1.0,2,cholesky,5,score_function,8192,0.02,1000,2,rosenbrock,976,0.0045397281646728516,-0.6520711779594421,0.567451000213623,0.0,0.21269290149211884,0.030523374676704407,0.11756198853254318,0.17460177838802338
rosenbrock,1.0,2,cholesky,5,score_function,8192,0.02,1000,2,rosenbrock,977,0.005278825759887695,-0.6550091505050659,0.5391600131988525,0.0,0.2617858946323395,0.026896504685282707,0.11490214616060257,0.23367908596992493
rosenbrock,1.0,2,cholesky,5,score_function,8192,0.02,1000,2,rosenbrock,978,0.004889965057373047,-0.6502586603164673,0.6143778562545776,0.0,0.1794338822364807,0.03164350986480713,0.14706769585609436,0.09780747443437576
rosenbrock,1.0,2,cholesky,5,score_function,8192,0.02,1000,2,rosenbrock,979,0.005236148834228516,-0.6488622426986694,0.6089819669723511,0.0,0.21582284569740295,0.027439048513770103,0.12008380889892578,0.1772187352180481
rosenbrock,1.0,2,cholesky,5,score_function,8192,0.02,1000,2,rosenbrock,980,0.004684925079345703,-0.6530585289001465,0.5375325083732605,0.0,0.1782905012369156,0.028206204995512962,0.13157875835895538,0.11695703119039536
rosenbrock,1.0,2,cholesky,5,score_function,8192,0.02,1000,2,rosenbrock,981,0.004896640777587891,-0.6436930298805237,0.4928302466869354,0.0,0.3490672707557678,0.028789211064577103,0.24164481461048126,0.25025373697280884
rosenbrock,1.0,2,cholesky,5,score_function,8192,0.02,1000,2,rosenbrock,982,0.0049877166748046875,-0.6459479331970215,0.5386676788330078,0.0,0.120916947722435,0.02627640590071678,0.10253233462572098,0.0584600605070591
rosenbrock,1.0,2,cholesky,5,score_function,8192,0.02,1000,2,rosenbrock,983,0.004667997360229492,-0.6393284797668457,0.5161699056625366,0.0,0.21082183718681335,0.025528399273753166,0.16206952929496765,0.13239191472530365
rosenbrock,1.0,2,cholesky,5,score_function,8192,0.02,1000,2,rosenbrock,984,0.0049779415130615234,-0.6417431235313416,0.551420271396637,0.0,0.2876695990562439,0.023047292605042458,0.12860709428787231,0.25628662109375
rosenbrock,1.0,2,cholesky,5,score_function,8192,0.02,1000,2,rosenbrock,985,0.0054090023040771484,-0.6382626295089722,0.5506561994552612,0.0,0.17135271430015564,0.026355141773819923,0.152316614985466,0.07393787801265717
rosenbrock,1.0,2,cholesky,5,score_function,8192,0.02,1000,2,rosenbrock,986,0.005307912826538086,-0.6554118394851685,0.5698099732398987,0.0,0.23266641795635223,0.029223956167697906,0.2059156596660614,0.104299396276474
rosenbrock,1.0,2,cholesky,5,score_function,8192,0.02,1000,2,rosenbrock,987,0.004636049270629883,-0.6469988822937012,0.5369018912315369,0.0,0.20960573852062225,0.026536008343100548,0.17453330755233765,0.11299791932106018
rosenbrock,1.0,2,cholesky,5,score_function,8192,0.02,1000,2,rosenbrock,988,0.004923105239868164,-0.6393305659294128,0.5237809419631958,0.0,0.27304190397262573,0.023184796795248985,0.25100383162498474,0.10493535548448563
rosenbrock,1.0,2,cholesky,5,score_function,8192,0.02,1000,2,rosenbrock,989,0.00489497184753418,-0.639399528503418,0.5147635340690613,0.0,0.2244965136051178,0.026317300274968147,0.08296884596347809,0.20693539083003998
rosenbrock,1.0,2,cholesky,5,score_function,8192,0.02,1000,2,rosenbrock,990,0.005668163299560547,-0.6466766595840454,0.5457096099853516,0.0,0.2244642674922943,0.02568570338189602,0.20531602203845978,0.08700451254844666
rosenbrock,1.0,2,cholesky,5,score_function,8192,0.02,1000,2,rosenbrock,991,0.0051326751708984375,-0.6355559229850769,0.44874995946884155,0.0,0.15131781995296478,0.023500557988882065,0.10020781308412552,0.1109197810292244
rosenbrock,1.0,2,cholesky,5,score_function,8192,0.02,1000,2,rosenbrock,992,0.005826234817504883,-0.6468818187713623,0.5154650807380676,0.0,0.14618997275829315,0.030160237103700638,0.11166808754205704,0.08939856290817261
rosenbrock,1.0,2,cholesky,5,score_function,8192,0.02,1000,2,rosenbrock,993,0.005185127258300781,-0.6473302841186523,0.5186032652854919,0.0,0.13358838856220245,0.030740194022655487,0.06559346616268158,0.11224255710840225
rosenbrock,1.0,2,cholesky,5,score_function,8192,0.02,1000,2,rosenbrock,994,0.0053751468658447266,-0.6441558599472046,0.5455815196037292,0.0,0.20811446011066437,0.027849262580275536,0.08392651379108429,0.1883942186832428
rosenbrock,1.0,2,cholesky,5,score_function,8192,0.02,1000,2,rosenbrock,995,0.004875898361206055,-0.6440092921257019,0.4983426034450531,0.0,0.15798130631446838,0.026362843811511993,0.12497740238904953,0.09297172725200653
rosenbrock,1.0,2,cholesky,5,score_function,8192,0.02,1000,2,rosenbrock,996,0.005203962326049805,-0.6466939449310303,0.5138700604438782,0.0,0.16990123689174652,0.029458515346050262,0.14460866153240204,0.08418408781290054
rosenbrock,1.0,2,cholesky,5,score_function,8192,0.02,1000,2,rosenbrock,997,0.004703998565673828,-0.652253270149231,0.6374828815460205,0.0,0.24180352687835693,0.02971220202744007,0.1576482057571411,0.18092311918735504
rosenbrock,1.0,2,cholesky,5,score_function,8192,0.02,1000,2,rosenbrock,998,0.004884243011474609,-0.6287786960601807,0.5141584277153015,0.0,0.3922531306743622,0.02496829256415367,0.2864026725292206,0.26685696840286255
rosenbrock,1.0,2,cholesky,5,score_function,8192,0.02,1000,2,rosenbrock,999,0.004617214202880859,-0.6371540427207947,0.5433318614959717,0.0,0.16722162067890167,0.026210671290755272,0.12933209538459778,0.10270970314741135
