target,target_Z,dim,chart,components,estimator,mc,lr,n_steps,seed,tag,step,wall_s,elbo,elbo_std,nfe,grad_norm,grad_norm_w,grad_norm_a,grad_norm_A
rosenbrock,1.9287498479639178e-22,2,cholesky,5,ode_transport,8192,0.02,1000,4,rosenbrock,0,0.17213726043701172,-53.62650680541992,6.827849388122559,38,6.534656047821045,0.40132904052734375,3.1752049922943115,5.697257041931152
rosenbrock,1.9287498479639178e-22,2,cholesky,5,ode_transport,8192,0.02,1000,4,rosenbrock,1,0.15445566177368164,-53.050777435302734,4.958597183227539,38,4.780488967895508,0.2777521312236786,2.295222520828247,4.184241771697998
rosenbrock,1.9287498479639178e-22,2,cholesky,5,ode_transport,8192,0.02,1000,4,rosenbrock,2,0.15651607513427734,-52.636695861816406,3.84039044380188,38,3.780437469482422,0.21447592973709106,1.8450497388839722,3.2926430702209473
rosenbrock,1.9287498479639178e-22,2,cholesky,5,ode_transport,8192,0.02,1000,4,rosenbrock,3,0.15627098083496094,-52.38787841796875,3.085536241531372,38,3.1284193992614746,0.16613686084747314,1.4867579936981201,2.7475366592407227
rosenbrock,1.9287498479639178e-22,2,cholesky,5,ode_transport,8192,0.02,1000,4,rosenbrock,4,0.15474510192871094,-52.15058898925781,2.7351484298706055,38,2.5553860664367676,0.12120869755744934,1.1751922369003296,2.2658839225769043
rosenbrock,1.9287498479639178e-22,2,cholesky,5,ode_transport,8192,0.02,1000,4,rosenbrock,5,0.15587115287780762,-52.00748825073242,2.4144647121429443,38,2.0630903244018555,0.08216827362775803,0.9035425782203674,1.852889895439148
rosenbrock,1.9287498479639178e-22,2,cholesky,5,ode_transport,8192,0.02,1000,4,rosenbrock,6,0.15697526931762695,-51.83366775512695,1.6332831382751465,38,1.5567359924316406,0.04419688135385513,0.7151520848274231,1.3820388317108154
rosenbrock,1.9287498479639178e-22,2,cholesky,5,ode_transport,8192,0.02,1000,4,rosenbrock,7,0.23968005180358887,-51.745853424072266,1.4947105646133423,50,1.317770004272461,0.03171369060873985,0.589411199092865,1.1781792640686035
rosenbrock,1.9287498479639178e-22,2,cholesky,5,ode_transport,8192,0.02,1000,4,rosenbrock,8,0.19938302040100098,-51.67048263549805,1.1652191877365112,50,1.1575894355773926,0.05039362236857414,0.6016570329666138,0.9876654148101807
rosenbrock,1.9287498479639178e-22,2,cholesky,5,ode_transport,8192,0.02,1000,4,rosenbrock,9,0.19718503952026367,-51.6044921875,1.089819073677063,50,1.001794457435608,0.06847447901964188,0.6084782481193542,0.7928792834281921
rosenbrock,1.9287498479639178e-22,2,cholesky,5,ode_transport,8192,0.02,1000,4,rosenbrock,10,0.19345688819885254,-51.57756042480469,0.9825976490974426,50,0.9185750484466553,0.08537320792675018,0.5859500169754028,0.7022493481636047
rosenbrock,1.9287498479639178e-22,2,cholesky,5,ode_transport,8192,0.02,1000,4,rosenbrock,11,0.20026302337646484,-51.53780746459961,0.8671228885650635,50,0.9441284537315369,0.0946447104215622,0.6384980082511902,0.6890146136283875
rosenbrock,1.9287498479639178e-22,2,cholesky,5,ode_transport,8192,0.02,1000,4,rosenbrock,12,0.20776891708374023,-51.50596618652344,0.8121404647827148,50,0.8926025032997131,0.09686984866857529,0.5993204712867737,0.6543473601341248
rosenbrock,1.9287498479639178e-22,2,cholesky,5,ode_transport,8192,0.02,1000,4,rosenbrock,13,0.2009267807006836,-51.48402404785156,0.8105998039245605,50,0.7874735593795776,0.10713210701942444,0.5602706074714661,0.542894184589386
rosenbrock,1.9287498479639178e-22,2,cholesky,5,ode_transport,8192,0.02,1000,4,rosenbrock,14,0.20584774017333984,-51.47427749633789,0.7374086976051331,50,0.8468117713928223,0.12317760288715363,0.6080960631370544,0.5763128995895386
rosenbrock,1.9287498479639178e-22,2,cholesky,5,ode_transport,8192,0.02,1000,4,rosenbrock,15,0.19571995735168457,-51.44561004638672,0.7303842306137085,50,0.7873128056526184,0.11768341809511185,0.5929433703422546,0.5044107437133789
rosenbrock,1.9287498479639178e-22,2,cholesky,5,ode_transport,8192,0.02,1000,4,rosenbrock,16,0.2079789638519287,-51.43997573852539,0.6792742609977722,50,0.7618803381919861,0.09388730674982071,0.5855908989906311,0.4782574474811554
rosenbrock,1.9287498479639178e-22,2,cholesky,5,ode_transport,8192,0.02,1000,4,rosenbrock,17,0.20703792572021484,-51.4296875,0.6617388725280762,50,0.7856422662734985,0.09206715226173401,0.6131688356399536,0.4824742078781128
rosenbrock,1.9287498479639178e-22,2,cholesky,5,ode_transport,8192,0.02,1000,4,rosenbrock,18,0.21655702590942383,-51.41944885253906,0.6353289484977722,50,0.8049546480178833,0.08043369650840759,0.6460043787956238,0.47345614433288574
rosenbrock,1.9287498479639178e-22,2,cholesky,5,ode_transport,8192,0.02,1000,4,rosenbrock,19,0.2567598819732666,-51.41344451904297,0.6308612823486328,62,0.757560670375824,0.09564691036939621,0.6058275103569031,0.44466033577919006
rosenbrock,1.9287498479639178e-22,2,cholesky,5,ode_transport,8192,0.02,1000,4,rosenbrock,20,0.2607591152191162,-51.39006805419922,0.6244752407073975,62,0.7530567049980164,0.08977414667606354,0.6006669402122498,0.44523510336875916
rosenbrock,1.9287498479639178e-22,2,cholesky,5,ode_transport,8192,0.02,1000,4,rosenbrock,21,0.2529008388519287,-51.39972686767578,0.5930944681167603,62,0.6885143518447876,0.09234730899333954,0.5560750961303711,0.3953535258769989
rosenbrock,1.9287498479639178e-22,2,cholesky,5,ode_transport,8192,0.02,1000,4,rosenbrock,22,0.25699830055236816,-51.37394332885742,0.5980812311172485,62,0.6004153490066528,0.06893286108970642,0.4793870151042938,0.35487309098243713
rosenbrock,1.9287498479639178e-22,2,cholesky,5,ode_transport,8192,0.02,1000,4,rosenbrock,23,0.25870776176452637,-51.36743927001953,0.589317262172699,62,0.6083332896232605,0.08564670383930206,0.47712305188179016,0.3675428032875061
rosenbrock,1.9287498479639178e-22,2,cholesky,5,ode_transport,8192,0.02,1000,4,rosenbrock,24,0.2594730854034424,-51.352020263671875,0.6027443408966064,62,0.575345516204834,0.07546481490135193,0.4302556812763214,0.374442994594574
rosenbrock,1.9287498479639178e-22,2,cholesky,5,ode_transport,8192,0.02,1000,4,rosenbrock,25,0.2567868232727051,-51.34573745727539,0.6414003372192383,62,0.5503852367401123,0.0736505389213562,0.38991880416870117,0.3813958466053009
rosenbrock,1.9287498479639178e-22,2,cholesky,5,ode_transport,8192,0.02,1000,4,rosenbrock,26,0.25504088401794434,-51.35444641113281,0.5595377683639526,62,0.577754020690918,0.08096424490213394,0.3825293779373169,0.4253419041633606
rosenbrock,1.9287498479639178e-22,2,cholesky,5,ode_transport,8192,0.02,1000,4,rosenbrock,27,0.24761009216308594,-51.32837677001953,0.5670115351676941,62,0.521915853023529,0.06700067967176437,0.3787537217140198,0.35277852416038513
rosenbrock,1.9287498479639178e-22,2,cholesky,5,ode_transport,8192,0.02,1000,4,rosenbrock,28,0.24972200393676758,-51.32706069946289,0.6041158437728882,62,0.49506279826164246,0.06882096827030182,0.36240166425704956,0.330175518989563
rosenbrock,1.9287498479639178e-22,2,cholesky,5,ode_transport,8192,0.02,1000,4,rosenbrock,29,0.24764013290405273,-51.31148147583008,0.5617935061454773,62,0.5142692923545837,0.05682923272252083,0.39564618468284607,0.32358527183532715
rosenbrock,1.9287498479639178e-22,2,cholesky,5,ode_transport,8192,0.02,1000,4,rosenbrock,30,0.2382521629333496,-51.29359436035156,0.579669177532196,62,0.5170881748199463,0.06553233414888382,0.3883318305015564,0.33508816361427307
rosenbrock,1.9287498479639178e-22,2,cholesky,5,ode_transport,8192,0.02,1000,4,rosenbrock,31,0.24910306930541992,-51.29513931274414,0.584500253200531,62,0.5009148716926575,0.076749786734581,0.3751668930053711,0.3229163885116577
rosenbrock,1.9287498479639178e-22,2,cholesky,5,ode_transport,8192,0.02,1000,4,rosenbrock,32,0.2537100315093994,-51.29084396362305,0.5868006944656372,62,0.49060869216918945,0.06448975205421448,0.3388211727142334,0.3489099442958832
rosenbrock,1.9287498479639178e-22,2,cholesky,5,ode_transport,8192,0.02,1000,4,rosenbrock,33,0.24857211112976074,-51.27470779418945,0.559834897518158,62,0.45088136196136475,0.06738949567079544,0.32781004905700684,0.30214768648147583
rosenbrock,1.9287498479639178e-22,2,cholesky,5,ode_transport,8192,0.02,1000,4,rosenbrock,34,0.24878716468811035,-51.2587890625,0.5525800585746765,62,0.6354882717132568,0.2362033575773239,0.3907691240310669,0.44198721647262573
rosenbrock,1.9287498479639178e-22,2,cholesky,5,ode_transport,8192,0.02,1000,4,rosenbrock,35,0.2710738182067871,-51.243961334228516,0.5739487409591675,68,0.49761998653411865,0.1320696473121643,0.3283979296684265,0.34976860880851746
rosenbrock,1.9287498479639178e-22,2,cholesky,5,ode_transport,8192,0.02,1000,4,rosenbrock,36,0.2664458751678467,-51.23719024658203,0.564117968082428,62,0.397199422121048,0.059393465518951416,0.29191434383392334,0.26272767782211304
rosenbrock,1.9287498479639178e-22,2,cholesky,5,ode_transport,8192,0.02,1000,4,rosenbrock,37,0.2683897018432617,-51.23725891113281,0.5533557534217834,62,0.42979392409324646,0.059364646673202515,0.3287680745124817,0.27038896083831787
rosenbrock,1.9287498479639178e-22,2,cholesky,5,ode_transport,8192,0.02,1000,4,rosenbrock,38,0.27486705780029297,-51.22657012939453,0.5768312811851501,62,0.44771280884742737,0.08439686894416809,0.3794078528881073,0.22220174968242645
rosenbrock,1.9287498479639178e-22,2,cholesky,5,ode_transport,8192,0.02,1000,4,rosenbrock,39,0.2831439971923828,-51.219120025634766,0.6393949389457703,62,0.4507059156894684,0.0680457279086113,0.38882189989089966,0.21753892302513123
rosenbrock,1.9287498479639178e-22,2,cholesky,5,ode_transport,8192,0.02,1000,4,rosenbrock,40,0.26236796379089355,-51.20028305053711,0.5917951464653015,62,0.44702035188674927,0.06546188145875931,0.35643455386161804,0.2617180645465851
rosenbrock,1.9287498479639178e-22,2,cholesky,5,ode_transport,8192,0.02,1000,4,rosenbrock,41,0.26134204864501953,-51.20630645751953,0.6334882974624634,62,0.42513027787208557,0.06213086098432541,0.3670088052749634,0.20537784695625305
rosenbrock,1.9287498479639178e-22,2,cholesky,5,ode_transport,8192,0.02,1000,4,rosenbrock,42,0.250993013381958,-51.187355041503906,0.5827136039733887,62,0.4014457166194916,0.07285309582948685,0.33224743604660034,0.21321988105773926
rosenbrock,1.9287498479639178e-22,2,cholesky,5,ode_transport,8192,0.02,1000,4,rosenbrock,43,0.23479580879211426,-51.17507553100586,0.5724936127662659,62,0.36222806572914124,0.05454947054386139,0.3111621141433716,0.17723338305950165
rosenbrock,1.9287498479639178e-22,2,cholesky,5,ode_transport,8192,0.02,1000,4,rosenbrock,44,0.24502229690551758,-51.18819808959961,0.601082444190979,62,0.3712034821510315,0.06292571872472763,0.2925797700881958,0.21961204707622528
rosenbrock,1.9287498479639178e-22,2,cholesky,5,ode_transport,8192,0.02,1000,4,rosenbrock,45,0.25393009185791016,-51.16770553588867,0.5723097324371338,62,0.38088518381118774,0.06472121179103851,0.2903071343898773,0.2379211187362671
rosenbrock,1.9287498479639178e-22,2,cholesky,5,ode_transport,8192,0.02,1000,4,rosenbrock,46,0.26346516609191895,-51.159767150878906,0.5727676153182983,62,0.3520001471042633,0.058075200766325,0.2980343997478485,0.178064227104187
rosenbrock,1.9287498479639178e-22,2,cholesky,5,ode_transport,8192,0.02,1000,4,rosenbrock,47,0.2531778812408447,-51.15425491333008,0.6165783405303955,62,0.3271885812282562,0.05175439268350601,0.27748143672943115,0.1654627025127411
rosenbrock,1.9287498479639178e-22,2,cholesky,5,ode_transport,8192,0.02,1000,4,rosenbrock,48,0.27222394943237305,-51.14756393432617,0.5325222611427307,62,0.3382209539413452,0.0404757559299469,0.2891821563243866,0.17067170143127441
rosenbrock,1.9287498479639178e-22,2,cholesky,5,ode_transport,8192,0.02,1000,4,rosenbrock,49,0.2673938274383545,-51.14193344116211,0.6128884553909302,62,0.32810935378074646,0.05990784987807274,0.2619398534297943,0.18829314410686493
rosenbrock,1.9287498479639178e-22,2,cholesky,5,ode_transport,8192,0.02,1000,4,rosenbrock,50,0.265794038772583,-51.144248962402344,0.6813974380493164,62,0.384080708026886,0.05207212269306183,0.30943986773490906,0.2214801013469696
rosenbrock,1.9287498479639178e-22,2,cholesky,5,ode_transport,8192,0.02,1000,4,rosenbrock,51,0.27361273765563965,-51.13501739501953,0.5434070825576782,62,0.37718498706817627,0.04763726890087128,0.32056790590286255,0.1929648220539093
rosenbrock,1.9287498479639178e-22,2,cholesky,5,ode_transport,8192,0.02,1000,4,rosenbrock,52,0.2691841125488281,-51.114097595214844,0.5498612523078918,62,0.3812168538570404,0.08265075087547302,0.24129082262516022,0.2833264172077179
rosenbrock,1.9287498479639178e-22,2,cholesky,5,ode_transport,8192,0.02,1000,4,rosenbrock,53,0.2740511894226074,-51.11293029785156,0.5946748852729797,62,0.3836708962917328,0.05107421427965164,0.2949119210243225,0.24004530906677246
rosenbrock,1.9287498479639178e-22,2,cholesky,5,ode_transport,8192,0.02,1000,4,rosenbrock,54,0.2635767459869385,-51.114288330078125,0.5735865235328674,56,0.32040438055992126,0.04013419151306152,0.24684542417526245,0.20028865337371826
rosenbrock,1.9287498479639178e-22,2,cholesky,5,ode_transport,8192,0.02,1000,4,rosenbrock,55,0.2527003288269043,-51.1077880859375,0.5904725193977356,62,0.3287598788738251,0.030334319919347763,0.2715955078601837,0.1827533096075058
rosenbrock,1.9287498479639178e-22,2,cholesky,5,ode_transport,8192,0.02,1000,4,rosenbrock,56,0.2596418857574463,-51.09973907470703,0.6383238434791565,62,0.32398658990859985,0.046377915889024734,0.24878117442131042,0.2022976279258728
rosenbrock,1.9287498479639178e-22,2,cholesky,5,ode_transport,8192,0.02,1000,4,rosenbrock,57,0.2338418960571289,-51.08405303955078,0.5505964159965515,56,0.3297158479690552,0.08252892643213272,0.26295220851898193,0.18099074065685272
rosenbrock,1.9287498479639178e-22,2,cholesky,5,ode_transport,8192,0.02,1000,4,rosenbrock,58,0.2593979835510254,-51.083396911621094,0.5184385776519775,62,0.3253494203090668,0.04441939666867256,0.23945406079292297,0.21573343873023987
rosenbrock,1.9287498479639178e-22,2,cholesky,5,ode_transport,8192,0.02,1000,4,rosenbrock,59,0.2548182010650635,-51.083984375,0.604949414730072,62,0.47039294242858887,0.15873925387859344,0.3284359574317932,0.2969869077205658
rosenbrock,1.9287498479639178e-22,2,cholesky,5,ode_transport,8192,0.02,1000,4,rosenbrock,60,0.26819610595703125,-51.069034576416016,0.5455837845802307,62,0.30302563309669495,0.0710788294672966,0.21944686770439148,0.19650806486606598
rosenbrock,1.9287498479639178e-22,2,cholesky,5,ode_transport,8192,0.02,1000,4,rosenbrock,61,0.24043512344360352,-51.06352233886719,0.5693379640579224,56,0.3733450472354889,0.15757204592227936,0.2002151608467102,0.2728945314884186
rosenbrock,1.9287498479639178e-22,2,cholesky,5,ode_transport,8192,0.02,1000,4,rosenbrock,62,0.24068522453308105,-51.06074905395508,0.5838842988014221,56,0.492770254611969,0.1089874729514122,0.3261203467845917,0.35297277569770813
rosenbrock,1.9287498479639178e-22,2,cholesky,5,ode_transport,8192,0.02,1000,4,rosenbrock,63,0.24668574333190918,-51.05204391479492,0.4888404309749603,56,0.3626571595668793,0.036810100078582764,0.2986544668674469,0.20241232216358185
rosenbrock,1.9287498479639178e-22,2,cholesky,5,ode_transport,8192,0.02,1000,4,rosenbrock,64,0.2501370906829834,-51.05760955810547,0.5293457508087158,56,0.2866338789463043,0.03153092414140701,0.2514648139476776,0.1339038461446762
rosenbrock,1.9287498479639178e-22,2,cholesky,5,ode_transport,8192,0.02,1000,4,rosenbrock,65,0.32318902015686035,-51.04781723022461,0.5380229353904724,74,0.2958119809627533,0.027417458593845367,0.22023293375968933,0.1955772191286087
rosenbrock,1.9287498479639178e-22,2,cholesky,5,ode_transport,8192,0.02,1000,4,rosenbrock,66,0.2686290740966797,-51.05459976196289,0.5646085739135742,62,0.2885977625846863,0.08863483369350433,0.24066388607025146,0.13233830034732819
rosenbrock,1.9287498479639178e-22,2,cholesky,5,ode_transport,8192,0.02,1000,4,rosenbrock,67,0.3102841377258301,-51.03892135620117,0.5767173171043396,68,0.3398883044719696,0.034646399319171906,0.29119062423706055,0.171847864985466
rosenbrock,1.9287498479639178e-22,2,cholesky,5,ode_transport,8192,0.02,1000,4,rosenbrock,68,0.25375795364379883,-51.01935577392578,0.5500591993331909,56,0.2823158800601959,0.02977059595286846,0.21706415712833405,0.17804239690303802
rosenbrock,1.9287498479639178e-22,2,cholesky,5,ode_transport,8192,0.02,1000,4,rosenbrock,69,0.2933661937713623,-51.02292251586914,0.5603879690170288,68,0.3197464942932129,0.058727048337459564,0.23404385149478912,0.2097914218902588
rosenbrock,1.9287498479639178e-22,2,cholesky,5,ode_transport,8192,0.02,1000,4,rosenbrock,70,0.28519701957702637,-51.025299072265625,0.5642871856689453,68,0.2899276614189148,0.04116908088326454,0.21420612931251526,0.19099445641040802
rosenbrock,1.9287498479639178e-22,2,cholesky,5,ode_transport,8192,0.02,1000,4,rosenbrock,71,0.28014111518859863,-51.025535583496094,0.5835824608802795,68,0.2510518431663513,0.024590520188212395,0.1863528937101364,0.16641797125339508
rosenbrock,1.9287498479639178e-22,2,cholesky,5,ode_transport,8192,0.02,1000,4,rosenbrock,72,0.2854597568511963,-51.02305603027344,0.5526962876319885,68,0.24996165931224823,0.019929077476263046,0.21811635792255402,0.12045295536518097
rosenbrock,1.9287498479639178e-22,2,cholesky,5,ode_transport,8192,0.02,1000,4,rosenbrock,73,0.2355949878692627,-51.014015197753906,0.5350951552391052,56,0.3407837152481079,0.1253337860107422,0.23834389448165894,0.20884722471237183
rosenbrock,1.9287498479639178e-22,2,cholesky,5,ode_transport,8192,0.02,1000,4,rosenbrock,74,0.2861900329589844,-51.008087158203125,0.4937995374202728,68,0.23883488774299622,0.02633761055767536,0.1825983077287674,0.15167823433876038
rosenbrock,1.9287498479639178e-22,2,cholesky,5,ode_transport,8192,0.02,1000,4,rosenbrock,75,0.28859996795654297,-51.01180648803711,0.5166558623313904,68,0.24104949831962585,0.0179004967212677,0.1814456284046173,0.15767665207386017
rosenbrock,1.9287498479639178e-22,2,cholesky,5,ode_transport,8192,0.02,1000,4,rosenbrock,76,0.28413915634155273,-50.99662780761719,0.5164772868156433,68,0.27847614884376526,0.023593217134475708,0.21806024014949799,0.17158691585063934
rosenbrock,1.9287498479639178e-22,2,cholesky,5,ode_transport,8192,0.02,1000,4,rosenbrock,77,0.2737460136413574,-50.99645233154297,0.5360314846038818,68,0.2329418659210205,0.06346690654754639,0.18349914252758026,0.12869314849376678
rosenbrock,1.9287498479639178e-22,2,cholesky,5,ode_transport,8192,0.02,1000,4,rosenbrock,78,0.23781704902648926,-50.98479461669922,0.5361937284469604,56,0.2246665209531784,0.04541522637009621,0.19851461052894592,0.09489176422357559
rosenbrock,1.9287498479639178e-22,2,cholesky,5,ode_transport,8192,0.02,1000,4,rosenbrock,79,0.2866830825805664,-51.0006103515625,0.5279307961463928,68,0.22418157756328583,0.024273166432976723,0.18537436425685883,0.12371151149272919
rosenbrock,1.9287498479639178e-22,2,cholesky,5,ode_transport,8192,0.02,1000,4,rosenbrock,80,0.2874166965484619,-50.9853515625,0.4955606460571289,68,0.2796791195869446,0.09793249517679214,0.23934616148471832,0.10650372505187988
rosenbrock,1.9287498479639178e-22,2,cholesky,5,ode_transport,8192,0.02,1000,4,rosenbrock,81,0.28909897804260254,-50.98091125488281,0.5031598210334778,68,0.42624396085739136,0.21111321449279785,0.30204442143440247,0.21420620381832123
rosenbrock,1.9287498479639178e-22,2,cholesky,5,ode_transport,8192,0.02,1000,4,rosenbrock,82,0.3149440288543701,-50.98164749145508,0.5017821788787842,74,2.552908182144165,1.5685863494873047,1.2588540315628052,1.5723116397857666
rosenbrock,1.9287498479639178e-22,2,cholesky,5,ode_transport,8192,0.02,1000,4,rosenbrock,83,0.30747485160827637,-50.982177734375,0.572354793548584,68,0.21355624496936798,0.019987214356660843,0.2063995748758316,0.051048967987298965
rosenbrock,1.9287498479639178e-22,2,cholesky,5,ode_transport,8192,0.02,1000,4,rosenbrock,84,0.28992199897766113,-50.97856903076172,0.561520516872406,68,0.4864349067211151,0.07101865112781525,0.419515997171402,0.23575758934020996
rosenbrock,1.9287498479639178e-22,2,cholesky,5,ode_transport,8192,0.02,1000,4,rosenbrock,85,0.32875609397888184,-50.978363037109375,0.5270841717720032,68,0.5579004883766174,0.017135566100478172,0.5070264935493469,0.23212820291519165
rosenbrock,1.9287498479639178e-22,2,cholesky,5,ode_transport,8192,0.02,1000,4,rosenbrock,86,0.30901122093200684,-50.9813346862793,0.6115654110908508,68,0.4758104979991913,0.010951408185064793,0.419810026884079,0.22368566691875458
rosenbrock,1.9287498479639178e-22,2,cholesky,5,ode_transport,8192,0.02,1000,4,rosenbrock,87,0.2864971160888672,-50.969818115234375,0.5315552949905396,74,0.43231451511383057,0.07518287003040314,0.31815534830093384,0.2828790247440338
rosenbrock,1.9287498479639178e-22,2,cholesky,5,ode_transport,8192,0.02,1000,4,rosenbrock,88,0.2954738140106201,-50.963443756103516,0.5326901078224182,68,0.2833198308944702,0.03197386488318443,0.2544291019439697,0.1204725056886673
rosenbrock,1.9287498479639178e-22,2,cholesky,5,ode_transport,8192,0.02,1000,4,rosenbrock,89,0.3015599250793457,-50.971527099609375,0.5650904774665833,68,0.7658176422119141,0.45468592643737793,0.33614787459373474,0.516470730304718
rosenbrock,1.9287498479639178e-22,2,cholesky,5,ode_transport,8192,0.02,1000,4,rosenbrock,90,0.26460886001586914,-50.970176696777344,0.48083922266960144,62,0.4557296633720398,0.15510162711143494,0.4095436930656433,0.1261228322982788
rosenbrock,1.9287498479639178e-22,2,cholesky,5,ode_transport,8192,0.02,1000,4,rosenbrock,91,0.28658509254455566,-50.96910095214844,0.6319510340690613,68,0.6190195083618164,0.3199518024921417,0.33228954672813416,0.41279488801956177
rosenbrock,1.9287498479639178e-22,2,cholesky,5,ode_transport,8192,0.02,1000,4,rosenbrock,92,0.2875230312347412,-50.95823669433594,0.5002752542495728,68,0.38171660900115967,0.10970146209001541,0.3129039406776428,0.1891145408153534
rosenbrock,1.9287498479639178e-22,2,cholesky,5,ode_transport,8192,0.02,1000,4,rosenbrock,93,0.2861213684082031,-50.94697189331055,0.5428435206413269,62,0.39565110206604004,0.2821517884731293,0.1873096227645874,0.20456112921237946
rosenbrock,1.9287498479639178e-22,2,cholesky,5,ode_transport,8192,0.02,1000,4,rosenbrock,94,0.3203272819519043,-50.94828414916992,0.4803629517555237,68,0.338996946811676,0.12207882851362228,0.21436138451099396,0.23251858353614807
rosenbrock,1.9287498479639178e-22,2,cholesky,5,ode_transport,8192,0.02,1000,4,rosenbrock,95,0.31629514694213867,-50.95273208618164,0.46849027276039124,68,0.3237990736961365,0.078817218542099,0.23606432974338531,0.20714081823825836
rosenbrock,1.9287498479639178e-22,2,cholesky,5,ode_transport,8192,0.02,1000,4,rosenbrock,96,0.28453588485717773,-50.94359588623047,0.4622311592102051,62,0.4762897193431854,0.04243118315935135,0.4450295865535736,0.1643172651529312
rosenbrock,1.9287498479639178e-22,2,cholesky,5,ode_transport,8192,0.02,1000,4,rosenbrock,97,0.3081197738647461,-50.94132995605469,0.4625071585178375,68,0.4106474220752716,0.13336634635925293,0.34142473340034485,0.18513204157352448
rosenbrock,1.9287498479639178e-22,2,cholesky,5,ode_transport,8192,0.02,1000,4,rosenbrock,98,0.3093569278717041,-50.942970275878906,0.459940642118454,68,0.3913339674472809,0.16950280964374542,0.3169725239276886,0.1547239124774933
rosenbrock,1.9287498479639178e-22,2,cholesky,5,ode_transport,8192,0.02,1000,4,rosenbrock,99,0.28246307373046875,-50.94535446166992,0.6016308069229126,68,0.26728367805480957,0.07383492588996887,0.23817412555217743,0.09623953700065613
rosenbrock,1.9287498479639178e-22,2,cholesky,5,ode_transport,8192,0.02,1000,4,rosenbrock,100,0.28201889991760254,-50.94081497192383,0.6073395609855652,62,0.27571824193000793,0.061777036637067795,0.23737341165542603,0.12592856585979462
rosenbrock,1.9287498479639178e-22,2,cholesky,5,ode_transport,8192,0.02,1000,4,rosenbrock,101,0.28230786323547363,-50.935813903808594,0.4907257854938507,62,0.24755044281482697,0.015310535207390785,0.20585152506828308,0.13664540648460388
rosenbrock,1.9287498479639178e-22,2,cholesky,5,ode_transport,8192,0.02,1000,4,rosenbrock,102,0.26734399795532227,-50.94146728515625,0.5045623183250427,62,0.30972471833229065,0.1714155673980713,0.2296179085969925,0.11756581813097
rosenbrock,1.9287498479639178e-22,2,cholesky,5,ode_transport,8192,0.02,1000,4,rosenbrock,103,0.2901310920715332,-50.925987243652344,0.4844553470611572,68,1.5959526300430298,1.1845424175262451,0.7095536589622498,0.8002858757972717
rosenbrock,1.9287498479639178e-22,2,cholesky,5,ode_transport,8192,0.02,1000,4,rosenbrock,104,0.2874569892883301,-50.93207931518555,0.4987555146217346,68,0.3709518611431122,0.13693644106388092,0.3090345859527588,0.15281136333942413
rosenbrock,1.9287498479639178e-22,2,cholesky,5,ode_transport,8192,0.02,1000,4,rosenbrock,105,0.30083203315734863,-50.925559997558594,0.49317511916160583,68,0.4947722852230072,0.13915392756462097,0.44720426201820374,0.15951226651668549
rosenbrock,1.9287498479639178e-22,2,cholesky,5,ode_transport,8192,0.02,1000,4,rosenbrock,106,0.28478312492370605,-50.92987823486328,0.4972441494464874,62,0.23423077166080475,0.05466741696000099,0.15914233028888702,0.1629393845796585
rosenbrock,1.9287498479639178e-22,2,cholesky,5,ode_transport,8192,0.02,1000,4,rosenbrock,107,0.3191092014312744,-50.92253494262695,0.5259032249450684,74,0.2841815948486328,0.19493557512760162,0.16957230865955353,0.11834078282117844
rosenbrock,1.9287498479639178e-22,2,cholesky,5,ode_transport,8192,0.02,1000,4,rosenbrock,108,0.3184671401977539,-50.921634674072266,0.5004742741584778,68,0.2798316478729248,0.10644093155860901,0.1892651468515396,0.17650720477104187
rosenbrock,1.9287498479639178e-22,2,cholesky,5,ode_transport,8192,0.02,1000,4,rosenbrock,109,0.3093910217285156,-50.936866760253906,0.5328848958015442,68,0.39708811044692993,0.1771894097328186,0.3256159722805023,0.14232750236988068
rosenbrock,1.9287498479639178e-22,2,cholesky,5,ode_transport,8192,0.02,1000,4,rosenbrock,110,0.31643104553222656,-50.9302864074707,0.5135995149612427,62,0.39634618163108826,0.19424057006835938,0.29270195960998535,0.18353867530822754
rosenbrock,1.9287498479639178e-22,2,cholesky,5,ode_transport,8192,0.02,1000,4,rosenbrock,111,0.3007161617279053,-50.91713333129883,0.5172663927078247,62,0.31307005882263184,0.04266910254955292,0.29695767164230347,0.08948935568332672
rosenbrock,1.9287498479639178e-22,2,cholesky,5,ode_transport,8192,0.02,1000,4,rosenbrock,112,0.34415292739868164,-50.92454147338867,0.5746166706085205,68,0.3102150857448578,0.10271748155355453,0.21901337802410126,0.1942051500082016
rosenbrock,1.9287498479639178e-22,2,cholesky,5,ode_transport,8192,0.02,1000,4,rosenbrock,113,0.29613208770751953,-50.920047760009766,0.49730509519577026,62,0.22297348082065582,0.13164038956165314,0.14619895815849304,0.10494684427976608
rosenbrock,1.9287498479639178e-22,2,cholesky,5,ode_transport,8192,0.02,1000,4,rosenbrock,114,0.3156168460845947,-50.91562271118164,0.5327305793762207,62,0.27642515301704407,0.10925166308879852,0.219159796833992,0.1282338798046112
rosenbrock,1.9287498479639178e-22,2,cholesky,5,ode_transport,8192,0.02,1000,4,rosenbrock,115,0.31258392333984375,-50.901153564453125,0.5173637866973877,68,0.2149762511253357,0.1264721304178238,0.13618184626102448,0.10804671794176102
rosenbrock,1.9287498479639178e-22,2,cholesky,5,ode_transport,8192,0.02,1000,4,rosenbrock,116,0.31598496437072754,-50.90947723388672,0.4775945544242859,68,0.2711922526359558,0.06542561948299408,0.22120149433612823,0.14259958267211914
rosenbrock,1.9287498479639178e-22,2,cholesky,5,ode_transport,8192,0.02,1000,4,rosenbrock,117,0.36210203170776367,-50.91437530517578,0.5802251100540161,80,0.237190842628479,0.12358154356479645,0.18949681520462036,0.07126044481992722
rosenbrock,1.9287498479639178e-22,2,cholesky,5,ode_transport,8192,0.02,1000,4,rosenbrock,118,0.3064079284667969,-50.901790618896484,0.5322402715682983,62,0.19080938398838043,0.023265507072210312,0.15638017654418945,0.10682779550552368
rosenbrock,1.9287498479639178e-22,2,cholesky,5,ode_transport,8192,0.02,1000,4,rosenbrock,119,0.3311188220977783,-50.91661071777344,0.9292292594909668,74,0.5062159895896912,0.41019612550735474,0.26220226287841797,0.13872167468070984
rosenbrock,1.9287498479639178e-22,2,cholesky,5,ode_transport,8192,0.02,1000,4,rosenbrock,120,0.2940092086791992,-50.90753173828125,0.5133695602416992,62,0.269959419965744,0.023110026493668556,0.2282176911830902,0.1423400342464447
rosenbrock,1.9287498479639178e-22,2,cholesky,5,ode_transport,8192,0.02,1000,4,rosenbrock,121,0.35102367401123047,-50.903709411621094,0.4741901755332947,80,0.22829459607601166,0.051157500594854355,0.18373733758926392,0.12546683847904205
rosenbrock,1.9287498479639178e-22,2,cholesky,5,ode_transport,8192,0.02,1000,4,rosenbrock,122,0.32844996452331543,-50.8998908996582,0.47521036863327026,74,0.25619402527809143,0.09747171401977539,0.1420154720544815,0.18964768946170807
rosenbrock,1.9287498479639178e-22,2,cholesky,5,ode_transport,8192,0.02,1000,4,rosenbrock,123,0.31255125999450684,-50.914146423339844,0.5746486186981201,68,0.1814231127500534,0.0247129388153553,0.14635208249092102,0.10432972013950348
rosenbrock,1.9287498479639178e-22,2,cholesky,5,ode_transport,8192,0.02,1000,4,rosenbrock,124,0.32151007652282715,-50.900203704833984,0.467645525932312,74,0.2883087992668152,0.011188152246177197,0.2756892740726471,0.08361952006816864
rosenbrock,1.9287498479639178e-22,2,cholesky,5,ode_transport,8192,0.02,1000,4,rosenbrock,125,0.3255729675292969,-50.893402099609375,0.5589491724967957,74,0.2336929738521576,0.1305740922689438,0.13958647847175598,0.13445603847503662
rosenbrock,1.9287498479639178e-22,2,cholesky,5,ode_transport,8192,0.02,1000,4,rosenbrock,126,0.2966349124908447,-50.88867950439453,0.5514575839042664,68,0.2955719232559204,0.04859251156449318,0.16399304568767548,0.24105559289455414
rosenbrock,1.9287498479639178e-22,2,cholesky,5,ode_transport,8192,0.02,1000,4,rosenbrock,127,0.2737548351287842,-50.89045715332031,0.5339546799659729,62,0.44456976652145386,0.2696577310562134,0.29468274116516113,0.19516418874263763
rosenbrock,1.9287498479639178e-22,2,cholesky,5,ode_transport,8192,0.02,1000,4,rosenbrock,128,0.28988003730773926,-50.897186279296875,0.5500112771987915,62,0.2673865258693695,0.08256606757640839,0.14901281893253326,0.20609118044376373
rosenbrock,1.9287498479639178e-22,2,cholesky,5,ode_transport,8192,0.02,1000,4,rosenbrock,129,0.3094348907470703,-50.886749267578125,0.534965455532074,68,0.3273729383945465,0.051176246255636215,0.291009783744812,0.14095152914524078
rosenbrock,1.9287498479639178e-22,2,cholesky,5,ode_transport,8192,0.02,1000,4,rosenbrock,130,0.3470008373260498,-50.8940544128418,0.6317989230155945,80,0.22588832676410675,0.03888647258281708,0.2134808599948883,0.06276383250951767
rosenbrock,1.9287498479639178e-22,2,cholesky,5,ode_transport,8192,0.02,1000,4,rosenbrock,131,0.41185998916625977,-50.880889892578125,0.48812389373779297,74,0.3068590760231018,0.1798408329486847,0.21865464746952057,0.11836343258619308
rosenbrock,1.9287498479639178e-22,2,cholesky,5,ode_transport,8192,0.02,1000,4,rosenbrock,132,0.33613109588623047,-50.89158248901367,0.5332310199737549,74,0.3281562626361847,0.22540037333965302,0.22550173103809357,0.0776541456580162
rosenbrock,1.9287498479639178e-22,2,cholesky,5,ode_transport,8192,0.02,1000,4,rosenbrock,133,0.30250000953674316,-50.88411331176758,0.476634681224823,62,0.2620692849159241,0.18868249654769897,0.13801321387290955,0.11845497041940689
rosenbrock,1.9287498479639178e-22,2,cholesky,5,ode_transport,8192,0.02,1000,4,rosenbrock,134,0.37390995025634766,-50.890750885009766,0.5003777146339417,86,0.4395502507686615,0.2677425742149353,0.2761978209018707,0.21268077194690704
rosenbrock,1.9287498479639178e-22,2,cholesky,5,ode_transport,8192,0.02,1000,4,rosenbrock,135,0.3852391242980957,-50.884033203125,0.5242012739181519,86,0.29010432958602905,0.15719082951545715,0.19440026581287384,0.14717376232147217
rosenbrock,1.9287498479639178e-22,2,cholesky,5,ode_transport,8192,0.02,1000,4,rosenbrock,136,0.30417704582214355,-50.88078689575195,0.51104336977005,68,0.23832327127456665,0.022759828716516495,0.223096564412117,0.0806715339422226
rosenbrock,1.9287498479639178e-22,2,cholesky,5,ode_transport,8192,0.02,1000,4,rosenbrock,137,0.35410094261169434,-50.87334060668945,0.524083137512207,80,0.287884384393692,0.1392277181148529,0.20533518493175507,0.14604973793029785
rosenbrock,1.9287498479639178e-22,2,cholesky,5,ode_transport,8192,0.02,1000,4,rosenbrock,138,0.30453920364379883,-50.880516052246094,0.5682527422904968,68,0.22657237946987152,0.0999259427189827,0.15596912801265717,0.1304740607738495
rosenbrock,1.9287498479639178e-22,2,cholesky,5,ode_transport,8192,0.02,1000,4,rosenbrock,139,0.3183591365814209,-50.883033752441406,0.5423953533172607,68,0.3212905526161194,0.21738304197788239,0.202450692653656,0.122417151927948
rosenbrock,1.9287498479639178e-22,2,cholesky,5,ode_transport,8192,0.02,1000,4,rosenbrock,140,0.35715579986572266,-50.88030242919922,0.5078846216201782,80,2.0014522075653076,1.6769124269485474,0.892469584941864,0.6302965879440308
rosenbrock,1.9287498479639178e-22,2,cholesky,5,ode_transport,8192,0.02,1000,4,rosenbrock,141,0.3493921756744385,-50.87308120727539,0.5558071136474609,80,0.36944279074668884,0.21710214018821716,0.2770933210849762,0.11213342845439911
rosenbrock,1.9287498479639178e-22,2,cholesky,5,ode_transport,8192,0.02,1000,4,rosenbrock,142,0.2814159393310547,-50.881187438964844,0.5532224774360657,68,0.3463585078716278,0.024119118228554726,0.3060397803783417,0.1603812724351883
rosenbrock,1.9287498479639178e-22,2,cholesky,5,ode_transport,8192,0.02,1000,4,rosenbrock,143,0.3498988151550293,-50.86473083496094,0.5062470436096191,86,0.5212977528572083,0.3734608590602875,0.3058123290538788,0.196868434548378
rosenbrock,1.9287498479639178e-22,2,cholesky,5,ode_transport,8192,0.02,1000,4,rosenbrock,144,0.3684968948364258,-50.86687469482422,0.5215498208999634,86,0.8591009378433228,0.5675769448280334,0.568288266658783,0.30489206314086914
rosenbrock,1.9287498479639178e-22,2,cholesky,5,ode_transport,8192,0.02,1000,4,rosenbrock,145,0.2763218879699707,-50.879966735839844,0.6095927357673645,62,0.16147145628929138,0.03955160081386566,0.1365286409854889,0.07660698145627975
rosenbrock,1.9287498479639178e-22,2,cholesky,5,ode_transport,8192,0.02,1000,4,rosenbrock,146,0.2612290382385254,-50.8730583190918,0.5699526071548462,62,0.17785438895225525,0.0956316813826561,0.1225774958729744,0.08638011664152145
rosenbrock,1.9287498479639178e-22,2,cholesky,5,ode_transport,8192,0.02,1000,4,rosenbrock,147,0.2548213005065918,-50.86902618408203,0.5498604774475098,62,0.5015615224838257,0.35227078199386597,0.31881600618362427,0.16070353984832764
rosenbrock,1.9287498479639178e-22,2,cholesky,5,ode_transport,8192,0.02,1000,4,rosenbrock,148,0.26278209686279297,-50.861473083496094,0.562037467956543,68,0.3586329221725464,0.030678141862154007,0.30452761054039,0.1869206577539444
rosenbrock,1.9287498479639178e-22,2,cholesky,5,ode_transport,8192,0.02,1000,4,rosenbrock,149,0.283221960067749,-50.864715576171875,0.48341822624206543,68,0.31057751178741455,0.15356239676475525,0.23206692934036255,0.13792000710964203
rosenbrock,1.9287498479639178e-22,2,cholesky,5,ode_transport,8192,0.02,1000,4,rosenbrock,150,0.30303430557250977,-50.860801696777344,0.5117381811141968,74,0.30323636531829834,0.12904076278209686,0.23815475404262543,0.13631974160671234
rosenbrock,1.9287498479639178e-22,2,cholesky,5,ode_transport,8192,0.02,1000,4,rosenbrock,151,0.2637159824371338,-50.86410903930664,0.5061957836151123,62,0.3043474555015564,0.13120031356811523,0.23645372688770294,0.13965491950511932
rosenbrock,1.9287498479639178e-22,2,cholesky,5,ode_transport,8192,0.02,1000,4,rosenbrock,152,0.32317209243774414,-50.85052490234375,0.4638255536556244,80,0.23998208343982697,0.03094536066055298,0.1572725921869278,0.17860323190689087
rosenbrock,1.9287498479639178e-22,2,cholesky,5,ode_transport,8192,0.02,1000,4,rosenbrock,153,0.26581883430480957,-50.85365295410156,0.4936722218990326,68,0.7341595888137817,0.5759209990501404,0.38755154609680176,0.2389749437570572
rosenbrock,1.9287498479639178e-22,2,cholesky,5,ode_transport,8192,0.02,1000,4,rosenbrock,154,0.2545900344848633,-50.860755920410156,0.5882351994514465,62,0.21187739074230194,0.028212126344442368,0.18101057410240173,0.1064484640955925
rosenbrock,1.9287498479639178e-22,2,cholesky,5,ode_transport,8192,0.02,1000,4,rosenbrock,155,0.3234376907348633,-50.85893630981445,0.5519253015518188,86,16.38589859008789,13.596396446228027,7.378832817077637,5.402638912200928
rosenbrock,1.9287498479639178e-22,2,cholesky,5,ode_transport,8192,0.02,1000,4,rosenbrock,156,0.3187429904937744,-50.85869216918945,0.4833538234233856,80,0.7377349734306335,0.03682597354054451,0.6935778856277466,0.2486894577741623
rosenbrock,1.9287498479639178e-22,2,cholesky,5,ode_transport,8192,0.02,1000,4,rosenbrock,157,0.24953579902648926,-50.895111083984375,0.5762402415275574,62,1.4272469282150269,0.20498411357402802,1.3078193664550781,0.5335012674331665
rosenbrock,1.9287498479639178e-22,2,cholesky,5,ode_transport,8192,0.02,1000,4,rosenbrock,158,0.2676553726196289,-50.9041748046875,0.578035831451416,68,1.7360402345657349,0.15757796168327332,1.6336687803268433,0.5658011436462402
rosenbrock,1.9287498479639178e-22,2,cholesky,5,ode_transport,8192,0.02,1000,4,rosenbrock,159,0.2624528408050537,-50.929237365722656,0.7905137538909912,62,1.9599894285202026,0.4510118067264557,1.7531507015228271,0.7514052391052246
rosenbrock,1.9287498479639178e-22,2,cholesky,5,ode_transport,8192,0.02,1000,4,rosenbrock,160,0.27233099937438965,-50.907310485839844,0.6339734196662903,68,1.3906526565551758,0.20148395001888275,1.257731318473816,0.5580597519874573
rosenbrock,1.9287498479639178e-22,2,cholesky,5,ode_transport,8192,0.02,1000,4,rosenbrock,161,0.31337404251098633,-50.89824676513672,0.6945024132728577,80,4.172018527984619,2.5942728519439697,1.9243900775909424,2.6404945850372314
rosenbrock,1.9287498479639178e-22,2,cholesky,5,ode_transport,8192,0.02,1000,4,rosenbrock,162,0.36862802505493164,-50.88024139404297,0.6449609398841858,80,0.3934645652770996,0.06141912564635277,0.19689565896987915,0.3350733518600464
rosenbrock,1.9287498479639178e-22,2,cholesky,5,ode_transport,8192,0.02,1000,4,rosenbrock,163,0.38023805618286133,-50.87714767456055,0.5190548896789551,86,0.7029651403427124,0.014024297706782818,0.5802564024925232,0.39656758308410645
rosenbrock,1.9287498479639178e-22,2,cholesky,5,ode_transport,8192,0.02,1000,4,rosenbrock,164,0.40518808364868164,-50.90290832519531,0.5929267406463623,86,1.2462764978408813,0.04987502098083496,1.1648221015930176,0.44034892320632935
rosenbrock,1.9287498479639178e-22,2,cholesky,5,ode_transport,8192,0.02,1000,4,rosenbrock,165,0.27237606048583984,-50.91183090209961,0.7146262526512146,62,1.3395814895629883,0.01472723949700594,1.2734863758087158,0.41532427072525024
rosenbrock,1.9287498479639178e-22,2,cholesky,5,ode_transport,8192,0.02,1000,4,rosenbrock,166,0.3274869918823242,-50.91399383544922,0.7460060715675354,86,1.4725803136825562,0.1228155568242073,1.3784502744674683,0.5032729506492615
rosenbrock,1.9287498479639178e-22,2,cholesky,5,ode_transport,8192,0.02,1000,4,rosenbrock,167,0.33040308952331543,-50.898521423339844,0.5988543033599854,86,1.2477532625198364,0.6624288558959961,0.978175938129425,0.40155720710754395
rosenbrock,1.9287498479639178e-22,2,cholesky,5,ode_transport,8192,0.02,1000,4,rosenbrock,168,0.32224416732788086,-50.87787628173828,0.6121631264686584,80,0.9214215278625488,0.12166342884302139,0.8431885242462158,0.3510681390762329
rosenbrock,1.9287498479639178e-22,2,cholesky,5,ode_transport,8192,0.02,1000,4,rosenbrock,169,0.31029295921325684,-50.87272644042969,0.5510396957397461,80,0.6293377876281738,0.062121812254190445,0.5474874973297119,0.3040795624256134
rosenbrock,1.9287498479639178e-22,2,cholesky,5,ode_transport,8192,0.02,1000,4,rosenbrock,170,0.30559587478637695,-50.87793731689453,0.588106095790863,80,0.36354896426200867,0.08566275238990784,0.26904919743537903,0.22900278866291046
rosenbrock,1.9287498479639178e-22,2,cholesky,5,ode_transport,8192,0.02,1000,4,rosenbrock,171,0.39740705490112305,-50.865081787109375,0.6151856780052185,86,0.4257538318634033,0.07280535995960236,0.36952394247055054,0.19853906333446503
rosenbrock,1.9287498479639178e-22,2,cholesky,5,ode_transport,8192,0.02,1000,4,rosenbrock,172,0.38554978370666504,-50.88732147216797,0.5835009813308716,86,0.6894843578338623,0.12850791215896606,0.6155555844306946,0.2827821969985962
rosenbrock,1.9287498479639178e-22,2,cholesky,5,ode_transport,8192,0.02,1000,4,rosenbrock,173,0.2869760990142822,-50.89856719970703,0.6196489930152893,68,1.0001740455627441,0.034597303718328476,0.9407984018325806,0.3377120792865753
rosenbrock,1.9287498479639178e-22,2,cholesky,5,ode_transport,8192,0.02,1000,4,rosenbrock,174,0.2517390251159668,-50.881832122802734,0.6096159219741821,62,1.0374501943588257,0.12824170291423798,0.9722869396209717,0.33840084075927734
rosenbrock,1.9287498479639178e-22,2,cholesky,5,ode_transport,8192,0.02,1000,4,rosenbrock,175,0.2529561519622803,-50.88783645629883,0.6921619772911072,62,0.8137203454971313,0.2912146747112274,0.7324427366256714,0.20214445888996124
rosenbrock,1.9287498479639178e-22,2,cholesky,5,ode_transport,8192,0.02,1000,4,rosenbrock,176,0.3319518566131592,-50.86728286743164,0.5341472029685974,80,0.7498023509979248,0.22878342866897583,0.6687986850738525,0.25014016032218933
rosenbrock,1.9287498479639178e-22,2,cholesky,5,ode_transport,8192,0.02,1000,4,rosenbrock,177,0.27678394317626953,-50.88005447387695,0.6023706793785095,68,0.7638365626335144,0.6737120151519775,0.2851557731628418,0.2196463644504547
rosenbrock,1.9287498479639178e-22,2,cholesky,5,ode_transport,8192,0.02,1000,4,rosenbrock,178,0.33720922470092773,-50.860382080078125,0.5324525833129883,86,0.26433852314949036,0.04596178978681564,0.2117774486541748,0.1513693779706955
rosenbrock,1.9287498479639178e-22,2,cholesky,5,ode_transport,8192,0.02,1000,4,rosenbrock,179,0.33126091957092285,-50.857364654541016,0.5422573089599609,80,0.3579219877719879,0.05750734731554985,0.15549001097679138,0.3172127306461334
rosenbrock,1.9287498479639178e-22,2,cholesky,5,ode_transport,8192,0.02,1000,4,rosenbrock,180,0.3182332515716553,-50.854576110839844,0.491481214761734,80,0.30444806814193726,0.024474527686834335,0.2555382251739502,0.16367602348327637
rosenbrock,1.9287498479639178e-22,2,cholesky,5,ode_transport,8192,0.02,1000,4,rosenbrock,181,0.3088219165802002,-50.87230682373047,0.6011186838150024,80,0.598915696144104,0.2306928038597107,0.4992712140083313,0.2370845228433609
rosenbrock,1.9287498479639178e-22,2,cholesky,5,ode_transport,8192,0.02,1000,4,rosenbrock,182,0.34386205673217773,-50.862022399902344,0.5223913192749023,80,1.402114987373352,1.0218231678009033,0.88173907995224,0.3799213767051697
rosenbrock,1.9287498479639178e-22,2,cholesky,5,ode_transport,8192,0.02,1000,4,rosenbrock,183,0.28388190269470215,-50.87866973876953,0.6014172434806824,68,0.5742855072021484,0.0814877524971962,0.536514937877655,0.18792369961738586
rosenbrock,1.9287498479639178e-22,2,cholesky,5,ode_transport,8192,0.02,1000,4,rosenbrock,184,0.29808592796325684,-50.873878479003906,0.5664402842521667,74,0.45961034297943115,0.10119473189115524,0.4378666281700134,0.09630229324102402
rosenbrock,1.9287498479639178e-22,2,cholesky,5,ode_transport,8192,0.02,1000,4,rosenbrock,185,0.3230152130126953,-50.853294372558594,0.5817092657089233,80,0.37312668561935425,0.1637631058692932,0.16389794647693634,0.2924767732620239
rosenbrock,1.9287498479639178e-22,2,cholesky,5,ode_transport,8192,0.02,1000,4,rosenbrock,186,0.30979084968566895,-50.86476135253906,0.6046290993690491,74,0.19697251915931702,0.11807910352945328,0.09854058921337128,0.12306603044271469
rosenbrock,1.9287498479639178e-22,2,cholesky,5,ode_transport,8192,0.02,1000,4,rosenbrock,187,0.31265807151794434,-50.85628890991211,0.48597317934036255,80,0.2838711440563202,0.20882871747016907,0.16343329846858978,0.10130622237920761
rosenbrock,1.9287498479639178e-22,2,cholesky,5,ode_transport,8192,0.02,1000,4,rosenbrock,188,0.31390810012817383,-50.85830307006836,0.50043123960495,80,0.26139625906944275,0.13749651610851288,0.20241998136043549,0.0919177383184433
rosenbrock,1.9287498479639178e-22,2,cholesky,5,ode_transport,8192,0.02,1000,4,rosenbrock,189,0.27634215354919434,-50.86184310913086,0.5478223562240601,68,0.30391040444374084,0.10130031406879425,0.2350504994392395,0.16386282444000244
rosenbrock,1.9287498479639178e-22,2,cholesky,5,ode_transport,8192,0.02,1000,4,rosenbrock,190,0.3217029571533203,-50.864559173583984,0.5140570402145386,86,0.3791908025741577,0.21833206713199615,0.2673099935054779,0.15704169869422913
rosenbrock,1.9287498479639178e-22,2,cholesky,5,ode_transport,8192,0.02,1000,4,rosenbrock,191,0.2517428398132324,-50.85847854614258,0.5736434459686279,62,0.4153817296028137,0.20124320685863495,0.29418784379959106,0.21329940855503082
rosenbrock,1.9287498479639178e-22,2,cholesky,5,ode_transport,8192,0.02,1000,4,rosenbrock,192,0.33127284049987793,-50.85377883911133,0.5181956887245178,80,0.3055989146232605,0.049067188054323196,0.24520400166511536,0.1756647378206253
rosenbrock,1.9287498479639178e-22,2,cholesky,5,ode_transport,8192,0.02,1000,4,rosenbrock,193,0.3284947872161865,-50.85960006713867,0.5753216743469238,80,0.2781978249549866,0.15519365668296814,0.176048144698143,0.14938543736934662
rosenbrock,1.9287498479639178e-22,2,cholesky,5,ode_transport,8192,0.02,1000,4,rosenbrock,194,0.3106822967529297,-50.86038589477539,0.5161736607551575,74,0.1972244679927826,0.09215033054351807,0.14853845536708832,0.09133532643318176
rosenbrock,1.9287498479639178e-22,2,cholesky,5,ode_transport,8192,0.02,1000,4,rosenbrock,195,0.27251505851745605,-50.843345642089844,0.5251922607421875,62,0.4770223796367645,0.3212214410305023,0.31582579016685486,0.15691140294075012
rosenbrock,1.9287498479639178e-22,2,cholesky,5,ode_transport,8192,0.02,1000,4,rosenbrock,196,0.3150920867919922,-50.858062744140625,0.5787471532821655,80,0.38507023453712463,0.09151811897754669,0.3544776737689972,0.11936947703361511
rosenbrock,1.9287498479639178e-22,2,cholesky,5,ode_transport,8192,0.02,1000,4,rosenbrock,197,0.31481170654296875,-50.864501953125,0.5516026020050049,74,0.19622939825057983,0.10530034452676773,0.14299967885017395,0.08347997814416885
rosenbrock,1.9287498479639178e-22,2,cholesky,5,ode_transport,8192,0.02,1000,4,rosenbrock,198,0.2791588306427002,-50.848304748535156,0.531617283821106,62,0.21243637800216675,0.14644156396389008,0.11716531217098236,0.09978162497282028
rosenbrock,1.9287498479639178e-22,2,cholesky,5,ode_transport,8192,0.02,1000,4,rosenbrock,199,0.3078458309173584,-50.845211029052734,0.5161997675895691,80,0.4714057147502899,0.3195644021034241,0.28639450669288635,0.19514137506484985
rosenbrock,1.9287498479639178e-22,2,cholesky,5,ode_transport,8192,0.02,1000,4,rosenbrock,200,0.29006004333496094,-50.840389251708984,0.5598234534263611,74,0.23811152577400208,0.013308851048350334,0.21062907576560974,0.11025139689445496
rosenbrock,1.9287498479639178e-22,2,cholesky,5,ode_transport,8192,0.02,1000,4,rosenbrock,201,0.2638111114501953,-50.85568618774414,0.48952516913414,68,0.2622140944004059,0.1400286853313446,0.16057507693767548,0.152852401137352
rosenbrock,1.9287498479639178e-22,2,cholesky,5,ode_transport,8192,0.02,1000,4,rosenbrock,202,0.291273832321167,-50.85337829589844,0.5052762627601624,74,0.199724942445755,0.10395210236310959,0.1305665373802185,0.10971053689718246
rosenbrock,1.9287498479639178e-22,2,cholesky,5,ode_transport,8192,0.02,1000,4,rosenbrock,203,0.3300049304962158,-50.853004455566406,0.4851909279823303,80,1.114544153213501,0.9577991962432861,0.41191980242729187,0.393892765045166
rosenbrock,1.9287498479639178e-22,2,cholesky,5,ode_transport,8192,0.02,1000,4,rosenbrock,204,0.33701515197753906,-50.850929260253906,0.5466305613517761,80,0.2403806746006012,0.14060313999652863,0.15785692632198334,0.11443259567022324
rosenbrock,1.9287498479639178e-22,2,cholesky,5,ode_transport,8192,0.02,1000,4,rosenbrock,205,0.3413999080657959,-50.83732986450195,0.497265487909317,86,0.20203272998332977,0.08079063147306442,0.12873584032058716,0.13310590386390686
rosenbrock,1.9287498479639178e-22,2,cholesky,5,ode_transport,8192,0.02,1000,4,rosenbrock,206,0.2744741439819336,-50.841827392578125,0.5978373289108276,62,0.4037102162837982,0.24749551713466644,0.2010776549577713,0.2475796788930893
rosenbrock,1.9287498479639178e-22,2,cholesky,5,ode_transport,8192,0.02,1000,4,rosenbrock,207,0.2748889923095703,-50.84341049194336,0.5392107367515564,62,0.33668413758277893,0.13312111794948578,0.26011955738067627,0.16725067794322968
rosenbrock,1.9287498479639178e-22,2,cholesky,5,ode_transport,8192,0.02,1000,4,rosenbrock,208,0.3414421081542969,-50.84064483642578,0.48175904154777527,80,0.2560790777206421,0.041800618171691895,0.19519935548305511,0.1603945642709732
rosenbrock,1.9287498479639178e-22,2,cholesky,5,ode_transport,8192,0.02,1000,4,rosenbrock,209,0.28758811950683594,-50.846588134765625,0.5441484451293945,74,0.2759847939014435,0.2070358246564865,0.13170380890369415,0.12632454931735992
rosenbrock,1.9287498479639178e-22,2,cholesky,5,ode_transport,8192,0.02,1000,4,rosenbrock,210,0.3096001148223877,-50.843841552734375,0.496864378452301,80,0.24361835420131683,0.1289643794298172,0.14122235774993896,0.15091170370578766
rosenbrock,1.9287498479639178e-22,2,cholesky,5,ode_transport,8192,0.02,1000,4,rosenbrock,211,0.29028987884521484,-50.84774398803711,0.518416166305542,74,0.2885308265686035,0.2374098002910614,0.15102127194404602,0.0638686865568161
rosenbrock,1.9287498479639178e-22,2,cholesky,5,ode_transport,8192,0.02,1000,4,rosenbrock,212,0.3215491771697998,-50.837398529052734,0.5580956935882568,80,0.25586292147636414,0.13719624280929565,0.1462043821811676,0.1589568704366684
rosenbrock,1.9287498479639178e-22,2,cholesky,5,ode_transport,8192,0.02,1000,4,rosenbrock,213,0.3307149410247803,-50.83638381958008,0.5057498812675476,86,1.7221509218215942,1.446473240852356,0.7991263270378113,0.484681636095047
rosenbrock,1.9287498479639178e-22,2,cholesky,5,ode_transport,8192,0.02,1000,4,rosenbrock,214,0.3190772533416748,-50.83420181274414,0.5183432102203369,80,0.3727343678474426,0.21909666061401367,0.24597913026809692,0.17441844940185547
rosenbrock,1.9287498479639178e-22,2,cholesky,5,ode_transport,8192,0.02,1000,4,rosenbrock,215,0.3231790065765381,-50.840110778808594,0.5045232772827148,80,0.3227713704109192,0.21504800021648407,0.21338647603988647,0.11136389523744583
rosenbrock,1.9287498479639178e-22,2,cholesky,5,ode_transport,8192,0.02,1000,4,rosenbrock,216,0.2735321521759033,-50.836647033691406,0.5133944749832153,68,0.20309290289878845,0.04555535688996315,0.17957942187786102,0.08320258557796478
rosenbrock,1.9287498479639178e-22,2,cholesky,5,ode_transport,8192,0.02,1000,4,rosenbrock,217,0.2920351028442383,-50.82997512817383,0.4871443212032318,74,0.2440461814403534,0.18605352938175201,0.13621371984481812,0.0799277052283287
rosenbrock,1.9287498479639178e-22,2,cholesky,5,ode_transport,8192,0.02,1000,4,rosenbrock,218,0.30890989303588867,-50.8486442565918,0.5735316276550293,80,0.5688988566398621,0.3601192235946655,0.3449546992778778,0.27379971742630005
rosenbrock,1.9287498479639178e-22,2,cholesky,5,ode_transport,8192,0.02,1000,4,rosenbrock,219,0.31142497062683105,-50.84632110595703,0.5501930713653564,74,0.3341105580329895,0.22028133273124695,0.21238334476947784,0.1341615468263626
rosenbrock,1.9287498479639178e-22,2,cholesky,5,ode_transport,8192,0.02,1000,4,rosenbrock,220,0.3388218879699707,-50.83057403564453,0.5845502614974976,86,0.19524891674518585,0.03589330613613129,0.14602327346801758,0.1245432049036026
rosenbrock,1.9287498479639178e-22,2,cholesky,5,ode_transport,8192,0.02,1000,4,rosenbrock,221,0.32453107833862305,-50.83775329589844,0.5467322468757629,80,0.3147754371166229,0.20479631423950195,0.18711702525615692,0.14875906705856323
rosenbrock,1.9287498479639178e-22,2,cholesky,5,ode_transport,8192,0.02,1000,4,rosenbrock,222,0.25884294509887695,-50.839447021484375,0.578043520450592,62,0.6320868730545044,0.48573508858680725,0.2641766667366028,0.3062776029109955
rosenbrock,1.9287498479639178e-22,2,cholesky,5,ode_transport,8192,0.02,1000,4,rosenbrock,223,0.34026598930358887,-50.83232879638672,0.5224172472953796,80,0.3304711878299713,0.19913245737552643,0.12971727550029755,0.22963210940361023
rosenbrock,1.9287498479639178e-22,2,cholesky,5,ode_transport,8192,0.02,1000,4,rosenbrock,224,0.334425687789917,-50.83599853515625,0.5528866648674011,74,0.2934042513370514,0.17898046970367432,0.2079223394393921,0.10402087867259979
rosenbrock,1.9287498479639178e-22,2,cholesky,5,ode_transport,8192,0.02,1000,4,rosenbrock,225,0.30959415435791016,-50.826908111572266,0.4967530369758606,80,0.185023233294487,0.043970439583063126,0.16421030461788177,0.07304225116968155
rosenbrock,1.9287498479639178e-22,2,cholesky,5,ode_transport,8192,0.02,1000,4,rosenbrock,226,0.3305373191833496,-50.82480239868164,0.5090163350105286,80,0.43394723534584045,0.3252890408039093,0.18758046627044678,0.21751058101654053
rosenbrock,1.9287498479639178e-22,2,cholesky,5,ode_transport,8192,0.02,1000,4,rosenbrock,227,0.3391549587249756,-50.819557189941406,0.4800507426261902,86,0.48621541261672974,0.3647412955760956,0.3013392388820648,0.11208868771791458
rosenbrock,1.9287498479639178e-22,2,cholesky,5,ode_transport,8192,0.02,1000,4,rosenbrock,228,0.32210683822631836,-50.83620071411133,0.542917788028717,86,0.8426092267036438,0.715002179145813,0.35984641313552856,0.2631970942020416
rosenbrock,1.9287498479639178e-22,2,cholesky,5,ode_transport,8192,0.02,1000,4,rosenbrock,229,0.2882869243621826,-50.833839416503906,0.5135204195976257,74,0.5933312177658081,0.4064759910106659,0.3942452371120453,0.17717204988002777
rosenbrock,1.9287498479639178e-22,2,cholesky,5,ode_transport,8192,0.02,1000,4,rosenbrock,230,0.30452513694763184,-50.819862365722656,0.4763151705265045,74,0.15310102701187134,0.03422599285840988,0.12321019172668457,0.0841887816786766
rosenbrock,1.9287498479639178e-22,2,cholesky,5,ode_transport,8192,0.02,1000,4,rosenbrock,231,0.3034851551055908,-50.83717727661133,0.539595901966095,74,0.25787118077278137,0.007165864109992981,0.19570006430149078,0.16777265071868896
rosenbrock,1.9287498479639178e-22,2,cholesky,5,ode_transport,8192,0.02,1000,4,rosenbrock,232,0.3328828811645508,-50.836158752441406,0.539297878742218,86,0.1969577521085739,0.07504492998123169,0.12247984111309052,0.13475646078586578
rosenbrock,1.9287498479639178e-22,2,cholesky,5,ode_transport,8192,0.02,1000,4,rosenbrock,233,0.330258846282959,-50.815208435058594,0.46999844908714294,80,0.4967871308326721,0.3932468593120575,0.23833027482032776,0.18802401423454285
rosenbrock,1.9287498479639178e-22,2,cholesky,5,ode_transport,8192,0.02,1000,4,rosenbrock,234,0.32811808586120605,-50.83113098144531,0.5297024250030518,80,0.2533459961414337,0.1594788134098053,0.10756603628396988,0.16486431658267975
rosenbrock,1.9287498479639178e-22,2,cholesky,5,ode_transport,8192,0.02,1000,4,rosenbrock,235,0.24866771697998047,-50.82615661621094,0.5455171465873718,62,0.3183164894580841,0.2163442075252533,0.15846769511699677,0.17148925364017487
rosenbrock,1.9287498479639178e-22,2,cholesky,5,ode_transport,8192,0.02,1000,4,rosenbrock,236,0.3119850158691406,-50.832427978515625,0.5237222909927368,80,0.2124672532081604,0.11756101995706558,0.139667809009552,0.10869519412517548
rosenbrock,1.9287498479639178e-22,2,cholesky,5,ode_transport,8192,0.02,1000,4,rosenbrock,237,0.32065773010253906,-50.81935119628906,0.4752955734729767,80,0.5151912569999695,0.45272135734558105,0.21048133075237274,0.1271337866783142
rosenbrock,1.9287498479639178e-22,2,cholesky,5,ode_transport,8192,0.02,1000,4,rosenbrock,238,0.3357079029083252,-50.826236724853516,0.5621751546859741,80,0.31224706768989563,0.1793530136346817,0.17968186736106873,0.18178324401378632
rosenbrock,1.9287498479639178e-22,2,cholesky,5,ode_transport,8192,0.02,1000,4,rosenbrock,239,0.3350830078125,-50.82738494873047,0.5522027015686035,74,0.2551232874393463,0.13762745261192322,0.16520079970359802,0.13731449842453003
rosenbrock,1.9287498479639178e-22,2,cholesky,5,ode_transport,8192,0.02,1000,4,rosenbrock,240,0.3373990058898926,-50.82892608642578,0.5138981938362122,80,0.34650948643684387,0.1512010544538498,0.24271106719970703,0.1956997960805893
rosenbrock,1.9287498479639178e-22,2,cholesky,5,ode_transport,8192,0.02,1000,4,rosenbrock,241,0.3209559917449951,-50.826881408691406,0.5197463631629944,80,0.2078358381986618,0.10804612189531326,0.09810782968997955,0.1479751020669937
rosenbrock,1.9287498479639178e-22,2,cholesky,5,ode_transport,8192,0.02,1000,4,rosenbrock,242,0.29941511154174805,-50.835514068603516,0.532106876373291,74,0.17146076261997223,0.07965553551912308,0.09696812182664871,0.11683738231658936
rosenbrock,1.9287498479639178e-22,2,cholesky,5,ode_transport,8192,0.02,1000,4,rosenbrock,243,0.3176748752593994,-50.825531005859375,0.5125855803489685,80,0.48314201831817627,0.3699706792831421,0.20472243428230286,0.2337447702884674
rosenbrock,1.9287498479639178e-22,2,cholesky,5,ode_transport,8192,0.02,1000,4,rosenbrock,244,0.3203918933868408,-50.838279724121094,0.6366161108016968,80,1.093034267425537,0.9211847186088562,0.48396816849708557,0.334540456533432
rosenbrock,1.9287498479639178e-22,2,cholesky,5,ode_transport,8192,0.02,1000,4,rosenbrock,245,0.30623888969421387,-50.8244514465332,0.4893219769001007,74,0.15222026407718658,0.05683847516775131,0.10025133192539215,0.0994488075375557
rosenbrock,1.9287498479639178e-22,2,cholesky,5,ode_transport,8192,0.02,1000,4,rosenbrock,246,0.32293105125427246,-50.835304260253906,0.6051903963088989,74,0.15170840919017792,0.009483986534178257,0.12500816583633423,0.08543097972869873
rosenbrock,1.9287498479639178e-22,2,cholesky,5,ode_transport,8192,0.02,1000,4,rosenbrock,247,0.3279433250427246,-50.82862091064453,0.53446364402771,80,14.846831321716309,12.330524444580078,6.241926193237305,5.42447566986084
rosenbrock,1.9287498479639178e-22,2,cholesky,5,ode_transport,8192,0.02,1000,4,rosenbrock,248,0.3021681308746338,-50.83083724975586,0.558294951915741,74,0.4363728165626526,0.22954995930194855,0.3453407287597656,0.13589641451835632
rosenbrock,1.9287498479639178e-22,2,cholesky,5,ode_transport,8192,0.02,1000,4,rosenbrock,249,0.3125131130218506,-50.859798431396484,0.6713618636131287,74,1.053646445274353,0.10377554595470428,0.922554075717926,0.49829238653182983
rosenbrock,1.9287498479639178e-22,2,cholesky,5,ode_transport,8192,0.02,1000,4,rosenbrock,250,0.3498990535736084,-50.86098861694336,0.6250309944152832,86,1.4083850383758545,0.050836849957704544,1.2346240282058716,0.6757720112800598
rosenbrock,1.9287498479639178e-22,2,cholesky,5,ode_transport,8192,0.02,1000,4,rosenbrock,251,0.31432390213012695,-50.855743408203125,0.6700831055641174,80,1.373522162437439,0.3891350030899048,1.123199462890625,0.6881566643714905
rosenbrock,1.9287498479639178e-22,2,cholesky,5,ode_transport,8192,0.02,1000,4,rosenbrock,252,0.29369378089904785,-50.87061309814453,0.7296602725982666,74,1.3172527551651,0.13750334084033966,1.062088966369629,0.7669516205787659
rosenbrock,1.9287498479639178e-22,2,cholesky,5,ode_transport,8192,0.02,1000,4,rosenbrock,253,0.35014986991882324,-50.844722747802734,0.6099156737327576,80,0.8404181599617004,0.12544547021389008,0.6437341570854187,0.5255210995674133
rosenbrock,1.9287498479639178e-22,2,cholesky,5,ode_transport,8192,0.02,1000,4,rosenbrock,254,0.35518908500671387,-50.8426399230957,0.6319456100463867,86,0.6583590507507324,0.02096724323928356,0.3321753144264221,0.5680286884307861
rosenbrock,1.9287498479639178e-22,2,cholesky,5,ode_transport,8192,0.02,1000,4,rosenbrock,255,0.2987940311431885,-50.84196853637695,0.6943311095237732,74,0.4372200667858124,0.08145579695701599,0.16197340190410614,0.3978579640388489
rosenbrock,1.9287498479639178e-22,2,cholesky,5,ode_transport,8192,0.02,1000,4,rosenbrock,256,0.31913280487060547,-50.84535598754883,0.6781893372535706,80,2.9521822929382324,2.570195436477661,0.9097509384155273,1.1321791410446167
rosenbrock,1.9287498479639178e-22,2,cholesky,5,ode_transport,8192,0.02,1000,4,rosenbrock,257,0.29616308212280273,-50.84332275390625,0.8208543062210083,74,0.8110860586166382,0.49247467517852783,0.5900120139122009,0.2592584192752838
rosenbrock,1.9287498479639178e-22,2,cholesky,5,ode_transport,8192,0.02,1000,4,rosenbrock,258,0.32154130935668945,-50.85013961791992,0.6543399691581726,80,1.0919560194015503,0.0629386305809021,1.0533720254898071,0.28073880076408386
rosenbrock,1.9287498479639178e-22,2,cholesky,5,ode_transport,8192,0.02,1000,4,rosenbrock,259,0.41478586196899414,-50.8528938293457,0.7048606276512146,98,1.2684664726257324,0.641710638999939,1.0388840436935425,0.34341612458229065
rosenbrock,1.9287498479639178e-22,2,cholesky,5,ode_transport,8192,0.02,1000,4,rosenbrock,260,0.35982418060302734,-50.86074447631836,0.638015627861023,80,1.2503198385238647,0.06341305375099182,1.171553373336792,0.4321354329586029
rosenbrock,1.9287498479639178e-22,2,cholesky,5,ode_transport,8192,0.02,1000,4,rosenbrock,261,0.3183579444885254,-50.83100128173828,0.635928750038147,80,1.0951430797576904,0.2650376856327057,1.0054675340652466,0.3436986207962036
rosenbrock,1.9287498479639178e-22,2,cholesky,5,ode_transport,8192,0.02,1000,4,rosenbrock,262,0.31267404556274414,-50.831756591796875,0.6410428285598755,74,0.7247956991195679,0.2546224296092987,0.6022131443023682,0.31278669834136963
rosenbrock,1.9287498479639178e-22,2,cholesky,5,ode_transport,8192,0.02,1000,4,rosenbrock,263,0.3066120147705078,-50.828460693359375,0.5969024896621704,80,0.38153770565986633,0.02621462196111679,0.29891711473464966,0.23565304279327393
rosenbrock,1.9287498479639178e-22,2,cholesky,5,ode_transport,8192,0.02,1000,4,rosenbrock,264,0.30862903594970703,-50.836185455322266,0.5911175012588501,80,0.4060758948326111,0.09059421718120575,0.30124765634536743,0.2567881941795349
rosenbrock,1.9287498479639178e-22,2,cholesky,5,ode_transport,8192,0.02,1000,4,rosenbrock,265,0.3342447280883789,-50.828269958496094,0.5432971715927124,80,0.4949682950973511,0.03469492122530937,0.47899383306503296,0.11981155723333359
rosenbrock,1.9287498479639178e-22,2,cholesky,5,ode_transport,8192,0.02,1000,4,rosenbrock,266,0.30539894104003906,-50.83147048950195,0.5814909934997559,74,0.8998497128486633,0.26128989458084106,0.8379193544387817,0.1983637660741806
rosenbrock,1.9287498479639178e-22,2,cholesky,5,ode_transport,8192,0.02,1000,4,rosenbrock,267,0.3432629108428955,-50.81974792480469,0.4847804605960846,86,1.0958369970321655,0.45261257886886597,0.9439480900764465,0.32397937774658203
rosenbrock,1.9287498479639178e-22,2,cholesky,5,ode_transport,8192,0.02,1000,4,rosenbrock,268,0.27261805534362793,-50.82526397705078,0.6384097933769226,68,0.8440185189247131,0.01936698704957962,0.788044273853302,0.30162614583969116
rosenbrock,1.9287498479639178e-22,2,cholesky,5,ode_transport,8192,0.02,1000,4,rosenbrock,269,0.3006007671356201,-50.82350158691406,0.4765884578227997,74,1.1573140621185303,0.9969878196716309,0.5119081735610962,0.2886884808540344
rosenbrock,1.9287498479639178e-22,2,cholesky,5,ode_transport,8192,0.02,1000,4,rosenbrock,270,0.33539772033691406,-50.80463790893555,0.4726923704147339,86,0.590982973575592,0.22262604534626007,0.4884853661060333,0.24714472889900208
rosenbrock,1.9287498479639178e-22,2,cholesky,5,ode_transport,8192,0.02,1000,4,rosenbrock,271,0.3208889961242676,-50.812530517578125,0.5285573601722717,74,0.33009687066078186,0.06748951226472855,0.22786928713321686,0.22909538447856903
rosenbrock,1.9287498479639178e-22,2,cholesky,5,ode_transport,8192,0.02,1000,4,rosenbrock,272,0.420499324798584,-50.82746505737305,0.5152344703674316,74,0.3081877529621124,0.13414214551448822,0.19612906873226166,0.19626252353191376
rosenbrock,1.9287498479639178e-22,2,cholesky,5,ode_transport,8192,0.02,1000,4,rosenbrock,273,0.3383359909057617,-50.818641662597656,0.5089151859283447,74,0.336290568113327,0.016448209062218666,0.25297483801841736,0.2209627330303192
rosenbrock,1.9287498479639178e-22,2,cholesky,5,ode_transport,8192,0.02,1000,4,rosenbrock,274,0.316650390625,-50.81847381591797,0.49118489027023315,80,0.46243077516555786,0.1977585405111313,0.36524978280067444,0.20328891277313232
rosenbrock,1.9287498479639178e-22,2,cholesky,5,ode_transport,8192,0.02,1000,4,rosenbrock,275,0.300900936126709,-50.81279373168945,0.5643245577812195,68,0.4303951561450958,0.15728241205215454,0.3476628363132477,0.19907982647418976
rosenbrock,1.9287498479639178e-22,2,cholesky,5,ode_transport,8192,0.02,1000,4,rosenbrock,276,0.307758092880249,-50.812217712402344,0.5068967342376709,74,0.5613648295402527,0.03759390860795975,0.5242497324943542,0.19717879593372345
rosenbrock,1.9287498479639178e-22,2,cholesky,5,ode_transport,8192,0.02,1000,4,rosenbrock,277,0.33232998847961426,-50.817935943603516,0.5310435891151428,86,0.5644049048423767,0.1550234705209732,0.48371389508247375,0.2460518330335617
rosenbrock,1.9287498479639178e-22,2,cholesky,5,ode_transport,8192,0.02,1000,4,rosenbrock,278,0.28641223907470703,-50.815765380859375,0.587026059627533,74,0.28282901644706726,0.1284783035516739,0.20534996688365936,0.1460033804178238
rosenbrock,1.9287498479639178e-22,2,cholesky,5,ode_transport,8192,0.02,1000,4,rosenbrock,279,0.3162081241607666,-50.810184478759766,0.49601736664772034,74,0.5260710120201111,0.44915181398391724,0.2142873853445053,0.17057032883167267
rosenbrock,1.9287498479639178e-22,2,cholesky,5,ode_transport,8192,0.02,1000,4,rosenbrock,280,0.3023250102996826,-50.80840301513672,0.466160386800766,74,0.2682085931301117,0.09735141694545746,0.16994358599185944,0.1832423210144043
rosenbrock,1.9287498479639178e-22,2,cholesky,5,ode_transport,8192,0.02,1000,4,rosenbrock,281,0.3017618656158447,-50.82265853881836,0.5379156470298767,74,0.6785340309143066,0.5170423984527588,0.3021340072154999,0.3190465271472931
rosenbrock,1.9287498479639178e-22,2,cholesky,5,ode_transport,8192,0.02,1000,4,rosenbrock,282,0.3150672912597656,-50.814510345458984,0.4859235882759094,80,0.2187056690454483,0.08993099629878998,0.12607787549495697,0.15443110466003418
rosenbrock,1.9287498479639178e-22,2,cholesky,5,ode_transport,8192,0.02,1000,4,rosenbrock,283,0.34090709686279297,-50.80896759033203,0.5425023436546326,86,0.40121015906333923,0.13161668181419373,0.3191673159599304,0.2043987363576889
rosenbrock,1.9287498479639178e-22,2,cholesky,5,ode_transport,8192,0.02,1000,4,rosenbrock,284,0.31000208854675293,-50.80791091918945,0.5542382001876831,80,0.44653618335723877,0.1877179592847824,0.3536613881587982,0.1976870894432068
rosenbrock,1.9287498479639178e-22,2,cholesky,5,ode_transport,8192,0.02,1000,4,rosenbrock,285,0.30203914642333984,-50.80712127685547,0.5255823731422424,74,0.4947894215583801,0.1595064252614975,0.41918981075286865,0.20893579721450806
rosenbrock,1.9287498479639178e-22,2,cholesky,5,ode_transport,8192,0.02,1000,4,rosenbrock,286,0.3053629398345947,-50.81351852416992,0.5953653454780579,74,5.158042907714844,2.93121075630188,1.8491238355636597,3.8202290534973145
rosenbrock,1.9287498479639178e-22,2,cholesky,5,ode_transport,8192,0.02,1000,4,rosenbrock,287,0.3283567428588867,-50.80015182495117,0.4983263909816742,80,0.31629279255867004,0.11209123581647873,0.21245123445987701,0.20576968789100647
rosenbrock,1.9287498479639178e-22,2,cholesky,5,ode_transport,8192,0.02,1000,4,rosenbrock,288,0.3333761692047119,-50.806671142578125,0.5168997049331665,80,0.35786399245262146,0.2038390040397644,0.1937335878610611,0.22132240235805511
rosenbrock,1.9287498479639178e-22,2,cholesky,5,ode_transport,8192,0.02,1000,4,rosenbrock,289,0.3596160411834717,-50.80965805053711,0.5699099898338318,86,0.5999146103858948,0.08813392370939255,0.39734968543052673,0.44073033332824707
rosenbrock,1.9287498479639178e-22,2,cholesky,5,ode_transport,8192,0.02,1000,4,rosenbrock,290,0.32793426513671875,-50.81761932373047,0.5718996524810791,80,0.5724109411239624,0.04215933382511139,0.3760933578014374,0.42945393919944763
rosenbrock,1.9287498479639178e-22,2,cholesky,5,ode_transport,8192,0.02,1000,4,rosenbrock,291,0.32163405418395996,-50.815670013427734,0.5980643033981323,80,0.574995219707489,0.024673758074641228,0.3930375576019287,0.41896557807922363
rosenbrock,1.9287498479639178e-22,2,cholesky,5,ode_transport,8192,0.02,1000,4,rosenbrock,292,0.32531094551086426,-50.82692337036133,0.6288683414459229,74,0.5459589958190918,0.015219403430819511,0.3417995274066925,0.42545583844184875
rosenbrock,1.9287498479639178e-22,2,cholesky,5,ode_transport,8192,0.02,1000,4,rosenbrock,293,0.35591888427734375,-50.823883056640625,0.6164923310279846,80,0.5325784683227539,0.021239152178168297,0.334800124168396,0.4136394262313843
rosenbrock,1.9287498479639178e-22,2,cholesky,5,ode_transport,8192,0.02,1000,4,rosenbrock,294,0.35776710510253906,-50.81707763671875,0.57676762342453,86,0.45114848017692566,0.03266497328877449,0.19965651631355286,0.40324342250823975
rosenbrock,1.9287498479639178e-22,2,cholesky,5,ode_transport,8192,0.02,1000,4,rosenbrock,295,0.32844996452331543,-50.82335662841797,0.5804632902145386,80,0.49051013588905334,0.08644832670688629,0.2335248440504074,0.42260268330574036
rosenbrock,1.9287498479639178e-22,2,cholesky,5,ode_transport,8192,0.02,1000,4,rosenbrock,296,0.30179882049560547,-50.82464599609375,0.6860499978065491,74,0.572115957736969,0.11068171262741089,0.3827793300151825,0.410543829202652
rosenbrock,1.9287498479639178e-22,2,cholesky,5,ode_transport,8192,0.02,1000,4,rosenbrock,297,0.30800700187683105,-50.819664001464844,0.6333047747612,74,0.44037744402885437,0.2331535965204239,0.24632000923156738,0.2808881402015686
rosenbrock,1.9287498479639178e-22,2,cholesky,5,ode_transport,8192,0.02,1000,4,rosenbrock,298,0.31130480766296387,-50.81507873535156,0.6259528398513794,80,0.47517257928848267,0.03675439953804016,0.39479315280914307,0.2618710696697235
rosenbrock,1.9287498479639178e-22,2,cholesky,5,ode_transport,8192,0.02,1000,4,rosenbrock,299,0.3465561866760254,-50.81144332885742,0.6809976100921631,92,0.36313971877098083,0.0332147479057312,0.29677054286003113,0.20662647485733032
rosenbrock,1.9287498479639178e-22,2,cholesky,5,ode_transport,8192,0.02,1000,4,rosenbrock,300,0.24953103065490723,-50.8172721862793,0.5852978825569153,62,0.6073479056358337,0.308115154504776,0.4446406066417694,0.2761000692844391
rosenbrock,1.9287498479639178e-22,2,cholesky,5,ode_transport,8192,0.02,1000,4,rosenbrock,301,0.30629587173461914,-50.81607437133789,0.5706942677497864,74,0.3152776062488556,0.09214252233505249,0.22190549969673157,0.20412656664848328
rosenbrock,1.9287498479639178e-22,2,cholesky,5,ode_transport,8192,0.02,1000,4,rosenbrock,302,0.32659006118774414,-50.80654525756836,0.5576571226119995,80,0.5017747282981873,0.41029220819473267,0.1924382746219635,0.21541981399059296
rosenbrock,1.9287498479639178e-22,2,cholesky,5,ode_transport,8192,0.02,1000,4,rosenbrock,303,0.2991220951080322,-50.81686019897461,0.5723509192466736,74,1.261776089668274,1.0208684206008911,0.4660884737968445,0.5767738223075867
rosenbrock,1.9287498479639178e-22,2,cholesky,5,ode_transport,8192,0.02,1000,4,rosenbrock,304,0.2908649444580078,-50.81186294555664,0.5329717993736267,74,0.3809342384338379,0.09943739324808121,0.33507809042930603,0.15147872269153595
rosenbrock,1.9287498479639178e-22,2,cholesky,5,ode_transport,8192,0.02,1000,4,rosenbrock,305,0.3524501323699951,-50.81415557861328,0.5509316325187683,86,0.7006137371063232,0.2869371175765991,0.5765549540519714,0.2758825123310089
rosenbrock,1.9287498479639178e-22,2,cholesky,5,ode_transport,8192,0.02,1000,4,rosenbrock,306,0.2947502136230469,-50.80878448486328,0.5489118695259094,74,2.3838398456573486,1.880009412765503,1.0919419527053833,0.9777114391326904
rosenbrock,1.9287498479639178e-22,2,cholesky,5,ode_transport,8192,0.02,1000,4,rosenbrock,307,0.2955482006072998,-50.80891418457031,0.5313757658004761,74,0.2808927893638611,0.06473036855459213,0.20667290687561035,0.17887717485427856
rosenbrock,1.9287498479639178e-22,2,cholesky,5,ode_transport,8192,0.02,1000,4,rosenbrock,308,0.36243581771850586,-50.80132293701172,0.484613299369812,86,0.30036646127700806,0.21209734678268433,0.15914545953273773,0.14109385013580322
rosenbrock,1.9287498479639178e-22,2,cholesky,5,ode_transport,8192,0.02,1000,4,rosenbrock,309,0.30957603454589844,-50.8060302734375,0.5152508616447449,74,0.21760503947734833,0.022499598562717438,0.1479025036096573,0.15802080929279327
rosenbrock,1.9287498479639178e-22,2,cholesky,5,ode_transport,8192,0.02,1000,4,rosenbrock,310,0.31558990478515625,-50.798583984375,0.48922479152679443,80,0.21587981283664703,0.014436130411922932,0.16836728155612946,0.13434341549873352
rosenbrock,1.9287498479639178e-22,2,cholesky,5,ode_transport,8192,0.02,1000,4,rosenbrock,311,0.31357908248901367,-50.804786682128906,0.5500653982162476,74,0.8634087443351746,0.5716384053230286,0.42670729756355286,0.4864410161972046
rosenbrock,1.9287498479639178e-22,2,cholesky,5,ode_transport,8192,0.02,1000,4,rosenbrock,312,0.2986338138580322,-50.7981071472168,0.4698260724544525,74,0.2511262595653534,0.06590674072504044,0.12272489070892334,0.20894809067249298
rosenbrock,1.9287498479639178e-22,2,cholesky,5,ode_transport,8192,0.02,1000,4,rosenbrock,313,0.33865809440612793,-50.80375671386719,0.5272623896598816,92,0.2682350277900696,0.05336127430200577,0.22488747537136078,0.13611841201782227
rosenbrock,1.9287498479639178e-22,2,cholesky,5,ode_transport,8192,0.02,1000,4,rosenbrock,314,0.30713701248168945,-50.80270767211914,0.46210697293281555,80,0.2669324278831482,0.18451261520385742,0.13670477271080017,0.1360875517129898
rosenbrock,1.9287498479639178e-22,2,cholesky,5,ode_transport,8192,0.02,1000,4,rosenbrock,315,0.33113980293273926,-50.7964973449707,0.5601829886436462,80,0.48285436630249023,0.23707827925682068,0.276542067527771,0.3169648349285126
rosenbrock,1.9287498479639178e-22,2,cholesky,5,ode_transport,8192,0.02,1000,4,rosenbrock,316,0.31980204582214355,-50.81868362426758,0.6349127292633057,80,0.20671787858009338,0.0768679603934288,0.1310623288154602,0.14016512036323547
rosenbrock,1.9287498479639178e-22,2,cholesky,5,ode_transport,8192,0.02,1000,4,rosenbrock,317,0.33890390396118164,-50.79627227783203,0.5226389765739441,86,0.273041695356369,0.07586302608251572,0.11561638861894608,0.23543451726436615
rosenbrock,1.9287498479639178e-22,2,cholesky,5,ode_transport,8192,0.02,1000,4,rosenbrock,318,0.3337390422821045,-50.7977294921875,0.5422743558883667,80,0.7187644839286804,0.5076967477798462,0.37531402707099915,0.3435196280479431
rosenbrock,1.9287498479639178e-22,2,cholesky,5,ode_transport,8192,0.02,1000,4,rosenbrock,319,0.31775522232055664,-50.804237365722656,0.512421190738678,80,0.22118963301181793,0.06989410519599915,0.12712277472019196,0.16697144508361816
rosenbrock,1.9287498479639178e-22,2,cholesky,5,ode_transport,8192,0.02,1000,4,rosenbrock,320,0.24872112274169922,-50.802955627441406,0.5686140060424805,62,0.22558404505252838,0.04409295693039894,0.11868231743574142,0.18670426309108734
rosenbrock,1.9287498479639178e-22,2,cholesky,5,ode_transport,8192,0.02,1000,4,rosenbrock,321,0.31972193717956543,-50.79058837890625,0.49032512307167053,80,0.44016093015670776,0.31788116693496704,0.2217002660036087,0.20866765081882477
rosenbrock,1.9287498479639178e-22,2,cholesky,5,ode_transport,8192,0.02,1000,4,rosenbrock,322,0.37585902214050293,-50.79702377319336,0.4988130033016205,86,0.6774898171424866,0.5744410157203674,0.2771638035774231,0.2284517139196396
rosenbrock,1.9287498479639178e-22,2,cholesky,5,ode_transport,8192,0.02,1000,4,rosenbrock,323,0.31829309463500977,-50.80860900878906,0.5951443314552307,74,0.23745650053024292,0.021728936582803726,0.09352774173021317,0.2171773612499237
rosenbrock,1.9287498479639178e-22,2,cholesky,5,ode_transport,8192,0.02,1000,4,rosenbrock,324,0.35425305366516113,-50.804542541503906,0.6777190566062927,86,0.35981735587120056,0.19738970696926117,0.19894301891326904,0.22567124664783478
rosenbrock,1.9287498479639178e-22,2,cholesky,5,ode_transport,8192,0.02,1000,4,rosenbrock,325,0.31519007682800293,-50.80558395385742,0.561519205570221,74,0.22315658628940582,0.13712888956069946,0.1675664335489273,0.054000187665224075
rosenbrock,1.9287498479639178e-22,2,cholesky,5,ode_transport,8192,0.02,1000,4,rosenbrock,326,0.29743003845214844,-50.7947998046875,0.5775257349014282,74,0.3252304196357727,0.20091256499290466,0.2019193172454834,0.15696358680725098
rosenbrock,1.9287498479639178e-22,2,cholesky,5,ode_transport,8192,0.02,1000,4,rosenbrock,327,0.2961111068725586,-50.79609298706055,0.5300197005271912,74,0.20366686582565308,0.07964226603507996,0.13979938626289368,0.12487368285655975
rosenbrock,1.9287498479639178e-22,2,cholesky,5,ode_transport,8192,0.02,1000,4,rosenbrock,328,0.2934088706970215,-50.80219268798828,0.5206642746925354,74,0.1290895938873291,0.06563586741685867,0.08166611194610596,0.07541023194789886
rosenbrock,1.9287498479639178e-22,2,cholesky,5,ode_transport,8192,0.02,1000,4,rosenbrock,329,0.2913169860839844,-50.787803649902344,0.5033835768699646,74,0.8912725448608398,0.7656212449073792,0.3742337226867676,0.2610366642475128
rosenbrock,1.9287498479639178e-22,2,cholesky,5,ode_transport,8192,0.02,1000,4,rosenbrock,330,0.30878305435180664,-50.79764938354492,0.553974449634552,80,0.4548197388648987,0.03492285683751106,0.21853701770305634,0.3973449468612671
rosenbrock,1.9287498479639178e-22,2,cholesky,5,ode_transport,8192,0.02,1000,4,rosenbrock,331,0.3308877944946289,-50.79954528808594,0.47516149282455444,74,0.2651856541633606,0.19020384550094604,0.14871010184288025,0.10968693345785141
rosenbrock,1.9287498479639178e-22,2,cholesky,5,ode_transport,8192,0.02,1000,4,rosenbrock,332,0.36115002632141113,-50.799156188964844,0.5947158336639404,74,0.5352663993835449,0.45533403754234314,0.21775837242603302,0.17821985483169556
rosenbrock,1.9287498479639178e-22,2,cholesky,5,ode_transport,8192,0.02,1000,4,rosenbrock,333,0.37764906883239746,-50.790321350097656,0.5311042070388794,86,7.542267799377441,6.622196197509766,2.797271490097046,2.2820138931274414
rosenbrock,1.9287498479639178e-22,2,cholesky,5,ode_transport,8192,0.02,1000,4,rosenbrock,334,0.2951200008392334,-50.7935905456543,0.47354695200920105,74,0.5752541422843933,0.3454307019710541,0.4015315771102905,0.2244267612695694
rosenbrock,1.9287498479639178e-22,2,cholesky,5,ode_transport,8192,0.02,1000,4,rosenbrock,335,0.31981897354125977,-50.79169464111328,0.5681445002555847,80,0.4440751075744629,0.1008072942495346,0.414812833070755,0.12235567718744278
rosenbrock,1.9287498479639178e-22,2,cholesky,5,ode_transport,8192,0.02,1000,4,rosenbrock,336,0.31968092918395996,-50.8013916015625,0.5831305384635925,80,2.5650386810302734,2.0134358406066895,1.4189889430999756,0.7155207991600037
rosenbrock,1.9287498479639178e-22,2,cholesky,5,ode_transport,8192,0.02,1000,4,rosenbrock,337,0.3113830089569092,-50.804847717285156,0.5742332935333252,74,0.5295358896255493,0.019521798938512802,0.5051451325416565,0.1576562225818634
rosenbrock,1.9287498479639178e-22,2,cholesky,5,ode_transport,8192,0.02,1000,4,rosenbrock,338,0.3162198066711426,-50.79780578613281,0.5360899567604065,80,0.3754165470600128,0.09103859961032867,0.3184754550457001,0.17670013010501862
rosenbrock,1.9287498479639178e-22,2,cholesky,5,ode_transport,8192,0.02,1000,4,rosenbrock,339,0.29907894134521484,-50.79418182373047,0.5950388312339783,74,0.17611730098724365,0.011947917751967907,0.1342954784631729,0.11331052333116531
rosenbrock,1.9287498479639178e-22,2,cholesky,5,ode_transport,8192,0.02,1000,4,rosenbrock,340,0.3298492431640625,-50.796878814697266,0.6824142932891846,86,0.3203842341899872,0.04342411085963249,0.18922898173332214,0.2548584043979645
rosenbrock,1.9287498479639178e-22,2,cholesky,5,ode_transport,8192,0.02,1000,4,rosenbrock,341,0.29445981979370117,-50.79862976074219,0.5213752388954163,74,0.2895624041557312,0.01865498162806034,0.24624203145503998,0.15120595693588257
rosenbrock,1.9287498479639178e-22,2,cholesky,5,ode_transport,8192,0.02,1000,4,rosenbrock,342,0.32537293434143066,-50.79444885253906,0.5657352209091187,80,0.4154238998889923,0.12692277133464813,0.2579396069049835,0.29989132285118103
rosenbrock,1.9287498479639178e-22,2,cholesky,5,ode_transport,8192,0.02,1000,4,rosenbrock,343,0.3347282409667969,-50.79318618774414,0.5264197587966919,80,0.4523676037788391,0.10604269057512283,0.3853696882724762,0.21185268461704254
rosenbrock,1.9287498479639178e-22,2,cholesky,5,ode_transport,8192,0.02,1000,4,rosenbrock,344,0.37545299530029297,-50.79348373413086,0.4766620397567749,86,0.5811617374420166,0.3369515836238861,0.3365207314491272,0.3331161141395569
rosenbrock,1.9287498479639178e-22,2,cholesky,5,ode_transport,8192,0.02,1000,4,rosenbrock,345,0.3276197910308838,-50.79389953613281,0.512914776802063,74,0.31884682178497314,0.04700266197323799,0.28685352206230164,0.13103090226650238
rosenbrock,1.9287498479639178e-22,2,cholesky,5,ode_transport,8192,0.02,1000,4,rosenbrock,346,0.313335657119751,-50.799232482910156,0.4933541417121887,80,0.3039342164993286,0.09115669131278992,0.27917957305908203,0.07826385647058487
rosenbrock,1.9287498479639178e-22,2,cholesky,5,ode_transport,8192,0.02,1000,4,rosenbrock,347,0.35917210578918457,-50.79745101928711,0.5284532904624939,92,0.6665715575218201,0.5964316129684448,0.2233777642250061,0.19669613242149353
rosenbrock,1.9287498479639178e-22,2,cholesky,5,ode_transport,8192,0.02,1000,4,rosenbrock,348,0.3303239345550537,-50.78923797607422,0.503068745136261,86,0.2520810663700104,0.07542361319065094,0.18522801995277405,0.1534494012594223
rosenbrock,1.9287498479639178e-22,2,cholesky,5,ode_transport,8192,0.02,1000,4,rosenbrock,349,0.3054349422454834,-50.780879974365234,0.5420600175857544,74,0.5183690786361694,0.330145925283432,0.2571878135204315,0.3058832287788391
rosenbrock,1.9287498479639178e-22,2,cholesky,5,ode_transport,8192,0.02,1000,4,rosenbrock,350,0.3104081153869629,-50.801292419433594,0.6217197179794312,74,0.7095563411712646,0.608825147151947,0.2670322358608246,0.2479836642742157
rosenbrock,1.9287498479639178e-22,2,cholesky,5,ode_transport,8192,0.02,1000,4,rosenbrock,351,0.35088324546813965,-50.78486251831055,0.49666497111320496,86,0.3892618417739868,0.27255719900131226,0.21094082295894623,0.18094560503959656
rosenbrock,1.9287498479639178e-22,2,cholesky,5,ode_transport,8192,0.02,1000,4,rosenbrock,352,0.3754158020019531,-50.777923583984375,0.5052265524864197,92,0.3183313012123108,0.17395654320716858,0.21364058554172516,0.1594729870557785
rosenbrock,1.9287498479639178e-22,2,cholesky,5,ode_transport,8192,0.02,1000,4,rosenbrock,353,0.3831300735473633,-50.77915573120117,0.5046500563621521,80,0.23878063261508942,0.04720199853181839,0.18499714136123657,0.1434023231267929
rosenbrock,1.9287498479639178e-22,2,cholesky,5,ode_transport,8192,0.02,1000,4,rosenbrock,354,0.34310197830200195,-50.776123046875,0.5289751291275024,86,3.3513660430908203,2.7372543811798096,1.2713325023651123,1.4569854736328125
rosenbrock,1.9287498479639178e-22,2,cholesky,5,ode_transport,8192,0.02,1000,4,rosenbrock,355,0.3145620822906494,-50.792118072509766,0.5761142373085022,80,0.3914816379547119,0.2408575713634491,0.22224336862564087,0.2141341120004654
rosenbrock,1.9287498479639178e-22,2,cholesky,5,ode_transport,8192,0.02,1000,4,rosenbrock,356,0.35492706298828125,-50.78944396972656,0.5346714854240417,92,0.5025733709335327,0.3823832869529724,0.30430689454078674,0.1173044890165329
rosenbrock,1.9287498479639178e-22,2,cholesky,5,ode_transport,8192,0.02,1000,4,rosenbrock,357,0.32385802268981934,-50.789031982421875,0.5111321806907654,80,0.3549273610115051,0.1497078239917755,0.1920139491558075,0.2582472264766693
rosenbrock,1.9287498479639178e-22,2,cholesky,5,ode_transport,8192,0.02,1000,4,rosenbrock,358,0.3149678707122803,-50.78889465332031,0.5403692126274109,80,1.189797282218933,1.0355926752090454,0.36769604682922363,0.4560319185256958
rosenbrock,1.9287498479639178e-22,2,cholesky,5,ode_transport,8192,0.02,1000,4,rosenbrock,359,0.31456923484802246,-50.78525924682617,0.5171877145767212,80,0.3345371186733246,0.045192137360572815,0.3228118419647217,0.07526800781488419
rosenbrock,1.9287498479639178e-22,2,cholesky,5,ode_transport,8192,0.02,1000,4,rosenbrock,360,0.33017897605895996,-50.79769515991211,0.6516384482383728,80,0.5839472413063049,0.17056141793727875,0.48454248905181885,0.2777080833911896
rosenbrock,1.9287498479639178e-22,2,cholesky,5,ode_transport,8192,0.02,1000,4,rosenbrock,361,0.3154890537261963,-50.79195785522461,0.5151856541633606,74,0.6638229489326477,0.030597224831581116,0.5703765749931335,0.3382236659526825
rosenbrock,1.9287498479639178e-22,2,cholesky,5,ode_transport,8192,0.02,1000,4,rosenbrock,362,0.3235330581665039,-50.78752899169922,0.5586546063423157,80,0.3342021703720093,0.23654496669769287,0.21784895658493042,0.09099119156599045
rosenbrock,1.9287498479639178e-22,2,cholesky,5,ode_transport,8192,0.02,1000,4,rosenbrock,363,0.33066511154174805,-50.78416061401367,0.5926404595375061,80,0.6761661171913147,0.4739314615726471,0.4034562110900879,0.2642209231853485
rosenbrock,1.9287498479639178e-22,2,cholesky,5,ode_transport,8192,0.02,1000,4,rosenbrock,364,0.32858800888061523,-50.78935241699219,0.5888178944587708,74,0.2842187285423279,0.10445630550384521,0.2486090362071991,0.08979260176420212
rosenbrock,1.9287498479639178e-22,2,cholesky,5,ode_transport,8192,0.02,1000,4,rosenbrock,365,0.35875988006591797,-50.79170227050781,0.507236659526825,86,0.31940221786499023,0.19149433076381683,0.19379077851772308,0.16671182215213776
rosenbrock,1.9287498479639178e-22,2,cholesky,5,ode_transport,8192,0.02,1000,4,rosenbrock,366,0.31082797050476074,-50.776634216308594,0.5065215229988098,80,0.23429058492183685,0.08801165968179703,0.17375291883945465,0.13021498918533325
rosenbrock,1.9287498479639178e-22,2,cholesky,5,ode_transport,8192,0.02,1000,4,rosenbrock,367,0.3032341003417969,-50.78892517089844,0.5492527484893799,74,0.3853762447834015,0.03606777265667915,0.3050242066383362,0.23275350034236908
rosenbrock,1.9287498479639178e-22,2,cholesky,5,ode_transport,8192,0.02,1000,4,rosenbrock,368,0.30681276321411133,-50.78627014160156,0.5589800477027893,74,0.3732677102088928,0.015856044366955757,0.3546612560749054,0.11529412120580673
rosenbrock,1.9287498479639178e-22,2,cholesky,5,ode_transport,8192,0.02,1000,4,rosenbrock,369,0.31158900260925293,-50.78599166870117,0.5239100456237793,80,0.3862038552761078,0.06694772094488144,0.36038389801979065,0.12163424491882324
rosenbrock,1.9287498479639178e-22,2,cholesky,5,ode_transport,8192,0.02,1000,4,rosenbrock,370,0.32829713821411133,-50.788028717041016,0.5415315628051758,80,0.2511950135231018,0.06813404709100723,0.11832015961408615,0.2108483463525772
rosenbrock,1.9287498479639178e-22,2,cholesky,5,ode_transport,8192,0.02,1000,4,rosenbrock,371,0.3175349235534668,-50.785255432128906,0.5162829160690308,86,0.2508738338947296,0.055199313908815384,0.20636282861232758,0.13154885172843933
rosenbrock,1.9287498479639178e-22,2,cholesky,5,ode_transport,8192,0.02,1000,4,rosenbrock,372,0.30457210540771484,-50.79542922973633,0.5398674607276917,80,0.2110094428062439,0.01628784090280533,0.19118903577327728,0.08778635412454605
rosenbrock,1.9287498479639178e-22,2,cholesky,5,ode_transport,8192,0.02,1000,4,rosenbrock,373,0.33306026458740234,-50.79041290283203,0.5323123931884766,80,0.3025226891040802,0.03280622512102127,0.23985125124454498,0.18142519891262054
rosenbrock,1.9287498479639178e-22,2,cholesky,5,ode_transport,8192,0.02,1000,4,rosenbrock,374,0.3073737621307373,-50.786006927490234,0.6237815618515015,74,0.1816723346710205,0.10057902336120605,0.08325459808111191,0.12632247805595398
rosenbrock,1.9287498479639178e-22,2,cholesky,5,ode_transport,8192,0.02,1000,4,rosenbrock,375,0.3198211193084717,-50.79062271118164,0.5269945859909058,80,0.3938653767108917,0.2821289896965027,0.1995159536600113,0.18901468813419342
rosenbrock,1.9287498479639178e-22,2,cholesky,5,ode_transport,8192,0.02,1000,4,rosenbrock,376,0.33414387702941895,-50.778594970703125,0.5003100037574768,86,0.7264077067375183,0.44116145372390747,0.4032725393772125,0.412814736366272
rosenbrock,1.9287498479639178e-22,2,cholesky,5,ode_transport,8192,0.02,1000,4,rosenbrock,377,0.2908909320831299,-50.78398132324219,0.47888532280921936,74,0.1876264363527298,0.07620905339717865,0.14121034741401672,0.09723938256502151
rosenbrock,1.9287498479639178e-22,2,cholesky,5,ode_transport,8192,0.02,1000,4,rosenbrock,378,0.30524301528930664,-50.79059982299805,0.5611072778701782,80,0.5766602158546448,0.43616706132888794,0.2502632141113281,0.28224751353263855
rosenbrock,1.9287498479639178e-22,2,cholesky,5,ode_transport,8192,0.02,1000,4,rosenbrock,379,0.336043119430542,-50.781089782714844,0.5537503361701965,80,0.24673493206501007,0.1402781754732132,0.1495722532272339,0.137216255068779
rosenbrock,1.9287498479639178e-22,2,cholesky,5,ode_transport,8192,0.02,1000,4,rosenbrock,380,0.3336520195007324,-50.782325744628906,0.5301017761230469,74,0.23683525621891022,0.1479378193616867,0.1284092217683792,0.13310301303863525
rosenbrock,1.9287498479639178e-22,2,cholesky,5,ode_transport,8192,0.02,1000,4,rosenbrock,381,0.4206521511077881,-50.79115676879883,0.5600568056106567,74,0.41730502247810364,0.31434640288352966,0.14813104271888733,0.23105624318122864
rosenbrock,1.9287498479639178e-22,2,cholesky,5,ode_transport,8192,0.02,1000,4,rosenbrock,382,0.37364983558654785,-50.77617263793945,0.46918779611587524,74,0.22031132876873016,0.028106069192290306,0.17790894210338593,0.12686818838119507
rosenbrock,1.9287498479639178e-22,2,cholesky,5,ode_transport,8192,0.02,1000,4,rosenbrock,383,0.36321115493774414,-50.77613067626953,0.5343623757362366,74,0.24909839034080505,0.1867804378271103,0.09870605915784836,0.1319855898618698
rosenbrock,1.9287498479639178e-22,2,cholesky,5,ode_transport,8192,0.02,1000,4,rosenbrock,384,0.3535122871398926,-50.78203201293945,0.573049008846283,74,0.2339930236339569,0.12709614634513855,0.17750298976898193,0.08421403914690018
rosenbrock,1.9287498479639178e-22,2,cholesky,5,ode_transport,8192,0.02,1000,4,rosenbrock,385,0.3643031120300293,-50.78292465209961,0.5050885677337646,74,0.912680447101593,0.7444638609886169,0.415846586227417,0.3253164291381836
rosenbrock,1.9287498479639178e-22,2,cholesky,5,ode_transport,8192,0.02,1000,4,rosenbrock,386,0.4379751682281494,-50.778236389160156,0.5292651057243347,98,2.650087833404541,2.351050615310669,0.9227383136749268,0.8025463223457336
rosenbrock,1.9287498479639178e-22,2,cholesky,5,ode_transport,8192,0.02,1000,4,rosenbrock,387,0.40030407905578613,-50.782806396484375,0.49788063764572144,74,0.19407649338245392,0.037571508437395096,0.1167348101735115,0.15042290091514587
rosenbrock,1.9287498479639178e-22,2,cholesky,5,ode_transport,8192,0.02,1000,4,rosenbrock,388,0.38631200790405273,-50.779483795166016,0.5336405038833618,74,0.28285840153694153,0.17210736870765686,0.18416880071163177,0.12833461165428162
rosenbrock,1.9287498479639178e-22,2,cholesky,5,ode_transport,8192,0.02,1000,4,rosenbrock,389,0.3520519733428955,-50.78108596801758,0.6159659028053284,74,0.49355199933052063,0.32972487807273865,0.23968172073364258,0.27825844287872314
rosenbrock,1.9287498479639178e-22,2,cholesky,5,ode_transport,8192,0.02,1000,4,rosenbrock,390,0.3808870315551758,-50.78011703491211,0.5681127309799194,80,0.34596601128578186,0.24213789403438568,0.1751219928264618,0.17433874309062958
rosenbrock,1.9287498479639178e-22,2,cholesky,5,ode_transport,8192,0.02,1000,4,rosenbrock,391,0.35248899459838867,-50.7861328125,0.541755735874176,74,0.3643683195114136,0.2708686292171478,0.20502398908138275,0.13175593316555023
rosenbrock,1.9287498479639178e-22,2,cholesky,5,ode_transport,8192,0.02,1000,4,rosenbrock,392,0.35288310050964355,-50.7790412902832,0.5138077735900879,80,0.4379176199436188,0.0552547387778759,0.3416267931461334,0.2683466076850891
rosenbrock,1.9287498479639178e-22,2,cholesky,5,ode_transport,8192,0.02,1000,4,rosenbrock,393,0.3818840980529785,-50.7741813659668,0.5004943013191223,80,0.378752738237381,0.2741973102092743,0.17425262928009033,0.19469328224658966
rosenbrock,1.9287498479639178e-22,2,cholesky,5,ode_transport,8192,0.02,1000,4,rosenbrock,394,0.3472776412963867,-50.78620910644531,0.5043113231658936,74,3.3330178260803223,2.7587554454803467,1.1706973314285278,1.4586787223815918
rosenbrock,1.9287498479639178e-22,2,cholesky,5,ode_transport,8192,0.02,1000,4,rosenbrock,395,0.3766610622406006,-50.781986236572266,0.491069495677948,86,0.18335527181625366,0.04462103173136711,0.09087498486042023,0.1528720259666443
rosenbrock,1.9287498479639178e-22,2,cholesky,5,ode_transport,8192,0.02,1000,4,rosenbrock,396,0.3585929870605469,-50.77558898925781,0.5165268182754517,80,0.31079819798469543,0.10130655765533447,0.16599805653095245,0.24243997037410736
rosenbrock,1.9287498479639178e-22,2,cholesky,5,ode_transport,8192,0.02,1000,4,rosenbrock,397,0.41223978996276855,-50.777130126953125,0.555377721786499,80,0.501162588596344,0.3876986503601074,0.21962860226631165,0.22938384115695953
rosenbrock,1.9287498479639178e-22,2,cholesky,5,ode_transport,8192,0.02,1000,4,rosenbrock,398,0.3882908821105957,-50.77566909790039,0.5192263126373291,86,0.2331048995256424,0.1688787192106247,0.09015417844057083,0.13300414383411407
rosenbrock,1.9287498479639178e-22,2,cholesky,5,ode_transport,8192,0.02,1000,4,rosenbrock,399,0.37830090522766113,-50.77570724487305,0.517771303653717,86,0.5707564353942871,0.4387451708316803,0.3041709065437317,0.20185543596744537
rosenbrock,1.9287498479639178e-22,2,cholesky,5,ode_transport,8192,0.02,1000,4,rosenbrock,400,0.32344698905944824,-50.775726318359375,0.5233208537101746,80,0.37653011083602905,0.25405895709991455,0.26396021246910095,0.0869135931134224
rosenbrock,1.9287498479639178e-22,2,cholesky,5,ode_transport,8192,0.02,1000,4,rosenbrock,401,0.3235890865325928,-50.78681182861328,0.568701446056366,80,0.9515467882156372,0.8808473348617554,0.29538366198539734,0.20566391944885254
rosenbrock,1.9287498479639178e-22,2,cholesky,5,ode_transport,8192,0.02,1000,4,rosenbrock,402,0.32137179374694824,-50.76980209350586,0.47938913106918335,80,0.44860532879829407,0.2629353106021881,0.25984987616539,0.2541452944278717
rosenbrock,1.9287498479639178e-22,2,cholesky,5,ode_transport,8192,0.02,1000,4,rosenbrock,403,0.36391592025756836,-50.79285430908203,0.5994402766227722,80,1.5753568410873413,1.3201559782028198,0.7097916603088379,0.4849048852920532
rosenbrock,1.9287498479639178e-22,2,cholesky,5,ode_transport,8192,0.02,1000,4,rosenbrock,404,0.3689610958099365,-50.78880310058594,0.531867265701294,80,0.5968545079231262,0.5172030925750732,0.21429003775119781,0.20692040026187897
rosenbrock,1.9287498479639178e-22,2,cholesky,5,ode_transport,8192,0.02,1000,4,rosenbrock,405,0.3230738639831543,-50.78227233886719,0.598842978477478,74,0.30231741070747375,0.024222057312726974,0.1436106413602829,0.26492470502853394
rosenbrock,1.9287498479639178e-22,2,cholesky,5,ode_transport,8192,0.02,1000,4,rosenbrock,406,0.3607521057128906,-50.780426025390625,0.6171438097953796,86,0.372213214635849,0.11753473430871964,0.16319337487220764,0.3132030665874481
rosenbrock,1.9287498479639178e-22,2,cholesky,5,ode_transport,8192,0.02,1000,4,rosenbrock,407,0.3833646774291992,-50.77227020263672,0.4853699505329132,86,0.27450305223464966,0.052671805024147034,0.12371127307415009,0.23931804299354553
rosenbrock,1.9287498479639178e-22,2,cholesky,5,ode_transport,8192,0.02,1000,4,rosenbrock,408,0.3189840316772461,-50.77418518066406,0.5580023527145386,74,0.3778287470340729,0.27187979221343994,0.1407887190580368,0.2213921993970871
rosenbrock,1.9287498479639178e-22,2,cholesky,5,ode_transport,8192,0.02,1000,4,rosenbrock,409,0.38065409660339355,-50.80354309082031,0.7716497182846069,80,0.466779887676239,0.2718488276004791,0.33968502283096313,0.169102743268013
rosenbrock,1.9287498479639178e-22,2,cholesky,5,ode_transport,8192,0.02,1000,4,rosenbrock,410,0.34230589866638184,-50.782997131347656,0.5472477078437805,80,0.33964860439300537,0.13771580159664154,0.12991376221179962,0.28198930621147156
rosenbrock,1.9287498479639178e-22,2,cholesky,5,ode_transport,8192,0.02,1000,4,rosenbrock,411,0.3690779209136963,-50.77261734008789,0.4966776967048645,92,0.5257786512374878,0.41881871223449707,0.2810509502887726,0.1484736055135727
rosenbrock,1.9287498479639178e-22,2,cholesky,5,ode_transport,8192,0.02,1000,4,rosenbrock,412,0.3247859477996826,-50.77545166015625,0.530816912651062,68,0.7673395276069641,0.6478396058082581,0.30633336305618286,0.27436065673828125
rosenbrock,1.9287498479639178e-22,2,cholesky,5,ode_transport,8192,0.02,1000,4,rosenbrock,413,0.3256411552429199,-50.78323745727539,0.5206378698348999,74,0.1576898694038391,0.03552112728357315,0.08814315497875214,0.12583769857883453
rosenbrock,1.9287498479639178e-22,2,cholesky,5,ode_transport,8192,0.02,1000,4,rosenbrock,414,0.36057186126708984,-50.780677795410156,0.5056828856468201,86,0.2848241329193115,0.08044695854187012,0.22465522587299347,0.15550917387008667
rosenbrock,1.9287498479639178e-22,2,cholesky,5,ode_transport,8192,0.02,1000,4,rosenbrock,415,0.37749505043029785,-50.77494812011719,0.5093081593513489,74,1.34184730052948,1.1126728057861328,0.541091799736023,0.5193580985069275
rosenbrock,1.9287498479639178e-22,2,cholesky,5,ode_transport,8192,0.02,1000,4,rosenbrock,416,0.37784504890441895,-50.78128433227539,0.5062167048454285,80,0.2808854877948761,0.09092871844768524,0.14625075459480286,0.2218993902206421
rosenbrock,1.9287498479639178e-22,2,cholesky,5,ode_transport,8192,0.02,1000,4,rosenbrock,417,0.3115088939666748,-50.78102111816406,0.5810412764549255,74,0.3195732533931732,0.06817036122083664,0.2050824761390686,0.2354167401790619
rosenbrock,1.9287498479639178e-22,2,cholesky,5,ode_transport,8192,0.02,1000,4,rosenbrock,418,0.33290696144104004,-50.774906158447266,0.5435757040977478,86,0.44276732206344604,0.35895460844039917,0.19251205027103424,0.17359037697315216
rosenbrock,1.9287498479639178e-22,2,cholesky,5,ode_transport,8192,0.02,1000,4,rosenbrock,419,0.36757612228393555,-50.79341125488281,0.5871338844299316,80,0.20267324149608612,0.04407823458313942,0.12876415252685547,0.15017768740653992
rosenbrock,1.9287498479639178e-22,2,cholesky,5,ode_transport,8192,0.02,1000,4,rosenbrock,420,0.3568301200866699,-50.77519607543945,0.49757590889930725,74,0.21267469227313995,0.0884004607796669,0.17425741255283356,0.08396569639444351
rosenbrock,1.9287498479639178e-22,2,cholesky,5,ode_transport,8192,0.02,1000,4,rosenbrock,421,0.36415982246398926,-50.77603530883789,0.5208670496940613,86,0.2265697568655014,0.11472786217927933,0.12468958646059036,0.15041233599185944
rosenbrock,1.9287498479639178e-22,2,cholesky,5,ode_transport,8192,0.02,1000,4,rosenbrock,422,0.3733828067779541,-50.78136444091797,0.4971865117549896,80,0.27436038851737976,0.20402154326438904,0.17257273197174072,0.06218897923827171
rosenbrock,1.9287498479639178e-22,2,cholesky,5,ode_transport,8192,0.02,1000,4,rosenbrock,423,0.3409159183502197,-50.78063201904297,0.5382851958274841,74,0.2814283072948456,0.15200884640216827,0.17116090655326843,0.16370448470115662
rosenbrock,1.9287498479639178e-22,2,cholesky,5,ode_transport,8192,0.02,1000,4,rosenbrock,424,0.3822619915008545,-50.77629852294922,0.49221399426460266,86,0.22659079730510712,0.027172712609171867,0.1832464635372162,0.13048280775547028
rosenbrock,1.9287498479639178e-22,2,cholesky,5,ode_transport,8192,0.02,1000,4,rosenbrock,425,0.3354780673980713,-50.77284240722656,0.49706220626831055,74,0.2093406766653061,0.07112989574670792,0.08844845741987228,0.17590034008026123
rosenbrock,1.9287498479639178e-22,2,cholesky,5,ode_transport,8192,0.02,1000,4,rosenbrock,426,0.30948805809020996,-50.76651382446289,0.48562711477279663,74,0.19230341911315918,0.05447404831647873,0.06689462065696716,0.17186708748340607
rosenbrock,1.9287498479639178e-22,2,cholesky,5,ode_transport,8192,0.02,1000,4,rosenbrock,427,0.3777468204498291,-50.780399322509766,0.6049224734306335,86,0.30305397510528564,0.17010372877120972,0.16001009941101074,0.19314037263393402
rosenbrock,1.9287498479639178e-22,2,cholesky,5,ode_transport,8192,0.02,1000,4,rosenbrock,428,0.4254438877105713,-50.77287673950195,0.49939486384391785,80,0.18650232255458832,0.07490400969982147,0.11975351721048355,0.12178507447242737
rosenbrock,1.9287498479639178e-22,2,cholesky,5,ode_transport,8192,0.02,1000,4,rosenbrock,429,0.5467689037322998,-50.77752685546875,0.48829472064971924,74,0.3740994334220886,0.1904975175857544,0.28318727016448975,0.1531863808631897
rosenbrock,1.9287498479639178e-22,2,cholesky,5,ode_transport,8192,0.02,1000,4,rosenbrock,430,0.34256815910339355,-50.78199005126953,0.561813473701477,74,3.396366834640503,2.8332858085632324,1.1576687097549438,1.4722782373428345
rosenbrock,1.9287498479639178e-22,2,cholesky,5,ode_transport,8192,0.02,1000,4,rosenbrock,431,0.32440686225891113,-50.78303527832031,0.6476802825927734,74,0.3257788419723511,0.1935804784297943,0.23517440259456635,0.11554845422506332
rosenbrock,1.9287498479639178e-22,2,cholesky,5,ode_transport,8192,0.02,1000,4,rosenbrock,432,0.34064221382141113,-50.7708625793457,0.5544525384902954,74,0.25203028321266174,0.03283941373229027,0.1717238426208496,0.18152619898319244
rosenbrock,1.9287498479639178e-22,2,cholesky,5,ode_transport,8192,0.02,1000,4,rosenbrock,433,0.4101841449737549,-50.781253814697266,0.5590288639068604,80,0.28135502338409424,0.1938488930463791,0.17093650996685028,0.11119332164525986
rosenbrock,1.9287498479639178e-22,2,cholesky,5,ode_transport,8192,0.02,1000,4,rosenbrock,434,0.40731287002563477,-50.77798080444336,0.5501620769500732,74,0.26838457584381104,0.11029016971588135,0.2090645283460617,0.12711568176746368
rosenbrock,1.9287498479639178e-22,2,cholesky,5,ode_transport,8192,0.02,1000,4,rosenbrock,435,0.41510510444641113,-50.78439712524414,0.5913009643554688,74,0.5505033135414124,0.1150159165263176,0.512511134147644,0.1647956222295761
rosenbrock,1.9287498479639178e-22,2,cholesky,5,ode_transport,8192,0.02,1000,4,rosenbrock,436,0.3524129390716553,-50.7762451171875,0.537922739982605,80,0.6128198504447937,0.3370928466320038,0.378414124250412,0.3445567190647125
rosenbrock,1.9287498479639178e-22,2,cholesky,5,ode_transport,8192,0.02,1000,4,rosenbrock,437,0.35331296920776367,-50.773441314697266,0.5624959468841553,86,0.2771449089050293,0.010924453847110271,0.24827465415000916,0.1226770356297493
rosenbrock,1.9287498479639178e-22,2,cholesky,5,ode_transport,8192,0.02,1000,4,rosenbrock,438,0.34899282455444336,-50.77632141113281,0.5005813241004944,80,0.24414558708667755,0.07307568192481995,0.11473105847835541,0.20274071395397186
rosenbrock,1.9287498479639178e-22,2,cholesky,5,ode_transport,8192,0.02,1000,4,rosenbrock,439,0.36349010467529297,-50.77305221557617,0.552463173866272,86,0.2020103931427002,0.03869215399026871,0.1511327624320984,0.12833550572395325
rosenbrock,1.9287498479639178e-22,2,cholesky,5,ode_transport,8192,0.02,1000,4,rosenbrock,440,0.3253061771392822,-50.7780876159668,0.6036654710769653,74,0.1800304800271988,0.057502906769514084,0.14122770726680756,0.09570328891277313
rosenbrock,1.9287498479639178e-22,2,cholesky,5,ode_transport,8192,0.02,1000,4,rosenbrock,441,0.3210868835449219,-50.77489471435547,0.5274162292480469,74,0.1907476782798767,0.0526164285838604,0.15252484381198883,0.10174659639596939
rosenbrock,1.9287498479639178e-22,2,cholesky,5,ode_transport,8192,0.02,1000,4,rosenbrock,442,0.343214750289917,-50.770233154296875,0.4744304120540619,80,0.27343979477882385,0.06003256514668465,0.23710398375988007,0.12225840985774994
rosenbrock,1.9287498479639178e-22,2,cholesky,5,ode_transport,8192,0.02,1000,4,rosenbrock,443,0.31915903091430664,-50.77178192138672,0.5670037865638733,74,0.29609251022338867,0.0933104082942009,0.16990669071674347,0.22382058203220367
rosenbrock,1.9287498479639178e-22,2,cholesky,5,ode_transport,8192,0.02,1000,4,rosenbrock,444,0.3808717727661133,-50.76804733276367,0.5238168835639954,92,0.29268667101860046,0.06524699926376343,0.24889281392097473,0.13950152695178986
rosenbrock,1.9287498479639178e-22,2,cholesky,5,ode_transport,8192,0.02,1000,4,rosenbrock,445,0.3146650791168213,-50.77655792236328,0.6743857860565186,74,0.18206173181533813,0.02238170988857746,0.13645751774311066,0.11842668056488037
rosenbrock,1.9287498479639178e-22,2,cholesky,5,ode_transport,8192,0.02,1000,4,rosenbrock,446,0.39494800567626953,-50.781768798828125,0.7015148997306824,92,0.4485922157764435,0.3344312310218811,0.24181123077869415,0.17583529651165009
rosenbrock,1.9287498479639178e-22,2,cholesky,5,ode_transport,8192,0.02,1000,4,rosenbrock,447,0.3121957778930664,-50.768402099609375,0.6175602078437805,68,0.5801278948783875,0.3132590353488922,0.2915962338447571,0.3916488289833069
rosenbrock,1.9287498479639178e-22,2,cholesky,5,ode_transport,8192,0.02,1000,4,rosenbrock,448,0.3403651714324951,-50.77972412109375,0.6660427451133728,74,0.2378160059452057,0.11824607849121094,0.15325555205345154,0.13815589249134064
rosenbrock,1.9287498479639178e-22,2,cholesky,5,ode_transport,8192,0.02,1000,4,rosenbrock,449,0.3436877727508545,-50.76984405517578,0.5952627062797546,74,0.3362812101840973,0.2249317169189453,0.15309570729732513,0.19761694967746735
rosenbrock,1.9287498479639178e-22,2,cholesky,5,ode_transport,8192,0.02,1000,4,rosenbrock,450,0.45615506172180176,-50.769351959228516,0.5490670204162598,86,1.065200686454773,0.9280822277069092,0.39376500248908997,0.34389713406562805
rosenbrock,1.9287498479639178e-22,2,cholesky,5,ode_transport,8192,0.02,1000,4,rosenbrock,451,0.3833432197570801,-50.78593063354492,0.6468669176101685,74,1.567689299583435,1.3716837167739868,0.5124879479408264,0.5599013566970825
rosenbrock,1.9287498479639178e-22,2,cholesky,5,ode_transport,8192,0.02,1000,4,rosenbrock,452,0.34584808349609375,-50.76239776611328,0.5129573941230774,80,4.808992385864258,3.7684614658355713,1.7534676790237427,2.418771743774414
rosenbrock,1.9287498479639178e-22,2,cholesky,5,ode_transport,8192,0.02,1000,4,rosenbrock,453,0.3426649570465088,-50.77285385131836,0.5198919773101807,80,0.6927380561828613,0.5662572383880615,0.25911763310432434,0.30347466468811035
rosenbrock,1.9287498479639178e-22,2,cholesky,5,ode_transport,8192,0.02,1000,4,rosenbrock,454,0.45296502113342285,-50.774620056152344,0.5463035702705383,74,0.4311852753162384,0.07780637592077255,0.3624185621738434,0.2202717661857605
rosenbrock,1.9287498479639178e-22,2,cholesky,5,ode_transport,8192,0.02,1000,4,rosenbrock,455,0.34751009941101074,-50.77848434448242,0.5923707485198975,74,0.7041811347007751,0.16701778769493103,0.5766837000846863,0.36798375844955444
rosenbrock,1.9287498479639178e-22,2,cholesky,5,ode_transport,8192,0.02,1000,4,rosenbrock,456,0.3277320861816406,-50.783851623535156,0.5624858736991882,74,0.6841267347335815,0.053485505282878876,0.6212491393089294,0.2814571261405945
rosenbrock,1.9287498479639178e-22,2,cholesky,5,ode_transport,8192,0.02,1000,4,rosenbrock,457,0.3506288528442383,-50.78093719482422,0.5544254183769226,74,0.5801085829734802,0.15669642388820648,0.48804017901420593,0.27164122462272644
rosenbrock,1.9287498479639178e-22,2,cholesky,5,ode_transport,8192,0.02,1000,4,rosenbrock,458,0.38988614082336426,-50.778831481933594,0.6384418606758118,80,0.4745083749294281,0.19879059493541718,0.29490140080451965,0.31412363052368164
rosenbrock,1.9287498479639178e-22,2,cholesky,5,ode_transport,8192,0.02,1000,4,rosenbrock,459,0.3483867645263672,-50.778900146484375,0.5391875505447388,74,0.3389871120452881,0.27812284231185913,0.12930721044540405,0.14435921609401703
rosenbrock,1.9287498479639178e-22,2,cholesky,5,ode_transport,8192,0.02,1000,4,rosenbrock,460,0.3885948657989502,-50.771209716796875,0.49350306391716003,80,0.29601362347602844,0.04046592488884926,0.2461545616388321,0.15935654938220978
rosenbrock,1.9287498479639178e-22,2,cholesky,5,ode_transport,8192,0.02,1000,4,rosenbrock,461,0.49884700775146484,-50.76651382446289,0.5551462173461914,80,0.47571274638175964,0.39083871245384216,0.1659979671239853,0.2144584208726883
rosenbrock,1.9287498479639178e-22,2,cholesky,5,ode_transport,8192,0.02,1000,4,rosenbrock,462,0.4342021942138672,-50.77005386352539,0.5186713933944702,74,0.4808257222175598,0.22079627215862274,0.38609302043914795,0.18268708884716034
rosenbrock,1.9287498479639178e-22,2,cholesky,5,ode_transport,8192,0.02,1000,4,rosenbrock,463,0.35531067848205566,-50.775177001953125,0.5435087084770203,74,0.42202967405319214,0.23458483815193176,0.31655973196029663,0.151224747300148
rosenbrock,1.9287498479639178e-22,2,cholesky,5,ode_transport,8192,0.02,1000,4,rosenbrock,464,0.4028170108795166,-50.7679557800293,0.5285170674324036,86,0.3244214355945587,0.0416673943400383,0.2748691141605377,0.1672126203775406
rosenbrock,1.9287498479639178e-22,2,cholesky,5,ode_transport,8192,0.02,1000,4,rosenbrock,465,0.378756046295166,-50.77388381958008,0.5832644701004028,80,0.3348837196826935,0.0619099885225296,0.29745790362358093,0.1408299058675766
rosenbrock,1.9287498479639178e-22,2,cholesky,5,ode_transport,8192,0.02,1000,4,rosenbrock,466,0.3612790107727051,-50.77589797973633,0.5279706716537476,80,0.3434274196624756,0.2256941944360733,0.18658211827278137,0.17942024767398834
rosenbrock,1.9287498479639178e-22,2,cholesky,5,ode_transport,8192,0.02,1000,4,rosenbrock,467,0.3448178768157959,-50.77452087402344,0.658999502658844,80,0.31982362270355225,0.07068347930908203,0.23244979977607727,0.2079857885837555
rosenbrock,1.9287498479639178e-22,2,cholesky,5,ode_transport,8192,0.02,1000,4,rosenbrock,468,0.34465694427490234,-50.77839279174805,0.5776928663253784,74,0.25169602036476135,0.07737772911787033,0.22105161845684052,0.09219411760568619
rosenbrock,1.9287498479639178e-22,2,cholesky,5,ode_transport,8192,0.02,1000,4,rosenbrock,469,0.3470609188079834,-50.768699645996094,0.5087781548500061,74,0.3276106119155884,0.2463994324207306,0.1980666071176529,0.08593989163637161
rosenbrock,1.9287498479639178e-22,2,cholesky,5,ode_transport,8192,0.02,1000,4,rosenbrock,470,0.3152151107788086,-50.77405548095703,0.5681958198547363,74,0.24676761031150818,0.12433823198080063,0.18109402060508728,0.11242426186800003
rosenbrock,1.9287498479639178e-22,2,cholesky,5,ode_transport,8192,0.02,1000,4,rosenbrock,471,0.3480401039123535,-50.7728385925293,0.6044864654541016,74,0.34992778301239014,0.18695469200611115,0.2555322051048279,0.14899905025959015
rosenbrock,1.9287498479639178e-22,2,cholesky,5,ode_transport,8192,0.02,1000,4,rosenbrock,472,0.34372830390930176,-50.77592468261719,0.5886694192886353,74,0.4838690459728241,0.269245982170105,0.3536842465400696,0.1911630928516388
rosenbrock,1.9287498479639178e-22,2,cholesky,5,ode_transport,8192,0.02,1000,4,rosenbrock,473,0.35529088973999023,-50.76994705200195,0.5244411826133728,80,0.20571035146713257,0.0360824279487133,0.18395037949085236,0.08471756428480148
rosenbrock,1.9287498479639178e-22,2,cholesky,5,ode_transport,8192,0.02,1000,4,rosenbrock,474,0.3786351680755615,-50.77822494506836,0.5369806885719299,86,0.23713667690753937,0.10441196709871292,0.17418420314788818,0.12244102358818054
rosenbrock,1.9287498479639178e-22,2,cholesky,5,ode_transport,8192,0.02,1000,4,rosenbrock,475,0.4615769386291504,-50.76939392089844,0.5303542017936707,104,0.25819131731987,0.0726986825466156,0.21351101994514465,0.12566104531288147
rosenbrock,1.9287498479639178e-22,2,cholesky,5,ode_transport,8192,0.02,1000,4,rosenbrock,476,0.38823699951171875,-50.776859283447266,0.5711370706558228,86,0.4466087520122528,0.34859952330589294,0.2405720204114914,0.1416434645652771
rosenbrock,1.9287498479639178e-22,2,cholesky,5,ode_transport,8192,0.02,1000,4,rosenbrock,477,0.3639059066772461,-50.769832611083984,0.5360934138298035,80,0.1939193159341812,0.10012684762477875,0.11717728525400162,0.11768092215061188
rosenbrock,1.9287498479639178e-22,2,cholesky,5,ode_transport,8192,0.02,1000,4,rosenbrock,478,0.32735490798950195,-50.76710510253906,0.5377549529075623,80,0.9465695023536682,0.7302122712135315,0.440332293510437,0.41096389293670654
rosenbrock,1.9287498479639178e-22,2,cholesky,5,ode_transport,8192,0.02,1000,4,rosenbrock,479,0.35238194465637207,-50.7742919921875,0.5321857929229736,86,1.755696415901184,1.2392326593399048,0.6891087293624878,1.0353269577026367
rosenbrock,1.9287498479639178e-22,2,cholesky,5,ode_transport,8192,0.02,1000,4,rosenbrock,480,0.3632218837738037,-50.78797149658203,0.6042465567588806,86,0.18829132616519928,0.1146070584654808,0.1112755611538887,0.09968248009681702
rosenbrock,1.9287498479639178e-22,2,cholesky,5,ode_transport,8192,0.02,1000,4,rosenbrock,481,0.37178611755371094,-50.76585388183594,0.6243096590042114,80,0.17665702104568481,0.06455336511135101,0.1493460237979889,0.0688210129737854
rosenbrock,1.9287498479639178e-22,2,cholesky,5,ode_transport,8192,0.02,1000,4,rosenbrock,482,0.362163782119751,-50.76211929321289,0.48485931754112244,80,0.13648435473442078,0.020966529846191406,0.09660045057535172,0.09411023557186127
rosenbrock,1.9287498479639178e-22,2,cholesky,5,ode_transport,8192,0.02,1000,4,rosenbrock,483,0.33962321281433105,-50.7712287902832,0.5391601324081421,74,0.1682160198688507,0.05535450950264931,0.08331698924303055,0.13524343073368073
rosenbrock,1.9287498479639178e-22,2,cholesky,5,ode_transport,8192,0.02,1000,4,rosenbrock,484,0.3304481506347656,-50.76466751098633,0.5252082347869873,74,0.2444157898426056,0.052022434771060944,0.1523113250732422,0.18394020199775696
rosenbrock,1.9287498479639178e-22,2,cholesky,5,ode_transport,8192,0.02,1000,4,rosenbrock,485,0.3989708423614502,-50.768890380859375,0.542900025844574,98,0.407460480928421,0.2821356952190399,0.1706831008195877,0.23935486376285553
rosenbrock,1.9287498479639178e-22,2,cholesky,5,ode_transport,8192,0.02,1000,4,rosenbrock,486,0.3535492420196533,-50.768333435058594,0.620543897151947,80,0.2810088098049164,0.15334604680538177,0.2046571522951126,0.11647482216358185
rosenbrock,1.9287498479639178e-22,2,cholesky,5,ode_transport,8192,0.02,1000,4,rosenbrock,487,0.32466912269592285,-50.758541107177734,0.5570898652076721,74,1.6885089874267578,1.4551448822021484,0.6921443939208984,0.5045316815376282
rosenbrock,1.9287498479639178e-22,2,cholesky,5,ode_transport,8192,0.02,1000,4,rosenbrock,488,0.41286396980285645,-50.76902770996094,0.5590421557426453,98,1.0722205638885498,0.9032153487205505,0.4785328209400177,0.3238292932510376
rosenbrock,1.9287498479639178e-22,2,cholesky,5,ode_transport,8192,0.02,1000,4,rosenbrock,489,0.3656282424926758,-50.76926040649414,0.5326688289642334,86,0.19850866496562958,0.051810942590236664,0.1663455367088318,0.09513399749994278
rosenbrock,1.9287498479639178e-22,2,cholesky,5,ode_transport,8192,0.02,1000,4,rosenbrock,490,0.33349108695983887,-50.77655029296875,0.6457004547119141,74,0.9329470992088318,0.738407552242279,0.3649060130119324,0.4381645917892456
rosenbrock,1.9287498479639178e-22,2,cholesky,5,ode_transport,8192,0.02,1000,4,rosenbrock,491,0.3650221824645996,-50.77842712402344,0.6034340262413025,86,0.34514546394348145,0.13485096395015717,0.272452712059021,0.16343234479427338
rosenbrock,1.9287498479639178e-22,2,cholesky,5,ode_transport,8192,0.02,1000,4,rosenbrock,492,0.34384918212890625,-50.78464126586914,0.5969407558441162,74,0.6202216148376465,0.1656201183795929,0.5047684907913208,0.3200838565826416
rosenbrock,1.9287498479639178e-22,2,cholesky,5,ode_transport,8192,0.02,1000,4,rosenbrock,493,0.3370852470397949,-50.76176452636719,0.5873486399650574,74,0.43698176741600037,0.2844837009906769,0.30956724286079407,0.11912272125482559
rosenbrock,1.9287498479639178e-22,2,cholesky,5,ode_transport,8192,0.02,1000,4,rosenbrock,494,0.35443997383117676,-50.774391174316406,0.5481207966804504,80,0.35878241062164307,0.1745334267616272,0.21547257900238037,0.22767184674739838
rosenbrock,1.9287498479639178e-22,2,cholesky,5,ode_transport,8192,0.02,1000,4,rosenbrock,495,0.3455018997192383,-50.7611198425293,0.5084750056266785,74,0.3583288788795471,0.11271605640649796,0.2811216711997986,0.19148190319538116
rosenbrock,1.9287498479639178e-22,2,cholesky,5,ode_transport,8192,0.02,1000,4,rosenbrock,496,0.37293100357055664,-50.77484893798828,0.6482699513435364,80,0.23835711181163788,0.10947901755571365,0.1324697583913803,0.16516725718975067
rosenbrock,1.9287498479639178e-22,2,cholesky,5,ode_transport,8192,0.02,1000,4,rosenbrock,497,0.3709268569946289,-50.76471710205078,0.5963513255119324,80,0.28326037526130676,0.016877446323633194,0.22663459181785583,0.16908085346221924
rosenbrock,1.9287498479639178e-22,2,cholesky,5,ode_transport,8192,0.02,1000,4,rosenbrock,498,0.3230578899383545,-50.77833938598633,0.7740883231163025,80,0.37079018354415894,0.08618064969778061,0.19590486586093903,0.30278629064559937
rosenbrock,1.9287498479639178e-22,2,cholesky,5,ode_transport,8192,0.02,1000,4,rosenbrock,499,0.30614280700683594,-50.76862335205078,0.5400802493095398,74,0.339851975440979,0.037832893431186676,0.17692677676677704,0.2876890003681183
rosenbrock,1.9287498479639178e-22,2,cholesky,5,ode_transport,8192,0.02,1000,4,rosenbrock,500,0.34219789505004883,-50.76716613769531,0.5082806348800659,86,0.3716346025466919,0.15937811136245728,0.29510319232940674,0.16007812321186066
rosenbrock,1.9287498479639178e-22,2,cholesky,5,ode_transport,8192,0.02,1000,4,rosenbrock,501,0.30938005447387695,-50.769325256347656,0.5105000138282776,74,4.359884262084961,3.7245779037475586,1.385809302330017,1.7932227849960327
rosenbrock,1.9287498479639178e-22,2,cholesky,5,ode_transport,8192,0.02,1000,4,rosenbrock,502,0.2909228801727295,-50.7655029296875,0.5535445213317871,62,0.35957685112953186,0.023557420819997787,0.35075193643569946,0.0755886659026146
rosenbrock,1.9287498479639178e-22,2,cholesky,5,ode_transport,8192,0.02,1000,4,rosenbrock,503,0.3480498790740967,-50.771995544433594,0.5890458226203918,80,0.27059435844421387,0.023786963894963264,0.25492560863494873,0.08756955713033676
rosenbrock,1.9287498479639178e-22,2,cholesky,5,ode_transport,8192,0.02,1000,4,rosenbrock,504,0.32723188400268555,-50.77504348754883,0.5446837544441223,74,47.966880798339844,42.047386169433594,16.932790756225586,15.688220024108887
rosenbrock,1.9287498479639178e-22,2,cholesky,5,ode_transport,8192,0.02,1000,4,rosenbrock,505,0.359954833984375,-50.77667236328125,0.5560234189033508,80,0.7790002226829529,0.05385341867804527,0.7085221409797668,0.3192766010761261
rosenbrock,1.9287498479639178e-22,2,cholesky,5,ode_transport,8192,0.02,1000,4,rosenbrock,506,0.3509981632232666,-50.79954147338867,0.6569912433624268,74,3.064070224761963,1.9498395919799805,2.0343196392059326,1.2034095525741577
rosenbrock,1.9287498479639178e-22,2,cholesky,5,ode_transport,8192,0.02,1000,4,rosenbrock,507,0.40110206604003906,-50.83066940307617,0.7430549263954163,86,1.9109715223312378,0.20551367104053497,1.8450928926467896,0.4529990255832672
rosenbrock,1.9287498479639178e-22,2,cholesky,5,ode_transport,8192,0.02,1000,4,rosenbrock,508,0.3651280403137207,-50.859527587890625,0.7672173976898193,74,2.198092460632324,0.6889880895614624,2.0237832069396973,0.5110836625099182
rosenbrock,1.9287498479639178e-22,2,cholesky,5,ode_transport,8192,0.02,1000,4,rosenbrock,509,0.3528721332550049,-50.87419128417969,0.8474352359771729,74,6.299098968505859,4.2115912437438965,3.7602219581604004,2.7931830883026123
rosenbrock,1.9287498479639178e-22,2,cholesky,5,ode_transport,8192,0.02,1000,4,rosenbrock,510,0.3828160762786865,-50.85598373413086,0.807579517364502,86,2.1539316177368164,0.06754834204912186,2.0861802101135254,0.5317053198814392
rosenbrock,1.9287498479639178e-22,2,cholesky,5,ode_transport,8192,0.02,1000,4,rosenbrock,511,0.3855266571044922,-50.85030746459961,0.7492306232452393,86,1.9060981273651123,0.11569742858409882,1.8191462755203247,0.5572530031204224
rosenbrock,1.9287498479639178e-22,2,cholesky,5,ode_transport,8192,0.02,1000,4,rosenbrock,512,0.32552313804626465,-50.84121322631836,0.8072678446769714,74,1.4163689613342285,0.24100886285305023,1.3278508186340332,0.4299166202545166
rosenbrock,1.9287498479639178e-22,2,cholesky,5,ode_transport,8192,0.02,1000,4,rosenbrock,513,0.3261280059814453,-50.831626892089844,0.7161968350410461,80,1.1332257986068726,0.20110900700092316,0.9227784872055054,0.6262874007225037
rosenbrock,1.9287498479639178e-22,2,cholesky,5,ode_transport,8192,0.02,1000,4,rosenbrock,514,0.3188471794128418,-50.807979583740234,0.6701326370239258,74,0.6641326546669006,0.11537613719701767,0.2858327627182007,0.5882687568664551
rosenbrock,1.9287498479639178e-22,2,cholesky,5,ode_transport,8192,0.02,1000,4,rosenbrock,515,0.3377859592437744,-50.820735931396484,0.7397611737251282,80,0.6570106148719788,0.03564155846834183,0.22384896874427795,0.6166719794273376
rosenbrock,1.9287498479639178e-22,2,cholesky,5,ode_transport,8192,0.02,1000,4,rosenbrock,516,0.3442251682281494,-50.84818649291992,0.9923585653305054,80,0.9444897174835205,0.19020241498947144,0.4640524685382843,0.8003369569778442
rosenbrock,1.9287498479639178e-22,2,cholesky,5,ode_transport,8192,0.02,1000,4,rosenbrock,517,0.33685731887817383,-50.844383239746094,0.9213902950286865,74,1.1424446105957031,0.22343675792217255,0.8720242977142334,0.7034410834312439
rosenbrock,1.9287498479639178e-22,2,cholesky,5,ode_transport,8192,0.02,1000,4,rosenbrock,518,0.34898877143859863,-50.8333625793457,0.8438256978988647,74,1.109839677810669,0.04381021857261658,0.9052082300186157,0.6406425833702087
rosenbrock,1.9287498479639178e-22,2,cholesky,5,ode_transport,8192,0.02,1000,4,rosenbrock,519,0.3617899417877197,-50.854740142822266,0.8061088919639587,80,8.865010261535645,7.2070631980896,3.4179112911224365,3.8684029579162598
rosenbrock,1.9287498479639178e-22,2,cholesky,5,ode_transport,8192,0.02,1000,4,rosenbrock,520,0.4223299026489258,-50.830482482910156,0.7584137320518494,98,1.2312883138656616,0.24956905841827393,0.9164837002754211,0.7834818959236145
rosenbrock,1.9287498479639178e-22,2,cholesky,5,ode_transport,8192,0.02,1000,4,rosenbrock,521,0.3405461311340332,-50.82731628417969,0.7181141972541809,74,0.9447776079177856,0.07464193552732468,0.7606561779975891,0.5553697347640991
rosenbrock,1.9287498479639178e-22,2,cholesky,5,ode_transport,8192,0.02,1000,4,rosenbrock,522,0.3386681079864502,-50.84300994873047,0.8785046339035034,74,0.83228600025177,0.45954546332359314,0.5213696360588074,0.4579210579395294
rosenbrock,1.9287498479639178e-22,2,cholesky,5,ode_transport,8192,0.02,1000,4,rosenbrock,523,0.4049830436706543,-50.84083557128906,0.7284137010574341,92,0.8159690499305725,0.2898831367492676,0.5474030375480652,0.5311526656150818
rosenbrock,1.9287498479639178e-22,2,cholesky,5,ode_transport,8192,0.02,1000,4,rosenbrock,524,0.39903783798217773,-50.835914611816406,0.7953423261642456,92,0.5667869448661804,0.058583442121744156,0.1979379951953888,0.5278597474098206
rosenbrock,1.9287498479639178e-22,2,cholesky,5,ode_transport,8192,0.02,1000,4,rosenbrock,525,0.34619808197021484,-50.84786605834961,1.1991304159164429,74,0.6081178784370422,0.04403743892908096,0.31931450963020325,0.5156610012054443
rosenbrock,1.9287498479639178e-22,2,cholesky,5,ode_transport,8192,0.02,1000,4,rosenbrock,526,0.34825682640075684,-50.833580017089844,0.8680886626243591,74,1.5522491931915283,0.5865864753723145,0.38895946741104126,1.3835115432739258
rosenbrock,1.9287498479639178e-22,2,cholesky,5,ode_transport,8192,0.02,1000,4,rosenbrock,527,0.42066407203674316,-50.826698303222656,0.7628163695335388,98,0.7498354911804199,0.03015706315636635,0.6421420574188232,0.38600173592567444
rosenbrock,1.9287498479639178e-22,2,cholesky,5,ode_transport,8192,0.02,1000,4,rosenbrock,528,0.353320837020874,-50.830467224121094,0.8810688257217407,74,0.7236079573631287,0.049819450825452805,0.6042759418487549,0.3949393630027771
rosenbrock,1.9287498479639178e-22,2,cholesky,5,ode_transport,8192,0.02,1000,4,rosenbrock,529,0.32329607009887695,-50.838443756103516,0.7835512161254883,74,0.7408502697944641,0.12553852796554565,0.6374496221542358,0.35602980852127075
rosenbrock,1.9287498479639178e-22,2,cholesky,5,ode_transport,8192,0.02,1000,4,rosenbrock,530,0.331326961517334,-50.83287048339844,0.8005000352859497,74,0.9242838025093079,0.1924446076154709,0.8143033385276794,0.3926520347595215
rosenbrock,1.9287498479639178e-22,2,cholesky,5,ode_transport,8192,0.02,1000,4,rosenbrock,531,0.343303918838501,-50.838134765625,0.8408306241035461,74,0.7898516058921814,0.38490960001945496,0.5541873574256897,0.41059303283691406
rosenbrock,1.9287498479639178e-22,2,cholesky,5,ode_transport,8192,0.02,1000,4,rosenbrock,532,0.3598151206970215,-50.82838439941406,0.7369377017021179,80,0.7979055643081665,0.030389996245503426,0.6241280436515808,0.49617940187454224
rosenbrock,1.9287498479639178e-22,2,cholesky,5,ode_transport,8192,0.02,1000,4,rosenbrock,533,0.40273499488830566,-50.828102111816406,0.8159715533256531,92,0.8215661644935608,0.6783477067947388,0.3297175168991089,0.3257324695587158
rosenbrock,1.9287498479639178e-22,2,cholesky,5,ode_transport,8192,0.02,1000,4,rosenbrock,534,0.3884899616241455,-50.83035659790039,0.8459915518760681,86,0.49711835384368896,0.12943395972251892,0.30321329832077026,0.3720687925815582
rosenbrock,1.9287498479639178e-22,2,cholesky,5,ode_transport,8192,0.02,1000,4,rosenbrock,535,0.34407496452331543,-50.83248519897461,0.7273565530776978,74,0.49512988328933716,0.21367596089839935,0.2607327401638031,0.36264944076538086
rosenbrock,1.9287498479639178e-22,2,cholesky,5,ode_transport,8192,0.02,1000,4,rosenbrock,536,0.3515307903289795,-50.817325592041016,0.7320855855941772,80,0.46110469102859497,0.12272131443023682,0.2507109045982361,0.36701643466949463
rosenbrock,1.9287498479639178e-22,2,cholesky,5,ode_transport,8192,0.02,1000,4,rosenbrock,537,0.36157703399658203,-50.813209533691406,0.5968169569969177,74,1.0849254131317139,0.8501450419425964,0.6046133637428284,0.29792508482933044
rosenbrock,1.9287498479639178e-22,2,cholesky,5,ode_transport,8192,0.02,1000,4,rosenbrock,538,0.3710479736328125,-50.81743621826172,0.6796221137046814,86,0.5260708332061768,0.04395909607410431,0.4115590751171112,0.3247110843658447
rosenbrock,1.9287498479639178e-22,2,cholesky,5,ode_transport,8192,0.02,1000,4,rosenbrock,539,0.3556361198425293,-50.81439971923828,0.698777973651886,74,0.6419029235839844,0.1549331247806549,0.5957674980163574,0.18192346394062042
rosenbrock,1.9287498479639178e-22,2,cholesky,5,ode_transport,8192,0.02,1000,4,rosenbrock,540,0.37557506561279297,-50.821495056152344,0.7462762594223022,80,0.4161842167377472,0.07266189903020859,0.29530471563339233,0.2841208875179291
rosenbrock,1.9287498479639178e-22,2,cholesky,5,ode_transport,8192,0.02,1000,4,rosenbrock,541,0.39616990089416504,-50.814205169677734,0.6562108397483826,86,0.46607911586761475,0.0626944825053215,0.37654513120651245,0.2674190104007721
rosenbrock,1.9287498479639178e-22,2,cholesky,5,ode_transport,8192,0.02,1000,4,rosenbrock,542,0.34772610664367676,-50.804378509521484,0.6668727993965149,74,0.502044677734375,0.14054667949676514,0.43996280431747437,0.1967947781085968
rosenbrock,1.9287498479639178e-22,2,cholesky,5,ode_transport,8192,0.02,1000,4,rosenbrock,543,0.3587930202484131,-50.81716537475586,0.6520837545394897,80,0.37080320715904236,0.0714157223701477,0.2558591067790985,0.25871020555496216
rosenbrock,1.9287498479639178e-22,2,cholesky,5,ode_transport,8192,0.02,1000,4,rosenbrock,544,0.34458184242248535,-50.8060302734375,0.6006298661231995,80,0.39663779735565186,0.1231800988316536,0.25816741585731506,0.274768590927124
rosenbrock,1.9287498479639178e-22,2,cholesky,5,ode_transport,8192,0.02,1000,4,rosenbrock,545,0.3555572032928467,-50.80025100708008,0.5734599232673645,80,0.9848657846450806,0.8331092596054077,0.4267452657222748,0.306232213973999
rosenbrock,1.9287498479639178e-22,2,cholesky,5,ode_transport,8192,0.02,1000,4,rosenbrock,546,0.38474202156066895,-50.81462478637695,0.62233966588974,92,0.5375739932060242,0.4484068751335144,0.19455204904079437,0.22375556826591492
rosenbrock,1.9287498479639178e-22,2,cholesky,5,ode_transport,8192,0.02,1000,4,rosenbrock,547,0.32918310165405273,-50.825103759765625,0.8081844449043274,80,0.3047805428504944,0.04652166739106178,0.12044783681631088,0.27607831358909607
rosenbrock,1.9287498479639178e-22,2,cholesky,5,ode_transport,8192,0.02,1000,4,rosenbrock,548,0.405181884765625,-50.813114166259766,0.6399819850921631,92,0.8782767057418823,0.18615691363811493,0.4214489459991455,0.7477273941040039
rosenbrock,1.9287498479639178e-22,2,cholesky,5,ode_transport,8192,0.02,1000,4,rosenbrock,549,0.37124109268188477,-50.80204772949219,0.5639585852622986,80,0.39421409368515015,0.12932446599006653,0.1814754754304886,0.32518699765205383
rosenbrock,1.9287498479639178e-22,2,cholesky,5,ode_transport,8192,0.02,1000,4,rosenbrock,550,0.31790804862976074,-50.81088638305664,0.6063889265060425,74,0.3988914489746094,0.2604154944419861,0.2559739053249359,0.16054768860340118
rosenbrock,1.9287498479639178e-22,2,cholesky,5,ode_transport,8192,0.02,1000,4,rosenbrock,551,0.3166048526763916,-50.796016693115234,0.6194458603858948,74,0.2825356423854828,0.06509868800640106,0.11539721488952637,0.24954365193843842
rosenbrock,1.9287498479639178e-22,2,cholesky,5,ode_transport,8192,0.02,1000,4,rosenbrock,552,0.3649561405181885,-50.795772552490234,0.5631471872329712,80,0.8973372578620911,0.5234652161598206,0.35599544644355774,0.6359760165214539
rosenbrock,1.9287498479639178e-22,2,cholesky,5,ode_transport,8192,0.02,1000,4,rosenbrock,553,0.3216099739074707,-50.79819107055664,0.5323570966720581,80,0.893923819065094,0.6572908163070679,0.2645038366317749,0.5450745224952698
rosenbrock,1.9287498479639178e-22,2,cholesky,5,ode_transport,8192,0.02,1000,4,rosenbrock,554,0.37598729133605957,-50.794921875,0.5674306750297546,80,0.3807225227355957,0.10080374032258987,0.17492789030075073,0.32278239727020264
rosenbrock,1.9287498479639178e-22,2,cholesky,5,ode_transport,8192,0.02,1000,4,rosenbrock,555,0.3573570251464844,-50.797576904296875,0.5877928733825684,74,0.25224238634109497,0.07932984083890915,0.10441470891237259,0.21547752618789673
rosenbrock,1.9287498479639178e-22,2,cholesky,5,ode_transport,8192,0.02,1000,4,rosenbrock,556,0.38399171829223633,-50.79210662841797,0.6048089861869812,80,0.6201862692832947,0.38804101943969727,0.22135919332504272,0.4301806390285492
rosenbrock,1.9287498479639178e-22,2,cholesky,5,ode_transport,8192,0.02,1000,4,rosenbrock,557,0.4061558246612549,-50.806495666503906,0.6037533283233643,92,0.37451809644699097,0.054598160088062286,0.16401343047618866,0.3322385251522064
rosenbrock,1.9287498479639178e-22,2,cholesky,5,ode_transport,8192,0.02,1000,4,rosenbrock,558,0.40708494186401367,-50.78622817993164,0.643096923828125,92,1.3110413551330566,1.1410341262817383,0.4747336208820343,0.4376055598258972
rosenbrock,1.9287498479639178e-22,2,cholesky,5,ode_transport,8192,0.02,1000,4,rosenbrock,559,0.33014488220214844,-50.79218292236328,0.561536431312561,80,0.35815614461898804,0.13246572017669678,0.24722279608249664,0.22273202240467072
rosenbrock,1.9287498479639178e-22,2,cholesky,5,ode_transport,8192,0.02,1000,4,rosenbrock,560,0.33237314224243164,-50.78937530517578,0.5911719799041748,80,0.36235326528549194,0.044043779373168945,0.31152239441871643,0.17976051568984985
rosenbrock,1.9287498479639178e-22,2,cholesky,5,ode_transport,8192,0.02,1000,4,rosenbrock,561,0.419417142868042,-50.78617858886719,0.544910728931427,92,0.5770313143730164,0.44654545187950134,0.259268581867218,0.2575695514678955
rosenbrock,1.9287498479639178e-22,2,cholesky,5,ode_transport,8192,0.02,1000,4,rosenbrock,562,0.31268310546875,-50.795963287353516,0.6226391196250916,74,2.542753219604492,2.132528781890869,0.8006262183189392,1.130005955696106
rosenbrock,1.9287498479639178e-22,2,cholesky,5,ode_transport,8192,0.02,1000,4,rosenbrock,563,0.3562169075012207,-50.789913177490234,0.6905441284179688,80,0.48276910185813904,0.24719354510307312,0.4008936882019043,0.1060454249382019
rosenbrock,1.9287498479639178e-22,2,cholesky,5,ode_transport,8192,0.02,1000,4,rosenbrock,564,0.32897472381591797,-50.79392623901367,0.618080735206604,86,0.9414600133895874,0.7233904004096985,0.2899816036224365,0.5281702876091003
rosenbrock,1.9287498479639178e-22,2,cholesky,5,ode_transport,8192,0.02,1000,4,rosenbrock,565,0.4213569164276123,-50.78981399536133,0.5402164459228516,86,0.3967730700969696,0.1780913770198822,0.2595806419849396,0.24151653051376343
rosenbrock,1.9287498479639178e-22,2,cholesky,5,ode_transport,8192,0.02,1000,4,rosenbrock,566,0.3854820728302002,-50.78514862060547,0.5348325967788696,86,0.2631434500217438,0.12740689516067505,0.13430801033973694,0.18701152503490448
rosenbrock,1.9287498479639178e-22,2,cholesky,5,ode_transport,8192,0.02,1000,4,rosenbrock,567,0.34184694290161133,-50.79536819458008,0.5521642565727234,74,0.6158543825149536,0.4536389410495758,0.22787690162658691,0.34865516424179077
rosenbrock,1.9287498479639178e-22,2,cholesky,5,ode_transport,8192,0.02,1000,4,rosenbrock,568,0.34926509857177734,-50.790550231933594,0.605217456817627,80,0.1936776041984558,0.06273961812257767,0.11375636607408524,0.1436462551355362
rosenbrock,1.9287498479639178e-22,2,cholesky,5,ode_transport,8192,0.02,1000,4,rosenbrock,569,0.36591172218322754,-50.78004455566406,0.5300966501235962,80,0.307895302772522,0.13412557542324066,0.24861246347427368,0.12248136848211288
rosenbrock,1.9287498479639178e-22,2,cholesky,5,ode_transport,8192,0.02,1000,4,rosenbrock,570,0.34821295738220215,-50.77754211425781,0.5571046471595764,74,0.30850109457969666,0.051578622311353683,0.2262105643749237,0.20332573354244232
rosenbrock,1.9287498479639178e-22,2,cholesky,5,ode_transport,8192,0.02,1000,4,rosenbrock,571,0.36380434036254883,-50.78172302246094,0.6495964527130127,86,0.322063148021698,0.05801298841834068,0.13662569224834442,0.2858191728591919
rosenbrock,1.9287498479639178e-22,2,cholesky,5,ode_transport,8192,0.02,1000,4,rosenbrock,572,0.3536059856414795,-50.764286041259766,0.5502387881278992,74,0.1727387011051178,0.03940850868821144,0.08633211255073547,0.1443343162536621
rosenbrock,1.9287498479639178e-22,2,cholesky,5,ode_transport,8192,0.02,1000,4,rosenbrock,573,0.3762671947479248,-50.784358978271484,0.5094696283340454,92,0.23428238928318024,0.09996478259563446,0.11050672829151154,0.1807859092950821
rosenbrock,1.9287498479639178e-22,2,cholesky,5,ode_transport,8192,0.02,1000,4,rosenbrock,574,0.3258688449859619,-50.76239776611328,0.5340062379837036,80,0.18925829231739044,0.05883370339870453,0.10024499893188477,0.14935946464538574
rosenbrock,1.9287498479639178e-22,2,cholesky,5,ode_transport,8192,0.02,1000,4,rosenbrock,575,0.3146541118621826,-50.775108337402344,0.6362519264221191,80,3.196640968322754,2.710191011428833,0.9874120950698853,1.3778231143951416
rosenbrock,1.9287498479639178e-22,2,cholesky,5,ode_transport,8192,0.02,1000,4,rosenbrock,576,0.4065742492675781,-50.778690338134766,0.5170432925224304,92,0.6768924593925476,0.5550692081451416,0.3192500174045563,0.21945634484291077
rosenbrock,1.9287498479639178e-22,2,cholesky,5,ode_transport,8192,0.02,1000,4,rosenbrock,577,0.3733491897583008,-50.77445983886719,0.6071251034736633,74,0.5608776211738586,0.3617887794971466,0.30924150347709656,0.2967528700828552
rosenbrock,1.9287498479639178e-22,2,cholesky,5,ode_transport,8192,0.02,1000,4,rosenbrock,578,0.40992283821105957,-50.76963424682617,0.5672786235809326,86,0.2938029170036316,0.030983779579401016,0.28462186455726624,0.06595880538225174
rosenbrock,1.9287498479639178e-22,2,cholesky,5,ode_transport,8192,0.02,1000,4,rosenbrock,579,0.37057995796203613,-50.76003646850586,0.5252291560173035,80,0.225459024310112,0.055309783667325974,0.18471623957157135,0.11684393137693405
rosenbrock,1.9287498479639178e-22,2,cholesky,5,ode_transport,8192,0.02,1000,4,rosenbrock,580,0.30019593238830566,-50.77266311645508,0.5638135671615601,74,0.3275115191936493,0.07056906074285507,0.2865791320800781,0.14197251200675964
rosenbrock,1.9287498479639178e-22,2,cholesky,5,ode_transport,8192,0.02,1000,4,rosenbrock,581,0.372894287109375,-50.76906967163086,0.5005709528923035,86,0.5239486694335938,0.3066866099834442,0.3176875710487366,0.28202858567237854
rosenbrock,1.9287498479639178e-22,2,cholesky,5,ode_transport,8192,0.02,1000,4,rosenbrock,582,0.31554102897644043,-50.76802062988281,0.562578558921814,74,0.21506662666797638,0.0723232626914978,0.17961999773979187,0.0935930609703064
rosenbrock,1.9287498479639178e-22,2,cholesky,5,ode_transport,8192,0.02,1000,4,rosenbrock,583,0.3116922378540039,-50.778602600097656,0.6222764849662781,80,1.6436060667037964,1.4531738758087158,0.6294297575950623,0.4399372339248657
rosenbrock,1.9287498479639178e-22,2,cholesky,5,ode_transport,8192,0.02,1000,4,rosenbrock,584,0.3631742000579834,-50.770164489746094,0.5506781339645386,80,0.17635171115398407,0.04853367805480957,0.1021074578166008,0.13534575700759888
rosenbrock,1.9287498479639178e-22,2,cholesky,5,ode_transport,8192,0.02,1000,4,rosenbrock,585,0.3303840160369873,-50.765769958496094,0.5227170586585999,74,0.5265591144561768,0.39858636260032654,0.19776058197021484,0.2815743684768677
rosenbrock,1.9287498479639178e-22,2,cholesky,5,ode_transport,8192,0.02,1000,4,rosenbrock,586,0.3476979732513428,-50.77179718017578,0.5764248967170715,68,0.2730311453342438,0.09848149865865707,0.22208759188652039,0.12459731847047806
rosenbrock,1.9287498479639178e-22,2,cholesky,5,ode_transport,8192,0.02,1000,4,rosenbrock,587,0.36649584770202637,-50.77384948730469,0.5544434785842896,80,0.331328421831131,0.15275773406028748,0.26671460270881653,0.12372110784053802
rosenbrock,1.9287498479639178e-22,2,cholesky,5,ode_transport,8192,0.02,1000,4,rosenbrock,588,0.35943031311035156,-50.778533935546875,0.5605348944664001,74,0.2831202745437622,0.08239099383354187,0.20807527005672455,0.17341715097427368
rosenbrock,1.9287498479639178e-22,2,cholesky,5,ode_transport,8192,0.02,1000,4,rosenbrock,589,0.3668937683105469,-50.770538330078125,0.5304648280143738,80,0.25821471214294434,0.02637694589793682,0.1895451545715332,0.1733543872833252
rosenbrock,1.9287498479639178e-22,2,cholesky,5,ode_transport,8192,0.02,1000,4,rosenbrock,590,0.3535947799682617,-50.766632080078125,0.5360008478164673,74,0.2734644412994385,0.11434301733970642,0.21319922804832458,0.12749336659908295
rosenbrock,1.9287498479639178e-22,2,cholesky,5,ode_transport,8192,0.02,1000,4,rosenbrock,591,0.37236499786376953,-50.76017761230469,0.5177225470542908,80,0.24476346373558044,0.05168375000357628,0.19750867784023285,0.13501210510730743
rosenbrock,1.9287498479639178e-22,2,cholesky,5,ode_transport,8192,0.02,1000,4,rosenbrock,592,0.37987303733825684,-50.77505111694336,0.532756507396698,86,0.20681479573249817,0.047437239438295364,0.17894475162029266,0.09219998866319656
rosenbrock,1.9287498479639178e-22,2,cholesky,5,ode_transport,8192,0.02,1000,4,rosenbrock,593,0.3698279857635498,-50.77084732055664,0.5433441400527954,74,0.2339397817850113,0.12521067261695862,0.1323573887348175,0.14673662185668945
rosenbrock,1.9287498479639178e-22,2,cholesky,5,ode_transport,8192,0.02,1000,4,rosenbrock,594,0.33170199394226074,-50.775146484375,0.5632748603820801,74,0.4440203011035919,0.33355000615119934,0.24104733765125275,0.16671700775623322
rosenbrock,1.9287498479639178e-22,2,cholesky,5,ode_transport,8192,0.02,1000,4,rosenbrock,595,0.351956844329834,-50.77416229248047,0.5670110583305359,74,1.0923410654067993,0.9249973893165588,0.3721206784248352,0.4462229609489441
rosenbrock,1.9287498479639178e-22,2,cholesky,5,ode_transport,8192,0.02,1000,4,rosenbrock,596,0.38205623626708984,-50.767127990722656,0.6292595267295837,86,0.8890558481216431,0.7427908182144165,0.3203190565109253,0.36888712644577026
rosenbrock,1.9287498479639178e-22,2,cholesky,5,ode_transport,8192,0.02,1000,4,rosenbrock,597,0.3124580383300781,-50.77571105957031,0.5037262439727783,80,0.18520493805408478,0.039771612733602524,0.11803355813026428,0.1370663046836853
rosenbrock,1.9287498479639178e-22,2,cholesky,5,ode_transport,8192,0.02,1000,4,rosenbrock,598,0.30596923828125,-50.76125717163086,0.5701899528503418,74,6.939345359802246,5.847352027893066,2.199126958847046,3.021063804626465
rosenbrock,1.9287498479639178e-22,2,cholesky,5,ode_transport,8192,0.02,1000,4,rosenbrock,599,0.3339200019836426,-50.75941467285156,0.5568789839744568,80,1.2747162580490112,1.0183950662612915,0.4650190770626068,0.6095326542854309
rosenbrock,1.9287498479639178e-22,2,cholesky,5,ode_transport,8192,0.02,1000,4,rosenbrock,600,0.37116408348083496,-50.76132583618164,0.5311710834503174,74,0.36297130584716797,0.15862393379211426,0.3049696087837219,0.11653383821249008
rosenbrock,1.9287498479639178e-22,2,cholesky,5,ode_transport,8192,0.02,1000,4,rosenbrock,601,0.3431580066680908,-50.77080154418945,0.5382893681526184,74,0.3283141851425171,0.05906977877020836,0.2657967209815979,0.1834477186203003
rosenbrock,1.9287498479639178e-22,2,cholesky,5,ode_transport,8192,0.02,1000,4,rosenbrock,602,0.3848409652709961,-50.75843048095703,0.5602563619613647,86,0.26604074239730835,0.043345045298337936,0.22415660321712494,0.1365749090909958
rosenbrock,1.9287498479639178e-22,2,cholesky,5,ode_transport,8192,0.02,1000,4,rosenbrock,603,0.45302891731262207,-50.76676940917969,0.5801143050193787,92,0.36045801639556885,0.10473699867725372,0.3064159154891968,0.15833324193954468
rosenbrock,1.9287498479639178e-22,2,cholesky,5,ode_transport,8192,0.02,1000,4,rosenbrock,604,0.3917222023010254,-50.766502380371094,0.5907198190689087,86,0.3572201728820801,0.2790340781211853,0.16934354603290558,0.14515164494514465
rosenbrock,1.9287498479639178e-22,2,cholesky,5,ode_transport,8192,0.02,1000,4,rosenbrock,605,0.414125919342041,-50.775482177734375,0.560353696346283,92,0.42817363142967224,0.04120508208870888,0.21307502686977386,0.3690986931324005
rosenbrock,1.9287498479639178e-22,2,cholesky,5,ode_transport,8192,0.02,1000,4,rosenbrock,606,0.309751033782959,-50.770713806152344,0.6184896230697632,74,0.6122370958328247,0.3891952633857727,0.3132455348968506,0.353890597820282
rosenbrock,1.9287498479639178e-22,2,cholesky,5,ode_transport,8192,0.02,1000,4,rosenbrock,607,0.37294578552246094,-50.767913818359375,0.6072136759757996,86,0.3221305310726166,0.20545417070388794,0.18258772790431976,0.1679832488298416
rosenbrock,1.9287498479639178e-22,2,cholesky,5,ode_transport,8192,0.02,1000,4,rosenbrock,608,0.33266592025756836,-50.763771057128906,0.5032623410224915,74,0.5169613361358643,0.3505946695804596,0.2508171498775482,0.28534752130508423
rosenbrock,1.9287498479639178e-22,2,cholesky,5,ode_transport,8192,0.02,1000,4,rosenbrock,609,0.31345200538635254,-50.773929595947266,0.7077744603157043,74,4.174249172210693,3.4043726921081543,1.359684705734253,1.9964622259140015
rosenbrock,1.9287498479639178e-22,2,cholesky,5,ode_transport,8192,0.02,1000,4,rosenbrock,610,0.30422306060791016,-50.76054000854492,0.6580653786659241,74,0.35796231031417847,0.3054465353488922,0.12757252156734467,0.136252298951149
rosenbrock,1.9287498479639178e-22,2,cholesky,5,ode_transport,8192,0.02,1000,4,rosenbrock,611,0.3324418067932129,-50.7650032043457,0.555874228477478,74,0.24583548307418823,0.07803528755903244,0.19624021649360657,0.12583863735198975
rosenbrock,1.9287498479639178e-22,2,cholesky,5,ode_transport,8192,0.02,1000,4,rosenbrock,612,0.34557318687438965,-50.77070617675781,0.606846272945404,86,0.1966060996055603,0.05081694573163986,0.14945752918720245,0.1171923354268074
rosenbrock,1.9287498479639178e-22,2,cholesky,5,ode_transport,8192,0.02,1000,4,rosenbrock,613,0.34053897857666016,-50.76641082763672,0.5105165243148804,86,0.40899208188056946,0.3656211197376251,0.14355586469173431,0.11396219581365585
rosenbrock,1.9287498479639178e-22,2,cholesky,5,ode_transport,8192,0.02,1000,4,rosenbrock,614,0.3176138401031494,-50.75526809692383,0.5299906730651855,74,0.336370050907135,0.1704859584569931,0.18628787994384766,0.22220751643180847
rosenbrock,1.9287498479639178e-22,2,cholesky,5,ode_transport,8192,0.02,1000,4,rosenbrock,615,0.4168410301208496,-50.76773452758789,0.5586581230163574,92,0.24908870458602905,0.08169057965278625,0.2151690572500229,0.09525811672210693
rosenbrock,1.9287498479639178e-22,2,cholesky,5,ode_transport,8192,0.02,1000,4,rosenbrock,616,0.3392770290374756,-50.76633071899414,0.5578421950340271,80,0.19009929895401,0.06275710463523865,0.14026997983455658,0.11190897971391678
rosenbrock,1.9287498479639178e-22,2,cholesky,5,ode_transport,8192,0.02,1000,4,rosenbrock,617,0.3106389045715332,-50.767494201660156,0.5353339910507202,80,0.24189460277557373,0.035447750240564346,0.22045721113681793,0.09303264319896698
rosenbrock,1.9287498479639178e-22,2,cholesky,5,ode_transport,8192,0.02,1000,4,rosenbrock,618,0.3191659450531006,-50.77571105957031,0.5818243026733398,86,0.4130989909172058,0.08688218146562576,0.3831191956996918,0.12775728106498718
rosenbrock,1.9287498479639178e-22,2,cholesky,5,ode_transport,8192,0.02,1000,4,rosenbrock,619,0.2835209369659424,-50.75949478149414,0.5532332062721252,74,0.4598861336708069,0.25370165705680847,0.3050675094127655,0.23251783847808838
rosenbrock,1.9287498479639178e-22,2,cholesky,5,ode_transport,8192,0.02,1000,4,rosenbrock,620,0.2837259769439697,-50.768314361572266,0.5519020557403564,74,3.1184334754943848,2.670349597930908,1.2564104795455933,1.0076173543930054
rosenbrock,1.9287498479639178e-22,2,cholesky,5,ode_transport,8192,0.02,1000,4,rosenbrock,621,0.3592078685760498,-50.768218994140625,0.5585302114486694,86,0.6554902791976929,0.5037448406219482,0.205099955201149,0.3658451437950134
rosenbrock,1.9287498479639178e-22,2,cholesky,5,ode_transport,8192,0.02,1000,4,rosenbrock,622,0.3266408443450928,-50.75839614868164,0.5389379858970642,74,0.8543954491615295,0.6596775054931641,0.3196207284927368,0.4389302432537079
rosenbrock,1.9287498479639178e-22,2,cholesky,5,ode_transport,8192,0.02,1000,4,rosenbrock,623,0.36378908157348633,-50.766441345214844,0.6092333793640137,86,0.4710162580013275,0.3690570294857025,0.15985479950904846,0.24515226483345032
rosenbrock,1.9287498479639178e-22,2,cholesky,5,ode_transport,8192,0.02,1000,4,rosenbrock,624,0.31141090393066406,-50.75909423828125,0.5549585819244385,74,0.16733084619045258,0.03986997902393341,0.13073822855949402,0.09652723371982574
rosenbrock,1.9287498479639178e-22,2,cholesky,5,ode_transport,8192,0.02,1000,4,rosenbrock,625,0.3181576728820801,-50.75849151611328,0.5924608111381531,74,0.19664408266544342,0.030377205461263657,0.138370543718338,0.13638074696063995
rosenbrock,1.9287498479639178e-22,2,cholesky,5,ode_transport,8192,0.02,1000,4,rosenbrock,626,0.34279584884643555,-50.754756927490234,0.570533037185669,80,0.564498782157898,0.39688241481781006,0.3015664219856262,0.264954537153244
rosenbrock,1.9287498479639178e-22,2,cholesky,5,ode_transport,8192,0.02,1000,4,rosenbrock,627,0.3133881092071533,-50.76142883300781,0.5682769417762756,74,0.49166741967201233,0.3207935690879822,0.2196086198091507,0.3009989857673645
rosenbrock,1.9287498479639178e-22,2,cholesky,5,ode_transport,8192,0.02,1000,4,rosenbrock,628,0.31529688835144043,-50.75481414794922,0.5108103156089783,80,0.2937757968902588,0.05710418149828911,0.2371387928724289,0.16373302042484283
rosenbrock,1.9287498479639178e-22,2,cholesky,5,ode_transport,8192,0.02,1000,4,rosenbrock,629,0.32091689109802246,-50.7737922668457,0.6162517070770264,74,0.37361860275268555,0.138610377907753,0.3204498887062073,0.1330033391714096
rosenbrock,1.9287498479639178e-22,2,cholesky,5,ode_transport,8192,0.02,1000,4,rosenbrock,630,0.3206338882446289,-50.765769958496094,0.6040905714035034,74,2.9996025562286377,2.4838857650756836,0.8511279821395874,1.450347661972046
rosenbrock,1.9287498479639178e-22,2,cholesky,5,ode_transport,8192,0.02,1000,4,rosenbrock,631,0.4136481285095215,-50.76411056518555,0.5857810974121094,104,0.31977325677871704,0.08632291108369827,0.21298189461231232,0.22235558927059174
rosenbrock,1.9287498479639178e-22,2,cholesky,5,ode_transport,8192,0.02,1000,4,rosenbrock,632,0.33670616149902344,-50.759708404541016,0.5498830080032349,80,0.36820411682128906,0.04520969092845917,0.34409183263778687,0.123008593916893
rosenbrock,1.9287498479639178e-22,2,cholesky,5,ode_transport,8192,0.02,1000,4,rosenbrock,633,0.3359029293060303,-50.747833251953125,0.5658257007598877,80,0.24771428108215332,0.07533208280801773,0.17820416390895844,0.15469560027122498
rosenbrock,1.9287498479639178e-22,2,cholesky,5,ode_transport,8192,0.02,1000,4,rosenbrock,634,0.3166999816894531,-50.75494384765625,0.5243221521377563,80,1.6113513708114624,1.3737062215805054,0.49096164107322693,0.6843540668487549
rosenbrock,1.9287498479639178e-22,2,cholesky,5,ode_transport,8192,0.02,1000,4,rosenbrock,635,0.29827404022216797,-50.75807189941406,0.5915828943252563,80,0.30443593859672546,0.2455998808145523,0.14332322776317596,0.10872156172990799
rosenbrock,1.9287498479639178e-22,2,cholesky,5,ode_transport,8192,0.02,1000,4,rosenbrock,636,0.3231978416442871,-50.75753402709961,0.6456993222236633,74,0.33737245202064514,0.2828819453716278,0.14080888032913208,0.11819826066493988
rosenbrock,1.9287498479639178e-22,2,cholesky,5,ode_transport,8192,0.02,1000,4,rosenbrock,637,0.3252720832824707,-50.77080154418945,0.5515404939651489,80,0.5815542936325073,0.3614821135997772,0.34808284044265747,0.29389527440071106
rosenbrock,1.9287498479639178e-22,2,cholesky,5,ode_transport,8192,0.02,1000,4,rosenbrock,638,0.30268430709838867,-50.75663375854492,0.6345964670181274,74,0.2985484004020691,0.0663125291466713,0.23192910850048065,0.1759052723646164
rosenbrock,1.9287498479639178e-22,2,cholesky,5,ode_transport,8192,0.02,1000,4,rosenbrock,639,0.36214518547058105,-50.75346755981445,0.5382157564163208,92,34.416099548339844,30.671222686767578,12.39196491241455,9.496481895446777
rosenbrock,1.9287498479639178e-22,2,cholesky,5,ode_transport,8192,0.02,1000,4,rosenbrock,640,0.3330378532409668,-50.76398849487305,0.5918897390365601,80,1.029362678527832,0.0698571726679802,0.4768179655075073,0.9095890522003174
rosenbrock,1.9287498479639178e-22,2,cholesky,5,ode_transport,8192,0.02,1000,4,rosenbrock,641,0.3159630298614502,-50.75818634033203,0.5392053127288818,74,1.0598349571228027,0.5137217044830322,0.7804991006851196,0.500161349773407
rosenbrock,1.9287498479639178e-22,2,cholesky,5,ode_transport,8192,0.02,1000,4,rosenbrock,642,0.31507086753845215,-50.77042007446289,0.6668756008148193,74,1.047860860824585,0.060365017503499985,1.0042849779129028,0.29288265109062195
rosenbrock,1.9287498479639178e-22,2,cholesky,5,ode_transport,8192,0.02,1000,4,rosenbrock,643,0.3177609443664551,-50.800437927246094,0.6672772169113159,74,1.79319429397583,0.4443562924861908,1.6489841938018799,0.5467578768730164
rosenbrock,1.9287498479639178e-22,2,cholesky,5,ode_transport,8192,0.02,1000,4,rosenbrock,644,0.319014310836792,-50.78965759277344,0.5875158905982971,74,1.3757587671279907,0.10655135661363602,1.3215361833572388,0.3672889173030853
rosenbrock,1.9287498479639178e-22,2,cholesky,5,ode_transport,8192,0.02,1000,4,rosenbrock,645,0.35935211181640625,-50.80298614501953,0.6352072358131409,86,1.560265302658081,0.10852159559726715,1.4721759557724,0.5053205490112305
rosenbrock,1.9287498479639178e-22,2,cholesky,5,ode_transport,8192,0.02,1000,4,rosenbrock,646,0.309924840927124,-50.80194091796875,0.6403579115867615,74,1.4868472814559937,0.1171729564666748,1.3818838596343994,0.536080539226532
rosenbrock,1.9287498479639178e-22,2,cholesky,5,ode_transport,8192,0.02,1000,4,rosenbrock,647,0.31137895584106445,-50.79319763183594,0.6097362041473389,80,1.49782395362854,0.5372869968414307,1.3019275665283203,0.50968998670578
rosenbrock,1.9287498479639178e-22,2,cholesky,5,ode_transport,8192,0.02,1000,4,rosenbrock,648,0.30809974670410156,-50.79589080810547,0.6761412620544434,80,1.3620356321334839,0.32355308532714844,1.2295926809310913,0.48842236399650574
rosenbrock,1.9287498479639178e-22,2,cholesky,5,ode_transport,8192,0.02,1000,4,rosenbrock,649,0.31023192405700684,-50.776153564453125,0.5671850442886353,80,0.8959372043609619,0.07095427811145782,0.7908152937889099,0.4150664210319519
rosenbrock,1.9287498479639178e-22,2,cholesky,5,ode_transport,8192,0.02,1000,4,rosenbrock,650,0.3143730163574219,-50.80324172973633,0.6762890219688416,80,0.6231955289840698,0.0855066254734993,0.5413681864738464,0.2966172695159912
rosenbrock,1.9287498479639178e-22,2,cholesky,5,ode_transport,8192,0.02,1000,4,rosenbrock,651,0.3121621608734131,-50.77643966674805,0.5594707131385803,80,0.7048193216323853,0.2902723550796509,0.453090637922287,0.45521554350852966
rosenbrock,1.9287498479639178e-22,2,cholesky,5,ode_transport,8192,0.02,1000,4,rosenbrock,652,0.308762788772583,-50.785057067871094,0.668406069278717,74,4.994873523712158,4.4713616371154785,1.867103934288025,1.212273359298706
rosenbrock,1.9287498479639178e-22,2,cholesky,5,ode_transport,8192,0.02,1000,4,rosenbrock,653,0.30704402923583984,-50.7819938659668,0.6065733432769775,80,0.43962061405181885,0.07409433275461197,0.30564358830451965,0.30717796087265015
rosenbrock,1.9287498479639178e-22,2,cholesky,5,ode_transport,8192,0.02,1000,4,rosenbrock,654,0.3568570613861084,-50.77714157104492,0.5693624019622803,92,1.0029867887496948,0.718429446220398,0.5843645930290222,0.38517487049102783
rosenbrock,1.9287498479639178e-22,2,cholesky,5,ode_transport,8192,0.02,1000,4,rosenbrock,655,0.34219884872436523,-50.77111053466797,0.5367658138275146,86,0.4007052481174469,0.16638363897800446,0.25182288885116577,0.2635648548603058
rosenbrock,1.9287498479639178e-22,2,cholesky,5,ode_transport,8192,0.02,1000,4,rosenbrock,656,0.303922176361084,-50.780517578125,0.5553301572799683,80,1.2913750410079956,1.0819199085235596,0.3773091435432434,0.5955977439880371
rosenbrock,1.9287498479639178e-22,2,cholesky,5,ode_transport,8192,0.02,1000,4,rosenbrock,657,0.288161039352417,-50.77055740356445,0.5806449055671692,74,0.5728601217269897,0.02871018275618553,0.5055397748947144,0.26790666580200195
rosenbrock,1.9287498479639178e-22,2,cholesky,5,ode_transport,8192,0.02,1000,4,rosenbrock,658,0.3279259204864502,-50.76547622680664,0.6141034960746765,86,0.5191987156867981,0.18758819997310638,0.3800666332244873,0.2998788356781006
rosenbrock,1.9287498479639178e-22,2,cholesky,5,ode_transport,8192,0.02,1000,4,rosenbrock,659,0.39037322998046875,-50.76837921142578,0.5995543003082275,92,0.32703474164009094,0.10625927895307541,0.2471838891506195,0.18590542674064636
rosenbrock,1.9287498479639178e-22,2,cholesky,5,ode_transport,8192,0.02,1000,4,rosenbrock,660,0.3148651123046875,-50.773963928222656,0.5461323261260986,80,1.2426081895828247,0.9944260716438293,0.6995822787284851,0.2564699053764343
rosenbrock,1.9287498479639178e-22,2,cholesky,5,ode_transport,8192,0.02,1000,4,rosenbrock,661,0.39575815200805664,-50.76571273803711,0.5509525537490845,92,0.6380906701087952,0.3061355650424957,0.5360894203186035,0.16139636933803558
rosenbrock,1.9287498479639178e-22,2,cholesky,5,ode_transport,8192,0.02,1000,4,rosenbrock,662,0.3269951343536377,-50.76091384887695,0.5400620698928833,74,0.5472413897514343,0.12709340453147888,0.21823367476463318,0.4854837954044342
rosenbrock,1.9287498479639178e-22,2,cholesky,5,ode_transport,8192,0.02,1000,4,rosenbrock,663,0.372283935546875,-50.776893615722656,0.6209580898284912,86,0.5066936016082764,0.35544630885124207,0.18833117187023163,0.3081033527851105
rosenbrock,1.9287498479639178e-22,2,cholesky,5,ode_transport,8192,0.02,1000,4,rosenbrock,664,0.34016895294189453,-50.76774215698242,0.5607425570487976,74,1.14045250415802,0.8460268378257751,0.4809623658657074,0.5945970416069031
rosenbrock,1.9287498479639178e-22,2,cholesky,5,ode_transport,8192,0.02,1000,4,rosenbrock,665,0.32270312309265137,-50.769325256347656,0.5462798476219177,74,0.3661419749259949,0.07141919434070587,0.3010517358779907,0.19577300548553467
rosenbrock,1.9287498479639178e-22,2,cholesky,5,ode_transport,8192,0.02,1000,4,rosenbrock,666,0.3232121467590332,-50.777122497558594,0.6452958583831787,80,0.4841434061527252,0.26300951838493347,0.2809728682041168,0.29372623562812805
rosenbrock,1.9287498479639178e-22,2,cholesky,5,ode_transport,8192,0.02,1000,4,rosenbrock,667,0.29687023162841797,-50.777774810791016,0.603985607624054,74,0.2706035077571869,0.06452184170484543,0.17825593054294586,0.19310107827186584
rosenbrock,1.9287498479639178e-22,2,cholesky,5,ode_transport,8192,0.02,1000,4,rosenbrock,668,0.2890610694885254,-50.762290954589844,0.5199610590934753,74,0.31013816595077515,0.02358390763401985,0.20379769802093506,0.23258543014526367
rosenbrock,1.9287498479639178e-22,2,cholesky,5,ode_transport,8192,0.02,1000,4,rosenbrock,669,0.311356782913208,-50.77375030517578,0.6148983240127563,80,12.63463306427002,11.265880584716797,4.697269916534424,3.2633650302886963
rosenbrock,1.9287498479639178e-22,2,cholesky,5,ode_transport,8192,0.02,1000,4,rosenbrock,670,0.3024919033050537,-50.76422119140625,0.5858011245727539,74,0.3700072169303894,0.12357980757951736,0.3088753819465637,0.1619548350572586
rosenbrock,1.9287498479639178e-22,2,cholesky,5,ode_transport,8192,0.02,1000,4,rosenbrock,671,0.33208775520324707,-50.78770446777344,0.6041303873062134,80,0.5087902545928955,0.05783364921808243,0.3725627064704895,0.341642826795578
rosenbrock,1.9287498479639178e-22,2,cholesky,5,ode_transport,8192,0.02,1000,4,rosenbrock,672,0.3497300148010254,-50.7817268371582,0.5701780915260315,74,0.5909022092819214,0.20103801786899567,0.46455755829811096,0.3048531115055084
rosenbrock,1.9287498479639178e-22,2,cholesky,5,ode_transport,8192,0.02,1000,4,rosenbrock,673,0.3556549549102783,-50.78859329223633,0.5707552433013916,74,0.5818989276885986,0.14453284442424774,0.4487995207309723,0.34102144837379456
rosenbrock,1.9287498479639178e-22,2,cholesky,5,ode_transport,8192,0.02,1000,4,rosenbrock,674,0.34937214851379395,-50.7839469909668,0.6235555410385132,80,0.5307174921035767,0.27362364530563354,0.3276776671409607,0.31530702114105225
rosenbrock,1.9287498479639178e-22,2,cholesky,5,ode_transport,8192,0.02,1000,4,rosenbrock,675,0.37231898307800293,-50.78173828125,0.5849733352661133,92,1.3440041542053223,0.895001232624054,0.7906204462051392,0.6166355609893799
rosenbrock,1.9287498479639178e-22,2,cholesky,5,ode_transport,8192,0.02,1000,4,rosenbrock,676,0.3584010601043701,-50.77299499511719,0.5705153942108154,80,0.6842809319496155,0.4606746435165405,0.42043206095695496,0.2815245985984802
rosenbrock,1.9287498479639178e-22,2,cholesky,5,ode_transport,8192,0.02,1000,4,rosenbrock,677,0.34824085235595703,-50.78254699707031,0.5401127338409424,74,0.516711413860321,0.1275157481431961,0.40765127539634705,0.29077622294425964
rosenbrock,1.9287498479639178e-22,2,cholesky,5,ode_transport,8192,0.02,1000,4,rosenbrock,678,0.44873881340026855,-50.783504486083984,0.5557383894920349,86,0.7033043503761292,0.22657223045825958,0.5735211372375488,0.3381946086883545
rosenbrock,1.9287498479639178e-22,2,cholesky,5,ode_transport,8192,0.02,1000,4,rosenbrock,679,0.6213560104370117,-50.779930114746094,0.5884484648704529,80,0.4017927646636963,0.08046708256006241,0.3370181620121002,0.20342379808425903
rosenbrock,1.9287498479639178e-22,2,cholesky,5,ode_transport,8192,0.02,1000,4,rosenbrock,680,0.37064599990844727,-50.77192306518555,0.5440036058425903,74,0.40456274151802063,0.3035849630832672,0.1536785364151001,0.21883800625801086
rosenbrock,1.9287498479639178e-22,2,cholesky,5,ode_transport,8192,0.02,1000,4,rosenbrock,681,0.4376821517944336,-50.785736083984375,0.591587245464325,92,0.325980544090271,0.021594248712062836,0.2429850697517395,0.21622969210147858
rosenbrock,1.9287498479639178e-22,2,cholesky,5,ode_transport,8192,0.02,1000,4,rosenbrock,682,0.5077438354492188,-50.77560043334961,0.504378616809845,80,0.23754306137561798,0.07011164724826813,0.14823676645755768,0.1718631088733673
rosenbrock,1.9287498479639178e-22,2,cholesky,5,ode_transport,8192,0.02,1000,4,rosenbrock,683,0.3597428798675537,-50.786399841308594,0.5451416969299316,74,0.25769272446632385,0.03003000281751156,0.1830512285232544,0.17887425422668457
rosenbrock,1.9287498479639178e-22,2,cholesky,5,ode_transport,8192,0.02,1000,4,rosenbrock,684,0.41976308822631836,-50.77646255493164,0.5771469473838806,80,0.337149441242218,0.046114832162857056,0.22880886495113373,0.2432892769575119
rosenbrock,1.9287498479639178e-22,2,cholesky,5,ode_transport,8192,0.02,1000,4,rosenbrock,685,0.3605520725250244,-50.790584564208984,0.7412647008895874,74,0.4678265154361725,0.17842966318130493,0.37009915709495544,0.2237212061882019
rosenbrock,1.9287498479639178e-22,2,cholesky,5,ode_transport,8192,0.02,1000,4,rosenbrock,686,0.4483351707458496,-50.775718688964844,0.5586340427398682,80,0.3917759656906128,0.07747562974691391,0.32060006260871887,0.21142736077308655
rosenbrock,1.9287498479639178e-22,2,cholesky,5,ode_transport,8192,0.02,1000,4,rosenbrock,687,0.47151803970336914,-50.77074432373047,0.5780156254768372,92,0.612440288066864,0.13789920508861542,0.532645046710968,0.26899099349975586
rosenbrock,1.9287498479639178e-22,2,cholesky,5,ode_transport,8192,0.02,1000,4,rosenbrock,688,0.3284029960632324,-50.77375030517578,0.5495609641075134,74,0.7565344572067261,0.5527863502502441,0.41093772649765015,0.31289270520210266
rosenbrock,1.9287498479639178e-22,2,cholesky,5,ode_transport,8192,0.02,1000,4,rosenbrock,689,0.4233109951019287,-50.7787971496582,0.5965869426727295,98,0.2854446768760681,0.11348515003919601,0.20903030037879944,0.15781664848327637
rosenbrock,1.9287498479639178e-22,2,cholesky,5,ode_transport,8192,0.02,1000,4,rosenbrock,690,0.33339428901672363,-50.793724060058594,0.6025790572166443,74,0.2134699523448944,0.05857258662581444,0.1348656266927719,0.15475766360759735
rosenbrock,1.9287498479639178e-22,2,cholesky,5,ode_transport,8192,0.02,1000,4,rosenbrock,691,0.38378000259399414,-50.778995513916016,0.5509015917778015,86,0.3077012300491333,0.09141764789819717,0.18694402277469635,0.2266601026058197
rosenbrock,1.9287498479639178e-22,2,cholesky,5,ode_transport,8192,0.02,1000,4,rosenbrock,692,0.35885190963745117,-50.7757682800293,0.5367234945297241,80,0.39752334356307983,0.17551067471504211,0.12782825529575348,0.33298757672309875
rosenbrock,1.9287498479639178e-22,2,cholesky,5,ode_transport,8192,0.02,1000,4,rosenbrock,693,0.32850098609924316,-50.77778244018555,0.6463760733604431,74,0.872904896736145,0.614026665687561,0.42523929476737976,0.4517807066440582
rosenbrock,1.9287498479639178e-22,2,cholesky,5,ode_transport,8192,0.02,1000,4,rosenbrock,694,0.3007087707519531,-50.77898406982422,0.5517552495002747,74,0.4024164378643036,0.2812926471233368,0.1704573780298233,0.23185712099075317
rosenbrock,1.9287498479639178e-22,2,cholesky,5,ode_transport,8192,0.02,1000,4,rosenbrock,695,0.3126358985900879,-50.76866912841797,0.5190889239311218,80,0.41955941915512085,0.15598292648792267,0.3316682279109955,0.204195037484169
rosenbrock,1.9287498479639178e-22,2,cholesky,5,ode_transport,8192,0.02,1000,4,rosenbrock,696,0.3856542110443115,-50.77183151245117,0.535848081111908,86,2.4235434532165527,1.946654200553894,0.7960311770439148,1.2043395042419434
rosenbrock,1.9287498479639178e-22,2,cholesky,5,ode_transport,8192,0.02,1000,4,rosenbrock,697,0.3313140869140625,-50.791053771972656,0.6475685238838196,74,0.41466188430786133,0.032352570444345474,0.36702102422714233,0.19024550914764404
rosenbrock,1.9287498479639178e-22,2,cholesky,5,ode_transport,8192,0.02,1000,4,rosenbrock,698,0.33725476264953613,-50.78514099121094,0.5775765776634216,80,0.3299334645271301,0.15025392174720764,0.20504559576511383,0.2103239893913269
rosenbrock,1.9287498479639178e-22,2,cholesky,5,ode_transport,8192,0.02,1000,4,rosenbrock,699,0.39333009719848633,-50.77606201171875,0.524462103843689,92,0.26321396231651306,0.08768578618764877,0.1286698430776596,0.21221888065338135
rosenbrock,1.9287498479639178e-22,2,cholesky,5,ode_transport,8192,0.02,1000,4,rosenbrock,700,0.35199689865112305,-50.7784423828125,0.5599183440208435,74,0.3053918182849884,0.1638147234916687,0.16688700020313263,0.19641190767288208
rosenbrock,1.9287498479639178e-22,2,cholesky,5,ode_transport,8192,0.02,1000,4,rosenbrock,701,0.4250168800354004,-50.77928161621094,0.6380535960197449,86,0.697731614112854,0.5633218884468079,0.26338765025138855,0.3164249360561371
rosenbrock,1.9287498479639178e-22,2,cholesky,5,ode_transport,8192,0.02,1000,4,rosenbrock,702,0.4389650821685791,-50.77719497680664,0.5706169605255127,80,6.682077884674072,5.887614727020264,2.6301333904266357,1.7517304420471191
rosenbrock,1.9287498479639178e-22,2,cholesky,5,ode_transport,8192,0.02,1000,4,rosenbrock,703,0.3692898750305176,-50.787506103515625,0.6357418298721313,74,0.2386913001537323,0.028695369139313698,0.12799829244613647,0.19941554963588715
rosenbrock,1.9287498479639178e-22,2,cholesky,5,ode_transport,8192,0.02,1000,4,rosenbrock,704,0.3508310317993164,-50.773555755615234,0.5574350357055664,74,3.397791624069214,2.844299077987671,1.1428972482681274,1.4658571481704712
rosenbrock,1.9287498479639178e-22,2,cholesky,5,ode_transport,8192,0.02,1000,4,rosenbrock,705,0.3445901870727539,-50.766483306884766,0.5567525625228882,74,0.44381949305534363,0.2843054533004761,0.26846304535865784,0.2099374681711197
rosenbrock,1.9287498479639178e-22,2,cholesky,5,ode_transport,8192,0.02,1000,4,rosenbrock,706,0.30483269691467285,-50.779579162597656,0.8249644637107849,74,0.5813087821006775,0.3147251307964325,0.34096378087997437,0.35015949606895447
rosenbrock,1.9287498479639178e-22,2,cholesky,5,ode_transport,8192,0.02,1000,4,rosenbrock,707,0.32586097717285156,-50.769386291503906,0.6025718450546265,74,0.2781625986099243,0.0831923857331276,0.23347394168376923,0.12626712024211884
rosenbrock,1.9287498479639178e-22,2,cholesky,5,ode_transport,8192,0.02,1000,4,rosenbrock,708,0.33960390090942383,-50.775062561035156,0.625089168548584,86,0.5603184700012207,0.43143904209136963,0.223870187997818,0.2787459194660187
rosenbrock,1.9287498479639178e-22,2,cholesky,5,ode_transport,8192,0.02,1000,4,rosenbrock,709,0.3468031883239746,-50.780670166015625,0.61159348487854,86,2.215590476989746,1.8089017868041992,0.8439838290214539,0.9614603519439697
rosenbrock,1.9287498479639178e-22,2,cholesky,5,ode_transport,8192,0.02,1000,4,rosenbrock,710,0.31647205352783203,-50.768959045410156,0.5524222254753113,74,0.28340035676956177,0.15785370767116547,0.16166958212852478,0.17105819284915924
rosenbrock,1.9287498479639178e-22,2,cholesky,5,ode_transport,8192,0.02,1000,4,rosenbrock,711,0.33381199836730957,-50.771759033203125,0.6360129714012146,80,0.7181454300880432,0.5592732429504395,0.2756466865539551,0.35632166266441345
rosenbrock,1.9287498479639178e-22,2,cholesky,5,ode_transport,8192,0.02,1000,4,rosenbrock,712,0.3159060478210449,-50.77556228637695,0.570205807685852,74,0.26971226930618286,0.09017061442136765,0.15662184357643127,0.20020878314971924
rosenbrock,1.9287498479639178e-22,2,cholesky,5,ode_transport,8192,0.02,1000,4,rosenbrock,713,0.308074951171875,-50.76232147216797,0.5332821011543274,80,0.28763532638549805,0.18481771647930145,0.14667384326457977,0.16450917720794678
rosenbrock,1.9287498479639178e-22,2,cholesky,5,ode_transport,8192,0.02,1000,4,rosenbrock,714,0.3228030204772949,-50.76896667480469,0.5732637643814087,74,0.3465733826160431,0.0726751759648323,0.2873614728450775,0.17959626019001007
rosenbrock,1.9287498479639178e-22,2,cholesky,5,ode_transport,8192,0.02,1000,4,rosenbrock,715,0.34618401527404785,-50.776554107666016,0.7066872715950012,80,0.3804226219654083,0.07232751697301865,0.2909310758113861,0.23419910669326782
rosenbrock,1.9287498479639178e-22,2,cholesky,5,ode_transport,8192,0.02,1000,4,rosenbrock,716,0.34194374084472656,-50.77147674560547,0.5605652332305908,80,0.38364383578300476,0.07545501738786697,0.3645331561565399,0.09276167303323746
rosenbrock,1.9287498479639178e-22,2,cholesky,5,ode_transport,8192,0.02,1000,4,rosenbrock,717,0.3609302043914795,-50.77950668334961,0.5766921043395996,80,0.8198582530021667,0.6113629341125488,0.4028623700141907,0.3689238131046295
rosenbrock,1.9287498479639178e-22,2,cholesky,5,ode_transport,8192,0.02,1000,4,rosenbrock,718,0.3546926975250244,-50.75975799560547,0.5352433919906616,80,0.27808716893196106,0.1318766474723816,0.15934698283672333,0.18587516248226166
rosenbrock,1.9287498479639178e-22,2,cholesky,5,ode_transport,8192,0.02,1000,4,rosenbrock,719,0.3903789520263672,-50.771820068359375,0.5267207026481628,86,1.5459775924682617,1.2061219215393066,0.5411471724510193,0.8015462160110474
rosenbrock,1.9287498479639178e-22,2,cholesky,5,ode_transport,8192,0.02,1000,4,rosenbrock,720,0.34513211250305176,-50.768218994140625,0.5740839838981628,80,1.0500729084014893,0.8319281339645386,0.5638604760169983,0.3043190836906433
rosenbrock,1.9287498479639178e-22,2,cholesky,5,ode_transport,8192,0.02,1000,4,rosenbrock,721,0.3471379280090332,-50.77251434326172,0.5265674591064453,74,0.1690542995929718,0.05717548355460167,0.12203563749790192,0.10206674039363861
rosenbrock,1.9287498479639178e-22,2,cholesky,5,ode_transport,8192,0.02,1000,4,rosenbrock,722,0.35994505882263184,-50.77175521850586,0.6182838082313538,86,0.2457566112279892,0.09393510222434998,0.16804446280002594,0.15275327861309052
rosenbrock,1.9287498479639178e-22,2,cholesky,5,ode_transport,8192,0.02,1000,4,rosenbrock,723,0.3245980739593506,-50.76951217651367,0.5536901950836182,74,0.29314425587654114,0.11568654328584671,0.18902859091758728,0.19188115000724792
rosenbrock,1.9287498479639178e-22,2,cholesky,5,ode_transport,8192,0.02,1000,4,rosenbrock,724,0.37612318992614746,-50.769500732421875,0.5654579401016235,86,0.1858295351266861,0.09967715293169022,0.10868863016366959,0.11306574195623398
rosenbrock,1.9287498479639178e-22,2,cholesky,5,ode_transport,8192,0.02,1000,4,rosenbrock,725,0.3152499198913574,-50.77381134033203,0.5401237607002258,80,0.24379417300224304,0.06191006675362587,0.16324195265769958,0.17016111314296722
rosenbrock,1.9287498479639178e-22,2,cholesky,5,ode_transport,8192,0.02,1000,4,rosenbrock,726,0.29094815254211426,-50.76409149169922,0.5524078011512756,74,0.2535131573677063,0.03743778169155121,0.10742475092411041,0.2265552133321762
rosenbrock,1.9287498479639178e-22,2,cholesky,5,ode_transport,8192,0.02,1000,4,rosenbrock,727,0.39725804328918457,-50.77732849121094,0.597445011138916,92,0.32305729389190674,0.20400166511535645,0.20222164690494537,0.1478368043899536
rosenbrock,1.9287498479639178e-22,2,cholesky,5,ode_transport,8192,0.02,1000,4,rosenbrock,728,0.3344719409942627,-50.776084899902344,0.6635198593139648,74,1.2564077377319336,0.9141879677772522,0.4462297856807709,0.7373600006103516
rosenbrock,1.9287498479639178e-22,2,cholesky,5,ode_transport,8192,0.02,1000,4,rosenbrock,729,0.31606507301330566,-50.76123046875,0.5418854355812073,74,0.5406612157821655,0.376743346452713,0.25393280386924744,0.2930820882320404
rosenbrock,1.9287498479639178e-22,2,cholesky,5,ode_transport,8192,0.02,1000,4,rosenbrock,730,0.29982900619506836,-50.77984619140625,0.5921618938446045,74,0.317477822303772,0.2214868813753128,0.12425476312637329,0.19051632285118103
rosenbrock,1.9287498479639178e-22,2,cholesky,5,ode_transport,8192,0.02,1000,4,rosenbrock,731,0.3481311798095703,-50.77326583862305,0.6223056316375732,92,0.298865407705307,0.20453184843063354,0.14983220398426056,0.15823259949684143
rosenbrock,1.9287498479639178e-22,2,cholesky,5,ode_transport,8192,0.02,1000,4,rosenbrock,732,0.336946964263916,-50.77870559692383,0.6058017015457153,74,0.40515151619911194,0.26771193742752075,0.18197868764400482,0.24364283680915833
rosenbrock,1.9287498479639178e-22,2,cholesky,5,ode_transport,8192,0.02,1000,4,rosenbrock,733,0.33424806594848633,-50.76303482055664,0.5608662962913513,74,0.22736984491348267,0.16558311879634857,0.11407521367073059,0.10614199191331863
rosenbrock,1.9287498479639178e-22,2,cholesky,5,ode_transport,8192,0.02,1000,4,rosenbrock,734,0.36215925216674805,-50.766700744628906,0.8799291849136353,80,0.22702445089817047,0.02486041933298111,0.1474553346633911,0.17081858217716217
rosenbrock,1.9287498479639178e-22,2,cholesky,5,ode_transport,8192,0.02,1000,4,rosenbrock,735,0.3735392093658447,-50.76340103149414,0.5692319869995117,80,0.17695552110671997,0.059746090322732925,0.09872289001941681,0.13415458798408508
rosenbrock,1.9287498479639178e-22,2,cholesky,5,ode_transport,8192,0.02,1000,4,rosenbrock,736,0.3667130470275879,-50.76784896850586,0.577393651008606,80,0.15795393288135529,0.04747815430164337,0.0875837579369545,0.1225738674402237
rosenbrock,1.9287498479639178e-22,2,cholesky,5,ode_transport,8192,0.02,1000,4,rosenbrock,737,0.37226080894470215,-50.76768493652344,0.6002478003501892,92,0.29451045393943787,0.11997780948877335,0.22769519686698914,0.1431664526462555
rosenbrock,1.9287498479639178e-22,2,cholesky,5,ode_transport,8192,0.02,1000,4,rosenbrock,738,0.3471817970275879,-50.7625846862793,0.54289311170578,74,0.5736325979232788,0.4470701217651367,0.22981680929660797,0.27634549140930176
rosenbrock,1.9287498479639178e-22,2,cholesky,5,ode_transport,8192,0.02,1000,4,rosenbrock,739,0.37645483016967773,-50.75973129272461,0.5608265399932861,86,0.16833893954753876,0.06819022446870804,0.116022489964962,0.1011280044913292
rosenbrock,1.9287498479639178e-22,2,cholesky,5,ode_transport,8192,0.02,1000,4,rosenbrock,740,0.3884389400482178,-50.759422302246094,0.5661683678627014,86,0.7378992438316345,0.551563560962677,0.28780999779701233,0.3967849910259247
rosenbrock,1.9287498479639178e-22,2,cholesky,5,ode_transport,8192,0.02,1000,4,rosenbrock,741,0.3008131980895996,-50.76972579956055,0.5917561650276184,80,0.36736953258514404,0.25304293632507324,0.21474963426589966,0.15751899778842926
rosenbrock,1.9287498479639178e-22,2,cholesky,5,ode_transport,8192,0.02,1000,4,rosenbrock,742,0.3035590648651123,-50.7718505859375,0.5688811540603638,80,1.1629809141159058,0.7356545925140381,0.4213383197784424,0.796122670173645
rosenbrock,1.9287498479639178e-22,2,cholesky,5,ode_transport,8192,0.02,1000,4,rosenbrock,743,0.3463480472564697,-50.7762451171875,0.5989336967468262,86,9.673505783081055,8.514212608337402,3.780224561691284,2.6066842079162598
rosenbrock,1.9287498479639178e-22,2,cholesky,5,ode_transport,8192,0.02,1000,4,rosenbrock,744,0.31867504119873047,-50.77025604248047,0.587308406829834,80,0.20428979396820068,0.05881451070308685,0.11228454113006592,0.16021035611629486
rosenbrock,1.9287498479639178e-22,2,cholesky,5,ode_transport,8192,0.02,1000,4,rosenbrock,745,0.30150604248046875,-50.77819061279297,0.6447228789329529,80,0.7714242339134216,0.6666691899299622,0.3167642652988434,0.22429443895816803
rosenbrock,1.9287498479639178e-22,2,cholesky,5,ode_transport,8192,0.02,1000,4,rosenbrock,746,0.3057692050933838,-50.77690505981445,0.651273787021637,74,0.3570865988731384,0.22786109149456024,0.19726261496543884,0.19151398539543152
rosenbrock,1.9287498479639178e-22,2,cholesky,5,ode_transport,8192,0.02,1000,4,rosenbrock,747,0.3431370258331299,-50.766353607177734,0.5760447382926941,80,0.30791497230529785,0.05020489543676376,0.2310364544391632,0.19726444780826569
rosenbrock,1.9287498479639178e-22,2,cholesky,5,ode_transport,8192,0.02,1000,4,rosenbrock,748,0.33733081817626953,-50.76975631713867,0.555703341960907,80,0.25945138931274414,0.11183781176805496,0.20161418616771698,0.11899176985025406
rosenbrock,1.9287498479639178e-22,2,cholesky,5,ode_transport,8192,0.02,1000,4,rosenbrock,749,0.3315620422363281,-50.76979064941406,0.554099977016449,74,0.3897588849067688,0.1051127091050148,0.3385351896286011,0.1620408147573471
rosenbrock,1.9287498479639178e-22,2,cholesky,5,ode_transport,8192,0.02,1000,4,rosenbrock,750,0.31250715255737305,-50.77190399169922,0.562507688999176,74,1.0595569610595703,0.7785639762878418,0.5021696090698242,0.514125406742096
rosenbrock,1.9287498479639178e-22,2,cholesky,5,ode_transport,8192,0.02,1000,4,rosenbrock,751,0.2931251525878906,-50.773155212402344,0.6308844685554504,74,0.34789130091667175,0.20482191443443298,0.19380129873752594,0.20375819504261017
rosenbrock,1.9287498479639178e-22,2,cholesky,5,ode_transport,8192,0.02,1000,4,rosenbrock,752,0.3635373115539551,-50.771121978759766,0.624555766582489,74,0.2707084119319916,0.10896065831184387,0.1998101770877838,0.14658281207084656
rosenbrock,1.9287498479639178e-22,2,cholesky,5,ode_transport,8192,0.02,1000,4,rosenbrock,753,0.309157133102417,-50.76876449584961,0.534088134765625,74,0.35980165004730225,0.18331287801265717,0.27453717589378357,0.1431187093257904
rosenbrock,1.9287498479639178e-22,2,cholesky,5,ode_transport,8192,0.02,1000,4,rosenbrock,754,0.32526278495788574,-50.759185791015625,0.5365334153175354,80,0.29666879773139954,0.044133782386779785,0.24711844325065613,0.15810462832450867
rosenbrock,1.9287498479639178e-22,2,cholesky,5,ode_transport,8192,0.02,1000,4,rosenbrock,755,0.28296399116516113,-50.77603530883789,0.680371105670929,74,0.2286437600851059,0.09255655109882355,0.14179779589176178,0.15363802015781403
rosenbrock,1.9287498479639178e-22,2,cholesky,5,ode_transport,8192,0.02,1000,4,rosenbrock,756,0.2936060428619385,-50.771087646484375,0.5511699914932251,74,0.1994512528181076,0.0762472078204155,0.10355273634195328,0.15245981514453888
rosenbrock,1.9287498479639178e-22,2,cholesky,5,ode_transport,8192,0.02,1000,4,rosenbrock,757,0.28989386558532715,-50.77818298339844,0.6228014230728149,74,0.2111441195011139,0.050696246325969696,0.1687982678413391,0.11627071350812912
rosenbrock,1.9287498479639178e-22,2,cholesky,5,ode_transport,8192,0.02,1000,4,rosenbrock,758,0.31081295013427734,-50.77479934692383,0.552034318447113,80,0.22319857776165009,0.09034083038568497,0.16900752484798431,0.11442293226718903
rosenbrock,1.9287498479639178e-22,2,cholesky,5,ode_transport,8192,0.02,1000,4,rosenbrock,759,0.3777179718017578,-50.76736068725586,0.5383929014205933,80,0.4017258286476135,0.22224101424217224,0.1939314603805542,0.27273279428482056
rosenbrock,1.9287498479639178e-22,2,cholesky,5,ode_transport,8192,0.02,1000,4,rosenbrock,760,0.310711145401001,-50.75619125366211,0.6328368186950684,80,0.5625431537628174,0.43857067823410034,0.20998091995716095,0.28287556767463684
rosenbrock,1.9287498479639178e-22,2,cholesky,5,ode_transport,8192,0.02,1000,4,rosenbrock,761,0.2931489944458008,-50.76678466796875,0.5293083786964417,74,0.49277228116989136,0.39005187153816223,0.1736549437046051,0.24602437019348145
rosenbrock,1.9287498479639178e-22,2,cholesky,5,ode_transport,8192,0.02,1000,4,rosenbrock,762,0.27997803688049316,-50.76659393310547,0.584132969379425,74,0.23383358120918274,0.06334708631038666,0.19925571978092194,0.10470167547464371
rosenbrock,1.9287498479639178e-22,2,cholesky,5,ode_transport,8192,0.02,1000,4,rosenbrock,763,0.33443212509155273,-50.770938873291016,0.5753882527351379,92,0.32977214455604553,0.15452012419700623,0.12731939554214478,0.26203620433807373
rosenbrock,1.9287498479639178e-22,2,cholesky,5,ode_transport,8192,0.02,1000,4,rosenbrock,764,0.33421778678894043,-50.77316665649414,0.5670502781867981,86,0.3153945505619049,0.1257028579711914,0.2458239048719406,0.15245696902275085
rosenbrock,1.9287498479639178e-22,2,cholesky,5,ode_transport,8192,0.02,1000,4,rosenbrock,765,0.2843191623687744,-50.76784896850586,0.5603927969932556,74,0.22437365353107452,0.07775021344423294,0.19030235707759857,0.08990801125764847
rosenbrock,1.9287498479639178e-22,2,cholesky,5,ode_transport,8192,0.02,1000,4,rosenbrock,766,0.30298399925231934,-50.78053665161133,0.5839568376541138,80,0.3157406747341156,0.2311328649520874,0.1440039724111557,0.1597893387079239
rosenbrock,1.9287498479639178e-22,2,cholesky,5,ode_transport,8192,0.02,1000,4,rosenbrock,767,0.3098740577697754,-50.77291488647461,0.5959365963935852,80,0.22944340109825134,0.0543416328728199,0.18518225848674774,0.12409184128046036
rosenbrock,1.9287498479639178e-22,2,cholesky,5,ode_transport,8192,0.02,1000,4,rosenbrock,768,0.3535771369934082,-50.762428283691406,0.5995966792106628,92,1.4179060459136963,1.0977240800857544,0.5556422472000122,0.7047844529151917
rosenbrock,1.9287498479639178e-22,2,cholesky,5,ode_transport,8192,0.02,1000,4,rosenbrock,769,0.33823680877685547,-50.76698684692383,0.5784920454025269,86,0.34110990166664124,0.1952277421951294,0.18997639417648315,0.2053072452545166
rosenbrock,1.9287498479639178e-22,2,cholesky,5,ode_transport,8192,0.02,1000,4,rosenbrock,770,0.3196380138397217,-50.77029800415039,0.5688521265983582,86,0.3547168970108032,0.25347521901130676,0.15325070917606354,0.19516302645206451
rosenbrock,1.9287498479639178e-22,2,cholesky,5,ode_transport,8192,0.02,1000,4,rosenbrock,771,0.28657102584838867,-50.76582717895508,0.6825331449508667,74,0.2059168666601181,0.1035396158695221,0.09883810579776764,0.1480281502008438
rosenbrock,1.9287498479639178e-22,2,cholesky,5,ode_transport,8192,0.02,1000,4,rosenbrock,772,0.2739861011505127,-50.77377700805664,0.6418002247810364,68,0.18072029948234558,0.07870201021432877,0.12750285863876343,0.10103881359100342
rosenbrock,1.9287498479639178e-22,2,cholesky,5,ode_transport,8192,0.02,1000,4,rosenbrock,773,0.3016786575317383,-50.759552001953125,0.5489953756332397,80,0.3703916072845459,0.17492172122001648,0.16885237395763397,0.2794301211833954
rosenbrock,1.9287498479639178e-22,2,cholesky,5,ode_transport,8192,0.02,1000,4,rosenbrock,774,0.289539098739624,-50.76514434814453,0.6782134175300598,74,0.48397693037986755,0.4027753472328186,0.23551256954669952,0.12860612571239471
rosenbrock,1.9287498479639178e-22,2,cholesky,5,ode_transport,8192,0.02,1000,4,rosenbrock,775,0.29059600830078125,-50.77069091796875,0.6271117925643921,74,0.41526108980178833,0.35169121623039246,0.14131894707679749,0.16965855658054352
rosenbrock,1.9287498479639178e-22,2,cholesky,5,ode_transport,8192,0.02,1000,4,rosenbrock,776,0.35190296173095703,-50.781978607177734,0.6997119784355164,74,0.27993252873420715,0.17731916904449463,0.17433209717273712,0.1285630613565445
rosenbrock,1.9287498479639178e-22,2,cholesky,5,ode_transport,8192,0.02,1000,4,rosenbrock,777,0.30702900886535645,-50.76819610595703,0.565309464931488,80,0.15966376662254333,0.046460628509521484,0.1231033205986023,0.09044060856103897
rosenbrock,1.9287498479639178e-22,2,cholesky,5,ode_transport,8192,0.02,1000,4,rosenbrock,778,0.319080114364624,-50.76758575439453,0.5292671322822571,86,2.007554769515991,1.5886893272399902,0.7578360438346863,0.9654152989387512
rosenbrock,1.9287498479639178e-22,2,cholesky,5,ode_transport,8192,0.02,1000,4,rosenbrock,779,0.28770995140075684,-50.756248474121094,0.5451527833938599,74,0.1661633998155594,0.08361145853996277,0.10466988384723663,0.0983036607503891
rosenbrock,1.9287498479639178e-22,2,cholesky,5,ode_transport,8192,0.02,1000,4,rosenbrock,780,0.2900688648223877,-50.75880813598633,0.5347695350646973,74,0.4708481431007385,0.318095326423645,0.2478942722082138,0.2430262565612793
rosenbrock,1.9287498479639178e-22,2,cholesky,5,ode_transport,8192,0.02,1000,4,rosenbrock,781,0.3177609443664551,-50.767913818359375,0.5545324683189392,74,0.2130645215511322,0.11493153870105743,0.12703070044517517,0.1266903132200241
rosenbrock,1.9287498479639178e-22,2,cholesky,5,ode_transport,8192,0.02,1000,4,rosenbrock,782,0.3133249282836914,-50.75859069824219,0.5487892031669617,74,0.1337001621723175,0.038245197385549545,0.08973776549100876,0.09143398702144623
rosenbrock,1.9287498479639178e-22,2,cholesky,5,ode_transport,8192,0.02,1000,4,rosenbrock,783,0.30216217041015625,-50.77201461791992,0.5722163319587708,74,0.15144510567188263,0.05096571519970894,0.09620536118745804,0.10527414083480835
rosenbrock,1.9287498479639178e-22,2,cholesky,5,ode_transport,8192,0.02,1000,4,rosenbrock,784,0.2961091995239258,-50.75860595703125,0.6314195394515991,80,0.48335230350494385,0.33799174427986145,0.24791350960731506,0.2406863123178482
rosenbrock,1.9287498479639178e-22,2,cholesky,5,ode_transport,8192,0.02,1000,4,rosenbrock,785,0.29747676849365234,-50.75519943237305,0.5475167632102966,80,0.2918957769870758,0.14118671417236328,0.23107297718524933,0.10897129774093628
rosenbrock,1.9287498479639178e-22,2,cholesky,5,ode_transport,8192,0.02,1000,4,rosenbrock,786,0.2829780578613281,-50.76667785644531,0.591728150844574,74,0.21288815140724182,0.0822153240442276,0.13475129008293152,0.14284288883209229
rosenbrock,1.9287498479639178e-22,2,cholesky,5,ode_transport,8192,0.02,1000,4,rosenbrock,787,0.28344297409057617,-50.763427734375,0.577141284942627,74,0.33371272683143616,0.2024601250886917,0.14533770084381104,0.22192572057247162
rosenbrock,1.9287498479639178e-22,2,cholesky,5,ode_transport,8192,0.02,1000,4,rosenbrock,788,0.3018512725830078,-50.76431655883789,0.6724914908409119,80,0.2125234156847,0.0565185509622097,0.14302530884742737,0.146682009100914
rosenbrock,1.9287498479639178e-22,2,cholesky,5,ode_transport,8192,0.02,1000,4,rosenbrock,789,0.2994229793548584,-50.76243591308594,0.5328773856163025,80,0.1562328338623047,0.06725963950157166,0.09513019770383835,0.10409171134233475
rosenbrock,1.9287498479639178e-22,2,cholesky,5,ode_transport,8192,0.02,1000,4,rosenbrock,790,0.2920339107513428,-50.764068603515625,0.5602821111679077,74,0.24075207114219666,0.1803220808506012,0.12917448580265045,0.09359199553728104
rosenbrock,1.9287498479639178e-22,2,cholesky,5,ode_transport,8192,0.02,1000,4,rosenbrock,791,0.2902190685272217,-50.76361083984375,0.5804350972175598,74,0.5695343613624573,0.3167470097541809,0.34765616059303284,0.32121002674102783
rosenbrock,1.9287498479639178e-22,2,cholesky,5,ode_transport,8192,0.02,1000,4,rosenbrock,792,0.30183887481689453,-50.753623962402344,0.5600499510765076,80,0.27564409375190735,0.16257035732269287,0.16254064440727234,0.15208908915519714
rosenbrock,1.9287498479639178e-22,2,cholesky,5,ode_transport,8192,0.02,1000,4,rosenbrock,793,0.3338661193847656,-50.760066986083984,0.5576440691947937,86,3.3333206176757812,1.5245131254196167,0.843734860420227,2.841653823852539
rosenbrock,1.9287498479639178e-22,2,cholesky,5,ode_transport,8192,0.02,1000,4,rosenbrock,794,0.3268859386444092,-50.771156311035156,0.5950790047645569,80,0.46227163076400757,0.20559905469417572,0.3109614849090576,0.27336251735687256
rosenbrock,1.9287498479639178e-22,2,cholesky,5,ode_transport,8192,0.02,1000,4,rosenbrock,795,0.29008984565734863,-50.758358001708984,0.6018056869506836,74,0.9769079089164734,0.7440300583839417,0.38280561566352844,0.5042104125022888
rosenbrock,1.9287498479639178e-22,2,cholesky,5,ode_transport,8192,0.02,1000,4,rosenbrock,796,0.2894909381866455,-50.77255630493164,0.6372926831245422,74,0.5443745255470276,0.4265265464782715,0.2200303077697754,0.25691530108451843
rosenbrock,1.9287498479639178e-22,2,cholesky,5,ode_transport,8192,0.02,1000,4,rosenbrock,797,0.3293030261993408,-50.74905776977539,0.5588372349739075,86,0.4146517217159271,0.2413773536682129,0.26471811532974243,0.208799809217453
rosenbrock,1.9287498479639178e-22,2,cholesky,5,ode_transport,8192,0.02,1000,4,rosenbrock,798,0.3065609931945801,-50.772911071777344,0.5728529095649719,80,0.18375474214553833,0.10968741774559021,0.1052020713686943,0.10328115522861481
rosenbrock,1.9287498479639178e-22,2,cholesky,5,ode_transport,8192,0.02,1000,4,rosenbrock,799,0.29128599166870117,-50.770015716552734,0.6172390580177307,74,3.0616748332977295,2.585742950439453,1.0967340469360352,1.2185888290405273
rosenbrock,1.9287498479639178e-22,2,cholesky,5,ode_transport,8192,0.02,1000,4,rosenbrock,800,0.34366703033447266,-50.761962890625,0.5417625308036804,92,0.5380492210388184,0.4098716378211975,0.1745421141386032,0.30172374844551086
rosenbrock,1.9287498479639178e-22,2,cholesky,5,ode_transport,8192,0.02,1000,4,rosenbrock,801,0.2921607494354248,-50.751800537109375,0.563335120677948,74,0.2814905345439911,0.06824248284101486,0.19402271509170532,0.1921849548816681
rosenbrock,1.9287498479639178e-22,2,cholesky,5,ode_transport,8192,0.02,1000,4,rosenbrock,802,0.2923431396484375,-50.75209045410156,0.5552130937576294,74,0.33864089846611023,0.22632966935634613,0.16242414712905884,0.1925380975008011
rosenbrock,1.9287498479639178e-22,2,cholesky,5,ode_transport,8192,0.02,1000,4,rosenbrock,803,0.27824926376342773,-50.764259338378906,0.5410162806510925,68,0.5667356252670288,0.4730464220046997,0.21316125988960266,0.22798828780651093
rosenbrock,1.9287498479639178e-22,2,cholesky,5,ode_transport,8192,0.02,1000,4,rosenbrock,804,0.34470486640930176,-50.765052795410156,0.588150143623352,92,0.20460392534732819,0.048734527081251144,0.14698219299316406,0.13373085856437683
rosenbrock,1.9287498479639178e-22,2,cholesky,5,ode_transport,8192,0.02,1000,4,rosenbrock,805,0.30546092987060547,-50.76679611206055,0.5617775321006775,80,0.2937135696411133,0.07907769083976746,0.24348586797714233,0.14397571980953217
rosenbrock,1.9287498479639178e-22,2,cholesky,5,ode_transport,8192,0.02,1000,4,rosenbrock,806,0.28957271575927734,-50.76218795776367,0.5224713087081909,74,0.23629429936408997,0.06176768243312836,0.15617214143276215,0.16622278094291687
rosenbrock,1.9287498479639178e-22,2,cholesky,5,ode_transport,8192,0.02,1000,4,rosenbrock,807,0.29268813133239746,-50.76511764526367,0.5947259068489075,74,0.6075208783149719,0.4438779354095459,0.24859383702278137,0.33204686641693115
rosenbrock,1.9287498479639178e-22,2,cholesky,5,ode_transport,8192,0.02,1000,4,rosenbrock,808,0.30727601051330566,-50.77064514160156,0.5723413825035095,80,0.4454115927219391,0.2771275043487549,0.28195929527282715,0.20516036450862885
rosenbrock,1.9287498479639178e-22,2,cholesky,5,ode_transport,8192,0.02,1000,4,rosenbrock,809,0.2904980182647705,-50.75568389892578,0.6196622848510742,74,0.21035486459732056,0.13839510083198547,0.0906602069735527,0.12991030514240265
rosenbrock,1.9287498479639178e-22,2,cholesky,5,ode_transport,8192,0.02,1000,4,rosenbrock,810,0.31761598587036133,-50.75625228881836,0.5759539008140564,80,0.34374281764030457,0.21261675655841827,0.14449650049209595,0.22819727659225464
rosenbrock,1.9287498479639178e-22,2,cholesky,5,ode_transport,8192,0.02,1000,4,rosenbrock,811,0.3430969715118408,-50.7565803527832,0.537642240524292,80,0.18016213178634644,0.08468172699213028,0.10890549421310425,0.11587491631507874
rosenbrock,1.9287498479639178e-22,2,cholesky,5,ode_transport,8192,0.02,1000,4,rosenbrock,812,0.35190677642822266,-50.76190185546875,0.5997542142868042,92,0.2334708869457245,0.03126520290970802,0.10810909420251846,0.20455700159072876
rosenbrock,1.9287498479639178e-22,2,cholesky,5,ode_transport,8192,0.02,1000,4,rosenbrock,813,0.28904294967651367,-50.76658630371094,0.6058067679405212,74,0.19195279479026794,0.05906231328845024,0.13538169860839844,0.12259410321712494
rosenbrock,1.9287498479639178e-22,2,cholesky,5,ode_transport,8192,0.02,1000,4,rosenbrock,814,0.32477903366088867,-50.76693344116211,0.582350492477417,86,0.19046258926391602,0.03246349096298218,0.12524329125881195,0.13977210223674774
rosenbrock,1.9287498479639178e-22,2,cholesky,5,ode_transport,8192,0.02,1000,4,rosenbrock,815,0.29849767684936523,-50.76896286010742,0.6197224259376526,80,0.239898681640625,0.04699885845184326,0.18516424298286438,0.14510922133922577
rosenbrock,1.9287498479639178e-22,2,cholesky,5,ode_transport,8192,0.02,1000,4,rosenbrock,816,0.2841920852661133,-50.7581672668457,0.6208239197731018,74,0.28109219670295715,0.1514335721731186,0.14361771941184998,0.18829408288002014
rosenbrock,1.9287498479639178e-22,2,cholesky,5,ode_transport,8192,0.02,1000,4,rosenbrock,817,0.28818726539611816,-50.755088806152344,0.6193709969520569,74,0.36061739921569824,0.20909370481967926,0.18802253901958466,0.22577041387557983
rosenbrock,1.9287498479639178e-22,2,cholesky,5,ode_transport,8192,0.02,1000,4,rosenbrock,818,0.32026219367980957,-50.759254455566406,0.5721362829208374,86,0.4846629798412323,0.3514954745769501,0.15253382921218872,0.2967870831489563
rosenbrock,1.9287498479639178e-22,2,cholesky,5,ode_transport,8192,0.02,1000,4,rosenbrock,819,0.28961706161499023,-50.76673889160156,0.5711404085159302,74,0.12428019195795059,0.03625907003879547,0.08399603515863419,0.08411605656147003
rosenbrock,1.9287498479639178e-22,2,cholesky,5,ode_transport,8192,0.02,1000,4,rosenbrock,820,0.33905625343322754,-50.75898361206055,0.5761628150939941,92,0.5918554067611694,0.5018219351768494,0.20348969101905823,0.23887144029140472
rosenbrock,1.9287498479639178e-22,2,cholesky,5,ode_transport,8192,0.02,1000,4,rosenbrock,821,0.3378899097442627,-50.751976013183594,0.5211017727851868,92,0.18511256575584412,0.04215783625841141,0.13385669887065887,0.12071356177330017
rosenbrock,1.9287498479639178e-22,2,cholesky,5,ode_transport,8192,0.02,1000,4,rosenbrock,822,0.28423118591308594,-50.76342010498047,0.5216718912124634,74,0.22279547154903412,0.09210464358329773,0.1171463280916214,0.16562394797801971
rosenbrock,1.9287498479639178e-22,2,cholesky,5,ode_transport,8192,0.02,1000,4,rosenbrock,823,0.28817200660705566,-50.75804138183594,0.5643889307975769,74,0.813235878944397,0.6668598651885986,0.30373308062553406,0.3526991903781891
rosenbrock,1.9287498479639178e-22,2,cholesky,5,ode_transport,8192,0.02,1000,4,rosenbrock,824,0.2884359359741211,-50.769676208496094,0.5916587114334106,74,0.1916775107383728,0.06757783889770508,0.10392944514751434,0.1461922526359558
rosenbrock,1.9287498479639178e-22,2,cholesky,5,ode_transport,8192,0.02,1000,4,rosenbrock,825,0.2874119281768799,-50.76744842529297,0.5279960632324219,74,0.40800973773002625,0.2979359030723572,0.18488502502441406,0.20862331986427307
rosenbrock,1.9287498479639178e-22,2,cholesky,5,ode_transport,8192,0.02,1000,4,rosenbrock,826,0.2892181873321533,-50.765289306640625,0.5708820223808289,74,0.2098969966173172,0.08710740506649017,0.16415446996688843,0.09758253395557404
rosenbrock,1.9287498479639178e-22,2,cholesky,5,ode_transport,8192,0.02,1000,4,rosenbrock,827,0.3411891460418701,-50.75917053222656,0.586151123046875,92,0.25223487615585327,0.077640101313591,0.1888163536787033,0.1481311172246933
rosenbrock,1.9287498479639178e-22,2,cholesky,5,ode_transport,8192,0.02,1000,4,rosenbrock,828,0.2941579818725586,-50.76358413696289,0.6022023558616638,74,0.2610614597797394,0.0933629497885704,0.1345437914133072,0.20330864191055298
rosenbrock,1.9287498479639178e-22,2,cholesky,5,ode_transport,8192,0.02,1000,4,rosenbrock,829,0.28845691680908203,-50.7607536315918,0.6245640516281128,74,0.29021376371383667,0.1184963807463646,0.17737923562526703,0.19677205383777618
rosenbrock,1.9287498479639178e-22,2,cholesky,5,ode_transport,8192,0.02,1000,4,rosenbrock,830,0.28598594665527344,-50.76708984375,0.6512422561645508,74,0.7482679486274719,0.5983144640922546,0.3508076071739197,0.2808178663253784
rosenbrock,1.9287498479639178e-22,2,cholesky,5,ode_transport,8192,0.02,1000,4,rosenbrock,831,0.2864201068878174,-50.77336883544922,0.6734574437141418,74,0.26786068081855774,0.14486509561538696,0.15887445211410522,0.15975716710090637
rosenbrock,1.9287498479639178e-22,2,cholesky,5,ode_transport,8192,0.02,1000,4,rosenbrock,832,0.2929689884185791,-50.76408004760742,0.5949124097824097,74,0.277242511510849,0.1801346391439438,0.14728765189647675,0.1507357805967331
rosenbrock,1.9287498479639178e-22,2,cholesky,5,ode_transport,8192,0.02,1000,4,rosenbrock,833,0.33530497550964355,-50.747230529785156,0.5682601928710938,86,0.19551897048950195,0.07442665845155716,0.11093079298734665,0.142767995595932
rosenbrock,1.9287498479639178e-22,2,cholesky,5,ode_transport,8192,0.02,1000,4,rosenbrock,834,0.29644012451171875,-50.75557327270508,0.6447317004203796,80,0.39020785689353943,0.2706798315048218,0.22594040632247925,0.1671692579984665
rosenbrock,1.9287498479639178e-22,2,cholesky,5,ode_transport,8192,0.02,1000,4,rosenbrock,835,0.30198121070861816,-50.764373779296875,0.5820032358169556,80,0.4240265488624573,0.34368830919265747,0.13900171220302582,0.20580421388149261
rosenbrock,1.9287498479639178e-22,2,cholesky,5,ode_transport,8192,0.02,1000,4,rosenbrock,836,0.2968108654022217,-50.75387954711914,0.6466847062110901,74,0.3056410253047943,0.22308525443077087,0.15537340939044952,0.1396728903055191
rosenbrock,1.9287498479639178e-22,2,cholesky,5,ode_transport,8192,0.02,1000,4,rosenbrock,837,0.279587984085083,-50.75922393798828,0.5709812641143799,74,0.6123948693275452,0.48784908652305603,0.21741501986980438,0.2996022403240204
rosenbrock,1.9287498479639178e-22,2,cholesky,5,ode_transport,8192,0.02,1000,4,rosenbrock,838,0.3085019588470459,-50.752716064453125,0.5542449951171875,86,0.4762190878391266,0.367379367351532,0.20476152002811432,0.22336015105247498
rosenbrock,1.9287498479639178e-22,2,cholesky,5,ode_transport,8192,0.02,1000,4,rosenbrock,839,0.279926061630249,-50.75737762451172,0.7043989896774292,74,0.19488392770290375,0.05130373686552048,0.16794411838054657,0.08451300114393234
rosenbrock,1.9287498479639178e-22,2,cholesky,5,ode_transport,8192,0.02,1000,4,rosenbrock,840,0.2788419723510742,-50.75437927246094,0.5869162678718567,74,5.129574298858643,4.215860843658447,1.6910117864608765,2.3831772804260254
rosenbrock,1.9287498479639178e-22,2,cholesky,5,ode_transport,8192,0.02,1000,4,rosenbrock,841,0.2801229953765869,-50.752960205078125,0.5633560419082642,74,0.39394059777259827,0.28240957856178284,0.12440969794988632,0.2448596954345703
rosenbrock,1.9287498479639178e-22,2,cholesky,5,ode_transport,8192,0.02,1000,4,rosenbrock,842,0.2799220085144043,-50.7624397277832,0.6249130964279175,74,0.4141128659248352,0.08410553634166718,0.2813072204589844,0.29203081130981445
rosenbrock,1.9287498479639178e-22,2,cholesky,5,ode_transport,8192,0.02,1000,4,rosenbrock,843,0.28239989280700684,-50.764198303222656,0.605369508266449,74,4.038627624511719,3.388105630874634,1.2946563959121704,1.776265025138855
rosenbrock,1.9287498479639178e-22,2,cholesky,5,ode_transport,8192,0.02,1000,4,rosenbrock,844,0.27965378761291504,-50.749755859375,0.5310612916946411,74,0.2587519586086273,0.19159112870693207,0.13324744999408722,0.11176107823848724
rosenbrock,1.9287498479639178e-22,2,cholesky,5,ode_transport,8192,0.02,1000,4,rosenbrock,845,0.2812790870666504,-50.752933502197266,0.5884696841239929,74,0.9899671077728271,0.7918458580970764,0.3324763774871826,0.49241703748703003
rosenbrock,1.9287498479639178e-22,2,cholesky,5,ode_transport,8192,0.02,1000,4,rosenbrock,846,0.28064513206481934,-50.76288604736328,0.6433270573616028,74,0.175508514046669,0.1138913556933403,0.08990968763828278,0.09873319417238235
rosenbrock,1.9287498479639178e-22,2,cholesky,5,ode_transport,8192,0.02,1000,4,rosenbrock,847,0.3327329158782959,-50.755165100097656,0.5781354904174805,92,0.4054047465324402,0.06373081356287003,0.23893344402313232,0.3212509751319885
rosenbrock,1.9287498479639178e-22,2,cholesky,5,ode_transport,8192,0.02,1000,4,rosenbrock,848,0.2818150520324707,-50.75897216796875,0.5621830821037292,74,1.065434217453003,0.7852182388305664,0.5124304890632629,0.505962073802948
rosenbrock,1.9287498479639178e-22,2,cholesky,5,ode_transport,8192,0.02,1000,4,rosenbrock,849,0.28034281730651855,-50.762149810791016,0.6383510828018188,74,7.326412200927734,6.348971843719482,2.380704164505005,2.774728298187256
rosenbrock,1.9287498479639178e-22,2,cholesky,5,ode_transport,8192,0.02,1000,4,rosenbrock,850,0.2954528331756592,-50.76901626586914,0.6611157655715942,80,0.2953339219093323,0.03507314249873161,0.22107765078544617,0.19265685975551605
rosenbrock,1.9287498479639178e-22,2,cholesky,5,ode_transport,8192,0.02,1000,4,rosenbrock,851,0.2883298397064209,-50.759979248046875,0.5492491722106934,74,0.7270923256874084,0.6131307482719421,0.27413177490234375,0.27854228019714355
rosenbrock,1.9287498479639178e-22,2,cholesky,5,ode_transport,8192,0.02,1000,4,rosenbrock,852,0.3412637710571289,-50.762969970703125,0.5742777585983276,86,0.3077135682106018,0.22197295725345612,0.19484762847423553,0.08631369471549988
rosenbrock,1.9287498479639178e-22,2,cholesky,5,ode_transport,8192,0.02,1000,4,rosenbrock,853,0.34438610076904297,-50.765289306640625,0.5615629553794861,86,0.6331397891044617,0.33059853315353394,0.49359220266342163,0.21894608438014984
rosenbrock,1.9287498479639178e-22,2,cholesky,5,ode_transport,8192,0.02,1000,4,rosenbrock,854,0.28371691703796387,-50.765724182128906,0.5396060347557068,74,0.30268990993499756,0.06827475130558014,0.26296553015708923,0.13344989717006683
rosenbrock,1.9287498479639178e-22,2,cholesky,5,ode_transport,8192,0.02,1000,4,rosenbrock,855,0.28437304496765137,-50.773250579833984,0.5927121043205261,74,1.5344929695129395,1.101640224456787,0.6781640648841858,0.8253183364868164
rosenbrock,1.9287498479639178e-22,2,cholesky,5,ode_transport,8192,0.02,1000,4,rosenbrock,856,0.3208291530609131,-50.76005554199219,0.6104784607887268,86,0.37815770506858826,0.24415433406829834,0.2155551016330719,0.19216634333133698
rosenbrock,1.9287498479639178e-22,2,cholesky,5,ode_transport,8192,0.02,1000,4,rosenbrock,857,0.28250885009765625,-50.75457000732422,0.5907170176506042,74,0.46391433477401733,0.27077144384384155,0.2092357575893402,0.3132406771183014
rosenbrock,1.9287498479639178e-22,2,cholesky,5,ode_transport,8192,0.02,1000,4,rosenbrock,858,0.2940530776977539,-50.756744384765625,0.5083611607551575,74,0.29884523153305054,0.10946434736251831,0.20339633524417877,0.18962061405181885
rosenbrock,1.9287498479639178e-22,2,cholesky,5,ode_transport,8192,0.02,1000,4,rosenbrock,859,0.3223228454589844,-50.76172637939453,0.5622585415840149,86,0.4212217330932617,0.3139387369155884,0.24740588665008545,0.13289302587509155
rosenbrock,1.9287498479639178e-22,2,cholesky,5,ode_transport,8192,0.02,1000,4,rosenbrock,860,0.2862417697906494,-50.76593780517578,0.6101471781730652,74,0.3307209610939026,0.12790346145629883,0.23328463733196259,0.19645695388317108
rosenbrock,1.9287498479639178e-22,2,cholesky,5,ode_transport,8192,0.02,1000,4,rosenbrock,861,0.2993278503417969,-50.76458740234375,0.5175875425338745,80,0.2091827392578125,0.027117447927594185,0.18841540813446045,0.08672771602869034
rosenbrock,1.9287498479639178e-22,2,cholesky,5,ode_transport,8192,0.02,1000,4,rosenbrock,862,0.34001827239990234,-50.764976501464844,0.5255923867225647,92,0.25621771812438965,0.12567956745624542,0.11844798922538757,0.18926765024662018
rosenbrock,1.9287498479639178e-22,2,cholesky,5,ode_transport,8192,0.02,1000,4,rosenbrock,863,0.3003237247467041,-50.76036834716797,0.5309999585151672,80,0.2470942735671997,0.03996101766824722,0.15074308216571808,0.19166435301303864
rosenbrock,1.9287498479639178e-22,2,cholesky,5,ode_transport,8192,0.02,1000,4,rosenbrock,864,0.2949519157409668,-50.76699447631836,0.5768060684204102,74,0.3041480481624603,0.2546723783016205,0.1048743799328804,0.12903253734111786
rosenbrock,1.9287498479639178e-22,2,cholesky,5,ode_transport,8192,0.02,1000,4,rosenbrock,865,0.2972829341888428,-50.76089859008789,0.6586980819702148,74,0.9051976799964905,0.7460722923278809,0.2739759683609009,0.4332391023635864
rosenbrock,1.9287498479639178e-22,2,cholesky,5,ode_transport,8192,0.02,1000,4,rosenbrock,866,0.29476284980773926,-50.76184844970703,0.5664483904838562,74,0.4697492718696594,0.3071924149990082,0.27084866166114807,0.23008298873901367
rosenbrock,1.9287498479639178e-22,2,cholesky,5,ode_transport,8192,0.02,1000,4,rosenbrock,867,0.29718899726867676,-50.75381088256836,0.5611226558685303,74,0.24649116396903992,0.07754608988761902,0.21068450808525085,0.10176705569028854
rosenbrock,1.9287498479639178e-22,2,cholesky,5,ode_transport,8192,0.02,1000,4,rosenbrock,868,0.38826799392700195,-50.762123107910156,0.5702817440032959,92,0.22400234639644623,0.08408656716346741,0.14439328014850616,0.1491880565881729
rosenbrock,1.9287498479639178e-22,2,cholesky,5,ode_transport,8192,0.02,1000,4,rosenbrock,869,0.3289341926574707,-50.76179885864258,0.5765699148178101,74,0.3689103424549103,0.1994054764509201,0.24399656057357788,0.19182798266410828
rosenbrock,1.9287498479639178e-22,2,cholesky,5,ode_transport,8192,0.02,1000,4,rosenbrock,870,0.36037778854370117,-50.764625549316406,0.6479098796844482,98,0.184456929564476,0.1098412498831749,0.1146606057882309,0.09387335181236267
rosenbrock,1.9287498479639178e-22,2,cholesky,5,ode_transport,8192,0.02,1000,4,rosenbrock,871,0.31426215171813965,-50.755680084228516,0.5742934346199036,74,0.3293771743774414,0.14466750621795654,0.1662977635860443,0.24475638568401337
rosenbrock,1.9287498479639178e-22,2,cholesky,5,ode_transport,8192,0.02,1000,4,rosenbrock,872,0.42114710807800293,-50.75799560546875,0.547580361366272,80,0.14530982077121735,0.025270657613873482,0.08782327175140381,0.11297527700662613
rosenbrock,1.9287498479639178e-22,2,cholesky,5,ode_transport,8192,0.02,1000,4,rosenbrock,873,0.3602590560913086,-50.75503921508789,0.5261566042900085,68,0.20809799432754517,0.08412273973226547,0.12435247749090195,0.14409928023815155
rosenbrock,1.9287498479639178e-22,2,cholesky,5,ode_transport,8192,0.02,1000,4,rosenbrock,874,0.31049299240112305,-50.7630500793457,0.5619622468948364,74,0.2740449011325836,0.144706130027771,0.22167710959911346,0.0708518996834755
rosenbrock,1.9287498479639178e-22,2,cholesky,5,ode_transport,8192,0.02,1000,4,rosenbrock,875,0.330888032913208,-50.75249481201172,0.8260660767555237,80,0.3298807442188263,0.24554488062858582,0.13946105539798737,0.17052750289440155
rosenbrock,1.9287498479639178e-22,2,cholesky,5,ode_transport,8192,0.02,1000,4,rosenbrock,876,0.2828519344329834,-50.77546691894531,0.6472872495651245,74,0.21172361075878143,0.07927960902452469,0.16615235805511475,0.10457067936658859
rosenbrock,1.9287498479639178e-22,2,cholesky,5,ode_transport,8192,0.02,1000,4,rosenbrock,877,0.3401448726654053,-50.76244354248047,0.5735874176025391,86,0.20872581005096436,0.06721597909927368,0.1368916928768158,0.14251014590263367
rosenbrock,1.9287498479639178e-22,2,cholesky,5,ode_transport,8192,0.02,1000,4,rosenbrock,878,0.31690382957458496,-50.761802673339844,0.549289882183075,68,0.36778783798217773,0.2641128599643707,0.22408880293369293,0.12367898970842361
rosenbrock,1.9287498479639178e-22,2,cholesky,5,ode_transport,8192,0.02,1000,4,rosenbrock,879,0.30724406242370605,-50.76468276977539,0.5638805627822876,80,0.44253262877464294,0.3584669232368469,0.14020377397537231,0.2183564156293869
rosenbrock,1.9287498479639178e-22,2,cholesky,5,ode_transport,8192,0.02,1000,4,rosenbrock,880,0.36247801780700684,-50.76158905029297,0.5410153865814209,92,0.410049170255661,0.28224921226501465,0.19028455018997192,0.22862085700035095
rosenbrock,1.9287498479639178e-22,2,cholesky,5,ode_transport,8192,0.02,1000,4,rosenbrock,881,0.3269040584564209,-50.762176513671875,0.5835884809494019,74,0.7871454358100891,0.6709315180778503,0.30600959062576294,0.27533072233200073
rosenbrock,1.9287498479639178e-22,2,cholesky,5,ode_transport,8192,0.02,1000,4,rosenbrock,882,0.3043198585510254,-50.754005432128906,0.5261567234992981,74,0.8767955303192139,0.7314515709877014,0.3865232467651367,0.29042848944664
rosenbrock,1.9287498479639178e-22,2,cholesky,5,ode_transport,8192,0.02,1000,4,rosenbrock,883,0.31438779830932617,-50.75604248046875,0.5282829403877258,80,0.2166263461112976,0.1497555673122406,0.1105319932103157,0.11082836985588074
rosenbrock,1.9287498479639178e-22,2,cholesky,5,ode_transport,8192,0.02,1000,4,rosenbrock,884,0.2938408851623535,-50.76026153564453,0.6010466814041138,80,0.36414822936058044,0.23369400203227997,0.211537167429924,0.18232685327529907
rosenbrock,1.9287498479639178e-22,2,cholesky,5,ode_transport,8192,0.02,1000,4,rosenbrock,885,0.3000760078430176,-50.7620964050293,0.5403482913970947,80,0.4166405200958252,0.264846533536911,0.25803467631340027,0.19199933111667633
rosenbrock,1.9287498479639178e-22,2,cholesky,5,ode_transport,8192,0.02,1000,4,rosenbrock,886,0.3301050662994385,-50.754905700683594,0.5869496464729309,80,0.6435967683792114,0.4843883514404297,0.31944385170936584,0.27846071124076843
rosenbrock,1.9287498479639178e-22,2,cholesky,5,ode_transport,8192,0.02,1000,4,rosenbrock,887,0.2791719436645508,-50.758522033691406,0.6549505591392517,74,0.15988419950008392,0.023905295878648758,0.1252436488866806,0.09646514058113098
rosenbrock,1.9287498479639178e-22,2,cholesky,5,ode_transport,8192,0.02,1000,4,rosenbrock,888,0.2998180389404297,-50.751216888427734,0.5515048503875732,74,0.26735806465148926,0.1024039089679718,0.22090919315814972,0.11042150110006332
rosenbrock,1.9287498479639178e-22,2,cholesky,5,ode_transport,8192,0.02,1000,4,rosenbrock,889,0.3583557605743408,-50.75718688964844,0.6374181509017944,98,2.1888651847839355,1.642632246017456,0.7892035841941833,1.212455153465271
rosenbrock,1.9287498479639178e-22,2,cholesky,5,ode_transport,8192,0.02,1000,4,rosenbrock,890,0.30815792083740234,-50.75952911376953,0.5659438371658325,74,0.7346871495246887,0.6000979542732239,0.37644556164741516,0.1947726160287857
rosenbrock,1.9287498479639178e-22,2,cholesky,5,ode_transport,8192,0.02,1000,4,rosenbrock,891,0.40061402320861816,-50.764915466308594,0.6136689782142639,92,0.24543628096580505,0.05369442701339722,0.10250307619571686,0.21644628047943115
rosenbrock,1.9287498479639178e-22,2,cholesky,5,ode_transport,8192,0.02,1000,4,rosenbrock,892,0.36016011238098145,-50.75807571411133,0.5517632961273193,80,0.32195189595222473,0.2416500300168991,0.1053110808134079,0.18484555184841156
rosenbrock,1.9287498479639178e-22,2,cholesky,5,ode_transport,8192,0.02,1000,4,rosenbrock,893,0.30947303771972656,-50.75829315185547,0.5715036988258362,74,4.021552085876465,3.38614559173584,1.3438491821289062,1.7032233476638794
rosenbrock,1.9287498479639178e-22,2,cholesky,5,ode_transport,8192,0.02,1000,4,rosenbrock,894,0.29581522941589355,-50.7634391784668,0.5535566806793213,74,0.21257799863815308,0.10543431341648102,0.09654800593852997,0.1573260873556137
rosenbrock,1.9287498479639178e-22,2,cholesky,5,ode_transport,8192,0.02,1000,4,rosenbrock,895,0.30158424377441406,-50.759925842285156,0.5484163165092468,74,0.4284699857234955,0.32982122898101807,0.20505958795547485,0.1809835284948349
rosenbrock,1.9287498479639178e-22,2,cholesky,5,ode_transport,8192,0.02,1000,4,rosenbrock,896,0.3168208599090576,-50.75748062133789,0.5237500071525574,74,0.4190565049648285,0.35074692964553833,0.14745625853538513,0.1756177842617035
rosenbrock,1.9287498479639178e-22,2,cholesky,5,ode_transport,8192,0.02,1000,4,rosenbrock,897,0.3308119773864746,-50.7634162902832,0.5544853806495667,80,0.1815492808818817,0.03999592736363411,0.11481182277202606,0.13482843339443207
rosenbrock,1.9287498479639178e-22,2,cholesky,5,ode_transport,8192,0.02,1000,4,rosenbrock,898,0.35778021812438965,-50.75885772705078,0.5390258431434631,92,0.15127384662628174,0.03128967434167862,0.10153631865978241,0.10768058896064758
rosenbrock,1.9287498479639178e-22,2,cholesky,5,ode_transport,8192,0.02,1000,4,rosenbrock,899,0.32375121116638184,-50.75444793701172,0.5466044545173645,80,0.1423836350440979,0.04815583676099777,0.08538220822811127,0.10326661169528961
rosenbrock,1.9287498479639178e-22,2,cholesky,5,ode_transport,8192,0.02,1000,4,rosenbrock,900,0.31600379943847656,-50.75850296020508,0.5852171778678894,74,0.2344086766242981,0.1199597418308258,0.13988445699214935,0.14487729966640472
rosenbrock,1.9287498479639178e-22,2,cholesky,5,ode_transport,8192,0.02,1000,4,rosenbrock,901,0.3864741325378418,-50.767486572265625,0.5865767598152161,92,0.30743345618247986,0.2065877914428711,0.13323725759983063,0.18462027609348297
rosenbrock,1.9287498479639178e-22,2,cholesky,5,ode_transport,8192,0.02,1000,4,rosenbrock,902,0.37035703659057617,-50.75712966918945,0.5905452966690063,74,0.29457801580429077,0.05402584373950958,0.14353741705417633,0.2515043318271637
rosenbrock,1.9287498479639178e-22,2,cholesky,5,ode_transport,8192,0.02,1000,4,rosenbrock,903,0.3438911437988281,-50.76026916503906,0.570273220539093,74,0.5110118985176086,0.36998555064201355,0.25964412093162537,0.23838795721530914
rosenbrock,1.9287498479639178e-22,2,cholesky,5,ode_transport,8192,0.02,1000,4,rosenbrock,904,0.3575751781463623,-50.752445220947266,0.5539335012435913,86,0.4710102677345276,0.3705657720565796,0.2230665683746338,0.18647520244121552
rosenbrock,1.9287498479639178e-22,2,cholesky,5,ode_transport,8192,0.02,1000,4,rosenbrock,905,0.2956268787384033,-50.772010803222656,0.7216071486473083,74,0.8151581883430481,0.575336754322052,0.35375073552131653,0.4564327895641327
rosenbrock,1.9287498479639178e-22,2,cholesky,5,ode_transport,8192,0.02,1000,4,rosenbrock,906,0.35251808166503906,-50.76449203491211,0.5404896140098572,92,0.24000750482082367,0.08690399676561356,0.17629849910736084,0.1377321183681488
rosenbrock,1.9287498479639178e-22,2,cholesky,5,ode_transport,8192,0.02,1000,4,rosenbrock,907,0.3167128562927246,-50.74953842163086,0.5534743666648865,74,0.6545941829681396,0.11670858412981033,0.17598213255405426,0.6195989847183228
rosenbrock,1.9287498479639178e-22,2,cholesky,5,ode_transport,8192,0.02,1000,4,rosenbrock,908,0.3514831066131592,-50.761714935302734,0.583867609500885,80,0.16777370870113373,0.04100114852190018,0.1249295026063919,0.10420914739370346
rosenbrock,1.9287498479639178e-22,2,cholesky,5,ode_transport,8192,0.02,1000,4,rosenbrock,909,0.3221869468688965,-50.76228713989258,0.6092997193336487,74,1.732653260231018,1.42232084274292,0.5704724788665771,0.8084874749183655
rosenbrock,1.9287498479639178e-22,2,cholesky,5,ode_transport,8192,0.02,1000,4,rosenbrock,910,0.4670088291168213,-50.75628662109375,0.5926312208175659,86,0.19125786423683167,0.02419162355363369,0.10972142219543457,0.15477576851844788
rosenbrock,1.9287498479639178e-22,2,cholesky,5,ode_transport,8192,0.02,1000,4,rosenbrock,911,0.3051919937133789,-50.76802444458008,0.6255527138710022,74,0.2788780927658081,0.03447003662586212,0.21817325055599213,0.1702505201101303
rosenbrock,1.9287498479639178e-22,2,cholesky,5,ode_transport,8192,0.02,1000,4,rosenbrock,912,0.2986288070678711,-50.747291564941406,0.5546553134918213,74,0.23334011435508728,0.08194650709629059,0.1342986524105072,0.1723259836435318
rosenbrock,1.9287498479639178e-22,2,cholesky,5,ode_transport,8192,0.02,1000,4,rosenbrock,913,0.3239760398864746,-50.75360870361328,0.5305414199829102,74,0.15269526839256287,0.04671104997396469,0.11629687994718552,0.08722933381795883
rosenbrock,1.9287498479639178e-22,2,cholesky,5,ode_transport,8192,0.02,1000,4,rosenbrock,914,0.3303499221801758,-50.766666412353516,0.5793353319168091,80,0.23558154702186584,0.10775220394134521,0.13818487524986267,0.1574581265449524
rosenbrock,1.9287498479639178e-22,2,cholesky,5,ode_transport,8192,0.02,1000,4,rosenbrock,915,0.30655789375305176,-50.76387023925781,0.5822485089302063,74,0.4578129053115845,0.37484821677207947,0.13509108126163483,0.22545921802520752
rosenbrock,1.9287498479639178e-22,2,cholesky,5,ode_transport,8192,0.02,1000,4,rosenbrock,916,0.3076012134552002,-50.758270263671875,0.544346034526825,74,0.25913119316101074,0.13179607689380646,0.1177300438284874,0.18952150642871857
rosenbrock,1.9287498479639178e-22,2,cholesky,5,ode_transport,8192,0.02,1000,4,rosenbrock,917,0.32497096061706543,-50.75815200805664,0.5539504885673523,74,0.19714857637882233,0.08536913990974426,0.1114257425069809,0.1384340226650238
rosenbrock,1.9287498479639178e-22,2,cholesky,5,ode_transport,8192,0.02,1000,4,rosenbrock,918,0.31209683418273926,-50.77082061767578,0.6103734970092773,80,0.23990412056446075,0.030657924711704254,0.20909565687179565,0.11354772001504898
rosenbrock,1.9287498479639178e-22,2,cholesky,5,ode_transport,8192,0.02,1000,4,rosenbrock,919,0.36928391456604004,-50.75810241699219,0.5664998292922974,92,2.107325792312622,1.2387311458587646,0.5995462536811829,1.5959044694900513
rosenbrock,1.9287498479639178e-22,2,cholesky,5,ode_transport,8192,0.02,1000,4,rosenbrock,920,0.3511371612548828,-50.75248336791992,0.5365700721740723,80,0.16303198039531708,0.03369300439953804,0.10527592152357101,0.119838185608387
rosenbrock,1.9287498479639178e-22,2,cholesky,5,ode_transport,8192,0.02,1000,4,rosenbrock,921,0.3307192325592041,-50.75742721557617,0.5333072543144226,80,0.8007615208625793,0.642634391784668,0.2579995393753052,0.4020899534225464
rosenbrock,1.9287498479639178e-22,2,cholesky,5,ode_transport,8192,0.02,1000,4,rosenbrock,922,0.3266479969024658,-50.757301330566406,0.5573475956916809,86,1.6360493898391724,1.4192051887512207,0.5196165442466736,0.6265084743499756
rosenbrock,1.9287498479639178e-22,2,cholesky,5,ode_transport,8192,0.02,1000,4,rosenbrock,923,0.3787672519683838,-50.75601577758789,0.5664511322975159,86,0.4460318982601166,0.28571879863739014,0.23201587796211243,0.2519480586051941
rosenbrock,1.9287498479639178e-22,2,cholesky,5,ode_transport,8192,0.02,1000,4,rosenbrock,924,0.3472609519958496,-50.752525329589844,0.5911579132080078,74,0.31713151931762695,0.22556033730506897,0.1795092672109604,0.1321793496608734
rosenbrock,1.9287498479639178e-22,2,cholesky,5,ode_transport,8192,0.02,1000,4,rosenbrock,925,0.3288390636444092,-50.75557327270508,0.5690630078315735,80,0.15693773329257965,0.011994138360023499,0.1247139647603035,0.09450936317443848
rosenbrock,1.9287498479639178e-22,2,cholesky,5,ode_transport,8192,0.02,1000,4,rosenbrock,926,0.29464077949523926,-50.75508499145508,0.5474345684051514,80,0.17501893639564514,0.049052171409130096,0.09437244385480881,0.13899406790733337
rosenbrock,1.9287498479639178e-22,2,cholesky,5,ode_transport,8192,0.02,1000,4,rosenbrock,927,0.2838931083679199,-50.75372314453125,0.5767640471458435,74,0.27406758069992065,0.07611974328756332,0.22698502242565155,0.1334039866924286
rosenbrock,1.9287498479639178e-22,2,cholesky,5,ode_transport,8192,0.02,1000,4,rosenbrock,928,0.35971689224243164,-50.7645378112793,0.6457434296607971,80,0.2811639606952667,0.15472395718097687,0.13746033608913422,0.19031113386154175
rosenbrock,1.9287498479639178e-22,2,cholesky,5,ode_transport,8192,0.02,1000,4,rosenbrock,929,0.38287878036499023,-50.756317138671875,0.5562885403633118,74,0.2209986448287964,0.14524513483047485,0.1345149427652359,0.09823434054851532
rosenbrock,1.9287498479639178e-22,2,cholesky,5,ode_transport,8192,0.02,1000,4,rosenbrock,930,0.34290099143981934,-50.75468826293945,0.5637632012367249,80,0.7560665607452393,0.6040586233139038,0.3983627259731293,0.2192186564207077
rosenbrock,1.9287498479639178e-22,2,cholesky,5,ode_transport,8192,0.02,1000,4,rosenbrock,931,0.34616613388061523,-50.75191116333008,0.5718145966529846,86,0.6148229241371155,0.5077371001243591,0.19875355064868927,0.28409039974212646
rosenbrock,1.9287498479639178e-22,2,cholesky,5,ode_transport,8192,0.02,1000,4,rosenbrock,932,0.3454141616821289,-50.75587463378906,0.6163723468780518,74,0.1961241513490677,0.04094180837273598,0.1672486960887909,0.09389525651931763
rosenbrock,1.9287498479639178e-22,2,cholesky,5,ode_transport,8192,0.02,1000,4,rosenbrock,933,0.41591691970825195,-50.75981903076172,0.6162591576576233,92,0.20486119389533997,0.045370280742645264,0.10958198457956314,0.1670372188091278
rosenbrock,1.9287498479639178e-22,2,cholesky,5,ode_transport,8192,0.02,1000,4,rosenbrock,934,0.3206038475036621,-50.76396560668945,0.5785756707191467,74,0.2676428258419037,0.11989842355251312,0.18585871160030365,0.15071025490760803
rosenbrock,1.9287498479639178e-22,2,cholesky,5,ode_transport,8192,0.02,1000,4,rosenbrock,935,0.29075098037719727,-50.74839782714844,0.514535129070282,68,0.4146080017089844,0.31300637125968933,0.16465908288955688,0.21636585891246796
rosenbrock,1.9287498479639178e-22,2,cholesky,5,ode_transport,8192,0.02,1000,4,rosenbrock,936,0.29404711723327637,-50.75407409667969,0.5486417412757874,74,0.16855187714099884,0.019442271441221237,0.10414684563875198,0.13109222054481506
rosenbrock,1.9287498479639178e-22,2,cholesky,5,ode_transport,8192,0.02,1000,4,rosenbrock,937,0.36698222160339355,-50.743717193603516,0.5110002756118774,74,0.20713083446025848,0.1064494326710701,0.12225458025932312,0.12893995642662048
rosenbrock,1.9287498479639178e-22,2,cholesky,5,ode_transport,8192,0.02,1000,4,rosenbrock,938,0.31946897506713867,-50.75835037231445,0.5654928088188171,74,0.37720853090286255,0.286026269197464,0.11870867013931274,0.2153683751821518
rosenbrock,1.9287498479639178e-22,2,cholesky,5,ode_transport,8192,0.02,1000,4,rosenbrock,939,0.28278493881225586,-50.7486686706543,0.5566931962966919,74,4.510797500610352,4.008716583251953,1.6658263206481934,1.2257705926895142
rosenbrock,1.9287498479639178e-22,2,cholesky,5,ode_transport,8192,0.02,1000,4,rosenbrock,940,0.2968881130218506,-50.74998092651367,0.5934950709342957,74,0.2259221225976944,0.11242182552814484,0.14973464608192444,0.12641865015029907
rosenbrock,1.9287498479639178e-22,2,cholesky,5,ode_transport,8192,0.02,1000,4,rosenbrock,941,0.34540700912475586,-50.75904083251953,0.5315249562263489,74,0.21933762729167938,0.03880301117897034,0.17843031883239746,0.1215151995420456
rosenbrock,1.9287498479639178e-22,2,cholesky,5,ode_transport,8192,0.02,1000,4,rosenbrock,942,0.3512728214263916,-50.750701904296875,0.5938393473625183,74,0.9769240021705627,0.778430700302124,0.4268348813056946,0.4077230393886566
rosenbrock,1.9287498479639178e-22,2,cholesky,5,ode_transport,8192,0.02,1000,4,rosenbrock,943,0.40384888648986816,-50.753841400146484,0.6131772994995117,92,0.190020352602005,0.07790149003267288,0.15776057541370392,0.0717683658003807
rosenbrock,1.9287498479639178e-22,2,cholesky,5,ode_transport,8192,0.02,1000,4,rosenbrock,944,0.3571591377258301,-50.75350570678711,0.5578052401542664,86,0.3081900477409363,0.20904284715652466,0.14150947332382202,0.17679725587368011
rosenbrock,1.9287498479639178e-22,2,cholesky,5,ode_transport,8192,0.02,1000,4,rosenbrock,945,0.36111021041870117,-50.74329376220703,0.5708304047584534,92,1.1400622129440308,0.9212350249290466,0.303611159324646,0.5990726947784424
rosenbrock,1.9287498479639178e-22,2,cholesky,5,ode_transport,8192,0.02,1000,4,rosenbrock,946,0.3056671619415283,-50.7647705078125,0.5695329308509827,74,0.2141108214855194,0.09507673978805542,0.09333239495754242,0.16760942339897156
rosenbrock,1.9287498479639178e-22,2,cholesky,5,ode_transport,8192,0.02,1000,4,rosenbrock,947,0.3064720630645752,-50.766807556152344,0.6238124370574951,80,0.37434709072113037,0.1536491960287094,0.2003873735666275,0.27635589241981506
rosenbrock,1.9287498479639178e-22,2,cholesky,5,ode_transport,8192,0.02,1000,4,rosenbrock,948,0.327470064163208,-50.75404357910156,0.6084905862808228,80,0.2125701606273651,0.016366388648748398,0.1844395399093628,0.10440431535243988
rosenbrock,1.9287498479639178e-22,2,cholesky,5,ode_transport,8192,0.02,1000,4,rosenbrock,949,0.3189809322357178,-50.75403594970703,0.6214655041694641,74,26.847702026367188,20.467458724975586,9.688673973083496,14.42261791229248
rosenbrock,1.9287498479639178e-22,2,cholesky,5,ode_transport,8192,0.02,1000,4,rosenbrock,950,0.3105049133300781,-50.773475646972656,0.6260870695114136,74,0.33369162678718567,0.22680042684078217,0.1615227460861206,0.18390777707099915
rosenbrock,1.9287498479639178e-22,2,cholesky,5,ode_transport,8192,0.02,1000,4,rosenbrock,951,0.2847170829772949,-50.7520866394043,0.5165278315544128,74,0.5512555837631226,0.336237370967865,0.31013593077659607,0.30764082074165344
rosenbrock,1.9287498479639178e-22,2,cholesky,5,ode_transport,8192,0.02,1000,4,rosenbrock,952,0.3507497310638428,-50.76306915283203,0.6098260283470154,92,0.35602399706840515,0.04101786017417908,0.28237923979759216,0.21291449666023254
rosenbrock,1.9287498479639178e-22,2,cholesky,5,ode_transport,8192,0.02,1000,4,rosenbrock,953,0.3023979663848877,-50.76114273071289,0.6008996963500977,74,0.7524108290672302,0.18473230302333832,0.6304450035095215,0.3667903244495392
rosenbrock,1.9287498479639178e-22,2,cholesky,5,ode_transport,8192,0.02,1000,4,rosenbrock,954,0.28060388565063477,-50.75746154785156,0.5952286124229431,74,0.6862950325012207,0.05736354738473892,0.6198332905769348,0.28899306058883667
rosenbrock,1.9287498479639178e-22,2,cholesky,5,ode_transport,8192,0.02,1000,4,rosenbrock,955,0.2816629409790039,-50.75749206542969,0.5734977126121521,74,0.6613705158233643,0.021839966997504234,0.560391366481781,0.35056445002555847
rosenbrock,1.9287498479639178e-22,2,cholesky,5,ode_transport,8192,0.02,1000,4,rosenbrock,956,0.28037023544311523,-50.769989013671875,0.6906804442405701,74,0.6269516348838806,0.022294336929917336,0.4997956156730652,0.37785661220550537
rosenbrock,1.9287498479639178e-22,2,cholesky,5,ode_transport,8192,0.02,1000,4,rosenbrock,957,0.28209805488586426,-50.760799407958984,0.56146240234375,74,0.6799846887588501,0.14092813432216644,0.5566021800041199,0.3642972409725189
rosenbrock,1.9287498479639178e-22,2,cholesky,5,ode_transport,8192,0.02,1000,4,rosenbrock,958,0.2818629741668701,-50.77265930175781,0.6764233112335205,74,0.6167300343513489,0.06871426105499268,0.5174732208251953,0.3284139931201935
rosenbrock,1.9287498479639178e-22,2,cholesky,5,ode_transport,8192,0.02,1000,4,rosenbrock,959,0.28154897689819336,-50.76411056518555,0.6069502234458923,74,0.590927004814148,0.052200231701135635,0.4243132472038269,0.40795600414276123
rosenbrock,1.9287498479639178e-22,2,cholesky,5,ode_transport,8192,0.02,1000,4,rosenbrock,960,0.2806520462036133,-50.7677001953125,0.6078664660453796,74,0.6047666072845459,0.08690323680639267,0.45290061831474304,0.3912435472011566
rosenbrock,1.9287498479639178e-22,2,cholesky,5,ode_transport,8192,0.02,1000,4,rosenbrock,961,0.28284215927124023,-50.75848388671875,0.5720208287239075,74,0.6579567193984985,0.28325286507606506,0.3026944100856781,0.5109314918518066
rosenbrock,1.9287498479639178e-22,2,cholesky,5,ode_transport,8192,0.02,1000,4,rosenbrock,962,0.2831690311431885,-50.75936508178711,0.5967459082603455,74,0.9762747287750244,0.5840578079223633,0.46533286571502686,0.6288514733314514
rosenbrock,1.9287498479639178e-22,2,cholesky,5,ode_transport,8192,0.02,1000,4,rosenbrock,963,0.3229329586029053,-50.766502380371094,0.6380350589752197,86,0.5658069849014282,0.1380324512720108,0.41163456439971924,0.3628244400024414
rosenbrock,1.9287498479639178e-22,2,cholesky,5,ode_transport,8192,0.02,1000,4,rosenbrock,964,0.28126025199890137,-50.757286071777344,0.5649663805961609,74,0.33766642212867737,0.045974791049957275,0.2591521739959717,0.21153034269809723
rosenbrock,1.9287498479639178e-22,2,cholesky,5,ode_transport,8192,0.02,1000,4,rosenbrock,965,0.33695507049560547,-50.76360321044922,0.6593567728996277,92,3.5695266723632812,2.9723527431488037,1.256875991821289,1.525418996810913
rosenbrock,1.9287498479639178e-22,2,cholesky,5,ode_transport,8192,0.02,1000,4,rosenbrock,966,0.28221893310546875,-50.75175094604492,0.5775758028030396,74,0.37592586874961853,0.18947289884090424,0.20147858560085297,0.2546107769012451
rosenbrock,1.9287498479639178e-22,2,cholesky,5,ode_transport,8192,0.02,1000,4,rosenbrock,967,0.28201818466186523,-50.763240814208984,0.6934740543365479,74,5.418094635009766,4.4938788414001465,1.8464484214782715,2.398214340209961
rosenbrock,1.9287498479639178e-22,2,cholesky,5,ode_transport,8192,0.02,1000,4,rosenbrock,968,0.2819039821624756,-50.762508392333984,0.6982710957527161,74,0.5109595656394958,0.3446902334690094,0.20942246913909912,0.31370458006858826
rosenbrock,1.9287498479639178e-22,2,cholesky,5,ode_transport,8192,0.02,1000,4,rosenbrock,969,0.28137898445129395,-50.75273895263672,0.6069825887680054,74,0.2254573404788971,0.008467334322631359,0.15552356839179993,0.16300836205482483
rosenbrock,1.9287498479639178e-22,2,cholesky,5,ode_transport,8192,0.02,1000,4,rosenbrock,970,0.2978041172027588,-50.74690628051758,0.5671758651733398,80,0.3272658884525299,0.033061180263757706,0.13644111156463623,0.29562434554100037
rosenbrock,1.9287498479639178e-22,2,cholesky,5,ode_transport,8192,0.02,1000,4,rosenbrock,971,0.28127169609069824,-50.76757049560547,0.666066586971283,74,0.3431030511856079,0.25056836009025574,0.1320548951625824,0.19364067912101746
rosenbrock,1.9287498479639178e-22,2,cholesky,5,ode_transport,8192,0.02,1000,4,rosenbrock,972,0.2937319278717041,-50.760066986083984,0.5675548911094666,80,0.4814034104347229,0.27808669209480286,0.2033369392156601,0.33626043796539307
rosenbrock,1.9287498479639178e-22,2,cholesky,5,ode_transport,8192,0.02,1000,4,rosenbrock,973,0.29297685623168945,-50.753997802734375,0.5629720091819763,80,0.3298550248146057,0.03959383815526962,0.25175896286964417,0.20941366255283356
rosenbrock,1.9287498479639178e-22,2,cholesky,5,ode_transport,8192,0.02,1000,4,rosenbrock,974,0.2771468162536621,-50.763545989990234,0.6071559190750122,74,0.4401783049106598,0.06224978715181351,0.3629739284515381,0.24110545217990875
rosenbrock,1.9287498479639178e-22,2,cholesky,5,ode_transport,8192,0.02,1000,4,rosenbrock,975,0.280379056930542,-50.74983215332031,0.576080322265625,74,0.9713947772979736,0.5645410418510437,0.6405442357063293,0.4632541537284851
rosenbrock,1.9287498479639178e-22,2,cholesky,5,ode_transport,8192,0.02,1000,4,rosenbrock,976,0.2962789535522461,-50.757347106933594,0.5622373819351196,80,0.6312572360038757,0.3211482763290405,0.4289531707763672,0.3336893916130066
rosenbrock,1.9287498479639178e-22,2,cholesky,5,ode_transport,8192,0.02,1000,4,rosenbrock,977,0.28198814392089844,-50.759429931640625,0.5754672288894653,74,0.8213751912117004,0.6836864948272705,0.37233230471611023,0.26191332936286926
rosenbrock,1.9287498479639178e-22,2,cholesky,5,ode_transport,8192,0.02,1000,4,rosenbrock,978,0.28096580505371094,-50.759334564208984,0.6818385124206543,74,0.9539906978607178,0.5883387327194214,0.4999691843986511,0.5603449940681458
rosenbrock,1.9287498479639178e-22,2,cholesky,5,ode_transport,8192,0.02,1000,4,rosenbrock,979,0.28256988525390625,-50.767234802246094,0.6035882830619812,74,2.536513328552246,1.9233883619308472,0.9986790418624878,1.317997694015503
rosenbrock,1.9287498479639178e-22,2,cholesky,5,ode_transport,8192,0.02,1000,4,rosenbrock,980,0.28353381156921387,-50.75811004638672,0.5979094505310059,74,0.47993889451026917,0.23335659503936768,0.3490288257598877,0.23251859843730927
rosenbrock,1.9287498479639178e-22,2,cholesky,5,ode_transport,8192,0.02,1000,4,rosenbrock,981,0.28304505348205566,-50.76166534423828,0.616281270980835,74,0.4927402138710022,0.03688676655292511,0.4039938449859619,0.27968063950538635
rosenbrock,1.9287498479639178e-22,2,cholesky,5,ode_transport,8192,0.02,1000,4,rosenbrock,982,0.2890937328338623,-50.753543853759766,0.6081064343452454,74,0.49124249815940857,0.24358834326267242,0.28108900785446167,0.3208938539028168
rosenbrock,1.9287498479639178e-22,2,cholesky,5,ode_transport,8192,0.02,1000,4,rosenbrock,983,0.3225290775299072,-50.75180435180664,0.5539999604225159,86,0.4142112135887146,0.0678132176399231,0.22398771345615387,0.3417627811431885
rosenbrock,1.9287498479639178e-22,2,cholesky,5,ode_transport,8192,0.02,1000,4,rosenbrock,984,0.35425519943237305,-50.75747299194336,0.6314075589179993,86,0.32967543601989746,0.11491367965936661,0.26065129041671753,0.1659567654132843
rosenbrock,1.9287498479639178e-22,2,cholesky,5,ode_transport,8192,0.02,1000,4,rosenbrock,985,0.30362915992736816,-50.765995025634766,0.678141713142395,80,5.402578353881836,4.549610614776611,1.6460524797439575,2.404040813446045
rosenbrock,1.9287498479639178e-22,2,cholesky,5,ode_transport,8192,0.02,1000,4,rosenbrock,986,0.2877838611602783,-50.755123138427734,0.5552586913108826,74,0.35595524311065674,0.20489396154880524,0.20259825885295868,0.20898935198783875
rosenbrock,1.9287498479639178e-22,2,cholesky,5,ode_transport,8192,0.02,1000,4,rosenbrock,987,0.2879140377044678,-50.74320602416992,0.5141262412071228,74,0.2047860324382782,0.03448830917477608,0.11506260186433792,0.1658567637205124
rosenbrock,1.9287498479639178e-22,2,cholesky,5,ode_transport,8192,0.02,1000,4,rosenbrock,988,0.3028988838195801,-50.77223205566406,0.6203921437263489,80,0.4330475330352783,0.27197399735450745,0.24067480862140656,0.2358727753162384
rosenbrock,1.9287498479639178e-22,2,cholesky,5,ode_transport,8192,0.02,1000,4,rosenbrock,989,0.30257725715637207,-50.76935958862305,0.6085593104362488,80,0.2832756042480469,0.19074541330337524,0.14199328422546387,0.15394523739814758
rosenbrock,1.9287498479639178e-22,2,cholesky,5,ode_transport,8192,0.02,1000,4,rosenbrock,990,0.2875709533691406,-50.7724494934082,0.7408573031425476,74,0.4628109931945801,0.16834284365177155,0.22530335187911987,0.3675501346588135
rosenbrock,1.9287498479639178e-22,2,cholesky,5,ode_transport,8192,0.02,1000,4,rosenbrock,991,0.30159473419189453,-50.76993179321289,0.6781097650527954,80,0.41680312156677246,0.26838815212249756,0.25397229194641113,0.19284892082214355
rosenbrock,1.9287498479639178e-22,2,cholesky,5,ode_transport,8192,0.02,1000,4,rosenbrock,992,0.2860829830169678,-50.75979232788086,0.5330488681793213,74,0.22031866014003754,0.02088378556072712,0.09170424193143845,0.19923481345176697
rosenbrock,1.9287498479639178e-22,2,cholesky,5,ode_transport,8192,0.02,1000,4,rosenbrock,993,0.3414278030395508,-50.76868438720703,0.6326645016670227,92,3.979189395904541,3.360322952270508,1.373522162437439,1.6296056509017944
rosenbrock,1.9287498479639178e-22,2,cholesky,5,ode_transport,8192,0.02,1000,4,rosenbrock,994,0.34553980827331543,-50.74833679199219,0.5499417781829834,80,0.5982375741004944,0.36123180389404297,0.18620654940605164,0.4390067160129547
rosenbrock,1.9287498479639178e-22,2,cholesky,5,ode_transport,8192,0.02,1000,4,rosenbrock,995,0.35162878036499023,-50.7572021484375,0.5470571517944336,92,0.28233203291893005,0.16238366067409515,0.11744046211242676,0.19887347519397736
rosenbrock,1.9287498479639178e-22,2,cholesky,5,ode_transport,8192,0.02,1000,4,rosenbrock,996,0.3149120807647705,-50.752262115478516,0.6083619594573975,80,0.21543821692466736,0.05479550361633301,0.1480609029531479,0.1465914398431778
rosenbrock,1.9287498479639178e-22,2,cholesky,5,ode_transport,8192,0.02,1000,4,rosenbrock,997,0.35823822021484375,-50.75375747680664,0.5297456383705139,92,0.3718418478965759,0.2673936188220978,0.14949358999729156,0.21075734496116638
rosenbrock,1.9287498479639178e-22,2,cholesky,5,ode_transport,8192,0.02,1000,4,rosenbrock,998,0.3425920009613037,-50.766326904296875,0.6512399911880493,86,0.4299823045730591,0.30010858178138733,0.15947075188159943,0.2634173631668091
rosenbrock,1.9287498479639178e-22,2,cholesky,5,ode_transport,8192,0.02,1000,4,rosenbrock,999,0.30968499183654785,-50.75716018676758,0.5918219089508057,80,3.341944694519043,2.705260992050171,1.16799795627594,1.5766862630844116
