target,target_Z,dim,chart,components,estimator,mc,lr,n_steps,seed,tag,step,wall_s,elbo,elbo_std,grad_norm,grad_norm_w,grad_norm_a,grad_norm_A
rosenbrock,1.9287498479639178e-22,2,cholesky,5,exact_marginalization,8192,0.02,1000,3,rosenbrock,0,0.03004169464111328,-53.01198196411133,,4.7500319480896,0.06523314863443375,1.9810048341751099,4.3167314529418945
rosenbrock,1.9287498479639178e-22,2,cholesky,5,exact_marginalization,8192,0.02,1000,3,rosenbrock,1,0.016352176666259766,-52.62727737426758,,3.580271005630493,0.03254197910428047,1.4338420629501343,3.28045392036438
rosenbrock,1.9287498479639178e-22,2,cholesky,5,exact_marginalization,8192,0.02,1000,3,rosenbrock,2,0.01457524299621582,-52.43919372558594,,3.045577049255371,0.028599124401807785,1.1450941562652588,2.8219640254974365
rosenbrock,1.9287498479639178e-22,2,cholesky,5,exact_marginalization,8192,0.02,1000,3,rosenbrock,3,0.014786958694458008,-52.190128326416016,,2.1985089778900146,0.056950684636831284,0.7699561715126038,2.058486223220825
rosenbrock,1.9287498479639178e-22,2,cholesky,5,exact_marginalization,8192,0.02,1000,3,rosenbrock,4,0.015601873397827148,-52.03996276855469,,1.726635217666626,0.07305684685707092,0.5678592324256897,1.6289466619491577
rosenbrock,1.9287498479639178e-22,2,cholesky,5,exact_marginalization,8192,0.02,1000,3,rosenbrock,5,0.015439748764038086,-51.92768096923828,,1.321126103401184,0.08194077759981155,0.46569859981536865,1.2336063385009766
rosenbrock,1.9287498479639178e-22,2,cholesky,5,exact_marginalization,8192,0.02,1000,3,rosenbrock,6,0.015382051467895508,-51.85934066772461,,1.1050111055374146,0.08214743435382843,0.45664942264556885,1.0028822422027588
rosenbrock,1.9287498479639178e-22,2,cholesky,5,exact_marginalization,8192,0.02,1000,3,rosenbrock,7,0.01532888412475586,-51.80157470703125,,0.944829523563385,0.08473438024520874,0.4767380654811859,0.8113221526145935
rosenbrock,1.9287498479639178e-22,2,cholesky,5,exact_marginalization,8192,0.02,1000,3,rosenbrock,8,0.014551162719726562,-51.756874084472656,,0.8859435319900513,0.0774264931678772,0.5662935376167297,0.6769140362739563
rosenbrock,1.9287498479639178e-22,2,cholesky,5,exact_marginalization,8192,0.02,1000,3,rosenbrock,9,0.016328811645507812,-51.73405838012695,,0.8185892701148987,0.08228038251399994,0.5910121202468872,0.5603775978088379
rosenbrock,1.9287498479639178e-22,2,cholesky,5,exact_marginalization,8192,0.02,1000,3,rosenbrock,10,0.015368223190307617,-51.7109489440918,,0.8100329041481018,0.08146072179079056,0.5966047048568726,0.5418305397033691
rosenbrock,1.9287498479639178e-22,2,cholesky,5,exact_marginalization,8192,0.02,1000,3,rosenbrock,11,0.015578985214233398,-51.695735931396484,,0.8023108243942261,0.0797666385769844,0.6449357867240906,0.47052931785583496
rosenbrock,1.9287498479639178e-22,2,cholesky,5,exact_marginalization,8192,0.02,1000,3,rosenbrock,12,0.016333818435668945,-51.662437438964844,,0.7764446139335632,0.08353947103023529,0.6178202629089355,0.46280190348625183
rosenbrock,1.9287498479639178e-22,2,cholesky,5,exact_marginalization,8192,0.02,1000,3,rosenbrock,13,0.015074014663696289,-51.64445495605469,,0.7628881335258484,0.0819380059838295,0.6419482231140137,0.4039640724658966
rosenbrock,1.9287498479639178e-22,2,cholesky,5,exact_marginalization,8192,0.02,1000,3,rosenbrock,14,0.01601386070251465,-51.631561279296875,,0.7850700616836548,0.08498669415712357,0.6408504247665405,0.44544702768325806
rosenbrock,1.9287498479639178e-22,2,cholesky,5,exact_marginalization,8192,0.02,1000,3,rosenbrock,15,0.015818119049072266,-51.60533905029297,,0.7554849982261658,0.08623488247394562,0.6313772797584534,0.4058125913143158
rosenbrock,1.9287498479639178e-22,2,cholesky,5,exact_marginalization,8192,0.02,1000,3,rosenbrock,16,0.016059160232543945,-51.586029052734375,,0.747020423412323,0.08361774682998657,0.6212738752365112,0.4062836766242981
rosenbrock,1.9287498479639178e-22,2,cholesky,5,exact_marginalization,8192,0.02,1000,3,rosenbrock,17,0.014950037002563477,-51.5749626159668,,0.7419037818908691,0.08583939075469971,0.6137081980705261,0.40793994069099426
rosenbrock,1.9287498479639178e-22,2,cholesky,5,exact_marginalization,8192,0.02,1000,3,rosenbrock,18,0.017367839813232422,-51.55332946777344,,0.7017190456390381,0.08714967966079712,0.5801567435264587,0.3850099444389343
rosenbrock,1.9287498479639178e-22,2,cholesky,5,exact_marginalization,8192,0.02,1000,3,rosenbrock,19,0.015563011169433594,-51.54298400878906,,0.6776337623596191,0.08769385516643524,0.5545201301574707,0.3794795870780945
rosenbrock,1.9287498479639178e-22,2,cholesky,5,exact_marginalization,8192,0.02,1000,3,rosenbrock,20,0.014842033386230469,-51.524497985839844,,0.655401349067688,0.08698692172765732,0.5350951552391052,0.3683168292045593
rosenbrock,1.9287498479639178e-22,2,cholesky,5,exact_marginalization,8192,0.02,1000,3,rosenbrock,21,0.015426874160766602,-51.50262451171875,,0.60928875207901,0.08800402283668518,0.48671960830688477,0.3557979166507721
rosenbrock,1.9287498479639178e-22,2,cholesky,5,exact_marginalization,8192,0.02,1000,3,rosenbrock,22,0.015153884887695312,-51.492000579833984,,0.57591313123703,0.0850229486823082,0.45692795515060425,0.3400939404964447
rosenbrock,1.9287498479639178e-22,2,cholesky,5,exact_marginalization,8192,0.02,1000,3,rosenbrock,23,0.015154123306274414,-51.473976135253906,,0.5359806418418884,0.08208556473255157,0.4086851477622986,0.336917906999588
rosenbrock,1.9287498479639178e-22,2,cholesky,5,exact_marginalization,8192,0.02,1000,3,rosenbrock,24,0.015175819396972656,-51.46171188354492,,0.5222709774971008,0.07500158995389938,0.3970051407814026,0.3309512138366699
rosenbrock,1.9287498479639178e-22,2,cholesky,5,exact_marginalization,8192,0.02,1000,3,rosenbrock,25,0.016431093215942383,-51.4411735534668,,0.5173691511154175,0.07367444038391113,0.37216460704803467,0.3517618179321289
rosenbrock,1.9287498479639178e-22,2,cholesky,5,exact_marginalization,8192,0.02,1000,3,rosenbrock,26,0.015195846557617188,-51.432735443115234,,0.5032433867454529,0.06756536662578583,0.38018134236335754,0.32272428274154663
rosenbrock,1.9287498479639178e-22,2,cholesky,5,exact_marginalization,8192,0.02,1000,3,rosenbrock,27,0.014426708221435547,-51.424598693847656,,0.5224542617797852,0.06057204306125641,0.39047810435295105,0.34178397059440613
rosenbrock,1.9287498479639178e-22,2,cholesky,5,exact_marginalization,8192,0.02,1000,3,rosenbrock,28,0.014425039291381836,-51.40966796875,,0.5312627553939819,0.057041071355342865,0.3819546401500702,0.36482474207878113
rosenbrock,1.9287498479639178e-22,2,cholesky,5,exact_marginalization,8192,0.02,1000,3,rosenbrock,29,0.015744924545288086,-51.39698028564453,,0.5257899761199951,0.04773242026567459,0.3858962059020996,0.353922039270401
rosenbrock,1.9287498479639178e-22,2,cholesky,5,exact_marginalization,8192,0.02,1000,3,rosenbrock,30,0.015208005905151367,-51.3802490234375,,0.5147005915641785,0.04545469954609871,0.3773048520088196,0.34711912274360657
rosenbrock,1.9287498479639178e-22,2,cholesky,5,exact_marginalization,8192,0.02,1000,3,rosenbrock,31,0.014394998550415039,-51.37184143066406,,0.5211980938911438,0.038594670593738556,0.39868831634521484,0.3334748446941376
rosenbrock,1.9287498479639178e-22,2,cholesky,5,exact_marginalization,8192,0.02,1000,3,rosenbrock,32,0.014411687850952148,-51.3559684753418,,0.49016162753105164,0.0382726714015007,0.38346436619758606,0.3029004633426666
rosenbrock,1.9287498479639178e-22,2,cholesky,5,exact_marginalization,8192,0.02,1000,3,rosenbrock,33,0.014375925064086914,-51.338104248046875,,0.4725531339645386,0.03386789187788963,0.3815455138683319,0.2767353057861328
rosenbrock,1.9287498479639178e-22,2,cholesky,5,exact_marginalization,8192,0.02,1000,3,rosenbrock,34,0.014345884323120117,-51.31880187988281,,0.4416348338127136,0.03166099637746811,0.344101220369339,0.2750149667263031
rosenbrock,1.9287498479639178e-22,2,cholesky,5,exact_marginalization,8192,0.02,1000,3,rosenbrock,35,0.014289140701293945,-51.3095703125,,0.39219930768013,0.02667895331978798,0.3309580087661743,0.2087470442056656
rosenbrock,1.9287498479639178e-22,2,cholesky,5,exact_marginalization,8192,0.02,1000,3,rosenbrock,36,0.014259815216064453,-51.29710388183594,,0.3912937045097351,0.026595978066325188,0.32433992624282837,0.21727174520492554
rosenbrock,1.9287498479639178e-22,2,cholesky,5,exact_marginalization,8192,0.02,1000,3,rosenbrock,37,0.014317750930786133,-51.28889083862305,,0.3548085689544678,0.02785300277173519,0.32510626316070557,0.13935300707817078
rosenbrock,1.9287498479639178e-22,2,cholesky,5,exact_marginalization,8192,0.02,1000,3,rosenbrock,38,0.014335870742797852,-51.27421569824219,,0.3430933654308319,0.02385144680738449,0.3106331527233124,0.14370521903038025
rosenbrock,1.9287498479639178e-22,2,cholesky,5,exact_marginalization,8192,0.02,1000,3,rosenbrock,39,0.014317035675048828,-51.26631164550781,,0.3396730124950409,0.023915061727166176,0.3192298710346222,0.11356983333826065
rosenbrock,1.9287498479639178e-22,2,cholesky,5,exact_marginalization,8192,0.02,1000,3,rosenbrock,40,0.01429295539855957,-51.2529296875,,0.3587305247783661,0.024380210787057877,0.3448626399040222,0.09572319686412811
rosenbrock,1.9287498479639178e-22,2,cholesky,5,exact_marginalization,8192,0.02,1000,3,rosenbrock,41,0.014250993728637695,-51.24250793457031,,0.39529114961624146,0.026150571182370186,0.37993600964546204,0.10592390596866608
rosenbrock,1.9287498479639178e-22,2,cholesky,5,exact_marginalization,8192,0.02,1000,3,rosenbrock,42,0.015149116516113281,-51.240901947021484,,0.392693430185318,0.023777944967150688,0.372202605009079,0.12291460484266281
rosenbrock,1.9287498479639178e-22,2,cholesky,5,exact_marginalization,8192,0.02,1000,3,rosenbrock,43,0.016687870025634766,-51.22807312011719,,0.39625415205955505,0.02587266080081463,0.37750670313835144,0.11762922257184982
rosenbrock,1.9287498479639178e-22,2,cholesky,5,exact_marginalization,8192,0.02,1000,3,rosenbrock,44,0.015495061874389648,-51.2203369140625,,0.37544572353363037,0.025211237370967865,0.3522334098815918,0.1274971067905426
rosenbrock,1.9287498479639178e-22,2,cholesky,5,exact_marginalization,8192,0.02,1000,3,rosenbrock,45,0.014384984970092773,-51.20342254638672,,0.40263932943344116,0.025909554213285446,0.3684017062187195,0.16039733588695526
rosenbrock,1.9287498479639178e-22,2,cholesky,5,exact_marginalization,8192,0.02,1000,3,rosenbrock,46,0.014082908630371094,-51.20647430419922,,0.34480899572372437,0.028424985706806183,0.31788650155067444,0.13051222264766693
rosenbrock,1.9287498479639178e-22,2,cholesky,5,exact_marginalization,8192,0.02,1000,3,rosenbrock,47,0.015292882919311523,-51.200599670410156,,0.34832584857940674,0.026578383520245552,0.31188905239105225,0.15280605852603912
rosenbrock,1.9287498479639178e-22,2,cholesky,5,exact_marginalization,8192,0.02,1000,3,rosenbrock,48,0.01564478874206543,-51.19154357910156,,0.303652286529541,0.029858045279979706,0.2712249159812927,0.13323011994361877
rosenbrock,1.9287498479639178e-22,2,cholesky,5,exact_marginalization,8192,0.02,1000,3,rosenbrock,49,0.015089988708496094,-51.18205642700195,,0.2902168035507202,0.028247004374861717,0.2388567179441452,0.16240495443344116
rosenbrock,1.9287498479639178e-22,2,cholesky,5,exact_marginalization,8192,0.02,1000,3,rosenbrock,50,0.016202926635742188,-51.17560958862305,,0.29113689064979553,0.028072571381926537,0.253872811794281,0.13971833884716034
rosenbrock,1.9287498479639178e-22,2,cholesky,5,exact_marginalization,8192,0.02,1000,3,rosenbrock,51,0.015575170516967773,-51.17276382446289,,0.2703607678413391,0.030611462891101837,0.24662071466445923,0.10647121071815491
rosenbrock,1.9287498479639178e-22,2,cholesky,5,exact_marginalization,8192,0.02,1000,3,rosenbrock,52,0.014320135116577148,-51.172611236572266,,0.26559582352638245,0.02746368758380413,0.23025234043598175,0.12950189411640167
rosenbrock,1.9287498479639178e-22,2,cholesky,5,exact_marginalization,8192,0.02,1000,3,rosenbrock,53,0.014224052429199219,-51.15674591064453,,0.28189805150032043,0.026919962838292122,0.23558230698108673,0.1524558961391449
rosenbrock,1.9287498479639178e-22,2,cholesky,5,exact_marginalization,8192,0.02,1000,3,rosenbrock,54,0.01423501968383789,-51.15656280517578,,0.24759900569915771,0.02336890436708927,0.20119847357273102,0.1424020379781723
rosenbrock,1.9287498479639178e-22,2,cholesky,5,exact_marginalization,8192,0.02,1000,3,rosenbrock,55,0.01444101333618164,-51.14781951904297,,0.2509363293647766,0.016804207116365433,0.1940453201532364,0.15821844339370728
rosenbrock,1.9287498479639178e-22,2,cholesky,5,exact_marginalization,8192,0.02,1000,3,rosenbrock,56,0.01510000228881836,-51.144447326660156,,0.22724692523479462,0.019338270649313927,0.1772177666425705,0.14092926681041718
rosenbrock,1.9287498479639178e-22,2,cholesky,5,exact_marginalization,8192,0.02,1000,3,rosenbrock,57,0.014358043670654297,-51.141746520996094,,0.21149741113185883,0.020497959107160568,0.17694567143917084,0.11402289569377899
rosenbrock,1.9287498479639178e-22,2,cholesky,5,exact_marginalization,8192,0.02,1000,3,rosenbrock,58,0.014119148254394531,-51.131317138671875,,0.22319605946540833,0.016505127772688866,0.17799916863441467,0.13364265859127045
rosenbrock,1.9287498479639178e-22,2,cholesky,5,exact_marginalization,8192,0.02,1000,3,rosenbrock,59,0.014177083969116211,-51.12786102294922,,0.25952601432800293,0.017923446372151375,0.19270390272140503,0.17290952801704407
rosenbrock,1.9287498479639178e-22,2,cholesky,5,exact_marginalization,8192,0.02,1000,3,rosenbrock,60,0.014377832412719727,-51.123069763183594,,0.24435816705226898,0.01930062845349312,0.20704591274261475,0.12833698093891144
rosenbrock,1.9287498479639178e-22,2,cholesky,5,exact_marginalization,8192,0.02,1000,3,rosenbrock,61,0.014229059219360352,-51.119102478027344,,0.24577772617340088,0.018706193193793297,0.18809503316879272,0.1570892482995987
rosenbrock,1.9287498479639178e-22,2,cholesky,5,exact_marginalization,8192,0.02,1000,3,rosenbrock,62,0.014130115509033203,-51.11336898803711,,0.26248088479042053,0.01907402276992798,0.22905957698822021,0.12674419581890106
rosenbrock,1.9287498479639178e-22,2,cholesky,5,exact_marginalization,8192,0.02,1000,3,rosenbrock,63,0.014723062515258789,-51.11344909667969,,0.266696035861969,0.023809310048818588,0.24749940633773804,0.09645690023899078
rosenbrock,1.9287498479639178e-22,2,cholesky,5,exact_marginalization,8192,0.02,1000,3,rosenbrock,64,0.015308141708374023,-51.10466003417969,,0.2472797930240631,0.01886385679244995,0.2350006401538849,0.07460667937994003
rosenbrock,1.9287498479639178e-22,2,cholesky,5,exact_marginalization,8192,0.02,1000,3,rosenbrock,65,0.014711141586303711,-51.09797286987305,,0.2216815948486328,0.019856425002217293,0.21131068468093872,0.06400192528963089
rosenbrock,1.9287498479639178e-22,2,cholesky,5,exact_marginalization,8192,0.02,1000,3,rosenbrock,66,0.014585018157958984,-51.095462799072266,,0.19704493880271912,0.023940658196806908,0.18691785633563995,0.05757836997509003
rosenbrock,1.9287498479639178e-22,2,cholesky,5,exact_marginalization,8192,0.02,1000,3,rosenbrock,67,0.014816999435424805,-51.091129302978516,,0.19330088794231415,0.02215733751654625,0.1694478839635849,0.09034214168787003
rosenbrock,1.9287498479639178e-22,2,cholesky,5,exact_marginalization,8192,0.02,1000,3,rosenbrock,68,0.014317035675048828,-51.09260559082031,,0.1884317547082901,0.023939354345202446,0.1750331073999405,0.06555033475160599
rosenbrock,1.9287498479639178e-22,2,cholesky,5,exact_marginalization,8192,0.02,1000,3,rosenbrock,69,0.01563286781311035,-51.08081817626953,,0.1958114504814148,0.021111411973834038,0.17782025039196014,0.07922369241714478
rosenbrock,1.9287498479639178e-22,2,cholesky,5,exact_marginalization,8192,0.02,1000,3,rosenbrock,70,0.01680898666381836,-51.079410552978516,,0.19490419328212738,0.023367876186966896,0.17605336010456085,0.08029201626777649
rosenbrock,1.9287498479639178e-22,2,cholesky,5,exact_marginalization,8192,0.02,1000,3,rosenbrock,71,0.0175168514251709,-51.072174072265625,,0.20196408033370972,0.021124836057424545,0.1812051236629486,0.08664832264184952
rosenbrock,1.9287498479639178e-22,2,cholesky,5,exact_marginalization,8192,0.02,1000,3,rosenbrock,72,0.016675949096679688,-51.07487106323242,,0.2154371440410614,0.022020094096660614,0.2046300321817398,0.0636775866150856
rosenbrock,1.9287498479639178e-22,2,cholesky,5,exact_marginalization,8192,0.02,1000,3,rosenbrock,73,0.015464305877685547,-51.065120697021484,,0.22775733470916748,0.02221868187189102,0.20191679894924164,0.10300164669752121
rosenbrock,1.9287498479639178e-22,2,cholesky,5,exact_marginalization,8192,0.02,1000,3,rosenbrock,74,0.015311956405639648,-51.06711196899414,,0.20079387724399567,0.023015914484858513,0.18593187630176544,0.07223425805568695
rosenbrock,1.9287498479639178e-22,2,cholesky,5,exact_marginalization,8192,0.02,1000,3,rosenbrock,75,0.01620316505432129,-51.05610656738281,,0.22741824388504028,0.02141912840306759,0.2165863960981369,0.06595916301012039
rosenbrock,1.9287498479639178e-22,2,cholesky,5,exact_marginalization,8192,0.02,1000,3,rosenbrock,76,0.015538215637207031,-51.05089569091797,,0.20252633094787598,0.019935036078095436,0.1915951520204544,0.06253645569086075
rosenbrock,1.9287498479639178e-22,2,cholesky,5,exact_marginalization,8192,0.02,1000,3,rosenbrock,77,0.015614986419677734,-51.04436492919922,,0.19782766699790955,0.021670017391443253,0.18538223206996918,0.06557153910398483
rosenbrock,1.9287498479639178e-22,2,cholesky,5,exact_marginalization,8192,0.02,1000,3,rosenbrock,78,0.017572879791259766,-51.05314636230469,,0.20269189774990082,0.021343234926462173,0.19309765100479126,0.057808030396699905
rosenbrock,1.9287498479639178e-22,2,cholesky,5,exact_marginalization,8192,0.02,1000,3,rosenbrock,79,0.015806913375854492,-51.048831939697266,,0.18669532239437103,0.01922176405787468,0.17586787045001984,0.05963360145688057
rosenbrock,1.9287498479639178e-22,2,cholesky,5,exact_marginalization,8192,0.02,1000,3,rosenbrock,80,0.015124797821044922,-51.03642654418945,,0.18481236696243286,0.022090105339884758,0.17472109198570251,0.056037358939647675
rosenbrock,1.9287498479639178e-22,2,cholesky,5,exact_marginalization,8192,0.02,1000,3,rosenbrock,81,0.015556097030639648,-51.0340576171875,,0.17718380689620972,0.01834277994930744,0.1557203233242035,0.0825156420469284
rosenbrock,1.9287498479639178e-22,2,cholesky,5,exact_marginalization,8192,0.02,1000,3,rosenbrock,82,0.015791893005371094,-51.034507751464844,,0.18559202551841736,0.01842866651713848,0.17190241813659668,0.06748586893081665
rosenbrock,1.9287498479639178e-22,2,cholesky,5,exact_marginalization,8192,0.02,1000,3,rosenbrock,83,0.015094757080078125,-51.03194808959961,,0.18209581077098846,0.019327709451317787,0.1669379621744156,0.07012154906988144
rosenbrock,1.9287498479639178e-22,2,cholesky,5,exact_marginalization,8192,0.02,1000,3,rosenbrock,84,0.015243053436279297,-51.028541564941406,,0.21745061874389648,0.01903855800628662,0.1962529867887497,0.0916900709271431
rosenbrock,1.9287498479639178e-22,2,cholesky,5,exact_marginalization,8192,0.02,1000,3,rosenbrock,85,0.015319108963012695,-51.02058410644531,,0.19994375109672546,0.0160093754529953,0.18690143525600433,0.0692029744386673
rosenbrock,1.9287498479639178e-22,2,cholesky,5,exact_marginalization,8192,0.02,1000,3,rosenbrock,86,0.014763116836547852,-51.017295837402344,,0.18598908185958862,0.012263157404959202,0.17707441747188568,0.05555368587374687
rosenbrock,1.9287498479639178e-22,2,cholesky,5,exact_marginalization,8192,0.02,1000,3,rosenbrock,87,0.014548063278198242,-51.017662048339844,,0.1767498403787613,0.01709131896495819,0.1637864112854004,0.06420595198869705
rosenbrock,1.9287498479639178e-22,2,cholesky,5,exact_marginalization,8192,0.02,1000,3,rosenbrock,88,0.014446735382080078,-51.01368713378906,,0.18274056911468506,0.013305652886629105,0.16127873957157135,0.08488956093788147
rosenbrock,1.9287498479639178e-22,2,cholesky,5,exact_marginalization,8192,0.02,1000,3,rosenbrock,89,0.014565229415893555,-51.00493621826172,,0.17905068397521973,0.012046187184751034,0.15998058021068573,0.07950001209974289
rosenbrock,1.9287498479639178e-22,2,cholesky,5,exact_marginalization,8192,0.02,1000,3,rosenbrock,90,0.014516115188598633,-51.00086212158203,,0.1863551139831543,0.013331206515431404,0.16785314679145813,0.07984879612922668
rosenbrock,1.9287498479639178e-22,2,cholesky,5,exact_marginalization,8192,0.02,1000,3,rosenbrock,91,0.014430999755859375,-50.9913330078125,,0.18884821236133575,0.006063041742891073,0.16912296414375305,0.08381114155054092
rosenbrock,1.9287498479639178e-22,2,cholesky,5,exact_marginalization,8192,0.02,1000,3,rosenbrock,92,0.014425992965698242,-50.99658966064453,,0.18634535372257233,0.007766130845993757,0.1693827360868454,0.07729015499353409
rosenbrock,1.9287498479639178e-22,2,cholesky,5,exact_marginalization,8192,0.02,1000,3,rosenbrock,93,0.014456033706665039,-50.99629211425781,,0.19712570309638977,0.007645400241017342,0.1736738532781601,0.09293808788061142
rosenbrock,1.9287498479639178e-22,2,cholesky,5,exact_marginalization,8192,0.02,1000,3,rosenbrock,94,0.014421939849853516,-50.99156951904297,,0.18265950679779053,0.010084827430546284,0.16721664369106293,0.07281063497066498
rosenbrock,1.9287498479639178e-22,2,cholesky,5,exact_marginalization,8192,0.02,1000,3,rosenbrock,95,0.014518022537231445,-50.99153518676758,,0.19375383853912354,0.007757565006613731,0.18156805634498596,0.06718190759420395
rosenbrock,1.9287498479639178e-22,2,cholesky,5,exact_marginalization,8192,0.02,1000,3,rosenbrock,96,0.014458894729614258,-50.98374557495117,,0.16632965207099915,0.004235316067934036,0.15898370742797852,0.04870104044675827
rosenbrock,1.9287498479639178e-22,2,cholesky,5,exact_marginalization,8192,0.02,1000,3,rosenbrock,97,0.014438152313232422,-50.976444244384766,,0.18898075819015503,0.0032415753230452538,0.17036302387714386,0.08172916620969772
rosenbrock,1.9287498479639178e-22,2,cholesky,5,exact_marginalization,8192,0.02,1000,3,rosenbrock,98,0.014364242553710938,-50.978302001953125,,0.17674870789051056,0.00667045172303915,0.15500378608703613,0.08467252552509308
rosenbrock,1.9287498479639178e-22,2,cholesky,5,exact_marginalization,8192,0.02,1000,3,rosenbrock,99,0.015075922012329102,-50.97028732299805,,0.17300954461097717,0.005350789986550808,0.15512870252132416,0.07641177624464035
rosenbrock,1.9287498479639178e-22,2,cholesky,5,exact_marginalization,8192,0.02,1000,3,rosenbrock,100,0.014700889587402344,-50.97459411621094,,0.18541403114795685,0.005355226341634989,0.15438620746135712,0.10254062712192535
rosenbrock,1.9287498479639178e-22,2,cholesky,5,exact_marginalization,8192,0.02,1000,3,rosenbrock,101,0.014657974243164062,-50.971553802490234,,0.17930249869823456,0.006875579245388508,0.15704494714736938,0.08624961227178574
rosenbrock,1.9287498479639178e-22,2,cholesky,5,exact_marginalization,8192,0.02,1000,3,rosenbrock,102,0.014514923095703125,-50.95928192138672,,0.16771957278251648,0.0077432189136743546,0.14678244292736053,0.08077633380889893
rosenbrock,1.9287498479639178e-22,2,cholesky,5,exact_marginalization,8192,0.02,1000,3,rosenbrock,103,0.014475107192993164,-50.96468734741211,,0.17020702362060547,0.00643262779340148,0.16231532394886017,0.05082114040851593
rosenbrock,1.9287498479639178e-22,2,cholesky,5,exact_marginalization,8192,0.02,1000,3,rosenbrock,104,0.014386892318725586,-50.9615364074707,,0.18201301991939545,0.007203956600278616,0.16177025437355042,0.08310974389314651
rosenbrock,1.9287498479639178e-22,2,cholesky,5,exact_marginalization,8192,0.02,1000,3,rosenbrock,105,0.014444112777709961,-50.95600891113281,,0.1715206354856491,0.008580327033996582,0.15228788554668427,0.07844811677932739
rosenbrock,1.9287498479639178e-22,2,cholesky,5,exact_marginalization,8192,0.02,1000,3,rosenbrock,106,0.014763832092285156,-50.947418212890625,,0.17814713716506958,0.006538262125104666,0.16630321741104126,0.06353650987148285
rosenbrock,1.9287498479639178e-22,2,cholesky,5,exact_marginalization,8192,0.02,1000,3,rosenbrock,107,0.014423131942749023,-50.95486831665039,,0.1980479210615158,0.011620795354247093,0.18873997032642365,0.058865610510110855
rosenbrock,1.9287498479639178e-22,2,cholesky,5,exact_marginalization,8192,0.02,1000,3,rosenbrock,108,0.01442098617553711,-50.94984436035156,,0.24782544374465942,0.010780745185911655,0.23845112323760986,0.06665050238370895
rosenbrock,1.9287498479639178e-22,2,cholesky,5,exact_marginalization,8192,0.02,1000,3,rosenbrock,109,0.014364004135131836,-50.94011306762695,,0.1638801395893097,0.009992290288209915,0.14912758767604828,0.06721469759941101
rosenbrock,1.9287498479639178e-22,2,cholesky,5,exact_marginalization,8192,0.02,1000,3,rosenbrock,110,0.014394998550415039,-50.93696212768555,,0.2116832137107849,0.008006278425455093,0.1897241771221161,0.09354370087385178
rosenbrock,1.9287498479639178e-22,2,cholesky,5,exact_marginalization,8192,0.02,1000,3,rosenbrock,111,0.014398813247680664,-50.93217086791992,,0.15823306143283844,0.009031812660396099,0.14317715167999268,0.06675650179386139
rosenbrock,1.9287498479639178e-22,2,cholesky,5,exact_marginalization,8192,0.02,1000,3,rosenbrock,112,0.014478921890258789,-50.93169403076172,,0.16648072004318237,0.007352305110543966,0.1509169638156891,0.06989876925945282
rosenbrock,1.9287498479639178e-22,2,cholesky,5,exact_marginalization,8192,0.02,1000,3,rosenbrock,113,0.014426946640014648,-50.92942810058594,,0.15915265679359436,0.008219759911298752,0.15152260661125183,0.0479886531829834
rosenbrock,1.9287498479639178e-22,2,cholesky,5,exact_marginalization,8192,0.02,1000,3,rosenbrock,114,0.014325857162475586,-50.92926025390625,,0.1813446283340454,0.012034060433506966,0.1684006303548813,0.06619882583618164
rosenbrock,1.9287498479639178e-22,2,cholesky,5,exact_marginalization,8192,0.02,1000,3,rosenbrock,115,0.014376163482666016,-50.92606735229492,,0.15904280543327332,0.009409022517502308,0.1466781347990036,0.06075863540172577
rosenbrock,1.9287498479639178e-22,2,cholesky,5,exact_marginalization,8192,0.02,1000,3,rosenbrock,116,0.01441812515258789,-50.91933822631836,,0.16094811260700226,0.009853053838014603,0.13829998672008514,0.08173325657844543
rosenbrock,1.9287498479639178e-22,2,cholesky,5,exact_marginalization,8192,0.02,1000,3,rosenbrock,117,0.0143890380859375,-50.91056442260742,,0.15782053768634796,0.008484519086778164,0.138882115483284,0.07447885721921921
rosenbrock,1.9287498479639178e-22,2,cholesky,5,exact_marginalization,8192,0.02,1000,3,rosenbrock,118,0.014372110366821289,-50.908538818359375,,0.18263985216617584,0.01160521525889635,0.1693548858165741,0.06739107519388199
rosenbrock,1.9287498479639178e-22,2,cholesky,5,exact_marginalization,8192,0.02,1000,3,rosenbrock,119,0.014348030090332031,-50.91411590576172,,0.16049541532993317,0.011844550259411335,0.1519998162984848,0.05014518275856972
rosenbrock,1.9287498479639178e-22,2,cholesky,5,exact_marginalization,8192,0.02,1000,3,rosenbrock,120,0.014326810836791992,-50.90780258178711,,0.152186781167984,0.010463131591677666,0.14167384803295135,0.054588090628385544
rosenbrock,1.9287498479639178e-22,2,cholesky,5,exact_marginalization,8192,0.02,1000,3,rosenbrock,121,0.01442098617553711,-50.902122497558594,,0.15619967877864838,0.011853670701384544,0.14487046003341675,0.05718725547194481
rosenbrock,1.9287498479639178e-22,2,cholesky,5,exact_marginalization,8192,0.02,1000,3,rosenbrock,122,0.014679908752441406,-50.901336669921875,,0.1849231868982315,0.010713771916925907,0.17311222851276398,0.06414010375738144
rosenbrock,1.9287498479639178e-22,2,cholesky,5,exact_marginalization,8192,0.02,1000,3,rosenbrock,123,0.014747858047485352,-50.89934158325195,,0.18459250032901764,0.012013556435704231,0.15993976593017578,0.09137468785047531
rosenbrock,1.9287498479639178e-22,2,cholesky,5,exact_marginalization,8192,0.02,1000,3,rosenbrock,124,0.014326095581054688,-50.89671325683594,,0.15652884542942047,0.010866962373256683,0.14539630711078644,0.05694827064871788
rosenbrock,1.9287498479639178e-22,2,cholesky,5,exact_marginalization,8192,0.02,1000,3,rosenbrock,125,0.014320850372314453,-50.888084411621094,,0.15506762266159058,0.011310293339192867,0.13090048730373383,0.08235960453748703
rosenbrock,1.9287498479639178e-22,2,cholesky,5,exact_marginalization,8192,0.02,1000,3,rosenbrock,126,0.01468205451965332,-50.89332580566406,,0.15921199321746826,0.014363858848810196,0.14908601343631744,0.05399535223841667
rosenbrock,1.9287498479639178e-22,2,cholesky,5,exact_marginalization,8192,0.02,1000,3,rosenbrock,127,0.014338016510009766,-50.88746643066406,,0.18219982087612152,0.008149179629981518,0.17421872913837433,0.05270865932106972
rosenbrock,1.9287498479639178e-22,2,cholesky,5,exact_marginalization,8192,0.02,1000,3,rosenbrock,128,0.0142822265625,-50.8878059387207,,0.15663927793502808,0.009762732312083244,0.1448141485452652,0.05890174210071564
rosenbrock,1.9287498479639178e-22,2,cholesky,5,exact_marginalization,8192,0.02,1000,3,rosenbrock,129,0.014293909072875977,-50.88604736328125,,0.18233583867549896,0.008244442753493786,0.1686531901359558,0.06880758702754974
rosenbrock,1.9287498479639178e-22,2,cholesky,5,exact_marginalization,8192,0.02,1000,3,rosenbrock,130,0.014480113983154297,-50.879634857177734,,0.23132511973381042,0.008737539872527122,0.21299217641353607,0.0898292064666748
rosenbrock,1.9287498479639178e-22,2,cholesky,5,exact_marginalization,8192,0.02,1000,3,rosenbrock,131,0.014358043670654297,-50.878700256347656,,0.16940706968307495,0.0073505425825715065,0.14441341161727905,0.08825809508562088
rosenbrock,1.9287498479639178e-22,2,cholesky,5,exact_marginalization,8192,0.02,1000,3,rosenbrock,132,0.014375925064086914,-50.87468338012695,,0.13812851905822754,0.00980868749320507,0.12472184747457504,0.05854688957333565
rosenbrock,1.9287498479639178e-22,2,cholesky,5,exact_marginalization,8192,0.02,1000,3,rosenbrock,133,0.014306068420410156,-50.868534088134766,,0.18700267374515533,0.005927379708737135,0.18132171034812927,0.045357558876276016
rosenbrock,1.9287498479639178e-22,2,cholesky,5,exact_marginalization,8192,0.02,1000,3,rosenbrock,134,0.014396905899047852,-50.865386962890625,,0.13790789246559143,0.005070417653769255,0.12380946427583694,0.06053176522254944
rosenbrock,1.9287498479639178e-22,2,cholesky,5,exact_marginalization,8192,0.02,1000,3,rosenbrock,135,0.014344930648803711,-50.86016845703125,,0.148733988404274,0.008187029510736465,0.13415803015232086,0.06368981301784515
rosenbrock,1.9287498479639178e-22,2,cholesky,5,exact_marginalization,8192,0.02,1000,3,rosenbrock,136,0.014633893966674805,-50.86502456665039,,0.164597287774086,0.005177585408091545,0.14889730513095856,0.06996463984251022
rosenbrock,1.9287498479639178e-22,2,cholesky,5,exact_marginalization,8192,0.02,1000,3,rosenbrock,137,0.014343023300170898,-50.85952377319336,,0.1555716097354889,0.005921431351453066,0.1432613879442215,0.060362547636032104
rosenbrock,1.9287498479639178e-22,2,cholesky,5,exact_marginalization,8192,0.02,1000,3,rosenbrock,138,0.014576911926269531,-50.85853576660156,,0.14971120655536652,0.007240014616400003,0.14079946279525757,0.050364065915346146
rosenbrock,1.9287498479639178e-22,2,cholesky,5,exact_marginalization,8192,0.02,1000,3,rosenbrock,139,0.014301776885986328,-50.86124801635742,,0.13958396017551422,0.007792123593389988,0.12946359813213348,0.05159590393304825
rosenbrock,1.9287498479639178e-22,2,cholesky,5,exact_marginalization,8192,0.02,1000,3,rosenbrock,140,0.014278173446655273,-50.85491943359375,,0.1456701159477234,0.006930030882358551,0.1298593133687973,0.0656377524137497
rosenbrock,1.9287498479639178e-22,2,cholesky,5,exact_marginalization,8192,0.02,1000,3,rosenbrock,141,0.015676259994506836,-50.85552215576172,,0.15326164662837982,0.007778375409543514,0.12413198500871658,0.08955375850200653
rosenbrock,1.9287498479639178e-22,2,cholesky,5,exact_marginalization,8192,0.02,1000,3,rosenbrock,142,0.017103910446166992,-50.853515625,,0.14211900532245636,0.0041601890698075294,0.12883999943733215,0.05983944982290268
rosenbrock,1.9287498479639178e-22,2,cholesky,5,exact_marginalization,8192,0.02,1000,3,rosenbrock,143,0.01592087745666504,-50.848716735839844,,0.15397445857524872,0.0058560543693602085,0.1278325915336609,0.08563099801540375
rosenbrock,1.9287498479639178e-22,2,cholesky,5,exact_marginalization,8192,0.02,1000,3,rosenbrock,144,0.01813793182373047,-50.84221267700195,,0.18935741484165192,0.002343081636354327,0.16117508709430695,0.09936465322971344
rosenbrock,1.9287498479639178e-22,2,cholesky,5,exact_marginalization,8192,0.02,1000,3,rosenbrock,145,0.01591014862060547,-50.84376907348633,,0.13484527170658112,0.0059489039704203606,0.11488783359527588,0.07034660875797272
rosenbrock,1.9287498479639178e-22,2,cholesky,5,exact_marginalization,8192,0.02,1000,3,rosenbrock,146,0.015587806701660156,-50.84131622314453,,0.14942635595798492,0.006523580756038427,0.10737160593271255,0.10371604561805725
rosenbrock,1.9287498479639178e-22,2,cholesky,5,exact_marginalization,8192,0.02,1000,3,rosenbrock,147,0.017119169235229492,-50.83690643310547,,0.13533911108970642,0.0029723152983933687,0.12142027169466019,0.05970728024840355
rosenbrock,1.9287498479639178e-22,2,cholesky,5,exact_marginalization,8192,0.02,1000,3,rosenbrock,148,0.016376972198486328,-50.84025192260742,,0.1516892910003662,0.0031745010055601597,0.13221077620983124,0.07429584860801697
rosenbrock,1.9287498479639178e-22,2,cholesky,5,exact_marginalization,8192,0.02,1000,3,rosenbrock,149,0.015599966049194336,-50.837013244628906,,0.13444624841213226,0.006312414538115263,0.12465126067399979,0.049980103969573975
rosenbrock,1.9287498479639178e-22,2,cholesky,5,exact_marginalization,8192,0.02,1000,3,rosenbrock,150,0.016839265823364258,-50.827640533447266,,0.13544690608978271,0.002545956987887621,0.12477649748325348,0.05263274908065796
rosenbrock,1.9287498479639178e-22,2,cholesky,5,exact_marginalization,8192,0.02,1000,3,rosenbrock,151,0.01732921600341797,-50.83396911621094,,0.1536475270986557,0.0047920779325068,0.14446605741977692,0.05209755152463913
rosenbrock,1.9287498479639178e-22,2,cholesky,5,exact_marginalization,8192,0.02,1000,3,rosenbrock,152,0.02034282684326172,-50.83277130126953,,0.21330811083316803,0.006680793594568968,0.2013707309961319,0.07003961503505707
rosenbrock,1.9287498479639178e-22,2,cholesky,5,exact_marginalization,8192,0.02,1000,3,rosenbrock,153,0.01657390594482422,-50.83477783203125,,0.15122702717781067,0.006540942471474409,0.14375850558280945,0.04647928103804588
rosenbrock,1.9287498479639178e-22,2,cholesky,5,exact_marginalization,8192,0.02,1000,3,rosenbrock,154,0.016665220260620117,-50.82112503051758,,0.12061651796102524,0.004512326326221228,0.11031333357095718,0.048569053411483765
rosenbrock,1.9287498479639178e-22,2,cholesky,5,exact_marginalization,8192,0.02,1000,3,rosenbrock,155,0.015838146209716797,-50.82734680175781,,0.14204689860343933,0.002932785078883171,0.1377721130847931,0.034460972994565964
rosenbrock,1.9287498479639178e-22,2,cholesky,5,exact_marginalization,8192,0.02,1000,3,rosenbrock,156,0.015959978103637695,-50.821136474609375,,0.15212756395339966,0.003331772517412901,0.14637860655784607,0.04129158705472946
rosenbrock,1.9287498479639178e-22,2,cholesky,5,exact_marginalization,8192,0.02,1000,3,rosenbrock,157,0.015240907669067383,-50.825687408447266,,0.14569786190986633,0.004563578404486179,0.1415119767189026,0.034371551126241684
rosenbrock,1.9287498479639178e-22,2,cholesky,5,exact_marginalization,8192,0.02,1000,3,rosenbrock,158,0.015870094299316406,-50.81888961791992,,0.1252489537000656,0.004534881561994553,0.10790272802114487,0.06343291699886322
rosenbrock,1.9287498479639178e-22,2,cholesky,5,exact_marginalization,8192,0.02,1000,3,rosenbrock,159,0.015671253204345703,-50.818058013916016,,0.1349213570356369,0.004306046292185783,0.11862941831350327,0.06412716209888458
rosenbrock,1.9287498479639178e-22,2,cholesky,5,exact_marginalization,8192,0.02,1000,3,rosenbrock,160,0.01577901840209961,-50.817569732666016,,0.199467733502388,0.005032078363001347,0.19390740990638733,0.04649707302451134
rosenbrock,1.9287498479639178e-22,2,cholesky,5,exact_marginalization,8192,0.02,1000,3,rosenbrock,161,0.016234874725341797,-50.81576156616211,,0.1613769233226776,0.004101412836462259,0.14404654502868652,0.07263806462287903
rosenbrock,1.9287498479639178e-22,2,cholesky,5,exact_marginalization,8192,0.02,1000,3,rosenbrock,162,0.015614986419677734,-50.81480026245117,,0.1265062540769577,0.00412627262994647,0.11921954154968262,0.0421130396425724
rosenbrock,1.9287498479639178e-22,2,cholesky,5,exact_marginalization,8192,0.02,1000,3,rosenbrock,163,0.015230894088745117,-50.81279373168945,,0.19687272608280182,0.006831611040979624,0.1786048710346222,0.08253788948059082
rosenbrock,1.9287498479639178e-22,2,cholesky,5,exact_marginalization,8192,0.02,1000,3,rosenbrock,164,0.015809059143066406,-50.80815887451172,,0.1911601424217224,0.003253934206441045,0.1769125759601593,0.07234327495098114
rosenbrock,1.9287498479639178e-22,2,cholesky,5,exact_marginalization,8192,0.02,1000,3,rosenbrock,165,0.015801668167114258,-50.80571746826172,,0.1070709154009819,0.002913533477112651,0.10244818776845932,0.030984854325652122
rosenbrock,1.9287498479639178e-22,2,cholesky,5,exact_marginalization,8192,0.02,1000,3,rosenbrock,166,0.014992952346801758,-50.80723571777344,,0.145517960190773,0.005526145454496145,0.13574166595935822,0.05214536935091019
rosenbrock,1.9287498479639178e-22,2,cholesky,5,exact_marginalization,8192,0.02,1000,3,rosenbrock,167,0.014554262161254883,-50.802490234375,,0.19960659742355347,0.004884908441454172,0.18323153257369995,0.07902618497610092
rosenbrock,1.9287498479639178e-22,2,cholesky,5,exact_marginalization,8192,0.02,1000,3,rosenbrock,168,0.014595985412597656,-50.80488586425781,,0.19332487881183624,0.0034766551107168198,0.18789887428283691,0.04534793645143509
rosenbrock,1.9287498479639178e-22,2,cholesky,5,exact_marginalization,8192,0.02,1000,3,rosenbrock,169,0.014615058898925781,-50.8031120300293,,0.16313722729682922,0.0024856682866811752,0.15807653963565826,0.040241580456495285
rosenbrock,1.9287498479639178e-22,2,cholesky,5,exact_marginalization,8192,0.02,1000,3,rosenbrock,170,0.014532089233398438,-50.80019760131836,,0.1959911733865738,0.002483560936525464,0.1879442036151886,0.05552797392010689
rosenbrock,1.9287498479639178e-22,2,cholesky,5,exact_marginalization,8192,0.02,1000,3,rosenbrock,171,0.015817880630493164,-50.79515075683594,,0.16356563568115234,0.0033427563030272722,0.1539352834224701,0.05519485846161842
rosenbrock,1.9287498479639178e-22,2,cholesky,5,exact_marginalization,8192,0.02,1000,3,rosenbrock,172,0.01712799072265625,-50.79766082763672,,0.141908660531044,0.002071407623589039,0.12723127007484436,0.0628170371055603
rosenbrock,1.9287498479639178e-22,2,cholesky,5,exact_marginalization,8192,0.02,1000,3,rosenbrock,173,0.016434192657470703,-50.794029235839844,,0.22603413462638855,0.0038125128485262394,0.21527552604675293,0.06879930198192596
rosenbrock,1.9287498479639178e-22,2,cholesky,5,exact_marginalization,8192,0.02,1000,3,rosenbrock,174,0.014851808547973633,-50.79011154174805,,0.22601696848869324,0.0026914705522358418,0.2187928408384323,0.05662266165018082
rosenbrock,1.9287498479639178e-22,2,cholesky,5,exact_marginalization,8192,0.02,1000,3,rosenbrock,175,0.014565229415893555,-50.79235076904297,,0.18449576199054718,0.0019915271550416946,0.17343536019325256,0.06288798898458481
rosenbrock,1.9287498479639178e-22,2,cholesky,5,exact_marginalization,8192,0.02,1000,3,rosenbrock,176,0.014710664749145508,-50.78987503051758,,0.17825570702552795,0.005838658194988966,0.16660498082637787,0.06311728805303574
rosenbrock,1.9287498479639178e-22,2,cholesky,5,exact_marginalization,8192,0.02,1000,3,rosenbrock,177,0.014544963836669922,-50.78572082519531,,0.2797703444957733,0.004219774156808853,0.27320557832717896,0.0601029247045517
rosenbrock,1.9287498479639178e-22,2,cholesky,5,exact_marginalization,8192,0.02,1000,3,rosenbrock,178,0.01464390754699707,-50.792152404785156,,0.14751797914505005,0.003013754263520241,0.137787863612175,0.05260203406214714
rosenbrock,1.9287498479639178e-22,2,cholesky,5,exact_marginalization,8192,0.02,1000,3,rosenbrock,179,0.014492034912109375,-50.78288269042969,,0.13263075053691864,0.0026439079083502293,0.11993715167045593,0.0565597340464592
rosenbrock,1.9287498479639178e-22,2,cholesky,5,exact_marginalization,8192,0.02,1000,3,rosenbrock,180,0.014493942260742188,-50.78212356567383,,0.2381582260131836,0.0017449746374040842,0.21966935694217682,0.09198730438947678
rosenbrock,1.9287498479639178e-22,2,cholesky,5,exact_marginalization,8192,0.02,1000,3,rosenbrock,181,0.014647722244262695,-50.786319732666016,,0.30885812640190125,0.005422714166343212,0.3001178205013275,0.07275461405515671
rosenbrock,1.9287498479639178e-22,2,cholesky,5,exact_marginalization,8192,0.02,1000,3,rosenbrock,182,0.01454305648803711,-50.78215789794922,,0.1460839956998825,0.003314558882266283,0.13342663645744324,0.05938751995563507
rosenbrock,1.9287498479639178e-22,2,cholesky,5,exact_marginalization,8192,0.02,1000,3,rosenbrock,183,0.014448165893554688,-50.77955627441406,,0.15350256860256195,0.002172101754695177,0.14054569602012634,0.06168651953339577
rosenbrock,1.9287498479639178e-22,2,cholesky,5,exact_marginalization,8192,0.02,1000,3,rosenbrock,184,0.014552831649780273,-50.7802734375,,0.2191670686006546,0.002579477848485112,0.20475736260414124,0.07811509072780609
rosenbrock,1.9287498479639178e-22,2,cholesky,5,exact_marginalization,8192,0.02,1000,3,rosenbrock,185,0.014478921890258789,-50.78199768066406,,0.1926691234111786,0.003771134652197361,0.18332937359809875,0.05913978070020676
rosenbrock,1.9287498479639178e-22,2,cholesky,5,exact_marginalization,8192,0.02,1000,3,rosenbrock,186,0.014413118362426758,-50.77197265625,,0.11276141554117203,0.003001065459102392,0.09690041840076447,0.05758853256702423
rosenbrock,1.9287498479639178e-22,2,cholesky,5,exact_marginalization,8192,0.02,1000,3,rosenbrock,187,0.01464223861694336,-50.774505615234375,,0.25265657901763916,0.0037739877589046955,0.20344924926757812,0.14976486563682556
rosenbrock,1.9287498479639178e-22,2,cholesky,5,exact_marginalization,8192,0.02,1000,3,rosenbrock,188,0.014399290084838867,-50.77096939086914,,0.27690908312797546,0.0033790881279855967,0.2459336817264557,0.12721574306488037
rosenbrock,1.9287498479639178e-22,2,cholesky,5,exact_marginalization,8192,0.02,1000,3,rosenbrock,189,0.014410018920898438,-50.77656173706055,,0.12401009351015091,0.004574314225465059,0.0894361361861229,0.08578319847583771
rosenbrock,1.9287498479639178e-22,2,cholesky,5,exact_marginalization,8192,0.02,1000,3,rosenbrock,190,0.014538049697875977,-50.772483825683594,,0.1762850284576416,0.004584942944347858,0.1690826565027237,0.04966330900788307
rosenbrock,1.9287498479639178e-22,2,cholesky,5,exact_marginalization,8192,0.02,1000,3,rosenbrock,191,0.014401912689208984,-50.76750946044922,,0.3060772716999054,0.002532504266127944,0.28457993268966675,0.11265487223863602
rosenbrock,1.9287498479639178e-22,2,cholesky,5,exact_marginalization,8192,0.02,1000,3,rosenbrock,192,0.014427900314331055,-50.76945877075195,,0.12193571031093597,0.006527351681143045,0.10220097005367279,0.06618663668632507
rosenbrock,1.9287498479639178e-22,2,cholesky,5,exact_marginalization,8192,0.02,1000,3,rosenbrock,193,0.01447916030883789,-50.76895523071289,,0.15276338160037994,0.006469266954809427,0.14214766025543213,0.05557737872004509
rosenbrock,1.9287498479639178e-22,2,cholesky,5,exact_marginalization,8192,0.02,1000,3,rosenbrock,194,0.014521121978759766,-50.7652473449707,,0.2655367851257324,0.003941642120480537,0.2558401823043823,0.0709933191537857
rosenbrock,1.9287498479639178e-22,2,cholesky,5,exact_marginalization,8192,0.02,1000,3,rosenbrock,195,0.014394044876098633,-50.76538848876953,,0.13129743933677673,0.004218189977109432,0.11977852880954742,0.053612787276506424
rosenbrock,1.9287498479639178e-22,2,cholesky,5,exact_marginalization,8192,0.02,1000,3,rosenbrock,196,0.014440059661865234,-50.765750885009766,,0.10417158156633377,0.0037713516503572464,0.09508664906024933,0.04237953945994377
rosenbrock,1.9287498479639178e-22,2,cholesky,5,exact_marginalization,8192,0.02,1000,3,rosenbrock,197,0.014425039291381836,-50.759986877441406,,0.22690944373607635,0.00857503805309534,0.22105181217193604,0.050502095371484756
rosenbrock,1.9287498479639178e-22,2,cholesky,5,exact_marginalization,8192,0.02,1000,3,rosenbrock,198,0.014312267303466797,-50.76115036010742,,0.18537335097789764,0.006255134008824825,0.18108096718788147,0.0391642265021801
rosenbrock,1.9287498479639178e-22,2,cholesky,5,exact_marginalization,8192,0.02,1000,3,rosenbrock,199,0.01443791389465332,-50.75680160522461,,0.12580567598342896,0.0030174534767866135,0.1150674894452095,0.05076845735311508
rosenbrock,1.9287498479639178e-22,2,cholesky,5,exact_marginalization,8192,0.02,1000,3,rosenbrock,200,0.014388084411621094,-50.76118087768555,,0.15864430367946625,0.003608463332056999,0.14919811487197876,0.053804393857717514
rosenbrock,1.9287498479639178e-22,2,cholesky,5,exact_marginalization,8192,0.02,1000,3,rosenbrock,201,0.014415979385375977,-50.76167297363281,,0.1987328827381134,0.007775026839226484,0.1377909630537033,0.14299637079238892
rosenbrock,1.9287498479639178e-22,2,cholesky,5,exact_marginalization,8192,0.02,1000,3,rosenbrock,202,0.014322996139526367,-50.76023864746094,,0.1549612134695053,0.0032738251611590385,0.13678540289402008,0.07274620234966278
rosenbrock,1.9287498479639178e-22,2,cholesky,5,exact_marginalization,8192,0.02,1000,3,rosenbrock,203,0.014374732971191406,-50.75355529785156,,0.13998627662658691,0.006966476794332266,0.11157546937465668,0.08425285667181015
rosenbrock,1.9287498479639178e-22,2,cholesky,5,exact_marginalization,8192,0.02,1000,3,rosenbrock,204,0.015369892120361328,-50.753318786621094,,0.1728827953338623,0.0023748953826725483,0.1538119614124298,0.07889677584171295
rosenbrock,1.9287498479639178e-22,2,cholesky,5,exact_marginalization,8192,0.02,1000,3,rosenbrock,205,0.014527082443237305,-50.753265380859375,,0.22856663167476654,0.002935577416792512,0.19684651494026184,0.11612724512815475
rosenbrock,1.9287498479639178e-22,2,cholesky,5,exact_marginalization,8192,0.02,1000,3,rosenbrock,206,0.014421939849853516,-50.749717712402344,,0.10739322751760483,0.002863473491743207,0.09715498983860016,0.045672908425331116
rosenbrock,1.9287498479639178e-22,2,cholesky,5,exact_marginalization,8192,0.02,1000,3,rosenbrock,207,0.014410018920898438,-50.75471115112305,,0.14385287463665009,0.004881901200860739,0.13649606704711914,0.04515133053064346
rosenbrock,1.9287498479639178e-22,2,cholesky,5,exact_marginalization,8192,0.02,1000,3,rosenbrock,208,0.014369964599609375,-50.749176025390625,,0.21176695823669434,0.0013117025373503566,0.2028069794178009,0.06093313917517662
rosenbrock,1.9287498479639178e-22,2,cholesky,5,exact_marginalization,8192,0.02,1000,3,rosenbrock,209,0.014269113540649414,-50.75000762939453,,0.13949888944625854,0.0025627475697547197,0.12061850726604462,0.07003246247768402
rosenbrock,1.9287498479639178e-22,2,cholesky,5,exact_marginalization,8192,0.02,1000,3,rosenbrock,210,0.014373779296875,-50.75166320800781,,0.11750724911689758,0.004275786690413952,0.11003173887729645,0.04102058336138725
rosenbrock,1.9287498479639178e-22,2,cholesky,5,exact_marginalization,8192,0.02,1000,3,rosenbrock,211,0.014313936233520508,-50.74312210083008,,0.12859006226062775,0.0025664300192147493,0.11161745339632034,0.06379939615726471
rosenbrock,1.9287498479639178e-22,2,cholesky,5,exact_marginalization,8192,0.02,1000,3,rosenbrock,212,0.014278888702392578,-50.74898910522461,,0.12827755510807037,0.0028371198568493128,0.12109741568565369,0.0422196127474308
rosenbrock,1.9287498479639178e-22,2,cholesky,5,exact_marginalization,8192,0.02,1000,3,rosenbrock,213,0.015613794326782227,-50.73969268798828,,0.09524252265691757,0.004006173927336931,0.07574428617954254,0.057601138949394226
rosenbrock,1.9287498479639178e-22,2,cholesky,5,exact_marginalization,8192,0.02,1000,3,rosenbrock,214,0.014617204666137695,-50.74155807495117,,0.10078959912061691,0.001559527823701501,0.08335652202367783,0.05663744732737541
rosenbrock,1.9287498479639178e-22,2,cholesky,5,exact_marginalization,8192,0.02,1000,3,rosenbrock,215,0.014391183853149414,-50.745574951171875,,0.09729449450969696,0.004416544921696186,0.09104735404253006,0.034016046673059464
rosenbrock,1.9287498479639178e-22,2,cholesky,5,exact_marginalization,8192,0.02,1000,3,rosenbrock,216,0.014382123947143555,-50.74500274658203,,0.12588462233543396,0.004799031186848879,0.1196698471903801,0.03876898065209389
rosenbrock,1.9287498479639178e-22,2,cholesky,5,exact_marginalization,8192,0.02,1000,3,rosenbrock,217,0.01434183120727539,-50.73613357543945,,0.13317883014678955,0.0024738996289670467,0.12483451515436172,0.04633379727602005
rosenbrock,1.9287498479639178e-22,2,cholesky,5,exact_marginalization,8192,0.02,1000,3,rosenbrock,218,0.014400005340576172,-50.74127197265625,,0.10097185522317886,0.0030082035809755325,0.09145102649927139,0.04269632697105408
rosenbrock,1.9287498479639178e-22,2,cholesky,5,exact_marginalization,8192,0.02,1000,3,rosenbrock,219,0.014351844787597656,-50.740203857421875,,0.1499241143465042,0.003585191909223795,0.13234588503837585,0.07034879177808762
rosenbrock,1.9287498479639178e-22,2,cholesky,5,exact_marginalization,8192,0.02,1000,3,rosenbrock,220,0.018051862716674805,-50.737674713134766,,0.148236483335495,0.0026959595270454884,0.135020449757576,0.06112504377961159
rosenbrock,1.9287498479639178e-22,2,cholesky,5,exact_marginalization,8192,0.02,1000,3,rosenbrock,221,0.015435934066772461,-50.738338470458984,,0.1495445966720581,0.002498037414625287,0.14489932358264923,0.03689895197749138
rosenbrock,1.9287498479639178e-22,2,cholesky,5,exact_marginalization,8192,0.02,1000,3,rosenbrock,222,0.01485300064086914,-50.74155044555664,,0.11366118490695953,0.003856256604194641,0.10340072214603424,0.04703490808606148
rosenbrock,1.9287498479639178e-22,2,cholesky,5,exact_marginalization,8192,0.02,1000,3,rosenbrock,223,0.014677286148071289,-50.73810958862305,,0.16262759268283844,0.0033467807807028294,0.15302574634552002,0.054951395839452744
rosenbrock,1.9287498479639178e-22,2,cholesky,5,exact_marginalization,8192,0.02,1000,3,rosenbrock,224,0.014645814895629883,-50.73689270019531,,0.10379473119974136,0.00341705116443336,0.0841430276632309,0.060676347464323044
rosenbrock,1.9287498479639178e-22,2,cholesky,5,exact_marginalization,8192,0.02,1000,3,rosenbrock,225,0.015825986862182617,-50.733070373535156,,0.11876846849918365,0.0020997237879782915,0.10311578214168549,0.058895450085401535
rosenbrock,1.9287498479639178e-22,2,cholesky,5,exact_marginalization,8192,0.02,1000,3,rosenbrock,226,0.016041994094848633,-50.73188400268555,,0.10017060488462448,0.0028215195052325726,0.09418382495641708,0.03399406000971794
rosenbrock,1.9287498479639178e-22,2,cholesky,5,exact_marginalization,8192,0.02,1000,3,rosenbrock,227,0.01468205451965332,-50.72950744628906,,0.08953023701906204,0.002251208061352372,0.07322331517934799,0.051467861980199814
rosenbrock,1.9287498479639178e-22,2,cholesky,5,exact_marginalization,8192,0.02,1000,3,rosenbrock,228,0.014456033706665039,-50.730018615722656,,0.10276327282190323,0.0017409317661076784,0.08325108885765076,0.06022057682275772
rosenbrock,1.9287498479639178e-22,2,cholesky,5,exact_marginalization,8192,0.02,1000,3,rosenbrock,229,0.014286041259765625,-50.72703552246094,,0.15395233035087585,0.002968727145344019,0.14395491778850555,0.054493069648742676
rosenbrock,1.9287498479639178e-22,2,cholesky,5,exact_marginalization,8192,0.02,1000,3,rosenbrock,230,0.014371871948242188,-50.72881317138672,,0.12304338067770004,0.0027804281562566757,0.0860278382897377,0.08792698383331299
rosenbrock,1.9287498479639178e-22,2,cholesky,5,exact_marginalization,8192,0.02,1000,3,rosenbrock,231,0.014347076416015625,-50.730926513671875,,0.1312972903251648,0.005523937288671732,0.12195070087909698,0.04833726957440376
rosenbrock,1.9287498479639178e-22,2,cholesky,5,exact_marginalization,8192,0.02,1000,3,rosenbrock,232,0.01421809196472168,-50.72780990600586,,0.13053545355796814,0.0048003243282437325,0.12284155935049057,0.04389096423983574
rosenbrock,1.9287498479639178e-22,2,cholesky,5,exact_marginalization,8192,0.02,1000,3,rosenbrock,233,0.01424407958984375,-50.728389739990234,,0.10571962594985962,0.004612219054251909,0.0909634381532669,0.05367513373494148
rosenbrock,1.9287498479639178e-22,2,cholesky,5,exact_marginalization,8192,0.02,1000,3,rosenbrock,234,0.014255762100219727,-50.72313690185547,,0.09815184026956558,0.003837919095531106,0.0856061801314354,0.047860585153102875
rosenbrock,1.9287498479639178e-22,2,cholesky,5,exact_marginalization,8192,0.02,1000,3,rosenbrock,235,0.014487981796264648,-50.72663879394531,,0.12717409431934357,0.004514317028224468,0.12168052792549133,0.03669768571853638
rosenbrock,1.9287498479639178e-22,2,cholesky,5,exact_marginalization,8192,0.02,1000,3,rosenbrock,236,0.014194965362548828,-50.726234436035156,,0.12352892756462097,0.0038337528239935637,0.07370609790086746,0.09905609488487244
rosenbrock,1.9287498479639178e-22,2,cholesky,5,exact_marginalization,8192,0.02,1000,3,rosenbrock,237,0.014171838760375977,-50.72396469116211,,0.12962932884693146,0.003941709641367197,0.0655442550778389,0.11176840960979462
rosenbrock,1.9287498479639178e-22,2,cholesky,5,exact_marginalization,8192,0.02,1000,3,rosenbrock,238,0.014130353927612305,-50.72267532348633,,0.1634078472852707,0.002782528754323721,0.14589789509773254,0.07354040443897247
rosenbrock,1.9287498479639178e-22,2,cholesky,5,exact_marginalization,8192,0.02,1000,3,rosenbrock,239,0.014188051223754883,-50.724517822265625,,0.10210863500833511,0.005231530871242285,0.08780240267515182,0.05186079069972038
rosenbrock,1.9287498479639178e-22,2,cholesky,5,exact_marginalization,8192,0.02,1000,3,rosenbrock,240,0.014400959014892578,-50.72102737426758,,0.09758660197257996,0.0014887436991557479,0.0845409631729126,0.04872119799256325
rosenbrock,1.9287498479639178e-22,2,cholesky,5,exact_marginalization,8192,0.02,1000,3,rosenbrock,241,0.016632080078125,-50.723426818847656,,0.12986499071121216,0.00368077727034688,0.09319151937961578,0.09036984294652939
rosenbrock,1.9287498479639178e-22,2,cholesky,5,exact_marginalization,8192,0.02,1000,3,rosenbrock,242,0.016299962997436523,-50.720787048339844,,0.12603379786014557,0.0016244390280917287,0.12185396999120712,0.032147929072380066
rosenbrock,1.9287498479639178e-22,2,cholesky,5,exact_marginalization,8192,0.02,1000,3,rosenbrock,243,0.015738964080810547,-50.71970748901367,,0.10079481452703476,0.003457101760432124,0.0872444435954094,0.05035920441150665
rosenbrock,1.9287498479639178e-22,2,cholesky,5,exact_marginalization,8192,0.02,1000,3,rosenbrock,244,0.015284061431884766,-50.71572494506836,,0.11962853372097015,0.0018554580165073276,0.11688990890979767,0.025382976979017258
rosenbrock,1.9287498479639178e-22,2,cholesky,5,exact_marginalization,8192,0.02,1000,3,rosenbrock,245,0.015625953674316406,-50.712215423583984,,0.13531388342380524,0.004411345813423395,0.12224161624908447,0.057856522500514984
rosenbrock,1.9287498479639178e-22,2,cholesky,5,exact_marginalization,8192,0.02,1000,3,rosenbrock,246,0.016390323638916016,-50.712528228759766,,0.10929030179977417,0.002458564005792141,0.0979669839143753,0.04838177561759949
rosenbrock,1.9287498479639178e-22,2,cholesky,5,exact_marginalization,8192,0.02,1000,3,rosenbrock,247,0.01672506332397461,-50.71839141845703,,0.13615360856056213,0.0016485325759276748,0.13113650679588318,0.03658279776573181
rosenbrock,1.9287498479639178e-22,2,cholesky,5,exact_marginalization,8192,0.02,1000,3,rosenbrock,248,0.016030073165893555,-50.715003967285156,,0.14352631568908691,0.0027759673539549112,0.1395420879125595,0.03346791863441467
rosenbrock,1.9287498479639178e-22,2,cholesky,5,exact_marginalization,8192,0.02,1000,3,rosenbrock,249,0.01594686508178711,-50.70921325683594,,0.0875939428806305,0.003746451810002327,0.07362166792154312,0.04731292277574539
rosenbrock,1.9287498479639178e-22,2,cholesky,5,exact_marginalization,8192,0.02,1000,3,rosenbrock,250,0.017167091369628906,-50.71452713012695,,0.12726163864135742,0.0006252433522604406,0.10640271008014679,0.06981115788221359
rosenbrock,1.9287498479639178e-22,2,cholesky,5,exact_marginalization,8192,0.02,1000,3,rosenbrock,251,0.015284061431884766,-50.71175003051758,,0.10009871423244476,0.0024817700032144785,0.07265637814998627,0.06880875676870346
rosenbrock,1.9287498479639178e-22,2,cholesky,5,exact_marginalization,8192,0.02,1000,3,rosenbrock,252,0.015393733978271484,-50.70601272583008,,0.1170409545302391,0.004890915472060442,0.1035386323928833,0.05435454100370407
rosenbrock,1.9287498479639178e-22,2,cholesky,5,exact_marginalization,8192,0.02,1000,3,rosenbrock,253,0.015266895294189453,-50.70846939086914,,0.08060585707426071,0.003432388184592128,0.06574920564889908,0.04650338739156723
rosenbrock,1.9287498479639178e-22,2,cholesky,5,exact_marginalization,8192,0.02,1000,3,rosenbrock,254,0.015900135040283203,-50.70911407470703,,0.14299850165843964,0.0025655347853899,0.12536302208900452,0.0687466710805893
rosenbrock,1.9287498479639178e-22,2,cholesky,5,exact_marginalization,8192,0.02,1000,3,rosenbrock,255,0.015629053115844727,-50.708526611328125,,0.08422011137008667,0.0028757909312844276,0.07731950283050537,0.03326335921883583
rosenbrock,1.9287498479639178e-22,2,cholesky,5,exact_marginalization,8192,0.02,1000,3,rosenbrock,256,0.01594686508178711,-50.71013641357422,,0.17690245807170868,0.004282461013644934,0.13781794905662537,0.11082577705383301
rosenbrock,1.9287498479639178e-22,2,cholesky,5,exact_marginalization,8192,0.02,1000,3,rosenbrock,257,0.01481008529663086,-50.70332717895508,,0.12428656965494156,0.0024862377904355526,0.11215747147798538,0.05349458381533623
rosenbrock,1.9287498479639178e-22,2,cholesky,5,exact_marginalization,8192,0.02,1000,3,rosenbrock,258,0.01455998420715332,-50.707069396972656,,0.11394847929477692,0.00747167831286788,0.10846660286188126,0.034109022468328476
rosenbrock,1.9287498479639178e-22,2,cholesky,5,exact_marginalization,8192,0.02,1000,3,rosenbrock,259,0.014599084854125977,-50.70623779296875,,0.15844610333442688,0.0032735601998865604,0.1542515605688095,0.03606809303164482
rosenbrock,1.9287498479639178e-22,2,cholesky,5,exact_marginalization,8192,0.02,1000,3,rosenbrock,260,0.014509916305541992,-50.70764923095703,,0.11592726409435272,0.005703347269445658,0.11043379455804825,0.03479916229844093
rosenbrock,1.9287498479639178e-22,2,cholesky,5,exact_marginalization,8192,0.02,1000,3,rosenbrock,261,0.014542102813720703,-50.70155715942383,,0.09432348608970642,0.002370316069573164,0.06722060590982437,0.06612633168697357
rosenbrock,1.9287498479639178e-22,2,cholesky,5,exact_marginalization,8192,0.02,1000,3,rosenbrock,262,0.014445066452026367,-50.70698547363281,,0.16041843593120575,0.003107166150584817,0.15737716853618622,0.03093293122947216
rosenbrock,1.9287498479639178e-22,2,cholesky,5,exact_marginalization,8192,0.02,1000,3,rosenbrock,263,0.014501094818115234,-50.70633316040039,,0.1278931349515915,0.0038606529124081135,0.08945780992507935,0.09131839871406555
rosenbrock,1.9287498479639178e-22,2,cholesky,5,exact_marginalization,8192,0.02,1000,3,rosenbrock,264,0.014494180679321289,-50.7027587890625,,0.10459364950656891,0.0034046496730297804,0.10014421492815018,0.029989568516612053
rosenbrock,1.9287498479639178e-22,2,cholesky,5,exact_marginalization,8192,0.02,1000,3,rosenbrock,265,0.014433860778808594,-50.700408935546875,,0.12147515267133713,0.0025661978870630264,0.08886914700269699,0.08277621865272522
rosenbrock,1.9287498479639178e-22,2,cholesky,5,exact_marginalization,8192,0.02,1000,3,rosenbrock,266,0.016744136810302734,-50.70148468017578,,0.1702960580587387,0.00335036963224411,0.16667059063911438,0.03479129076004028
rosenbrock,1.9287498479639178e-22,2,cholesky,5,exact_marginalization,8192,0.02,1000,3,rosenbrock,267,0.014811038970947266,-50.70364761352539,,0.1272706389427185,0.002785415155813098,0.11099136620759964,0.06221715360879898
rosenbrock,1.9287498479639178e-22,2,cholesky,5,exact_marginalization,8192,0.02,1000,3,rosenbrock,268,0.014636039733886719,-50.703514099121094,,0.1600656360387802,0.005303784739226103,0.15342019498348236,0.04533347114920616
rosenbrock,1.9287498479639178e-22,2,cholesky,5,exact_marginalization,8192,0.02,1000,3,rosenbrock,269,0.01447916030883789,-50.697200775146484,,0.20662708580493927,0.0021841218695044518,0.19925746321678162,0.05464843288064003
rosenbrock,1.9287498479639178e-22,2,cholesky,5,exact_marginalization,8192,0.02,1000,3,rosenbrock,270,0.014414072036743164,-50.69694137573242,,0.12902984023094177,0.003913741558790207,0.12349045276641846,0.03719530254602432
rosenbrock,1.9287498479639178e-22,2,cholesky,5,exact_marginalization,8192,0.02,1000,3,rosenbrock,271,0.014537811279296875,-50.69844055175781,,0.08531766384840012,0.003161774715408683,0.07754199206829071,0.035444971174001694
rosenbrock,1.9287498479639178e-22,2,cholesky,5,exact_marginalization,8192,0.02,1000,3,rosenbrock,272,0.014491081237792969,-50.693546295166016,,0.12039344012737274,0.005275737028568983,0.09701787680387497,0.07109346985816956
rosenbrock,1.9287498479639178e-22,2,cholesky,5,exact_marginalization,8192,0.02,1000,3,rosenbrock,273,0.0143890380859375,-50.69902801513672,,0.09913039952516556,0.003834738861769438,0.09233410656452179,0.03586839884519577
rosenbrock,1.9287498479639178e-22,2,cholesky,5,exact_marginalization,8192,0.02,1000,3,rosenbrock,274,0.014261960983276367,-50.695655822753906,,0.10043469071388245,0.0046938457526266575,0.0891144722700119,0.046083707362413406
rosenbrock,1.9287498479639178e-22,2,cholesky,5,exact_marginalization,8192,0.02,1000,3,rosenbrock,275,0.014261007308959961,-50.694854736328125,,0.14858604967594147,0.003660948248580098,0.13672351837158203,0.058061111718416214
rosenbrock,1.9287498479639178e-22,2,cholesky,5,exact_marginalization,8192,0.02,1000,3,rosenbrock,276,0.014338254928588867,-50.69328689575195,,0.07729797810316086,0.0036181588657200336,0.06417437642812729,0.04293642193078995
rosenbrock,1.9287498479639178e-22,2,cholesky,5,exact_marginalization,8192,0.02,1000,3,rosenbrock,277,0.014468193054199219,-50.693058013916016,,0.18784964084625244,0.0024614622816443443,0.17116719484329224,0.07735128700733185
rosenbrock,1.9287498479639178e-22,2,cholesky,5,exact_marginalization,8192,0.02,1000,3,rosenbrock,278,0.01442098617553711,-50.694820404052734,,0.08849027007818222,0.0025866529904305935,0.06978301703929901,0.05435226112604141
rosenbrock,1.9287498479639178e-22,2,cholesky,5,exact_marginalization,8192,0.02,1000,3,rosenbrock,279,0.014318704605102539,-50.69289779663086,,0.10149244219064713,0.00414422107860446,0.09612966328859329,0.0322897844016552
rosenbrock,1.9287498479639178e-22,2,cholesky,5,exact_marginalization,8192,0.02,1000,3,rosenbrock,280,0.014396905899047852,-50.69458770751953,,0.1009334847331047,0.0032769099343568087,0.08315590023994446,0.05711326375603676
rosenbrock,1.9287498479639178e-22,2,cholesky,5,exact_marginalization,8192,0.02,1000,3,rosenbrock,281,0.014857053756713867,-50.689064025878906,,0.1600521355867386,0.0024891733191907406,0.15114593505859375,0.05258699506521225
rosenbrock,1.9287498479639178e-22,2,cholesky,5,exact_marginalization,8192,0.02,1000,3,rosenbrock,282,0.015037059783935547,-50.68593978881836,,0.1596735566854477,0.003217327408492565,0.1408117413520813,0.07521533966064453
rosenbrock,1.9287498479639178e-22,2,cholesky,5,exact_marginalization,8192,0.02,1000,3,rosenbrock,283,0.017344951629638672,-50.687232971191406,,0.11904139816761017,0.003322879085317254,0.10493042320013046,0.056119710206985474
rosenbrock,1.9287498479639178e-22,2,cholesky,5,exact_marginalization,8192,0.02,1000,3,rosenbrock,284,0.015836238861083984,-50.68851852416992,,0.11650346964597702,0.004077679943293333,0.11128925532102585,0.03422180935740471
rosenbrock,1.9287498479639178e-22,2,cholesky,5,exact_marginalization,8192,0.02,1000,3,rosenbrock,285,0.01566004753112793,-50.68653106689453,,0.08237193524837494,0.0037804818712174892,0.06299017369747162,0.05294414237141609
rosenbrock,1.9287498479639178e-22,2,cholesky,5,exact_marginalization,8192,0.02,1000,3,rosenbrock,286,0.019757986068725586,-50.68352127075195,,0.14655542373657227,0.0028709876351058483,0.12532676756381989,0.07591737061738968
rosenbrock,1.9287498479639178e-22,2,cholesky,5,exact_marginalization,8192,0.02,1000,3,rosenbrock,287,0.015617132186889648,-50.69136047363281,,0.2532106935977936,0.0063071902841329575,0.2221825122833252,0.12128809094429016
rosenbrock,1.9287498479639178e-22,2,cholesky,5,exact_marginalization,8192,0.02,1000,3,rosenbrock,288,0.016035079956054688,-50.68380355834961,,0.17187641561031342,0.002677803859114647,0.16678941249847412,0.04142007604241371
rosenbrock,1.9287498479639178e-22,2,cholesky,5,exact_marginalization,8192,0.02,1000,3,rosenbrock,289,0.014497995376586914,-50.687103271484375,,0.11975116282701492,0.0021095911506563425,0.07093842327594757,0.09645533561706543
rosenbrock,1.9287498479639178e-22,2,cholesky,5,exact_marginalization,8192,0.02,1000,3,rosenbrock,290,0.015442848205566406,-50.6839599609375,,0.26432982087135315,0.0036078549455851316,0.24770739674568176,0.09218616038560867
rosenbrock,1.9287498479639178e-22,2,cholesky,5,exact_marginalization,8192,0.02,1000,3,rosenbrock,291,0.016311168670654297,-50.68041229248047,,0.17145957052707672,0.003004426835104823,0.16685403883457184,0.039358437061309814
rosenbrock,1.9287498479639178e-22,2,cholesky,5,exact_marginalization,8192,0.02,1000,3,rosenbrock,292,0.016281843185424805,-50.68405532836914,,0.13286544382572174,0.0028081065975129604,0.10869590193033218,0.07635799050331116
rosenbrock,1.9287498479639178e-22,2,cholesky,5,exact_marginalization,8192,0.02,1000,3,rosenbrock,293,0.016279935836791992,-50.688575744628906,,0.14178699254989624,0.004598073661327362,0.13231316208839417,0.050750698894262314
rosenbrock,1.9287498479639178e-22,2,cholesky,5,exact_marginalization,8192,0.02,1000,3,rosenbrock,294,0.016170978546142578,-50.6834831237793,,0.3099895119667053,0.0022141761146485806,0.30134621262550354,0.07265716046094894
rosenbrock,1.9287498479639178e-22,2,cholesky,5,exact_marginalization,8192,0.02,1000,3,rosenbrock,295,0.015826940536499023,-50.681148529052734,,0.14834941923618317,0.003741375170648098,0.14085470139980316,0.04640590772032738
rosenbrock,1.9287498479639178e-22,2,cholesky,5,exact_marginalization,8192,0.02,1000,3,rosenbrock,296,0.015229940414428711,-50.68020248413086,,0.07983963936567307,0.0029105269350111485,0.06899482011795044,0.040070101618766785
rosenbrock,1.9287498479639178e-22,2,cholesky,5,exact_marginalization,8192,0.02,1000,3,rosenbrock,297,0.01634979248046875,-50.68303680419922,,0.20405834913253784,0.0019749391358345747,0.19193390011787415,0.06926244497299194
rosenbrock,1.9287498479639178e-22,2,cholesky,5,exact_marginalization,8192,0.02,1000,3,rosenbrock,298,0.016520023345947266,-50.67723083496094,,0.2812798321247101,0.0022218895610421896,0.27363619208335876,0.06508941948413849
rosenbrock,1.9287498479639178e-22,2,cholesky,5,exact_marginalization,8192,0.02,1000,3,rosenbrock,299,0.015344858169555664,-50.68130874633789,,0.09480435401201248,0.0026617159601300955,0.07376352697610855,0.059495557099580765
rosenbrock,1.9287498479639178e-22,2,cholesky,5,exact_marginalization,8192,0.02,1000,3,rosenbrock,300,0.014891624450683594,-50.681671142578125,,0.11426384001970291,0.005304232705384493,0.10825428366661072,0.036181457340717316
rosenbrock,1.9287498479639178e-22,2,cholesky,5,exact_marginalization,8192,0.02,1000,3,rosenbrock,301,0.014749288558959961,-50.68323516845703,,0.24568411707878113,0.0033784443512558937,0.2437383532524109,0.03067399188876152
rosenbrock,1.9287498479639178e-22,2,cholesky,5,exact_marginalization,8192,0.02,1000,3,rosenbrock,302,0.014494895935058594,-50.67963790893555,,0.20963171124458313,0.004752668086439371,0.20600438117980957,0.038536492735147476
rosenbrock,1.9287498479639178e-22,2,cholesky,5,exact_marginalization,8192,0.02,1000,3,rosenbrock,303,0.01437687873840332,-50.6780891418457,,0.1298213005065918,0.003972410224378109,0.11082769185304642,0.0674908310174942
rosenbrock,1.9287498479639178e-22,2,cholesky,5,exact_marginalization,8192,0.02,1000,3,rosenbrock,304,0.014215946197509766,-50.67247772216797,,0.18178334832191467,0.001802141428925097,0.1739322692155838,0.05281578376889229
rosenbrock,1.9287498479639178e-22,2,cholesky,5,exact_marginalization,8192,0.02,1000,3,rosenbrock,305,0.014121294021606445,-50.678836822509766,,0.13497193157672882,0.003600247437134385,0.12536247074604034,0.04988699406385422
rosenbrock,1.9287498479639178e-22,2,cholesky,5,exact_marginalization,8192,0.02,1000,3,rosenbrock,306,0.01415395736694336,-50.672279357910156,,0.0962744876742363,0.0013371789827942848,0.08525504171848297,0.04470532387495041
rosenbrock,1.9287498479639178e-22,2,cholesky,5,exact_marginalization,8192,0.02,1000,3,rosenbrock,307,0.01414179801940918,-50.676673889160156,,0.09323950111865997,0.0016704481095075607,0.08311215788125992,0.042227741330862045
rosenbrock,1.9287498479639178e-22,2,cholesky,5,exact_marginalization,8192,0.02,1000,3,rosenbrock,308,0.014551877975463867,-50.67228317260742,,0.2177382856607437,0.002522020833566785,0.19656258821487427,0.09363090246915817
rosenbrock,1.9287498479639178e-22,2,cholesky,5,exact_marginalization,8192,0.02,1000,3,rosenbrock,309,0.014551877975463867,-50.67628860473633,,0.09896393120288849,0.0021105592604726553,0.08814682066440582,0.0449393168091774
rosenbrock,1.9287498479639178e-22,2,cholesky,5,exact_marginalization,8192,0.02,1000,3,rosenbrock,310,0.014384984970092773,-50.67022705078125,,0.08874883502721786,0.001767753274179995,0.08092387765645981,0.03639445826411247
rosenbrock,1.9287498479639178e-22,2,cholesky,5,exact_marginalization,8192,0.02,1000,3,rosenbrock,311,0.014346837997436523,-50.67279052734375,,0.11045398563146591,0.002741342643275857,0.10584834218025208,0.031443532556295395
rosenbrock,1.9287498479639178e-22,2,cholesky,5,exact_marginalization,8192,0.02,1000,3,rosenbrock,312,0.01427602767944336,-50.67259216308594,,0.10979625582695007,0.001778650563210249,0.09328816086053848,0.05787377059459686
rosenbrock,1.9287498479639178e-22,2,cholesky,5,exact_marginalization,8192,0.02,1000,3,rosenbrock,313,0.014336824417114258,-50.67019271850586,,0.1271495819091797,0.002805461874231696,0.05698982998728752,0.11362792551517487
rosenbrock,1.9287498479639178e-22,2,cholesky,5,exact_marginalization,8192,0.02,1000,3,rosenbrock,314,0.014306783676147461,-50.67062759399414,,0.12254755944013596,0.004160185344517231,0.11982064694166183,0.025369489565491676
rosenbrock,1.9287498479639178e-22,2,cholesky,5,exact_marginalization,8192,0.02,1000,3,rosenbrock,315,0.014302968978881836,-50.66924285888672,,0.07005252689123154,0.00291080423630774,0.06581910699605942,0.02380605973303318
rosenbrock,1.9287498479639178e-22,2,cholesky,5,exact_marginalization,8192,0.02,1000,3,rosenbrock,316,0.014306068420410156,-50.67207717895508,,0.09847968816757202,0.0034511007834225893,0.07532185316085815,0.06334791332483292
rosenbrock,1.9287498479639178e-22,2,cholesky,5,exact_marginalization,8192,0.02,1000,3,rosenbrock,317,0.01434183120727539,-50.66938781738281,,0.0888458862900734,0.006045309826731682,0.0831417664885521,0.03073260188102722
rosenbrock,1.9287498479639178e-22,2,cholesky,5,exact_marginalization,8192,0.02,1000,3,rosenbrock,318,0.014240026473999023,-50.66997528076172,,0.07974455505609512,0.002594707300886512,0.06621214747428894,0.044366803020238876
rosenbrock,1.9287498479639178e-22,2,cholesky,5,exact_marginalization,8192,0.02,1000,3,rosenbrock,319,0.014316082000732422,-50.665504455566406,,0.08055904507637024,0.002082659164443612,0.06101028621196747,0.052565839141607285
rosenbrock,1.9287498479639178e-22,2,cholesky,5,exact_marginalization,8192,0.02,1000,3,rosenbrock,320,0.014626026153564453,-50.66963195800781,,0.09605780988931656,0.003242823528125882,0.06897836923599243,0.06677254289388657
rosenbrock,1.9287498479639178e-22,2,cholesky,5,exact_marginalization,8192,0.02,1000,3,rosenbrock,321,0.014460325241088867,-50.67012405395508,,0.13022339344024658,0.0047706905752420425,0.12412749975919724,0.039086274802684784
rosenbrock,1.9287498479639178e-22,2,cholesky,5,exact_marginalization,8192,0.02,1000,3,rosenbrock,322,0.014665842056274414,-50.66995620727539,,0.08889945596456528,0.002326525514945388,0.0844665914773941,0.027624167501926422
rosenbrock,1.9287498479639178e-22,2,cholesky,5,exact_marginalization,8192,0.02,1000,3,rosenbrock,323,0.014555931091308594,-50.669010162353516,,0.08968756347894669,0.004287575837224722,0.08250986784696579,0.03489408642053604
rosenbrock,1.9287498479639178e-22,2,cholesky,5,exact_marginalization,8192,0.02,1000,3,rosenbrock,324,0.014310359954833984,-50.66347885131836,,0.10402783006429672,0.002567181596532464,0.09114759415388107,0.050073105841875076
rosenbrock,1.9287498479639178e-22,2,cholesky,5,exact_marginalization,8192,0.02,1000,3,rosenbrock,325,0.014317035675048828,-50.663978576660156,,0.0885770171880722,0.002357081975787878,0.06555800884962082,0.059518735855817795
rosenbrock,1.9287498479639178e-22,2,cholesky,5,exact_marginalization,8192,0.02,1000,3,rosenbrock,326,0.014245986938476562,-50.6639289855957,,0.13818587362766266,0.0019447985105216503,0.13486364483833313,0.030055755749344826
rosenbrock,1.9287498479639178e-22,2,cholesky,5,exact_marginalization,8192,0.02,1000,3,rosenbrock,327,0.014266014099121094,-50.66503143310547,,0.07588153332471848,0.000977792078629136,0.06244305148720741,0.04310355708003044
rosenbrock,1.9287498479639178e-22,2,cholesky,5,exact_marginalization,8192,0.02,1000,3,rosenbrock,328,0.01425790786743164,-50.667503356933594,,0.12089268118143082,0.004683110397309065,0.11279180645942688,0.04325640946626663
rosenbrock,1.9287498479639178e-22,2,cholesky,5,exact_marginalization,8192,0.02,1000,3,rosenbrock,329,0.014254093170166016,-50.6624870300293,,0.10434231162071228,0.0022883466444909573,0.09671325236558914,0.03909768909215927
rosenbrock,1.9287498479639178e-22,2,cholesky,5,exact_marginalization,8192,0.02,1000,3,rosenbrock,330,0.014286041259765625,-50.66382598876953,,0.08888301253318787,0.002716151298955083,0.07740604877471924,0.04360179230570793
rosenbrock,1.9287498479639178e-22,2,cholesky,5,exact_marginalization,8192,0.02,1000,3,rosenbrock,331,0.014269828796386719,-50.660491943359375,,0.10935225337743759,0.000988782150670886,0.09922939538955688,0.04593980312347412
rosenbrock,1.9287498479639178e-22,2,cholesky,5,exact_marginalization,8192,0.02,1000,3,rosenbrock,332,0.014265298843383789,-50.66251754760742,,0.11163745820522308,0.0033584474585950375,0.08958115428686142,0.06653465330600739
rosenbrock,1.9287498479639178e-22,2,cholesky,5,exact_marginalization,8192,0.02,1000,3,rosenbrock,333,0.01425790786743164,-50.66199493408203,,0.13134045898914337,0.0029223402962088585,0.11690559983253479,0.059790097177028656
rosenbrock,1.9287498479639178e-22,2,cholesky,5,exact_marginalization,8192,0.02,1000,3,rosenbrock,334,0.014229059219360352,-50.66238021850586,,0.11270993202924728,0.0015323159750550985,0.10786882787942886,0.0326419360935688
rosenbrock,1.9287498479639178e-22,2,cholesky,5,exact_marginalization,8192,0.02,1000,3,rosenbrock,335,0.014287948608398438,-50.66168212890625,,0.14681650698184967,0.003026288468390703,0.13865789771080017,0.048165518790483475
rosenbrock,1.9287498479639178e-22,2,cholesky,5,exact_marginalization,8192,0.02,1000,3,rosenbrock,336,0.014673233032226562,-50.65815353393555,,0.10579632222652435,0.003335042856633663,0.07525426149368286,0.07428685575723648
rosenbrock,1.9287498479639178e-22,2,cholesky,5,exact_marginalization,8192,0.02,1000,3,rosenbrock,337,0.01424098014831543,-50.66135787963867,,0.11275973170995712,0.002378438599407673,0.07961150258779526,0.07981923222541809
rosenbrock,1.9287498479639178e-22,2,cholesky,5,exact_marginalization,8192,0.02,1000,3,rosenbrock,338,0.01420283317565918,-50.659976959228516,,0.18216542899608612,0.0030834288336336613,0.1706945151090622,0.06354616582393646
rosenbrock,1.9287498479639178e-22,2,cholesky,5,exact_marginalization,8192,0.02,1000,3,rosenbrock,339,0.014273881912231445,-50.65858459472656,,0.06525645405054092,0.003760677296668291,0.0584828145802021,0.02870580181479454
rosenbrock,1.9287498479639178e-22,2,cholesky,5,exact_marginalization,8192,0.02,1000,3,rosenbrock,340,0.014248132705688477,-50.65986251831055,,0.08034923672676086,0.004629683680832386,0.07323785126209259,0.03272281959652901
rosenbrock,1.9287498479639178e-22,2,cholesky,5,exact_marginalization,8192,0.02,1000,3,rosenbrock,341,0.014239072799682617,-50.66072463989258,,0.13552838563919067,0.002077509881928563,0.11269942671060562,0.07524936646223068
rosenbrock,1.9287498479639178e-22,2,cholesky,5,exact_marginalization,8192,0.02,1000,3,rosenbrock,342,0.01423788070678711,-50.65336990356445,,0.08159760385751724,0.004305793438106775,0.07180600613355637,0.0385165773332119
rosenbrock,1.9287498479639178e-22,2,cholesky,5,exact_marginalization,8192,0.02,1000,3,rosenbrock,343,0.014236927032470703,-50.65538787841797,,0.09204363822937012,0.0020645156037062407,0.08453360199928284,0.0363570973277092
rosenbrock,1.9287498479639178e-22,2,cholesky,5,exact_marginalization,8192,0.02,1000,3,rosenbrock,344,0.01429295539855957,-50.6536979675293,,0.07680218666791916,0.0037462441250681877,0.061169836670160294,0.04629030451178551
rosenbrock,1.9287498479639178e-22,2,cholesky,5,exact_marginalization,8192,0.02,1000,3,rosenbrock,345,0.01424098014831543,-50.65706253051758,,0.12576213479042053,0.005218855571001768,0.11402002722024918,0.05280445143580437
rosenbrock,1.9287498479639178e-22,2,cholesky,5,exact_marginalization,8192,0.02,1000,3,rosenbrock,346,0.014215946197509766,-50.65897750854492,,0.08022478967905045,0.002280657412484288,0.0650375559926033,0.04691408574581146
rosenbrock,1.9287498479639178e-22,2,cholesky,5,exact_marginalization,8192,0.02,1000,3,rosenbrock,347,0.014245033264160156,-50.657440185546875,,0.13405078649520874,0.0007949447026476264,0.08223234117031097,0.10586229711771011
rosenbrock,1.9287498479639178e-22,2,cholesky,5,exact_marginalization,8192,0.02,1000,3,rosenbrock,348,0.014272928237915039,-50.6561393737793,,0.14279653131961823,0.0031390467192977667,0.10504916310310364,0.09667301923036575
rosenbrock,1.9287498479639178e-22,2,cholesky,5,exact_marginalization,8192,0.02,1000,3,rosenbrock,349,0.014248847961425781,-50.651695251464844,,0.1441851407289505,0.0026534879580140114,0.13955821096897125,0.03613608703017235
rosenbrock,1.9287498479639178e-22,2,cholesky,5,exact_marginalization,8192,0.02,1000,3,rosenbrock,350,0.014294147491455078,-50.656192779541016,,0.09907177090644836,0.0015426684403792024,0.07596220076084137,0.06358130276203156
rosenbrock,1.9287498479639178e-22,2,cholesky,5,exact_marginalization,8192,0.02,1000,3,rosenbrock,351,0.014235258102416992,-50.65256118774414,,0.0844576507806778,0.003104792209342122,0.06035574898123741,0.058996934443712234
rosenbrock,1.9287498479639178e-22,2,cholesky,5,exact_marginalization,8192,0.02,1000,3,rosenbrock,352,0.014225959777832031,-50.6519775390625,,0.11927815526723862,0.0016695657977834344,0.0840313509106636,0.08463582396507263
rosenbrock,1.9287498479639178e-22,2,cholesky,5,exact_marginalization,8192,0.02,1000,3,rosenbrock,353,0.01427602767944336,-50.651695251464844,,0.10044188797473907,0.002896664896979928,0.0985863134264946,0.018997907638549805
rosenbrock,1.9287498479639178e-22,2,cholesky,5,exact_marginalization,8192,0.02,1000,3,rosenbrock,354,0.014245748519897461,-50.64875030517578,,0.12774696946144104,0.004613631404936314,0.07510071247816086,0.10323704779148102
rosenbrock,1.9287498479639178e-22,2,cholesky,5,exact_marginalization,8192,0.02,1000,3,rosenbrock,355,0.014224767684936523,-50.64969253540039,,0.08959440141916275,0.0015642589423805475,0.08297418057918549,0.03376380354166031
rosenbrock,1.9287498479639178e-22,2,cholesky,5,exact_marginalization,8192,0.02,1000,3,rosenbrock,356,0.014268875122070312,-50.651615142822266,,0.08428430557250977,0.0024169425014406443,0.05542592331767082,0.06345052272081375
rosenbrock,1.9287498479639178e-22,2,cholesky,5,exact_marginalization,8192,0.02,1000,3,rosenbrock,357,0.014245271682739258,-50.65167236328125,,0.13422036170959473,0.0012612624559551477,0.07671823352575302,0.11012641340494156
rosenbrock,1.9287498479639178e-22,2,cholesky,5,exact_marginalization,8192,0.02,1000,3,rosenbrock,358,0.015067100524902344,-50.64765167236328,,0.17291530966758728,0.003481540596112609,0.16264358162879944,0.058605894446372986
rosenbrock,1.9287498479639178e-22,2,cholesky,5,exact_marginalization,8192,0.02,1000,3,rosenbrock,359,0.015465974807739258,-50.64936065673828,,0.07897549122571945,0.0020318981260061264,0.06484751403331757,0.0450311079621315
rosenbrock,1.9287498479639178e-22,2,cholesky,5,exact_marginalization,8192,0.02,1000,3,rosenbrock,360,0.014904975891113281,-50.64842224121094,,0.09665463119745255,0.002138684969395399,0.07446400076150894,0.06158454343676567
rosenbrock,1.9287498479639178e-22,2,cholesky,5,exact_marginalization,8192,0.02,1000,3,rosenbrock,361,0.014625072479248047,-50.64696502685547,,0.12677770853042603,0.003086469369009137,0.09306222945451736,0.08603767305612564
rosenbrock,1.9287498479639178e-22,2,cholesky,5,exact_marginalization,8192,0.02,1000,3,rosenbrock,362,0.014577150344848633,-50.651397705078125,,0.10004964470863342,0.0028709673788398504,0.08529212325811386,0.05222014710307121
rosenbrock,1.9287498479639178e-22,2,cholesky,5,exact_marginalization,8192,0.02,1000,3,rosenbrock,363,0.014492034912109375,-50.65279006958008,,0.1143268346786499,0.00492748711258173,0.11069674044847488,0.028152715414762497
rosenbrock,1.9287498479639178e-22,2,cholesky,5,exact_marginalization,8192,0.02,1000,3,rosenbrock,364,0.014670848846435547,-50.64886474609375,,0.10647270083427429,0.002987360116094351,0.0919032171368599,0.05367783457040787
rosenbrock,1.9287498479639178e-22,2,cholesky,5,exact_marginalization,8192,0.02,1000,3,rosenbrock,365,0.01459503173828125,-50.647178649902344,,0.10852079093456268,0.002151255030184984,0.0769803449511528,0.07646019756793976
rosenbrock,1.9287498479639178e-22,2,cholesky,5,exact_marginalization,8192,0.02,1000,3,rosenbrock,366,0.014590263366699219,-50.64154815673828,,0.07139027863740921,0.0015777263324707747,0.059574175626039505,0.039306484162807465
rosenbrock,1.9287498479639178e-22,2,cholesky,5,exact_marginalization,8192,0.02,1000,3,rosenbrock,367,0.014532804489135742,-50.648109436035156,,0.0759836956858635,0.003997953608632088,0.061932362616062164,0.043839722871780396
rosenbrock,1.9287498479639178e-22,2,cholesky,5,exact_marginalization,8192,0.02,1000,3,rosenbrock,368,0.015089988708496094,-50.646968841552734,,0.14507454633712769,0.003705041715875268,0.13447876274585724,0.05429884046316147
rosenbrock,1.9287498479639178e-22,2,cholesky,5,exact_marginalization,8192,0.02,1000,3,rosenbrock,369,0.014513015747070312,-50.6434211730957,,0.17735661566257477,0.0032019969075918198,0.16687829792499542,0.05997293069958687
rosenbrock,1.9287498479639178e-22,2,cholesky,5,exact_marginalization,8192,0.02,1000,3,rosenbrock,370,0.014418840408325195,-50.639041900634766,,0.08800668269395828,0.0029487023130059242,0.074510358273983,0.046740639954805374
rosenbrock,1.9287498479639178e-22,2,cholesky,5,exact_marginalization,8192,0.02,1000,3,rosenbrock,371,0.01434183120727539,-50.642242431640625,,0.17267277836799622,0.0009810097981244326,0.15774953365325928,0.07021402567625046
rosenbrock,1.9287498479639178e-22,2,cholesky,5,exact_marginalization,8192,0.02,1000,3,rosenbrock,372,0.014330863952636719,-50.645572662353516,,0.0806078314781189,0.0013170464662835002,0.07808606326580048,0.019961334764957428
rosenbrock,1.9287498479639178e-22,2,cholesky,5,exact_marginalization,8192,0.02,1000,3,rosenbrock,373,0.014327049255371094,-50.644126892089844,,0.10270777344703674,0.006015385966747999,0.09085913747549057,0.04751124978065491
rosenbrock,1.9287498479639178e-22,2,cholesky,5,exact_marginalization,8192,0.02,1000,3,rosenbrock,374,0.014307022094726562,-50.64472579956055,,0.12250718474388123,0.0022887380328029394,0.08337807655334473,0.08972662687301636
rosenbrock,1.9287498479639178e-22,2,cholesky,5,exact_marginalization,8192,0.02,1000,3,rosenbrock,375,0.014425039291381836,-50.644012451171875,,0.10794448107481003,0.0013211584882810712,0.10356376320123672,0.03041072003543377
rosenbrock,1.9287498479639178e-22,2,cholesky,5,exact_marginalization,8192,0.02,1000,3,rosenbrock,376,0.014243125915527344,-50.64516067504883,,0.07742754369974136,0.0021254911553114653,0.07138168811798096,0.029919248074293137
rosenbrock,1.9287498479639178e-22,2,cholesky,5,exact_marginalization,8192,0.02,1000,3,rosenbrock,377,0.014816761016845703,-50.64631652832031,,0.08886472880840302,0.002010781317949295,0.06692777574062347,0.05842575803399086
rosenbrock,1.9287498479639178e-22,2,cholesky,5,exact_marginalization,8192,0.02,1000,3,rosenbrock,378,0.01444697380065918,-50.6427116394043,,0.09455835819244385,0.0012569596292451024,0.08052558451890945,0.049551330506801605
rosenbrock,1.9287498479639178e-22,2,cholesky,5,exact_marginalization,8192,0.02,1000,3,rosenbrock,379,0.014294862747192383,-50.643959045410156,,0.17606791853904724,0.003836971940472722,0.15210023522377014,0.08860419690608978
rosenbrock,1.9287498479639178e-22,2,cholesky,5,exact_marginalization,8192,0.02,1000,3,rosenbrock,380,0.01429295539855957,-50.64370346069336,,0.08624652028083801,0.002559170825406909,0.06767062842845917,0.05340971425175667
rosenbrock,1.9287498479639178e-22,2,cholesky,5,exact_marginalization,8192,0.02,1000,3,rosenbrock,381,0.014348983764648438,-50.64346694946289,,0.09749045968055725,0.002079614205285907,0.06796552240848541,0.06986239552497864
rosenbrock,1.9287498479639178e-22,2,cholesky,5,exact_marginalization,8192,0.02,1000,3,rosenbrock,382,0.015986204147338867,-50.64058303833008,,0.12156268209218979,0.0029745805077254772,0.11627357453107834,0.035342540591955185
rosenbrock,1.9287498479639178e-22,2,cholesky,5,exact_marginalization,8192,0.02,1000,3,rosenbrock,383,0.01571798324584961,-50.641048431396484,,0.0918828547000885,0.0026058247312903404,0.08913736790418625,0.022140435874462128
rosenbrock,1.9287498479639178e-22,2,cholesky,5,exact_marginalization,8192,0.02,1000,3,rosenbrock,384,0.015024185180664062,-50.63987350463867,,0.070500448346138,0.001637240988202393,0.05831054970622063,0.03959181532263756
rosenbrock,1.9287498479639178e-22,2,cholesky,5,exact_marginalization,8192,0.02,1000,3,rosenbrock,385,0.016562223434448242,-50.6402473449707,,0.10493896901607513,0.0031032459810376167,0.07803697884082794,0.07009127736091614
rosenbrock,1.9287498479639178e-22,2,cholesky,5,exact_marginalization,8192,0.02,1000,3,rosenbrock,386,0.018229007720947266,-50.63753890991211,,0.11381527781486511,0.002224802505224943,0.07503204047679901,0.08555208891630173
rosenbrock,1.9287498479639178e-22,2,cholesky,5,exact_marginalization,8192,0.02,1000,3,rosenbrock,387,0.01646113395690918,-50.64051818847656,,0.09194771200418472,0.0018298760987818241,0.06159978359937668,0.06823855638504028
rosenbrock,1.9287498479639178e-22,2,cholesky,5,exact_marginalization,8192,0.02,1000,3,rosenbrock,388,0.015970945358276367,-50.64409255981445,,0.21008434891700745,0.0031087580136954784,0.20036105811595917,0.06309688836336136
rosenbrock,1.9287498479639178e-22,2,cholesky,5,exact_marginalization,8192,0.02,1000,3,rosenbrock,389,0.016336679458618164,-50.63568878173828,,0.1397186815738678,0.001301148091442883,0.12768413126468658,0.05671314150094986
rosenbrock,1.9287498479639178e-22,2,cholesky,5,exact_marginalization,8192,0.02,1000,3,rosenbrock,390,0.015746116638183594,-50.63783645629883,,0.13711483776569366,0.0047114272601902485,0.13272930681705475,0.03407660499215126
rosenbrock,1.9287498479639178e-22,2,cholesky,5,exact_marginalization,8192,0.02,1000,3,rosenbrock,391,0.01677107810974121,-50.63806915283203,,0.07640135288238525,0.0020817716140300035,0.07068166881799698,0.02892981842160225
rosenbrock,1.9287498479639178e-22,2,cholesky,5,exact_marginalization,8192,0.02,1000,3,rosenbrock,392,0.017126083374023438,-50.63264465332031,,0.09527736902236938,0.002327946713194251,0.07859260588884354,0.05381040275096893
rosenbrock,1.9287498479639178e-22,2,cholesky,5,exact_marginalization,8192,0.02,1000,3,rosenbrock,393,0.015908002853393555,-50.638545989990234,,0.189124196767807,0.0026069707237184048,0.1692216992378235,0.08441078662872314
rosenbrock,1.9287498479639178e-22,2,cholesky,5,exact_marginalization,8192,0.02,1000,3,rosenbrock,394,0.016036033630371094,-50.640357971191406,,0.1063959002494812,0.004190180916339159,0.05982886627316475,0.08788082003593445
rosenbrock,1.9287498479639178e-22,2,cholesky,5,exact_marginalization,8192,0.02,1000,3,rosenbrock,395,0.019941091537475586,-50.63800048828125,,0.08478007465600967,0.0015202536014840007,0.05855557322502136,0.06129106506705284
rosenbrock,1.9287498479639178e-22,2,cholesky,5,exact_marginalization,8192,0.02,1000,3,rosenbrock,396,0.017825841903686523,-50.634796142578125,,0.11336257308721542,0.001851121662184596,0.07429607957601547,0.08560220152139664
rosenbrock,1.9287498479639178e-22,2,cholesky,5,exact_marginalization,8192,0.02,1000,3,rosenbrock,397,0.017239093780517578,-50.63790512084961,,0.10957764834165573,0.004982139449566603,0.09860337525606155,0.047537483274936676
rosenbrock,1.9287498479639178e-22,2,cholesky,5,exact_marginalization,8192,0.02,1000,3,rosenbrock,398,0.018210887908935547,-50.63398361206055,,0.10349544882774353,0.0010299368295818567,0.09399053454399109,0.043313127011060715
rosenbrock,1.9287498479639178e-22,2,cholesky,5,exact_marginalization,8192,0.02,1000,3,rosenbrock,399,0.017019271850585938,-50.634422302246094,,0.15588431060314178,0.00312721636146307,0.09557531774044037,0.1231076791882515
rosenbrock,1.9287498479639178e-22,2,cholesky,5,exact_marginalization,8192,0.02,1000,3,rosenbrock,400,0.01764512062072754,-50.6353645324707,,0.12419484555721283,0.002007016446441412,0.11377748101949692,0.049749527126550674
rosenbrock,1.9287498479639178e-22,2,cholesky,5,exact_marginalization,8192,0.02,1000,3,rosenbrock,401,0.015931129455566406,-50.6325569152832,,0.09152452647686005,0.003525006351992488,0.07316048443317413,0.05488037317991257
rosenbrock,1.9287498479639178e-22,2,cholesky,5,exact_marginalization,8192,0.02,1000,3,rosenbrock,402,0.016995906829833984,-50.63742446899414,,0.08153514564037323,0.0028694046195596457,0.0530395470559597,0.061859130859375
rosenbrock,1.9287498479639178e-22,2,cholesky,5,exact_marginalization,8192,0.02,1000,3,rosenbrock,403,0.016061067581176758,-50.63447570800781,,0.09623945504426956,0.0032109778840094805,0.0548570491373539,0.0790090337395668
rosenbrock,1.9287498479639178e-22,2,cholesky,5,exact_marginalization,8192,0.02,1000,3,rosenbrock,404,0.01524209976196289,-50.63520050048828,,0.09336736053228378,0.003469466930255294,0.08420617878437042,0.04018387943506241
rosenbrock,1.9287498479639178e-22,2,cholesky,5,exact_marginalization,8192,0.02,1000,3,rosenbrock,405,0.016170978546142578,-50.63118362426758,,0.14641588926315308,0.0032867405097931623,0.13283833861351013,0.06148809939622879
rosenbrock,1.9287498479639178e-22,2,cholesky,5,exact_marginalization,8192,0.02,1000,3,rosenbrock,406,0.015330076217651367,-50.631710052490234,,0.11256008595228195,0.0030764760449528694,0.10618675500154495,0.03721132129430771
rosenbrock,1.9287498479639178e-22,2,cholesky,5,exact_marginalization,8192,0.02,1000,3,rosenbrock,407,0.01607513427734375,-50.632774353027344,,0.10601766407489777,0.0008391150622628629,0.10110849887132645,0.031876496970653534
rosenbrock,1.9287498479639178e-22,2,cholesky,5,exact_marginalization,8192,0.02,1000,3,rosenbrock,408,0.015468120574951172,-50.634952545166016,,0.17394813895225525,0.003467248287051916,0.14938697218894958,0.08904755115509033
rosenbrock,1.9287498479639178e-22,2,cholesky,5,exact_marginalization,8192,0.02,1000,3,rosenbrock,409,0.015304327011108398,-50.63296890258789,,0.08977742493152618,0.0013026325032114983,0.07904303073883057,0.042549822479486465
rosenbrock,1.9287498479639178e-22,2,cholesky,5,exact_marginalization,8192,0.02,1000,3,rosenbrock,410,0.01628279685974121,-50.630821228027344,,0.11310724914073944,0.002081499667838216,0.1005539670586586,0.0517476461827755
rosenbrock,1.9287498479639178e-22,2,cholesky,5,exact_marginalization,8192,0.02,1000,3,rosenbrock,411,0.01571822166442871,-50.626853942871094,,0.2791125178337097,0.0014414801262319088,0.25289633870124817,0.11808968335390091
rosenbrock,1.9287498479639178e-22,2,cholesky,5,exact_marginalization,8192,0.02,1000,3,rosenbrock,412,0.015988826751708984,-50.6264762878418,,0.07906265556812286,0.005804450251162052,0.0674615278840065,0.040818553417921066
rosenbrock,1.9287498479639178e-22,2,cholesky,5,exact_marginalization,8192,0.02,1000,3,rosenbrock,413,0.016402006149291992,-50.62706756591797,,0.12545552849769592,0.002722286619246006,0.12022722512483597,0.03573643043637276
rosenbrock,1.9287498479639178e-22,2,cholesky,5,exact_marginalization,8192,0.02,1000,3,rosenbrock,414,0.016213178634643555,-50.62870788574219,,0.12131214141845703,0.0023708257358521223,0.10255024582147598,0.06476467102766037
rosenbrock,1.9287498479639178e-22,2,cholesky,5,exact_marginalization,8192,0.02,1000,3,rosenbrock,415,0.015593290328979492,-50.62918472290039,,0.12260882556438446,0.0027036075480282307,0.11285139620304108,0.04785577952861786
rosenbrock,1.9287498479639178e-22,2,cholesky,5,exact_marginalization,8192,0.02,1000,3,rosenbrock,416,0.01474308967590332,-50.626556396484375,,0.13930512964725494,0.003805628977715969,0.13428255915641785,0.03687310963869095
rosenbrock,1.9287498479639178e-22,2,cholesky,5,exact_marginalization,8192,0.02,1000,3,rosenbrock,417,0.014586687088012695,-50.630027770996094,,0.10191413760185242,0.0023487508296966553,0.0987844169139862,0.02495221607387066
rosenbrock,1.9287498479639178e-22,2,cholesky,5,exact_marginalization,8192,0.02,1000,3,rosenbrock,418,0.014480829238891602,-50.62705993652344,,0.08929770439863205,0.00300633255392313,0.06172015145421028,0.06446444243192673
rosenbrock,1.9287498479639178e-22,2,cholesky,5,exact_marginalization,8192,0.02,1000,3,rosenbrock,419,0.015237092971801758,-50.62718200683594,,0.14556187391281128,0.001877017435617745,0.13236267864704132,0.06053803488612175
rosenbrock,1.9287498479639178e-22,2,cholesky,5,exact_marginalization,8192,0.02,1000,3,rosenbrock,420,0.014532089233398438,-50.62882614135742,,0.10265517979860306,0.004538464359939098,0.08271374553442001,0.06062940135598183
rosenbrock,1.9287498479639178e-22,2,cholesky,5,exact_marginalization,8192,0.02,1000,3,rosenbrock,421,0.014500856399536133,-50.62862777709961,,0.10993692278862,0.0016743700252845883,0.10419850051403046,0.035014234483242035
rosenbrock,1.9287498479639178e-22,2,cholesky,5,exact_marginalization,8192,0.02,1000,3,rosenbrock,422,0.014398336410522461,-50.623477935791016,,0.1520744413137436,0.003128664568066597,0.14725185930728912,0.03786475956439972
rosenbrock,1.9287498479639178e-22,2,cholesky,5,exact_marginalization,8192,0.02,1000,3,rosenbrock,423,0.016599178314208984,-50.62686538696289,,0.08149033784866333,0.0021543109323829412,0.07543337345123291,0.03075452335178852
rosenbrock,1.9287498479639178e-22,2,cholesky,5,exact_marginalization,8192,0.02,1000,3,rosenbrock,424,0.01806783676147461,-50.630104064941406,,0.12755559384822845,0.0027782521210610867,0.11958062648773193,0.04430783540010452
rosenbrock,1.9287498479639178e-22,2,cholesky,5,exact_marginalization,8192,0.02,1000,3,rosenbrock,425,0.015768051147460938,-50.624088287353516,,0.09979473054409027,0.0029371348209679127,0.09049230813980103,0.04197027534246445
rosenbrock,1.9287498479639178e-22,2,cholesky,5,exact_marginalization,8192,0.02,1000,3,rosenbrock,426,0.016721248626708984,-50.62944412231445,,0.1106208935379982,0.006355385761708021,0.09651578217744827,0.05367771536111832
rosenbrock,1.9287498479639178e-22,2,cholesky,5,exact_marginalization,8192,0.02,1000,3,rosenbrock,427,0.01678323745727539,-50.6225471496582,,0.08619419485330582,0.0035930515732616186,0.05939951539039612,0.0623556450009346
rosenbrock,1.9287498479639178e-22,2,cholesky,5,exact_marginalization,8192,0.02,1000,3,rosenbrock,428,0.016249895095825195,-50.6280632019043,,0.1239749863743782,0.0023739582393318415,0.10578066855669022,0.06461124867200851
rosenbrock,1.9287498479639178e-22,2,cholesky,5,exact_marginalization,8192,0.02,1000,3,rosenbrock,429,0.017227888107299805,-50.622474670410156,,0.15482783317565918,0.005848354194313288,0.14757952094078064,0.04645151272416115
rosenbrock,1.9287498479639178e-22,2,cholesky,5,exact_marginalization,8192,0.02,1000,3,rosenbrock,430,0.019101858139038086,-50.62606430053711,,0.07898661494255066,0.0019809738732874393,0.06826652586460114,0.039681755006313324
rosenbrock,1.9287498479639178e-22,2,cholesky,5,exact_marginalization,8192,0.02,1000,3,rosenbrock,431,0.019411087036132812,-50.62356948852539,,0.09547058492898941,0.0022592819295823574,0.07027515769004822,0.06458274275064468
rosenbrock,1.9287498479639178e-22,2,cholesky,5,exact_marginalization,8192,0.02,1000,3,rosenbrock,432,0.019960880279541016,-50.623268127441406,,0.09924928098917007,0.0005435487837530673,0.07921555638313293,0.05979147553443909
rosenbrock,1.9287498479639178e-22,2,cholesky,5,exact_marginalization,8192,0.02,1000,3,rosenbrock,433,0.021728038787841797,-50.62053680419922,,0.08619902282953262,0.0032019619829952717,0.06924468278884888,0.05123664066195488
rosenbrock,1.9287498479639178e-22,2,cholesky,5,exact_marginalization,8192,0.02,1000,3,rosenbrock,434,0.016558170318603516,-50.621219635009766,,0.14141426980495453,0.0028052267152816057,0.13751216232776642,0.03287149965763092
rosenbrock,1.9287498479639178e-22,2,cholesky,5,exact_marginalization,8192,0.02,1000,3,rosenbrock,435,0.017082929611206055,-50.622108459472656,,0.14259953796863556,0.003442311193794012,0.13637693226337433,0.04152237996459007
rosenbrock,1.9287498479639178e-22,2,cholesky,5,exact_marginalization,8192,0.02,1000,3,rosenbrock,436,0.01742076873779297,-50.620418548583984,,0.1023319885134697,0.0033971653319895267,0.09857841581106186,0.02725050412118435
rosenbrock,1.9287498479639178e-22,2,cholesky,5,exact_marginalization,8192,0.02,1000,3,rosenbrock,437,0.016730070114135742,-50.62366485595703,,0.15289190411567688,0.0013103324454277754,0.13257798552513123,0.07613999396562576
rosenbrock,1.9287498479639178e-22,2,cholesky,5,exact_marginalization,8192,0.02,1000,3,rosenbrock,438,0.01581096649169922,-50.624778747558594,,0.09326546639204025,0.001300358446314931,0.08848714828491211,0.02944115363061428
rosenbrock,1.9287498479639178e-22,2,cholesky,5,exact_marginalization,8192,0.02,1000,3,rosenbrock,439,0.016638994216918945,-50.61959457397461,,0.09109644591808319,0.0008696762379258871,0.06522595882415771,0.06358759850263596
rosenbrock,1.9287498479639178e-22,2,cholesky,5,exact_marginalization,8192,0.02,1000,3,rosenbrock,440,0.016778945922851562,-50.62384033203125,,0.15368162095546722,0.004289682023227215,0.13062529265880585,0.08084967732429504
rosenbrock,1.9287498479639178e-22,2,cholesky,5,exact_marginalization,8192,0.02,1000,3,rosenbrock,441,0.017876148223876953,-50.6241455078125,,0.09095004945993423,0.0025086256209760904,0.0832560807466507,0.03652454912662506
rosenbrock,1.9287498479639178e-22,2,cholesky,5,exact_marginalization,8192,0.02,1000,3,rosenbrock,442,0.019273996353149414,-50.623069763183594,,0.11539781093597412,0.003945470787584782,0.10964188724756241,0.03577353060245514
rosenbrock,1.9287498479639178e-22,2,cholesky,5,exact_marginalization,8192,0.02,1000,3,rosenbrock,443,0.019253015518188477,-50.62641143798828,,0.09708238393068314,0.004914199002087116,0.07943198084831238,0.055600356310606
rosenbrock,1.9287498479639178e-22,2,cholesky,5,exact_marginalization,8192,0.02,1000,3,rosenbrock,444,0.020924806594848633,-50.61685562133789,,0.12043368071317673,0.003662822302430868,0.10619450360536575,0.05668845772743225
rosenbrock,1.9287498479639178e-22,2,cholesky,5,exact_marginalization,8192,0.02,1000,3,rosenbrock,445,0.018013954162597656,-50.619537353515625,,0.12773841619491577,0.00030225657974369824,0.1052120104432106,0.07243926078081131
rosenbrock,1.9287498479639178e-22,2,cholesky,5,exact_marginalization,8192,0.02,1000,3,rosenbrock,446,0.016765117645263672,-50.616397857666016,,0.14691966772079468,0.001739206025376916,0.14089247584342957,0.041613396257162094
rosenbrock,1.9287498479639178e-22,2,cholesky,5,exact_marginalization,8192,0.02,1000,3,rosenbrock,447,0.015666961669921875,-50.62197494506836,,0.1558080017566681,0.002934221178293228,0.14789380133152008,0.04893818497657776
rosenbrock,1.9287498479639178e-22,2,cholesky,5,exact_marginalization,8192,0.02,1000,3,rosenbrock,448,0.015738725662231445,-50.621307373046875,,0.08868708461523056,0.002890488365665078,0.07668884843587875,0.04445069655776024
rosenbrock,1.9287498479639178e-22,2,cholesky,5,exact_marginalization,8192,0.02,1000,3,rosenbrock,449,0.015465974807739258,-50.61952209472656,,0.0907934382557869,0.0022256658412516117,0.08422430604696274,0.03383433818817139
rosenbrock,1.9287498479639178e-22,2,cholesky,5,exact_marginalization,8192,0.02,1000,3,rosenbrock,450,0.015750885009765625,-50.620155334472656,,0.09721538424491882,0.001009018043987453,0.08363984525203705,0.04953975975513458
rosenbrock,1.9287498479639178e-22,2,cholesky,5,exact_marginalization,8192,0.02,1000,3,rosenbrock,451,0.014592885971069336,-50.61613845825195,,0.08628591150045395,0.004191259387880564,0.0780128762125969,0.03662899136543274
rosenbrock,1.9287498479639178e-22,2,cholesky,5,exact_marginalization,8192,0.02,1000,3,rosenbrock,452,0.015156984329223633,-50.614688873291016,,0.0911911204457283,0.0020403717644512653,0.07840973138809204,0.04651421681046486
rosenbrock,1.9287498479639178e-22,2,cholesky,5,exact_marginalization,8192,0.02,1000,3,rosenbrock,453,0.016004085540771484,-50.621212005615234,,0.07366467267274857,0.0037706177681684494,0.062463656067848206,0.03886590152978897
rosenbrock,1.9287498479639178e-22,2,cholesky,5,exact_marginalization,8192,0.02,1000,3,rosenbrock,454,0.014754056930541992,-50.62130355834961,,0.11053154617547989,0.0035977568477392197,0.09842666238546371,0.05016445368528366
rosenbrock,1.9287498479639178e-22,2,cholesky,5,exact_marginalization,8192,0.02,1000,3,rosenbrock,455,0.015542984008789062,-50.6222038269043,,0.07045678049325943,0.0020985605660825968,0.05899248644709587,0.03846609964966774
rosenbrock,1.9287498479639178e-22,2,cholesky,5,exact_marginalization,8192,0.02,1000,3,rosenbrock,456,0.015711069107055664,-50.6151008605957,,0.13737042248249054,0.003568685846403241,0.10828065127134323,0.08445825427770615
rosenbrock,1.9287498479639178e-22,2,cholesky,5,exact_marginalization,8192,0.02,1000,3,rosenbrock,457,0.014739990234375,-50.618873596191406,,0.1314900815486908,0.004325704649090767,0.12278091907501221,0.046859096735715866
rosenbrock,1.9287498479639178e-22,2,cholesky,5,exact_marginalization,8192,0.02,1000,3,rosenbrock,458,0.014518022537231445,-50.621253967285156,,0.13619287312030792,0.0031080476474016905,0.12351173907518387,0.057303477078676224
rosenbrock,1.9287498479639178e-22,2,cholesky,5,exact_marginalization,8192,0.02,1000,3,rosenbrock,459,0.014670133590698242,-50.61576461791992,,0.1665516346693039,0.002734755864366889,0.15686826407909393,0.0558956153690815
rosenbrock,1.9287498479639178e-22,2,cholesky,5,exact_marginalization,8192,0.02,1000,3,rosenbrock,460,0.014467000961303711,-50.62228012084961,,0.1732451319694519,0.0035521872341632843,0.129338338971138,0.11520783603191376
rosenbrock,1.9287498479639178e-22,2,cholesky,5,exact_marginalization,8192,0.02,1000,3,rosenbrock,461,0.01456904411315918,-50.6151237487793,,0.10215466469526291,0.004283993039280176,0.09454672783613205,0.0384465716779232
rosenbrock,1.9287498479639178e-22,2,cholesky,5,exact_marginalization,8192,0.02,1000,3,rosenbrock,462,0.014433860778808594,-50.619956970214844,,0.2024029642343521,0.0032067419961094856,0.1910334825515747,0.06680482625961304
rosenbrock,1.9287498479639178e-22,2,cholesky,5,exact_marginalization,8192,0.02,1000,3,rosenbrock,463,0.014448165893554688,-50.614341735839844,,0.08376923203468323,0.0036688775289803743,0.07642922550439835,0.034093938767910004
rosenbrock,1.9287498479639178e-22,2,cholesky,5,exact_marginalization,8192,0.02,1000,3,rosenbrock,464,0.014457941055297852,-50.618873596191406,,0.10160885751247406,0.0034112094435840845,0.09341569244861603,0.03982754051685333
rosenbrock,1.9287498479639178e-22,2,cholesky,5,exact_marginalization,8192,0.02,1000,3,rosenbrock,465,0.014416217803955078,-50.614627838134766,,0.1201058104634285,0.004177778027951717,0.08524677902460098,0.08450407534837723
rosenbrock,1.9287498479639178e-22,2,cholesky,5,exact_marginalization,8192,0.02,1000,3,rosenbrock,466,0.01444387435913086,-50.614192962646484,,0.17894111573696136,0.004500350449234247,0.1634906828403473,0.07259795069694519
rosenbrock,1.9287498479639178e-22,2,cholesky,5,exact_marginalization,8192,0.02,1000,3,rosenbrock,467,0.014333248138427734,-50.615966796875,,0.07954668998718262,0.0022990484721958637,0.07109210640192032,0.03561324253678322
rosenbrock,1.9287498479639178e-22,2,cholesky,5,exact_marginalization,8192,0.02,1000,3,rosenbrock,468,0.01610708236694336,-50.6178092956543,,0.09370879828929901,0.002792456652969122,0.062052544206380844,0.07016424834728241
rosenbrock,1.9287498479639178e-22,2,cholesky,5,exact_marginalization,8192,0.02,1000,3,rosenbrock,469,0.015908241271972656,-50.60979080200195,,0.13989704847335815,0.0027648485265672207,0.1345854252576828,0.03808284550905228
rosenbrock,1.9287498479639178e-22,2,cholesky,5,exact_marginalization,8192,0.02,1000,3,rosenbrock,470,0.01661205291748047,-50.6160888671875,,0.12927314639091492,0.006873635575175285,0.12123766541481018,0.044336531311273575
rosenbrock,1.9287498479639178e-22,2,cholesky,5,exact_marginalization,8192,0.02,1000,3,rosenbrock,471,0.015344858169555664,-50.6160774230957,,0.1393020898103714,0.0028651400934904814,0.129193976521492,0.05201714113354683
rosenbrock,1.9287498479639178e-22,2,cholesky,5,exact_marginalization,8192,0.02,1000,3,rosenbrock,472,0.0171658992767334,-50.61946105957031,,0.13619811832904816,0.00451974431052804,0.13180607557296753,0.0340096540749073
rosenbrock,1.9287498479639178e-22,2,cholesky,5,exact_marginalization,8192,0.02,1000,3,rosenbrock,473,0.017041921615600586,-50.615684509277344,,0.0840359628200531,0.003749571042135358,0.07572908699512482,0.03623657673597336
rosenbrock,1.9287498479639178e-22,2,cholesky,5,exact_marginalization,8192,0.02,1000,3,rosenbrock,474,0.01558995246887207,-50.61565399169922,,0.09388095885515213,0.004707160405814648,0.08790659159421921,0.032617613673210144
rosenbrock,1.9287498479639178e-22,2,cholesky,5,exact_marginalization,8192,0.02,1000,3,rosenbrock,475,0.01594400405883789,-50.616912841796875,,0.08135863393545151,0.002746955957263708,0.06555372476577759,0.04810813069343567
rosenbrock,1.9287498479639178e-22,2,cholesky,5,exact_marginalization,8192,0.02,1000,3,rosenbrock,476,0.016005992889404297,-50.611724853515625,,0.0964084044098854,0.001307417289353907,0.08294229209423065,0.049126844853162766
rosenbrock,1.9287498479639178e-22,2,cholesky,5,exact_marginalization,8192,0.02,1000,3,rosenbrock,477,0.01514291763305664,-50.61053466796875,,0.10329872369766235,0.0015103439800441265,0.08297791332006454,0.06150619313120842
rosenbrock,1.9287498479639178e-22,2,cholesky,5,exact_marginalization,8192,0.02,1000,3,rosenbrock,478,0.016022920608520508,-50.61332321166992,,0.0884859561920166,0.00179099733941257,0.06461716443300247,0.060424983501434326
rosenbrock,1.9287498479639178e-22,2,cholesky,5,exact_marginalization,8192,0.02,1000,3,rosenbrock,479,0.01566004753112793,-50.6141471862793,,0.1017189621925354,0.003095924621447921,0.07806985080242157,0.06513264775276184
rosenbrock,1.9287498479639178e-22,2,cholesky,5,exact_marginalization,8192,0.02,1000,3,rosenbrock,480,0.016968250274658203,-50.613094329833984,,0.09915357083082199,0.0026211931835860014,0.09053982049226761,0.04033736512064934
rosenbrock,1.9287498479639178e-22,2,cholesky,5,exact_marginalization,8192,0.02,1000,3,rosenbrock,481,0.019282102584838867,-50.613548278808594,,0.11185283213853836,0.0028048178646713495,0.1049991026520729,0.038449667394161224
rosenbrock,1.9287498479639178e-22,2,cholesky,5,exact_marginalization,8192,0.02,1000,3,rosenbrock,482,0.018358945846557617,-50.61173629760742,,0.09581242501735687,0.002307036193087697,0.08759152144193649,0.03876109793782234
rosenbrock,1.9287498479639178e-22,2,cholesky,5,exact_marginalization,8192,0.02,1000,3,rosenbrock,483,0.01608109474182129,-50.61189270019531,,0.09617242217063904,0.0025116282049566507,0.08571512997150421,0.04354013502597809
rosenbrock,1.9287498479639178e-22,2,cholesky,5,exact_marginalization,8192,0.02,1000,3,rosenbrock,484,0.016829967498779297,-50.60730743408203,,0.07880958169698715,0.002484372118487954,0.061445653438568115,0.049287013709545135
rosenbrock,1.9287498479639178e-22,2,cholesky,5,exact_marginalization,8192,0.02,1000,3,rosenbrock,485,0.016054153442382812,-50.611846923828125,,0.10949062556028366,0.0022639224771410227,0.08102714270353317,0.07360485196113586
rosenbrock,1.9287498479639178e-22,2,cholesky,5,exact_marginalization,8192,0.02,1000,3,rosenbrock,486,0.01520085334777832,-50.61193084716797,,0.05428696423768997,0.0026736215222626925,0.042468391358852386,0.03370996564626694
rosenbrock,1.9287498479639178e-22,2,cholesky,5,exact_marginalization,8192,0.02,1000,3,rosenbrock,487,0.015861034393310547,-50.611148834228516,,0.07552935928106308,0.002326433779671788,0.05696225166320801,0.04954366385936737
rosenbrock,1.9287498479639178e-22,2,cholesky,5,exact_marginalization,8192,0.02,1000,3,rosenbrock,488,0.016138076782226562,-50.612388610839844,,0.07349786907434464,0.00189782225061208,0.0661882609128952,0.031897492706775665
rosenbrock,1.9287498479639178e-22,2,cholesky,5,exact_marginalization,8192,0.02,1000,3,rosenbrock,489,0.019428730010986328,-50.61014175415039,,0.09818963706493378,0.0036753308959305286,0.07110460102558136,0.0676153302192688
rosenbrock,1.9287498479639178e-22,2,cholesky,5,exact_marginalization,8192,0.02,1000,3,rosenbrock,490,0.01834583282470703,-50.609275817871094,,0.09848295152187347,0.0027208575047552586,0.08392193168401718,0.0514645129442215
rosenbrock,1.9287498479639178e-22,2,cholesky,5,exact_marginalization,8192,0.02,1000,3,rosenbrock,491,0.017018795013427734,-50.6085319519043,,0.08644191920757294,0.002251748461276293,0.07871288061141968,0.03565692529082298
rosenbrock,1.9287498479639178e-22,2,cholesky,5,exact_marginalization,8192,0.02,1000,3,rosenbrock,492,0.01774287223815918,-50.611122131347656,,0.11739972978830338,0.002191023202612996,0.09131325781345367,0.07375489920377731
rosenbrock,1.9287498479639178e-22,2,cholesky,5,exact_marginalization,8192,0.02,1000,3,rosenbrock,493,0.017168045043945312,-50.609832763671875,,0.13579046726226807,0.0015703729586675763,0.12864632904529572,0.043436311185359955
rosenbrock,1.9287498479639178e-22,2,cholesky,5,exact_marginalization,8192,0.02,1000,3,rosenbrock,494,0.01668691635131836,-50.6109733581543,,0.06531122326850891,0.0021241961512714624,0.055495377629995346,0.03437013551592827
rosenbrock,1.9287498479639178e-22,2,cholesky,5,exact_marginalization,8192,0.02,1000,3,rosenbrock,495,0.01597285270690918,-50.61052703857422,,0.10571274161338806,0.0033465169835835695,0.08706504851579666,0.05986368656158447
rosenbrock,1.9287498479639178e-22,2,cholesky,5,exact_marginalization,8192,0.02,1000,3,rosenbrock,496,0.016241073608398438,-50.60740661621094,,0.07014916837215424,0.0020312056876719,0.0659344345331192,0.023862745612859726
rosenbrock,1.9287498479639178e-22,2,cholesky,5,exact_marginalization,8192,0.02,1000,3,rosenbrock,497,0.015984773635864258,-50.61094284057617,,0.12573446333408356,0.003268288681283593,0.08570122718811035,0.09194440394639969
rosenbrock,1.9287498479639178e-22,2,cholesky,5,exact_marginalization,8192,0.02,1000,3,rosenbrock,498,0.01620793342590332,-50.60631561279297,,0.06595876067876816,0.0024963305331766605,0.05063500627875328,0.042195048183202744
rosenbrock,1.9287498479639178e-22,2,cholesky,5,exact_marginalization,8192,0.02,1000,3,rosenbrock,499,0.01589512825012207,-50.610076904296875,,0.1012801080942154,0.0011148585472255945,0.08535678684711456,0.054503556340932846
rosenbrock,1.9287498479639178e-22,2,cholesky,5,exact_marginalization,8192,0.02,1000,3,rosenbrock,500,0.015614986419677734,-50.608177185058594,,0.1613718420267105,0.0055733127519488335,0.12253037840127945,0.10486234724521637
rosenbrock,1.9287498479639178e-22,2,cholesky,5,exact_marginalization,8192,0.02,1000,3,rosenbrock,501,0.015566110610961914,-50.612300872802734,,0.08860236406326294,0.002496488392353058,0.06746634095907211,0.05737977847456932
rosenbrock,1.9287498479639178e-22,2,cholesky,5,exact_marginalization,8192,0.02,1000,3,rosenbrock,502,0.015280961990356445,-50.606475830078125,,0.15886114537715912,0.0025270390324294567,0.1443461775779724,0.06629219651222229
rosenbrock,1.9287498479639178e-22,2,cholesky,5,exact_marginalization,8192,0.02,1000,3,rosenbrock,503,0.017348051071166992,-50.60786437988281,,0.22172218561172485,0.003430168144404888,0.18016333878040314,0.1291903257369995
rosenbrock,1.9287498479639178e-22,2,cholesky,5,exact_marginalization,8192,0.02,1000,3,rosenbrock,504,0.01570892333984375,-50.60803985595703,,0.09415222704410553,0.002291301731020212,0.0665908083319664,0.06652110069990158
rosenbrock,1.9287498479639178e-22,2,cholesky,5,exact_marginalization,8192,0.02,1000,3,rosenbrock,505,0.014981985092163086,-50.61027145385742,,0.10026928037405014,0.0014338962500914931,0.08766929805278778,0.04864120110869408
rosenbrock,1.9287498479639178e-22,2,cholesky,5,exact_marginalization,8192,0.02,1000,3,rosenbrock,506,0.015551090240478516,-50.60503387451172,,0.16823923587799072,0.0036997399292886257,0.14873693883419037,0.07853709906339645
rosenbrock,1.9287498479639178e-22,2,cholesky,5,exact_marginalization,8192,0.02,1000,3,rosenbrock,507,0.0147247314453125,-50.602813720703125,,0.07110363245010376,0.0018006323371082544,0.059706952422857285,0.03856896236538887
rosenbrock,1.9287498479639178e-22,2,cholesky,5,exact_marginalization,8192,0.02,1000,3,rosenbrock,508,0.014615774154663086,-50.60771179199219,,0.10334476828575134,0.003581132972612977,0.05008992180228233,0.09032338857650757
rosenbrock,1.9287498479639178e-22,2,cholesky,5,exact_marginalization,8192,0.02,1000,3,rosenbrock,509,0.014567375183105469,-50.605072021484375,,0.0914468765258789,0.0011683930642902851,0.07554467022418976,0.051518626511096954
rosenbrock,1.9287498479639178e-22,2,cholesky,5,exact_marginalization,8192,0.02,1000,3,rosenbrock,510,0.014575004577636719,-50.60585403442383,,0.1570582240819931,0.0012949882075190544,0.13065925240516663,0.0871422290802002
rosenbrock,1.9287498479639178e-22,2,cholesky,5,exact_marginalization,8192,0.02,1000,3,rosenbrock,511,0.014536142349243164,-50.61277770996094,,0.1687484085559845,0.004071605857461691,0.12399556487798691,0.11438771337270737
rosenbrock,1.9287498479639178e-22,2,cholesky,5,exact_marginalization,8192,0.02,1000,3,rosenbrock,512,0.014514923095703125,-50.60332489013672,,0.07369472831487656,0.0011161592556163669,0.05086300149559975,0.053316254168748856
rosenbrock,1.9287498479639178e-22,2,cholesky,5,exact_marginalization,8192,0.02,1000,3,rosenbrock,513,0.0148468017578125,-50.60425567626953,,0.09887924045324326,0.0024482000153511763,0.09307214617729187,0.03329690918326378
rosenbrock,1.9287498479639178e-22,2,cholesky,5,exact_marginalization,8192,0.02,1000,3,rosenbrock,514,0.014887332916259766,-50.60662841796875,,0.1999729722738266,0.0037287911400198936,0.1957150399684906,0.04087675362825394
rosenbrock,1.9287498479639178e-22,2,cholesky,5,exact_marginalization,8192,0.02,1000,3,rosenbrock,515,0.014597892761230469,-50.60975646972656,,0.11361809819936752,0.0026374994777143,0.105604387819767,0.04183097183704376
rosenbrock,1.9287498479639178e-22,2,cholesky,5,exact_marginalization,8192,0.02,1000,3,rosenbrock,516,0.014694929122924805,-50.60730743408203,,0.12498714029788971,0.0035161382984369993,0.056896455585956573,0.11123047024011612
rosenbrock,1.9287498479639178e-22,2,cholesky,5,exact_marginalization,8192,0.02,1000,3,rosenbrock,517,0.014542102813720703,-50.60692596435547,,0.12357063591480255,0.0011777287581935525,0.07373451441526413,0.09915410727262497
rosenbrock,1.9287498479639178e-22,2,cholesky,5,exact_marginalization,8192,0.02,1000,3,rosenbrock,518,0.01469111442565918,-50.59962463378906,,0.2406449019908905,0.0013905172236263752,0.23369567096233368,0.05739658325910568
rosenbrock,1.9287498479639178e-22,2,cholesky,5,exact_marginalization,8192,0.02,1000,3,rosenbrock,519,0.01453399658203125,-50.60324478149414,,0.10817009955644608,0.001795223099179566,0.10359786450862885,0.031064927577972412
rosenbrock,1.9287498479639178e-22,2,cholesky,5,exact_marginalization,8192,0.02,1000,3,rosenbrock,520,0.014573812484741211,-50.59922790527344,,0.10368592292070389,0.0034829964861273766,0.06470292806625366,0.08094548434019089
rosenbrock,1.9287498479639178e-22,2,cholesky,5,exact_marginalization,8192,0.02,1000,3,rosenbrock,521,0.014657020568847656,-50.60322189331055,,0.12873156368732452,0.0019411919638514519,0.10611271113157272,0.07285699993371964
rosenbrock,1.9287498479639178e-22,2,cholesky,5,exact_marginalization,8192,0.02,1000,3,rosenbrock,522,0.0151519775390625,-50.60573959350586,,0.2566986083984375,0.0015368139138445258,0.2462373524904251,0.07251881808042526
rosenbrock,1.9287498479639178e-22,2,cholesky,5,exact_marginalization,8192,0.02,1000,3,rosenbrock,523,0.014379024505615234,-50.60234069824219,,0.10958997905254364,0.002159841125831008,0.1049615666270256,0.03143835440278053
rosenbrock,1.9287498479639178e-22,2,cholesky,5,exact_marginalization,8192,0.02,1000,3,rosenbrock,524,0.014538049697875977,-50.60419464111328,,0.19182580709457397,0.0030810704920440912,0.1683962345123291,0.0918169692158699
rosenbrock,1.9287498479639178e-22,2,cholesky,5,exact_marginalization,8192,0.02,1000,3,rosenbrock,525,0.01445770263671875,-50.600948333740234,,0.14294001460075378,0.004530016332864761,0.11306944489479065,0.08733055740594864
rosenbrock,1.9287498479639178e-22,2,cholesky,5,exact_marginalization,8192,0.02,1000,3,rosenbrock,526,0.014518022537231445,-50.60667037963867,,0.24202023446559906,0.0027212968561798334,0.23430371284484863,0.060565363615751266
rosenbrock,1.9287498479639178e-22,2,cholesky,5,exact_marginalization,8192,0.02,1000,3,rosenbrock,527,0.014483928680419922,-50.59904861450195,,0.10912848263978958,0.0050485869869589806,0.07739022374153137,0.07677427679300308
rosenbrock,1.9287498479639178e-22,2,cholesky,5,exact_marginalization,8192,0.02,1000,3,rosenbrock,528,0.014481782913208008,-50.60325241088867,,0.28951266407966614,0.001967080170288682,0.26707297563552856,0.11173956841230392
rosenbrock,1.9287498479639178e-22,2,cholesky,5,exact_marginalization,8192,0.02,1000,3,rosenbrock,529,0.014408111572265625,-50.60059356689453,,0.09716565161943436,0.0025903622154146433,0.07602041214704514,0.06045949459075928
rosenbrock,1.9287498479639178e-22,2,cholesky,5,exact_marginalization,8192,0.02,1000,3,rosenbrock,530,0.014455080032348633,-50.598472595214844,,0.07008305191993713,0.0019104399252682924,0.04061802104115486,0.05708029121160507
rosenbrock,1.9287498479639178e-22,2,cholesky,5,exact_marginalization,8192,0.02,1000,3,rosenbrock,531,0.014505147933959961,-50.59726333618164,,0.1420653909444809,0.002928696805611253,0.08579393476247787,0.11319627612829208
rosenbrock,1.9287498479639178e-22,2,cholesky,5,exact_marginalization,8192,0.02,1000,3,rosenbrock,532,0.015188932418823242,-50.60237121582031,,0.12070924043655396,0.004091243725270033,0.0663035660982132,0.10078601539134979
rosenbrock,1.9287498479639178e-22,2,cholesky,5,exact_marginalization,8192,0.02,1000,3,rosenbrock,533,0.015658140182495117,-50.605106353759766,,0.08646627515554428,0.003409129334613681,0.04764040187001228,0.07207764685153961
rosenbrock,1.9287498479639178e-22,2,cholesky,5,exact_marginalization,8192,0.02,1000,3,rosenbrock,534,0.01636791229248047,-50.60236358642578,,0.09422433376312256,0.004327581729739904,0.08148189634084702,0.04711896926164627
rosenbrock,1.9287498479639178e-22,2,cholesky,5,exact_marginalization,8192,0.02,1000,3,rosenbrock,535,0.014999866485595703,-50.602081298828125,,0.10723564028739929,0.003465121379122138,0.0724974274635315,0.07894046604633331
rosenbrock,1.9287498479639178e-22,2,cholesky,5,exact_marginalization,8192,0.02,1000,3,rosenbrock,536,0.014397144317626953,-50.60152053833008,,0.09198867529630661,0.003666528733447194,0.06307008862495422,0.06686282902956009
rosenbrock,1.9287498479639178e-22,2,cholesky,5,exact_marginalization,8192,0.02,1000,3,rosenbrock,537,0.014529228210449219,-50.60274887084961,,0.13253024220466614,0.004824978299438953,0.09085720777511597,0.09636364877223969
rosenbrock,1.9287498479639178e-22,2,cholesky,5,exact_marginalization,8192,0.02,1000,3,rosenbrock,538,0.01452493667602539,-50.59944152832031,,0.11637559533119202,0.0025930905248969793,0.07715785503387451,0.08708169311285019
rosenbrock,1.9287498479639178e-22,2,cholesky,5,exact_marginalization,8192,0.02,1000,3,rosenbrock,539,0.014494895935058594,-50.60060119628906,,0.11544472724199295,0.0030553373508155346,0.10394314676523209,0.05013953894376755
rosenbrock,1.9287498479639178e-22,2,cholesky,5,exact_marginalization,8192,0.02,1000,3,rosenbrock,540,0.014490127563476562,-50.60065460205078,,0.2077685445547104,0.0025107215624302626,0.18491974472999573,0.0946897342801094
rosenbrock,1.9287498479639178e-22,2,cholesky,5,exact_marginalization,8192,0.02,1000,3,rosenbrock,541,0.014517068862915039,-50.60270309448242,,0.14598557353019714,0.0028860243037343025,0.10939720273017883,0.09662151336669922
rosenbrock,1.9287498479639178e-22,2,cholesky,5,exact_marginalization,8192,0.02,1000,3,rosenbrock,542,0.01443028450012207,-50.598819732666016,,0.1129845455288887,0.0021118996664881706,0.06974596530199051,0.08886251598596573
rosenbrock,1.9287498479639178e-22,2,cholesky,5,exact_marginalization,8192,0.02,1000,3,rosenbrock,543,0.015804767608642578,-50.60177993774414,,0.16932113468647003,0.0014854243490844965,0.16639962792396545,0.0312827005982399
rosenbrock,1.9287498479639178e-22,2,cholesky,5,exact_marginalization,8192,0.02,1000,3,rosenbrock,544,0.016324996948242188,-50.60127639770508,,0.16393445432186127,0.0038228495977818966,0.1273757517337799,0.103127621114254
rosenbrock,1.9287498479639178e-22,2,cholesky,5,exact_marginalization,8192,0.02,1000,3,rosenbrock,545,0.014731645584106445,-50.60184860229492,,0.07575751096010208,0.0025309561751782894,0.060699060559272766,0.04525944963097572
rosenbrock,1.9287498479639178e-22,2,cholesky,5,exact_marginalization,8192,0.02,1000,3,rosenbrock,546,0.014651060104370117,-50.602500915527344,,0.09914354979991913,0.0012466884218156338,0.09322448074817657,0.03372069075703621
rosenbrock,1.9287498479639178e-22,2,cholesky,5,exact_marginalization,8192,0.02,1000,3,rosenbrock,547,0.014546871185302734,-50.594017028808594,,0.14569301903247833,0.002884278306737542,0.12161464989185333,0.08017490804195404
rosenbrock,1.9287498479639178e-22,2,cholesky,5,exact_marginalization,8192,0.02,1000,3,rosenbrock,548,0.01459193229675293,-50.60491943359375,,0.10891012847423553,0.0021876622922718525,0.10212913900613785,0.03776596859097481
rosenbrock,1.9287498479639178e-22,2,cholesky,5,exact_marginalization,8192,0.02,1000,3,rosenbrock,549,0.01459193229675293,-50.59868621826172,,0.177183598279953,0.004702926613390446,0.1660829484462738,0.06154971569776535
rosenbrock,1.9287498479639178e-22,2,cholesky,5,exact_marginalization,8192,0.02,1000,3,rosenbrock,550,0.015033960342407227,-50.5999755859375,,0.05182354152202606,0.004012726712971926,0.03673176094889641,0.03633669391274452
rosenbrock,1.9287498479639178e-22,2,cholesky,5,exact_marginalization,8192,0.02,1000,3,rosenbrock,551,0.01483917236328125,-50.601043701171875,,0.12108761817216873,0.002022279193624854,0.11173230409622192,0.04662630707025528
rosenbrock,1.9287498479639178e-22,2,cholesky,5,exact_marginalization,8192,0.02,1000,3,rosenbrock,552,0.014580011367797852,-50.598548889160156,,0.17625541985034943,0.002732365159317851,0.15332120656967163,0.086897112429142
rosenbrock,1.9287498479639178e-22,2,cholesky,5,exact_marginalization,8192,0.02,1000,3,rosenbrock,553,0.014606952667236328,-50.598876953125,,0.12899373471736908,0.0031946657691150904,0.11867095530033112,0.05046174302697182
rosenbrock,1.9287498479639178e-22,2,cholesky,5,exact_marginalization,8192,0.02,1000,3,rosenbrock,554,0.014773845672607422,-50.60063934326172,,0.09919721633195877,0.003294558497145772,0.0777118057012558,0.06156385317444801
rosenbrock,1.9287498479639178e-22,2,cholesky,5,exact_marginalization,8192,0.02,1000,3,rosenbrock,555,0.016436100006103516,-50.60273742675781,,0.11832572519779205,0.002028344664722681,0.10375505685806274,0.05684851109981537
rosenbrock,1.9287498479639178e-22,2,cholesky,5,exact_marginalization,8192,0.02,1000,3,rosenbrock,556,0.015184164047241211,-50.599464416503906,,0.10519229620695114,0.00273098424077034,0.08788198232650757,0.0577470138669014
rosenbrock,1.9287498479639178e-22,2,cholesky,5,exact_marginalization,8192,0.02,1000,3,rosenbrock,557,0.014740943908691406,-50.59709548950195,,0.10554523020982742,0.002064028289169073,0.09380708634853363,0.04832976683974266
rosenbrock,1.9287498479639178e-22,2,cholesky,5,exact_marginalization,8192,0.02,1000,3,rosenbrock,558,0.014616727828979492,-50.595420837402344,,0.17546169459819794,0.002674397546797991,0.1631418913602829,0.06453201174736023
rosenbrock,1.9287498479639178e-22,2,cholesky,5,exact_marginalization,8192,0.02,1000,3,rosenbrock,559,0.014749765396118164,-50.59983825683594,,0.13639281690120697,0.001374820712953806,0.12228046357631683,0.060403600335121155
rosenbrock,1.9287498479639178e-22,2,cholesky,5,exact_marginalization,8192,0.02,1000,3,rosenbrock,560,0.014468193054199219,-50.600337982177734,,0.15528681874275208,0.0037759062834084034,0.14038896560668945,0.0662621334195137
rosenbrock,1.9287498479639178e-22,2,cholesky,5,exact_marginalization,8192,0.02,1000,3,rosenbrock,561,0.014566183090209961,-50.59600067138672,,0.11069750040769577,0.004242394119501114,0.08100619912147522,0.07532551139593124
rosenbrock,1.9287498479639178e-22,2,cholesky,5,exact_marginalization,8192,0.02,1000,3,rosenbrock,562,0.014484882354736328,-50.597896575927734,,0.11354255676269531,0.0020315705332905054,0.09580831229686737,0.060897886753082275
rosenbrock,1.9287498479639178e-22,2,cholesky,5,exact_marginalization,8192,0.02,1000,3,rosenbrock,563,0.014496088027954102,-50.59886932373047,,0.11873414367437363,0.0020683440379798412,0.11203271895647049,0.039270706474781036
rosenbrock,1.9287498479639178e-22,2,cholesky,5,exact_marginalization,8192,0.02,1000,3,rosenbrock,564,0.01512002944946289,-50.59543228149414,,0.13041357696056366,0.002888728165999055,0.11976893991231918,0.051524337381124496
rosenbrock,1.9287498479639178e-22,2,cholesky,5,exact_marginalization,8192,0.02,1000,3,rosenbrock,565,0.014558076858520508,-50.598506927490234,,0.10819315910339355,0.001794282696209848,0.08814328908920288,0.06271601468324661
rosenbrock,1.9287498479639178e-22,2,cholesky,5,exact_marginalization,8192,0.02,1000,3,rosenbrock,566,0.014544248580932617,-50.59791564941406,,0.14922434091567993,0.004585998132824898,0.1396406590938568,0.052415281534194946
rosenbrock,1.9287498479639178e-22,2,cholesky,5,exact_marginalization,8192,0.02,1000,3,rosenbrock,567,0.016759634017944336,-50.59745788574219,,0.10060812532901764,0.003025135723873973,0.08882865309715271,0.0471414290368557
rosenbrock,1.9287498479639178e-22,2,cholesky,5,exact_marginalization,8192,0.02,1000,3,rosenbrock,568,0.016381025314331055,-50.598838806152344,,0.09435214102268219,0.0029364831279963255,0.07643955945968628,0.05523311719298363
rosenbrock,1.9287498479639178e-22,2,cholesky,5,exact_marginalization,8192,0.02,1000,3,rosenbrock,569,0.014945030212402344,-50.59735870361328,,0.13353568315505981,0.0019911876879632473,0.12738601863384247,0.040007706731557846
rosenbrock,1.9287498479639178e-22,2,cholesky,5,exact_marginalization,8192,0.02,1000,3,rosenbrock,570,0.01471090316772461,-50.59165954589844,,0.12032576650381088,0.001958563458174467,0.08669067174196243,0.0834217220544815
rosenbrock,1.9287498479639178e-22,2,cholesky,5,exact_marginalization,8192,0.02,1000,3,rosenbrock,571,0.01460719108581543,-50.59467315673828,,0.1790938377380371,0.0016597803914919496,0.17049269378185272,0.05480959638953209
rosenbrock,1.9287498479639178e-22,2,cholesky,5,exact_marginalization,8192,0.02,1000,3,rosenbrock,572,0.014503955841064453,-50.5955696105957,,0.07613007724285126,0.0031315104570239782,0.06699977070093155,0.03601405769586563
rosenbrock,1.9287498479639178e-22,2,cholesky,5,exact_marginalization,8192,0.02,1000,3,rosenbrock,573,0.014649152755737305,-50.597965240478516,,0.15862923860549927,0.003491520881652832,0.15088187158107758,0.04884369298815727
rosenbrock,1.9287498479639178e-22,2,cholesky,5,exact_marginalization,8192,0.02,1000,3,rosenbrock,574,0.014569997787475586,-50.5978889465332,,0.07767172902822495,0.0016194579657167196,0.053577080368995667,0.056211844086647034
rosenbrock,1.9287498479639178e-22,2,cholesky,5,exact_marginalization,8192,0.02,1000,3,rosenbrock,575,0.014574050903320312,-50.59577941894531,,0.12257422506809235,0.0017746856901794672,0.06029554456472397,0.10670396685600281
rosenbrock,1.9287498479639178e-22,2,cholesky,5,exact_marginalization,8192,0.02,1000,3,rosenbrock,576,0.01456308364868164,-50.58983612060547,,0.11703063547611237,0.0027434497606009245,0.10169368237257004,0.0578535832464695
rosenbrock,1.9287498479639178e-22,2,cholesky,5,exact_marginalization,8192,0.02,1000,3,rosenbrock,577,0.014651775360107422,-50.596927642822266,,0.08116067945957184,0.004218169022351503,0.06257631629705429,0.05151183158159256
rosenbrock,1.9287498479639178e-22,2,cholesky,5,exact_marginalization,8192,0.02,1000,3,rosenbrock,578,0.014573097229003906,-50.59204864501953,,0.06848394125699997,0.0024651060812175274,0.06200305372476578,0.028975769877433777
rosenbrock,1.9287498479639178e-22,2,cholesky,5,exact_marginalization,8192,0.02,1000,3,rosenbrock,579,0.015096187591552734,-50.59629821777344,,0.06675989925861359,0.0024979186709970236,0.05591729283332825,0.03638544678688049
rosenbrock,1.9287498479639178e-22,2,cholesky,5,exact_marginalization,8192,0.02,1000,3,rosenbrock,580,0.014767169952392578,-50.59511184692383,,0.1343730092048645,0.004044555593281984,0.10470700263977051,0.08412010222673416
rosenbrock,1.9287498479639178e-22,2,cholesky,5,exact_marginalization,8192,0.02,1000,3,rosenbrock,581,0.014638900756835938,-50.5965461730957,,0.16347819566726685,0.0034873366821557283,0.15660496056079865,0.04677438735961914
rosenbrock,1.9287498479639178e-22,2,cholesky,5,exact_marginalization,8192,0.02,1000,3,rosenbrock,582,0.014875173568725586,-50.596031188964844,,0.1206483319401741,0.0031074590515345335,0.09678366780281067,0.0719672441482544
rosenbrock,1.9287498479639178e-22,2,cholesky,5,exact_marginalization,8192,0.02,1000,3,rosenbrock,583,0.014455080032348633,-50.59418487548828,,0.08305277675390244,0.0031698821112513542,0.07232021540403366,0.04071242734789848
rosenbrock,1.9287498479639178e-22,2,cholesky,5,exact_marginalization,8192,0.02,1000,3,rosenbrock,584,0.014307022094726562,-50.59659194946289,,0.15414224565029144,0.002508854493498802,0.12954100966453552,0.08350247889757156
rosenbrock,1.9287498479639178e-22,2,cholesky,5,exact_marginalization,8192,0.02,1000,3,rosenbrock,585,0.014538764953613281,-50.59780502319336,,0.07521604001522064,0.0022961976937949657,0.057143718004226685,0.04885461926460266
rosenbrock,1.9287498479639178e-22,2,cholesky,5,exact_marginalization,8192,0.02,1000,3,rosenbrock,586,0.014529943466186523,-50.59123992919922,,0.08311134576797485,0.0024666788522154093,0.03415517508983612,0.07572869956493378
rosenbrock,1.9287498479639178e-22,2,cholesky,5,exact_marginalization,8192,0.02,1000,3,rosenbrock,587,0.014535903930664062,-50.599708557128906,,0.1379057765007019,0.0019556127954274416,0.10042653977870941,0.09449172019958496
rosenbrock,1.9287498479639178e-22,2,cholesky,5,exact_marginalization,8192,0.02,1000,3,rosenbrock,588,0.014505863189697266,-50.594879150390625,,0.11707556247711182,0.0025287640746682882,0.04636833816766739,0.10747218877077103
rosenbrock,1.9287498479639178e-22,2,cholesky,5,exact_marginalization,8192,0.02,1000,3,rosenbrock,589,0.014592885971069336,-50.59315490722656,,0.08257375657558441,0.0024311193265020847,0.06347230076789856,0.05276155844330788
rosenbrock,1.9287498479639178e-22,2,cholesky,5,exact_marginalization,8192,0.02,1000,3,rosenbrock,590,0.014850854873657227,-50.59157943725586,,0.09023691713809967,0.004214787390083075,0.07476087659597397,0.050356216728687286
rosenbrock,1.9287498479639178e-22,2,cholesky,5,exact_marginalization,8192,0.02,1000,3,rosenbrock,591,0.014590978622436523,-50.59256362915039,,0.12825818359851837,0.0021389175672084093,0.11553775519132614,0.05564723163843155
rosenbrock,1.9287498479639178e-22,2,cholesky,5,exact_marginalization,8192,0.02,1000,3,rosenbrock,592,0.014577150344848633,-50.59115982055664,,0.10864273458719254,0.001643804949708283,0.09201749414205551,0.05773491784930229
rosenbrock,1.9287498479639178e-22,2,cholesky,5,exact_marginalization,8192,0.02,1000,3,rosenbrock,593,0.014548778533935547,-50.59523010253906,,0.09073399007320404,0.003801625221967697,0.08378718793392181,0.034610848873853683
rosenbrock,1.9287498479639178e-22,2,cholesky,5,exact_marginalization,8192,0.02,1000,3,rosenbrock,594,0.01487278938293457,-50.60023498535156,,0.1320987343788147,0.002452441491186619,0.10196101665496826,0.08395246416330338
rosenbrock,1.9287498479639178e-22,2,cholesky,5,exact_marginalization,8192,0.02,1000,3,rosenbrock,595,0.014555931091308594,-50.592735290527344,,0.08251207321882248,0.0015224821399897337,0.0712527185678482,0.04158095270395279
rosenbrock,1.9287498479639178e-22,2,cholesky,5,exact_marginalization,8192,0.02,1000,3,rosenbrock,596,0.014570951461791992,-50.59534454345703,,0.08678527921438217,0.0040305908769369125,0.06662274897098541,0.05546934902667999
rosenbrock,1.9287498479639178e-22,2,cholesky,5,exact_marginalization,8192,0.02,1000,3,rosenbrock,597,0.014576196670532227,-50.5952033996582,,0.0895056501030922,0.0016726130852475762,0.06620169430971146,0.06021462380886078
rosenbrock,1.9287498479639178e-22,2,cholesky,5,exact_marginalization,8192,0.02,1000,3,rosenbrock,598,0.014510154724121094,-50.58978271484375,,0.12236573547124863,0.003754685865715146,0.05305773392319679,0.11020050942897797
rosenbrock,1.9287498479639178e-22,2,cholesky,5,exact_marginalization,8192,0.02,1000,3,rosenbrock,599,0.014548063278198242,-50.597564697265625,,0.08762616664171219,0.0034762034192681313,0.0753476470708847,0.04459814727306366
rosenbrock,1.9287498479639178e-22,2,cholesky,5,exact_marginalization,8192,0.02,1000,3,rosenbrock,600,0.014542102813720703,-50.591163635253906,,0.09766745567321777,0.003397549968212843,0.061375875025987625,0.07589723914861679
rosenbrock,1.9287498479639178e-22,2,cholesky,5,exact_marginalization,8192,0.02,1000,3,rosenbrock,601,0.014611959457397461,-50.596229553222656,,0.09319307655096054,0.001519710524007678,0.05974677950143814,0.07150497287511826
rosenbrock,1.9287498479639178e-22,2,cholesky,5,exact_marginalization,8192,0.02,1000,3,rosenbrock,602,0.014469146728515625,-50.589378356933594,,0.2023865282535553,0.0036548804491758347,0.1308826059103012,0.15432657301425934
rosenbrock,1.9287498479639178e-22,2,cholesky,5,exact_marginalization,8192,0.02,1000,3,rosenbrock,603,0.014477968215942383,-50.59363555908203,,0.07488103955984116,0.003331354120746255,0.041381821036338806,0.06231867894530296
rosenbrock,1.9287498479639178e-22,2,cholesky,5,exact_marginalization,8192,0.02,1000,3,rosenbrock,604,0.014841794967651367,-50.59495544433594,,0.10633699595928192,0.0030626077204942703,0.07361926138401031,0.07667061686515808
rosenbrock,1.9287498479639178e-22,2,cholesky,5,exact_marginalization,8192,0.02,1000,3,rosenbrock,605,0.014433622360229492,-50.58884811401367,,0.10557691752910614,0.002096768468618393,0.0859275609254837,0.06130695715546608
rosenbrock,1.9287498479639178e-22,2,cholesky,5,exact_marginalization,8192,0.02,1000,3,rosenbrock,606,0.014718294143676758,-50.59067916870117,,0.09489486366510391,0.002544643124565482,0.057578083127737045,0.07538782060146332
rosenbrock,1.9287498479639178e-22,2,cholesky,5,exact_marginalization,8192,0.02,1000,3,rosenbrock,607,0.01539301872253418,-50.58970642089844,,0.12872964143753052,0.00209866208024323,0.07337410748004913,0.1057504415512085
rosenbrock,1.9287498479639178e-22,2,cholesky,5,exact_marginalization,8192,0.02,1000,3,rosenbrock,608,0.015884876251220703,-50.59184265136719,,0.09328103065490723,0.003342212177813053,0.09035330265760422,0.0229447353631258
rosenbrock,1.9287498479639178e-22,2,cholesky,5,exact_marginalization,8192,0.02,1000,3,rosenbrock,609,0.014750003814697266,-50.59339141845703,,0.22415201365947723,0.004786271136254072,0.21655406057834625,0.05766763910651207
rosenbrock,1.9287498479639178e-22,2,cholesky,5,exact_marginalization,8192,0.02,1000,3,rosenbrock,610,0.014571905136108398,-50.597660064697266,,0.08449683338403702,0.0033104638569056988,0.04122799262404442,0.07368180900812149
rosenbrock,1.9287498479639178e-22,2,cholesky,5,exact_marginalization,8192,0.02,1000,3,rosenbrock,611,0.014620780944824219,-50.58982849121094,,0.1123170256614685,0.0019277590326964855,0.10333353281021118,0.04397248104214668
rosenbrock,1.9287498479639178e-22,2,cholesky,5,exact_marginalization,8192,0.02,1000,3,rosenbrock,612,0.014579057693481445,-50.59088134765625,,0.15526814758777618,0.004550341051071882,0.1475638747215271,0.04808732867240906
rosenbrock,1.9287498479639178e-22,2,cholesky,5,exact_marginalization,8192,0.02,1000,3,rosenbrock,613,0.014545917510986328,-50.59183883666992,,0.06118691340088844,0.0022951774299144745,0.03610793128609657,0.04934357479214668
rosenbrock,1.9287498479639178e-22,2,cholesky,5,exact_marginalization,8192,0.02,1000,3,rosenbrock,614,0.014509916305541992,-50.58941650390625,,0.09010498970746994,0.0022245030850172043,0.04037994518876076,0.08051969856023788
rosenbrock,1.9287498479639178e-22,2,cholesky,5,exact_marginalization,8192,0.02,1000,3,rosenbrock,615,0.015080928802490234,-50.59036636352539,,0.11141117662191391,0.0035546980798244476,0.10064979642629623,0.047638554126024246
rosenbrock,1.9287498479639178e-22,2,cholesky,5,exact_marginalization,8192,0.02,1000,3,rosenbrock,616,0.014651060104370117,-50.58853530883789,,0.09190304577350616,0.003272994188591838,0.07496567815542221,0.05306226760149002
rosenbrock,1.9287498479639178e-22,2,cholesky,5,exact_marginalization,8192,0.02,1000,3,rosenbrock,617,0.014854192733764648,-50.58979797363281,,0.06386669725179672,0.0012687398120760918,0.06044507399201393,0.02058490365743637
rosenbrock,1.9287498479639178e-22,2,cholesky,5,exact_marginalization,8192,0.02,1000,3,rosenbrock,618,0.014608144760131836,-50.591156005859375,,0.08041710406541824,0.0025244152639061213,0.05002762749791145,0.06291084736585617
rosenbrock,1.9287498479639178e-22,2,cholesky,5,exact_marginalization,8192,0.02,1000,3,rosenbrock,619,0.014619112014770508,-50.589942932128906,,0.12280219793319702,0.002235292922705412,0.11342218518257141,0.04701906815171242
rosenbrock,1.9287498479639178e-22,2,cholesky,5,exact_marginalization,8192,0.02,1000,3,rosenbrock,620,0.014490127563476562,-50.58987045288086,,0.09950855374336243,0.002791930688545108,0.09277559816837311,0.03587261214852333
rosenbrock,1.9287498479639178e-22,2,cholesky,5,exact_marginalization,8192,0.02,1000,3,rosenbrock,621,0.014534950256347656,-50.591957092285156,,0.11007658392190933,0.003195202210918069,0.06944034993648529,0.08535036444664001
rosenbrock,1.9287498479639178e-22,2,cholesky,5,exact_marginalization,8192,0.02,1000,3,rosenbrock,622,0.014466047286987305,-50.59280014038086,,0.07462524622678757,0.003420452820137143,0.05916164815425873,0.04535556957125664
rosenbrock,1.9287498479639178e-22,2,cholesky,5,exact_marginalization,8192,0.02,1000,3,rosenbrock,623,0.014764070510864258,-50.59065628051758,,0.0726749449968338,0.0022874530404806137,0.05614227056503296,0.046091869473457336
rosenbrock,1.9287498479639178e-22,2,cholesky,5,exact_marginalization,8192,0.02,1000,3,rosenbrock,624,0.014374017715454102,-50.58941650390625,,0.10629408061504364,0.001875011483207345,0.09723495692014694,0.04289846867322922
rosenbrock,1.9287498479639178e-22,2,cholesky,5,exact_marginalization,8192,0.02,1000,3,rosenbrock,625,0.014434099197387695,-50.59119415283203,,0.07735541462898254,0.00466310977935791,0.06709755212068558,0.038210391998291016
rosenbrock,1.9287498479639178e-22,2,cholesky,5,exact_marginalization,8192,0.02,1000,3,rosenbrock,626,0.01474905014038086,-50.592220306396484,,0.12808407843112946,0.005743721034377813,0.08731004595756531,0.09353873878717422
rosenbrock,1.9287498479639178e-22,2,cholesky,5,exact_marginalization,8192,0.02,1000,3,rosenbrock,627,0.014595985412597656,-50.58742904663086,,0.06097479909658432,0.004026520065963268,0.04817014932632446,0.03716651722788811
rosenbrock,1.9287498479639178e-22,2,cholesky,5,exact_marginalization,8192,0.02,1000,3,rosenbrock,628,0.014518976211547852,-50.58671569824219,,0.06942939013242722,0.003318999195471406,0.054975397884845734,0.04227447137236595
rosenbrock,1.9287498479639178e-22,2,cholesky,5,exact_marginalization,8192,0.02,1000,3,rosenbrock,629,0.014621973037719727,-50.59304428100586,,0.05687706544995308,0.002923160558566451,0.04682648554444313,0.032151754945516586
rosenbrock,1.9287498479639178e-22,2,cholesky,5,exact_marginalization,8192,0.02,1000,3,rosenbrock,630,0.014423131942749023,-50.59052276611328,,0.12161193788051605,0.002692973706871271,0.10366594791412354,0.0635262280702591
rosenbrock,1.9287498479639178e-22,2,cholesky,5,exact_marginalization,8192,0.02,1000,3,rosenbrock,631,0.014755010604858398,-50.587379455566406,,0.100531205534935,0.0015058553544804454,0.0946408361196518,0.03387283906340599
rosenbrock,1.9287498479639178e-22,2,cholesky,5,exact_marginalization,8192,0.02,1000,3,rosenbrock,632,0.014405012130737305,-50.589927673339844,,0.13136760890483856,0.0018779684323817492,0.121239572763443,0.05054590478539467
rosenbrock,1.9287498479639178e-22,2,cholesky,5,exact_marginalization,8192,0.02,1000,3,rosenbrock,633,0.014397859573364258,-50.590999603271484,,0.11270404607057571,0.0037106259260326624,0.105999656021595,0.03811175748705864
rosenbrock,1.9287498479639178e-22,2,cholesky,5,exact_marginalization,8192,0.02,1000,3,rosenbrock,634,0.014385223388671875,-50.58694076538086,,0.14663048088550568,0.002200546208769083,0.14006307721138,0.043335869908332825
rosenbrock,1.9287498479639178e-22,2,cholesky,5,exact_marginalization,8192,0.02,1000,3,rosenbrock,635,0.014351844787597656,-50.58897018432617,,0.07194802910089493,0.002863602014258504,0.06281139701604843,0.03497208282351494
rosenbrock,1.9287498479639178e-22,2,cholesky,5,exact_marginalization,8192,0.02,1000,3,rosenbrock,636,0.014378070831298828,-50.585205078125,,0.07434983551502228,0.00171083421446383,0.0648050382733345,0.03640436381101608
rosenbrock,1.9287498479639178e-22,2,cholesky,5,exact_marginalization,8192,0.02,1000,3,rosenbrock,637,0.014427900314331055,-50.59137725830078,,0.0898922011256218,0.003743294393643737,0.06762058287858963,0.059110525995492935
rosenbrock,1.9287498479639178e-22,2,cholesky,5,exact_marginalization,8192,0.02,1000,3,rosenbrock,638,0.014445066452026367,-50.5893440246582,,0.09531006217002869,0.0032317591831088066,0.08374443650245667,0.045391976833343506
rosenbrock,1.9287498479639178e-22,2,cholesky,5,exact_marginalization,8192,0.02,1000,3,rosenbrock,639,0.014400005340576172,-50.58240509033203,,0.12444115430116653,0.00312896934337914,0.1067085787653923,0.06394598633050919
rosenbrock,1.9287498479639178e-22,2,cholesky,5,exact_marginalization,8192,0.02,1000,3,rosenbrock,640,0.014404058456420898,-50.58548355102539,,0.07894058525562286,0.004243828356266022,0.07072117924690247,0.034815531224012375
rosenbrock,1.9287498479639178e-22,2,cholesky,5,exact_marginalization,8192,0.02,1000,3,rosenbrock,641,0.01439809799194336,-50.5895881652832,,0.13062380254268646,0.0013337815180420876,0.12569287419319153,0.03552604094147682
rosenbrock,1.9287498479639178e-22,2,cholesky,5,exact_marginalization,8192,0.02,1000,3,rosenbrock,642,0.014390945434570312,-50.58816146850586,,0.08128245919942856,0.003661135910078883,0.058969710022211075,0.055821213871240616
rosenbrock,1.9287498479639178e-22,2,cholesky,5,exact_marginalization,8192,0.02,1000,3,rosenbrock,643,0.014376163482666016,-50.587032318115234,,0.08288750797510147,0.0038339081220328808,0.06341853737831116,0.053232792764902115
rosenbrock,1.9287498479639178e-22,2,cholesky,5,exact_marginalization,8192,0.02,1000,3,rosenbrock,644,0.014349937438964844,-50.58828353881836,,0.1548544019460678,0.0012389554176479578,0.14286082983016968,0.05974223464727402
rosenbrock,1.9287498479639178e-22,2,cholesky,5,exact_marginalization,8192,0.02,1000,3,rosenbrock,645,0.014864921569824219,-50.590206146240234,,0.15520404279232025,0.0026766229420900345,0.13084053993225098,0.08343788981437683
rosenbrock,1.9287498479639178e-22,2,cholesky,5,exact_marginalization,8192,0.02,1000,3,rosenbrock,646,0.015250921249389648,-50.588409423828125,,0.10096027702093124,0.00240483321249485,0.07966262847185135,0.06197628378868103
rosenbrock,1.9287498479639178e-22,2,cholesky,5,exact_marginalization,8192,0.02,1000,3,rosenbrock,647,0.014302968978881836,-50.587852478027344,,0.10685142874717712,0.0044815330766141415,0.10348416119813919,0.026233024895191193
rosenbrock,1.9287498479639178e-22,2,cholesky,5,exact_marginalization,8192,0.02,1000,3,rosenbrock,648,0.014447927474975586,-50.58866882324219,,0.1681842803955078,0.0024579353630542755,0.1399192065000534,0.09328732639551163
rosenbrock,1.9287498479639178e-22,2,cholesky,5,exact_marginalization,8192,0.02,1000,3,rosenbrock,649,0.01443624496459961,-50.586063385009766,,0.10015317797660828,0.0017726419027894735,0.09246155619621277,0.03844968229532242
rosenbrock,1.9287498479639178e-22,2,cholesky,5,exact_marginalization,8192,0.02,1000,3,rosenbrock,650,0.014487743377685547,-50.584659576416016,,0.19441738724708557,0.0029389658011496067,0.17744477093219757,0.07939037680625916
rosenbrock,1.9287498479639178e-22,2,cholesky,5,exact_marginalization,8192,0.02,1000,3,rosenbrock,651,0.014412164688110352,-50.58380126953125,,0.0711418092250824,0.002428654348477721,0.04393918439745903,0.055898185819387436
rosenbrock,1.9287498479639178e-22,2,cholesky,5,exact_marginalization,8192,0.02,1000,3,rosenbrock,652,0.01444387435913086,-50.589534759521484,,0.09999924898147583,0.0016743040177971125,0.08867025375366211,0.046202100813388824
rosenbrock,1.9287498479639178e-22,2,cholesky,5,exact_marginalization,8192,0.02,1000,3,rosenbrock,653,0.014462947845458984,-50.58646011352539,,0.07568206638097763,0.0022791994269937277,0.06277477741241455,0.04221264645457268
rosenbrock,1.9287498479639178e-22,2,cholesky,5,exact_marginalization,8192,0.02,1000,3,rosenbrock,654,0.014377832412719727,-50.5899772644043,,0.18888609111309052,0.002628810703754425,0.16497135162353516,0.0919538289308548
rosenbrock,1.9287498479639178e-22,2,cholesky,5,exact_marginalization,8192,0.02,1000,3,rosenbrock,655,0.014360904693603516,-50.587158203125,,0.12500162422657013,0.003316280897706747,0.11297615617513657,0.05339288339018822
rosenbrock,1.9287498479639178e-22,2,cholesky,5,exact_marginalization,8192,0.02,1000,3,rosenbrock,656,0.01442098617553711,-50.57933044433594,,0.07872875779867172,0.00406460277736187,0.06842336058616638,0.03872905671596527
rosenbrock,1.9287498479639178e-22,2,cholesky,5,exact_marginalization,8192,0.02,1000,3,rosenbrock,657,0.014397859573364258,-50.587467193603516,,0.08890501409769058,0.0034891976974904537,0.06866087764501572,0.056370291858911514
rosenbrock,1.9287498479639178e-22,2,cholesky,5,exact_marginalization,8192,0.02,1000,3,rosenbrock,658,0.01443624496459961,-50.58272171020508,,0.12659013271331787,0.0034492546692490578,0.1121596246957779,0.05859505385160446
rosenbrock,1.9287498479639178e-22,2,cholesky,5,exact_marginalization,8192,0.02,1000,3,rosenbrock,659,0.014588117599487305,-50.58720016479492,,0.08772812783718109,0.0023864759132266045,0.07970625907182693,0.036571044474840164
rosenbrock,1.9287498479639178e-22,2,cholesky,5,exact_marginalization,8192,0.02,1000,3,rosenbrock,660,0.015850067138671875,-50.58617401123047,,0.12428004294633865,0.0028323479928076267,0.11211754381656647,0.05354589596390724
rosenbrock,1.9287498479639178e-22,2,cholesky,5,exact_marginalization,8192,0.02,1000,3,rosenbrock,661,0.014702081680297852,-50.58591079711914,,0.09679563343524933,0.0018339600646868348,0.060030970722436905,0.07590989768505096
rosenbrock,1.9287498479639178e-22,2,cholesky,5,exact_marginalization,8192,0.02,1000,3,rosenbrock,662,0.014559030532836914,-50.58253479003906,,0.07854820042848587,0.0030592328403145075,0.04630452021956444,0.06337469071149826
rosenbrock,1.9287498479639178e-22,2,cholesky,5,exact_marginalization,8192,0.02,1000,3,rosenbrock,663,0.014429092407226562,-50.5850944519043,,0.11105456203222275,0.001579212723299861,0.10823303461074829,0.024824077263474464
rosenbrock,1.9287498479639178e-22,2,cholesky,5,exact_marginalization,8192,0.02,1000,3,rosenbrock,664,0.014451980590820312,-50.590450286865234,,0.07997921109199524,0.002931725699454546,0.07435017079114914,0.029328009113669395
rosenbrock,1.9287498479639178e-22,2,cholesky,5,exact_marginalization,8192,0.02,1000,3,rosenbrock,665,0.014415979385375977,-50.58258819580078,,0.09099052846431732,0.0024517173878848553,0.059374403208494186,0.06890533119440079
rosenbrock,1.9287498479639178e-22,2,cholesky,5,exact_marginalization,8192,0.02,1000,3,rosenbrock,666,0.014465808868408203,-50.58318328857422,,0.08664808422327042,0.0019553760066628456,0.06211300939321518,0.06038246303796768
rosenbrock,1.9287498479639178e-22,2,cholesky,5,exact_marginalization,8192,0.02,1000,3,rosenbrock,667,0.014468669891357422,-50.58759307861328,,0.09774627536535263,0.0018973394762724638,0.07313984632492065,0.0648174062371254
rosenbrock,1.9287498479639178e-22,2,cholesky,5,exact_marginalization,8192,0.02,1000,3,rosenbrock,668,0.014421939849853516,-50.58294677734375,,0.06000743806362152,0.00283736246638,0.04737064614892006,0.036726873368024826
rosenbrock,1.9287498479639178e-22,2,cholesky,5,exact_marginalization,8192,0.02,1000,3,rosenbrock,669,0.014400005340576172,-50.5789909362793,,0.08319457620382309,0.003333576489239931,0.056805599480867386,0.06069059669971466
rosenbrock,1.9287498479639178e-22,2,cholesky,5,exact_marginalization,8192,0.02,1000,3,rosenbrock,670,0.014402151107788086,-50.591453552246094,,0.06689197570085526,0.003626060439273715,0.05731278657913208,0.034302081912755966
rosenbrock,1.9287498479639178e-22,2,cholesky,5,exact_marginalization,8192,0.02,1000,3,rosenbrock,671,0.014413595199584961,-50.586524963378906,,0.06971009820699692,0.0038856258615851402,0.041096266359090805,0.056173812597990036
rosenbrock,1.9287498479639178e-22,2,cholesky,5,exact_marginalization,8192,0.02,1000,3,rosenbrock,672,0.014548301696777344,-50.58605194091797,,0.10824037343263626,0.0023764800280332565,0.06401863694190979,0.08724647760391235
rosenbrock,1.9287498479639178e-22,2,cholesky,5,exact_marginalization,8192,0.02,1000,3,rosenbrock,673,0.014434814453125,-50.58443069458008,,0.10381860285997391,0.004854397848248482,0.09326249361038208,0.045352451503276825
rosenbrock,1.9287498479639178e-22,2,cholesky,5,exact_marginalization,8192,0.02,1000,3,rosenbrock,674,0.01442098617553711,-50.587860107421875,,0.10641954839229584,0.0029714559204876423,0.06604979187250137,0.08338893204927444
rosenbrock,1.9287498479639178e-22,2,cholesky,5,exact_marginalization,8192,0.02,1000,3,rosenbrock,675,0.014365911483764648,-50.581756591796875,,0.08700935542583466,0.001892197411507368,0.07893451303243637,0.0365566685795784
rosenbrock,1.9287498479639178e-22,2,cholesky,5,exact_marginalization,8192,0.02,1000,3,rosenbrock,676,0.014431953430175781,-50.584136962890625,,0.07079877704381943,0.002303765155375004,0.05264676734805107,0.04728083312511444
rosenbrock,1.9287498479639178e-22,2,cholesky,5,exact_marginalization,8192,0.02,1000,3,rosenbrock,677,0.014481306076049805,-50.58380126953125,,0.11939050257205963,0.002874648431316018,0.07004227489233017,0.09664320200681686
rosenbrock,1.9287498479639178e-22,2,cholesky,5,exact_marginalization,8192,0.02,1000,3,rosenbrock,678,0.014405012130737305,-50.581146240234375,,0.08594534546136856,0.0007993364124558866,0.07686968892812729,0.038431957364082336
rosenbrock,1.9287498479639178e-22,2,cholesky,5,exact_marginalization,8192,0.02,1000,3,rosenbrock,679,0.01446390151977539,-50.58625411987305,,0.13478338718414307,0.003531845984980464,0.125359907746315,0.04938604310154915
rosenbrock,1.9287498479639178e-22,2,cholesky,5,exact_marginalization,8192,0.02,1000,3,rosenbrock,680,0.014472246170043945,-50.5827522277832,,0.08569367229938507,0.004285787232220173,0.07148189842700958,0.04706776514649391
rosenbrock,1.9287498479639178e-22,2,cholesky,5,exact_marginalization,8192,0.02,1000,3,rosenbrock,681,0.014455080032348633,-50.580894470214844,,0.11109419912099838,0.0028175245970487595,0.08602970093488693,0.07023441791534424
rosenbrock,1.9287498479639178e-22,2,cholesky,5,exact_marginalization,8192,0.02,1000,3,rosenbrock,682,0.014425039291381836,-50.581695556640625,,0.13924561440944672,0.002502941060811281,0.12889167666435242,0.052630893886089325
rosenbrock,1.9287498479639178e-22,2,cholesky,5,exact_marginalization,8192,0.02,1000,3,rosenbrock,683,0.01438593864440918,-50.5850944519043,,0.0902661457657814,0.0036687422543764114,0.0801004022359848,0.041454095393419266
rosenbrock,1.9287498479639178e-22,2,cholesky,5,exact_marginalization,8192,0.02,1000,3,rosenbrock,684,0.01436305046081543,-50.58380889892578,,0.09769746661186218,0.002710288390517235,0.08264324069023132,0.052034083753824234
rosenbrock,1.9287498479639178e-22,2,cholesky,5,exact_marginalization,8192,0.02,1000,3,rosenbrock,685,0.014415740966796875,-50.58320236206055,,0.10383634269237518,0.004150107502937317,0.0929766446352005,0.04604461416602135
rosenbrock,1.9287498479639178e-22,2,cholesky,5,exact_marginalization,8192,0.02,1000,3,rosenbrock,686,0.014684200286865234,-50.58468246459961,,0.140234112739563,0.0016778679564595222,0.12504485249519348,0.06345532834529877
rosenbrock,1.9287498479639178e-22,2,cholesky,5,exact_marginalization,8192,0.02,1000,3,rosenbrock,687,0.014483213424682617,-50.58354568481445,,0.08910475671291351,0.004476024303585291,0.07685033977031708,0.0448736771941185
rosenbrock,1.9287498479639178e-22,2,cholesky,5,exact_marginalization,8192,0.02,1000,3,rosenbrock,688,0.01447296142578125,-50.58336639404297,,0.09062907844781876,0.003855498507618904,0.06972289830446243,0.057770952582359314
rosenbrock,1.9287498479639178e-22,2,cholesky,5,exact_marginalization,8192,0.02,1000,3,rosenbrock,689,0.01443791389465332,-50.583824157714844,,0.06882572919130325,0.005647230427712202,0.05748561769723892,0.037423163652420044
rosenbrock,1.9287498479639178e-22,2,cholesky,5,exact_marginalization,8192,0.02,1000,3,rosenbrock,690,0.01523900032043457,-50.58346939086914,,0.06628946214914322,0.001439704094082117,0.04707834869623184,0.04664599522948265
rosenbrock,1.9287498479639178e-22,2,cholesky,5,exact_marginalization,8192,0.02,1000,3,rosenbrock,691,0.01512598991394043,-50.58374786376953,,0.08438675850629807,0.0024172652047127485,0.06735773384571075,0.050776157528162
rosenbrock,1.9287498479639178e-22,2,cholesky,5,exact_marginalization,8192,0.02,1000,3,rosenbrock,692,0.014569997787475586,-50.583290100097656,,0.1427438110113144,0.0027632340788841248,0.11018512398004532,0.0907050371170044
rosenbrock,1.9287498479639178e-22,2,cholesky,5,exact_marginalization,8192,0.02,1000,3,rosenbrock,693,0.014464855194091797,-50.581153869628906,,0.074593685567379,0.0022075411397963762,0.05326727777719498,0.05217223986983299
rosenbrock,1.9287498479639178e-22,2,cholesky,5,exact_marginalization,8192,0.02,1000,3,rosenbrock,694,0.014481306076049805,-50.58232116699219,,0.07491786032915115,0.0015018354170024395,0.06027959659695625,0.044461220502853394
rosenbrock,1.9287498479639178e-22,2,cholesky,5,exact_marginalization,8192,0.02,1000,3,rosenbrock,695,0.014478921890258789,-50.579341888427734,,0.0792037770152092,0.001442360575310886,0.07539084553718567,0.024235906079411507
rosenbrock,1.9287498479639178e-22,2,cholesky,5,exact_marginalization,8192,0.02,1000,3,rosenbrock,696,0.014419317245483398,-50.584716796875,,0.11913011223077774,0.003195854602381587,0.11097687482833862,0.04319610819220543
rosenbrock,1.9287498479639178e-22,2,cholesky,5,exact_marginalization,8192,0.02,1000,3,rosenbrock,697,0.014561891555786133,-50.57899856567383,,0.05725838616490364,0.002580338856205344,0.041794899851083755,0.039051905274391174
rosenbrock,1.9287498479639178e-22,2,cholesky,5,exact_marginalization,8192,0.02,1000,3,rosenbrock,698,0.014467000961303711,-50.58321762084961,,0.09178730845451355,0.0014684895286336541,0.07532411813735962,0.052431195974349976
rosenbrock,1.9287498479639178e-22,2,cholesky,5,exact_marginalization,8192,0.02,1000,3,rosenbrock,699,0.015365123748779297,-50.578128814697266,,0.06475882232189178,0.004475664813071489,0.03522240370512009,0.05415768921375275
rosenbrock,1.9287498479639178e-22,2,cholesky,5,exact_marginalization,8192,0.02,1000,3,rosenbrock,700,0.014873027801513672,-50.58607482910156,,0.0908326506614685,0.0015065412735566497,0.0685451477766037,0.0595807209610939
rosenbrock,1.9287498479639178e-22,2,cholesky,5,exact_marginalization,8192,0.02,1000,3,rosenbrock,701,0.01470637321472168,-50.57501983642578,,0.08304516971111298,0.0026634091045707464,0.05739624425768852,0.059958960860967636
rosenbrock,1.9287498479639178e-22,2,cholesky,5,exact_marginalization,8192,0.02,1000,3,rosenbrock,702,0.01460886001586914,-50.58424377441406,,0.13150930404663086,0.0035092427860945463,0.1180231049656868,0.057904504239559174
rosenbrock,1.9287498479639178e-22,2,cholesky,5,exact_marginalization,8192,0.02,1000,3,rosenbrock,703,0.014501094818115234,-50.584774017333984,,0.10352066159248352,0.002833976875990629,0.08914585411548615,0.05255011469125748
rosenbrock,1.9287498479639178e-22,2,cholesky,5,exact_marginalization,8192,0.02,1000,3,rosenbrock,704,0.014584064483642578,-50.579986572265625,,0.08342897891998291,0.003559558419510722,0.07948368042707443,0.025101156905293465
rosenbrock,1.9287498479639178e-22,2,cholesky,5,exact_marginalization,8192,0.02,1000,3,rosenbrock,705,0.014574766159057617,-50.580360412597656,,0.0970635712146759,0.0020087130833417177,0.08595142513513565,0.0450516939163208
rosenbrock,1.9287498479639178e-22,2,cholesky,5,exact_marginalization,8192,0.02,1000,3,rosenbrock,706,0.014842987060546875,-50.585235595703125,,0.11694075167179108,0.0034682040568441153,0.1054416224360466,0.05044972896575928
rosenbrock,1.9287498479639178e-22,2,cholesky,5,exact_marginalization,8192,0.02,1000,3,rosenbrock,707,0.014520883560180664,-50.57807540893555,,0.12496120482683182,0.0027843168936669827,0.09415175765752792,0.08211576193571091
rosenbrock,1.9287498479639178e-22,2,cholesky,5,exact_marginalization,8192,0.02,1000,3,rosenbrock,708,0.014625787734985352,-50.58470916748047,,0.12119629979133606,0.0023827722761780024,0.105443574488163,0.05970357358455658
rosenbrock,1.9287498479639178e-22,2,cholesky,5,exact_marginalization,8192,0.02,1000,3,rosenbrock,709,0.014474868774414062,-50.58417510986328,,0.11065215617418289,0.003374585183337331,0.0799964889883995,0.07637457549571991
rosenbrock,1.9287498479639178e-22,2,cholesky,5,exact_marginalization,8192,0.02,1000,3,rosenbrock,710,0.01452493667602539,-50.58099365234375,,0.15603014826774597,0.00314757926389575,0.14395126700401306,0.06011267006397247
rosenbrock,1.9287498479639178e-22,2,cholesky,5,exact_marginalization,8192,0.02,1000,3,rosenbrock,711,0.014506340026855469,-50.58131790161133,,0.12078345566987991,0.0030454134102910757,0.10188911110162735,0.06479178369045258
rosenbrock,1.9287498479639178e-22,2,cholesky,5,exact_marginalization,8192,0.02,1000,3,rosenbrock,712,0.01454019546508789,-50.580867767333984,,0.10949468612670898,0.0016873138956725597,0.056094612926244736,0.0940193235874176
rosenbrock,1.9287498479639178e-22,2,cholesky,5,exact_marginalization,8192,0.02,1000,3,rosenbrock,713,0.015272140502929688,-50.58562469482422,,0.10308827459812164,0.0012536298017948866,0.09236171096563339,0.04577045887708664
rosenbrock,1.9287498479639178e-22,2,cholesky,5,exact_marginalization,8192,0.02,1000,3,rosenbrock,714,0.015317916870117188,-50.579654693603516,,0.08454407006502151,0.002549682976678014,0.07914428412914276,0.029620608314871788
rosenbrock,1.9287498479639178e-22,2,cholesky,5,exact_marginalization,8192,0.02,1000,3,rosenbrock,715,0.01455378532409668,-50.57861328125,,0.12426120042800903,0.0033684170339256525,0.11491023004055023,0.047171395272016525
rosenbrock,1.9287498479639178e-22,2,cholesky,5,exact_marginalization,8192,0.02,1000,3,rosenbrock,716,0.015614986419677734,-50.5825309753418,,0.1924799233675003,0.0029482131358236074,0.1865997612476349,0.04712064191699028
rosenbrock,1.9287498479639178e-22,2,cholesky,5,exact_marginalization,8192,0.02,1000,3,rosenbrock,717,0.014566183090209961,-50.58554458618164,,0.08924420177936554,0.004119902849197388,0.07655314356088638,0.04568556696176529
rosenbrock,1.9287498479639178e-22,2,cholesky,5,exact_marginalization,8192,0.02,1000,3,rosenbrock,718,0.01468801498413086,-50.58169937133789,,0.130172997713089,0.0031006697099655867,0.1262383610010147,0.03161125257611275
rosenbrock,1.9287498479639178e-22,2,cholesky,5,exact_marginalization,8192,0.02,1000,3,rosenbrock,719,0.014584779739379883,-50.58349609375,,0.12006213515996933,0.004638302139937878,0.05649079754948616,0.10584039986133575
rosenbrock,1.9287498479639178e-22,2,cholesky,5,exact_marginalization,8192,0.02,1000,3,rosenbrock,720,0.0145263671875,-50.58308029174805,,0.1695125252008438,0.002083189319819212,0.13349592685699463,0.10444614291191101
rosenbrock,1.9287498479639178e-22,2,cholesky,5,exact_marginalization,8192,0.02,1000,3,rosenbrock,721,0.014456987380981445,-50.583736419677734,,0.13082802295684814,0.0019385175546631217,0.0956229418516159,0.08926627039909363
rosenbrock,1.9287498479639178e-22,2,cholesky,5,exact_marginalization,8192,0.02,1000,3,rosenbrock,722,0.014570951461791992,-50.576416015625,,0.11329087615013123,0.0027574608102440834,0.10621971637010574,0.03930129110813141
rosenbrock,1.9287498479639178e-22,2,cholesky,5,exact_marginalization,8192,0.02,1000,3,rosenbrock,723,0.014439821243286133,-50.579559326171875,,0.10103544592857361,0.0021855346858501434,0.09450492262840271,0.03566797450184822
rosenbrock,1.9287498479639178e-22,2,cholesky,5,exact_marginalization,8192,0.02,1000,3,rosenbrock,724,0.014442205429077148,-50.580955505371094,,0.08867455273866653,0.003116767620667815,0.07593021541833878,0.04569534212350845
rosenbrock,1.9287498479639178e-22,2,cholesky,5,exact_marginalization,8192,0.02,1000,3,rosenbrock,725,0.014358997344970703,-50.58425521850586,,0.1568320095539093,0.0064740730449557304,0.1331329196691513,0.0826437696814537
rosenbrock,1.9287498479639178e-22,2,cholesky,5,exact_marginalization,8192,0.02,1000,3,rosenbrock,726,0.01517176628112793,-50.58116912841797,,0.09729849547147751,0.0021634011063724756,0.0545271672308445,0.08055498450994492
rosenbrock,1.9287498479639178e-22,2,cholesky,5,exact_marginalization,8192,0.02,1000,3,rosenbrock,727,0.014865875244140625,-50.57646942138672,,0.06616247445344925,0.0034014100674539804,0.05578615143895149,0.03540916368365288
rosenbrock,1.9287498479639178e-22,2,cholesky,5,exact_marginalization,8192,0.02,1000,3,rosenbrock,728,0.014708995819091797,-50.57826614379883,,0.16198477149009705,0.005039317067712545,0.12919825315475464,0.09757807850837708
rosenbrock,1.9287498479639178e-22,2,cholesky,5,exact_marginalization,8192,0.02,1000,3,rosenbrock,729,0.015181779861450195,-50.581573486328125,,0.07826346904039383,0.002609538147225976,0.05952007323503494,0.050751570612192154
rosenbrock,1.9287498479639178e-22,2,cholesky,5,exact_marginalization,8192,0.02,1000,3,rosenbrock,730,0.01579904556274414,-50.583831787109375,,0.09099523723125458,0.0048036156222224236,0.08221942186355591,0.03869142755866051
rosenbrock,1.9287498479639178e-22,2,cholesky,5,exact_marginalization,8192,0.02,1000,3,rosenbrock,731,0.014750957489013672,-50.582008361816406,,0.10242678970098495,0.002717449562624097,0.0911986231803894,0.04654756560921669
rosenbrock,1.9287498479639178e-22,2,cholesky,5,exact_marginalization,8192,0.02,1000,3,rosenbrock,732,0.014554262161254883,-50.579345703125,,0.053142987191677094,0.00321660446934402,0.049638714641332626,0.018703706562519073
rosenbrock,1.9287498479639178e-22,2,cholesky,5,exact_marginalization,8192,0.02,1000,3,rosenbrock,733,0.014482975006103516,-50.577606201171875,,0.10551197081804276,0.00438015116378665,0.08540496975183487,0.06180275231599808
rosenbrock,1.9287498479639178e-22,2,cholesky,5,exact_marginalization,8192,0.02,1000,3,rosenbrock,734,0.014551639556884766,-50.579505920410156,,0.11332503706216812,0.0038597937673330307,0.08700601756572723,0.07250943779945374
rosenbrock,1.9287498479639178e-22,2,cholesky,5,exact_marginalization,8192,0.02,1000,3,rosenbrock,735,0.014428853988647461,-50.58211898803711,,0.0617821104824543,0.0018777285004034638,0.05443151295185089,0.029166998341679573
rosenbrock,1.9287498479639178e-22,2,cholesky,5,exact_marginalization,8192,0.02,1000,3,rosenbrock,736,0.014477968215942383,-50.580406188964844,,0.10902958363294601,0.004445610102266073,0.0936170220375061,0.055709440261125565
rosenbrock,1.9287498479639178e-22,2,cholesky,5,exact_marginalization,8192,0.02,1000,3,rosenbrock,737,0.014472007751464844,-50.57894515991211,,0.08719319850206375,0.001830453984439373,0.0678328350186348,0.05475408211350441
rosenbrock,1.9287498479639178e-22,2,cholesky,5,exact_marginalization,8192,0.02,1000,3,rosenbrock,738,0.014556169509887695,-50.581512451171875,,0.192735493183136,0.0038760066963732243,0.1171671524643898,0.15298305451869965
rosenbrock,1.9287498479639178e-22,2,cholesky,5,exact_marginalization,8192,0.02,1000,3,rosenbrock,739,0.015803813934326172,-50.58219528198242,,0.1419801414012909,0.0005484624416567385,0.12471143901348114,0.06786102056503296
rosenbrock,1.9287498479639178e-22,2,cholesky,5,exact_marginalization,8192,0.02,1000,3,rosenbrock,740,0.014979124069213867,-50.57663345336914,,0.08438480645418167,0.0020125615410506725,0.06717163324356079,0.05103642866015434
rosenbrock,1.9287498479639178e-22,2,cholesky,5,exact_marginalization,8192,0.02,1000,3,rosenbrock,741,0.014532804489135742,-50.580726623535156,,0.06913433223962784,0.002718536648899317,0.0528082437813282,0.04453599452972412
rosenbrock,1.9287498479639178e-22,2,cholesky,5,exact_marginalization,8192,0.02,1000,3,rosenbrock,742,0.014475107192993164,-50.58268356323242,,0.11662565916776657,0.002644376829266548,0.11276637762784958,0.029636073857545853
rosenbrock,1.9287498479639178e-22,2,cholesky,5,exact_marginalization,8192,0.02,1000,3,rosenbrock,743,0.016476869583129883,-50.57939147949219,,0.0678645595908165,0.0030910992063581944,0.059668444097042084,0.03218260779976845
rosenbrock,1.9287498479639178e-22,2,cholesky,5,exact_marginalization,8192,0.02,1000,3,rosenbrock,744,0.01749587059020996,-50.5828857421875,,0.18152539432048798,0.002550804289057851,0.14379191398620605,0.11076482385396957
rosenbrock,1.9287498479639178e-22,2,cholesky,5,exact_marginalization,8192,0.02,1000,3,rosenbrock,745,0.016199111938476562,-50.57760238647461,,0.0726771131157875,0.002154695335775614,0.0523972325026989,0.05031749606132507
rosenbrock,1.9287498479639178e-22,2,cholesky,5,exact_marginalization,8192,0.02,1000,3,rosenbrock,746,0.018094778060913086,-50.57657241821289,,0.07374894618988037,0.0029186520259827375,0.06999228894710541,0.023053603246808052
rosenbrock,1.9287498479639178e-22,2,cholesky,5,exact_marginalization,8192,0.02,1000,3,rosenbrock,747,0.018406152725219727,-50.57909393310547,,0.0791064202785492,0.003555814502760768,0.039829473942518234,0.06825536489486694
rosenbrock,1.9287498479639178e-22,2,cholesky,5,exact_marginalization,8192,0.02,1000,3,rosenbrock,748,0.021931171417236328,-50.58198165893555,,0.10697633773088455,0.002933947602286935,0.06616554409265518,0.08400862663984299
rosenbrock,1.9287498479639178e-22,2,cholesky,5,exact_marginalization,8192,0.02,1000,3,rosenbrock,749,0.020686864852905273,-50.577613830566406,,0.11092691868543625,0.00405393959954381,0.09778847545385361,0.0522087961435318
rosenbrock,1.9287498479639178e-22,2,cholesky,5,exact_marginalization,8192,0.02,1000,3,rosenbrock,750,0.021084070205688477,-50.58135223388672,,0.21433620154857635,0.0019222126575186849,0.20005595684051514,0.07690207660198212
rosenbrock,1.9287498479639178e-22,2,cholesky,5,exact_marginalization,8192,0.02,1000,3,rosenbrock,751,0.020847082138061523,-50.57990646362305,,0.07693766057491302,0.0011771233985200524,0.05645354092121124,0.05225912109017372
rosenbrock,1.9287498479639178e-22,2,cholesky,5,exact_marginalization,8192,0.02,1000,3,rosenbrock,752,0.020820140838623047,-50.58418655395508,,0.08662349730730057,0.002331190276890993,0.07455166429281235,0.044048208743333817
rosenbrock,1.9287498479639178e-22,2,cholesky,5,exact_marginalization,8192,0.02,1000,3,rosenbrock,753,0.019130945205688477,-50.57537841796875,,0.11722394824028015,0.0026251303497701883,0.08711383491754532,0.07839477062225342
rosenbrock,1.9287498479639178e-22,2,cholesky,5,exact_marginalization,8192,0.02,1000,3,rosenbrock,754,0.019703149795532227,-50.575199127197266,,0.09695132076740265,0.002815901767462492,0.08089800924062729,0.053358618170022964
rosenbrock,1.9287498479639178e-22,2,cholesky,5,exact_marginalization,8192,0.02,1000,3,rosenbrock,755,0.015820980072021484,-50.581825256347656,,0.13870659470558167,0.004441308323293924,0.12579423189163208,0.05827179551124573
rosenbrock,1.9287498479639178e-22,2,cholesky,5,exact_marginalization,8192,0.02,1000,3,rosenbrock,756,0.01654791831970215,-50.57717514038086,,0.11835166811943054,0.0029857102781534195,0.11126517504453659,0.040227629244327545
rosenbrock,1.9287498479639178e-22,2,cholesky,5,exact_marginalization,8192,0.02,1000,3,rosenbrock,757,0.017041921615600586,-50.578651428222656,,0.1485336571931839,0.0012970303650945425,0.13321678340435028,0.06567991524934769
rosenbrock,1.9287498479639178e-22,2,cholesky,5,exact_marginalization,8192,0.02,1000,3,rosenbrock,758,0.01575016975402832,-50.5781364440918,,0.07967372238636017,0.0017985246377065778,0.06682305783033371,0.043351415544748306
rosenbrock,1.9287498479639178e-22,2,cholesky,5,exact_marginalization,8192,0.02,1000,3,rosenbrock,759,0.01635003089904785,-50.57903289794922,,0.06143638491630554,0.0027498139534145594,0.050261449068784714,0.035222914069890976
rosenbrock,1.9287498479639178e-22,2,cholesky,5,exact_marginalization,8192,0.02,1000,3,rosenbrock,760,0.01636195182800293,-50.577430725097656,,0.053436409682035446,0.0026394075248390436,0.04143187776207924,0.033643465489149094
rosenbrock,1.9287498479639178e-22,2,cholesky,5,exact_marginalization,8192,0.02,1000,3,rosenbrock,761,0.015378952026367188,-50.5800895690918,,0.0884399339556694,0.0025646903086453676,0.0759936273097992,0.045166488736867905
rosenbrock,1.9287498479639178e-22,2,cholesky,5,exact_marginalization,8192,0.02,1000,3,rosenbrock,762,0.015684127807617188,-50.57837677001953,,0.08243594318628311,0.003224640153348446,0.0723298192024231,0.039416778832674026
rosenbrock,1.9287498479639178e-22,2,cholesky,5,exact_marginalization,8192,0.02,1000,3,rosenbrock,763,0.01645803451538086,-50.57963180541992,,0.14891935884952545,0.0025343422312289476,0.14261029660701752,0.04281182587146759
rosenbrock,1.9287498479639178e-22,2,cholesky,5,exact_marginalization,8192,0.02,1000,3,rosenbrock,764,0.018285036087036133,-50.5789909362793,,0.0839877650141716,0.003296527313068509,0.06410728394985199,0.05416027456521988
rosenbrock,1.9287498479639178e-22,2,cholesky,5,exact_marginalization,8192,0.02,1000,3,rosenbrock,765,0.017102956771850586,-50.576107025146484,,0.06423548609018326,0.004952883347868919,0.03839165344834328,0.05126155912876129
rosenbrock,1.9287498479639178e-22,2,cholesky,5,exact_marginalization,8192,0.02,1000,3,rosenbrock,766,0.02010798454284668,-50.57884216308594,,0.06967811286449432,0.0021059405989944935,0.06342773139476776,0.028766758739948273
rosenbrock,1.9287498479639178e-22,2,cholesky,5,exact_marginalization,8192,0.02,1000,3,rosenbrock,767,0.021184921264648438,-50.57836151123047,,0.07030659914016724,0.002692871494218707,0.04950407147407532,0.04985090345144272
rosenbrock,1.9287498479639178e-22,2,cholesky,5,exact_marginalization,8192,0.02,1000,3,rosenbrock,768,0.02314591407775879,-50.57915115356445,,0.09257709234952927,0.0018315899651497602,0.08653511852025986,0.0328456349670887
rosenbrock,1.9287498479639178e-22,2,cholesky,5,exact_marginalization,8192,0.02,1000,3,rosenbrock,769,0.02130603790283203,-50.577171325683594,,0.11806581914424896,0.0021939959842711687,0.10925684124231339,0.044695258140563965
rosenbrock,1.9287498479639178e-22,2,cholesky,5,exact_marginalization,8192,0.02,1000,3,rosenbrock,770,0.021831989288330078,-50.575836181640625,,0.06830478459596634,0.0017284015193581581,0.052590060979127884,0.04355274885892868
rosenbrock,1.9287498479639178e-22,2,cholesky,5,exact_marginalization,8192,0.02,1000,3,rosenbrock,771,0.020348072052001953,-50.577430725097656,,0.06846927851438522,0.0018665341194719076,0.04978523403406143,0.04696795344352722
rosenbrock,1.9287498479639178e-22,2,cholesky,5,exact_marginalization,8192,0.02,1000,3,rosenbrock,772,0.01990222930908203,-50.58181381225586,,0.06624217331409454,0.003577795345336199,0.04836505651473999,0.045122578740119934
rosenbrock,1.9287498479639178e-22,2,cholesky,5,exact_marginalization,8192,0.02,1000,3,rosenbrock,773,0.015809059143066406,-50.57754898071289,,0.07081782072782516,0.004003223031759262,0.05831876024603844,0.03997574746608734
rosenbrock,1.9287498479639178e-22,2,cholesky,5,exact_marginalization,8192,0.02,1000,3,rosenbrock,774,0.0167388916015625,-50.5755729675293,,0.0533626414835453,0.004027747083455324,0.03918818384408951,0.035994939506053925
rosenbrock,1.9287498479639178e-22,2,cholesky,5,exact_marginalization,8192,0.02,1000,3,rosenbrock,775,0.016083955764770508,-50.58061218261719,,0.09585203230381012,0.0032290522940456867,0.0463581420481205,0.08383382111787796
rosenbrock,1.9287498479639178e-22,2,cholesky,5,exact_marginalization,8192,0.02,1000,3,rosenbrock,776,0.015029191970825195,-50.579498291015625,,0.07982595264911652,0.0035424684174358845,0.05384407564997673,0.058825597167015076
rosenbrock,1.9287498479639178e-22,2,cholesky,5,exact_marginalization,8192,0.02,1000,3,rosenbrock,777,0.01522374153137207,-50.5787353515625,,0.08070380240678787,0.0012806995073333383,0.04132039099931717,0.06931153684854507
rosenbrock,1.9287498479639178e-22,2,cholesky,5,exact_marginalization,8192,0.02,1000,3,rosenbrock,778,0.015347003936767578,-50.577701568603516,,0.07074621319770813,0.0022607087157666683,0.059981126338243484,0.037445712834596634
rosenbrock,1.9287498479639178e-22,2,cholesky,5,exact_marginalization,8192,0.02,1000,3,rosenbrock,779,0.01526498794555664,-50.58345413208008,,0.09981167316436768,0.003592558205127716,0.08525317907333374,0.05178184062242508
rosenbrock,1.9287498479639178e-22,2,cholesky,5,exact_marginalization,8192,0.02,1000,3,rosenbrock,780,0.015794992446899414,-50.576866149902344,,0.08465614914894104,0.0012677480699494481,0.05810864642262459,0.0615503191947937
rosenbrock,1.9287498479639178e-22,2,cholesky,5,exact_marginalization,8192,0.02,1000,3,rosenbrock,781,0.015546798706054688,-50.57564163208008,,0.0573711171746254,0.001959077315405011,0.0396089069545269,0.041457705199718475
rosenbrock,1.9287498479639178e-22,2,cholesky,5,exact_marginalization,8192,0.02,1000,3,rosenbrock,782,0.015912294387817383,-50.57643508911133,,0.07959488779306412,0.0024693887680768967,0.06543903052806854,0.04524359479546547
rosenbrock,1.9287498479639178e-22,2,cholesky,5,exact_marginalization,8192,0.02,1000,3,rosenbrock,783,0.015302896499633789,-50.57684326171875,,0.11597973108291626,0.003997344523668289,0.0413908027112484,0.10826874524354935
rosenbrock,1.9287498479639178e-22,2,cholesky,5,exact_marginalization,8192,0.02,1000,3,rosenbrock,784,0.016164064407348633,-50.5792236328125,,0.0699177160859108,0.00220649060793221,0.04130483418703079,0.05636958032846451
rosenbrock,1.9287498479639178e-22,2,cholesky,5,exact_marginalization,8192,0.02,1000,3,rosenbrock,785,0.015234947204589844,-50.57468032836914,,0.06446697562932968,0.0038845425006002188,0.04788363724946976,0.04298905283212662
rosenbrock,1.9287498479639178e-22,2,cholesky,5,exact_marginalization,8192,0.02,1000,3,rosenbrock,786,0.014787912368774414,-50.575401306152344,,0.06774349510669708,0.002456875052303076,0.05956871435046196,0.03216696158051491
rosenbrock,1.9287498479639178e-22,2,cholesky,5,exact_marginalization,8192,0.02,1000,3,rosenbrock,787,0.014533042907714844,-50.5778923034668,,0.11051242053508759,0.0019458121387287974,0.08922011405229568,0.06518416106700897
rosenbrock,1.9287498479639178e-22,2,cholesky,5,exact_marginalization,8192,0.02,1000,3,rosenbrock,788,0.014693021774291992,-50.57455062866211,,0.09262503683567047,0.002656360622495413,0.060213323682546616,0.07033278048038483
rosenbrock,1.9287498479639178e-22,2,cholesky,5,exact_marginalization,8192,0.02,1000,3,rosenbrock,789,0.014644145965576172,-50.58075714111328,,0.09477385878562927,0.0030144434422254562,0.07109445333480835,0.06259854137897491
rosenbrock,1.9287498479639178e-22,2,cholesky,5,exact_marginalization,8192,0.02,1000,3,rosenbrock,790,0.014513969421386719,-50.57535171508789,,0.13527218997478485,0.001858269446529448,0.09871432930231094,0.09246940910816193
rosenbrock,1.9287498479639178e-22,2,cholesky,5,exact_marginalization,8192,0.02,1000,3,rosenbrock,791,0.014435052871704102,-50.578285217285156,,0.06713379919528961,0.0023662354797124863,0.05959697812795639,0.030814742669463158
rosenbrock,1.9287498479639178e-22,2,cholesky,5,exact_marginalization,8192,0.02,1000,3,rosenbrock,792,0.01443624496459961,-50.578468322753906,,0.08561661094427109,0.0024862370919436216,0.05293672904372215,0.0672437772154808
rosenbrock,1.9287498479639178e-22,2,cholesky,5,exact_marginalization,8192,0.02,1000,3,rosenbrock,793,0.014468193054199219,-50.57390213012695,,0.07117398083209991,0.0008766741375438869,0.038956593722105026,0.059559643268585205
rosenbrock,1.9287498479639178e-22,2,cholesky,5,exact_marginalization,8192,0.02,1000,3,rosenbrock,794,0.014451265335083008,-50.575862884521484,,0.12129911035299301,0.0037962449714541435,0.10000548511743546,0.06854172050952911
rosenbrock,1.9287498479639178e-22,2,cholesky,5,exact_marginalization,8192,0.02,1000,3,rosenbrock,795,0.015076875686645508,-50.57612991333008,,0.08155816793441772,0.0021621028427034616,0.05742833763360977,0.05787094309926033
rosenbrock,1.9287498479639178e-22,2,cholesky,5,exact_marginalization,8192,0.02,1000,3,rosenbrock,796,0.014654874801635742,-50.57583999633789,,0.09654582291841507,0.00246124854311347,0.060783643275499344,0.07496923953294754
rosenbrock,1.9287498479639178e-22,2,cholesky,5,exact_marginalization,8192,0.02,1000,3,rosenbrock,797,0.014532804489135742,-50.576602935791016,,0.09410224109888077,0.002913928357884288,0.08353543281555176,0.04322697967290878
rosenbrock,1.9287498479639178e-22,2,cholesky,5,exact_marginalization,8192,0.02,1000,3,rosenbrock,798,0.01478886604309082,-50.5760383605957,,0.16837602853775024,0.0021443371661007404,0.15776848793029785,0.05877915397286415
rosenbrock,1.9287498479639178e-22,2,cholesky,5,exact_marginalization,8192,0.02,1000,3,rosenbrock,799,0.014229059219360352,-50.57622528076172,,0.10452420264482498,0.00216342369094491,0.062351830303668976,0.08386225253343582
rosenbrock,1.9287498479639178e-22,2,cholesky,5,exact_marginalization,8192,0.02,1000,3,rosenbrock,800,0.014320135116577148,-50.577247619628906,,0.0903891995549202,0.0014622454764321446,0.06637873500585556,0.061334602534770966
rosenbrock,1.9287498479639178e-22,2,cholesky,5,exact_marginalization,8192,0.02,1000,3,rosenbrock,801,0.014248371124267578,-50.57741165161133,,0.09113864600658417,0.002501580398529768,0.06756973266601562,0.061109136790037155
rosenbrock,1.9287498479639178e-22,2,cholesky,5,exact_marginalization,8192,0.02,1000,3,rosenbrock,802,0.014182806015014648,-50.57561111450195,,0.09064275771379471,0.003447524271905422,0.07783972471952438,0.04631633311510086
rosenbrock,1.9287498479639178e-22,2,cholesky,5,exact_marginalization,8192,0.02,1000,3,rosenbrock,803,0.014271974563598633,-50.57884216308594,,0.19503666460514069,0.0034803759772330523,0.18525570631027222,0.06088931858539581
rosenbrock,1.9287498479639178e-22,2,cholesky,5,exact_marginalization,8192,0.02,1000,3,rosenbrock,804,0.014225959777832031,-50.57646179199219,,0.07059180736541748,0.003345204284414649,0.06209558621048927,0.03340885043144226
rosenbrock,1.9287498479639178e-22,2,cholesky,5,exact_marginalization,8192,0.02,1000,3,rosenbrock,805,0.014215946197509766,-50.57921600341797,,0.10308552533388138,0.001996847102418542,0.09630286693572998,0.03672051429748535
rosenbrock,1.9287498479639178e-22,2,cholesky,5,exact_marginalization,8192,0.02,1000,3,rosenbrock,806,0.014234066009521484,-50.576637268066406,,0.08476723730564117,0.0028538911137729883,0.06947010010480881,0.048489633947610855
rosenbrock,1.9287498479639178e-22,2,cholesky,5,exact_marginalization,8192,0.02,1000,3,rosenbrock,807,0.014227151870727539,-50.57394790649414,,0.12747636437416077,0.003371818456798792,0.09946699440479279,0.07965660095214844
rosenbrock,1.9287498479639178e-22,2,cholesky,5,exact_marginalization,8192,0.02,1000,3,rosenbrock,808,0.014222860336303711,-50.57952117919922,,0.16880205273628235,0.0008438846562057734,0.16509361565113068,0.03517840430140495
rosenbrock,1.9287498479639178e-22,2,cholesky,5,exact_marginalization,8192,0.02,1000,3,rosenbrock,809,0.014236211776733398,-50.575767517089844,,0.13255731761455536,0.004244513809680939,0.11996374279260635,0.05623280629515648
rosenbrock,1.9287498479639178e-22,2,cholesky,5,exact_marginalization,8192,0.02,1000,3,rosenbrock,810,0.014221668243408203,-50.57939910888672,,0.06971413642168045,0.003105380805209279,0.0545879527926445,0.043250128626823425
rosenbrock,1.9287498479639178e-22,2,cholesky,5,exact_marginalization,8192,0.02,1000,3,rosenbrock,811,0.014230966567993164,-50.57489776611328,,0.10622057318687439,0.0016251391498371959,0.06503523886203766,0.08396776765584946
rosenbrock,1.9287498479639178e-22,2,cholesky,5,exact_marginalization,8192,0.02,1000,3,rosenbrock,812,0.014708995819091797,-50.578369140625,,0.10519840568304062,0.002138578798621893,0.07966470718383789,0.06867070496082306
rosenbrock,1.9287498479639178e-22,2,cholesky,5,exact_marginalization,8192,0.02,1000,3,rosenbrock,813,0.01425480842590332,-50.57681655883789,,0.16060513257980347,0.0032192354556173086,0.1350753754377365,0.08682331442832947
rosenbrock,1.9287498479639178e-22,2,cholesky,5,exact_marginalization,8192,0.02,1000,3,rosenbrock,814,0.014298677444458008,-50.57374572753906,,0.06551139056682587,0.0032395729795098305,0.04517553746700287,0.04733305424451828
rosenbrock,1.9287498479639178e-22,2,cholesky,5,exact_marginalization,8192,0.02,1000,3,rosenbrock,815,0.014213800430297852,-50.576622009277344,,0.08373800665140152,0.0015597116434946656,0.07153889536857605,0.043494924902915955
rosenbrock,1.9287498479639178e-22,2,cholesky,5,exact_marginalization,8192,0.02,1000,3,rosenbrock,816,0.014246940612792969,-50.58001708984375,,0.12671992182731628,0.0030850323382765055,0.09915754944086075,0.0788428857922554
rosenbrock,1.9287498479639178e-22,2,cholesky,5,exact_marginalization,8192,0.02,1000,3,rosenbrock,817,0.014186382293701172,-50.575252532958984,,0.10849177837371826,0.0038378445897251368,0.10115224123001099,0.03903794288635254
rosenbrock,1.9287498479639178e-22,2,cholesky,5,exact_marginalization,8192,0.02,1000,3,rosenbrock,818,0.014209985733032227,-50.58084487915039,,0.10430808365345001,0.0027177720330655575,0.08088955283164978,0.06580023467540741
rosenbrock,1.9287498479639178e-22,2,cholesky,5,exact_marginalization,8192,0.02,1000,3,rosenbrock,819,0.014261007308959961,-50.58184814453125,,0.14531058073043823,0.004249184392392635,0.11804584413766861,0.08463029563426971
rosenbrock,1.9287498479639178e-22,2,cholesky,5,exact_marginalization,8192,0.02,1000,3,rosenbrock,820,0.014226913452148438,-50.57687759399414,,0.07652319967746735,0.0024116868153214455,0.05808330327272415,0.04976256936788559
rosenbrock,1.9287498479639178e-22,2,cholesky,5,exact_marginalization,8192,0.02,1000,3,rosenbrock,821,0.014260053634643555,-50.576080322265625,,0.08975722640752792,0.003557191463187337,0.05105020850896835,0.07373996824026108
rosenbrock,1.9287498479639178e-22,2,cholesky,5,exact_marginalization,8192,0.02,1000,3,rosenbrock,822,0.01424098014831543,-50.57659149169922,,0.0800754651427269,0.0029677250422537327,0.07323737442493439,0.03224220871925354
rosenbrock,1.9287498479639178e-22,2,cholesky,5,exact_marginalization,8192,0.02,1000,3,rosenbrock,823,0.014112710952758789,-50.57574462890625,,0.0856814980506897,0.003389353398233652,0.06303256750106812,0.057937268167734146
rosenbrock,1.9287498479639178e-22,2,cholesky,5,exact_marginalization,8192,0.02,1000,3,rosenbrock,824,0.014662981033325195,-50.57583236694336,,0.09327197074890137,0.002615045988932252,0.07844231277704239,0.0503946952521801
rosenbrock,1.9287498479639178e-22,2,cholesky,5,exact_marginalization,8192,0.02,1000,3,rosenbrock,825,0.015252113342285156,-50.57689666748047,,0.11375782638788223,0.004746733233332634,0.09546679258346558,0.06167985871434212
rosenbrock,1.9287498479639178e-22,2,cholesky,5,exact_marginalization,8192,0.02,1000,3,rosenbrock,826,0.014961719512939453,-50.57426071166992,,0.09197176247835159,0.003066735342144966,0.049859434366226196,0.07722330093383789
rosenbrock,1.9287498479639178e-22,2,cholesky,5,exact_marginalization,8192,0.02,1000,3,rosenbrock,827,0.014647960662841797,-50.57930374145508,,0.1090034544467926,0.0010315472027286887,0.10487020760774612,0.029714133590459824
rosenbrock,1.9287498479639178e-22,2,cholesky,5,exact_marginalization,8192,0.02,1000,3,rosenbrock,828,0.01447296142578125,-50.57741928100586,,0.08731336891651154,0.001922602765262127,0.061047155410051346,0.06239529326558113
rosenbrock,1.9287498479639178e-22,2,cholesky,5,exact_marginalization,8192,0.02,1000,3,rosenbrock,829,0.014418840408325195,-50.568504333496094,,0.05866619944572449,0.0028756563551723957,0.04346277564764023,0.0392993688583374
rosenbrock,1.9287498479639178e-22,2,cholesky,5,exact_marginalization,8192,0.02,1000,3,rosenbrock,830,0.01491689682006836,-50.574920654296875,,0.06383539736270905,0.004007356707006693,0.04681161791086197,0.04321540892124176
rosenbrock,1.9287498479639178e-22,2,cholesky,5,exact_marginalization,8192,0.02,1000,3,rosenbrock,831,0.01448202133178711,-50.574283599853516,,0.08513512462377548,0.0033372959587723017,0.060951679944992065,0.05934428796172142
rosenbrock,1.9287498479639178e-22,2,cholesky,5,exact_marginalization,8192,0.02,1000,3,rosenbrock,832,0.014352798461914062,-50.575984954833984,,0.1014351025223732,0.003877658396959305,0.05038158968091011,0.08795306086540222
rosenbrock,1.9287498479639178e-22,2,cholesky,5,exact_marginalization,8192,0.02,1000,3,rosenbrock,833,0.014650106430053711,-50.58066177368164,,0.07467003911733627,0.0034971940331161022,0.06322996318340302,0.0395645797252655
rosenbrock,1.9287498479639178e-22,2,cholesky,5,exact_marginalization,8192,0.02,1000,3,rosenbrock,834,0.014329195022583008,-50.57741165161133,,0.11552031338214874,0.00391922052949667,0.09560129791498184,0.06473000347614288
rosenbrock,1.9287498479639178e-22,2,cholesky,5,exact_marginalization,8192,0.02,1000,3,rosenbrock,835,0.014287710189819336,-50.574039459228516,,0.08675796538591385,0.0025760403368622065,0.06826958060264587,0.053474970161914825
rosenbrock,1.9287498479639178e-22,2,cholesky,5,exact_marginalization,8192,0.02,1000,3,rosenbrock,836,0.014286041259765625,-50.57794189453125,,0.07803525775671005,0.004220559727400541,0.063636414706707,0.04496772214770317
rosenbrock,1.9287498479639178e-22,2,cholesky,5,exact_marginalization,8192,0.02,1000,3,rosenbrock,837,0.014297008514404297,-50.57412338256836,,0.08365931361913681,0.0018780978862196207,0.07762482762336731,0.031140627339482307
rosenbrock,1.9287498479639178e-22,2,cholesky,5,exact_marginalization,8192,0.02,1000,3,rosenbrock,838,0.014254093170166016,-50.57533645629883,,0.08253568410873413,0.002242140704765916,0.06550886482000351,0.05015676096081734
rosenbrock,1.9287498479639178e-22,2,cholesky,5,exact_marginalization,8192,0.02,1000,3,rosenbrock,839,0.014508962631225586,-50.57377243041992,,0.05566105991601944,0.001887053600512445,0.04061284288764,0.03801565244793892
rosenbrock,1.9287498479639178e-22,2,cholesky,5,exact_marginalization,8192,0.02,1000,3,rosenbrock,840,0.014629125595092773,-50.57566833496094,,0.08832783252000809,0.0029436186887323856,0.0689098984003067,0.05517759174108505
rosenbrock,1.9287498479639178e-22,2,cholesky,5,exact_marginalization,8192,0.02,1000,3,rosenbrock,841,0.014761924743652344,-50.57585525512695,,0.10958343744277954,0.0017056612996384501,0.05108967423439026,0.09693020582199097
rosenbrock,1.9287498479639178e-22,2,cholesky,5,exact_marginalization,8192,0.02,1000,3,rosenbrock,842,0.014499902725219727,-50.576385498046875,,0.11304353177547455,0.002483797026798129,0.0963367149233818,0.05909237265586853
rosenbrock,1.9287498479639178e-22,2,cholesky,5,exact_marginalization,8192,0.02,1000,3,rosenbrock,843,0.016451120376586914,-50.572227478027344,,0.11897949874401093,0.001476539415307343,0.10339415818452835,0.05885227024555206
rosenbrock,1.9287498479639178e-22,2,cholesky,5,exact_marginalization,8192,0.02,1000,3,rosenbrock,844,0.01733684539794922,-50.578704833984375,,0.0644906759262085,0.001901704352349043,0.03874337300658226,0.051520686596632004
rosenbrock,1.9287498479639178e-22,2,cholesky,5,exact_marginalization,8192,0.02,1000,3,rosenbrock,845,0.016374826431274414,-50.573143005371094,,0.06314778327941895,0.0029709895607084036,0.05195167288184166,0.035774845629930496
rosenbrock,1.9287498479639178e-22,2,cholesky,5,exact_marginalization,8192,0.02,1000,3,rosenbrock,846,0.016820192337036133,-50.57432556152344,,0.0969184935092926,0.0029246399644762278,0.09057006239891052,0.03437592089176178
rosenbrock,1.9287498479639178e-22,2,cholesky,5,exact_marginalization,8192,0.02,1000,3,rosenbrock,847,0.01823735237121582,-50.57801055908203,,0.13637499511241913,0.0016746516339480877,0.1279926747083664,0.047044750303030014
rosenbrock,1.9287498479639178e-22,2,cholesky,5,exact_marginalization,8192,0.02,1000,3,rosenbrock,848,0.017028093338012695,-50.571044921875,,0.16627942025661469,0.0022245885338634253,0.15360920131206512,0.06362473964691162
rosenbrock,1.9287498479639178e-22,2,cholesky,5,exact_marginalization,8192,0.02,1000,3,rosenbrock,849,0.019992828369140625,-50.571319580078125,,0.08175626397132874,0.003057975322008133,0.06640058755874634,0.04759933799505234
rosenbrock,1.9287498479639178e-22,2,cholesky,5,exact_marginalization,8192,0.02,1000,3,rosenbrock,850,0.016183137893676758,-50.57058334350586,,0.05940892919898033,0.0023078969679772854,0.050353340804576874,0.03144257888197899
rosenbrock,1.9287498479639178e-22,2,cholesky,5,exact_marginalization,8192,0.02,1000,3,rosenbrock,851,0.016541004180908203,-50.57627868652344,,0.06535788625478745,0.0030391872860491276,0.05127253383398056,0.04041711241006851
rosenbrock,1.9287498479639178e-22,2,cholesky,5,exact_marginalization,8192,0.02,1000,3,rosenbrock,852,0.01658010482788086,-50.57188415527344,,0.144121915102005,0.0028065915685147047,0.13898321986198425,0.03803825378417969
rosenbrock,1.9287498479639178e-22,2,cholesky,5,exact_marginalization,8192,0.02,1000,3,rosenbrock,853,0.015735149383544922,-50.572452545166016,,0.2112884372472763,0.002155750524252653,0.20287974178791046,0.05897427350282669
rosenbrock,1.9287498479639178e-22,2,cholesky,5,exact_marginalization,8192,0.02,1000,3,rosenbrock,854,0.016839265823364258,-50.576698303222656,,0.08687131851911545,0.001700898981653154,0.06847763061523438,0.05342797189950943
rosenbrock,1.9287498479639178e-22,2,cholesky,5,exact_marginalization,8192,0.02,1000,3,rosenbrock,855,0.017026185989379883,-50.574642181396484,,0.07283437997102737,0.0032572317868471146,0.0628572404384613,0.036649756133556366
rosenbrock,1.9287498479639178e-22,2,cholesky,5,exact_marginalization,8192,0.02,1000,3,rosenbrock,856,0.015955209732055664,-50.577659606933594,,0.07625064998865128,0.0047783381305634975,0.05712158977985382,0.05028372257947922
rosenbrock,1.9287498479639178e-22,2,cholesky,5,exact_marginalization,8192,0.02,1000,3,rosenbrock,857,0.017766952514648438,-50.5753288269043,,0.07974407076835632,0.001822828664444387,0.05882219225168228,0.05381212383508682
rosenbrock,1.9287498479639178e-22,2,cholesky,5,exact_marginalization,8192,0.02,1000,3,rosenbrock,858,0.017668962478637695,-50.57142639160156,,0.12361855804920197,0.0021668169647455215,0.10572296380996704,0.06402740627527237
rosenbrock,1.9287498479639178e-22,2,cholesky,5,exact_marginalization,8192,0.02,1000,3,rosenbrock,859,0.017016887664794922,-50.573482513427734,,0.16390101611614227,0.00328113604336977,0.15477053821086884,0.05384102091193199
rosenbrock,1.9287498479639178e-22,2,cholesky,5,exact_marginalization,8192,0.02,1000,3,rosenbrock,860,0.014923095703125,-50.575374603271484,,0.17817793786525726,0.00366850383579731,0.1687222272157669,0.0571553111076355
rosenbrock,1.9287498479639178e-22,2,cholesky,5,exact_marginalization,8192,0.02,1000,3,rosenbrock,861,0.015681028366088867,-50.57170486450195,,0.1088951826095581,0.0043837823905050755,0.09969966113567352,0.04357659071683884
rosenbrock,1.9287498479639178e-22,2,cholesky,5,exact_marginalization,8192,0.02,1000,3,rosenbrock,862,0.016454219818115234,-50.57255935668945,,0.12299784272909164,0.0028177807107567787,0.08798439800739288,0.08590270578861237
rosenbrock,1.9287498479639178e-22,2,cholesky,5,exact_marginalization,8192,0.02,1000,3,rosenbrock,863,0.017576932907104492,-50.57415008544922,,0.10477712750434875,0.0016573492903262377,0.07314737886190414,0.07499973475933075
rosenbrock,1.9287498479639178e-22,2,cholesky,5,exact_marginalization,8192,0.02,1000,3,rosenbrock,864,0.016772031784057617,-50.5759391784668,,0.09052599966526031,0.003054659580811858,0.0645802840590477,0.06336412578821182
rosenbrock,1.9287498479639178e-22,2,cholesky,5,exact_marginalization,8192,0.02,1000,3,rosenbrock,865,0.016433238983154297,-50.57892990112305,,0.17261512577533722,0.0025630523450672626,0.15777313709259033,0.06997891515493393
rosenbrock,1.9287498479639178e-22,2,cholesky,5,exact_marginalization,8192,0.02,1000,3,rosenbrock,866,0.015407085418701172,-50.574214935302734,,0.1860058456659317,0.0023814793676137924,0.17561841011047363,0.061242762953042984
rosenbrock,1.9287498479639178e-22,2,cholesky,5,exact_marginalization,8192,0.02,1000,3,rosenbrock,867,0.015123128890991211,-50.57242965698242,,0.12785016000270844,0.0021353119518607855,0.1191268265247345,0.046367060393095016
rosenbrock,1.9287498479639178e-22,2,cholesky,5,exact_marginalization,8192,0.02,1000,3,rosenbrock,868,0.016180038452148438,-50.568626403808594,,0.06989522278308868,0.0020634925458580256,0.05104883387684822,0.047698020935058594
rosenbrock,1.9287498479639178e-22,2,cholesky,5,exact_marginalization,8192,0.02,1000,3,rosenbrock,869,0.016101837158203125,-50.572471618652344,,0.055947549641132355,0.0008318817126564682,0.0395813062787056,0.03953171148896217
rosenbrock,1.9287498479639178e-22,2,cholesky,5,exact_marginalization,8192,0.02,1000,3,rosenbrock,870,0.014986991882324219,-50.573158264160156,,0.07369710505008698,0.0009891614317893982,0.06352201849222183,0.037352874875068665
rosenbrock,1.9287498479639178e-22,2,cholesky,5,exact_marginalization,8192,0.02,1000,3,rosenbrock,871,0.016288042068481445,-50.57383728027344,,0.08967683464288712,0.0021469760686159134,0.0654372051358223,0.06128048151731491
rosenbrock,1.9287498479639178e-22,2,cholesky,5,exact_marginalization,8192,0.02,1000,3,rosenbrock,872,0.015922069549560547,-50.569976806640625,,0.07825500518083572,0.0026454166509211063,0.06941524147987366,0.03603295609354973
rosenbrock,1.9287498479639178e-22,2,cholesky,5,exact_marginalization,8192,0.02,1000,3,rosenbrock,873,0.015987873077392578,-50.572471618652344,,0.1252901405096054,0.0037965208757668734,0.11327140778303146,0.05341154709458351
rosenbrock,1.9287498479639178e-22,2,cholesky,5,exact_marginalization,8192,0.02,1000,3,rosenbrock,874,0.015825271606445312,-50.57965850830078,,0.14454436302185059,0.003989737015217543,0.13561703264713287,0.049851514399051666
rosenbrock,1.9287498479639178e-22,2,cholesky,5,exact_marginalization,8192,0.02,1000,3,rosenbrock,875,0.014780998229980469,-50.57703399658203,,0.1507565677165985,0.0021283598616719246,0.12363307178020477,0.08624313026666641
rosenbrock,1.9287498479639178e-22,2,cholesky,5,exact_marginalization,8192,0.02,1000,3,rosenbrock,876,0.014557838439941406,-50.57587432861328,,0.10522115230560303,0.003750805975869298,0.09428809583187103,0.046552930027246475
rosenbrock,1.9287498479639178e-22,2,cholesky,5,exact_marginalization,8192,0.02,1000,3,rosenbrock,877,0.014493227005004883,-50.56964111328125,,0.0718701109290123,0.0025760780554264784,0.03654460608959198,0.06183178350329399
rosenbrock,1.9287498479639178e-22,2,cholesky,5,exact_marginalization,8192,0.02,1000,3,rosenbrock,878,0.014462947845458984,-50.570518493652344,,0.11663927882909775,0.0021717832423746586,0.1139957383275032,0.024596279487013817
rosenbrock,1.9287498479639178e-22,2,cholesky,5,exact_marginalization,8192,0.02,1000,3,rosenbrock,879,0.015372037887573242,-50.57408142089844,,0.09006114304065704,0.0026407039258629084,0.08397489041090012,0.03243847191333771
rosenbrock,1.9287498479639178e-22,2,cholesky,5,exact_marginalization,8192,0.02,1000,3,rosenbrock,880,0.015331268310546875,-50.58115768432617,,0.0985487550497055,0.005473727826029062,0.08130647987127304,0.0554179884493351
rosenbrock,1.9287498479639178e-22,2,cholesky,5,exact_marginalization,8192,0.02,1000,3,rosenbrock,881,0.014777898788452148,-50.57566833496094,,0.11970962584018707,0.003157123224809766,0.11262757331132889,0.04044078290462494
rosenbrock,1.9287498479639178e-22,2,cholesky,5,exact_marginalization,8192,0.02,1000,3,rosenbrock,882,0.014738082885742188,-50.56965637207031,,0.07772546261548996,0.002106659347191453,0.07251078635454178,0.027910485863685608
rosenbrock,1.9287498479639178e-22,2,cholesky,5,exact_marginalization,8192,0.02,1000,3,rosenbrock,883,0.014723777770996094,-50.575408935546875,,0.1121680736541748,0.0018838143441826105,0.10572989284992218,0.03740745410323143
rosenbrock,1.9287498479639178e-22,2,cholesky,5,exact_marginalization,8192,0.02,1000,3,rosenbrock,884,0.014677047729492188,-50.57863235473633,,0.10125399380922318,0.0038447834085673094,0.06669961661100388,0.07608383893966675
rosenbrock,1.9287498479639178e-22,2,cholesky,5,exact_marginalization,8192,0.02,1000,3,rosenbrock,885,0.01479792594909668,-50.5760383605957,,0.12877559661865234,0.0015025746542960405,0.11157127469778061,0.06428644061088562
rosenbrock,1.9287498479639178e-22,2,cholesky,5,exact_marginalization,8192,0.02,1000,3,rosenbrock,886,0.015127897262573242,-50.57449722290039,,0.09180591255426407,0.0030227412935346365,0.07638587802648544,0.050836868584156036
rosenbrock,1.9287498479639178e-22,2,cholesky,5,exact_marginalization,8192,0.02,1000,3,rosenbrock,887,0.014790058135986328,-50.576805114746094,,0.20780058205127716,0.0030005245935171843,0.19807378947734833,0.06276027858257294
rosenbrock,1.9287498479639178e-22,2,cholesky,5,exact_marginalization,8192,0.02,1000,3,rosenbrock,888,0.017396926879882812,-50.57429504394531,,0.1211521327495575,0.0033452261704951525,0.11227340996265411,0.045401863753795624
rosenbrock,1.9287498479639178e-22,2,cholesky,5,exact_marginalization,8192,0.02,1000,3,rosenbrock,889,0.017173051834106445,-50.57196807861328,,0.12771782279014587,0.001248260959982872,0.11818479746580124,0.048400793224573135
rosenbrock,1.9287498479639178e-22,2,cholesky,5,exact_marginalization,8192,0.02,1000,3,rosenbrock,890,0.0169069766998291,-50.573551177978516,,0.08014389127492905,0.001916644861921668,0.06950422376394272,0.039856404066085815
rosenbrock,1.9287498479639178e-22,2,cholesky,5,exact_marginalization,8192,0.02,1000,3,rosenbrock,891,0.01605677604675293,-50.57362747192383,,0.10094640403985977,0.001933807390742004,0.08728505671024323,0.05067303404211998
rosenbrock,1.9287498479639178e-22,2,cholesky,5,exact_marginalization,8192,0.02,1000,3,rosenbrock,892,0.018336772918701172,-50.57536315917969,,0.0776456966996193,0.00450598169118166,0.04911482334136963,0.05996902659535408
rosenbrock,1.9287498479639178e-22,2,cholesky,5,exact_marginalization,8192,0.02,1000,3,rosenbrock,893,0.016652822494506836,-50.57528305053711,,0.09126181900501251,0.001463747350499034,0.07403823733329773,0.05333775281906128
rosenbrock,1.9287498479639178e-22,2,cholesky,5,exact_marginalization,8192,0.02,1000,3,rosenbrock,894,0.016988039016723633,-50.57262420654297,,0.10478068143129349,0.0023042538668960333,0.10060124844312668,0.029207386076450348
rosenbrock,1.9287498479639178e-22,2,cholesky,5,exact_marginalization,8192,0.02,1000,3,rosenbrock,895,0.016141891479492188,-50.573490142822266,,0.12683045864105225,0.0011623125756159425,0.12152162939310074,0.03629197180271149
rosenbrock,1.9287498479639178e-22,2,cholesky,5,exact_marginalization,8192,0.02,1000,3,rosenbrock,896,0.015797138214111328,-50.577388763427734,,0.08369015157222748,0.0015650031855329871,0.0724916160106659,0.04179183766245842
rosenbrock,1.9287498479639178e-22,2,cholesky,5,exact_marginalization,8192,0.02,1000,3,rosenbrock,897,0.016541004180908203,-50.5728874206543,,0.11286080628633499,0.00375939067453146,0.1078207790851593,0.03313774615526199
rosenbrock,1.9287498479639178e-22,2,cholesky,5,exact_marginalization,8192,0.02,1000,3,rosenbrock,898,0.016077041625976562,-50.57320022583008,,0.07939988374710083,0.0023097239900380373,0.06614059954881668,0.0438682995736599
rosenbrock,1.9287498479639178e-22,2,cholesky,5,exact_marginalization,8192,0.02,1000,3,rosenbrock,899,0.015523195266723633,-50.57191467285156,,0.15842550992965698,0.0029495221097022295,0.14734093844890594,0.05814283713698387
rosenbrock,1.9287498479639178e-22,2,cholesky,5,exact_marginalization,8192,0.02,1000,3,rosenbrock,900,0.05297517776489258,-50.572959899902344,,0.11599239706993103,0.0011930407490581274,0.07258981466293335,0.09046288579702377
rosenbrock,1.9287498479639178e-22,2,cholesky,5,exact_marginalization,8192,0.02,1000,3,rosenbrock,901,0.01548004150390625,-50.577964782714844,,0.08271929621696472,0.002173192333430052,0.06061165779829025,0.05624932423233986
rosenbrock,1.9287498479639178e-22,2,cholesky,5,exact_marginalization,8192,0.02,1000,3,rosenbrock,902,0.014647722244262695,-50.57329559326172,,0.08221203833818436,0.0023916843347251415,0.07606653869152069,0.031096316874027252
rosenbrock,1.9287498479639178e-22,2,cholesky,5,exact_marginalization,8192,0.02,1000,3,rosenbrock,903,0.014683961868286133,-50.5741081237793,,0.15322540700435638,0.002612101612612605,0.1407538652420044,0.06049417704343796
rosenbrock,1.9287498479639178e-22,2,cholesky,5,exact_marginalization,8192,0.02,1000,3,rosenbrock,904,0.014633893966674805,-50.56969451904297,,0.14979518949985504,0.004135713446885347,0.12098491191864014,0.08822780102491379
rosenbrock,1.9287498479639178e-22,2,cholesky,5,exact_marginalization,8192,0.02,1000,3,rosenbrock,905,0.014653921127319336,-50.57109451293945,,0.09279482811689377,0.005397489294409752,0.08231449127197266,0.042497918009757996
rosenbrock,1.9287498479639178e-22,2,cholesky,5,exact_marginalization,8192,0.02,1000,3,rosenbrock,906,0.014667987823486328,-50.57715606689453,,0.07819654047489166,0.0020606585312634706,0.07615377753973007,0.017636742442846298
rosenbrock,1.9287498479639178e-22,2,cholesky,5,exact_marginalization,8192,0.02,1000,3,rosenbrock,907,0.014574050903320312,-50.572166442871094,,0.1386168897151947,0.0038096229545772076,0.13137368857860565,0.04405771195888519
rosenbrock,1.9287498479639178e-22,2,cholesky,5,exact_marginalization,8192,0.02,1000,3,rosenbrock,908,0.014590024948120117,-50.572608947753906,,0.07813534140586853,0.0010572640458121896,0.06725969165563583,0.03975106403231621
rosenbrock,1.9287498479639178e-22,2,cholesky,5,exact_marginalization,8192,0.02,1000,3,rosenbrock,909,0.014703035354614258,-50.57304382324219,,0.09803470969200134,0.002405212726444006,0.08288239687681198,0.05230225995182991
rosenbrock,1.9287498479639178e-22,2,cholesky,5,exact_marginalization,8192,0.02,1000,3,rosenbrock,910,0.014560937881469727,-50.572147369384766,,0.09375081211328506,0.0036317785270512104,0.07146798819303513,0.060566920787096024
rosenbrock,1.9287498479639178e-22,2,cholesky,5,exact_marginalization,8192,0.02,1000,3,rosenbrock,911,0.014747142791748047,-50.571598052978516,,0.08082341402769089,0.002494238782674074,0.05823623389005661,0.05598878860473633
rosenbrock,1.9287498479639178e-22,2,cholesky,5,exact_marginalization,8192,0.02,1000,3,rosenbrock,912,0.014605045318603516,-50.570430755615234,,0.10225321352481842,0.0031135932076722383,0.09505423903465271,0.03755953907966614
rosenbrock,1.9287498479639178e-22,2,cholesky,5,exact_marginalization,8192,0.02,1000,3,rosenbrock,913,0.01456594467163086,-50.573265075683594,,0.07965490967035294,0.0028206289280205965,0.06387841701507568,0.047502607107162476
rosenbrock,1.9287498479639178e-22,2,cholesky,5,exact_marginalization,8192,0.02,1000,3,rosenbrock,914,0.014588356018066406,-50.57179641723633,,0.05710100755095482,0.002262042136862874,0.04167310521006584,0.038971275091171265
rosenbrock,1.9287498479639178e-22,2,cholesky,5,exact_marginalization,8192,0.02,1000,3,rosenbrock,915,0.014505147933959961,-50.570716857910156,,0.10859277099370956,0.0029526124708354473,0.0801292359828949,0.07323234528303146
rosenbrock,1.9287498479639178e-22,2,cholesky,5,exact_marginalization,8192,0.02,1000,3,rosenbrock,916,0.01455998420715332,-50.5733528137207,,0.13134287297725677,0.0028004886116832495,0.08558215200901031,0.09959316998720169
rosenbrock,1.9287498479639178e-22,2,cholesky,5,exact_marginalization,8192,0.02,1000,3,rosenbrock,917,0.014573812484741211,-50.57346725463867,,0.10686317086219788,0.002309104660525918,0.09639179706573486,0.04607632756233215
rosenbrock,1.9287498479639178e-22,2,cholesky,5,exact_marginalization,8192,0.02,1000,3,rosenbrock,918,0.014501333236694336,-50.56935501098633,,0.06331966072320938,0.001863814308308065,0.05089361593127251,0.03762638568878174
rosenbrock,1.9287498479639178e-22,2,cholesky,5,exact_marginalization,8192,0.02,1000,3,rosenbrock,919,0.014578104019165039,-50.574703216552734,,0.07202953100204468,0.002741478383541107,0.06536433845758438,0.030137039721012115
rosenbrock,1.9287498479639178e-22,2,cholesky,5,exact_marginalization,8192,0.02,1000,3,rosenbrock,920,0.014490842819213867,-50.56987762451172,,0.18773819506168365,0.0007816676516085863,0.18153482675552368,0.04785523936152458
rosenbrock,1.9287498479639178e-22,2,cholesky,5,exact_marginalization,8192,0.02,1000,3,rosenbrock,921,0.014449357986450195,-50.57052230834961,,0.09965864568948746,0.0012971704127267003,0.07712455093860626,0.06310281157493591
rosenbrock,1.9287498479639178e-22,2,cholesky,5,exact_marginalization,8192,0.02,1000,3,rosenbrock,922,0.014593124389648438,-50.57410430908203,,0.12853968143463135,0.001975919120013714,0.12271748483181,0.03819642961025238
rosenbrock,1.9287498479639178e-22,2,cholesky,5,exact_marginalization,8192,0.02,1000,3,rosenbrock,923,0.014654159545898438,-50.569026947021484,,0.1259727030992508,0.002530638827010989,0.11609780788421631,0.04882638528943062
rosenbrock,1.9287498479639178e-22,2,cholesky,5,exact_marginalization,8192,0.02,1000,3,rosenbrock,924,0.014319896697998047,-50.5770378112793,,0.06579221040010452,0.0022246798034757376,0.04320047050714493,0.04957202076911926
rosenbrock,1.9287498479639178e-22,2,cholesky,5,exact_marginalization,8192,0.02,1000,3,rosenbrock,925,0.015162229537963867,-50.57374954223633,,0.10342956334352493,0.0029055364429950714,0.09332916885614395,0.04448482021689415
rosenbrock,1.9287498479639178e-22,2,cholesky,5,exact_marginalization,8192,0.02,1000,3,rosenbrock,926,0.015590906143188477,-50.572021484375,,0.07923581451177597,0.004471999127417803,0.04950583726167679,0.0617048405110836
rosenbrock,1.9287498479639178e-22,2,cholesky,5,exact_marginalization,8192,0.02,1000,3,rosenbrock,927,0.016644954681396484,-50.57392120361328,,0.1256450116634369,0.003655059961602092,0.07375499606132507,0.10165386646986008
rosenbrock,1.9287498479639178e-22,2,cholesky,5,exact_marginalization,8192,0.02,1000,3,rosenbrock,928,0.01643991470336914,-50.567623138427734,,0.0912182480096817,0.0022061720956116915,0.07651322335004807,0.0496148057281971
rosenbrock,1.9287498479639178e-22,2,cholesky,5,exact_marginalization,8192,0.02,1000,3,rosenbrock,929,0.01772904396057129,-50.569786071777344,,0.1343579888343811,0.003719476517289877,0.12275119125843048,0.054501183331012726
rosenbrock,1.9287498479639178e-22,2,cholesky,5,exact_marginalization,8192,0.02,1000,3,rosenbrock,930,0.01695108413696289,-50.569847106933594,,0.1208440437912941,0.002720838412642479,0.108597531914711,0.052938226610422134
rosenbrock,1.9287498479639178e-22,2,cholesky,5,exact_marginalization,8192,0.02,1000,3,rosenbrock,931,0.019277095794677734,-50.573089599609375,,0.11877723783254623,0.0018551679095253348,0.10289695858955383,0.059302669018507004
rosenbrock,1.9287498479639178e-22,2,cholesky,5,exact_marginalization,8192,0.02,1000,3,rosenbrock,932,0.01948404312133789,-50.573097229003906,,0.07646659016609192,0.0010526558617129922,0.061541393399238586,0.04537276178598404
rosenbrock,1.9287498479639178e-22,2,cholesky,5,exact_marginalization,8192,0.02,1000,3,rosenbrock,933,0.017308950424194336,-50.56897735595703,,0.08435997366905212,0.001094711828045547,0.07387707382440567,0.04071344807744026
rosenbrock,1.9287498479639178e-22,2,cholesky,5,exact_marginalization,8192,0.02,1000,3,rosenbrock,934,0.018024921417236328,-50.57334899902344,,0.10539741069078445,0.0026863222010433674,0.05890529230237007,0.08735883235931396
rosenbrock,1.9287498479639178e-22,2,cholesky,5,exact_marginalization,8192,0.02,1000,3,rosenbrock,935,0.017485857009887695,-50.5711555480957,,0.10749579221010208,0.002952459966763854,0.09373333305120468,0.05254228413105011
rosenbrock,1.9287498479639178e-22,2,cholesky,5,exact_marginalization,8192,0.02,1000,3,rosenbrock,936,0.017598867416381836,-50.573360443115234,,0.09824400395154953,0.0038570603355765343,0.09547892212867737,0.02282066084444523
rosenbrock,1.9287498479639178e-22,2,cholesky,5,exact_marginalization,8192,0.02,1000,3,rosenbrock,937,0.017493247985839844,-50.57389831542969,,0.0740036740899086,0.0021830559708178043,0.06218418851494789,0.040061257779598236
rosenbrock,1.9287498479639178e-22,2,cholesky,5,exact_marginalization,8192,0.02,1000,3,rosenbrock,938,0.01567816734313965,-50.574073791503906,,0.09383585304021835,0.0034726348239928484,0.07469646632671356,0.056688133627176285
rosenbrock,1.9287498479639178e-22,2,cholesky,5,exact_marginalization,8192,0.02,1000,3,rosenbrock,939,0.016516923904418945,-50.57208251953125,,0.12100795656442642,0.00230910605750978,0.11217925697565079,0.04531455785036087
rosenbrock,1.9287498479639178e-22,2,cholesky,5,exact_marginalization,8192,0.02,1000,3,rosenbrock,940,0.014806985855102539,-50.574729919433594,,0.09458494931459427,0.004396883770823479,0.08222342282533646,0.046543415635824203
rosenbrock,1.9287498479639178e-22,2,cholesky,5,exact_marginalization,8192,0.02,1000,3,rosenbrock,941,0.016029834747314453,-50.57405471801758,,0.08305700123310089,0.0014798457268625498,0.045296747237443924,0.06960230320692062
rosenbrock,1.9287498479639178e-22,2,cholesky,5,exact_marginalization,8192,0.02,1000,3,rosenbrock,942,0.015796899795532227,-50.569244384765625,,0.06741693615913391,0.0037228893488645554,0.04814467951655388,0.047045446932315826
rosenbrock,1.9287498479639178e-22,2,cholesky,5,exact_marginalization,8192,0.02,1000,3,rosenbrock,943,0.016115903854370117,-50.570430755615234,,0.09846971929073334,0.0040315184742212296,0.07824485003948212,0.0596470981836319
rosenbrock,1.9287498479639178e-22,2,cholesky,5,exact_marginalization,8192,0.02,1000,3,rosenbrock,944,0.015590906143188477,-50.57068634033203,,0.10001667588949203,0.004499932751059532,0.07763511687517166,0.0628957450389862
rosenbrock,1.9287498479639178e-22,2,cholesky,5,exact_marginalization,8192,0.02,1000,3,rosenbrock,945,0.015861034393310547,-50.57379913330078,,0.07129689306020737,0.002199622103944421,0.0461735874414444,0.054280832409858704
rosenbrock,1.9287498479639178e-22,2,cholesky,5,exact_marginalization,8192,0.02,1000,3,rosenbrock,946,0.014986991882324219,-50.57184600830078,,0.08060088008642197,0.0030217384919524193,0.06890708953142166,0.04170350730419159
rosenbrock,1.9287498479639178e-22,2,cholesky,5,exact_marginalization,8192,0.02,1000,3,rosenbrock,947,0.015513181686401367,-50.579566955566406,,0.0799315944314003,0.0011505670845508575,0.061781249940395355,0.05070318654179573
rosenbrock,1.9287498479639178e-22,2,cholesky,5,exact_marginalization,8192,0.02,1000,3,rosenbrock,948,0.015338659286499023,-50.5748176574707,,0.105490542948246,0.003754747100174427,0.05703533813357353,0.08866298943758011
rosenbrock,1.9287498479639178e-22,2,cholesky,5,exact_marginalization,8192,0.02,1000,3,rosenbrock,949,0.015891075134277344,-50.570770263671875,,0.10130301117897034,0.0028861642349511385,0.0928117111325264,0.04049636051058769
rosenbrock,1.9287498479639178e-22,2,cholesky,5,exact_marginalization,8192,0.02,1000,3,rosenbrock,950,0.014903068542480469,-50.571163177490234,,0.08465435355901718,0.0013813800178468227,0.07638771831989288,0.036460503935813904
rosenbrock,1.9287498479639178e-22,2,cholesky,5,exact_marginalization,8192,0.02,1000,3,rosenbrock,951,0.022653818130493164,-50.572235107421875,,0.09604252129793167,0.0021828170865774155,0.08049342036247253,0.052347034215927124
rosenbrock,1.9287498479639178e-22,2,cholesky,5,exact_marginalization,8192,0.02,1000,3,rosenbrock,952,0.02207207679748535,-50.57128143310547,,0.08048048615455627,0.0014039576053619385,0.07473452389240265,0.029830997809767723
rosenbrock,1.9287498479639178e-22,2,cholesky,5,exact_marginalization,8192,0.02,1000,3,rosenbrock,953,0.024795055389404297,-50.57261657714844,,0.07192857563495636,0.0028990216087549925,0.0611954927444458,0.03768855705857277
rosenbrock,1.9287498479639178e-22,2,cholesky,5,exact_marginalization,8192,0.02,1000,3,rosenbrock,954,0.02275705337524414,-50.57374572753906,,0.08223792165517807,0.003098447108641267,0.042434144765138626,0.07037626951932907
rosenbrock,1.9287498479639178e-22,2,cholesky,5,exact_marginalization,8192,0.02,1000,3,rosenbrock,955,0.025937795639038086,-50.570709228515625,,0.07553727179765701,0.0011191049125045538,0.05579477176070213,0.05090747028589249
rosenbrock,1.9287498479639178e-22,2,cholesky,5,exact_marginalization,8192,0.02,1000,3,rosenbrock,956,0.017925024032592773,-50.5718879699707,,0.0996255949139595,0.0019933111034333706,0.0797419473528862,0.05968674272298813
rosenbrock,1.9287498479639178e-22,2,cholesky,5,exact_marginalization,8192,0.02,1000,3,rosenbrock,957,0.021551847457885742,-50.57441329956055,,0.09644200652837753,0.003703599562868476,0.08686905354261398,0.04172663018107414
rosenbrock,1.9287498479639178e-22,2,cholesky,5,exact_marginalization,8192,0.02,1000,3,rosenbrock,958,0.020405054092407227,-50.57142639160156,,0.10117539763450623,0.003688012482598424,0.0889444351196289,0.048080623149871826
rosenbrock,1.9287498479639178e-22,2,cholesky,5,exact_marginalization,8192,0.02,1000,3,rosenbrock,959,0.03336381912231445,-50.57448959350586,,0.11022686213254929,0.0014205577317625284,0.0979674682021141,0.05050068721175194
rosenbrock,1.9287498479639178e-22,2,cholesky,5,exact_marginalization,8192,0.02,1000,3,rosenbrock,960,0.024362802505493164,-50.569644927978516,,0.06014605984091759,0.00468149408698082,0.04103032499551773,0.04372807964682579
rosenbrock,1.9287498479639178e-22,2,cholesky,5,exact_marginalization,8192,0.02,1000,3,rosenbrock,961,0.014918088912963867,-50.57447052001953,,0.07051994651556015,0.0027631805278360844,0.06489512324333191,0.027459995821118355
rosenbrock,1.9287498479639178e-22,2,cholesky,5,exact_marginalization,8192,0.02,1000,3,rosenbrock,962,0.014782190322875977,-50.57034683227539,,0.09613365679979324,0.0025911591947078705,0.07187408953905106,0.06378935277462006
rosenbrock,1.9287498479639178e-22,2,cholesky,5,exact_marginalization,8192,0.02,1000,3,rosenbrock,963,0.0157778263092041,-50.57393264770508,,0.11499252915382385,0.0030659781768918037,0.10738803446292877,0.041008442640304565
rosenbrock,1.9287498479639178e-22,2,cholesky,5,exact_marginalization,8192,0.02,1000,3,rosenbrock,964,0.015447616577148438,-50.572078704833984,,0.07703367620706558,0.0016130580333992839,0.06991907209157944,0.03229409083724022
rosenbrock,1.9287498479639178e-22,2,cholesky,5,exact_marginalization,8192,0.02,1000,3,rosenbrock,965,0.014642953872680664,-50.570068359375,,0.068740613758564,0.003068217309191823,0.049468252807855606,0.0476313978433609
rosenbrock,1.9287498479639178e-22,2,cholesky,5,exact_marginalization,8192,0.02,1000,3,rosenbrock,966,0.01499485969543457,-50.575828552246094,,0.07309167832136154,0.0014375729952007532,0.033280160278081894,0.06505965441465378
rosenbrock,1.9287498479639178e-22,2,cholesky,5,exact_marginalization,8192,0.02,1000,3,rosenbrock,967,0.014301776885986328,-50.56450653076172,,0.12223615497350693,0.0024249639827758074,0.09977184981107712,0.07057884335517883
rosenbrock,1.9287498479639178e-22,2,cholesky,5,exact_marginalization,8192,0.02,1000,3,rosenbrock,968,0.014377832412719727,-50.57207489013672,,0.08472109586000443,0.00179871020372957,0.05359673872590065,0.06558825820684433
rosenbrock,1.9287498479639178e-22,2,cholesky,5,exact_marginalization,8192,0.02,1000,3,rosenbrock,969,0.014364004135131836,-50.568748474121094,,0.08601922541856766,0.0029711429961025715,0.08199959993362427,0.025817522779107094
rosenbrock,1.9287498479639178e-22,2,cholesky,5,exact_marginalization,8192,0.02,1000,3,rosenbrock,970,0.014855146408081055,-50.573272705078125,,0.11635538190603256,0.004293725360184908,0.10476651042699814,0.05043924227356911
rosenbrock,1.9287498479639178e-22,2,cholesky,5,exact_marginalization,8192,0.02,1000,3,rosenbrock,971,0.0143890380859375,-50.57115173339844,,0.08010348677635193,0.0031652862671762705,0.07000230997800827,0.038810133934020996
rosenbrock,1.9287498479639178e-22,2,cholesky,5,exact_marginalization,8192,0.02,1000,3,rosenbrock,972,0.014785051345825195,-50.57549285888672,,0.08462774753570557,0.0021944912150502205,0.06728998571634293,0.05127473175525665
rosenbrock,1.9287498479639178e-22,2,cholesky,5,exact_marginalization,8192,0.02,1000,3,rosenbrock,973,0.014224052429199219,-50.57453155517578,,0.08147621154785156,0.004467801656574011,0.062450140714645386,0.05213819816708565
rosenbrock,1.9287498479639178e-22,2,cholesky,5,exact_marginalization,8192,0.02,1000,3,rosenbrock,974,0.014162778854370117,-50.57121658325195,,0.16496014595031738,0.004397054202854633,0.15080614387989044,0.06670849770307541
rosenbrock,1.9287498479639178e-22,2,cholesky,5,exact_marginalization,8192,0.02,1000,3,rosenbrock,975,0.014089822769165039,-50.57441711425781,,0.063566654920578,0.0035965810529887676,0.05247253179550171,0.03569898381829262
rosenbrock,1.9287498479639178e-22,2,cholesky,5,exact_marginalization,8192,0.02,1000,3,rosenbrock,976,0.014117240905761719,-50.568641662597656,,0.11847542971372604,0.0012101850006729364,0.08383192867040634,0.08370885998010635
rosenbrock,1.9287498479639178e-22,2,cholesky,5,exact_marginalization,8192,0.02,1000,3,rosenbrock,977,0.014035940170288086,-50.566280364990234,,0.05159386619925499,0.003086656564846635,0.04029000550508499,0.03207981586456299
rosenbrock,1.9287498479639178e-22,2,cholesky,5,exact_marginalization,8192,0.02,1000,3,rosenbrock,978,0.014075279235839844,-50.575347900390625,,0.09509584307670593,0.005696790758520365,0.08506418764591217,0.04212896525859833
rosenbrock,1.9287498479639178e-22,2,cholesky,5,exact_marginalization,8192,0.02,1000,3,rosenbrock,979,0.01406097412109375,-50.56951904296875,,0.10593902319669724,0.0017863817047327757,0.08775530755519867,0.05932025983929634
rosenbrock,1.9287498479639178e-22,2,cholesky,5,exact_marginalization,8192,0.02,1000,3,rosenbrock,980,0.014539003372192383,-50.57145309448242,,0.1448363959789276,0.0015254323370754719,0.13498127460479736,0.05249108374118805
rosenbrock,1.9287498479639178e-22,2,cholesky,5,exact_marginalization,8192,0.02,1000,3,rosenbrock,981,0.014966011047363281,-50.56778335571289,,0.07455772906541824,0.002854772610589862,0.05410727113485336,0.05121627822518349
rosenbrock,1.9287498479639178e-22,2,cholesky,5,exact_marginalization,8192,0.02,1000,3,rosenbrock,982,0.014194250106811523,-50.57434844970703,,0.14256039261817932,0.0018032847438007593,0.12253575772047043,0.07283683866262436
rosenbrock,1.9287498479639178e-22,2,cholesky,5,exact_marginalization,8192,0.02,1000,3,rosenbrock,983,0.014156579971313477,-50.575958251953125,,0.06702560931444168,0.0027998429723083973,0.047275133430957794,0.04743052273988724
rosenbrock,1.9287498479639178e-22,2,cholesky,5,exact_marginalization,8192,0.02,1000,3,rosenbrock,984,0.014184236526489258,-50.572471618652344,,0.13685882091522217,0.0029956051148474216,0.11388970166444778,0.07583203166723251
rosenbrock,1.9287498479639178e-22,2,cholesky,5,exact_marginalization,8192,0.02,1000,3,rosenbrock,985,0.014092206954956055,-50.57244873046875,,0.11368408054113388,0.0011791251599788666,0.099053293466568,0.05577745661139488
rosenbrock,1.9287498479639178e-22,2,cholesky,5,exact_marginalization,8192,0.02,1000,3,rosenbrock,986,0.014122247695922852,-50.5717887878418,,0.08826271444559097,0.0035325908102095127,0.07875385135412216,0.039694566279649734
rosenbrock,1.9287498479639178e-22,2,cholesky,5,exact_marginalization,8192,0.02,1000,3,rosenbrock,987,0.014050722122192383,-50.57345962524414,,0.0737987533211708,0.001995289931073785,0.06628701090812683,0.03237755224108696
rosenbrock,1.9287498479639178e-22,2,cholesky,5,exact_marginalization,8192,0.02,1000,3,rosenbrock,988,0.014136075973510742,-50.57479476928711,,0.13196995854377747,0.00492772925645113,0.12191297113895416,0.05028929561376572
rosenbrock,1.9287498479639178e-22,2,cholesky,5,exact_marginalization,8192,0.02,1000,3,rosenbrock,989,0.014084100723266602,-50.571128845214844,,0.059725649654865265,0.0025554406456649303,0.035270143300294876,0.048131488263607025
rosenbrock,1.9287498479639178e-22,2,cholesky,5,exact_marginalization,8192,0.02,1000,3,rosenbrock,990,0.014043092727661133,-50.56593704223633,,0.0668223574757576,0.0013484146911650896,0.04592721909284592,0.048519060015678406
rosenbrock,1.9287498479639178e-22,2,cholesky,5,exact_marginalization,8192,0.02,1000,3,rosenbrock,991,0.014048099517822266,-50.56955337524414,,0.08103733509778976,0.0021324490662664175,0.04230749234557152,0.06908385455608368
rosenbrock,1.9287498479639178e-22,2,cholesky,5,exact_marginalization,8192,0.02,1000,3,rosenbrock,992,0.014107942581176758,-50.56924819946289,,0.08991443365812302,0.0010410178219899535,0.07019798457622528,0.056176189333200455
rosenbrock,1.9287498479639178e-22,2,cholesky,5,exact_marginalization,8192,0.02,1000,3,rosenbrock,993,0.014050722122192383,-50.57086181640625,,0.08370449393987656,0.0009643930825404823,0.07423165440559387,0.038667477667331696
rosenbrock,1.9287498479639178e-22,2,cholesky,5,exact_marginalization,8192,0.02,1000,3,rosenbrock,994,0.01403188705444336,-50.569007873535156,,0.08276011049747467,0.003116307780146599,0.06161697581410408,0.05516223609447479
rosenbrock,1.9287498479639178e-22,2,cholesky,5,exact_marginalization,8192,0.02,1000,3,rosenbrock,995,0.014003276824951172,-50.57231903076172,,0.07331458479166031,0.002829198492690921,0.06217065826058388,0.03875350207090378
rosenbrock,1.9287498479639178e-22,2,cholesky,5,exact_marginalization,8192,0.02,1000,3,rosenbrock,996,0.01404118537902832,-50.56852722167969,,0.07693597674369812,0.0024914529640227556,0.0726267546415329,0.025264443829655647
rosenbrock,1.9287498479639178e-22,2,cholesky,5,exact_marginalization,8192,0.02,1000,3,rosenbrock,997,0.014055013656616211,-50.56877136230469,,0.1261707842350006,0.0007558545330539346,0.1175985336303711,0.045706432312726974
rosenbrock,1.9287498479639178e-22,2,cholesky,5,exact_marginalization,8192,0.02,1000,3,rosenbrock,998,0.014023065567016602,-50.57206726074219,,0.08811933547258377,0.0023582044523209333,0.07791981846094131,0.04108477383852005
rosenbrock,1.9287498479639178e-22,2,cholesky,5,exact_marginalization,8192,0.02,1000,3,rosenbrock,999,0.013969898223876953,-50.570552825927734,,0.08607886731624603,0.0026355076115578413,0.07752774655818939,0.037310488522052765
