target,target_Z,dim,chart,components,estimator,mc,lr,n_steps,seed,tag,step,wall_s,elbo,elbo_std,temperature,grad_norm,grad_norm_w,grad_norm_a,grad_norm_A
rosenbrock,1.0,2,cholesky,5,gumbel_softmax,8192,0.02,1000,4,rosenbrock,0,0.022946596145629883,-3.687859296798706,7.270572662353516,1.0,4.292215824127197,0.8879830837249756,2.617868423461914,3.2834994792938232
rosenbrock,1.0,2,cholesky,5,gumbel_softmax,8192,0.02,1000,4,rosenbrock,1,0.007483959197998047,-3.069700241088867,5.88092565536499,0.9995,3.248319625854492,0.6531815528869629,1.957187533378601,2.508854389190674
rosenbrock,1.0,2,cholesky,5,gumbel_softmax,8192,0.02,1000,4,rosenbrock,2,0.006805896759033203,-2.6590332984924316,3.8976399898529053,0.9990002500000001,2.381211519241333,0.45821842551231384,1.438073754310608,1.8417786359786987
rosenbrock,1.0,2,cholesky,5,gumbel_softmax,8192,0.02,1000,4,rosenbrock,3,0.007010221481323242,-2.401890993118286,3.430509328842163,0.9985007498750001,1.98580801486969,0.3783332407474518,1.1499032974243164,1.5741726160049438
rosenbrock,1.0,2,cholesky,5,gumbel_softmax,8192,0.02,1000,4,rosenbrock,4,0.0070133209228515625,-2.197050094604492,3.001768112182617,0.9980014995000627,1.5341097116470337,0.22711755335330963,0.869244396686554,1.2435131072998047
rosenbrock,1.0,2,cholesky,5,gumbel_softmax,8192,0.02,1000,4,rosenbrock,5,0.006584644317626953,-2.0083725452423096,2.2763171195983887,0.9975024987503127,1.3524627685546875,0.20627354085445404,0.7519349455833435,1.1050795316696167
rosenbrock,1.0,2,cholesky,5,gumbel_softmax,8192,0.02,1000,4,rosenbrock,6,0.006887912750244141,-1.8268229961395264,1.7464566230773926,0.9970037475009377,0.9484249353408813,0.10241790860891342,0.4660545289516449,0.8196423649787903
rosenbrock,1.0,2,cholesky,5,gumbel_softmax,8192,0.02,1000,4,rosenbrock,7,0.006572246551513672,-1.7354471683502197,1.3788849115371704,0.9965052456271872,0.8148401975631714,0.06928739696741104,0.3910061717033386,0.7115319967269897
rosenbrock,1.0,2,cholesky,5,gumbel_softmax,8192,0.02,1000,4,rosenbrock,8,0.0062408447265625,-1.6835267543792725,1.238695502281189,0.9960069930043737,0.7236899733543396,0.03605302423238754,0.39240333437919617,0.6069983839988708
rosenbrock,1.0,2,cholesky,5,gumbel_softmax,8192,0.02,1000,4,rosenbrock,9,0.0066890716552734375,-1.6107072830200195,1.0511435270309448,0.9955089895078716,0.61812824010849,0.01578463800251484,0.40248212218284607,0.4688725769519806
rosenbrock,1.0,2,cholesky,5,gumbel_softmax,8192,0.02,1000,4,rosenbrock,10,0.006463050842285156,-1.577470302581787,1.0870170593261719,0.9950112350131177,0.5828981995582581,0.04389290511608124,0.33919408917427063,0.47200751304626465
rosenbrock,1.0,2,cholesky,5,gumbel_softmax,8192,0.02,1000,4,rosenbrock,11,0.006396770477294922,-1.524181842803955,0.8664517402648926,0.9945137293956112,0.5256342887878418,0.0474250391125679,0.3808949589729309,0.3591117858886719
rosenbrock,1.0,2,cholesky,5,gumbel_softmax,8192,0.02,1000,4,rosenbrock,12,0.0063359737396240234,-1.5187537670135498,0.7828866243362427,0.9940164725309134,0.5281822085380554,0.06336521357297897,0.386808305978775,0.35403475165367126
rosenbrock,1.0,2,cholesky,5,gumbel_softmax,8192,0.02,1000,4,rosenbrock,13,0.006308794021606445,-1.482445478439331,0.7431803941726685,0.993519464294648,0.5139167904853821,0.08820144832134247,0.39093688130378723,0.32171308994293213
rosenbrock,1.0,2,cholesky,5,gumbel_softmax,8192,0.02,1000,4,rosenbrock,14,0.006304740905761719,-1.4818804264068604,0.8590067028999329,0.9930227045625007,0.47479358315467834,0.08089937269687653,0.3554108440876007,0.3042488694190979
rosenbrock,1.0,2,cholesky,5,gumbel_softmax,8192,0.02,1000,4,rosenbrock,15,0.006306171417236328,-1.4488211870193481,0.691619336605072,0.9925261932102195,0.4699456989765167,0.08560329675674438,0.3777753710746765,0.26609548926353455
rosenbrock,1.0,2,cholesky,5,gumbel_softmax,8192,0.02,1000,4,rosenbrock,16,0.006200075149536133,-1.4549949169158936,0.7760574221611023,0.9920299301136145,0.4951574206352234,0.10611426085233688,0.41380012035369873,0.25037992000579834
rosenbrock,1.0,2,cholesky,5,gumbel_softmax,8192,0.02,1000,4,rosenbrock,17,0.0066492557525634766,-1.4468193054199219,0.6478312015533447,0.9915339151485577,0.47832852602005005,0.10448439419269562,0.39140602946281433,0.25432759523391724
rosenbrock,1.0,2,cholesky,5,gumbel_softmax,8192,0.02,1000,4,rosenbrock,18,0.006316661834716797,-1.434797763824463,0.6575841307640076,0.9910381481909836,0.5387063026428223,0.11553727835416794,0.4520219564437866,0.26931723952293396
rosenbrock,1.0,2,cholesky,5,gumbel_softmax,8192,0.02,1000,4,rosenbrock,19,0.0066950321197509766,-1.443467617034912,0.6641286015510559,0.9905426291168881,0.4943810701370239,0.08884873241186142,0.4105035364627838,0.26077839732170105
rosenbrock,1.0,2,cholesky,5,gumbel_softmax,8192,0.02,1000,4,rosenbrock,20,0.006802797317504883,-1.4220834970474243,0.6060590744018555,0.9900473578023297,0.40895143151283264,0.0989089086651802,0.3378928005695343,0.20805469155311584
rosenbrock,1.0,2,cholesky,5,gumbel_softmax,8192,0.02,1000,4,rosenbrock,21,0.006520748138427734,-1.420703649520874,0.6324103474617004,0.9895523341234286,0.452099084854126,0.0902874767780304,0.38635578751564026,0.2167278379201889
rosenbrock,1.0,2,cholesky,5,gumbel_softmax,8192,0.02,1000,4,rosenbrock,22,0.007096052169799805,-1.4280517101287842,0.6616582870483398,0.989057557956367,0.427916944026947,0.08093717694282532,0.3677918016910553,0.2032025009393692
rosenbrock,1.0,2,cholesky,5,gumbel_softmax,8192,0.02,1000,4,rosenbrock,23,0.0065250396728515625,-1.4108178615570068,0.6855574250221252,0.9885630291773888,0.3918110132217407,0.0784551352262497,0.31584298610687256,0.21818305552005768
rosenbrock,1.0,2,cholesky,5,gumbel_softmax,8192,0.02,1000,4,rosenbrock,24,0.006488800048828125,-1.4175524711608887,0.664084792137146,0.9880687476628002,0.40947994589805603,0.0821307823061943,0.31618326902389526,0.2468937188386917
rosenbrock,1.0,2,cholesky,5,gumbel_softmax,8192,0.02,1000,4,rosenbrock,25,0.0065920352935791016,-1.418344259262085,0.6696422696113586,0.9875747132889688,0.3663809895515442,0.06388253718614578,0.29768168926239014,0.20381282269954681
rosenbrock,1.0,2,cholesky,5,gumbel_softmax,8192,0.02,1000,4,rosenbrock,26,0.0069561004638671875,-1.399088978767395,0.6339887976646423,0.9870809259323243,0.3538323640823364,0.07166320085525513,0.2836497128009796,0.1990090161561966
rosenbrock,1.0,2,cholesky,5,gumbel_softmax,8192,0.02,1000,4,rosenbrock,27,0.00645899772644043,-1.4021022319793701,0.716721773147583,0.9865873854693583,0.3387588560581207,0.07291966676712036,0.2593074142932892,0.20542629063129425
rosenbrock,1.0,2,cholesky,5,gumbel_softmax,8192,0.02,1000,4,rosenbrock,28,0.0069561004638671875,-1.3792850971221924,0.6318207383155823,0.9860940917766237,0.3244404196739197,0.06465663015842438,0.24771729111671448,0.19929185509681702
rosenbrock,1.0,2,cholesky,5,gumbel_softmax,8192,0.02,1000,4,rosenbrock,29,0.007613182067871094,-1.369070291519165,0.6316887140274048,0.9856010447307354,0.32871225476264954,0.0717751681804657,0.25951719284057617,0.1885494589805603
rosenbrock,1.0,2,cholesky,5,gumbel_softmax,8192,0.02,1000,4,rosenbrock,30,0.012240171432495117,-1.3677576780319214,0.6448242664337158,0.9851082442083701,0.32515037059783936,0.07787767052650452,0.2472241371870041,0.1963111013174057
rosenbrock,1.0,2,cholesky,5,gumbel_softmax,8192,0.02,1000,4,rosenbrock,31,0.01613306999206543,-1.3552147150039673,0.6259440779685974,0.9846156900862659,0.31498512625694275,0.08408801257610321,0.23049062490463257,0.1975320428609848
rosenbrock,1.0,2,cholesky,5,gumbel_softmax,8192,0.02,1000,4,rosenbrock,32,0.01044607162475586,-1.3621647357940674,0.6268256902694702,0.9841233822412229,0.3447907269001007,0.086496502161026,0.25620269775390625,0.2139139026403427
rosenbrock,1.0,2,cholesky,5,gumbel_softmax,8192,0.02,1000,4,rosenbrock,33,0.017572879791259766,-1.3372095823287964,0.6327539682388306,0.9836313205501023,0.3018516004085541,0.0791519284248352,0.23731106519699097,0.16891662776470184
rosenbrock,1.0,2,cholesky,5,gumbel_softmax,8192,0.02,1000,4,rosenbrock,34,0.006561994552612305,-1.3272616863250732,0.6007277369499207,0.9831395048898273,0.30371782183647156,0.07822805643081665,0.2530926764011383,0.14855627715587616
rosenbrock,1.0,2,cholesky,5,gumbel_softmax,8192,0.02,1000,4,rosenbrock,35,0.01170206069946289,-1.3123018741607666,0.5956506133079529,0.9826479351373825,0.2679956555366516,0.0794362872838974,0.22070346772670746,0.12962068617343903
rosenbrock,1.0,2,cholesky,5,gumbel_softmax,8192,0.02,1000,4,rosenbrock,36,0.006657123565673828,-1.315920114517212,0.593731164932251,0.9821566111698138,0.2619757056236267,0.06949161738157272,0.21092866361141205,0.13896507024765015
rosenbrock,1.0,2,cholesky,5,gumbel_softmax,8192,0.02,1000,4,rosenbrock,37,0.0066070556640625,-1.2862581014633179,0.6429014205932617,0.981665532864229,0.24626407027244568,0.07454973459243774,0.18481920659542084,0.144672691822052
rosenbrock,1.0,2,cholesky,5,gumbel_softmax,8192,0.02,1000,4,rosenbrock,38,0.012164831161499023,-1.2811464071273804,0.6449868679046631,0.981174700097797,0.24009543657302856,0.06334197521209717,0.19854994118213654,0.11921215057373047
rosenbrock,1.0,2,cholesky,5,gumbel_softmax,8192,0.02,1000,4,rosenbrock,39,0.018906116485595703,-1.2777576446533203,0.6193676590919495,0.980684112747748,0.22964522242546082,0.05849865823984146,0.18375617265701294,0.12469365447759628
rosenbrock,1.0,2,cholesky,5,gumbel_softmax,8192,0.02,1000,4,rosenbrock,40,0.009916067123413086,-1.2673239707946777,0.6205049157142639,0.9801937706913743,0.21648888289928436,0.04734593629837036,0.18560223281383514,0.10088412463665009
rosenbrock,1.0,2,cholesky,5,gumbel_softmax,8192,0.02,1000,4,rosenbrock,41,0.009852886199951172,-1.2588032484054565,0.6470162868499756,0.9797036738060286,0.23118726909160614,0.04895755648612976,0.1833730787038803,0.13200390338897705
rosenbrock,1.0,2,cholesky,5,gumbel_softmax,8192,0.02,1000,4,rosenbrock,42,0.011183977127075195,-1.2575722932815552,0.6491087079048157,0.9792138219691257,0.22154594957828522,0.054865557700395584,0.17526738345623016,0.12391014397144318
rosenbrock,1.0,2,cholesky,5,gumbel_softmax,8192,0.02,1000,4,rosenbrock,43,0.0067119598388671875,-1.2382149696350098,0.6332257986068726,0.9787242150581411,0.19330361485481262,0.03829548880457878,0.163070410490036,0.09647688269615173
rosenbrock,1.0,2,cholesky,5,gumbel_softmax,8192,0.02,1000,4,rosenbrock,44,0.006602048873901367,-1.244031548500061,0.6047592759132385,0.9782348529506121,0.2124571055173874,0.03280900791287422,0.18175481259822845,0.10500845313072205
rosenbrock,1.0,2,cholesky,5,gumbel_softmax,8192,0.02,1000,4,rosenbrock,45,0.006602048873901367,-1.2232897281646729,0.5976409316062927,0.9777457355241369,0.21093790233135223,0.04316381737589836,0.1733555793762207,0.11215850710868835
rosenbrock,1.0,2,cholesky,5,gumbel_softmax,8192,0.02,1000,4,rosenbrock,46,0.0066030025482177734,-1.2196944952011108,0.6245901584625244,0.9772568626563749,0.23273368179798126,0.038331836462020874,0.19750019907951355,0.11700133234262466
rosenbrock,1.0,2,cholesky,5,gumbel_softmax,8192,0.02,1000,4,rosenbrock,47,0.012363910675048828,-1.202484369277954,0.5972397327423096,0.9767682342250468,0.22123149037361145,0.04593321681022644,0.184165358543396,0.113651342689991
rosenbrock,1.0,2,cholesky,5,gumbel_softmax,8192,0.02,1000,4,rosenbrock,48,0.009449958801269531,-1.1991138458251953,0.7160782217979431,0.9762798501079343,0.18735145032405853,0.03270692750811577,0.1720820814371109,0.06647238880395889
rosenbrock,1.0,2,cholesky,5,gumbel_softmax,8192,0.02,1000,4,rosenbrock,49,0.006582021713256836,-1.1997431516647339,0.6825156211853027,0.9757917101828804,0.22359274327754974,0.037120893597602844,0.19508734345436096,0.1027456596493721
rosenbrock,1.0,2,cholesky,5,gumbel_softmax,8192,0.02,1000,4,rosenbrock,50,0.006751060485839844,-1.1809148788452148,0.6015265583992004,0.9753038143277889,0.21167193353176117,0.044952936470508575,0.19076980650424957,0.07994446158409119
rosenbrock,1.0,2,cholesky,5,gumbel_softmax,8192,0.02,1000,4,rosenbrock,51,0.012189865112304688,-1.17803955078125,0.689332127571106,0.9748161624206251,0.196552112698555,0.04310407489538193,0.16396000981330872,0.09945797175168991
rosenbrock,1.0,2,cholesky,5,gumbel_softmax,8192,0.02,1000,4,rosenbrock,52,0.006524801254272461,-1.1857417821884155,0.6500927209854126,0.9743287543394149,0.19843657314777374,0.0501764640212059,0.16279567778110504,0.10176915675401688
rosenbrock,1.0,2,cholesky,5,gumbel_softmax,8192,0.02,1000,4,rosenbrock,53,0.006453037261962891,-1.1538556814193726,0.6473187208175659,0.9738415899622452,0.20612303912639618,0.03317038342356682,0.17207138240337372,0.10852593928575516
rosenbrock,1.0,2,cholesky,5,gumbel_softmax,8192,0.02,1000,4,rosenbrock,54,0.006400108337402344,-1.1670291423797607,0.5774243474006653,0.9733546691672641,0.22155313193798065,0.04334505647420883,0.18154071271419525,0.11937319487333298
rosenbrock,1.0,2,cholesky,5,gumbel_softmax,8192,0.02,1000,4,rosenbrock,55,0.006396055221557617,-1.1655049324035645,0.5754908323287964,0.9728679918326806,0.21479208767414093,0.039326947182416916,0.18819934129714966,0.095760278403759
rosenbrock,1.0,2,cholesky,5,gumbel_softmax,8192,0.02,1000,4,rosenbrock,56,0.0063800811767578125,-1.1461706161499023,0.5432130098342896,0.9723815578367643,0.19381922483444214,0.04210791736841202,0.1751943826675415,0.07141246646642685
rosenbrock,1.0,2,cholesky,5,gumbel_softmax,8192,0.02,1000,4,rosenbrock,57,0.00663304328918457,-1.1340214014053345,0.6046754717826843,0.971895367057846,0.1998293697834015,0.033669862896203995,0.171559676527977,0.09677497297525406
rosenbrock,1.0,2,cholesky,5,gumbel_softmax,8192,0.02,1000,4,rosenbrock,58,0.006386995315551758,-1.1403064727783203,0.5990613698959351,0.971409419374317,0.1977330595254898,0.043045107275247574,0.1658671498298645,0.09865881502628326
rosenbrock,1.0,2,cholesky,5,gumbel_softmax,8192,0.02,1000,4,rosenbrock,59,0.006451129913330078,-1.1319165229797363,0.5734110474586487,0.97092371466463,0.19537396728992462,0.04659122973680496,0.15833680331707,0.10454519838094711
rosenbrock,1.0,2,cholesky,5,gumbel_softmax,8192,0.02,1000,4,rosenbrock,60,0.00670313835144043,-1.12125563621521,0.5418376326560974,0.9704382528072977,0.19351546466350555,0.052876755595207214,0.16791066527366638,0.08036349713802338
rosenbrock,1.0,2,cholesky,5,gumbel_softmax,8192,0.02,1000,4,rosenbrock,61,0.00632023811340332,-1.1150915622711182,0.6517175436019897,0.9699530336808941,0.20930087566375732,0.04598432779312134,0.17418049275875092,0.10655254870653152
rosenbrock,1.0,2,cholesky,5,gumbel_softmax,8192,0.02,1000,4,rosenbrock,62,0.007138252258300781,-1.113001823425293,0.6246888637542725,0.9694680571640537,0.2035144418478012,0.052345868200063705,0.13841292262077332,0.13971363008022308
rosenbrock,1.0,2,cholesky,5,gumbel_softmax,8192,0.02,1000,4,rosenbrock,63,0.0070078372955322266,-1.1030439138412476,0.5837316513061523,0.9689833231354718,0.17886483669281006,0.04901019483804703,0.15512628853321075,0.07434019446372986
rosenbrock,1.0,2,cholesky,5,gumbel_softmax,8192,0.02,1000,4,rosenbrock,64,0.006953001022338867,-1.1024105548858643,0.635582447052002,0.968498831473904,0.18864086270332336,0.043374937027692795,0.15833523869514465,0.0929190069437027
rosenbrock,1.0,2,cholesky,5,gumbel_softmax,8192,0.02,1000,4,rosenbrock,65,0.006425142288208008,-1.0910425186157227,0.5224813222885132,0.9680145820581672,0.21030013263225555,0.06729665398597717,0.15028297901153564,0.13081413507461548
rosenbrock,1.0,2,cholesky,5,gumbel_softmax,8192,0.02,1000,4,rosenbrock,66,0.006479024887084961,-1.0904955863952637,0.6122490167617798,0.9675305747671381,0.2398384064435959,0.09475613385438919,0.16808833181858063,0.14244316518306732
rosenbrock,1.0,2,cholesky,5,gumbel_softmax,8192,0.02,1000,4,rosenbrock,67,0.0063550472259521484,-1.087772250175476,0.6544274687767029,0.9670468094797546,0.23181761801242828,0.07913006097078323,0.170346200466156,0.135867640376091
rosenbrock,1.0,2,cholesky,5,gumbel_softmax,8192,0.02,1000,4,rosenbrock,68,0.006999015808105469,-1.0744750499725342,0.5567107796669006,0.9665632860750147,0.20028169453144073,0.06465033441781998,0.1795695722103119,0.06072772294282913
rosenbrock,1.0,2,cholesky,5,gumbel_softmax,8192,0.02,1000,4,rosenbrock,69,0.006596088409423828,-1.070349097251892,0.5983266234397888,0.9660800044319773,0.23681078851222992,0.09190981835126877,0.1788521260023117,0.1250753551721573
rosenbrock,1.0,2,cholesky,5,gumbel_softmax,8192,0.02,1000,4,rosenbrock,70,0.0065479278564453125,-1.0649189949035645,0.5284308791160583,0.9655969644297614,0.21929192543029785,0.07158386707305908,0.14462019503116608,0.14849139750003815
rosenbrock,1.0,2,cholesky,5,gumbel_softmax,8192,0.02,1000,4,rosenbrock,71,0.006359100341796875,-1.0680699348449707,0.5644341707229614,0.9651141659475466,0.192481130361557,0.07178329676389694,0.14008504152297974,0.1107805147767067
rosenbrock,1.0,2,cholesky,5,gumbel_softmax,8192,0.02,1000,4,rosenbrock,72,0.006352901458740234,-1.0572508573532104,0.5342237949371338,0.9646316088645729,0.18321233987808228,0.04896892234683037,0.14449138939380646,0.1014448031783104
rosenbrock,1.0,2,cholesky,5,gumbel_softmax,8192,0.02,1000,4,rosenbrock,73,0.006342172622680664,-1.0498332977294922,0.5605656504631042,0.9641492930601406,0.17703087627887726,0.051689181476831436,0.12618477642536163,0.11289625614881516
rosenbrock,1.0,2,cholesky,5,gumbel_softmax,8192,0.02,1000,4,rosenbrock,74,0.0063779354095458984,-1.0474079847335815,0.5628370642662048,0.9636672184136106,0.1690668761730194,0.05654777213931084,0.14870674908161163,0.057203713804483414
rosenbrock,1.0,2,cholesky,5,gumbel_softmax,8192,0.02,1000,4,rosenbrock,75,0.006719112396240234,-1.0496110916137695,0.5675473213195801,0.9631853848044039,0.16384996473789215,0.05381574109196663,0.1321689635515213,0.08051115274429321
rosenbrock,1.0,2,cholesky,5,gumbel_softmax,8192,0.02,1000,4,rosenbrock,76,0.006533145904541016,-1.0453048944473267,0.611250102519989,0.9627037921120017,0.2047460824251175,0.04037470370531082,0.19173628091812134,0.05939727649092674
rosenbrock,1.0,2,cholesky,5,gumbel_softmax,8192,0.02,1000,4,rosenbrock,77,0.0068738460540771484,-1.0384695529937744,0.5440291166305542,0.9622224402159457,0.1879713237285614,0.042570918798446655,0.16370800137519836,0.08197938650846481
rosenbrock,1.0,2,cholesky,5,gumbel_softmax,8192,0.02,1000,4,rosenbrock,78,0.006955146789550781,-1.0211457014083862,0.5199822783470154,0.9617413289958379,0.2195001244544983,0.05465955287218094,0.17138010263442993,0.12578348815441132
rosenbrock,1.0,2,cholesky,5,gumbel_softmax,8192,0.02,1000,4,rosenbrock,79,0.0064198970794677734,-1.015342354774475,0.5108555555343628,0.96126045833134,0.1294790655374527,0.03867212310433388,0.11038444191217422,0.05553888902068138
rosenbrock,1.0,2,cholesky,5,gumbel_softmax,8192,0.02,1000,4,rosenbrock,80,0.006987094879150391,-1.0154327154159546,0.5390220284461975,0.9607798281021743,0.18236343562602997,0.060053370893001556,0.13553011417388916,0.10621489584445953
rosenbrock,1.0,2,cholesky,5,gumbel_softmax,8192,0.02,1000,4,rosenbrock,81,0.007050991058349609,-1.0142086744308472,0.52896648645401,0.9602994381881234,0.17552372813224792,0.048220109194517136,0.15904130041599274,0.05647355690598488
rosenbrock,1.0,2,cholesky,5,gumbel_softmax,8192,0.02,1000,4,rosenbrock,82,0.006563901901245117,-1.0120435953140259,0.5795329213142395,0.9598192884690293,0.15755537152290344,0.03826943784952164,0.13911478221416473,0.06329474598169327
rosenbrock,1.0,2,cholesky,5,gumbel_softmax,8192,0.02,1000,4,rosenbrock,83,0.006751060485839844,-1.0225393772125244,0.7029531598091125,0.9593393788247948,0.17343933880329132,0.04195104539394379,0.14779408276081085,0.08048740774393082
rosenbrock,1.0,2,cholesky,5,gumbel_softmax,8192,0.02,1000,4,rosenbrock,84,0.0064241886138916016,-0.9931222200393677,0.4834100604057312,0.9588597091353825,0.18337151408195496,0.06107122451066971,0.1485833078622818,0.08842183649539948
rosenbrock,1.0,2,cholesky,5,gumbel_softmax,8192,0.02,1000,4,rosenbrock,85,0.006370067596435547,-1.0042166709899902,0.5084468126296997,0.9583802792808148,0.14575986564159393,0.03619838505983353,0.11796411871910095,0.07758919894695282
rosenbrock,1.0,2,cholesky,5,gumbel_softmax,8192,0.02,1000,4,rosenbrock,86,0.006369113922119141,-0.9972944855690002,0.5077697038650513,0.9579010891411746,0.1498870551586151,0.04692387208342552,0.1208299919962883,0.075262151658535
rosenbrock,1.0,2,cholesky,5,gumbel_softmax,8192,0.02,1000,4,rosenbrock,87,0.006405353546142578,-0.9876683354377747,0.5271614789962769,0.957422138596604,0.1691272109746933,0.03616558015346527,0.14784695208072662,0.07373835146427155
rosenbrock,1.0,2,cholesky,5,gumbel_softmax,8192,0.02,1000,4,rosenbrock,88,0.006309986114501953,-0.9832068085670471,0.49832868576049805,0.9569434275273058,0.1493009626865387,0.04354676976799965,0.1308492124080658,0.05720961466431618
rosenbrock,1.0,2,cholesky,5,gumbel_softmax,8192,0.02,1000,4,rosenbrock,89,0.006314992904663086,-0.995818555355072,0.6465944647789001,0.9564649558135421,0.17457999289035797,0.0582369901239872,0.14197979867458344,0.08323679119348526
rosenbrock,1.0,2,cholesky,5,gumbel_softmax,8192,0.02,1000,4,rosenbrock,90,0.006338834762573242,-0.9749598503112793,0.49701276421546936,0.9559867233356354,0.22175373136997223,0.08076001703739166,0.17345958948135376,0.11209064722061157
rosenbrock,1.0,2,cholesky,5,gumbel_softmax,8192,0.02,1000,4,rosenbrock,91,0.006353855133056641,-0.9728497862815857,0.5282557606697083,0.9555087299739676,0.17771770060062408,0.05280841886997223,0.14891460537910461,0.08135902881622314
rosenbrock,1.0,2,cholesky,5,gumbel_softmax,8192,0.02,1000,4,rosenbrock,92,0.0065920352935791016,-0.9665179252624512,0.5126157999038696,0.9550309756089808,0.1350262314081192,0.056312572211027145,0.11228296905755997,0.049532949924468994
rosenbrock,1.0,2,cholesky,5,gumbel_softmax,8192,0.02,1000,4,rosenbrock,93,0.006659269332885742,-0.9621375203132629,0.536191999912262,0.9545534601211763,0.15557861328125,0.05642304569482803,0.13867805898189545,0.04230300337076187
rosenbrock,1.0,2,cholesky,5,gumbel_softmax,8192,0.02,1000,4,rosenbrock,94,0.007140159606933594,-0.9683390259742737,0.5161120891571045,0.9540761833911158,0.13775475323200226,0.03503284230828285,0.12121699005365372,0.055276669561862946
rosenbrock,1.0,2,cholesky,5,gumbel_softmax,8192,0.02,1000,4,rosenbrock,95,0.006447792053222656,-0.9715009331703186,0.5295501947402954,0.9535991452994202,0.15386226773262024,0.035862598568201065,0.12890911102294922,0.0759599432349205
rosenbrock,1.0,2,cholesky,5,gumbel_softmax,8192,0.02,1000,4,rosenbrock,96,0.006678104400634766,-0.9562345743179321,0.5333421230316162,0.9531223457267706,0.17585116624832153,0.04263439029455185,0.15496468544006348,0.07135748118162155
rosenbrock,1.0,2,cholesky,5,gumbel_softmax,8192,0.02,1000,4,rosenbrock,97,0.006551027297973633,-0.9482228755950928,0.5213288068771362,0.9526457845539072,0.13814985752105713,0.04351353272795677,0.11745047569274902,0.05828674137592316
rosenbrock,1.0,2,cholesky,5,gumbel_softmax,8192,0.02,1000,4,rosenbrock,98,0.006502866744995117,-0.9534518718719482,0.5215480327606201,0.9521694616616303,0.1637151539325714,0.04027267172932625,0.14187434315681458,0.07108043879270554
rosenbrock,1.0,2,cholesky,5,gumbel_softmax,8192,0.02,1000,4,rosenbrock,99,0.006476879119873047,-0.9492855072021484,0.5399624705314636,0.9516933769307996,0.15654298663139343,0.05010485276579857,0.12733261287212372,0.07603690028190613
rosenbrock,1.0,2,cholesky,5,gumbel_softmax,8192,0.02,1000,4,rosenbrock,100,0.006831169128417969,-0.9591888785362244,0.5850958824157715,0.9512175302423342,0.1663941740989685,0.0467560850083828,0.13737577199935913,0.08141735941171646
rosenbrock,1.0,2,cholesky,5,gumbel_softmax,8192,0.02,1000,4,rosenbrock,101,0.006575107574462891,-0.9460042715072632,0.5393021106719971,0.9507419214772131,0.14023184776306152,0.03959028422832489,0.12346059828996658,0.053432803601026535
rosenbrock,1.0,2,cholesky,5,gumbel_softmax,8192,0.02,1000,4,rosenbrock,102,0.006852865219116211,-0.9538771510124207,0.5481117963790894,0.9502665505164746,0.21152624487876892,0.05578475818037987,0.18778032064437866,0.07981202751398087
rosenbrock,1.0,2,cholesky,5,gumbel_softmax,8192,0.02,1000,4,rosenbrock,103,0.00674891471862793,-0.9436585307121277,0.5609409809112549,0.9497914172412164,0.16793222725391388,0.03669408708810806,0.15626831352710724,0.049345679581165314
rosenbrock,1.0,2,cholesky,5,gumbel_softmax,8192,0.02,1000,4,rosenbrock,104,0.006500244140625,-0.959417998790741,0.7700588703155518,0.9493165215325958,0.13168515264987946,0.022477399557828903,0.11606226116418839,0.05801116302609444
rosenbrock,1.0,2,cholesky,5,gumbel_softmax,8192,0.02,1000,4,rosenbrock,105,0.006428956985473633,-0.9428224563598633,0.5377865433692932,0.9488418632718296,0.1294793039560318,0.03170236572623253,0.09524674713611603,0.08177963644266129
rosenbrock,1.0,2,cholesky,5,gumbel_softmax,8192,0.02,1000,4,rosenbrock,106,0.00641179084777832,-0.929517388343811,0.5803954601287842,0.9483674423401937,0.15578585863113403,0.03313101455569267,0.1345001459121704,0.07128310203552246
rosenbrock,1.0,2,cholesky,5,gumbel_softmax,8192,0.02,1000,4,rosenbrock,107,0.006429195404052734,-0.9517074823379517,0.5571597218513489,0.9478932586190236,0.1788470596075058,0.014622977934777737,0.1406583935022354,0.10948814451694489
rosenbrock,1.0,2,cholesky,5,gumbel_softmax,8192,0.02,1000,4,rosenbrock,108,0.006384849548339844,-0.9205998778343201,0.560575008392334,0.9474193119897142,0.20436841249465942,0.06920955330133438,0.14593291282653809,0.12522009015083313
rosenbrock,1.0,2,cholesky,5,gumbel_softmax,8192,0.02,1000,4,rosenbrock,109,0.006406068801879883,-0.9334373474121094,0.6120100021362305,0.9469456023337194,0.2477138191461563,0.0748753547668457,0.18252874910831451,0.1497967541217804
rosenbrock,1.0,2,cholesky,5,gumbel_softmax,8192,0.02,1000,4,rosenbrock,110,0.006872892379760742,-0.9252978563308716,0.5403748154640198,0.9464721295325526,0.1631580889225006,0.05788133665919304,0.13786955177783966,0.06528628617525101
rosenbrock,1.0,2,cholesky,5,gumbel_softmax,8192,0.02,1000,4,rosenbrock,111,0.0068929195404052734,-0.9275981187820435,0.5596438646316528,0.9459988934677863,0.10649993270635605,0.03219372034072876,0.091484934091568,0.04400349780917168
rosenbrock,1.0,2,cholesky,5,gumbel_softmax,8192,0.02,1000,4,rosenbrock,112,0.006695985794067383,-0.9371274709701538,0.6550430655479431,0.9455258940210525,0.21557267010211945,0.03034587949514389,0.11526413261890411,0.1796242892742157
rosenbrock,1.0,2,cholesky,5,gumbel_softmax,8192,0.02,1000,4,rosenbrock,113,0.00644683837890625,-0.9315897822380066,0.7259668111801147,0.9450531310740421,0.11703965812921524,0.03236954286694527,0.0743461549282074,0.08439870923757553
rosenbrock,1.0,2,cholesky,5,gumbel_softmax,8192,0.02,1000,4,rosenbrock,114,0.006370067596435547,-0.9203120470046997,0.5948264598846436,0.9445806045085051,0.16566242277622223,0.036585792899131775,0.1409837305545807,0.07892466336488724
rosenbrock,1.0,2,cholesky,5,gumbel_softmax,8192,0.02,1000,4,rosenbrock,115,0.0064449310302734375,-0.9184902906417847,0.5543117523193359,0.9441083142062509,0.2048732042312622,0.08082359284162521,0.16102170944213867,0.0975324884057045
rosenbrock,1.0,2,cholesky,5,gumbel_softmax,8192,0.02,1000,4,rosenbrock,116,0.006979942321777344,-0.9200642108917236,0.517673134803772,0.9436362600491478,0.27715373039245605,0.11235028505325317,0.2001953423023224,0.15528494119644165
rosenbrock,1.0,2,cholesky,5,gumbel_softmax,8192,0.02,1000,4,rosenbrock,117,0.007107973098754883,-0.9183017611503601,0.5356227159500122,0.9431644419191233,0.321765661239624,0.12417571246623993,0.2608933448791504,0.14159169793128967
rosenbrock,1.0,2,cholesky,5,gumbel_softmax,8192,0.02,1000,4,rosenbrock,118,0.006951808929443359,-0.9194998145103455,0.5120628476142883,0.9426928596981637,0.16580966114997864,0.05785655975341797,0.135407492518425,0.07622513175010681
rosenbrock,1.0,2,cholesky,5,gumbel_softmax,8192,0.02,1000,4,rosenbrock,119,0.0066928863525390625,-0.9127523303031921,0.5412967205047607,0.9422215132683147,0.13302862644195557,0.04107888042926788,0.11041013151407242,0.06179600954055786
rosenbrock,1.0,2,cholesky,5,gumbel_softmax,8192,0.02,1000,4,rosenbrock,120,0.006597995758056641,-0.9193801879882812,0.5864309072494507,0.9417504025116806,0.21077458560466766,0.07442554086446762,0.17211809754371643,0.09623992443084717
rosenbrock,1.0,2,cholesky,5,gumbel_softmax,8192,0.02,1000,4,rosenbrock,121,0.0064849853515625,-0.9267707467079163,0.6253517866134644,0.9412795273104249,0.23560947179794312,0.09021998196840286,0.17950685322284698,0.12308318167924881
rosenbrock,1.0,2,cholesky,5,gumbel_softmax,8192,0.02,1000,4,rosenbrock,122,0.0068781375885009766,-0.9166662693023682,0.5833075046539307,0.9408088875467697,0.25232502818107605,0.13494808971881866,0.1875615268945694,0.10137854516506195
rosenbrock,1.0,2,cholesky,5,gumbel_softmax,8192,0.02,1000,4,rosenbrock,123,0.006501913070678711,-0.9163395762443542,0.6177434325218201,0.9403384831029964,0.20305834710597992,0.10708653926849365,0.1354106068611145,0.10690715909004211
rosenbrock,1.0,2,cholesky,5,gumbel_softmax,8192,0.02,1000,4,rosenbrock,124,0.006407976150512695,-0.918329119682312,0.5996691584587097,0.9398683138614449,0.1919727921485901,0.0714072436094284,0.12829789519309998,0.12366974353790283
rosenbrock,1.0,2,cholesky,5,gumbel_softmax,8192,0.02,1000,4,rosenbrock,125,0.006280183792114258,-0.9084622859954834,0.6242244243621826,0.9393983797045142,0.12297464162111282,0.05368667468428612,0.09115289151668549,0.06270288676023483
rosenbrock,1.0,2,cholesky,5,gumbel_softmax,8192,0.02,1000,4,rosenbrock,126,0.006635189056396484,-0.9128484725952148,0.5316505432128906,0.938928680514662,0.20009452104568481,0.060425885021686554,0.17479601502418518,0.07637336105108261
rosenbrock,1.0,2,cholesky,5,gumbel_softmax,8192,0.02,1000,4,rosenbrock,127,0.0064678192138671875,-0.9109007120132446,0.6890647411346436,0.9384592161744048,0.2081562876701355,0.07746893167495728,0.1704518347978592,0.09096034616231918
rosenbrock,1.0,2,cholesky,5,gumbel_softmax,8192,0.02,1000,4,rosenbrock,128,0.0064508914947509766,-0.9086934328079224,0.58579021692276,0.9379899865663176,0.13052618503570557,0.04208218306303024,0.11164623498916626,0.05292723700404167
rosenbrock,1.0,2,cholesky,5,gumbel_softmax,8192,0.02,1000,4,rosenbrock,129,0.00640106201171875,-0.9200292229652405,0.6392762064933777,0.9375209915730345,0.21413986384868622,0.07187651842832565,0.10057162493467331,0.17485709488391876
rosenbrock,1.0,2,cholesky,5,gumbel_softmax,8192,0.02,1000,4,rosenbrock,130,0.006385087966918945,-0.8996986746788025,0.684421718120575,0.937052231077248,0.24202701449394226,0.05802620202302933,0.09949380904436111,0.21286384761333466
rosenbrock,1.0,2,cholesky,5,gumbel_softmax,8192,0.02,1000,4,rosenbrock,131,0.006371974945068359,-0.9081388115882874,0.5898359417915344,0.9365837049617095,0.15543784201145172,0.02463119477033615,0.13207730650901794,0.07816528528928757
rosenbrock,1.0,2,cholesky,5,gumbel_softmax,8192,0.02,1000,4,rosenbrock,132,0.006387233734130859,-0.9226954579353333,0.6472703218460083,0.9361154131092286,0.21611380577087402,0.05644875019788742,0.19116313755512238,0.08351869881153107
rosenbrock,1.0,2,cholesky,5,gumbel_softmax,8192,0.02,1000,4,rosenbrock,133,0.006287813186645508,-0.9060949087142944,0.5696963667869568,0.9356473554026741,0.25225019454956055,0.04864247888326645,0.23267456889152527,0.08441925048828125
rosenbrock,1.0,2,cholesky,5,gumbel_softmax,8192,0.02,1000,4,rosenbrock,134,0.0063898563385009766,-0.9207741022109985,0.6860924363136292,0.9351795317249728,0.16587264835834503,0.037847477942705154,0.1291469931602478,0.09696575254201889
rosenbrock,1.0,2,cholesky,5,gumbel_softmax,8192,0.02,1000,4,rosenbrock,135,0.00635528564453125,-0.9073598980903625,0.6469247341156006,0.9347119419591103,0.21548283100128174,0.04479387775063515,0.16226954758167267,0.13451747596263885
rosenbrock,1.0,2,cholesky,5,gumbel_softmax,8192,0.02,1000,4,rosenbrock,136,0.0063629150390625,-0.9087235331535339,0.7128272652626038,0.9342445859881309,0.19536656141281128,0.05094509199261665,0.09482153505086899,0.16303853690624237
rosenbrock,1.0,2,cholesky,5,gumbel_softmax,8192,0.02,1000,4,rosenbrock,137,0.006789207458496094,-0.9085877537727356,0.5754849314689636,0.9337774636951368,0.219229593873024,0.06746775656938553,0.1874992400407791,0.09139886498451233
rosenbrock,1.0,2,cholesky,5,gumbel_softmax,8192,0.02,1000,4,rosenbrock,138,0.006337881088256836,-0.9057772755622864,0.5790375471115112,0.9333105749632893,0.19080105423927307,0.024888407438993454,0.1559641808271408,0.10705507546663284
rosenbrock,1.0,2,cholesky,5,gumbel_softmax,8192,0.02,1000,4,rosenbrock,139,0.006845951080322266,-0.9140216708183289,0.6155554056167603,0.9328439196758077,0.2462528944015503,0.0217384472489357,0.21940314769744873,0.10968226194381714
rosenbrock,1.0,2,cholesky,5,gumbel_softmax,8192,0.02,1000,4,rosenbrock,140,0.006910085678100586,-0.9089766144752502,0.7283643484115601,0.9323774977159699,0.2522958815097809,0.05388732627034187,0.1986457109451294,0.14590834081172943
rosenbrock,1.0,2,cholesky,5,gumbel_softmax,8192,0.02,1000,4,rosenbrock,141,0.006527900695800781,-0.9045667052268982,0.6311826705932617,0.9319113089671119,0.2369016408920288,0.06568361818790436,0.1683155596256256,0.15322506427764893
rosenbrock,1.0,2,cholesky,5,gumbel_softmax,8192,0.02,1000,4,rosenbrock,142,0.006386995315551758,-0.9024010896682739,0.6459926962852478,0.9314453533126285,0.16134509444236755,0.02291313000023365,0.06764379888772964,0.14467740058898926
rosenbrock,1.0,2,cholesky,5,gumbel_softmax,8192,0.02,1000,4,rosenbrock,143,0.006387948989868164,-0.9116394519805908,0.6444730162620544,0.9309796306359722,0.1516045778989792,0.03775767982006073,0.12828685343265533,0.07141979783773422
rosenbrock,1.0,2,cholesky,5,gumbel_softmax,8192,0.02,1000,4,rosenbrock,144,0.006384849548339844,-0.9061094522476196,0.7562983632087708,0.9305141408206543,0.17673397064208984,0.08774325251579285,0.12685582041740417,0.08627640455961227
rosenbrock,1.0,2,cholesky,5,gumbel_softmax,8192,0.02,1000,4,rosenbrock,145,0.0064089298248291016,-0.9157789945602417,0.6377159953117371,0.930048883750244,0.27859869599342346,0.07834157347679138,0.24050621688365936,0.11677578836679459
rosenbrock,1.0,2,cholesky,5,gumbel_softmax,8192,0.02,1000,4,rosenbrock,146,0.00635075569152832,-0.9188221096992493,0.8231529593467712,0.929583859308369,0.19093285501003265,0.029140537604689598,0.17122220993041992,0.07930412143468857
rosenbrock,1.0,2,cholesky,5,gumbel_softmax,8192,0.02,1000,4,rosenbrock,147,0.006421089172363281,-0.9052982330322266,0.6309940814971924,0.9291190673787147,0.10730081796646118,0.024146387353539467,0.0735020712018013,0.07434961199760437
rosenbrock,1.0,2,cholesky,5,gumbel_softmax,8192,0.02,1000,4,rosenbrock,148,0.006306886672973633,-0.90421062707901,0.6886782646179199,0.9286545078450255,0.18254411220550537,0.06132930517196655,0.14550404250621796,0.09159497916698456
rosenbrock,1.0,2,cholesky,5,gumbel_softmax,8192,0.02,1000,4,rosenbrock,149,0.00632929801940918,-0.8982789516448975,0.6896828413009644,0.928190180591103,0.14480921626091003,0.08853749185800552,0.10234937816858292,0.05153082683682442
rosenbrock,1.0,2,cholesky,5,gumbel_softmax,8192,0.02,1000,4,rosenbrock,150,0.006317138671875,-0.9209219217300415,0.7171500325202942,0.9277260855008075,0.18368172645568848,0.04619799926877022,0.11317471414804459,0.1370992511510849
rosenbrock,1.0,2,cholesky,5,gumbel_softmax,8192,0.02,1000,4,rosenbrock,151,0.0063018798828125,-0.9014481902122498,0.6516732573509216,0.9272622224580571,0.10341257601976395,0.028218146413564682,0.048182666301727295,0.08704210072755814
rosenbrock,1.0,2,cholesky,5,gumbel_softmax,8192,0.02,1000,4,rosenbrock,152,0.006306171417236328,-0.8906863331794739,0.6855443716049194,0.9267985913468282,0.16640852391719818,0.06343576312065125,0.12439019978046417,0.09052501618862152
rosenbrock,1.0,2,cholesky,5,gumbel_softmax,8192,0.02,1000,4,rosenbrock,153,0.006299257278442383,-0.908052384853363,0.6341185569763184,0.9263351920511548,0.22484168410301208,0.12557539343833923,0.16120025515556335,0.09380338340997696
rosenbrock,1.0,2,cholesky,5,gumbel_softmax,8192,0.02,1000,4,rosenbrock,154,0.006276130676269531,-0.9036968350410461,0.7909123301506042,0.9258720244551293,0.19157886505126953,0.09535672515630722,0.15232819318771362,0.06637530028820038
rosenbrock,1.0,2,cholesky,5,gumbel_softmax,8192,0.02,1000,4,rosenbrock,155,0.006324052810668945,-0.9154999256134033,0.7096298933029175,0.9254090884429018,0.11929071694612503,0.062033288180828094,0.07977374643087387,0.06339003145694733
rosenbrock,1.0,2,cholesky,5,gumbel_softmax,8192,0.02,1000,4,rosenbrock,156,0.006329059600830078,-0.9075809121131897,0.7165601253509521,0.9249463838986803,0.1688356250524521,0.06926503032445908,0.1497955471277237,0.03562476858496666
rosenbrock,1.0,2,cholesky,5,gumbel_softmax,8192,0.02,1000,4,rosenbrock,157,0.006475210189819336,-0.9200837016105652,0.7662703990936279,0.9244839107067311,0.15686525404453278,0.06258262693881989,0.0630280151963234,0.12929652631282806
rosenbrock,1.0,2,cholesky,5,gumbel_softmax,8192,0.02,1000,4,rosenbrock,158,0.006826877593994141,-0.9079794883728027,0.7176381349563599,0.9240216687513778,0.2146221548318863,0.0690714418888092,0.1796370893716812,0.09498589485883713
rosenbrock,1.0,2,cholesky,5,gumbel_softmax,8192,0.02,1000,4,rosenbrock,159,0.006415128707885742,-0.9071599841117859,0.6815404891967773,0.9235596579170021,0.253901869058609,0.05285109207034111,0.2334538847208023,0.08468884974718094
rosenbrock,1.0,2,cholesky,5,gumbel_softmax,8192,0.02,1000,4,rosenbrock,160,0.0063898563385009766,-0.9047474265098572,0.6422099471092224,0.9230978780880437,0.1899404078722,0.07016495615243912,0.1395377665758133,0.10808999836444855
rosenbrock,1.0,2,cholesky,5,gumbel_softmax,8192,0.02,1000,4,rosenbrock,161,0.006895303726196289,-0.9010627269744873,0.7423638701438904,0.9226363291489997,0.19838564097881317,0.021097056567668915,0.11328934878110886,0.16148467361927032
rosenbrock,1.0,2,cholesky,5,gumbel_softmax,8192,0.02,1000,4,rosenbrock,162,0.00701904296875,-0.91107577085495,0.6880793571472168,0.9221750109844252,0.3998211920261383,0.08432742208242416,0.3260936141014099,0.21542707085609436
rosenbrock,1.0,2,cholesky,5,gumbel_softmax,8192,0.02,1000,4,rosenbrock,163,0.006837129592895508,-0.8985954523086548,0.6244484186172485,0.9217139234789331,0.1484384387731552,0.07512350380420685,0.09046077728271484,0.09059403091669083
rosenbrock,1.0,2,cholesky,5,gumbel_softmax,8192,0.02,1000,4,rosenbrock,164,0.006991863250732422,-0.9146936535835266,0.755165159702301,0.9212530665171936,0.1554555892944336,0.06334858387708664,0.12880763411521912,0.059682369232177734
rosenbrock,1.0,2,cholesky,5,gumbel_softmax,8192,0.02,1000,4,rosenbrock,165,0.0065419673919677734,-0.893409013748169,0.6714270114898682,0.9207924399839351,0.3778843879699707,0.1458548754453659,0.29776522517204285,0.1812700480222702
rosenbrock,1.0,2,cholesky,5,gumbel_softmax,8192,0.02,1000,4,rosenbrock,166,0.00647282600402832,-0.9144952297210693,0.748423159122467,0.9203320437639432,0.13984008133411407,0.08595951646566391,0.08792165666818619,0.06660325825214386
rosenbrock,1.0,2,cholesky,5,gumbel_softmax,8192,0.02,1000,4,rosenbrock,167,0.006492137908935547,-0.8975432515144348,0.7173557877540588,0.9198718777420613,0.13559390604496002,0.02908894419670105,0.0835118219256401,0.10278771817684174
rosenbrock,1.0,2,cholesky,5,gumbel_softmax,8192,0.02,1000,4,rosenbrock,168,0.00651097297668457,-0.9274417161941528,0.9216799736022949,0.9194119418031903,0.24911852180957794,0.1307024359703064,0.19100435078144073,0.09216427803039551
rosenbrock,1.0,2,cholesky,5,gumbel_softmax,8192,0.02,1000,4,rosenbrock,169,0.006963968276977539,-0.9087839722633362,0.6854890584945679,0.9189522358322888,0.1377519816160202,0.06024510785937309,0.09447558224201202,0.08012803643941879
rosenbrock,1.0,2,cholesky,5,gumbel_softmax,8192,0.02,1000,4,rosenbrock,170,0.00688624382019043,-0.9213928580284119,0.7627745866775513,0.9184927597143727,0.10964126884937286,0.055634379386901855,0.06945663690567017,0.06404528766870499
rosenbrock,1.0,2,cholesky,5,gumbel_softmax,8192,0.02,1000,4,rosenbrock,171,0.006765127182006836,-0.8968170285224915,0.687854528427124,0.9180335133345155,0.14903266727924347,0.05964115262031555,0.08676207810640335,0.1054799035191536
rosenbrock,1.0,2,cholesky,5,gumbel_softmax,8192,0.02,1000,4,rosenbrock,172,0.006524085998535156,-0.8996974229812622,0.7054557800292969,0.9175744965778483,0.14717796444892883,0.01506011188030243,0.10077383369207382,0.10620350390672684
rosenbrock,1.0,2,cholesky,5,gumbel_softmax,8192,0.02,1000,4,rosenbrock,173,0.006453037261962891,-0.9036468863487244,0.6877070665359497,0.9171157093295594,0.12616553902626038,0.04654925689101219,0.10116992890834808,0.05929211899638176
rosenbrock,1.0,2,cholesky,5,gumbel_softmax,8192,0.02,1000,4,rosenbrock,174,0.0069119930267333984,-0.9043037295341492,0.8021254539489746,0.9166571514748947,0.27680501341819763,0.08903586864471436,0.2093937247991562,0.15763212740421295
rosenbrock,1.0,2,cholesky,5,gumbel_softmax,8192,0.02,1000,4,rosenbrock,175,0.006887197494506836,-0.9036448001861572,0.7244537472724915,0.9161988228991573,0.1604563593864441,0.06957297027111053,0.08032621443271637,0.12022290378808975
rosenbrock,1.0,2,cholesky,5,gumbel_softmax,8192,0.02,1000,4,rosenbrock,176,0.006623983383178711,-0.9084974527359009,0.7549455761909485,0.9157407234877079,0.1479407101869583,0.04485481604933739,0.09004216641187668,0.10847537219524384
rosenbrock,1.0,2,cholesky,5,gumbel_softmax,8192,0.02,1000,4,rosenbrock,177,0.006456136703491211,-0.9185399413108826,0.7556583285331726,0.915282853125964,0.21288883686065674,0.06241221725940704,0.19712857902050018,0.050662554800510406
rosenbrock,1.0,2,cholesky,5,gumbel_softmax,8192,0.02,1000,4,rosenbrock,178,0.0064580440521240234,-0.9059469699859619,0.8254143595695496,0.9148252116994011,0.4672258794307709,0.19019055366516113,0.3559045195579529,0.2354985475540161
rosenbrock,1.0,2,cholesky,5,gumbel_softmax,8192,0.02,1000,4,rosenbrock,179,0.006425142288208008,-0.901727557182312,0.7245306372642517,0.9143677990935515,0.09771791845560074,0.06443779170513153,0.061953675001859665,0.039475392550230026
rosenbrock,1.0,2,cholesky,5,gumbel_softmax,8192,0.02,1000,4,rosenbrock,180,0.006857872009277344,-0.9018366932868958,0.7345576882362366,0.9139106151940047,0.10424415022134781,0.062356166541576385,0.07426819205284119,0.03824638947844505
rosenbrock,1.0,2,cholesky,5,gumbel_softmax,8192,0.02,1000,4,rosenbrock,181,0.007239818572998047,-0.9035054445266724,0.7010096311569214,0.9134536598864077,0.34321725368499756,0.16942057013511658,0.27960947155952454,0.10446670651435852
rosenbrock,1.0,2,cholesky,5,gumbel_softmax,8192,0.02,1000,4,rosenbrock,182,0.006842851638793945,-0.9086800813674927,0.6911670565605164,0.9129969330564646,0.37527698278427124,0.09570106863975525,0.32525724172592163,0.16087837517261505
rosenbrock,1.0,2,cholesky,5,gumbel_softmax,8192,0.02,1000,4,rosenbrock,183,0.006750822067260742,-0.9084723591804504,0.8079285025596619,0.9125404345899364,0.23510147631168365,0.018134618178009987,0.17807413637638092,0.15242519974708557
rosenbrock,1.0,2,cholesky,5,gumbel_softmax,8192,0.02,1000,4,rosenbrock,184,0.0063517093658447266,-0.9069904685020447,0.7400997281074524,0.9120841643726415,0.29350629448890686,0.1521678864955902,0.20692914724349976,0.14202532172203064
rosenbrock,1.0,2,cholesky,5,gumbel_softmax,8192,0.02,1000,4,rosenbrock,185,0.006884098052978516,-0.912385106086731,0.7274115085601807,0.9116281222904552,0.42611783742904663,0.26338452100753784,0.2828507423400879,0.1794448345899582
rosenbrock,1.0,2,cholesky,5,gumbel_softmax,8192,0.02,1000,4,rosenbrock,186,0.006650686264038086,-0.9338771104812622,0.8078147172927856,0.9111723082293101,0.3666434586048126,0.2288227379322052,0.26050662994384766,0.1191800907254219
rosenbrock,1.0,2,cholesky,5,gumbel_softmax,8192,0.02,1000,4,rosenbrock,187,0.006471872329711914,-0.9238758087158203,0.7481231689453125,0.9107167220751955,0.1966288834810257,0.1252598762512207,0.11119940876960754,0.10299308598041534
rosenbrock,1.0,2,cholesky,5,gumbel_softmax,8192,0.02,1000,4,rosenbrock,188,0.0065343379974365234,-0.9264430999755859,0.7825871706008911,0.9102613637141579,0.16715681552886963,0.08350488543510437,0.13800357282161713,0.043856002390384674
rosenbrock,1.0,2,cholesky,5,gumbel_softmax,8192,0.02,1000,4,rosenbrock,189,0.006497859954833984,-0.9249678254127502,0.8252782821655273,0.9098062330323009,0.21842341125011444,0.12811513245105743,0.11275219917297363,0.1363167017698288
rosenbrock,1.0,2,cholesky,5,gumbel_softmax,8192,0.02,1000,4,rosenbrock,190,0.0064182281494140625,-0.9185230135917664,0.7759398221969604,0.9093513299157847,0.34483253955841064,0.15588127076625824,0.27081915736198425,0.14583376049995422
rosenbrock,1.0,2,cholesky,5,gumbel_softmax,8192,0.02,1000,4,rosenbrock,191,0.00621795654296875,-0.913539707660675,0.7628111243247986,0.9088966542508269,0.3492685854434967,0.13677068054676056,0.1595359742641449,0.27898135781288147
rosenbrock,1.0,2,cholesky,5,gumbel_softmax,8192,0.02,1000,4,rosenbrock,192,0.006306886672973633,-0.9310485124588013,0.7181084156036377,0.9084422059237015,0.23878398537635803,0.02145049348473549,0.04046833887696266,0.23435012996196747
rosenbrock,1.0,2,cholesky,5,gumbel_softmax,8192,0.02,1000,4,rosenbrock,193,0.006520986557006836,-0.9194424748420715,0.7814291715621948,0.9079879848207397,0.17221926152706146,0.07741913199424744,0.14425544440746307,0.053442709147930145
rosenbrock,1.0,2,cholesky,5,gumbel_softmax,8192,0.02,1000,4,rosenbrock,194,0.006479978561401367,-0.9150314331054688,0.7556843757629395,0.9075339908283294,0.4111458659172058,0.222412571310997,0.28222769498825073,0.1998026967048645
rosenbrock,1.0,2,cholesky,5,gumbel_softmax,8192,0.02,1000,4,rosenbrock,195,0.006451129913330078,-0.9232737421989441,0.7858455777168274,0.9070802238329153,0.2432938516139984,0.15191489458084106,0.11036011576652527,0.15470749139785767
rosenbrock,1.0,2,cholesky,5,gumbel_softmax,8192,0.02,1000,4,rosenbrock,196,0.006554126739501953,-0.9293516874313354,0.8232252597808838,0.906626683720999,0.27972397208213806,0.1307951956987381,0.07423693686723709,0.23585373163223267
rosenbrock,1.0,2,cholesky,5,gumbel_softmax,8192,0.02,1000,4,rosenbrock,197,0.0064220428466796875,-0.91959148645401,0.8071016669273376,0.9061733703791385,0.19865018129348755,0.05330169200897217,0.14396940171718597,0.12606994807720184
rosenbrock,1.0,2,cholesky,5,gumbel_softmax,8192,0.02,1000,4,rosenbrock,198,0.006440877914428711,-0.9281730055809021,0.7675749659538269,0.905720283693949,0.1658145934343338,0.08578725159168243,0.10624371469020844,0.09406008571386337
rosenbrock,1.0,2,cholesky,5,gumbel_softmax,8192,0.02,1000,4,rosenbrock,199,0.006470918655395508,-0.9339066743850708,0.8322640061378479,0.905267423552102,0.28077247738838196,0.08763433992862701,0.25364920496940613,0.08255605399608612
rosenbrock,1.0,2,cholesky,5,gumbel_softmax,8192,0.02,1000,4,rosenbrock,200,0.006512880325317383,-0.922795295715332,0.803412914276123,0.904814789840326,0.1830540895462036,0.07862728834152222,0.05971817672252655,0.15414370596408844
rosenbrock,1.0,2,cholesky,5,gumbel_softmax,8192,0.02,1000,4,rosenbrock,201,0.006556987762451172,-0.9301612973213196,0.9816282987594604,0.9043623824454059,0.27057382464408875,0.06696748733520508,0.21210156381130219,0.15407297015190125
rosenbrock,1.0,2,cholesky,5,gumbel_softmax,8192,0.02,1000,4,rosenbrock,202,0.006426095962524414,-0.923930287361145,0.771076500415802,0.9039102012541833,0.20896194875240326,0.04614906758069992,0.17771665751934052,0.09976047277450562
rosenbrock,1.0,2,cholesky,5,gumbel_softmax,8192,0.02,1000,4,rosenbrock,203,0.006453990936279297,-0.9358418583869934,0.7961559891700745,0.9034582461535562,0.21418306231498718,0.012726033106446266,0.04319734498858452,0.2093953639268875
rosenbrock,1.0,2,cholesky,5,gumbel_softmax,8192,0.02,1000,4,rosenbrock,204,0.006487846374511719,-0.9263381958007812,0.761441707611084,0.9030065170304795,0.17124877870082855,0.03782342001795769,0.1220451220870018,0.11401983350515366
rosenbrock,1.0,2,cholesky,5,gumbel_softmax,8192,0.02,1000,4,rosenbrock,205,0.006328105926513672,-0.9264593720436096,0.7660039663314819,0.9025550137719643,0.12241305410861969,0.07033000886440277,0.07700161635875702,0.06410457193851471
rosenbrock,1.0,2,cholesky,5,gumbel_softmax,8192,0.02,1000,4,rosenbrock,206,0.0068378448486328125,-0.939815104007721,0.8834389448165894,0.9021037362650783,0.22776147723197937,0.06944682449102402,0.16733478009700775,0.138027161359787
rosenbrock,1.0,2,cholesky,5,gumbel_softmax,8192,0.02,1000,4,rosenbrock,207,0.006646871566772461,-0.9381911754608154,0.7992871999740601,0.9016526843969459,0.17718228697776794,0.02370522916316986,0.09618668258190155,0.146900475025177
rosenbrock,1.0,2,cholesky,5,gumbel_softmax,8192,0.02,1000,4,rosenbrock,208,0.006469249725341797,-0.9387855529785156,0.8463611006736755,0.9012018580547474,0.23138166964054108,0.07339330017566681,0.17601655423641205,0.13103081285953522
rosenbrock,1.0,2,cholesky,5,gumbel_softmax,8192,0.02,1000,4,rosenbrock,209,0.006473064422607422,-0.9311869144439697,0.8286066055297852,0.9007512571257201,0.15142589807510376,0.048762593418359756,0.12747284770011902,0.06559484452009201
rosenbrock,1.0,2,cholesky,5,gumbel_softmax,8192,0.02,1000,4,rosenbrock,210,0.006433010101318359,-0.9460922479629517,0.7759003043174744,0.9003008814971574,0.17018094658851624,0.10273773223161697,0.09678928554058075,0.09507021307945251
rosenbrock,1.0,2,cholesky,5,gumbel_softmax,8192,0.02,1000,4,rosenbrock,211,0.00638270378112793,-0.9244410991668701,0.815701961517334,0.8998507310564088,0.26644405722618103,0.1747700273990631,0.1479150652885437,0.13626818358898163
rosenbrock,1.0,2,cholesky,5,gumbel_softmax,8192,0.02,1000,4,rosenbrock,212,0.0064067840576171875,-0.9192575216293335,0.7217468023300171,0.8994008056908807,0.21401551365852356,0.07210329920053482,0.18140850961208344,0.08771948516368866
rosenbrock,1.0,2,cholesky,5,gumbel_softmax,8192,0.02,1000,4,rosenbrock,213,0.0070760250091552734,-0.9473194479942322,0.8582990765571594,0.8989511052880352,0.14261621236801147,0.023531218990683556,0.10747900605201721,0.09074098616838455
rosenbrock,1.0,2,cholesky,5,gumbel_softmax,8192,0.02,1000,4,rosenbrock,214,0.006871223449707031,-0.9497783184051514,0.7728398442268372,0.8985016297353913,0.29014530777931213,0.02794855460524559,0.16346557438373566,0.2380801886320114
rosenbrock,1.0,2,cholesky,5,gumbel_softmax,8192,0.02,1000,4,rosenbrock,215,0.006824970245361328,-0.9499133825302124,0.8478365540504456,0.8980523789205236,0.34930768609046936,0.100070059299469,0.3138098418712616,0.11629802733659744
rosenbrock,1.0,2,cholesky,5,gumbel_softmax,8192,0.02,1000,4,rosenbrock,216,0.006970882415771484,-0.9424690008163452,0.7589903473854065,0.8976033527310634,0.2658368647098541,0.1349232792854309,0.20100811123847961,0.1098211407661438
rosenbrock,1.0,2,cholesky,5,gumbel_softmax,8192,0.02,1000,4,rosenbrock,217,0.007023811340332031,-0.9337201118469238,0.7651183009147644,0.8971545510546979,0.21184886991977692,0.08553756773471832,0.1493975818157196,0.12346508353948593
rosenbrock,1.0,2,cholesky,5,gumbel_softmax,8192,0.02,1000,4,rosenbrock,218,0.006601810455322266,-0.9357506036758423,0.7605774998664856,0.8967059737791706,0.11645396053791046,0.0347830131649971,0.061236366629600525,0.09274574369192123
rosenbrock,1.0,2,cholesky,5,gumbel_softmax,8192,0.02,1000,4,rosenbrock,219,0.006697177886962891,-0.9137988686561584,0.8243063688278198,0.8962576207922811,0.16191734373569489,0.08859596401453018,0.1151130422949791,0.0715329721570015
rosenbrock,1.0,2,cholesky,5,gumbel_softmax,8192,0.02,1000,4,rosenbrock,220,0.006919145584106445,-0.9289039373397827,0.7996984720230103,0.895809491981885,0.31907254457473755,0.19510850310325623,0.24370065331459045,0.06595426052808762
rosenbrock,1.0,2,cholesky,5,gumbel_softmax,8192,0.02,1000,4,rosenbrock,221,0.00672602653503418,-0.9404357075691223,0.8628349900245667,0.8953615872358941,0.2810204029083252,0.05167662724852562,0.24898314476013184,0.11962183564901352
rosenbrock,1.0,2,cholesky,5,gumbel_softmax,8192,0.02,1000,4,rosenbrock,222,0.006674051284790039,-0.9196500778198242,0.9203338027000427,0.8949139064422762,0.24378381669521332,0.0952937975525856,0.19471177458763123,0.11152111738920212
rosenbrock,1.0,2,cholesky,5,gumbel_softmax,8192,0.02,1000,4,rosenbrock,223,0.006471872329711914,-0.9182744026184082,0.7863872647285461,0.8944664494890552,0.29011744260787964,0.07506491988897324,0.2750619053840637,0.0536128394305706
rosenbrock,1.0,2,cholesky,5,gumbel_softmax,8192,0.02,1000,4,rosenbrock,224,0.007194995880126953,-0.9362110495567322,0.809076189994812,0.8940192162643107,0.2358916848897934,0.01575365476310253,0.18701611459255219,0.14290441572666168
rosenbrock,1.0,2,cholesky,5,gumbel_softmax,8192,0.02,1000,4,rosenbrock,225,0.007300138473510742,-0.9344459176063538,0.7839429378509521,0.8935722066561785,0.146831214427948,0.050141166895627975,0.1112794429063797,0.08162201195955276
rosenbrock,1.0,2,cholesky,5,gumbel_softmax,8192,0.02,1000,4,rosenbrock,226,0.006746053695678711,-0.9583515524864197,1.0689325332641602,0.8931254205528505,0.2819368541240692,0.02458270639181137,0.24320566654205322,0.1404816061258316
rosenbrock,1.0,2,cholesky,5,gumbel_softmax,8192,0.02,1000,4,rosenbrock,227,0.00719904899597168,-0.9147158265113831,0.7873950004577637,0.8926788578425742,0.15057815611362457,0.053914546966552734,0.12625406682491302,0.061862047761678696
rosenbrock,1.0,2,cholesky,5,gumbel_softmax,8192,0.02,1000,4,rosenbrock,228,0.006829977035522461,-0.932250440120697,0.8468260765075684,0.8922325184136529,0.2717234492301941,0.006899938452988863,0.11940757185220718,0.24398329854011536
rosenbrock,1.0,2,cholesky,5,gumbel_softmax,8192,0.02,1000,4,rosenbrock,229,0.006384849548339844,-0.943248987197876,0.8958306908607483,0.8917864021544462,0.1887703686952591,0.06674086302518845,0.08445539325475693,0.15507157146930695
rosenbrock,1.0,2,cholesky,5,gumbel_softmax,8192,0.02,1000,4,rosenbrock,230,0.007230043411254883,-0.9350301623344421,0.8093823194503784,0.8913405089533689,0.26973527669906616,0.13022109866142273,0.14699946343898773,0.18490734696388245
rosenbrock,1.0,2,cholesky,5,gumbel_softmax,8192,0.02,1000,4,rosenbrock,231,0.006638288497924805,-0.9353833198547363,0.8545879125595093,0.8908948386988923,0.3779938519001007,0.15648771822452545,0.3273536264896393,0.1059742420911789
rosenbrock,1.0,2,cholesky,5,gumbel_softmax,8192,0.02,1000,4,rosenbrock,232,0.0064258575439453125,-0.9359281659126282,0.8083564043045044,0.8904493912795429,0.0858997032046318,0.04437190666794777,0.04797537997364998,0.055751729756593704
rosenbrock,1.0,2,cholesky,5,gumbel_softmax,8192,0.02,1000,4,rosenbrock,233,0.007149219512939453,-0.9298340082168579,0.8173513412475586,0.8900041665839031,0.18249160051345825,0.1014171913266182,0.07123671472072601,0.13395173847675323
rosenbrock,1.0,2,cholesky,5,gumbel_softmax,8192,0.02,1000,4,rosenbrock,234,0.0070149898529052734,-0.9470896124839783,0.8917565941810608,0.8895591645006112,0.177054300904274,0.05614619702100754,0.1389559805393219,0.0942712128162384
rosenbrock,1.0,2,cholesky,5,gumbel_softmax,8192,0.02,1000,4,rosenbrock,235,0.006875038146972656,-0.9436857104301453,0.9532174468040466,0.889114384918361,0.3419587016105652,0.19901365041732788,0.27235230803489685,0.05615631118416786
rosenbrock,1.0,2,cholesky,5,gumbel_softmax,8192,0.02,1000,4,rosenbrock,236,0.006899833679199219,-0.9548619389533997,0.9813635349273682,0.8886698277259019,0.2558484375476837,0.14476610720157623,0.1012190729379654,0.18508347868919373
rosenbrock,1.0,2,cholesky,5,gumbel_softmax,8192,0.02,1000,4,rosenbrock,237,0.006604909896850586,-0.9521933794021606,0.9015384316444397,0.888225492812039,0.21740099787712097,0.009591867215931416,0.18894392251968384,0.10710452497005463
rosenbrock,1.0,2,cholesky,5,gumbel_softmax,8192,0.02,1000,4,rosenbrock,238,0.006667137145996094,-0.9416105151176453,0.8374166488647461,0.887781380065633,0.27946075797080994,0.06858200579881668,0.2467499077320099,0.11184494942426682
rosenbrock,1.0,2,cholesky,5,gumbel_softmax,8192,0.02,1000,4,rosenbrock,239,0.006522178649902344,-0.9418961405754089,0.8300192952156067,0.8873374893756002,0.1611587256193161,0.010601665824651718,0.11725138127803802,0.1100538969039917
rosenbrock,1.0,2,cholesky,5,gumbel_softmax,8192,0.02,1000,4,rosenbrock,240,0.00714421272277832,-0.9318534135818481,0.8177353143692017,0.8868938206309125,0.19765526056289673,0.10894069820642471,0.15244990587234497,0.0629170835018158
rosenbrock,1.0,2,cholesky,5,gumbel_softmax,8192,0.02,1000,4,rosenbrock,241,0.00664973258972168,-0.9298650026321411,0.8316959142684937,0.8864503737205971,0.28156450390815735,0.14018040895462036,0.23251476883888245,0.0745982825756073
rosenbrock,1.0,2,cholesky,5,gumbel_softmax,8192,0.02,1000,4,rosenbrock,242,0.007014036178588867,-0.9422672986984253,0.8336280584335327,0.8860071485337369,0.2172825187444687,0.012259216047823429,0.08604746311903,0.199141263961792
rosenbrock,1.0,2,cholesky,5,gumbel_softmax,8192,0.02,1000,4,rosenbrock,243,0.006932973861694336,-0.9449193477630615,0.8531857132911682,0.88556414495947,0.14653576910495758,0.015166565775871277,0.1117430105805397,0.09357460588216782
rosenbrock,1.0,2,cholesky,5,gumbel_softmax,8192,0.02,1000,4,rosenbrock,244,0.006742954254150391,-0.924712061882019,0.8535125255584717,0.8851213628869903,0.12484320998191833,0.011239444836974144,0.06625813990831375,0.10521101951599121
rosenbrock,1.0,2,cholesky,5,gumbel_softmax,8192,0.02,1000,4,rosenbrock,245,0.006672859191894531,-0.9049994945526123,0.7694433927536011,0.8846788022055468,0.1994086056947708,0.11704317480325699,0.1019272431731224,0.12520191073417664
rosenbrock,1.0,2,cholesky,5,gumbel_softmax,8192,0.02,1000,4,rosenbrock,246,0.006417989730834961,-0.9286556839942932,0.7661683559417725,0.8842364628044441,0.22927385568618774,0.16469426453113556,0.1433679163455963,0.06991376727819443
rosenbrock,1.0,2,cholesky,5,gumbel_softmax,8192,0.02,1000,4,rosenbrock,247,0.006578922271728516,-0.9596789479255676,0.8703916668891907,0.883794344573042,0.2869732975959778,0.11645648628473282,0.23494216799736023,0.1165921688079834
rosenbrock,1.0,2,cholesky,5,gumbel_softmax,8192,0.02,1000,4,rosenbrock,248,0.006936073303222656,-0.9310274124145508,0.8216330409049988,0.8833524474007555,0.306487113237381,0.2322797030210495,0.19166529178619385,0.0569639727473259
rosenbrock,1.0,2,cholesky,5,gumbel_softmax,8192,0.02,1000,4,rosenbrock,249,0.006952047348022461,-0.9467147588729858,0.9147507548332214,0.8829107711770552,0.24557386338710785,0.09685588628053665,0.2153400182723999,0.06748435646295547
rosenbrock,1.0,2,cholesky,5,gumbel_softmax,8192,0.02,1000,4,rosenbrock,250,0.00687408447265625,-0.9489449858665466,0.9004966616630554,0.8824693157914667,0.1703641712665558,0.019860895350575447,0.09955928474664688,0.13681170344352722
rosenbrock,1.0,2,cholesky,5,gumbel_softmax,8192,0.02,1000,4,rosenbrock,251,0.006394863128662109,-0.9599545001983643,0.8784407377243042,0.882028081133571,0.12374081462621689,0.0655025765299797,0.05165204778313637,0.09139622002840042
rosenbrock,1.0,2,cholesky,5,gumbel_softmax,8192,0.02,1000,4,rosenbrock,252,0.006966114044189453,-0.955952525138855,0.8838452100753784,0.8815870670930043,0.2678878903388977,0.07497310638427734,0.21645517647266388,0.138888880610466
rosenbrock,1.0,2,cholesky,5,gumbel_softmax,8192,0.02,1000,4,rosenbrock,253,0.006759166717529297,-0.9404851198196411,0.8854125142097473,0.8811462735594578,0.31713324785232544,0.19044329226016998,0.23860332369804382,0.08586791902780533
rosenbrock,1.0,2,cholesky,5,gumbel_softmax,8192,0.02,1000,4,rosenbrock,254,0.00687408447265625,-0.9414043426513672,0.8705640435218811,0.8807057004226782,0.2660495638847351,0.1355382204055786,0.2071923166513443,0.09738117456436157
rosenbrock,1.0,2,cholesky,5,gumbel_softmax,8192,0.02,1000,4,rosenbrock,255,0.0066680908203125,-0.9460467100143433,0.8430399298667908,0.8802653475724669,0.2173137366771698,0.03187507018446922,0.09273446351289749,0.19393183290958405
rosenbrock,1.0,2,cholesky,5,gumbel_softmax,8192,0.02,1000,4,rosenbrock,256,0.0064792633056640625,-0.9366155862808228,0.8123291730880737,0.8798252148986807,0.13241688907146454,0.08166971802711487,0.08968281745910645,0.05311572924256325
rosenbrock,1.0,2,cholesky,5,gumbel_softmax,8192,0.02,1000,4,rosenbrock,257,0.006311178207397461,-0.9387454986572266,0.860500693321228,0.8793853022912314,0.11415883153676987,0.06601445376873016,0.03871684893965721,0.0847073569893837
rosenbrock,1.0,2,cholesky,5,gumbel_softmax,8192,0.02,1000,4,rosenbrock,258,0.006678104400634766,-0.9452615976333618,0.8406110405921936,0.8789456096400858,0.31284311413764954,0.18329322338104248,0.2213803231716156,0.12355227768421173
rosenbrock,1.0,2,cholesky,5,gumbel_softmax,8192,0.02,1000,4,rosenbrock,259,0.0069179534912109375,-0.9468830227851868,0.8646142482757568,0.8785061368352658,0.27203598618507385,0.13626354932785034,0.2170252948999405,0.09130078554153442
rosenbrock,1.0,2,cholesky,5,gumbel_softmax,8192,0.02,1000,4,rosenbrock,260,0.007121086120605469,-0.9397929906845093,0.812264621257782,0.8780668837668483,0.11374866962432861,0.050589289516210556,0.06247100234031677,0.08047892153263092
rosenbrock,1.0,2,cholesky,5,gumbel_softmax,8192,0.02,1000,4,rosenbrock,261,0.006867885589599609,-0.9471408724784851,0.9174627661705017,0.8776278503249648,0.21124187111854553,0.0579305998980999,0.0969715416431427,0.17850404977798462
rosenbrock,1.0,2,cholesky,5,gumbel_softmax,8192,0.02,1000,4,rosenbrock,262,0.0067348480224609375,-0.9504982829093933,0.9771203398704529,0.8771890363998024,0.2636318504810333,0.1866045892238617,0.1783711165189743,0.053518474102020264
rosenbrock,1.0,2,cholesky,5,gumbel_softmax,8192,0.02,1000,4,rosenbrock,263,0.0066318511962890625,-0.9326217174530029,0.8407285809516907,0.8767504418816026,0.3966062366962433,0.18584899604320526,0.33225610852241516,0.11118707060813904
rosenbrock,1.0,2,cholesky,5,gumbel_softmax,8192,0.02,1000,4,rosenbrock,264,0.006847858428955078,-0.9486576318740845,0.8681861758232117,0.8763120666606619,0.25405487418174744,0.10887690633535385,0.158494234085083,0.16603994369506836
rosenbrock,1.0,2,cholesky,5,gumbel_softmax,8192,0.02,1000,4,rosenbrock,265,0.0065991878509521484,-0.9404170513153076,0.8404541015625,0.8758739106273316,0.23493756353855133,0.08480151742696762,0.2008969932794571,0.08743428438901901
rosenbrock,1.0,2,cholesky,5,gumbel_softmax,8192,0.02,1000,4,rosenbrock,266,0.007077932357788086,-0.9298809170722961,0.8112878799438477,0.875435973672018,0.46534666419029236,0.2557361423969269,0.36561518907546997,0.13218191266059875
rosenbrock,1.0,2,cholesky,5,gumbel_softmax,8192,0.02,1000,4,rosenbrock,267,0.006926059722900391,-0.9640905857086182,0.9208113551139832,0.874998255685182,0.4421336054801941,0.23446957767009735,0.3441585600376129,0.14852963387966156
rosenbrock,1.0,2,cholesky,5,gumbel_softmax,8192,0.02,1000,4,rosenbrock,268,0.0068247318267822266,-0.9563003778457642,0.8345514535903931,0.8745607565573394,0.10574183613061905,0.017567945644259453,0.04838108643889427,0.09236868470907211
rosenbrock,1.0,2,cholesky,5,gumbel_softmax,8192,0.02,1000,4,rosenbrock,269,0.007079124450683594,-0.9789589047431946,1.0366547107696533,0.8741234761790608,0.28867608308792114,0.13250026106834412,0.22084414958953857,0.13040487468242645
rosenbrock,1.0,2,cholesky,5,gumbel_softmax,8192,0.02,1000,4,rosenbrock,270,0.00710296630859375,-0.9504888653755188,0.8482251763343811,0.8736864144409713,0.3461860418319702,0.21179571747779846,0.26497384905815125,0.0691101923584938
rosenbrock,1.0,2,cholesky,5,gumbel_softmax,8192,0.02,1000,4,rosenbrock,271,0.006865024566650391,-0.9550324082374573,1.1878644227981567,0.8732495712337509,0.24342486262321472,0.10162169486284256,0.1820087879896164,0.12570402026176453
rosenbrock,1.0,2,cholesky,5,gumbel_softmax,8192,0.02,1000,4,rosenbrock,272,0.006830930709838867,-0.9553236365318298,0.9670706391334534,0.872812946448134,0.1957632452249527,0.046967778354883194,0.09787942469120026,0.16290147602558136
rosenbrock,1.0,2,cholesky,5,gumbel_softmax,8192,0.02,1000,4,rosenbrock,273,0.007140159606933594,-0.9575660228729248,0.8576509952545166,0.87237653997491,0.2669737637042999,0.061513859778642654,0.24967367947101593,0.07179199159145355
rosenbrock,1.0,2,cholesky,5,gumbel_softmax,8192,0.02,1000,4,rosenbrock,274,0.0066339969635009766,-0.9454775452613831,0.7834456562995911,0.8719403517049227,0.21586622297763824,0.11523690819740295,0.15657548606395721,0.09382318705320358
rosenbrock,1.0,2,cholesky,5,gumbel_softmax,8192,0.02,1000,4,rosenbrock,275,0.006823062896728516,-0.9550390839576721,0.8537967801094055,0.8715043815290702,0.19338859617710114,0.11974203586578369,0.08636123687028885,0.1249108836054802
rosenbrock,1.0,2,cholesky,5,gumbel_softmax,8192,0.02,1000,4,rosenbrock,276,0.006349086761474609,-0.9428718090057373,0.9656770825386047,0.8710686293383058,0.17483238875865936,0.05591495707631111,0.16192686557769775,0.034922435879707336
rosenbrock,1.0,2,cholesky,5,gumbel_softmax,8192,0.02,1000,4,rosenbrock,277,0.006582021713256836,-0.9480443596839905,0.8488903641700745,0.8706330950236366,0.3605002760887146,0.12678955495357513,0.3128588795661926,0.12650762498378754
rosenbrock,1.0,2,cholesky,5,gumbel_softmax,8192,0.02,1000,4,rosenbrock,278,0.006313800811767578,-0.9588541984558105,0.8697919249534607,0.8701977784761249,0.24868249893188477,0.08203981816768646,0.19589480757713318,0.1293741762638092
rosenbrock,1.0,2,cholesky,5,gumbel_softmax,8192,0.02,1000,4,rosenbrock,279,0.007060050964355469,-0.9482468366622925,0.8687429428100586,0.8697626795868868,0.28068220615386963,0.11694617569446564,0.22267358005046844,0.12458966672420502
rosenbrock,1.0,2,cholesky,5,gumbel_softmax,8192,0.02,1000,4,rosenbrock,280,0.0069811344146728516,-0.9537128806114197,0.8394825458526611,0.8693277982470935,0.27832746505737305,0.13722972571849823,0.1121114194393158,0.21462810039520264
rosenbrock,1.0,2,cholesky,5,gumbel_softmax,8192,0.02,1000,4,rosenbrock,281,0.00713801383972168,-0.9668503403663635,0.9370065331459045,0.86889313434797,0.3655349314212799,0.19867058098316193,0.23984257876873016,0.1913670003414154
rosenbrock,1.0,2,cholesky,5,gumbel_softmax,8192,0.02,1000,4,rosenbrock,282,0.007112026214599609,-0.9697216749191284,0.9543864130973816,0.868458687780796,0.1579330563545227,0.04129042848944664,0.053297076374292374,0.1428193598985672
rosenbrock,1.0,2,cholesky,5,gumbel_softmax,8192,0.02,1000,4,rosenbrock,283,0.007111310958862305,-0.9485946297645569,0.8697949647903442,0.8680244584369057,0.14698003232479095,0.03724544122815132,0.05662018805742264,0.13042263686656952
rosenbrock,1.0,2,cholesky,5,gumbel_softmax,8192,0.02,1000,4,rosenbrock,284,0.007029056549072266,-0.9443484544754028,0.8772384524345398,0.8675904462076872,0.1660911589860916,0.037615690380334854,0.12921872735023499,0.09733373671770096
rosenbrock,1.0,2,cholesky,5,gumbel_softmax,8192,0.02,1000,4,rosenbrock,285,0.006818056106567383,-0.9579667448997498,0.9679990410804749,0.8671566509845835,0.3125873804092407,0.10421067476272583,0.12936978042125702,0.264791339635849
rosenbrock,1.0,2,cholesky,5,gumbel_softmax,8192,0.02,1000,4,rosenbrock,286,0.006990671157836914,-0.9570206999778748,0.8966027498245239,0.8667230726590912,0.5761690735816956,0.3078519403934479,0.4671783447265625,0.13763126730918884
rosenbrock,1.0,2,cholesky,5,gumbel_softmax,8192,0.02,1000,4,rosenbrock,287,0.006558895111083984,-0.9513168334960938,0.8255020380020142,0.8662897111227618,0.4751526117324829,0.2524248957633972,0.383048951625824,0.123794786632061
rosenbrock,1.0,2,cholesky,5,gumbel_softmax,8192,0.02,1000,4,rosenbrock,288,0.006800174713134766,-0.9573090076446533,0.9899120926856995,0.8658565662672004,0.19174236059188843,0.039502762258052826,0.16866330802440643,0.08220311999320984
rosenbrock,1.0,2,cholesky,5,gumbel_softmax,8192,0.02,1000,4,rosenbrock,289,0.006665945053100586,-0.9650081396102905,0.9256532192230225,0.8654236379840669,0.2599514126777649,0.11151781678199768,0.19303886592388153,0.1336955577135086
rosenbrock,1.0,2,cholesky,5,gumbel_softmax,8192,0.02,1000,4,rosenbrock,290,0.0068781375885009766,-0.9516409635543823,0.8444278836250305,0.8649909261650749,0.4219631254673004,0.2560684382915497,0.3169105648994446,0.10977035760879517
rosenbrock,1.0,2,cholesky,5,gumbel_softmax,8192,0.02,1000,4,rosenbrock,291,0.007127046585083008,-0.9675048589706421,0.858681321144104,0.8645584307019923,0.28939947485923767,0.1733183115720749,0.1839965432882309,0.14091865718364716
rosenbrock,1.0,2,cholesky,5,gumbel_softmax,8192,0.02,1000,4,rosenbrock,292,0.00660395622253418,-0.9549039602279663,0.8823302388191223,0.8641261514866414,0.23180928826332092,0.04071493074297905,0.09424642473459244,0.20783516764640808
rosenbrock,1.0,2,cholesky,5,gumbel_softmax,8192,0.02,1000,4,rosenbrock,293,0.006794929504394531,-0.9710196256637573,0.9195932745933533,0.8636940884108981,0.15576773881912231,0.04550691694021225,0.09104572236537933,0.11791261285543442
rosenbrock,1.0,2,cholesky,5,gumbel_softmax,8192,0.02,1000,4,rosenbrock,294,0.007382869720458984,-0.940442681312561,0.8752679824829102,0.8632622413666927,0.15924935042858124,0.0942566841840744,0.1000550240278244,0.0804053544998169
rosenbrock,1.0,2,cholesky,5,gumbel_softmax,8192,0.02,1000,4,rosenbrock,295,0.0067958831787109375,-0.9640988111495972,0.8916691541671753,0.8628306102460094,0.1289099156856537,0.046959541738033295,0.07479241490364075,0.09390773624181747
rosenbrock,1.0,2,cholesky,5,gumbel_softmax,8192,0.02,1000,4,rosenbrock,296,0.006869077682495117,-0.9508773684501648,0.8512616157531738,0.8623991949408865,0.6073115468025208,0.17901873588562012,0.5557207465171814,0.1671944409608841
rosenbrock,1.0,2,cholesky,5,gumbel_softmax,8192,0.02,1000,4,rosenbrock,297,0.007091045379638672,-0.9660684466362,0.8649312853813171,0.8619679953434161,0.2604621350765228,0.12208231538534164,0.13350719213485718,0.18738266825675964
rosenbrock,1.0,2,cholesky,5,gumbel_softmax,8192,0.02,1000,4,rosenbrock,298,0.006679058074951172,-0.9555993676185608,0.9377607107162476,0.8615370113457445,0.451254665851593,0.22174622118473053,0.2536042034626007,0.3002403974533081
rosenbrock,1.0,2,cholesky,5,gumbel_softmax,8192,0.02,1000,4,rosenbrock,299,0.0068628787994384766,-0.9586303234100342,0.9369768500328064,0.8611062428400716,0.3420146405696869,0.14647309482097626,0.25254026055336,0.17816583812236786
rosenbrock,1.0,2,cholesky,5,gumbel_softmax,8192,0.02,1000,4,rosenbrock,300,0.006483316421508789,-0.9537947773933411,0.8934855461120605,0.8606756897186516,0.2443723827600479,0.05353783071041107,0.18888507783412933,0.14551284909248352
rosenbrock,1.0,2,cholesky,5,gumbel_softmax,8192,0.02,1000,4,rosenbrock,301,0.006413936614990234,-0.9566686153411865,0.9064484238624573,0.8602453518737924,0.541871190071106,0.2990683317184448,0.31867119669914246,0.32036101818084717
rosenbrock,1.0,2,cholesky,5,gumbel_softmax,8192,0.02,1000,4,rosenbrock,302,0.007103919982910156,-0.9437422156333923,0.8589228391647339,0.8598152291978555,0.4026491343975067,0.25333088636398315,0.28081804513931274,0.13817031681537628
rosenbrock,1.0,2,cholesky,5,gumbel_softmax,8192,0.02,1000,4,rosenbrock,303,0.006819963455200195,-0.9695520997047424,0.9880006909370422,0.8593853215832566,0.6850422620773315,0.3312337100505829,0.473440945148468,0.3679955005645752
rosenbrock,1.0,2,cholesky,5,gumbel_softmax,8192,0.02,1000,4,rosenbrock,304,0.006775856018066406,-0.987697958946228,0.9100163578987122,0.858955628922465,0.22054383158683777,0.056124668568372726,0.18696056306362152,0.10264187306165695
rosenbrock,1.0,2,cholesky,5,gumbel_softmax,8192,0.02,1000,4,rosenbrock,305,0.0066339969635009766,-0.9656046628952026,0.9418293237686157,0.8585261511080038,0.3938857614994049,0.22322791814804077,0.2958352565765381,0.1334046721458435
rosenbrock,1.0,2,cholesky,5,gumbel_softmax,8192,0.02,1000,4,rosenbrock,306,0.006533145904541016,-0.9509139060974121,0.8760560154914856,0.8580968880324499,0.6426578760147095,0.3171694576740265,0.4451715052127838,0.3379867672920227
rosenbrock,1.0,2,cholesky,5,gumbel_softmax,8192,0.02,1000,4,rosenbrock,307,0.006463050842285156,-0.9849311709403992,0.9478989243507385,0.8576678395884337,0.5543712973594666,0.21432314813137054,0.3942108750343323,0.32556241750717163
rosenbrock,1.0,2,cholesky,5,gumbel_softmax,8192,0.02,1000,4,rosenbrock,308,0.0063822269439697266,-0.9447577595710754,0.9082828760147095,0.8572390056686395,0.160432830452919,0.03523620590567589,0.11658859252929688,0.10442321002483368
rosenbrock,1.0,2,cholesky,5,gumbel_softmax,8192,0.02,1000,4,rosenbrock,309,0.006760120391845703,-0.9647732973098755,0.8663455247879028,0.8568103861658053,0.6593297123908997,0.34489157795906067,0.5469390749931335,0.1289309561252594
rosenbrock,1.0,2,cholesky,5,gumbel_softmax,8192,0.02,1000,4,rosenbrock,310,0.0069789886474609375,-0.9578340649604797,0.8531173467636108,0.8563819809727224,0.5613366365432739,0.2571202218532562,0.4723006784915924,0.16099724173545837
rosenbrock,1.0,2,cholesky,5,gumbel_softmax,8192,0.02,1000,4,rosenbrock,311,0.006871223449707031,-0.9664038419723511,0.8891260027885437,0.855953789982236,0.23123575747013092,0.044400956481695175,0.21158286929130554,0.08204397559165955
rosenbrock,1.0,2,cholesky,5,gumbel_softmax,8192,0.02,1000,4,rosenbrock,312,0.006982088088989258,-0.9598232507705688,0.8926188945770264,0.8555258130872451,0.5673545598983765,0.3112608790397644,0.4610249400138855,0.1116417795419693
rosenbrock,1.0,2,cholesky,5,gumbel_softmax,8192,0.02,1000,4,rosenbrock,313,0.007073163986206055,-0.9596894979476929,0.8936214447021484,0.8550980501807014,0.5099548101425171,0.2477879524230957,0.4291127622127533,0.12048788368701935
rosenbrock,1.0,2,cholesky,5,gumbel_softmax,8192,0.02,1000,4,rosenbrock,314,0.006830930709838867,-0.973987877368927,0.9603847861289978,0.8546705011556112,0.11696462333202362,0.07904619723558426,0.06333325803279877,0.05849204957485199
rosenbrock,1.0,2,cholesky,5,gumbel_softmax,8192,0.02,1000,4,rosenbrock,315,0.006679058074951172,-0.9519745111465454,0.8767296671867371,0.8542431659050334,0.26986509561538696,0.10303790867328644,0.2249688357114792,0.10770044475793839
rosenbrock,1.0,2,cholesky,5,gumbel_softmax,8192,0.02,1000,4,rosenbrock,316,0.006864786148071289,-0.9665606021881104,0.9609507322311401,0.8538160443220809,0.4090878367424011,0.2881720960140228,0.27855348587036133,0.08196128159761429
rosenbrock,1.0,2,cholesky,5,gumbel_softmax,8192,0.02,1000,4,rosenbrock,317,0.006552696228027344,-0.9672015905380249,0.8716865181922913,0.8533891362999199,0.42435842752456665,0.23084864020347595,0.30311399698257446,0.18684469163417816
rosenbrock,1.0,2,cholesky,5,gumbel_softmax,8192,0.02,1000,4,rosenbrock,318,0.006496906280517578,-0.9539635181427002,0.8759893178939819,0.85296244173177,0.26592817902565,0.1505628228187561,0.19366298615932465,0.10268048197031021
rosenbrock,1.0,2,cholesky,5,gumbel_softmax,8192,0.02,1000,4,rosenbrock,319,0.006700992584228516,-0.9624829888343811,0.9194034337997437,0.8525359605109042,0.21040788292884827,0.09147830307483673,0.1819756031036377,0.0528021864593029
rosenbrock,1.0,2,cholesky,5,gumbel_softmax,8192,0.02,1000,4,rosenbrock,320,0.0068988800048828125,-0.9722489714622498,0.9230470657348633,0.8521096925306487,0.2555054724216461,0.1734583079814911,0.11796542257070541,0.14587469398975372
rosenbrock,1.0,2,cholesky,5,gumbel_softmax,8192,0.02,1000,4,rosenbrock,321,0.006928920745849609,-0.961550235748291,0.9235120415687561,0.8516836376843835,0.4662548899650574,0.2913413643836975,0.2896389067173004,0.22050651907920837
rosenbrock,1.0,2,cholesky,5,gumbel_softmax,8192,0.02,1000,4,rosenbrock,322,0.006860256195068359,-0.9743653535842896,0.9378181099891663,0.8512577958655413,0.17617309093475342,0.10212040692567825,0.07561910897493362,0.12202511727809906
rosenbrock,1.0,2,cholesky,5,gumbel_softmax,8192,0.02,1000,4,rosenbrock,323,0.006460905075073242,-0.9738039970397949,0.9229946136474609,0.8508321669676087,0.11744310706853867,0.0326099619269371,0.07319152355194092,0.08586311340332031
rosenbrock,1.0,2,cholesky,5,gumbel_softmax,8192,0.02,1000,4,rosenbrock,324,0.0068628787994384766,-0.9714798331260681,0.9081681370735168,0.8504067508841249,0.19341735541820526,0.014029426500201225,0.1846931129693985,0.055694762617349625
rosenbrock,1.0,2,cholesky,5,gumbel_softmax,8192,0.02,1000,4,rosenbrock,325,0.006941080093383789,-0.9703577756881714,1.0560106039047241,0.8499815475086828,0.22533942759037018,0.07694545388221741,0.15753932297229767,0.14155782759189606
rosenbrock,1.0,2,cholesky,5,gumbel_softmax,8192,0.02,1000,4,rosenbrock,326,0.00704193115234375,-0.9610928893089294,0.9063091278076172,0.8495565567349286,0.16094431281089783,0.0643383339047432,0.08556164056062698,0.1201784610748291
rosenbrock,1.0,2,cholesky,5,gumbel_softmax,8192,0.02,1000,4,rosenbrock,327,0.00657200813293457,-0.9622030258178711,0.8496650457382202,0.8491317784565612,0.3433273136615753,0.1910313367843628,0.2608564794063568,0.11547534912824631
rosenbrock,1.0,2,cholesky,5,gumbel_softmax,8192,0.02,1000,4,rosenbrock,328,0.00662994384765625,-0.9799458384513855,0.9021515846252441,0.848707212567333,0.3346370458602905,0.11801345646381378,0.18571737408638,0.25211867690086365
rosenbrock,1.0,2,cholesky,5,gumbel_softmax,8192,0.02,1000,4,rosenbrock,329,0.007063150405883789,-0.9731032848358154,0.9598428010940552,0.8482828589610493,0.2076377421617508,0.09241852164268494,0.11727171391248703,0.1442899852991104
rosenbrock,1.0,2,cholesky,5,gumbel_softmax,8192,0.02,1000,4,rosenbrock,330,0.006728172302246094,-0.9641863703727722,0.9359688758850098,0.8478587175315688,0.10339730232954025,0.009069208987057209,0.04517641291022301,0.09256263822317123
rosenbrock,1.0,2,cholesky,5,gumbel_softmax,8192,0.02,1000,4,rosenbrock,331,0.007297992706298828,-0.9753575325012207,0.9253722429275513,0.847434788172803,0.17804627120494843,0.061867017298936844,0.13362504541873932,0.10008645057678223
rosenbrock,1.0,2,cholesky,5,gumbel_softmax,8192,0.02,1000,4,rosenbrock,332,0.00677800178527832,-0.971129834651947,0.9058405756950378,0.8470110707787167,0.3591703772544861,0.1692580282688141,0.2671169340610504,0.17030449211597443
rosenbrock,1.0,2,cholesky,5,gumbel_softmax,8192,0.02,1000,4,rosenbrock,333,0.0071527957916259766,-0.9757089018821716,0.9156773686408997,0.8465875652433273,0.10007090866565704,0.024702975526452065,0.08006824553012848,0.05470855161547661
rosenbrock,1.0,2,cholesky,5,gumbel_softmax,8192,0.02,1000,4,rosenbrock,334,0.007135868072509766,-0.9819408655166626,0.8936052918434143,0.8461642714607057,0.26610156893730164,0.08327028900384903,0.07984328269958496,0.23979398608207703
rosenbrock,1.0,2,cholesky,5,gumbel_softmax,8192,0.02,1000,4,rosenbrock,335,0.007135152816772461,-0.9574195146560669,0.9507514238357544,0.8457411893249754,0.09346945583820343,0.012813578359782696,0.06027866154909134,0.07027684897184372
rosenbrock,1.0,2,cholesky,5,gumbel_softmax,8192,0.02,1000,4,rosenbrock,336,0.0068171024322509766,-0.9696390628814697,0.8805802464485168,0.845318318730313,0.22479915618896484,0.04237916320562363,0.17419017851352692,0.13563352823257446
rosenbrock,1.0,2,cholesky,5,gumbel_softmax,8192,0.02,1000,4,rosenbrock,337,0.006752967834472656,-0.9880686402320862,0.8661312460899353,0.8448956595709479,0.2137393206357956,0.10786392539739609,0.15635594725608826,0.09799331426620483
rosenbrock,1.0,2,cholesky,5,gumbel_softmax,8192,0.02,1000,4,rosenbrock,338,0.0070438385009765625,-0.9434987306594849,0.934222936630249,0.8444732117411625,0.24737422168254852,0.09639183431863785,0.19908533990383148,0.11075941473245621
rosenbrock,1.0,2,cholesky,5,gumbel_softmax,8192,0.02,1000,4,rosenbrock,339,0.006565093994140625,-1.0036084651947021,0.9616256356239319,0.8440509751352919,0.3385949730873108,0.027438975870609283,0.3127315044403076,0.1268569380044937
rosenbrock,1.0,2,cholesky,5,gumbel_softmax,8192,0.02,1000,4,rosenbrock,340,0.006850004196166992,-0.981819212436676,0.9048864841461182,0.8436289496477244,0.21161504089832306,0.017605436965823174,0.17581807076931,0.11644303798675537
rosenbrock,1.0,2,cholesky,5,gumbel_softmax,8192,0.02,1000,4,rosenbrock,341,0.006762027740478516,-0.969057559967041,0.9182741641998291,0.8432071351729006,0.3113241493701935,0.16432161629199982,0.2379099726676941,0.11541222035884857
rosenbrock,1.0,2,cholesky,5,gumbel_softmax,8192,0.02,1000,4,rosenbrock,342,0.006374835968017578,-0.9910740852355957,0.937963604927063,0.8427855316053141,0.21179063618183136,0.13851705193519592,0.055197879672050476,0.1504044532775879
rosenbrock,1.0,2,cholesky,5,gumbel_softmax,8192,0.02,1000,4,rosenbrock,343,0.006605863571166992,-1.0005159378051758,0.9469375610351562,0.8423641388395116,0.13108372688293457,0.05030214414000511,0.055740389972925186,0.10745067894458771
rosenbrock,1.0,2,cholesky,5,gumbel_softmax,8192,0.02,1000,4,rosenbrock,344,0.006901979446411133,-0.9659593105316162,0.9188864827156067,0.8419429567700918,0.1776069551706314,0.028096450492739677,0.15463848412036896,0.08271493017673492
rosenbrock,1.0,2,cholesky,5,gumbel_softmax,8192,0.02,1000,4,rosenbrock,345,0.006880044937133789,-0.9713316559791565,0.9353943467140198,0.8415219852917069,0.1682649701833725,0.01906720921397209,0.04326334223151207,0.16148631274700165
rosenbrock,1.0,2,cholesky,5,gumbel_softmax,8192,0.02,1000,4,rosenbrock,346,0.00652623176574707,-0.9831117391586304,0.9151675701141357,0.841101224299061,0.22347353398799896,0.05997348204255104,0.12808828055858612,0.17302310466766357
rosenbrock,1.0,2,cholesky,5,gumbel_softmax,8192,0.02,1000,4,rosenbrock,347,0.0068967342376708984,-0.9838659763336182,0.9668412208557129,0.8406806736869116,0.194893941283226,0.13771843910217285,0.08263953030109406,0.11039923131465912
rosenbrock,1.0,2,cholesky,5,gumbel_softmax,8192,0.02,1000,4,rosenbrock,348,0.006793975830078125,-0.9702825546264648,0.8729103207588196,0.8402603333500681,0.13958223164081573,0.03511042520403862,0.053002260625362396,0.12426270544528961
rosenbrock,1.0,2,cholesky,5,gumbel_softmax,8192,0.02,1000,4,rosenbrock,349,0.007422924041748047,-0.9703282713890076,0.9300423264503479,0.8398402031833931,0.18363644182682037,0.01839183270931244,0.14215171337127686,0.11479098349809647
rosenbrock,1.0,2,cholesky,5,gumbel_softmax,8192,0.02,1000,4,rosenbrock,350,0.008027791976928711,-0.9716119766235352,0.8826420307159424,0.8394202830818015,0.3490174114704132,0.03715060278773308,0.3358106017112732,0.08754560351371765
rosenbrock,1.0,2,cholesky,5,gumbel_softmax,8192,0.02,1000,4,rosenbrock,351,0.006901979446411133,-0.9797717928886414,0.945770800113678,0.8390005729402606,0.20598958432674408,0.043605875223875046,0.16875120997428894,0.10978735238313675
rosenbrock,1.0,2,cholesky,5,gumbel_softmax,8192,0.02,1000,4,rosenbrock,352,0.00737309455871582,-0.9720314741134644,0.9072802662849426,0.8385810726537906,0.12347128987312317,0.021656595170497894,0.08039198815822601,0.09117718040943146
rosenbrock,1.0,2,cholesky,5,gumbel_softmax,8192,0.02,1000,4,rosenbrock,353,0.006769895553588867,-0.9841532111167908,1.005685567855835,0.8381617821174637,0.21818837523460388,0.07580449432134628,0.1386234611272812,0.15047720074653625
rosenbrock,1.0,2,cholesky,5,gumbel_softmax,8192,0.02,1000,4,rosenbrock,354,0.007245779037475586,-0.9740982055664062,0.9146178960800171,0.837742701226405,0.19790728390216827,0.052983835339546204,0.15765289962291718,0.10726401954889297
rosenbrock,1.0,2,cholesky,5,gumbel_softmax,8192,0.02,1000,4,rosenbrock,355,0.007169008255004883,-0.9837502241134644,0.9974279999732971,0.8373238298757919,0.1769481748342514,0.09583131968975067,0.09969640523195267,0.11039764434099197
rosenbrock,1.0,2,cholesky,5,gumbel_softmax,8192,0.02,1000,4,rosenbrock,356,0.006806135177612305,-0.9815002083778381,0.9472319483757019,0.836905167960854,0.16950814425945282,0.042459893971681595,0.10370910912752151,0.127179354429245
rosenbrock,1.0,2,cholesky,5,gumbel_softmax,8192,0.02,1000,4,rosenbrock,357,0.006535053253173828,-0.9804593920707703,1.0542985200881958,0.8364867153768736,0.10717747360467911,0.06404249370098114,0.06713081896305084,0.053656529635190964
rosenbrock,1.0,2,cholesky,5,gumbel_softmax,8192,0.02,1000,4,rosenbrock,358,0.0072977542877197266,-0.9708868265151978,0.916232168674469,0.8360684720191852,0.23196327686309814,0.14615359902381897,0.128714919090271,0.12601014971733093
rosenbrock,1.0,2,cholesky,5,gumbel_softmax,8192,0.02,1000,4,rosenbrock,359,0.006721019744873047,-0.9718722701072693,0.864115834236145,0.8356504377831757,0.3695683777332306,0.1981462836265564,0.261177122592926,0.17060290277004242
rosenbrock,1.0,2,cholesky,5,gumbel_softmax,8192,0.02,1000,4,rosenbrock,360,0.0067119598388671875,-0.9690583348274231,0.9003920555114746,0.8352326125642842,0.2151471972465515,0.11520049721002579,0.12948405742645264,0.12747955322265625
rosenbrock,1.0,2,cholesky,5,gumbel_softmax,8192,0.02,1000,4,rosenbrock,361,0.006999969482421875,-0.970558762550354,1.0105818510055542,0.834814996258002,0.20613017678260803,0.07825615257024765,0.1579935997724533,0.10678789764642715
rosenbrock,1.0,2,cholesky,5,gumbel_softmax,8192,0.02,1000,4,rosenbrock,362,0.006721973419189453,-0.9663046002388,0.9177905321121216,0.8343975887598731,0.4583594501018524,0.17301355302333832,0.3356870114803314,0.2597574293613434
rosenbrock,1.0,2,cholesky,5,gumbel_softmax,8192,0.02,1000,4,rosenbrock,363,0.006926298141479492,-0.9747060537338257,0.9513539671897888,0.8339803899654932,0.3243730962276459,0.17506800591945648,0.2089025378227234,0.17586594820022583
rosenbrock,1.0,2,cholesky,5,gumbel_softmax,8192,0.02,1000,4,rosenbrock,364,0.0067598819732666016,-0.988802969455719,0.9095510840415955,0.8335633997705105,0.19872704148292542,0.11954350024461746,0.1396925300359726,0.07541736215353012
rosenbrock,1.0,2,cholesky,5,gumbel_softmax,8192,0.02,1000,4,rosenbrock,365,0.007149219512939453,-0.9651353359222412,0.9241576194763184,0.8331466180706253,0.5467199683189392,0.3020179867744446,0.4231177866458893,0.16929037868976593
rosenbrock,1.0,2,cholesky,5,gumbel_softmax,8192,0.02,1000,4,rosenbrock,366,0.007090091705322266,-0.9542226791381836,0.898033857345581,0.8327300447615901,0.44425997138023376,0.15630514919757843,0.2449360340833664,0.33606836199760437
rosenbrock,1.0,2,cholesky,5,gumbel_softmax,8192,0.02,1000,4,rosenbrock,367,0.006813764572143555,-0.9932730197906494,0.9297940135002136,0.8323136797392092,0.1639573574066162,0.04197242856025696,0.1214032843708992,0.10189000517129898
rosenbrock,1.0,2,cholesky,5,gumbel_softmax,8192,0.02,1000,4,rosenbrock,368,0.006712198257446289,-0.9947926998138428,1.0620030164718628,0.8318975228993397,0.14921757578849792,0.10989949107170105,0.06851672381162643,0.07411780208349228
rosenbrock,1.0,2,cholesky,5,gumbel_softmax,8192,0.02,1000,4,rosenbrock,369,0.006658077239990234,-0.9874849319458008,1.0785892009735107,0.83148157413789,0.404699444770813,0.08587576448917389,0.26599499583244324,0.29266640543937683
rosenbrock,1.0,2,cholesky,5,gumbel_softmax,8192,0.02,1000,4,rosenbrock,370,0.007174015045166016,-0.9871309995651245,0.9066898822784424,0.8310658333508212,0.544908881187439,0.21603745222091675,0.41391721367836,0.28093773126602173
rosenbrock,1.0,2,cholesky,5,gumbel_softmax,8192,0.02,1000,4,rosenbrock,371,0.006489753723144531,-0.973006010055542,0.9550175666809082,0.8306503004341458,0.31709957122802734,0.03492420166730881,0.2405911386013031,0.20358867943286896
rosenbrock,1.0,2,cholesky,5,gumbel_softmax,8192,0.02,1000,4,rosenbrock,372,0.006510019302368164,-0.9727081060409546,0.921613872051239,0.8302349752839288,0.3872002363204956,0.2599099278450012,0.26596230268478394,0.10786513984203339
rosenbrock,1.0,2,cholesky,5,gumbel_softmax,8192,0.02,1000,4,rosenbrock,373,0.0064623355865478516,-0.9699552655220032,0.9163270592689514,0.8298198577962869,0.8548833727836609,0.41912132501602173,0.7218329906463623,0.18471582233905792
rosenbrock,1.0,2,cholesky,5,gumbel_softmax,8192,0.02,1000,4,rosenbrock,374,0.006410837173461914,-0.969562828540802,0.8829181790351868,0.8294049478673888,0.47795164585113525,0.2772708237171173,0.34659793972969055,0.17728091776371002
rosenbrock,1.0,2,cholesky,5,gumbel_softmax,8192,0.02,1000,4,rosenbrock,375,0.0063838958740234375,-1.0032622814178467,0.9483571648597717,0.8289902453934551,0.2644732892513275,0.12072408199310303,0.19141925871372223,0.13685935735702515
rosenbrock,1.0,2,cholesky,5,gumbel_softmax,8192,0.02,1000,4,rosenbrock,376,0.006372213363647461,-0.9847374558448792,0.8794485926628113,0.8285757502707585,0.41262608766555786,0.29146501421928406,0.2877386510372162,0.050148703157901764
rosenbrock,1.0,2,cholesky,5,gumbel_softmax,8192,0.02,1000,4,rosenbrock,377,0.0063588619232177734,-1.0063914060592651,0.9587277770042419,0.8281614623956232,0.8712195754051208,0.5053414702415466,0.6972824931144714,0.13210122287273407
rosenbrock,1.0,2,cholesky,5,gumbel_softmax,8192,0.02,1000,4,rosenbrock,378,0.006527900695800781,-1.00058913230896,0.9825801253318787,0.8277473816644253,0.7761294841766357,0.4526289701461792,0.5892642140388489,0.22421345114707947
rosenbrock,1.0,2,cholesky,5,gumbel_softmax,8192,0.02,1000,4,rosenbrock,379,0.006536960601806641,-1.0043548345565796,0.9047776460647583,0.8273335079735932,0.1413048505783081,0.0408056303858757,0.07275152951478958,0.11405777186155319
rosenbrock,1.0,2,cholesky,5,gumbel_softmax,8192,0.02,1000,4,rosenbrock,380,0.006974220275878906,-0.9796407222747803,0.9601946473121643,0.8269198412196064,0.4771198034286499,0.2905891537666321,0.35242950916290283,0.13782118260860443
rosenbrock,1.0,2,cholesky,5,gumbel_softmax,8192,0.02,1000,4,rosenbrock,381,0.006846904754638672,-0.9778554439544678,0.9521491527557373,0.8265063812989967,0.7267118096351624,0.5350244641304016,0.4804784953594208,0.10487735271453857
rosenbrock,1.0,2,cholesky,5,gumbel_softmax,8192,0.02,1000,4,rosenbrock,382,0.006783962249755859,-0.966884434223175,0.8655614852905273,0.8260931281083472,0.7120491862297058,0.49548983573913574,0.4913117289543152,0.14183300733566284
rosenbrock,1.0,2,cholesky,5,gumbel_softmax,8192,0.02,1000,4,rosenbrock,383,0.0066509246826171875,-0.9856360554695129,0.9784373044967651,0.8256800815442931,0.29685652256011963,0.1537385731935501,0.12984958291053772,0.21823689341545105
rosenbrock,1.0,2,cholesky,5,gumbel_softmax,8192,0.02,1000,4,rosenbrock,384,0.006577968597412109,-0.9782379269599915,0.8716479539871216,0.825267241503521,0.22892072796821594,0.024658432230353355,0.20513124763965607,0.09857906401157379
rosenbrock,1.0,2,cholesky,5,gumbel_softmax,8192,0.02,1000,4,rosenbrock,385,0.006527900695800781,-0.9971938133239746,1.1881122589111328,0.8248546078827693,0.6675422191619873,0.2711504101753235,0.5402336120605469,0.2832625210285187
rosenbrock,1.0,2,cholesky,5,gumbel_softmax,8192,0.02,1000,4,rosenbrock,386,0.006577968597412109,-0.9836602210998535,0.9485731720924377,0.8244421805788279,0.2978368401527405,0.11232294142246246,0.13163124024868011,0.24241194128990173
rosenbrock,1.0,2,cholesky,5,gumbel_softmax,8192,0.02,1000,4,rosenbrock,387,0.0065441131591796875,-0.9859359860420227,0.9901236295700073,0.8240299594885385,0.33667758107185364,0.043241530656814575,0.09500907361507416,0.3200863301753998
rosenbrock,1.0,2,cholesky,5,gumbel_softmax,8192,0.02,1000,4,rosenbrock,388,0.0065081119537353516,-1.0088908672332764,0.9201505780220032,0.8236179445087943,0.20773720741271973,0.02065402828156948,0.1619541347026825,0.1284484714269638
rosenbrock,1.0,2,cholesky,5,gumbel_softmax,8192,0.02,1000,4,rosenbrock,389,0.006945133209228516,-0.969218373298645,0.911561131477356,0.82320613553654,0.2738457918167114,0.07085780799388885,0.2263251394033432,0.1369219422340393
rosenbrock,1.0,2,cholesky,5,gumbel_softmax,8192,0.02,1000,4,rosenbrock,390,0.006718158721923828,-1.010477066040039,0.9801334738731384,0.8227945324687718,0.3200770616531372,0.15796320140361786,0.2592600882053375,0.10139602422714233
rosenbrock,1.0,2,cholesky,5,gumbel_softmax,8192,0.02,1000,4,rosenbrock,391,0.0063669681549072266,-0.9899111390113831,0.9251060485839844,0.8223831352025375,0.3217587471008301,0.12158593535423279,0.27362966537475586,0.117780901491642
rosenbrock,1.0,2,cholesky,5,gumbel_softmax,8192,0.02,1000,4,rosenbrock,392,0.006974935531616211,-0.9959606528282166,0.9292688369750977,0.8219719436349362,0.3000607192516327,0.12839680910110474,0.1655919849872589,0.21477892994880676
rosenbrock,1.0,2,cholesky,5,gumbel_softmax,8192,0.02,1000,4,rosenbrock,393,0.006627082824707031,-0.9907660484313965,0.9984891414642334,0.8215609576631188,0.20774543285369873,0.15903368592262268,0.07871204614639282,0.10803177207708359
rosenbrock,1.0,2,cholesky,5,gumbel_softmax,8192,0.02,1000,4,rosenbrock,394,0.0068509578704833984,-0.9933613538742065,0.8994569778442383,0.8211501771842873,0.34202319383621216,0.2520804703235626,0.20141978561878204,0.11342557519674301
rosenbrock,1.0,2,cholesky,5,gumbel_softmax,8192,0.02,1000,4,rosenbrock,395,0.0066928863525390625,-1.0056781768798828,1.0173395872116089,0.8207396020956952,0.43026065826416016,0.23749332129955292,0.34470340609550476,0.09950233995914459
rosenbrock,1.0,2,cholesky,5,gumbel_softmax,8192,0.02,1000,4,rosenbrock,396,0.006521940231323242,-0.9914358854293823,0.928019106388092,0.8203292322946474,0.42665231227874756,0.23559996485710144,0.34113016724586487,0.10077205300331116
rosenbrock,1.0,2,cholesky,5,gumbel_softmax,8192,0.02,1000,4,rosenbrock,397,0.0069026947021484375,-1.0027399063110352,0.9564772844314575,0.8199190676785001,0.20588929951190948,0.041262462735176086,0.17767731845378876,0.09549123048782349
rosenbrock,1.0,2,cholesky,5,gumbel_softmax,8192,0.02,1000,4,rosenbrock,398,0.006852149963378906,-1.0085327625274658,1.020396113395691,0.8195091081446609,0.5126420259475708,0.16954898834228516,0.46754318475723267,0.12433163076639175
rosenbrock,1.0,2,cholesky,5,gumbel_softmax,8192,0.02,1000,4,rosenbrock,399,0.006788969039916992,-0.9971809983253479,0.8740791082382202,0.8190993535905886,0.24423334002494812,0.1428057998418808,0.18732282519340515,0.06454912573099136
rosenbrock,1.0,2,cholesky,5,gumbel_softmax,8192,0.02,1000,4,rosenbrock,400,0.00668025016784668,-1.0201588869094849,1.0378108024597168,0.8186898039137933,0.2505204677581787,0.02929449826478958,0.05391271412372589,0.24289044737815857
rosenbrock,1.0,2,cholesky,5,gumbel_softmax,8192,0.02,1000,4,rosenbrock,401,0.0075871944427490234,-1.0019153356552124,0.9269134998321533,0.8182804590118365,0.3958126902580261,0.1771537959575653,0.28064805269241333,0.21568702161312103
rosenbrock,1.0,2,cholesky,5,gumbel_softmax,8192,0.02,1000,4,rosenbrock,402,0.006710052490234375,-1.0159962177276611,1.0433253049850464,0.8178713187823307,0.20031924545764923,0.01791994459927082,0.10311118513345718,0.17080621421337128
rosenbrock,1.0,2,cholesky,5,gumbel_softmax,8192,0.02,1000,4,rosenbrock,403,0.007012128829956055,-1.0087052583694458,0.9657991528511047,0.8174623831229395,0.37735769152641296,0.11657463014125824,0.346810519695282,0.092367023229599
rosenbrock,1.0,2,cholesky,5,gumbel_softmax,8192,0.02,1000,4,rosenbrock,404,0.007348060607910156,-1.0035722255706787,0.9362830519676208,0.8170536519313781,0.1251998394727707,0.014511349610984325,0.08939339220523834,0.08644793182611465
rosenbrock,1.0,2,cholesky,5,gumbel_softmax,8192,0.02,1000,4,rosenbrock,405,0.007355928421020508,-1.0003962516784668,0.9289641976356506,0.8166451251054124,0.4027802646160126,0.18286672234535217,0.21001935005187988,0.29100438952445984
rosenbrock,1.0,2,cholesky,5,gumbel_softmax,8192,0.02,1000,4,rosenbrock,406,0.006792783737182617,-1.0354303121566772,1.1471562385559082,0.8162368025428598,0.32831624150276184,0.214680016040802,0.1889008730649948,0.16130873560905457
rosenbrock,1.0,2,cholesky,5,gumbel_softmax,8192,0.02,1000,4,rosenbrock,407,0.006724119186401367,-1.0144989490509033,0.957900881767273,0.8158286841415884,0.21928347647190094,0.13784478604793549,0.13403744995594025,0.10544201731681824
rosenbrock,1.0,2,cholesky,5,gumbel_softmax,8192,0.02,1000,4,rosenbrock,408,0.0064029693603515625,-1.0014690160751343,0.879856526851654,0.8154207697995176,0.22098489105701447,0.01446367148309946,0.13150817155838013,0.1770048886537552
rosenbrock,1.0,2,cholesky,5,gumbel_softmax,8192,0.02,1000,4,rosenbrock,409,0.006831169128417969,-1.0064351558685303,1.0003911256790161,0.8150130594146179,0.27417242527008057,0.016585085541009903,0.17956942319869995,0.2065194547176361
rosenbrock,1.0,2,cholesky,5,gumbel_softmax,8192,0.02,1000,4,rosenbrock,410,0.00659489631652832,-1.010626196861267,1.0420457124710083,0.8146055528849107,0.5189403295516968,0.19869405031204224,0.3213483989238739,0.3557455837726593
rosenbrock,1.0,2,cholesky,5,gumbel_softmax,8192,0.02,1000,4,rosenbrock,411,0.007025957107543945,-1.0084599256515503,1.0129501819610596,0.8141982501084682,0.2775265574455261,0.14441780745983124,0.22895808517932892,0.06117763742804527
rosenbrock,1.0,2,cholesky,5,gumbel_softmax,8192,0.02,1000,4,rosenbrock,412,0.006765127182006836,-0.9976286888122559,0.9173405170440674,0.813791150983414,0.33305254578590393,0.09664351493120193,0.14355099201202393,0.2845648527145386
rosenbrock,1.0,2,cholesky,5,gumbel_softmax,8192,0.02,1000,4,rosenbrock,413,0.006449222564697266,-1.0024499893188477,0.897080659866333,0.8133842554079224,0.18425042927265167,0.03633500263094902,0.08371607959270477,0.16006122529506683
rosenbrock,1.0,2,cholesky,5,gumbel_softmax,8192,0.02,1000,4,rosenbrock,414,0.006684064865112305,-1.019568681716919,1.0787330865859985,0.8129775632802185,0.2811754047870636,0.08429765701293945,0.23269318044185638,0.13344432413578033
rosenbrock,1.0,2,cholesky,5,gumbel_softmax,8192,0.02,1000,4,rosenbrock,415,0.006613016128540039,-0.9997203946113586,0.9249289035797119,0.8125710744985785,0.13764822483062744,0.06930920481681824,0.09177149832248688,0.0756390392780304
rosenbrock,1.0,2,cholesky,5,gumbel_softmax,8192,0.02,1000,4,rosenbrock,416,0.006602048873901367,-0.9984406232833862,0.9324628710746765,0.8121647889613292,0.08943083882331848,0.05867118388414383,0.048469964414834976,0.046970538794994354
rosenbrock,1.0,2,cholesky,5,gumbel_softmax,8192,0.02,1000,4,rosenbrock,417,0.006744861602783203,-1.0072503089904785,0.9457564949989319,0.8117587065668486,0.17821213603019714,0.13428401947021484,0.08433074504137039,0.08133692294359207
rosenbrock,1.0,2,cholesky,5,gumbel_softmax,8192,0.02,1000,4,rosenbrock,418,0.0069119930267333984,-0.9904840588569641,1.075850009918213,0.8113528272135652,0.43297064304351807,0.21332544088363647,0.34888118505477905,0.142259418964386
rosenbrock,1.0,2,cholesky,5,gumbel_softmax,8192,0.02,1000,4,rosenbrock,419,0.006570100784301758,-1.0284717082977295,0.9736383557319641,0.8109471507999584,0.1976480484008789,0.022992031648755074,0.110689677298069,0.1621231585741043
rosenbrock,1.0,2,cholesky,5,gumbel_softmax,8192,0.02,1000,4,rosenbrock,420,0.006803989410400391,-1.0187233686447144,0.9331175684928894,0.8105416772245585,0.20024001598358154,0.0416782982647419,0.1482018530368805,0.12804372608661652
rosenbrock,1.0,2,cholesky,5,gumbel_softmax,8192,0.02,1000,4,rosenbrock,421,0.0067138671875,-1.0037668943405151,0.9762392044067383,0.8101364063859463,0.3908602297306061,0.17701725661754608,0.3294898271560669,0.11345941573381424
rosenbrock,1.0,2,cholesky,5,gumbel_softmax,8192,0.02,1000,4,rosenbrock,422,0.006643056869506836,-1.0323227643966675,1.159837245941162,0.8097313381827533,0.29547324776649475,0.15909621119499207,0.11547716706991196,0.22058527171611786
rosenbrock,1.0,2,cholesky,5,gumbel_softmax,8192,0.02,1000,4,rosenbrock,423,0.0068149566650390625,-1.001548171043396,1.0181388854980469,0.809326472513662,0.2270645648241043,0.07075204700231552,0.19932694733142853,0.0825907289981842
rosenbrock,1.0,2,cholesky,5,gumbel_softmax,8192,0.02,1000,4,rosenbrock,424,0.006595134735107422,-1.0044838190078735,1.0410138368606567,0.8089218092774052,0.37560856342315674,0.19514882564544678,0.3091501295566559,0.08616799861192703
rosenbrock,1.0,2,cholesky,5,gumbel_softmax,8192,0.02,1000,4,rosenbrock,425,0.007226705551147461,-1.0305113792419434,1.096502661705017,0.8085173483727666,0.19083014130592346,0.07167813926935196,0.040670063346624374,0.1721172034740448
rosenbrock,1.0,2,cholesky,5,gumbel_softmax,8192,0.02,1000,4,rosenbrock,426,0.006685733795166016,-1.0180819034576416,0.9996851086616516,0.8081130896985802,0.15864650905132294,0.020439039915800095,0.051313843578100204,0.14872071146965027
rosenbrock,1.0,2,cholesky,5,gumbel_softmax,8192,0.02,1000,4,rosenbrock,427,0.007066965103149414,-1.0024628639221191,0.9425060749053955,0.807709033153731,0.26676928997039795,0.0830015242099762,0.2119971066713333,0.13904617726802826
rosenbrock,1.0,2,cholesky,5,gumbel_softmax,8192,0.02,1000,4,rosenbrock,428,0.00704193115234375,-1.0007662773132324,0.9671387076377869,0.8073051786371541,0.15076178312301636,0.1360185742378235,0.04510004445910454,0.04684067890048027
rosenbrock,1.0,2,cholesky,5,gumbel_softmax,8192,0.02,1000,4,rosenbrock,429,0.0070362091064453125,-1.0224453210830688,0.9796101450920105,0.8069015260478356,0.4850996434688568,0.23614199459552765,0.36735042929649353,0.21121613681316376
rosenbrock,1.0,2,cholesky,5,gumbel_softmax,8192,0.02,1000,4,rosenbrock,430,0.00719904899597168,-1.0276472568511963,1.0359361171722412,0.8064980752848118,0.23899848759174347,0.09028538316488266,0.21089528501033783,0.06702236831188202
rosenbrock,1.0,2,cholesky,5,gumbel_softmax,8192,0.02,1000,4,rosenbrock,431,0.006537914276123047,-1.0191034078598022,0.9514722228050232,0.8060948262471694,0.2706913650035858,0.09579984098672867,0.15683606266975403,0.19874273240566254
rosenbrock,1.0,2,cholesky,5,gumbel_softmax,8192,0.02,1000,4,rosenbrock,432,0.007175922393798828,-1.0104726552963257,0.9269527792930603,0.8056917788340459,0.355986624956131,0.16893072426319122,0.2930396497249603,0.1109803095459938
rosenbrock,1.0,2,cholesky,5,gumbel_softmax,8192,0.02,1000,4,rosenbrock,433,0.006506919860839844,-1.0320693254470825,1.0309556722640991,0.8052889329446289,0.27498021721839905,0.2046734094619751,0.1675885170698166,0.07507997751235962
rosenbrock,1.0,2,cholesky,5,gumbel_softmax,8192,0.02,1000,4,rosenbrock,434,0.006609916687011719,-1.0082502365112305,0.9900369644165039,0.8048862884781566,0.0976107195019722,0.03166181966662407,0.03448662534356117,0.08565076440572739
rosenbrock,1.0,2,cholesky,5,gumbel_softmax,8192,0.02,1000,4,rosenbrock,435,0.00683283805847168,-1.0167299509048462,0.9691604971885681,0.8044838453339176,0.18390513956546783,0.08883710950613022,0.13638854026794434,0.08559923619031906
rosenbrock,1.0,2,cholesky,5,gumbel_softmax,8192,0.02,1000,4,rosenbrock,436,0.006991863250732422,-1.0318620204925537,0.9502129554748535,0.8040816034112507,0.3390568196773529,0.20966017246246338,0.19048954546451569,0.18632200360298157
rosenbrock,1.0,2,cholesky,5,gumbel_softmax,8192,0.02,1000,4,rosenbrock,437,0.007268190383911133,-1.0067871809005737,1.049180030822754,0.8036795626095451,0.3191659450531006,0.17648658156394958,0.2415490448474884,0.11123597621917725
rosenbrock,1.0,2,cholesky,5,gumbel_softmax,8192,0.02,1000,4,rosenbrock,438,0.006579875946044922,-1.0345669984817505,1.0795530080795288,0.8032777228282404,0.2413017302751541,0.08293848484754562,0.19748368859291077,0.11112121492624283
rosenbrock,1.0,2,cholesky,5,gumbel_softmax,8192,0.02,1000,4,rosenbrock,439,0.007127046585083008,-1.0043996572494507,0.9591530561447144,0.8028760839668263,0.18853726983070374,0.043968986719846725,0.03785679489374161,0.17938756942749023
rosenbrock,1.0,2,cholesky,5,gumbel_softmax,8192,0.02,1000,4,rosenbrock,440,0.006490230560302734,-1.0142163038253784,1.0047270059585571,0.8024746459248429,0.2532232999801636,0.06248097866773605,0.21628321707248688,0.11592987179756165
rosenbrock,1.0,2,cholesky,5,gumbel_softmax,8192,0.02,1000,4,rosenbrock,441,0.006555080413818359,-1.009897232055664,0.9434067010879517,0.8020734086018805,0.1844230592250824,0.10547026991844177,0.11046279221773148,0.10337243229150772
rosenbrock,1.0,2,cholesky,5,gumbel_softmax,8192,0.02,1000,4,rosenbrock,442,0.007066965103149414,-1.008190393447876,1.0032018423080444,0.8016723718975797,0.268441766500473,0.09954773634672165,0.20837315917015076,0.13686439394950867
rosenbrock,1.0,2,cholesky,5,gumbel_softmax,8192,0.02,1000,4,rosenbrock,443,0.006662130355834961,-1.0251529216766357,1.000299096107483,0.8012715357116309,0.2896311581134796,0.18033884465694427,0.18278314173221588,0.1339941918849945
rosenbrock,1.0,2,cholesky,5,gumbel_softmax,8192,0.02,1000,4,rosenbrock,444,0.006511211395263672,-1.0338637828826904,0.9374812841415405,0.8008708999437751,0.37992769479751587,0.32829147577285767,0.14953623712062836,0.11920011043548584
rosenbrock,1.0,2,cholesky,5,gumbel_softmax,8192,0.02,1000,4,rosenbrock,445,0.006515026092529297,-1.0387009382247925,0.9773138165473938,0.8004704644938032,0.6421650052070618,0.33832281827926636,0.4739532768726349,0.2707061767578125
rosenbrock,1.0,2,cholesky,5,gumbel_softmax,8192,0.02,1000,4,rosenbrock,446,0.006804943084716797,-1.0275115966796875,1.3418680429458618,0.8000702292615564,0.1594657450914383,0.025334756821393967,0.09512551873922348,0.1254536211490631
rosenbrock,1.0,2,cholesky,5,gumbel_softmax,8192,0.02,1000,4,rosenbrock,447,0.006598949432373047,-1.0484051704406738,1.0223114490509033,0.7996701941469256,0.3859338164329529,0.25231415033340454,0.17657053470611572,0.2326054573059082
rosenbrock,1.0,2,cholesky,5,gumbel_softmax,8192,0.02,1000,4,rosenbrock,448,0.006582021713256836,-1.0274313688278198,0.981001079082489,0.7992703590498522,0.13184857368469238,0.060631487518548965,0.09797108918428421,0.06410564482212067
rosenbrock,1.0,2,cholesky,5,gumbel_softmax,8192,0.02,1000,4,rosenbrock,449,0.006525278091430664,-1.0306209325790405,1.0096514225006104,0.7988707238703274,0.5434621572494507,0.27028220891952515,0.3978731334209442,0.2529734969139099
rosenbrock,1.0,2,cholesky,5,gumbel_softmax,8192,0.02,1000,4,rosenbrock,450,0.006515026092529297,-1.024828314781189,0.956184983253479,0.7984712885083922,0.3613978624343872,0.0910225510597229,0.264089971780777,0.22930291295051575
rosenbrock,1.0,2,cholesky,5,gumbel_softmax,8192,0.02,1000,4,rosenbrock,451,0.006491899490356445,-1.041144847869873,1.0370646715164185,0.7980720528641381,0.2400636523962021,0.1739320605993271,0.15364691615104675,0.0614069402217865
rosenbrock,1.0,2,cholesky,5,gumbel_softmax,8192,0.02,1000,4,rosenbrock,452,0.006527900695800781,-1.0294992923736572,0.966218113899231,0.7976730168377061,0.6339930295944214,0.3465411961078644,0.453559935092926,0.2759343087673187
rosenbrock,1.0,2,cholesky,5,gumbel_softmax,8192,0.02,1000,4,rosenbrock,453,0.006940126419067383,-1.0511093139648438,0.9415952563285828,0.7972741803292873,0.5188616514205933,0.2335629165172577,0.34724655747413635,0.30673375725746155
rosenbrock,1.0,2,cholesky,5,gumbel_softmax,8192,0.02,1000,4,rosenbrock,454,0.006886005401611328,-1.0408790111541748,0.9989859461784363,0.7968755432391227,0.32681193947792053,0.11465393006801605,0.1110231950879097,0.2851918339729309
rosenbrock,1.0,2,cholesky,5,gumbel_softmax,8192,0.02,1000,4,rosenbrock,455,0.006595134735107422,-1.0438356399536133,1.018946647644043,0.7964771054675032,0.3187917470932007,0.2417336404323578,0.1862311214208603,0.09225502610206604
rosenbrock,1.0,2,cholesky,5,gumbel_softmax,8192,0.02,1000,4,rosenbrock,456,0.0066187381744384766,-1.026614785194397,1.0014002323150635,0.7960788669147695,0.4778909385204315,0.35175642371177673,0.30203506350517273,0.11585315316915512
rosenbrock,1.0,2,cholesky,5,gumbel_softmax,8192,0.02,1000,4,rosenbrock,457,0.006568193435668945,-1.0418851375579834,1.0435662269592285,0.7956808274813121,0.7404419779777527,0.41367048025131226,0.5448927283287048,0.2832363545894623
rosenbrock,1.0,2,cholesky,5,gumbel_softmax,8192,0.02,1000,4,rosenbrock,458,0.006532192230224609,-1.0336501598358154,0.9890886545181274,0.7952829870675715,0.5213368535041809,0.23085270822048187,0.4393562972545624,0.15957818925380707
rosenbrock,1.0,2,cholesky,5,gumbel_softmax,8192,0.02,1000,4,rosenbrock,459,0.006529092788696289,-1.0506243705749512,1.0775526762008667,0.7948853455740378,0.13902348279953003,0.020638350397348404,0.04839516431093216,0.12868370115756989
rosenbrock,1.0,2,cholesky,5,gumbel_softmax,8192,0.02,1000,4,rosenbrock,460,0.0065228939056396484,-1.043419361114502,0.9425357580184937,0.7944879029012508,0.6390960216522217,0.41302648186683655,0.4470638036727905,0.19490180909633636
rosenbrock,1.0,2,cholesky,5,gumbel_softmax,8192,0.02,1000,4,rosenbrock,461,0.006498098373413086,-1.0469560623168945,0.9618617296218872,0.7940906589498002,0.882358729839325,0.5818049311637878,0.63559889793396,0.18993127346038818
rosenbrock,1.0,2,cholesky,5,gumbel_softmax,8192,0.02,1000,4,rosenbrock,462,0.0067157745361328125,-1.032060980796814,0.9462617635726929,0.7936936136203253,0.6022959351539612,0.36065056920051575,0.4603840112686157,0.14400747418403625
rosenbrock,1.0,2,cholesky,5,gumbel_softmax,8192,0.02,1000,4,rosenbrock,463,0.00648188591003418,-1.048271656036377,1.0171211957931519,0.7932967668135152,0.3465608060359955,0.31145820021629333,0.0835595428943634,0.1269487887620926
rosenbrock,1.0,2,cholesky,5,gumbel_softmax,8192,0.02,1000,4,rosenbrock,464,0.0065000057220458984,-1.048486590385437,1.0078849792480469,0.7929001184301085,0.23710252344608307,0.10643428564071655,0.1988455355167389,0.07314234972000122
rosenbrock,1.0,2,cholesky,5,gumbel_softmax,8192,0.02,1000,4,rosenbrock,465,0.006459951400756836,-1.030626893043518,0.9779413342475891,0.7925036683708935,0.37999752163887024,0.2028229534626007,0.2959138751029968,0.12528346478939056
rosenbrock,1.0,2,cholesky,5,gumbel_softmax,8192,0.02,1000,4,rosenbrock,466,0.0064618587493896484,-1.0342066287994385,1.0501282215118408,0.7921074165367081,0.4259377419948578,0.36106401681900024,0.20189081132411957,0.10146836191415787
rosenbrock,1.0,2,cholesky,5,gumbel_softmax,8192,0.02,1000,4,rosenbrock,467,0.006637096405029297,-1.0423290729522705,1.0481183528900146,0.7917113628284398,0.3938179314136505,0.22617870569229126,0.23775610327720642,0.21773336827754974
rosenbrock,1.0,2,cholesky,5,gumbel_softmax,8192,0.02,1000,4,rosenbrock,468,0.006391048431396484,-1.0490607023239136,0.9549261927604675,0.7913155071470256,0.44772154092788696,0.2952836751937866,0.3090949058532715,0.13312581181526184
rosenbrock,1.0,2,cholesky,5,gumbel_softmax,8192,0.02,1000,4,rosenbrock,469,0.006798982620239258,-1.046450138092041,1.0089895725250244,0.7909198493934522,0.24276554584503174,0.13606342673301697,0.11507059633731842,0.1648654192686081
rosenbrock,1.0,2,cholesky,5,gumbel_softmax,8192,0.02,1000,4,rosenbrock,470,0.0065250396728515625,-1.0454639196395874,1.0125064849853516,0.7905243894687555,0.4742858409881592,0.04728691279888153,0.4498676359653473,0.14258362352848053
rosenbrock,1.0,2,cholesky,5,gumbel_softmax,8192,0.02,1000,4,rosenbrock,471,0.006463050842285156,-1.0439796447753906,1.0045610666275024,0.7901291272740211,0.29804080724716187,0.041045356541872025,0.2854175567626953,0.07536841928958893
rosenbrock,1.0,2,cholesky,5,gumbel_softmax,8192,0.02,1000,4,rosenbrock,472,0.006479024887084961,-1.0330179929733276,1.0268330574035645,0.7897340627103842,0.32098475098609924,0.04304704815149307,0.2470950037240982,0.2003052830696106
rosenbrock,1.0,2,cholesky,5,gumbel_softmax,8192,0.02,1000,4,rosenbrock,473,0.006433248519897461,-1.0367083549499512,0.9918544292449951,0.789339195679029,0.327149361371994,0.08687715977430344,0.2800873816013336,0.14501763880252838
rosenbrock,1.0,2,cholesky,5,gumbel_softmax,8192,0.02,1000,4,rosenbrock,474,0.006439924240112305,-1.0503820180892944,1.0356894731521606,0.7889445260811895,0.2400975525379181,0.09239137172698975,0.1270032376050949,0.18160629272460938
rosenbrock,1.0,2,cholesky,5,gumbel_softmax,8192,0.02,1000,4,rosenbrock,475,0.006453990936279297,-1.0369548797607422,0.9881030917167664,0.788550053818149,0.15650732815265656,0.040534839034080505,0.11276616156101227,0.10067402571439743
rosenbrock,1.0,2,cholesky,5,gumbel_softmax,8192,0.02,1000,4,rosenbrock,476,0.006490230560302734,-1.062479853630066,1.0035995244979858,0.78815577879124,0.4489445984363556,0.221021831035614,0.3369041681289673,0.19798023998737335
rosenbrock,1.0,2,cholesky,5,gumbel_softmax,8192,0.02,1000,4,rosenbrock,477,0.00644993782043457,-1.0677608251571655,1.0636532306671143,0.7877617009018444,0.21792350709438324,0.022402502596378326,0.060021188110113144,0.2082936316728592
rosenbrock,1.0,2,cholesky,5,gumbel_softmax,8192,0.02,1000,4,rosenbrock,478,0.006453990936279297,-1.0332618951797485,1.0100767612457275,0.7873678200513935,0.4070686399936676,0.07262329757213593,0.38825708627700806,0.09842345863580704
rosenbrock,1.0,2,cholesky,5,gumbel_softmax,8192,0.02,1000,4,rosenbrock,479,0.006463050842285156,-1.0326666831970215,1.0124859809875488,0.7869741361413678,0.44752901792526245,0.17378278076648712,0.372221976518631,0.17757409811019897
rosenbrock,1.0,2,cholesky,5,gumbel_softmax,8192,0.02,1000,4,rosenbrock,480,0.006466865539550781,-1.0482025146484375,1.0113753080368042,0.7865806490732972,0.18626998364925385,0.05428973212838173,0.15803810954093933,0.08229874819517136
rosenbrock,1.0,2,cholesky,5,gumbel_softmax,8192,0.02,1000,4,rosenbrock,481,0.006458282470703125,-1.0619100332260132,1.0787527561187744,0.7861873587487606,0.24996346235275269,0.13950327038764954,0.16777420043945312,0.12195241451263428
rosenbrock,1.0,2,cholesky,5,gumbel_softmax,8192,0.02,1000,4,rosenbrock,482,0.006658792495727539,-1.041718602180481,0.9949581027030945,0.7857942650693862,0.23603250086307526,0.07282853126525879,0.1954033523797989,0.11056618392467499
rosenbrock,1.0,2,cholesky,5,gumbel_softmax,8192,0.02,1000,4,rosenbrock,483,0.006293058395385742,-1.0275497436523438,0.9446322321891785,0.7854013679368516,0.3522675335407257,0.12601205706596375,0.2828892469406128,0.16788999736309052
rosenbrock,1.0,2,cholesky,5,gumbel_softmax,8192,0.02,1000,4,rosenbrock,484,0.006676912307739258,-1.0584213733673096,0.9785459041595459,0.7850086672528832,0.26079022884368896,0.020882222801446915,0.2387009859085083,0.10294323414564133
rosenbrock,1.0,2,cholesky,5,gumbel_softmax,8192,0.02,1000,4,rosenbrock,485,0.006562948226928711,-1.0291242599487305,0.9962828755378723,0.7846161629192568,0.31137293577194214,0.18015657365322113,0.19279520213603973,0.16530798375606537
rosenbrock,1.0,2,cholesky,5,gumbel_softmax,8192,0.02,1000,4,rosenbrock,486,0.006454944610595703,-1.04746413230896,1.0077933073043823,0.7842238548377972,0.5003479719161987,0.35938525199890137,0.3086685240268707,0.16097842156887054
rosenbrock,1.0,2,cholesky,5,gumbel_softmax,8192,0.02,1000,4,rosenbrock,487,0.006417036056518555,-1.0256917476654053,0.8953104019165039,0.7838317429103784,0.36761027574539185,0.20014530420303345,0.26771461963653564,0.15299685299396515
rosenbrock,1.0,2,cholesky,5,gumbel_softmax,8192,0.02,1000,4,rosenbrock,488,0.0064258575439453125,-1.0347493886947632,0.955437183380127,0.7834398270389232,0.1442561000585556,0.07564403116703033,0.03798826411366463,0.11681050062179565
rosenbrock,1.0,2,cholesky,5,gumbel_softmax,8192,0.02,1000,4,rosenbrock,489,0.00640106201171875,-1.05458664894104,1.1012542247772217,0.7830481071254038,0.14043854176998138,0.03305591270327568,0.09868878871202469,0.09429109841585159
rosenbrock,1.0,2,cholesky,5,gumbel_softmax,8192,0.02,1000,4,rosenbrock,490,0.006878852844238281,-1.024254560470581,1.0347089767456055,0.7826565830718412,0.16764502227306366,0.02599835768342018,0.11239641904830933,0.1216387078166008
rosenbrock,1.0,2,cholesky,5,gumbel_softmax,8192,0.02,1000,4,rosenbrock,491,0.006613016128540039,-1.0449261665344238,1.0570003986358643,0.7822652547803053,0.22895115613937378,0.12266062200069427,0.08356597274541855,0.17432650923728943
rosenbrock,1.0,2,cholesky,5,gumbel_softmax,8192,0.02,1000,4,rosenbrock,492,0.006479024887084961,-1.0458647012710571,1.0234920978546143,0.7818741221529152,0.21964864432811737,0.149964839220047,0.12520739436149597,0.10039511322975159
rosenbrock,1.0,2,cholesky,5,gumbel_softmax,8192,0.02,1000,4,rosenbrock,493,0.0064890384674072266,-1.0385135412216187,1.0423038005828857,0.7814831850918388,0.22181153297424316,0.07586918771266937,0.12132523208856583,0.1694827824831009
rosenbrock,1.0,2,cholesky,5,gumbel_softmax,8192,0.02,1000,4,rosenbrock,494,0.006485939025878906,-1.0255582332611084,1.107574462890625,0.7810924434992929,0.1626850664615631,0.04523589834570885,0.09937500953674316,0.12060163915157318
rosenbrock,1.0,2,cholesky,5,gumbel_softmax,8192,0.02,1000,4,rosenbrock,495,0.006455659866333008,-1.0379292964935303,0.9782804846763611,0.7807018972775432,0.11858183145523071,0.01920565403997898,0.060544371604919434,0.10013577342033386
rosenbrock,1.0,2,cholesky,5,gumbel_softmax,8192,0.02,1000,4,rosenbrock,496,0.0064508914947509766,-1.0436714887619019,1.0084818601608276,0.7803115463289045,0.2113991528749466,0.03626842796802521,0.08773847669363022,0.18888133764266968
rosenbrock,1.0,2,cholesky,5,gumbel_softmax,8192,0.02,1000,4,rosenbrock,497,0.006448030471801758,-1.0201220512390137,0.9715631604194641,0.7799213905557402,0.38568851351737976,0.10045833885669708,0.35514035820961,0.11197806894779205
rosenbrock,1.0,2,cholesky,5,gumbel_softmax,8192,0.02,1000,4,rosenbrock,498,0.006446123123168945,-1.0286898612976074,1.008819341659546,0.7795314298604623,0.17082665860652924,0.0123205641284585,0.07207458466291428,0.15438656508922577
rosenbrock,1.0,2,cholesky,5,gumbel_softmax,8192,0.02,1000,4,rosenbrock,499,0.006448984146118164,-1.0295004844665527,0.9931583404541016,0.7791416641455321,0.19405920803546906,0.06109839305281639,0.15307611227035522,0.10243860632181168
rosenbrock,1.0,2,cholesky,5,gumbel_softmax,8192,0.02,1000,4,rosenbrock,500,0.006624937057495117,-1.0364131927490234,1.0868051052093506,0.7787520933134594,0.1490916907787323,0.03934432938694954,0.09732826799154282,0.10586580634117126
rosenbrock,1.0,2,cholesky,5,gumbel_softmax,8192,0.02,1000,4,rosenbrock,501,0.006491184234619141,-1.048616647720337,1.0803583860397339,0.7783627172668027,0.24342674016952515,0.17395612597465515,0.12209606915712357,0.11869452148675919
rosenbrock,1.0,2,cholesky,5,gumbel_softmax,8192,0.02,1000,4,rosenbrock,502,0.006314992904663086,-1.0151312351226807,0.9458631873130798,0.7779735359081693,0.3244888186454773,0.170248344540596,0.21468514204025269,0.17383553087711334
rosenbrock,1.0,2,cholesky,5,gumbel_softmax,8192,0.02,1000,4,rosenbrock,503,0.006471872329711914,-1.02875816822052,0.9610915184020996,0.7775845491402154,0.21674560010433197,0.046484075486660004,0.1824266016483307,0.1074170395731926
rosenbrock,1.0,2,cholesky,5,gumbel_softmax,8192,0.02,1000,4,rosenbrock,504,0.00644683837890625,-1.0273200273513794,1.1201655864715576,0.7771957568656452,0.3182106614112854,0.08191806823015213,0.15359480679035187,0.2663758397102356
rosenbrock,1.0,2,cholesky,5,gumbel_softmax,8192,0.02,1000,4,rosenbrock,505,0.006448984146118164,-1.0389609336853027,0.9781126976013184,0.7768071589872124,0.22497792541980743,0.1290467083454132,0.14061307907104492,0.11912167817354202
rosenbrock,1.0,2,cholesky,5,gumbel_softmax,8192,0.02,1000,4,rosenbrock,506,0.006452083587646484,-1.0378519296646118,1.0025228261947632,0.7764187554077189,0.4401305913925171,0.2664119303226471,0.28516948223114014,0.20351408421993256
rosenbrock,1.0,2,cholesky,5,gumbel_softmax,8192,0.02,1000,4,rosenbrock,507,0.0064351558685302734,-1.0304491519927979,0.9649946689605713,0.7760305460300151,0.23930427432060242,0.14475727081298828,0.14663924276828766,0.12169138342142105
rosenbrock,1.0,2,cholesky,5,gumbel_softmax,8192,0.02,1000,4,rosenbrock,508,0.006478071212768555,-1.0279730558395386,0.9937061667442322,0.7756425307570001,0.17814913392066956,0.033398889005184174,0.1698518544435501,0.04209478944540024
rosenbrock,1.0,2,cholesky,5,gumbel_softmax,8192,0.02,1000,4,rosenbrock,509,0.006468772888183594,-1.0356299877166748,0.9962512254714966,0.7752547094916217,0.16612420976161957,0.0343891941010952,0.12720519304275513,0.10116063803434372
rosenbrock,1.0,2,cholesky,5,gumbel_softmax,8192,0.02,1000,4,rosenbrock,510,0.0064508914947509766,-1.0330184698104858,0.9014821648597717,0.7748670821368759,0.3798574209213257,0.13544128835201263,0.3160189390182495,0.16149108111858368
rosenbrock,1.0,2,cholesky,5,gumbel_softmax,8192,0.02,1000,4,rosenbrock,511,0.0065021514892578125,-1.0338783264160156,0.9979177713394165,0.7744796485958075,0.29192614555358887,0.02457527071237564,0.10937041789293289,0.2695460021495819
rosenbrock,1.0,2,cholesky,5,gumbel_softmax,8192,0.02,1000,4,rosenbrock,512,0.00648188591003418,-1.0028080940246582,0.9348036646842957,0.7740924087715096,0.19473803043365479,0.13749168813228607,0.08833254873752594,0.10590700060129166
rosenbrock,1.0,2,cholesky,5,gumbel_softmax,8192,0.02,1000,4,rosenbrock,513,0.007021903991699219,-1.0328245162963867,0.9916740655899048,0.773705362567124,0.16600391268730164,0.03939026594161987,0.11696229875087738,0.11102037876844406
rosenbrock,1.0,2,cholesky,5,gumbel_softmax,8192,0.02,1000,4,rosenbrock,514,0.006916046142578125,-1.0307531356811523,1.0640175342559814,0.7733185098858404,0.21989679336547852,0.04344471916556358,0.20662418007850647,0.06142961606383324
rosenbrock,1.0,2,cholesky,5,gumbel_softmax,8192,0.02,1000,4,rosenbrock,515,0.006786823272705078,-1.0368839502334595,1.046294927597046,0.7729318506308975,0.25261440873146057,0.013260076753795147,0.21028363704681396,0.13935206830501556
rosenbrock,1.0,2,cholesky,5,gumbel_softmax,8192,0.02,1000,4,rosenbrock,516,0.006646156311035156,-1.0436623096466064,1.0392481088638306,0.7725453847055821,0.12552928924560547,0.011285508051514626,0.07242701202630997,0.10190471261739731
rosenbrock,1.0,2,cholesky,5,gumbel_softmax,8192,0.02,1000,4,rosenbrock,517,0.006536006927490234,-1.038550853729248,1.103236436843872,0.7721591120132294,0.2560844421386719,0.18470542132854462,0.141624316573143,0.10679745674133301
rosenbrock,1.0,2,cholesky,5,gumbel_softmax,8192,0.02,1000,4,rosenbrock,518,0.006533145904541016,-1.0352392196655273,0.9646756649017334,0.7717730324572228,0.4641818106174469,0.19186130166053772,0.40566208958625793,0.11871077120304108
rosenbrock,1.0,2,cholesky,5,gumbel_softmax,8192,0.02,1000,4,rosenbrock,519,0.006457090377807617,-1.0539497137069702,1.1343355178833008,0.7713871459409942,0.2797706127166748,0.16855646669864655,0.07260395586490631,0.2111610472202301
rosenbrock,1.0,2,cholesky,5,gumbel_softmax,8192,0.02,1000,4,rosenbrock,520,0.006514072418212891,-1.0416887998580933,1.0090690851211548,0.7710014523680238,0.2829870283603668,0.12982699275016785,0.21063950657844543,0.13732300698757172
rosenbrock,1.0,2,cholesky,5,gumbel_softmax,8192,0.02,1000,4,rosenbrock,521,0.006531238555908203,-1.0522565841674805,0.9951381683349609,0.7706159516418398,0.17173591256141663,0.039460573345422745,0.08439059555530548,0.14427165687084198
rosenbrock,1.0,2,cholesky,5,gumbel_softmax,8192,0.02,1000,4,rosenbrock,522,0.006464958190917969,-1.0430399179458618,1.3269484043121338,0.7702306436660189,0.19004462659358978,0.05353511869907379,0.055357497185468674,0.1737426370382309
rosenbrock,1.0,2,cholesky,5,gumbel_softmax,8192,0.02,1000,4,rosenbrock,523,0.006491184234619141,-1.047548532485962,0.9833948612213135,0.769845528344186,0.2939961850643158,0.17417150735855103,0.22182251513004303,0.08302298188209534
rosenbrock,1.0,2,cholesky,5,gumbel_softmax,8192,0.02,1000,4,rosenbrock,524,0.006471872329711914,-1.0491671562194824,0.9742035269737244,0.769460605580014,0.15262846648693085,0.10161526501178741,0.10342518240213394,0.0476762093603611
rosenbrock,1.0,2,cholesky,5,gumbel_softmax,8192,0.02,1000,4,rosenbrock,525,0.00662994384765625,-1.0401839017868042,0.9446520805358887,0.769075875277224,0.13692283630371094,0.09645701944828033,0.0468222051858902,0.08515624701976776
rosenbrock,1.0,2,cholesky,5,gumbel_softmax,8192,0.02,1000,4,rosenbrock,526,0.007133960723876953,-1.0494283437728882,0.9933928847312927,0.7686913373395854,0.2772082984447479,0.06070709228515625,0.05681092292070389,0.26444587111473083
rosenbrock,1.0,2,cholesky,5,gumbel_softmax,8192,0.02,1000,4,rosenbrock,527,0.006886959075927734,-1.0570144653320312,1.0394322872161865,0.7683069916709157,0.21323877573013306,0.0677904486656189,0.16235555708408356,0.12048196792602539
rosenbrock,1.0,2,cholesky,5,gumbel_softmax,8192,0.02,1000,4,rosenbrock,528,0.006512880325317383,-1.0406029224395752,1.0145734548568726,0.7679228381750802,0.5180760025978088,0.26925423741340637,0.3861542344093323,0.21630960702896118
rosenbrock,1.0,2,cholesky,5,gumbel_softmax,8192,0.02,1000,4,rosenbrock,529,0.007205009460449219,-1.041747808456421,0.9974863529205322,0.7675388767559927,0.31432199478149414,0.1849033534526825,0.21008016169071198,0.14309218525886536
rosenbrock,1.0,2,cholesky,5,gumbel_softmax,8192,0.02,1000,4,rosenbrock,530,0.006907224655151367,-1.0412025451660156,0.9484355449676514,0.7671551073176147,0.15677666664123535,0.01276278868317604,0.06543560326099396,0.1418950855731964
rosenbrock,1.0,2,cholesky,5,gumbel_softmax,8192,0.02,1000,4,rosenbrock,531,0.0067408084869384766,-1.0603182315826416,0.9746110439300537,0.766771529763956,0.20662608742713928,0.07573958486318588,0.104067862033844,0.16164077818393707
rosenbrock,1.0,2,cholesky,5,gumbel_softmax,8192,0.02,1000,4,rosenbrock,532,0.007333993911743164,-1.0629147291183472,1.122955560684204,0.7663881439990741,0.5475578308105469,0.16478659212589264,0.46377673745155334,0.2399500459432602
rosenbrock,1.0,2,cholesky,5,gumbel_softmax,8192,0.02,1000,4,rosenbrock,533,0.00678706169128418,-1.0626370906829834,1.0322942733764648,0.7660049499270746,0.43507760763168335,0.20237737894058228,0.3016786575317383,0.2394283264875412
rosenbrock,1.0,2,cholesky,5,gumbel_softmax,8192,0.02,1000,4,rosenbrock,534,0.006504058837890625,-1.0508944988250732,1.0412284135818481,0.7656219474521111,0.18758048117160797,0.01589612476527691,0.16856610774993896,0.08074162900447845
rosenbrock,1.0,2,cholesky,5,gumbel_softmax,8192,0.02,1000,4,rosenbrock,535,0.006681203842163086,-1.058912754058838,0.9816470742225647,0.765239136478385,0.33018556237220764,0.03630445525050163,0.28264832496643066,0.16677655279636383
rosenbrock,1.0,2,cholesky,5,gumbel_softmax,8192,0.02,1000,4,rosenbrock,536,0.006597757339477539,-1.0587561130523682,1.0217077732086182,0.7648565169101459,0.16553688049316406,0.02489779330790043,0.14089196920394897,0.08325869590044022
rosenbrock,1.0,2,cholesky,5,gumbel_softmax,8192,0.02,1000,4,rosenbrock,537,0.0065860748291015625,-1.0525426864624023,1.0682986974716187,0.7644740886516909,0.22827844321727753,0.18070131540298462,0.10969125479459763,0.08617371320724487
rosenbrock,1.0,2,cholesky,5,gumbel_softmax,8192,0.02,1000,4,rosenbrock,538,0.0066051483154296875,-1.0452830791473389,0.9973278045654297,0.764091851607365,0.10477913171052933,0.07230518013238907,0.03918226435780525,0.06492593884468079
rosenbrock,1.0,2,cholesky,5,gumbel_softmax,8192,0.02,1000,4,rosenbrock,539,0.006476163864135742,-1.0513014793395996,1.0998769998550415,0.7637098056815614,0.2642470896244049,0.04168231785297394,0.2481473982334137,0.08069683611392975
rosenbrock,1.0,2,cholesky,5,gumbel_softmax,8192,0.02,1000,4,rosenbrock,540,0.006824970245361328,-1.0460171699523926,1.0464885234832764,0.7633279507787207,0.1899164915084839,0.12087826430797577,0.1291719377040863,0.0690748542547226
rosenbrock,1.0,2,cholesky,5,gumbel_softmax,8192,0.02,1000,4,rosenbrock,541,0.007016897201538086,-1.0295932292938232,0.9820619225502014,0.7629462868033314,0.22462022304534912,0.021996067836880684,0.20544858276844025,0.08809824287891388
rosenbrock,1.0,2,cholesky,5,gumbel_softmax,8192,0.02,1000,4,rosenbrock,542,0.006745100021362305,-1.0477381944656372,0.9514391422271729,0.7625648136599298,0.19864735007286072,0.029538750648498535,0.1450110524892807,0.13251419365406036
rosenbrock,1.0,2,cholesky,5,gumbel_softmax,8192,0.02,1000,4,rosenbrock,543,0.0065631866455078125,-1.0469567775726318,1.0984735488891602,0.7621835312530998,0.4618004858493805,0.2728871703147888,0.25813981890678406,0.2686189115047455
rosenbrock,1.0,2,cholesky,5,gumbel_softmax,8192,0.02,1000,4,rosenbrock,544,0.00660395622253418,-1.0351954698562622,0.9532871842384338,0.7618024394874733,0.16056381165981293,0.05882274731993675,0.07751235365867615,0.12772023677825928
rosenbrock,1.0,2,cholesky,5,gumbel_softmax,8192,0.02,1000,4,rosenbrock,545,0.006542205810546875,-1.038392186164856,1.019877314567566,0.7614215382677296,0.15439116954803467,0.08442023396492004,0.07086513936519623,0.10811100155115128
rosenbrock,1.0,2,cholesky,5,gumbel_softmax,8192,0.02,1000,4,rosenbrock,546,0.006480216979980469,-1.0411300659179688,0.994979202747345,0.7610408274985958,0.12003450840711594,0.03293914347887039,0.10616851598024368,0.04529396817088127
rosenbrock,1.0,2,cholesky,5,gumbel_softmax,8192,0.02,1000,4,rosenbrock,547,0.006455659866333008,-1.0340496301651,1.0127062797546387,0.7606603070848466,0.2658243179321289,0.09364048391580582,0.21525737643241882,0.12473292648792267
rosenbrock,1.0,2,cholesky,5,gumbel_softmax,8192,0.02,1000,4,rosenbrock,548,0.006329059600830078,-1.038917064666748,0.9768277406692505,0.7602799769313042,0.22465230524539948,0.02418006956577301,0.19275301694869995,0.11282843351364136
rosenbrock,1.0,2,cholesky,5,gumbel_softmax,8192,0.02,1000,4,rosenbrock,549,0.006784915924072266,-1.0348657369613647,0.9269333481788635,0.7598998369428386,0.19452323019504547,0.013654877431690693,0.07399696856737137,0.17938025295734406
rosenbrock,1.0,2,cholesky,5,gumbel_softmax,8192,0.02,1000,4,rosenbrock,550,0.006622791290283203,-1.0461430549621582,1.0426089763641357,0.7595198870243672,0.2664262056350708,0.061980780214071274,0.2245090901851654,0.12937141954898834
rosenbrock,1.0,2,cholesky,5,gumbel_softmax,8192,0.02,1000,4,rosenbrock,551,0.006510257720947266,-1.0310248136520386,0.938679039478302,0.759140127080855,0.13538523018360138,0.10328978300094604,0.06263624131679535,0.061131685972213745
rosenbrock,1.0,2,cholesky,5,gumbel_softmax,8192,0.02,1000,4,rosenbrock,552,0.0064623355865478516,-1.0364348888397217,0.9744157791137695,0.7587605570173147,0.22986480593681335,0.05829784274101257,0.11294950544834137,0.19152438640594482
rosenbrock,1.0,2,cholesky,5,gumbel_softmax,8192,0.02,1000,4,rosenbrock,553,0.006439924240112305,-1.0158779621124268,1.0056020021438599,0.758381176738806,0.36975786089897156,0.29067811369895935,0.1775510013103485,0.143884539604187
rosenbrock,1.0,2,cholesky,5,gumbel_softmax,8192,0.02,1000,4,rosenbrock,554,0.00643610954284668,-1.048506736755371,0.9999362230300903,0.7580019861504367,0.25227218866348267,0.020477857440710068,0.09350873529911041,0.23340526223182678
rosenbrock,1.0,2,cholesky,5,gumbel_softmax,8192,0.02,1000,4,rosenbrock,555,0.006566762924194336,-1.0417696237564087,1.1046940088272095,0.7576229851573615,0.7575267553329468,0.3718055188655853,0.5108951926231384,0.41784384846687317
rosenbrock,1.0,2,cholesky,5,gumbel_softmax,8192,0.02,1000,4,rosenbrock,556,0.006766080856323242,-1.0330561399459839,1.0017518997192383,0.7572441736647829,0.3220093250274658,0.13663822412490845,0.215276837348938,0.1966618150472641
rosenbrock,1.0,2,cholesky,5,gumbel_softmax,8192,0.02,1000,4,rosenbrock,557,0.006636142730712891,-1.0310215950012207,1.0879524946212769,0.7568655515779505,0.27473336458206177,0.1739450842142105,0.14569418132305145,0.15490233898162842
rosenbrock,1.0,2,cholesky,5,gumbel_softmax,8192,0.02,1000,4,rosenbrock,558,0.006596088409423828,-1.0635459423065186,1.0039331912994385,0.7564871188021616,0.7947848439216614,0.35410070419311523,0.5775071978569031,0.41566935181617737
rosenbrock,1.0,2,cholesky,5,gumbel_softmax,8192,0.02,1000,4,rosenbrock,559,0.006540060043334961,-1.0209121704101562,1.031516671180725,0.7561088752427605,0.559669554233551,0.45525965094566345,0.275162935256958,0.17393693327903748
rosenbrock,1.0,2,cholesky,5,gumbel_softmax,8192,0.02,1000,4,rosenbrock,560,0.006493091583251953,-1.0358617305755615,1.0085008144378662,0.7557308208051392,0.7337712049484253,0.3624289929866791,0.5314838290214539,0.35297340154647827
rosenbrock,1.0,2,cholesky,5,gumbel_softmax,8192,0.02,1000,4,rosenbrock,561,0.006505012512207031,-1.0305501222610474,0.9969394207000732,0.7553529553947367,0.2552252411842346,0.07989156246185303,0.19994664192199707,0.1370350420475006
rosenbrock,1.0,2,cholesky,5,gumbel_softmax,8192,0.02,1000,4,rosenbrock,562,0.006525993347167969,-1.02869713306427,1.0246256589889526,0.7549752789170393,0.3712564706802368,0.17060686647891998,0.30579301714897156,0.12335029244422913
rosenbrock,1.0,2,cholesky,5,gumbel_softmax,8192,0.02,1000,4,rosenbrock,563,0.006816864013671875,-1.0435303449630737,1.0703541040420532,0.7545977912775809,0.7788381576538086,0.46410292387008667,0.5447296500205994,0.30735480785369873
rosenbrock,1.0,2,cholesky,5,gumbel_softmax,8192,0.02,1000,4,rosenbrock,564,0.006515979766845703,-1.0438001155853271,1.0899914503097534,0.7542204923819421,0.5915488004684448,0.41495659947395325,0.3471730053424835,0.23919029533863068
rosenbrock,1.0,2,cholesky,5,gumbel_softmax,8192,0.02,1000,4,rosenbrock,565,0.006638288497924805,-1.0196192264556885,1.0336414575576782,0.7538433821357512,0.3586903214454651,0.22566628456115723,0.21787101030349731,0.17397046089172363
rosenbrock,1.0,2,cholesky,5,gumbel_softmax,8192,0.02,1000,4,rosenbrock,566,0.0065212249755859375,-1.0216195583343506,0.9747700691223145,0.7534664604446834,0.1437799036502838,0.05936191603541374,0.040802933275699615,0.12443450093269348
rosenbrock,1.0,2,cholesky,5,gumbel_softmax,8192,0.02,1000,4,rosenbrock,567,0.006457090377807617,-1.0265991687774658,0.9958751201629639,0.7530897272144611,0.34948641061782837,0.19564008712768555,0.2577753961086273,0.13197562098503113
rosenbrock,1.0,2,cholesky,5,gumbel_softmax,8192,0.02,1000,4,rosenbrock,568,0.00639796257019043,-1.015866994857788,1.0310007333755493,0.7527131823508538,0.3431607186794281,0.19340357184410095,0.17991746962070465,0.21905261278152466
rosenbrock,1.0,2,cholesky,5,gumbel_softmax,8192,0.02,1000,4,rosenbrock,569,0.006659030914306641,-1.0182037353515625,0.9543865919113159,0.7523368257596785,0.45599040389060974,0.25630131363868713,0.29448485374450684,0.23561745882034302
rosenbrock,1.0,2,cholesky,5,gumbel_softmax,8192,0.02,1000,4,rosenbrock,570,0.006577014923095703,-1.0276474952697754,0.9657346606254578,0.7519606573467987,0.3022233247756958,0.22933703660964966,0.1797560304403305,0.08019499480724335
rosenbrock,1.0,2,cholesky,5,gumbel_softmax,8192,0.02,1000,4,rosenbrock,571,0.0067729949951171875,-1.0399278402328491,1.0540217161178589,0.7515846770181254,0.2052079439163208,0.13424623012542725,0.12589102983474731,0.09077280759811401
rosenbrock,1.0,2,cholesky,5,gumbel_softmax,8192,0.02,1000,4,rosenbrock,572,0.006957054138183594,-1.0307157039642334,1.0064977407455444,0.7512088846796163,0.26140764355659485,0.04953375086188316,0.07342095673084259,0.24594658613204956
rosenbrock,1.0,2,cholesky,5,gumbel_softmax,8192,0.02,1000,4,rosenbrock,573,0.006690025329589844,-1.0237067937850952,0.9225945472717285,0.7508332802372766,0.30349886417388916,0.18004097044467926,0.2113492339849472,0.12259002774953842
rosenbrock,1.0,2,cholesky,5,gumbel_softmax,8192,0.02,1000,4,rosenbrock,574,0.006651163101196289,-1.0320663452148438,0.9953446984291077,0.7504578635971579,0.44698622822761536,0.18823418021202087,0.38544148206710815,0.12569589912891388
rosenbrock,1.0,2,cholesky,5,gumbel_softmax,8192,0.02,1000,4,rosenbrock,575,0.006939888000488281,-1.0344022512435913,1.0592427253723145,0.7500826346653594,0.24174553155899048,0.13334356248378754,0.15827135741710663,0.12494228035211563
rosenbrock,1.0,2,cholesky,5,gumbel_softmax,8192,0.02,1000,4,rosenbrock,576,0.006615877151489258,-1.038836121559143,1.0737684965133667,0.7497075933480267,0.14715437591075897,0.05274258553981781,0.088007353246212,0.1054861918091774
rosenbrock,1.0,2,cholesky,5,gumbel_softmax,8192,0.02,1000,4,rosenbrock,577,0.006632804870605469,-1.0459550619125366,1.216431975364685,0.7493327395513528,0.22829322516918182,0.014894790947437286,0.22190959751605988,0.051498278975486755
rosenbrock,1.0,2,cholesky,5,gumbel_softmax,8192,0.02,1000,4,rosenbrock,578,0.006627082824707031,-1.0309877395629883,1.0490413904190063,0.7489580731815771,0.21002855896949768,0.06780913472175598,0.13677692413330078,0.14424282312393188
rosenbrock,1.0,2,cholesky,5,gumbel_softmax,8192,0.02,1000,4,rosenbrock,579,0.006590843200683594,-1.0125656127929688,0.9872398376464844,0.7485835941449864,0.2917989492416382,0.19232915341854095,0.185593381524086,0.11709489673376083
rosenbrock,1.0,2,cholesky,5,gumbel_softmax,8192,0.02,1000,4,rosenbrock,580,0.006513833999633789,-1.0142595767974854,0.9623848795890808,0.7482093023479139,0.25510963797569275,0.04960818588733673,0.19986632466316223,0.1505769044160843
rosenbrock,1.0,2,cholesky,5,gumbel_softmax,8192,0.02,1000,4,rosenbrock,581,0.006573915481567383,-1.040239691734314,1.000736951828003,0.74783519769674,0.15282617509365082,0.0789826437830925,0.06419534981250763,0.11400236189365387
rosenbrock,1.0,2,cholesky,5,gumbel_softmax,8192,0.02,1000,4,rosenbrock,582,0.006551027297973633,-1.0282336473464966,0.9997763633728027,0.7474612800978917,0.2663630247116089,0.11527451127767563,0.11423336714506149,0.2112150639295578
rosenbrock,1.0,2,cholesky,5,gumbel_softmax,8192,0.02,1000,4,rosenbrock,583,0.0064580440521240234,-1.0151176452636719,1.012944221496582,0.7470875494578428,0.34265583753585815,0.04445561766624451,0.047484587877988815,0.33642521500587463
rosenbrock,1.0,2,cholesky,5,gumbel_softmax,8192,0.02,1000,4,rosenbrock,584,0.006557941436767578,-1.0377106666564941,1.0089014768600464,0.746714005683114,0.2805216610431671,0.04489048942923546,0.24423760175704956,0.1304808408021927
rosenbrock,1.0,2,cholesky,5,gumbel_softmax,8192,0.02,1000,4,rosenbrock,585,0.006407022476196289,-1.0137138366699219,1.0121315717697144,0.7463406486802724,0.12491732090711594,0.06114492565393448,0.07595499604940414,0.07807990908622742
rosenbrock,1.0,2,cholesky,5,gumbel_softmax,8192,0.02,1000,4,rosenbrock,586,0.00653386116027832,-1.0342669486999512,0.9464383125305176,0.7459674783559324,0.13270317018032074,0.07182957231998444,0.047439318150281906,0.10099579393863678
rosenbrock,1.0,2,cholesky,5,gumbel_softmax,8192,0.02,1000,4,rosenbrock,587,0.0065801143646240234,-1.0324718952178955,0.9765187501907349,0.7455944946167544,0.1359410583972931,0.08993472903966904,0.07716921716928482,0.0666080042719841
rosenbrock,1.0,2,cholesky,5,gumbel_softmax,8192,0.02,1000,4,rosenbrock,588,0.006562232971191406,-1.0342729091644287,0.9590740203857422,0.7452216973694461,0.12870635092258453,0.09523729234933853,0.02956243045628071,0.08137104660272598
rosenbrock,1.0,2,cholesky,5,gumbel_softmax,8192,0.02,1000,4,rosenbrock,589,0.00658106803894043,-1.0358490943908691,0.9766252040863037,0.7448490865207614,0.2604494094848633,0.15746378898620605,0.1838124841451645,0.09618735313415527
rosenbrock,1.0,2,cholesky,5,gumbel_softmax,8192,0.02,1000,4,rosenbrock,590,0.006514787673950195,-1.0288050174713135,1.0680115222930908,0.7444766619775011,0.36547529697418213,0.032048895955085754,0.2875784635543823,0.2232569307088852
rosenbrock,1.0,2,cholesky,5,gumbel_softmax,8192,0.02,1000,4,rosenbrock,591,0.007139921188354492,-1.0179948806762695,0.9899827241897583,0.7441044236465123,0.14242033660411835,0.017107680439949036,0.10239361226558685,0.09750092029571533
rosenbrock,1.0,2,cholesky,5,gumbel_softmax,8192,0.02,1000,4,rosenbrock,592,0.006534099578857422,-1.0387808084487915,1.1170827150344849,0.7437323714346891,0.25720882415771484,0.010660740546882153,0.14562471210956573,0.2117455005645752
rosenbrock,1.0,2,cholesky,5,gumbel_softmax,8192,0.02,1000,4,rosenbrock,593,0.006453990936279297,-1.0324686765670776,0.9389981031417847,0.7433605052489718,0.1378793567419052,0.07293476164340973,0.07981457561254501,0.0855620801448822
rosenbrock,1.0,2,cholesky,5,gumbel_softmax,8192,0.02,1000,4,rosenbrock,594,0.007048130035400391,-1.0429284572601318,0.9658416509628296,0.7429888249963473,0.2607916593551636,0.023709898814558983,0.22273455560207367,0.13356435298919678
rosenbrock,1.0,2,cholesky,5,gumbel_softmax,8192,0.02,1000,4,rosenbrock,595,0.006711244583129883,-1.015199899673462,1.0320606231689453,0.7426173305838493,0.0860341414809227,0.026545275002717972,0.053510621190071106,0.061917971819639206
rosenbrock,1.0,2,cholesky,5,gumbel_softmax,8192,0.02,1000,4,rosenbrock,596,0.006565093994140625,-1.0309507846832275,1.0781426429748535,0.7422460219185574,0.31733664870262146,0.03952407091856003,0.2666938006877899,0.1673762947320938
rosenbrock,1.0,2,cholesky,5,gumbel_softmax,8192,0.02,1000,4,rosenbrock,597,0.0065081119537353516,-1.0100022554397583,0.940231204032898,0.7418748989075981,0.2720527946949005,0.11836910992860794,0.20658397674560547,0.13162264227867126
rosenbrock,1.0,2,cholesky,5,gumbel_softmax,8192,0.02,1000,4,rosenbrock,598,0.006677150726318359,-1.017629861831665,1.001466155052185,0.7415039614581443,0.5016064047813416,0.1979307383298874,0.4191210865974426,0.19175487756729126
rosenbrock,1.0,2,cholesky,5,gumbel_softmax,8192,0.02,1000,4,rosenbrock,599,0.006545066833496094,-1.0126186609268188,1.0066826343536377,0.7411332094774153,0.2101132720708847,0.13888207077980042,0.08684413135051727,0.13159579038619995
rosenbrock,1.0,2,cholesky,5,gumbel_softmax,8192,0.02,1000,4,rosenbrock,600,0.006718873977661133,-1.0523771047592163,1.0323443412780762,0.7407626428726767,0.274773508310318,0.10990041494369507,0.16862761974334717,0.18704843521118164
rosenbrock,1.0,2,cholesky,5,gumbel_softmax,8192,0.02,1000,4,rosenbrock,601,0.0065457820892333984,-1.025787353515625,0.9796538352966309,0.7403922615512404,0.27362358570098877,0.15395383536815643,0.20774808526039124,0.08949198573827744
rosenbrock,1.0,2,cholesky,5,gumbel_softmax,8192,0.02,1000,4,rosenbrock,602,0.0065119266510009766,-1.0135447978973389,1.0228148698806763,0.7400220654204648,0.3015983998775482,0.12114579975605011,0.2154316008090973,0.17284242808818817
rosenbrock,1.0,2,cholesky,5,gumbel_softmax,8192,0.02,1000,4,rosenbrock,603,0.00690913200378418,-1.0340821743011475,1.0327507257461548,0.7396520543877546,0.26045551896095276,0.0580071397125721,0.13875864446163177,0.21264593303203583
rosenbrock,1.0,2,cholesky,5,gumbel_softmax,8192,0.02,1000,4,rosenbrock,604,0.00636601448059082,-1.0307228565216064,0.9570339322090149,0.7392822283605608,0.1768125742673874,0.043052107095718384,0.14623814821243286,0.08957455307245255
rosenbrock,1.0,2,cholesky,5,gumbel_softmax,8192,0.02,1000,4,rosenbrock,605,0.006967067718505859,-1.0247479677200317,0.9457032680511475,0.7389125872463805,0.23983125388622284,0.10707873106002808,0.18671688437461853,0.10578272491693497
rosenbrock,1.0,2,cholesky,5,gumbel_softmax,8192,0.02,1000,4,rosenbrock,606,0.006570100784301758,-1.0214942693710327,0.9750387072563171,0.7385431309527574,0.18452699482440948,0.054482657462358475,0.1302267462015152,0.11883960664272308
rosenbrock,1.0,2,cholesky,5,gumbel_softmax,8192,0.02,1000,4,rosenbrock,607,0.006835222244262695,-1.059852957725525,1.1168984174728394,0.738173859387281,0.1803821474313736,0.011714419350028038,0.13030633330345154,0.12418033182621002
rosenbrock,1.0,2,cholesky,5,gumbel_softmax,8192,0.02,1000,4,rosenbrock,608,0.00670170783996582,-1.0261597633361816,0.9649261236190796,0.7378047724575875,0.1627841591835022,0.0704546645283699,0.11345349252223969,0.09307591617107391
rosenbrock,1.0,2,cholesky,5,gumbel_softmax,8192,0.02,1000,4,rosenbrock,609,0.007111072540283203,-1.0405688285827637,1.0673996210098267,0.7374358700713587,0.1323585957288742,0.02357405237853527,0.09215910732746124,0.0920313224196434
rosenbrock,1.0,2,cholesky,5,gumbel_softmax,8192,0.02,1000,4,rosenbrock,610,0.007103919982910156,-1.0159426927566528,0.9896194934844971,0.737067152136323,0.15163573622703552,0.06465453654527664,0.08344241976737976,0.10886023938655853
rosenbrock,1.0,2,cholesky,5,gumbel_softmax,8192,0.02,1000,4,rosenbrock,611,0.006536006927490234,-1.0439660549163818,1.0086652040481567,0.7366986185602549,0.12863819301128387,0.07618305832147598,0.07998098433017731,0.06593156605958939
rosenbrock,1.0,2,cholesky,5,gumbel_softmax,8192,0.02,1000,4,rosenbrock,612,0.006747007369995117,-1.0351759195327759,1.139919400215149,0.7363302692509748,0.15014873445034027,0.048009540885686874,0.08834004402160645,0.11151576787233353
rosenbrock,1.0,2,cholesky,5,gumbel_softmax,8192,0.02,1000,4,rosenbrock,613,0.006540775299072266,-1.045444369316101,1.0335109233856201,0.7359621041163493,0.19968096911907196,0.07486877590417862,0.09199239313602448,0.1606379747390747
rosenbrock,1.0,2,cholesky,5,gumbel_softmax,8192,0.02,1000,4,rosenbrock,614,0.006666898727416992,-1.0387569665908813,0.9617877006530762,0.7355941230642913,0.2753061056137085,0.09446869045495987,0.07887658476829529,0.24626734852790833
rosenbrock,1.0,2,cholesky,5,gumbel_softmax,8192,0.02,1000,4,rosenbrock,615,0.006601095199584961,-1.0235459804534912,0.9259206056594849,0.7352263260027592,0.22076646983623505,0.1295611411333084,0.07440569251775742,0.16252855956554413
rosenbrock,1.0,2,cholesky,5,gumbel_softmax,8192,0.02,1000,4,rosenbrock,616,0.006840229034423828,-1.053896188735962,1.0843226909637451,0.7348587128397578,0.14268827438354492,0.07153727859258652,0.1034046933054924,0.06745243817567825
rosenbrock,1.0,2,cholesky,5,gumbel_softmax,8192,0.02,1000,4,rosenbrock,617,0.006632089614868164,-1.0512861013412476,1.046977162361145,0.7344912834833379,0.24723124504089355,0.008657018654048443,0.1671266257762909,0.18198086321353912
rosenbrock,1.0,2,cholesky,5,gumbel_softmax,8192,0.02,1000,4,rosenbrock,618,0.006482839584350586,-1.0526931285858154,1.0908472537994385,0.7341240378415963,0.33916181325912476,0.06292205303907394,0.3062317669391632,0.1315053403377533
rosenbrock,1.0,2,cholesky,5,gumbel_softmax,8192,0.02,1000,4,rosenbrock,619,0.006491899490356445,-1.026153564453125,0.9601618051528931,0.7337569758226755,0.29223522543907166,0.14319360256195068,0.21746470034122467,0.13268807530403137
rosenbrock,1.0,2,cholesky,5,gumbel_softmax,8192,0.02,1000,4,rosenbrock,620,0.006917238235473633,-1.0377330780029297,1.0258584022521973,0.7333900973347642,0.18145956099033356,0.07270654290914536,0.09212379902601242,0.13839994370937347
rosenbrock,1.0,2,cholesky,5,gumbel_softmax,8192,0.02,1000,4,rosenbrock,621,0.007019996643066406,-1.0247372388839722,0.9855553507804871,0.733023402286097,0.18870897591114044,0.0412856750190258,0.08403462171554565,0.16384369134902954
rosenbrock,1.0,2,cholesky,5,gumbel_softmax,8192,0.02,1000,4,rosenbrock,622,0.006738901138305664,-1.0439165830612183,1.0348402261734009,0.7326568905849539,0.27454423904418945,0.029588593170046806,0.1680111140012741,0.21510769426822662
rosenbrock,1.0,2,cholesky,5,gumbel_softmax,8192,0.02,1000,4,rosenbrock,623,0.0067560672760009766,-1.018969178199768,0.9466115236282349,0.7322905621396615,0.3584630787372589,0.17901292443275452,0.2749841809272766,0.14433935284614563
rosenbrock,1.0,2,cholesky,5,gumbel_softmax,8192,0.02,1000,4,rosenbrock,624,0.00673985481262207,-1.049755334854126,1.0345439910888672,0.7319244168585917,0.17944255471229553,0.02860972099006176,0.12622563540935516,0.12429078668355942
rosenbrock,1.0,2,cholesky,5,gumbel_softmax,8192,0.02,1000,4,rosenbrock,625,0.0070269107818603516,-1.0422273874282837,0.9699674844741821,0.7315584546501624,0.12660954892635345,0.04155099019408226,0.11409733444452286,0.03585093095898628
rosenbrock,1.0,2,cholesky,5,gumbel_softmax,8192,0.02,1000,4,rosenbrock,626,0.006602048873901367,-1.0123556852340698,0.9475904703140259,0.7311926754228374,0.1683720201253891,0.013790751807391644,0.12295950949192047,0.114192433655262
rosenbrock,1.0,2,cholesky,5,gumbel_softmax,8192,0.02,1000,4,rosenbrock,627,0.006825923919677734,-1.0557684898376465,0.9993987083435059,0.730827079085126,0.3114190399646759,0.02923956885933876,0.1520869880914688,0.2701784670352936
rosenbrock,1.0,2,cholesky,5,gumbel_softmax,8192,0.02,1000,4,rosenbrock,628,0.006860017776489258,-1.0558228492736816,0.9684451222419739,0.7304616655455834,0.25718122720718384,0.041405949741601944,0.2453588843345642,0.06501347571611404
rosenbrock,1.0,2,cholesky,5,gumbel_softmax,8192,0.02,1000,4,rosenbrock,629,0.00630497932434082,-1.035739541053772,1.0951623916625977,0.7300964347128107,0.23096969723701477,0.07249483466148376,0.20629394054412842,0.07439297437667847
rosenbrock,1.0,2,cholesky,5,gumbel_softmax,8192,0.02,1000,4,rosenbrock,630,0.007028102874755859,-1.0396674871444702,1.0362619161605835,0.7297313864954543,0.4068252146244049,0.31061506271362305,0.2459953874349594,0.09225676208734512
rosenbrock,1.0,2,cholesky,5,gumbel_softmax,8192,0.02,1000,4,rosenbrock,631,0.00661921501159668,-1.0508190393447876,1.041344404220581,0.7293665208022067,0.2291221171617508,0.07092699408531189,0.186355322599411,0.11286278069019318
rosenbrock,1.0,2,cholesky,5,gumbel_softmax,8192,0.02,1000,4,rosenbrock,632,0.006660938262939453,-1.0235183238983154,0.9686786532402039,0.7290018375418056,0.20042599737644196,0.058729007840156555,0.12118641287088394,0.1484430432319641
rosenbrock,1.0,2,cholesky,5,gumbel_softmax,8192,0.02,1000,4,rosenbrock,633,0.0064809322357177734,-1.0313328504562378,1.0073363780975342,0.7286373366230348,0.1804845780134201,0.01877976395189762,0.12146864086389542,0.13216419517993927
rosenbrock,1.0,2,cholesky,5,gumbel_softmax,8192,0.02,1000,4,rosenbrock,634,0.006651878356933594,-1.0396215915679932,0.9964144229888916,0.7282730179547233,0.14875197410583496,0.013669181615114212,0.11319338530302048,0.09553828835487366
rosenbrock,1.0,2,cholesky,5,gumbel_softmax,8192,0.02,1000,4,rosenbrock,635,0.006563663482666016,-1.0312325954437256,1.0334148406982422,0.727908881445746,0.4583565592765808,0.043848779052495956,0.4034094214439392,0.21314050257205963
rosenbrock,1.0,2,cholesky,5,gumbel_softmax,8192,0.02,1000,4,rosenbrock,636,0.006376028060913086,-1.0418418645858765,0.9694780111312866,0.7275449270050232,0.1741817444562912,0.014517943374812603,0.14316868782043457,0.09813886880874634
rosenbrock,1.0,2,cholesky,5,gumbel_softmax,8192,0.02,1000,4,rosenbrock,637,0.007092952728271484,-1.0402934551239014,1.0001544952392578,0.7271811545415207,0.17806017398834229,0.11238247156143188,0.11096029728651047,0.08223999291658401
rosenbrock,1.0,2,cholesky,5,gumbel_softmax,8192,0.02,1000,4,rosenbrock,638,0.006665945053100586,-1.0300123691558838,0.9449437856674194,0.7268175639642499,0.24421116709709167,0.09774740785360336,0.1736687272787094,0.14115138351917267
rosenbrock,1.0,2,cholesky,5,gumbel_softmax,8192,0.02,1000,4,rosenbrock,639,0.006531953811645508,-1.054232120513916,0.9679655432701111,0.7264541551822679,0.17258962988853455,0.05309067666530609,0.14827068150043488,0.07060003280639648
rosenbrock,1.0,2,cholesky,5,gumbel_softmax,8192,0.02,1000,4,rosenbrock,640,0.006489992141723633,-1.0315463542938232,1.0113962888717651,0.7260909281046768,0.10363195836544037,0.055831428617239,0.05153415724635124,0.07047456502914429
rosenbrock,1.0,2,cholesky,5,gumbel_softmax,8192,0.02,1000,4,rosenbrock,641,0.006459951400756836,-1.0350638628005981,1.0709830522537231,0.7257278826406245,0.21285484731197357,0.0688522607088089,0.1591731458902359,0.12341172248125076
rosenbrock,1.0,2,cholesky,5,gumbel_softmax,8192,0.02,1000,4,rosenbrock,642,0.0064351558685302734,-1.042279839515686,0.9979231357574463,0.7253650186993041,0.3101149797439575,0.031334079802036285,0.28054454922676086,0.1283908486366272
rosenbrock,1.0,2,cholesky,5,gumbel_softmax,8192,0.02,1000,4,rosenbrock,643,0.006457090377807617,-1.046668529510498,0.9448497891426086,0.7250023361899546,0.1735159307718277,0.11759240925312042,0.0513441264629364,0.11680573970079422
rosenbrock,1.0,2,cholesky,5,gumbel_softmax,8192,0.02,1000,4,rosenbrock,644,0.006448030471801758,-1.048538327217102,1.0269427299499512,0.7246398350218597,0.34436288475990295,0.03615213558077812,0.32599198818206787,0.10491929948329926
rosenbrock,1.0,2,cholesky,5,gumbel_softmax,8192,0.02,1000,4,rosenbrock,645,0.006497859954833984,-1.05684494972229,1.0399343967437744,0.7242775151043488,0.1641303300857544,0.08990328013896942,0.12392912060022354,0.05914170295000076
rosenbrock,1.0,2,cholesky,5,gumbel_softmax,8192,0.02,1000,4,rosenbrock,646,0.0064771175384521484,-1.0466651916503906,1.0663681030273438,0.7239153763467966,0.22609877586364746,0.10337404161691666,0.15973131358623505,0.12214898318052292
rosenbrock,1.0,2,cholesky,5,gumbel_softmax,8192,0.02,1000,4,rosenbrock,647,0.006439208984375,-1.0643150806427002,1.076926350593567,0.7235534186586232,0.12073910981416702,0.09070645272731781,0.03485538810491562,0.07166151702404022
rosenbrock,1.0,2,cholesky,5,gumbel_softmax,8192,0.02,1000,4,rosenbrock,648,0.006453990936279297,-1.0525522232055664,1.030707836151123,0.723191641949294,0.4082583487033844,0.1531243920326233,0.36986225843429565,0.08018585294485092
rosenbrock,1.0,2,cholesky,5,gumbel_softmax,8192,0.02,1000,4,rosenbrock,649,0.006429910659790039,-1.0572813749313354,1.0147514343261719,0.7228300461283194,0.3271195888519287,0.13151608407497406,0.28420910239219666,0.09452997893095016
rosenbrock,1.0,2,cholesky,5,gumbel_softmax,8192,0.02,1000,4,rosenbrock,650,0.006437778472900391,-1.0523430109024048,1.032535195350647,0.7224686311052553,0.1390296220779419,0.10507451742887497,0.022656287997961044,0.08817750215530396
rosenbrock,1.0,2,cholesky,5,gumbel_softmax,8192,0.02,1000,4,rosenbrock,651,0.00645899772644043,-1.0455501079559326,1.0830081701278687,0.7221073967897027,0.2818116843700409,0.05503998324275017,0.2401713728904724,0.1367703676223755
rosenbrock,1.0,2,cholesky,5,gumbel_softmax,8192,0.02,1000,4,rosenbrock,652,0.006440877914428711,-1.0376774072647095,0.9816491007804871,0.7217463430913079,0.2861551344394684,0.01581300050020218,0.2808802127838135,0.052354875952005386
rosenbrock,1.0,2,cholesky,5,gumbel_softmax,8192,0.02,1000,4,rosenbrock,653,0.006669044494628906,-1.0521522760391235,1.0682274103164673,0.7213854699197623,0.23280960321426392,0.12063179165124893,0.16428440809249878,0.11251187324523926
rosenbrock,1.0,2,cholesky,5,gumbel_softmax,8192,0.02,1000,4,rosenbrock,654,0.006435871124267578,-1.0549290180206299,0.9977954626083374,0.7210247771848024,0.2652103900909424,0.06794402748346329,0.2246284782886505,0.12354031205177307
rosenbrock,1.0,2,cholesky,5,gumbel_softmax,8192,0.02,1000,4,rosenbrock,655,0.006442070007324219,-1.048460602760315,1.0248116254806519,0.72066426479621,0.18903613090515137,0.10307984799146652,0.11695567518472672,0.10691383481025696
rosenbrock,1.0,2,cholesky,5,gumbel_softmax,8192,0.02,1000,4,rosenbrock,656,0.006457090377807617,-1.049806833267212,0.9770531058311462,0.720303932663812,0.2032703161239624,0.07073098421096802,0.09553729742765427,0.16488958895206451
rosenbrock,1.0,2,cholesky,5,gumbel_softmax,8192,0.02,1000,4,rosenbrock,657,0.006470918655395508,-1.0589990615844727,1.0518237352371216,0.7199437806974801,0.34394240379333496,0.09603063762187958,0.3177057206630707,0.09020832926034927
rosenbrock,1.0,2,cholesky,5,gumbel_softmax,8192,0.02,1000,4,rosenbrock,658,0.006507158279418945,-1.0618131160736084,1.2416802644729614,0.7195838088071315,0.27461692690849304,0.08193472772836685,0.2140643447637558,0.15125349164009094
rosenbrock,1.0,2,cholesky,5,gumbel_softmax,8192,0.02,1000,4,rosenbrock,659,0.006512880325317383,-1.0403876304626465,0.957790195941925,0.7192240169027279,0.31002479791641235,0.2114836424589157,0.152704656124115,0.16754500567913055
rosenbrock,1.0,2,cholesky,5,gumbel_softmax,8192,0.02,1000,4,rosenbrock,660,0.006514787673950195,-1.044676423072815,1.0534597635269165,0.7188644048942766,0.4685186743736267,0.13772089779376984,0.38308316469192505,0.23192670941352844
rosenbrock,1.0,2,cholesky,5,gumbel_softmax,8192,0.02,1000,4,rosenbrock,661,0.006541013717651367,-1.0404980182647705,1.0060670375823975,0.7185049726918294,0.1763114035129547,0.03928081691265106,0.14676928520202637,0.0894511267542839
rosenbrock,1.0,2,cholesky,5,gumbel_softmax,8192,0.02,1000,4,rosenbrock,662,0.006554841995239258,-1.052771806716919,1.0494780540466309,0.7181457202054836,0.29762545228004456,0.0765894427895546,0.24698394536972046,0.14735634624958038
rosenbrock,1.0,2,cholesky,5,gumbel_softmax,8192,0.02,1000,4,rosenbrock,663,0.006378889083862305,-1.0349164009094238,0.959588885307312,0.7177866473453809,0.14958074688911438,0.07975273579359055,0.07050681859254837,0.10508416593074799
rosenbrock,1.0,2,cholesky,5,gumbel_softmax,8192,0.02,1000,4,rosenbrock,664,0.0069959163665771484,-1.049290657043457,1.0241496562957764,0.7174277540217082,0.5834357738494873,0.33030951023101807,0.4407632052898407,0.1924075484275818
rosenbrock,1.0,2,cholesky,5,gumbel_softmax,8192,0.02,1000,4,rosenbrock,665,0.006574153900146484,-1.042353868484497,0.9900111556053162,0.7170690401446974,0.5913681387901306,0.25017863512039185,0.5017040967941284,0.1882016807794571
rosenbrock,1.0,2,cholesky,5,gumbel_softmax,8192,0.02,1000,4,rosenbrock,666,0.0066182613372802734,-1.0541181564331055,0.978542149066925,0.7167105056246251,0.5523692965507507,0.25005513429641724,0.40137162804603577,0.28545600175857544
rosenbrock,1.0,2,cholesky,5,gumbel_softmax,8192,0.02,1000,4,rosenbrock,667,0.006535768508911133,-1.0554306507110596,1.066638469696045,0.7163521503718129,0.3424597680568695,0.09990096092224121,0.1755470186471939,0.27655333280563354
rosenbrock,1.0,2,cholesky,5,gumbel_softmax,8192,0.02,1000,4,rosenbrock,668,0.006531953811645508,-1.064527988433838,1.057875394821167,0.7159939742966269,0.31702059507369995,0.2062377631664276,0.23812292516231537,0.03557407110929489
rosenbrock,1.0,2,cholesky,5,gumbel_softmax,8192,0.02,1000,4,rosenbrock,669,0.006536960601806641,-1.047451138496399,0.9921958446502686,0.7156359773094787,0.48444032669067383,0.28672078251838684,0.38756996393203735,0.04757267236709595
rosenbrock,1.0,2,cholesky,5,gumbel_softmax,8192,0.02,1000,4,rosenbrock,670,0.006433010101318359,-1.0651952028274536,1.1204155683517456,0.715278159320824,0.8710852861404419,0.524440348148346,0.6382905840873718,0.2762916684150696
rosenbrock,1.0,2,cholesky,5,gumbel_softmax,8192,0.02,1000,4,rosenbrock,671,0.006591081619262695,-1.0698919296264648,1.033947229385376,0.7149205202411636,0.5446370840072632,0.29887136816978455,0.34412509202957153,0.2981332242488861
rosenbrock,1.0,2,cholesky,5,gumbel_softmax,8192,0.02,1000,4,rosenbrock,672,0.0066699981689453125,-1.0619007349014282,1.1850543022155762,0.7145630599810431,0.5188203454017639,0.3227134346961975,0.33191314339637756,0.23423127830028534
rosenbrock,1.0,2,cholesky,5,gumbel_softmax,8192,0.02,1000,4,rosenbrock,673,0.0064928531646728516,-1.0577303171157837,0.9885656833648682,0.7142057784510526,0.11776074022054672,0.049633048474788666,0.07793761044740677,0.0730060338973999
rosenbrock,1.0,2,cholesky,5,gumbel_softmax,8192,0.02,1000,4,rosenbrock,674,0.00689697265625,-1.044455885887146,1.108148455619812,0.7138486755618271,0.35054513812065125,0.2714543640613556,0.16469791531562805,0.14855647087097168
rosenbrock,1.0,2,cholesky,5,gumbel_softmax,8192,0.02,1000,4,rosenbrock,675,0.006534099578857422,-1.0492925643920898,0.9785065650939941,0.7134917512240463,0.5976905226707458,0.27830785512924194,0.4968410134315491,0.18145981431007385
rosenbrock,1.0,2,cholesky,5,gumbel_softmax,8192,0.02,1000,4,rosenbrock,676,0.0069539546966552734,-1.0431936979293823,1.0502384901046753,0.7131350053484342,0.5615081787109375,0.3592219948768616,0.4141238331794739,0.1214597150683403
rosenbrock,1.0,2,cholesky,5,gumbel_softmax,8192,0.02,1000,4,rosenbrock,677,0.006803274154663086,-1.051783800125122,1.038931131362915,0.7127784378457601,0.6650943756103516,0.37862464785575867,0.5154211521148682,0.18257872760295868
rosenbrock,1.0,2,cholesky,5,gumbel_softmax,8192,0.02,1000,4,rosenbrock,678,0.00664067268371582,-1.0556280612945557,0.9975749254226685,0.7124220486268372,0.37223735451698303,0.2508566975593567,0.2696518898010254,0.0540316216647625
rosenbrock,1.0,2,cholesky,5,gumbel_softmax,8192,0.02,1000,4,rosenbrock,679,0.006356000900268555,-1.0381410121917725,0.9921725392341614,0.7120658376025238,0.20075619220733643,0.016355426982045174,0.18548989295959473,0.07502695173025131
rosenbrock,1.0,2,cholesky,5,gumbel_softmax,8192,0.02,1000,4,rosenbrock,680,0.0069408416748046875,-1.045226812362671,1.0092482566833496,0.7117098046837227,0.17073559761047363,0.062494367361068726,0.12332320213317871,0.10018226504325867
rosenbrock,1.0,2,cholesky,5,gumbel_softmax,8192,0.02,1000,4,rosenbrock,681,0.0066471099853515625,-1.0656230449676514,1.1997071504592896,0.7113539497813808,0.8970139622688293,0.4776134490966797,0.7158680558204651,0.2530858516693115
rosenbrock,1.0,2,cholesky,5,gumbel_softmax,8192,0.02,1000,4,rosenbrock,682,0.006641864776611328,-1.063405990600586,1.0478551387786865,0.7109982728064902,0.630347728729248,0.34332218766212463,0.47924697399139404,0.22313782572746277
rosenbrock,1.0,2,cholesky,5,gumbel_softmax,8192,0.02,1000,4,rosenbrock,683,0.006707906723022461,-1.0206940174102783,0.9965264797210693,0.710642773670087,0.5248794555664062,0.3304043114185333,0.39890947937965393,0.08486836403608322
rosenbrock,1.0,2,cholesky,5,gumbel_softmax,8192,0.02,1000,4,rosenbrock,684,0.006582021713256836,-1.0430570840835571,1.0028058290481567,0.710287452283252,0.2039634883403778,0.03597301244735718,0.17751657962799072,0.09378119558095932
rosenbrock,1.0,2,cholesky,5,gumbel_softmax,8192,0.02,1000,4,rosenbrock,685,0.006461143493652344,-1.0533761978149414,1.0610946416854858,0.7099323085571103,0.1510232388973236,0.06609345972537994,0.06676454842090607,0.11824622750282288
rosenbrock,1.0,2,cholesky,5,gumbel_softmax,8192,0.02,1000,4,rosenbrock,686,0.006783962249755859,-1.0575010776519775,0.9849340915679932,0.7095773424028319,0.27654629945755005,0.0836261585354805,0.20630431175231934,0.16408246755599976
rosenbrock,1.0,2,cholesky,5,gumbel_softmax,8192,0.02,1000,4,rosenbrock,687,0.0068590641021728516,-1.0507183074951172,1.0278160572052002,0.7092225537316305,0.4940817952156067,0.24161221086978912,0.4228229224681854,0.08343342691659927
rosenbrock,1.0,2,cholesky,5,gumbel_softmax,8192,0.02,1000,4,rosenbrock,688,0.0067157745361328125,-1.0436755418777466,0.9693613052368164,0.7088679424547647,0.5557158589363098,0.20661021769046783,0.4625893235206604,0.2283494472503662
rosenbrock,1.0,2,cholesky,5,gumbel_softmax,8192,0.02,1000,4,rosenbrock,689,0.006544828414916992,-1.028989315032959,0.9884431958198547,0.7085135084835373,0.26416561007499695,0.10078464448451996,0.16530165076255798,0.17972558736801147
rosenbrock,1.0,2,cholesky,5,gumbel_softmax,8192,0.02,1000,4,rosenbrock,690,0.006535053253173828,-1.0611624717712402,1.0254603624343872,0.7081592517292956,0.18800902366638184,0.036846503615379333,0.11951097846031189,0.1403811126947403
rosenbrock,1.0,2,cholesky,5,gumbel_softmax,8192,0.02,1000,4,rosenbrock,691,0.006559848785400391,-1.0588821172714233,1.0240589380264282,0.707805172103431,0.20271949470043182,0.028923608362674713,0.1783437281847,0.09193551540374756
rosenbrock,1.0,2,cholesky,5,gumbel_softmax,8192,0.02,1000,4,rosenbrock,692,0.006469249725341797,-1.0444022417068481,1.0032576322555542,0.7074512695173794,0.2307044416666031,0.06505898386240005,0.0768653005361557,0.20756587386131287
rosenbrock,1.0,2,cholesky,5,gumbel_softmax,8192,0.02,1000,4,rosenbrock,693,0.0064699649810791016,-1.0531009435653687,0.9465137720108032,0.7070975438826207,0.16579321026802063,0.04901840537786484,0.061126913875341415,0.14610983431339264
rosenbrock,1.0,2,cholesky,5,gumbel_softmax,8192,0.02,1000,4,rosenbrock,694,0.006891012191772461,-1.0389505624771118,0.9975814819335938,0.7067439951106794,0.07109487801790237,0.0288595762103796,0.046241890639066696,0.04564310237765312
rosenbrock,1.0,2,cholesky,5,gumbel_softmax,8192,0.02,1000,4,rosenbrock,695,0.006742238998413086,-1.0452549457550049,1.1358121633529663,0.7063906231131241,0.4685613214969635,0.0982779711484909,0.25318047404289246,0.38182562589645386
rosenbrock,1.0,2,cholesky,5,gumbel_softmax,8192,0.02,1000,4,rosenbrock,696,0.006548881530761719,-1.034141182899475,1.0179142951965332,0.7060374278015676,0.13025595247745514,0.04538245499134064,0.038419414311647415,0.11589217931032181
rosenbrock,1.0,2,cholesky,5,gumbel_softmax,8192,0.02,1000,4,rosenbrock,697,0.006670713424682617,-1.0473780632019043,1.1807767152786255,0.7056844090876668,0.1317659318447113,0.024550259113311768,0.03951422497630119,0.12328086048364639
rosenbrock,1.0,2,cholesky,5,gumbel_softmax,8192,0.02,1000,4,rosenbrock,698,0.0074460506439208984,-1.0455927848815918,1.1691466569900513,0.705331566883123,0.3493216335773468,0.10643235594034195,0.24719376862049103,0.22269485890865326
rosenbrock,1.0,2,cholesky,5,gumbel_softmax,8192,0.02,1000,4,rosenbrock,699,0.0068089962005615234,-1.059693694114685,1.0124284029006958,0.7049789010996815,0.27050361037254333,0.12719424068927765,0.20720256865024567,0.11857876181602478
rosenbrock,1.0,2,cholesky,5,gumbel_softmax,8192,0.02,1000,4,rosenbrock,700,0.0065610408782958984,-1.061861276626587,0.9991106986999512,0.7046264116491318,0.3180873990058899,0.06532062590122223,0.1258433759212494,0.2847389280796051
rosenbrock,1.0,2,cholesky,5,gumbel_softmax,8192,0.02,1000,4,rosenbrock,701,0.006856203079223633,-1.0464038848876953,1.027263879776001,0.7042740984433072,0.12963832914829254,0.034528836607933044,0.09747635573148727,0.07818065583705902
rosenbrock,1.0,2,cholesky,5,gumbel_softmax,8192,0.02,1000,4,rosenbrock,702,0.006756782531738281,-1.050111174583435,1.0533183813095093,0.7039219613940856,0.14569492638111115,0.019352281466126442,0.08441317081451416,0.11716191470623016
rosenbrock,1.0,2,cholesky,5,gumbel_softmax,8192,0.02,1000,4,rosenbrock,703,0.007237911224365234,-1.0523381233215332,1.1002147197723389,0.7035700004133886,0.26172322034835815,0.07017295807600021,0.1658189743757248,0.18994437158107758
rosenbrock,1.0,2,cholesky,5,gumbel_softmax,8192,0.02,1000,4,rosenbrock,704,0.0071070194244384766,-1.037827491760254,1.00355064868927,0.703218215413182,0.20833054184913635,0.020261812955141068,0.11879270523786545,0.1699393093585968
rosenbrock,1.0,2,cholesky,5,gumbel_softmax,8192,0.02,1000,4,rosenbrock,705,0.0066759586334228516,-1.0512142181396484,1.1009832620620728,0.7028666063054754,0.2160072922706604,0.05734926834702492,0.16369777917861938,0.12873713672161102
rosenbrock,1.0,2,cholesky,5,gumbel_softmax,8192,0.02,1000,4,rosenbrock,706,0.006788015365600586,-1.0557804107666016,1.0219848155975342,0.7025151730023227,0.20457002520561218,0.08711496740579605,0.1503700464963913,0.1079292893409729
rosenbrock,1.0,2,cholesky,5,gumbel_softmax,8192,0.02,1000,4,rosenbrock,707,0.006618976593017578,-1.0627249479293823,1.063840389251709,0.7021639154158216,0.46016716957092285,0.25935089588165283,0.31731876730918884,0.20928382873535156
rosenbrock,1.0,2,cholesky,5,gumbel_softmax,8192,0.02,1000,4,rosenbrock,708,0.0069119930267333984,-1.05061674118042,1.118681788444519,0.7018128334581136,0.3570484220981598,0.09466098248958588,0.3189765512943268,0.12952539324760437
rosenbrock,1.0,2,cholesky,5,gumbel_softmax,8192,0.02,1000,4,rosenbrock,709,0.006540060043334961,-1.058146595954895,1.1456246376037598,0.7014619270413847,0.18496182560920715,0.027998819947242737,0.16719470918178558,0.07397887855768204
rosenbrock,1.0,2,cholesky,5,gumbel_softmax,8192,0.02,1000,4,rosenbrock,710,0.006513118743896484,-1.048676609992981,0.9878432750701904,0.701111196077864,0.3169081509113312,0.24103161692619324,0.18666325509548187,0.0865526795387268
rosenbrock,1.0,2,cholesky,5,gumbel_softmax,8192,0.02,1000,4,rosenbrock,711,0.006518125534057617,-1.0466355085372925,1.0275681018829346,0.7007606404798251,0.2828371524810791,0.21984358131885529,0.11997577548027039,0.13142089545726776
rosenbrock,1.0,2,cholesky,5,gumbel_softmax,8192,0.02,1000,4,rosenbrock,712,0.006632089614868164,-1.0515614748001099,0.9676631093025208,0.7004102601595853,0.12931819260120392,0.05402066186070442,0.04265128821134567,0.10947981476783752
rosenbrock,1.0,2,cholesky,5,gumbel_softmax,8192,0.02,1000,4,rosenbrock,713,0.006989002227783203,-1.0534569025039673,1.005284309387207,0.7000600550295055,0.19140112400054932,0.01787547767162323,0.18725650012493134,0.03535329923033714
rosenbrock,1.0,2,cholesky,5,gumbel_softmax,8192,0.02,1000,4,rosenbrock,714,0.007048845291137695,-1.046496868133545,0.9928117990493774,0.6997100250019908,0.13568152487277985,0.034633342176675797,0.07884833216667175,0.1048472672700882
rosenbrock,1.0,2,cholesky,5,gumbel_softmax,8192,0.02,1000,4,rosenbrock,715,0.00707697868347168,-1.0377970933914185,0.9784672260284424,0.6993601699894898,0.2612559199333191,0.07020716369152069,0.09482238441705704,0.23309727013111115
rosenbrock,1.0,2,cholesky,5,gumbel_softmax,8192,0.02,1000,4,rosenbrock,716,0.007193803787231445,-1.0550490617752075,1.0520724058151245,0.6990104899044951,0.44349464774131775,0.24277542531490326,0.26980775594711304,0.25485560297966003
rosenbrock,1.0,2,cholesky,5,gumbel_softmax,8192,0.02,1000,4,rosenbrock,717,0.006963968276977539,-1.0231640338897705,1.0037329196929932,0.6986609846595428,0.2722283601760864,0.030240492895245552,0.24993228912353516,0.10357438772916794
rosenbrock,1.0,2,cholesky,5,gumbel_softmax,8192,0.02,1000,4,rosenbrock,718,0.0066068172454833984,-1.039808988571167,0.9724245071411133,0.6983116541672132,0.18352046608924866,0.04435717687010765,0.1538720428943634,0.0896415039896965
rosenbrock,1.0,2,cholesky,5,gumbel_softmax,8192,0.02,1000,4,rosenbrock,719,0.006512165069580078,-1.037502646446228,1.016663908958435,0.6979624983401296,0.1698274314403534,0.03921671211719513,0.15535640716552734,0.0562831312417984
rosenbrock,1.0,2,cholesky,5,gumbel_softmax,8192,0.02,1000,4,rosenbrock,720,0.0064849853515625,-1.044800877571106,0.9824503064155579,0.6976135170909595,0.14791785180568695,0.0788974016904831,0.0893160030245781,0.08762160688638687
rosenbrock,1.0,2,cholesky,5,gumbel_softmax,8192,0.02,1000,4,rosenbrock,721,0.006503105163574219,-1.0606520175933838,1.0674928426742554,0.6972647103324141,0.29096463322639465,0.06618305295705795,0.2257981151342392,0.17115908861160278
rosenbrock,1.0,2,cholesky,5,gumbel_softmax,8192,0.02,1000,4,rosenbrock,722,0.006828784942626953,-1.0544328689575195,1.046721339225769,0.696916077977248,0.3151085376739502,0.14728285372257233,0.24383120238780975,0.1347125917673111
rosenbrock,1.0,2,cholesky,5,gumbel_softmax,8192,0.02,1000,4,rosenbrock,723,0.006880044937133789,-1.0334656238555908,1.0541865825653076,0.6965676199382593,0.20064622163772583,0.14411984384059906,0.10795729607343674,0.08850760757923126
rosenbrock,1.0,2,cholesky,5,gumbel_softmax,8192,0.02,1000,4,rosenbrock,724,0.00654911994934082,-1.0557715892791748,1.167891025543213,0.6962193361282902,0.1657654345035553,0.1036883145570755,0.10189036279916763,0.07965720444917679
rosenbrock,1.0,2,cholesky,5,gumbel_softmax,8192,0.02,1000,4,rosenbrock,725,0.006479024887084961,-1.0543304681777954,1.0331144332885742,0.6958712264602261,0.14124657213687897,0.09995457530021667,0.05986128747463226,0.07985176891088486
rosenbrock,1.0,2,cholesky,5,gumbel_softmax,8192,0.02,1000,4,rosenbrock,726,0.006449222564697266,-1.061642050743103,0.9961287975311279,0.6955232908469962,0.24361523985862732,0.06194014102220535,0.21219295263290405,0.10240095853805542
rosenbrock,1.0,2,cholesky,5,gumbel_softmax,8192,0.02,1000,4,rosenbrock,727,0.006433010101318359,-1.0395586490631104,0.9839526414871216,0.6951755292015727,0.12823961675167084,0.08696217834949493,0.047247063368558884,0.08155179768800735
rosenbrock,1.0,2,cholesky,5,gumbel_softmax,8192,0.02,1000,4,rosenbrock,728,0.006429910659790039,-1.0701569318771362,1.0592120885849,0.6948279414369719,0.12040434032678604,0.034864652901887894,0.08539657294750214,0.0773891806602478
rosenbrock,1.0,2,cholesky,5,gumbel_softmax,8192,0.02,1000,4,rosenbrock,729,0.0068378448486328125,-1.04795241355896,1.0469478368759155,0.6944805274662534,0.15610243380069733,0.053782179951667786,0.12544947862625122,0.07574879378080368
rosenbrock,1.0,2,cholesky,5,gumbel_softmax,8192,0.02,1000,4,rosenbrock,730,0.006934642791748047,-1.0656613111495972,1.0010685920715332,0.6941332872025203,0.11616290360689163,0.0388747900724411,0.05870920419692993,0.09238938987255096
rosenbrock,1.0,2,cholesky,5,gumbel_softmax,8192,0.02,1000,4,rosenbrock,731,0.006844043731689453,-1.0564231872558594,1.0555214881896973,0.6937862205589191,0.2605016529560089,0.106907919049263,0.17118440568447113,0.16470488905906677
rosenbrock,1.0,2,cholesky,5,gumbel_softmax,8192,0.02,1000,4,rosenbrock,732,0.007372140884399414,-1.0486782789230347,1.0231972932815552,0.6934393274486397,0.24932239949703217,0.030317706987261772,0.05890243500471115,0.24036014080047607
rosenbrock,1.0,2,cholesky,5,gumbel_softmax,8192,0.02,1000,4,rosenbrock,733,0.006600141525268555,-1.0587066411972046,1.0553641319274902,0.6930926077849154,0.24032650887966156,0.1210702434182167,0.20073163509368896,0.05296827107667923
rosenbrock,1.0,2,cholesky,5,gumbel_softmax,8192,0.02,1000,4,rosenbrock,734,0.006591081619262695,-1.0602110624313354,1.019113540649414,0.692746061481023,0.19229935109615326,0.06294838339090347,0.16450411081314087,0.0771682932972908
rosenbrock,1.0,2,cholesky,5,gumbel_softmax,8192,0.02,1000,4,rosenbrock,735,0.006531953811645508,-1.0429967641830444,0.9493919014930725,0.6923996884502825,0.3088452219963074,0.022925233468413353,0.17634254693984985,0.252513587474823
rosenbrock,1.0,2,cholesky,5,gumbel_softmax,8192,0.02,1000,4,rosenbrock,736,0.0069959163665771484,-1.0568807125091553,1.0408527851104736,0.6920534886060574,0.3179158866405487,0.1506521999835968,0.19521071016788483,0.20066694915294647
rosenbrock,1.0,2,cholesky,5,gumbel_softmax,8192,0.02,1000,4,rosenbrock,737,0.006921052932739258,-1.0572845935821533,1.052164912223816,0.6917074618617545,0.17236638069152832,0.01947086676955223,0.06588239222764969,0.15808404982089996
rosenbrock,1.0,2,cholesky,5,gumbel_softmax,8192,0.02,1000,4,rosenbrock,738,0.006909847259521484,-1.0413672924041748,1.0152727365493774,0.6913616081308236,0.3094668686389923,0.04384658858180046,0.1421619951725006,0.27136173844337463
rosenbrock,1.0,2,cholesky,5,gumbel_softmax,8192,0.02,1000,4,rosenbrock,739,0.006691932678222656,-1.0562928915023804,1.1143916845321655,0.6910159273267582,0.11549381911754608,0.005283680744469166,0.08431024849414825,0.0787571370601654
rosenbrock,1.0,2,cholesky,5,gumbel_softmax,8192,0.02,1000,4,rosenbrock,740,0.006592988967895508,-1.046689748764038,0.9873145222663879,0.6906704193630949,0.16302622854709625,0.10252717137336731,0.07889063656330109,0.09920684248209
rosenbrock,1.0,2,cholesky,5,gumbel_softmax,8192,0.02,1000,4,rosenbrock,741,0.006596088409423828,-1.0468682050704956,0.9940404891967773,0.6903250841534134,0.140944242477417,0.06663002073764801,0.11133251339197159,0.05505260452628136
rosenbrock,1.0,2,cholesky,5,gumbel_softmax,8192,0.02,1000,4,rosenbrock,742,0.006511211395263672,-1.0796606540679932,1.0230505466461182,0.6899799216113367,0.27423736453056335,0.13535885512828827,0.22147634625434875,0.08850055187940598
rosenbrock,1.0,2,cholesky,5,gumbel_softmax,8192,0.02,1000,4,rosenbrock,743,0.006922245025634766,-1.0359456539154053,0.9546270966529846,0.6896349316505311,0.1828630566596985,0.08785911649465561,0.06185925006866455,0.14796318113803864
rosenbrock,1.0,2,cholesky,5,gumbel_softmax,8192,0.02,1000,4,rosenbrock,744,0.006600141525268555,-1.0529601573944092,0.992888331413269,0.6892901141847059,0.12960200011730194,0.054191943258047104,0.0729968249797821,0.09236547350883484
rosenbrock,1.0,2,cholesky,5,gumbel_softmax,8192,0.02,1000,4,rosenbrock,745,0.007014751434326172,-1.0433974266052246,1.1364940404891968,0.6889454691276136,0.232565775513649,0.14576897025108337,0.10901717096567154,0.14475323259830475
rosenbrock,1.0,2,cholesky,5,gumbel_softmax,8192,0.02,1000,4,rosenbrock,746,0.006904125213623047,-1.0462701320648193,1.0148634910583496,0.6886009963930497,0.14670677483081818,0.020995689556002617,0.10802287608385086,0.09702121466398239
rosenbrock,1.0,2,cholesky,5,gumbel_softmax,8192,0.02,1000,4,rosenbrock,747,0.006318092346191406,-1.0656639337539673,0.997705340385437,0.6882566958948533,0.13504748046398163,0.038218215107917786,0.07142358273267746,0.10805490612983704
rosenbrock,1.0,2,cholesky,5,gumbel_softmax,8192,0.02,1000,4,rosenbrock,748,0.007087230682373047,-1.0414600372314453,1.0408198833465576,0.6879125675469059,0.2722099721431732,0.017356587573885918,0.13116316497325897,0.23789340257644653
rosenbrock,1.0,2,cholesky,5,gumbel_softmax,8192,0.02,1000,4,rosenbrock,749,0.006724119186401367,-1.053267478942871,0.9920212030410767,0.6875686112631325,0.30366823077201843,0.14611577987670898,0.23334555327892303,0.12811878323554993
rosenbrock,1.0,2,cholesky,5,gumbel_softmax,8192,0.02,1000,4,rosenbrock,750,0.006462812423706055,-1.0592212677001953,1.0100994110107422,0.687224826957501,0.10826975107192993,0.019371017813682556,0.08644803613424301,0.06224018335342407
rosenbrock,1.0,2,cholesky,5,gumbel_softmax,8192,0.02,1000,4,rosenbrock,751,0.00709986686706543,-1.0493052005767822,1.0780954360961914,0.6868812145440223,0.22873938083648682,0.0709981694817543,0.08871010690927505,0.19852326810359955
rosenbrock,1.0,2,cholesky,5,gumbel_softmax,8192,0.02,1000,4,rosenbrock,752,0.0066680908203125,-1.0588998794555664,0.9944177269935608,0.6865377739367503,0.25547346472740173,0.1348806619644165,0.08642563223838806,0.19900882244110107
rosenbrock,1.0,2,cholesky,5,gumbel_softmax,8192,0.02,1000,4,rosenbrock,753,0.0065517425537109375,-1.0394717454910278,1.002103328704834,0.686194505049782,0.25457605719566345,0.17611920833587646,0.14120014011859894,0.1177009716629982
rosenbrock,1.0,2,cholesky,5,gumbel_softmax,8192,0.02,1000,4,rosenbrock,754,0.006871223449707031,-1.0644700527191162,1.094844937324524,0.6858514077972571,0.09870915114879608,0.015581196174025536,0.03793589398264885,0.0897863581776619
rosenbrock,1.0,2,cholesky,5,gumbel_softmax,8192,0.02,1000,4,rosenbrock,755,0.006779909133911133,-1.0329145193099976,0.9550498127937317,0.6855084820933585,0.14450185000896454,0.051472268998622894,0.11997931450605392,0.06193830817937851
rosenbrock,1.0,2,cholesky,5,gumbel_softmax,8192,0.02,1000,4,rosenbrock,756,0.006688117980957031,-1.0599578619003296,1.022149920463562,0.6851657278523119,0.2332836240530014,0.1149226725101471,0.09918344020843506,0.17713461816310883
rosenbrock,1.0,2,cholesky,5,gumbel_softmax,8192,0.02,1000,4,rosenbrock,757,0.006709098815917969,-1.041153907775879,0.9608035087585449,0.6848231449883857,0.21930308640003204,0.008297652937471867,0.17110875248908997,0.13691890239715576
rosenbrock,1.0,2,cholesky,5,gumbel_softmax,8192,0.02,1000,4,rosenbrock,758,0.006453037261962891,-1.0543549060821533,1.002017617225647,0.6844807334158916,0.11924722790718079,0.02637432888150215,0.10323289036750793,0.05354686453938484
rosenbrock,1.0,2,cholesky,5,gumbel_softmax,8192,0.02,1000,4,rosenbrock,759,0.007142066955566406,-1.0544908046722412,1.0644724369049072,0.6841384930491836,0.3024123013019562,0.12292535603046417,0.23566851019859314,0.1442321389913559
rosenbrock,1.0,2,cholesky,5,gumbel_softmax,8192,0.02,1000,4,rosenbrock,760,0.006850004196166992,-1.0506457090377808,1.0802401304244995,0.6837964238026591,0.12681028246879578,0.025005683302879333,0.0951932817697525,0.07996125519275665
rosenbrock,1.0,2,cholesky,5,gumbel_softmax,8192,0.02,1000,4,rosenbrock,761,0.007205009460449219,-1.0439913272857666,0.9752874374389648,0.6834545255907578,0.3591541051864624,0.17383211851119995,0.28132012486457825,0.14011791348457336
rosenbrock,1.0,2,cholesky,5,gumbel_softmax,8192,0.02,1000,4,rosenbrock,762,0.006867885589599609,-1.040629506111145,1.0138349533081055,0.6831127983279625,0.1695084571838379,0.06848343461751938,0.08798438310623169,0.12767885625362396
rosenbrock,1.0,2,cholesky,5,gumbel_softmax,8192,0.02,1000,4,rosenbrock,763,0.0066111087799072266,-1.0496299266815186,1.1315231323242188,0.6827712419287986,0.2812511622905731,0.04720724746584892,0.25998255610466003,0.09634701162576675
rosenbrock,1.0,2,cholesky,5,gumbel_softmax,8192,0.02,1000,4,rosenbrock,764,0.006773948669433594,-1.056553840637207,1.0574421882629395,0.6824298563078341,0.19150273501873016,0.0492425300180912,0.11708962172269821,0.14331257343292236
rosenbrock,1.0,2,cholesky,5,gumbel_softmax,8192,0.02,1000,4,rosenbrock,765,0.006330251693725586,-1.0590624809265137,1.0453583002090454,0.6820886413796803,0.14884397387504578,0.08843313902616501,0.07768964767456055,0.0910957083106041
rosenbrock,1.0,2,cholesky,5,gumbel_softmax,8192,0.02,1000,4,rosenbrock,766,0.007090091705322266,-1.041727900505066,0.9900950193405151,0.6817475970589905,0.09729160368442535,0.023220472037792206,0.062331486493349075,0.07100176811218262
rosenbrock,1.0,2,cholesky,5,gumbel_softmax,8192,0.02,1000,4,rosenbrock,767,0.00662684440612793,-1.0666601657867432,1.0674289464950562,0.681406723260461,0.22926656901836395,0.08911194652318954,0.16774480044841766,0.1283896267414093
rosenbrock,1.0,2,cholesky,5,gumbel_softmax,8192,0.02,1000,4,rosenbrock,768,0.006541013717651367,-1.051427960395813,1.0049982070922852,0.6810660198988309,0.3729010224342346,0.0435158908367157,0.35903725028038025,0.0908503532409668
rosenbrock,1.0,2,cholesky,5,gumbel_softmax,8192,0.02,1000,4,rosenbrock,769,0.00650787353515625,-1.0373194217681885,0.9531910419464111,0.6807254868888815,0.20345070958137512,0.021433040499687195,0.10134707391262054,0.17510448396205902
rosenbrock,1.0,2,cholesky,5,gumbel_softmax,8192,0.02,1000,4,rosenbrock,770,0.00648188591003418,-1.072440266609192,1.0083767175674438,0.6803851241454371,0.18575330078601837,0.04590659216046333,0.08867273479700089,0.1566334068775177
rosenbrock,1.0,2,cholesky,5,gumbel_softmax,8192,0.02,1000,4,rosenbrock,771,0.006459951400756836,-1.055121898651123,1.0065045356750488,0.6800449315833644,0.1976967304944992,0.10452597588300705,0.12351550161838531,0.11358800530433655
rosenbrock,1.0,2,cholesky,5,gumbel_softmax,8192,0.02,1000,4,rosenbrock,772,0.007016897201538086,-1.042486310005188,1.0745545625686646,0.6797049091175728,0.21094124019145966,0.07574532926082611,0.1617899090051651,0.11217343062162399
rosenbrock,1.0,2,cholesky,5,gumbel_softmax,8192,0.02,1000,4,rosenbrock,773,0.006808042526245117,-1.061043381690979,1.0619035959243774,0.6793650566630139,0.1553308665752411,0.013778556138277054,0.07289380580186844,0.1364709585905075
rosenbrock,1.0,2,cholesky,5,gumbel_softmax,8192,0.02,1000,4,rosenbrock,774,0.006418943405151367,-1.043694257736206,1.0003864765167236,0.6790253741346826,0.27518168091773987,0.12564966082572937,0.16082905232906342,0.1845836490392685
rosenbrock,1.0,2,cholesky,5,gumbel_softmax,8192,0.02,1000,4,rosenbrock,775,0.006520748138427734,-1.061246633529663,0.9593978524208069,0.6786858614476152,0.1725004017353058,0.09374141693115234,0.13108262419700623,0.06153276935219765
rosenbrock,1.0,2,cholesky,5,gumbel_softmax,8192,0.02,1000,4,rosenbrock,776,0.006478071212768555,-1.0741832256317139,1.0333898067474365,0.6783465185168914,0.22239647805690765,0.0835859552025795,0.05921075493097305,0.19740229845046997
rosenbrock,1.0,2,cholesky,5,gumbel_softmax,8192,0.02,1000,4,rosenbrock,777,0.006370067596435547,-1.0735042095184326,1.072074294090271,0.6780073452576331,0.32763510942459106,0.13731883466243744,0.18259689211845398,0.23483331501483917
rosenbrock,1.0,2,cholesky,5,gumbel_softmax,8192,0.02,1000,4,rosenbrock,778,0.00645899772644043,-1.0572443008422852,1.0738884210586548,0.6776683415850042,0.22914841771125793,0.13818882405757904,0.040380168706178665,0.17827585339546204
rosenbrock,1.0,2,cholesky,5,gumbel_softmax,8192,0.02,1000,4,rosenbrock,779,0.006489753723144531,-1.0279916524887085,0.9823242425918579,0.6773295074142118,0.16117864847183228,0.044111013412475586,0.08156381547451019,0.13183367252349854
rosenbrock,1.0,2,cholesky,5,gumbel_softmax,8192,0.02,1000,4,rosenbrock,780,0.006453037261962891,-1.05916166305542,1.0556069612503052,0.6769908426605047,0.41769447922706604,0.16619129478931427,0.3280332684516907,0.1980992555618286
rosenbrock,1.0,2,cholesky,5,gumbel_softmax,8192,0.02,1000,4,rosenbrock,781,0.006445169448852539,-1.0548502206802368,0.9928016066551208,0.6766523472391746,0.1881990283727646,0.14740680158138275,0.0814211443066597,0.08402800559997559
rosenbrock,1.0,2,cholesky,5,gumbel_softmax,8192,0.02,1000,4,rosenbrock,782,0.006442070007324219,-1.0563416481018066,1.0597507953643799,0.6763140210655549,0.47325780987739563,0.17280936241149902,0.3071655035018921,0.31584683060646057
rosenbrock,1.0,2,cholesky,5,gumbel_softmax,8192,0.02,1000,4,rosenbrock,783,0.006453990936279297,-1.0650482177734375,1.0026472806930542,0.6759758640550222,0.17694403231143951,0.028191179037094116,0.13882102072238922,0.10603378713130951
rosenbrock,1.0,2,cholesky,5,gumbel_softmax,8192,0.02,1000,4,rosenbrock,784,0.006437063217163086,-1.0430338382720947,0.9759633541107178,0.6756378761229948,0.20264393091201782,0.10290231555700302,0.13628935813903809,0.10909118503332138
rosenbrock,1.0,2,cholesky,5,gumbel_softmax,8192,0.02,1000,4,rosenbrock,785,0.0064487457275390625,-1.0505781173706055,1.0421643257141113,0.6753000571849332,0.46851855516433716,0.2477506846189499,0.35956308245658875,0.16983412206172943
rosenbrock,1.0,2,cholesky,5,gumbel_softmax,8192,0.02,1000,4,rosenbrock,786,0.0064547061920166016,-1.0495549440383911,1.0170161724090576,0.6749624071563408,0.47984588146209717,0.12420856952667236,0.39254677295684814,0.24643729627132416
rosenbrock,1.0,2,cholesky,5,gumbel_softmax,8192,0.02,1000,4,rosenbrock,787,0.006670236587524414,-1.0210480690002441,1.0623719692230225,0.6746249259527627,0.16021659970283508,0.11735465377569199,0.026154285296797752,0.10589240491390228
rosenbrock,1.0,2,cholesky,5,gumbel_softmax,8192,0.02,1000,4,rosenbrock,788,0.00635981559753418,-1.067421317100525,1.0305689573287964,0.6742876134897864,0.4684610664844513,0.0698334202170372,0.2200072705745697,0.4076467454433441
rosenbrock,1.0,2,cholesky,5,gumbel_softmax,8192,0.02,1000,4,rosenbrock,789,0.00691986083984375,-1.0578163862228394,1.0616008043289185,0.6739504696830415,0.2240520566701889,0.04943152889609337,0.066778264939785,0.20807816088199615
rosenbrock,1.0,2,cholesky,5,gumbel_softmax,8192,0.02,1000,4,rosenbrock,790,0.007055997848510742,-1.060544729232788,1.0397343635559082,0.6736134944482001,0.3767511546611786,0.030490832403302193,0.30074721574783325,0.22486189007759094
rosenbrock,1.0,2,cholesky,5,gumbel_softmax,8192,0.02,1000,4,rosenbrock,791,0.006638288497924805,-1.0527480840682983,1.0339155197143555,0.6732766877009759,0.32598552107810974,0.137489914894104,0.1705312728881836,0.2414170205593109
rosenbrock,1.0,2,cholesky,5,gumbel_softmax,8192,0.02,1000,4,rosenbrock,792,0.006786823272705078,-1.0815845727920532,1.1052286624908447,0.6729400493571255,0.403158575296402,0.2980843186378479,0.24779890477657318,0.11080744117498398
rosenbrock,1.0,2,cholesky,5,gumbel_softmax,8192,0.02,1000,4,rosenbrock,793,0.006745815277099609,-1.0614736080169678,0.9970089197158813,0.672603579332447,0.20113402605056763,0.09633351117372513,0.07792531698942184,0.15843737125396729
rosenbrock,1.0,2,cholesky,5,gumbel_softmax,8192,0.02,1000,4,rosenbrock,794,0.00668787956237793,-1.0775070190429688,1.1293421983718872,0.6722672775427808,0.7656669020652771,0.36290672421455383,0.5270537734031677,0.4204270541667938
rosenbrock,1.0,2,cholesky,5,gumbel_softmax,8192,0.02,1000,4,rosenbrock,795,0.006746768951416016,-1.0591626167297363,0.9954381585121155,0.6719311439040094,0.4590551555156708,0.15429523587226868,0.3682904839515686,0.22646571695804596
rosenbrock,1.0,2,cholesky,5,gumbel_softmax,8192,0.02,1000,4,rosenbrock,796,0.00648808479309082,-1.065919041633606,1.074812650680542,0.6715951783320575,0.45801764726638794,0.09605967253446579,0.28796079754829407,0.3429741859436035
rosenbrock,1.0,2,cholesky,5,gumbel_softmax,8192,0.02,1000,4,rosenbrock,797,0.006697893142700195,-1.0492117404937744,1.0106967687606812,0.6712593807428915,0.23621760308742523,0.07781730592250824,0.1695064902305603,0.1449509561061859
rosenbrock,1.0,2,cholesky,5,gumbel_softmax,8192,0.02,1000,4,rosenbrock,798,0.00667119026184082,-1.0383632183074951,0.9806967377662659,0.6709237510525201,0.2092454582452774,0.14861689507961273,0.09987747669219971,0.10826433449983597
rosenbrock,1.0,2,cholesky,5,gumbel_softmax,8192,0.02,1000,4,rosenbrock,799,0.0068531036376953125,-1.0518176555633545,0.9730463027954102,0.6705882891769939,0.4179096221923828,0.3159011900424957,0.25362876057624817,0.10260280966758728
rosenbrock,1.0,2,cholesky,5,gumbel_softmax,8192,0.02,1000,4,rosenbrock,800,0.007017850875854492,-1.0643407106399536,1.061044692993164,0.6702529950324054,0.39519649744033813,0.26569753885269165,0.27506721019744873,0.09961488842964172
rosenbrock,1.0,2,cholesky,5,gumbel_softmax,8192,0.02,1000,4,rosenbrock,801,0.006796121597290039,-1.050806999206543,1.0005569458007812,0.6699178685348892,0.27742597460746765,0.18168199062347412,0.18231867253780365,0.1035216823220253
rosenbrock,1.0,2,cholesky,5,gumbel_softmax,8192,0.02,1000,4,rosenbrock,802,0.006765127182006836,-1.0675253868103027,1.1942650079727173,0.6695829096006218,0.15066859126091003,0.134849414229393,0.0357019379734993,0.05693880841135979
rosenbrock,1.0,2,cholesky,5,gumbel_softmax,8192,0.02,1000,4,rosenbrock,803,0.007069110870361328,-1.0470867156982422,0.9858217835426331,0.6692481181458215,0.2603769898414612,0.20090562105178833,0.15710340440273285,0.05245598033070564
rosenbrock,1.0,2,cholesky,5,gumbel_softmax,8192,0.02,1000,4,rosenbrock,804,0.007035017013549805,-1.0451732873916626,0.9753421545028687,0.6689134940867487,0.2176448106765747,0.03071136213839054,0.11375138908624649,0.18299371004104614
rosenbrock,1.0,2,cholesky,5,gumbel_softmax,8192,0.02,1000,4,rosenbrock,805,0.006797075271606445,-1.0473498106002808,0.990854799747467,0.6685790373397054,0.21911503374576569,0.16535861790180206,0.12204111367464066,0.0759861171245575
rosenbrock,1.0,2,cholesky,5,gumbel_softmax,8192,0.02,1000,4,rosenbrock,806,0.006760120391845703,-1.0512456893920898,0.9986895322799683,0.6682447478210355,0.12380475550889969,0.012862293981015682,0.04869760572910309,0.11309606581926346
rosenbrock,1.0,2,cholesky,5,gumbel_softmax,8192,0.02,1000,4,rosenbrock,807,0.0068438053131103516,-1.0568183660507202,0.9895282983779907,0.6679106254471251,0.17170320451259613,0.010488647036254406,0.10382383316755295,0.13635464012622833
rosenbrock,1.0,2,cholesky,5,gumbel_softmax,8192,0.02,1000,4,rosenbrock,808,0.006704092025756836,-1.084842562675476,1.0757598876953125,0.6675766701344015,0.17175418138504028,0.03399420157074928,0.14269769191741943,0.08933791518211365
rosenbrock,1.0,2,cholesky,5,gumbel_softmax,8192,0.02,1000,4,rosenbrock,809,0.007275104522705078,-1.0520918369293213,0.9920931458473206,0.6672428817993343,0.15332046151161194,0.02705800160765648,0.1316654533147812,0.07375115156173706
rosenbrock,1.0,2,cholesky,5,gumbel_softmax,8192,0.02,1000,4,rosenbrock,810,0.006598949432373047,-1.056260585784912,1.011403203010559,0.6669092603584347,0.1254526972770691,0.07040496915578842,0.06987408548593521,0.07680580019950867
rosenbrock,1.0,2,cholesky,5,gumbel_softmax,8192,0.02,1000,4,rosenbrock,811,0.006896257400512695,-1.0614006519317627,1.0182080268859863,0.6665758057282556,0.22098709642887115,0.06370541453361511,0.19735616445541382,0.07633781433105469
rosenbrock,1.0,2,cholesky,5,gumbel_softmax,8192,0.02,1000,4,rosenbrock,812,0.006890058517456055,-1.0762795209884644,1.2656270265579224,0.6662425178253915,0.15488994121551514,0.07269994169473648,0.10345252603292465,0.08946052938699722
rosenbrock,1.0,2,cholesky,5,gumbel_softmax,8192,0.02,1000,4,rosenbrock,813,0.0066874027252197266,-1.0648034811019897,0.9641730785369873,0.6659093965664789,0.1245887279510498,0.039593830704689026,0.08791285753250122,0.07890506833791733
rosenbrock,1.0,2,cholesky,5,gumbel_softmax,8192,0.02,1000,4,rosenbrock,814,0.006863117218017578,-1.068339228630066,1.0271008014678955,0.6655764418681956,0.22545139491558075,0.043979957699775696,0.20114314556121826,0.09184516221284866
rosenbrock,1.0,2,cholesky,5,gumbel_softmax,8192,0.02,1000,4,rosenbrock,815,0.007102012634277344,-1.0691280364990234,1.0075852870941162,0.6652436536472616,0.4336588382720947,0.03171619027853012,0.4227423369884491,0.09134022146463394
rosenbrock,1.0,2,cholesky,5,gumbel_softmax,8192,0.02,1000,4,rosenbrock,816,0.007038116455078125,-1.0811779499053955,1.0616611242294312,0.664911031820438,0.2837143838405609,0.033609431236982346,0.26350244879722595,0.09965294599533081
rosenbrock,1.0,2,cholesky,5,gumbel_softmax,8192,0.02,1000,4,rosenbrock,817,0.006734132766723633,-1.0438848733901978,1.0555129051208496,0.6645785763045278,0.14272218942642212,0.03007650561630726,0.08065807074308395,0.11383894830942154
rosenbrock,1.0,2,cholesky,5,gumbel_softmax,8192,0.02,1000,4,rosenbrock,818,0.007225751876831055,-1.061513066291809,1.0632133483886719,0.6642462870163756,0.12782540917396545,0.003999693784862757,0.04400726780295372,0.11994455009698868
rosenbrock,1.0,2,cholesky,5,gumbel_softmax,8192,0.02,1000,4,rosenbrock,819,0.007005929946899414,-1.0671714544296265,1.1065690517425537,0.6639141638728674,0.2511877417564392,0.05662698298692703,0.2230910062789917,0.10059353709220886
rosenbrock,1.0,2,cholesky,5,gumbel_softmax,8192,0.02,1000,4,rosenbrock,820,0.0065920352935791016,-1.0660383701324463,1.0305732488632202,0.6635822067909309,0.11765751987695694,0.02597334235906601,0.03973839804530144,0.10765472054481506
rosenbrock,1.0,2,cholesky,5,gumbel_softmax,8192,0.02,1000,4,rosenbrock,821,0.0067899227142333984,-1.0693978071212769,1.124863624572754,0.6632504156875355,0.20828434824943542,0.05973795801401138,0.10357531905174255,0.17054589092731476
rosenbrock,1.0,2,cholesky,5,gumbel_softmax,8192,0.02,1000,4,rosenbrock,822,0.006396770477294922,-1.071885585784912,1.0462685823440552,0.6629187904796918,0.19807054102420807,0.10215253382921219,0.09579619765281677,0.14007098972797394
rosenbrock,1.0,2,cholesky,5,gumbel_softmax,8192,0.02,1000,4,rosenbrock,823,0.007079124450683594,-1.0651633739471436,1.0347425937652588,0.662587331084452,0.14614160358905792,0.04052847623825073,0.06022002547979355,0.12683989107608795
rosenbrock,1.0,2,cholesky,5,gumbel_softmax,8192,0.02,1000,4,rosenbrock,824,0.006921291351318359,-1.0381215810775757,1.0083482265472412,0.6622560374189098,0.27697697281837463,0.12203802913427353,0.19890731573104858,0.14919404685497284
rosenbrock,1.0,2,cholesky,5,gumbel_softmax,8192,0.02,1000,4,rosenbrock,825,0.006898164749145508,-1.0599355697631836,1.007181167602539,0.6619249094002004,0.14198878407478333,0.030405636876821518,0.03236625716090202,0.1348656266927719
rosenbrock,1.0,2,cholesky,5,gumbel_softmax,8192,0.02,1000,4,rosenbrock,826,0.006527900695800781,-1.0613536834716797,1.0155644416809082,0.6615939469455003,0.3325713872909546,0.07428838312625885,0.28418004512786865,0.15597008168697357
rosenbrock,1.0,2,cholesky,5,gumbel_softmax,8192,0.02,1000,4,rosenbrock,827,0.006625175476074219,-1.0671733617782593,1.1202569007873535,0.6612631499720276,0.17318540811538696,0.011246656998991966,0.036545198410749435,0.1689116656780243
rosenbrock,1.0,2,cholesky,5,gumbel_softmax,8192,0.02,1000,4,rosenbrock,828,0.00648188591003418,-1.0660535097122192,1.0597457885742188,0.6609325183970417,0.2267429530620575,0.0882144346833229,0.132853165268898,0.16118505597114563
rosenbrock,1.0,2,cholesky,5,gumbel_softmax,8192,0.02,1000,4,rosenbrock,829,0.006466865539550781,-1.0842519998550415,1.063444972038269,0.6606020521378432,0.25869429111480713,0.1863250434398651,0.09153120219707489,0.15436241030693054
rosenbrock,1.0,2,cholesky,5,gumbel_softmax,8192,0.02,1000,4,rosenbrock,830,0.006578207015991211,-1.0791659355163574,1.0651870965957642,0.6602717511117743,0.13568398356437683,0.04878802224993706,0.051373180001974106,0.1157180443406105
rosenbrock,1.0,2,cholesky,5,gumbel_softmax,8192,0.02,1000,4,rosenbrock,831,0.0066487789154052734,-1.0516612529754639,1.029659390449524,0.6599416152362184,0.1405612677335739,0.030833469703793526,0.09971632808446884,0.09414573758840561
rosenbrock,1.0,2,cholesky,5,gumbel_softmax,8192,0.02,1000,4,rosenbrock,832,0.007155179977416992,-1.0431222915649414,0.9724810719490051,0.6596116444286003,0.21519654989242554,0.06290775537490845,0.1722377985715866,0.11263353377580643
rosenbrock,1.0,2,cholesky,5,gumbel_softmax,8192,0.02,1000,4,rosenbrock,833,0.007025957107543945,-1.065295934677124,0.989784300327301,0.6592818386063861,0.21468964219093323,0.1596619039773941,0.11453329771757126,0.08649764955043793
rosenbrock,1.0,2,cholesky,5,gumbel_softmax,8192,0.02,1000,4,rosenbrock,834,0.006793975830078125,-1.0820891857147217,1.0582289695739746,0.6589521976870829,0.21655091643333435,0.026891617104411125,0.19124512374401093,0.09796148538589478
rosenbrock,1.0,2,cholesky,5,gumbel_softmax,8192,0.02,1000,4,rosenbrock,835,0.006428956985473633,-1.0794380903244019,1.0218816995620728,0.6586227215882394,0.1164284273982048,0.059365060180425644,0.055358272045850754,0.08346754312515259
rosenbrock,1.0,2,cholesky,5,gumbel_softmax,8192,0.02,1000,4,rosenbrock,836,0.006394147872924805,-1.0711877346038818,0.9773826599121094,0.6582934102274454,0.10881494730710983,0.02329925075173378,0.06598737090826035,0.08332769572734833
rosenbrock,1.0,2,cholesky,5,gumbel_softmax,8192,0.02,1000,4,rosenbrock,837,0.006724834442138672,-1.0769835710525513,1.0567047595977783,0.6579642635223316,0.13637222349643707,0.08883111923933029,0.07580769807100296,0.07042448222637177
rosenbrock,1.0,2,cholesky,5,gumbel_softmax,8192,0.02,1000,4,rosenbrock,838,0.006360054016113281,-1.069665789604187,1.0411673784255981,0.6576352813905705,0.18990205228328705,0.1286250203847885,0.12251634150743484,0.06714268028736115
rosenbrock,1.0,2,cholesky,5,gumbel_softmax,8192,0.02,1000,4,rosenbrock,839,0.007003068923950195,-1.0713186264038086,0.9472503662109375,0.6573064637498752,0.3359664976596832,0.19710376858711243,0.2276402711868286,0.1490083485841751
rosenbrock,1.0,2,cholesky,5,gumbel_softmax,8192,0.02,1000,4,rosenbrock,840,0.006866931915283203,-1.0844972133636475,1.0279545783996582,0.6569778105180004,0.17533433437347412,0.044594720005989075,0.16236817836761475,0.04888775572180748
rosenbrock,1.0,2,cholesky,5,gumbel_softmax,8192,0.02,1000,4,rosenbrock,841,0.006433963775634766,-1.059051752090454,0.9793252348899841,0.6566493216127414,0.23304538428783417,0.025518616661429405,0.22532767057418823,0.05372518301010132
rosenbrock,1.0,2,cholesky,5,gumbel_softmax,8192,0.02,1000,4,rosenbrock,842,0.0073239803314208984,-1.0603774785995483,0.9936075210571289,0.6563209969519351,0.1986662745475769,0.12304127216339111,0.1354624629020691,0.07732436060905457
rosenbrock,1.0,2,cholesky,5,gumbel_softmax,8192,0.02,1000,4,rosenbrock,843,0.006913185119628906,-1.0700374841690063,1.0344105958938599,0.6559928364534592,0.18649888038635254,0.1266321986913681,0.10067525506019592,0.09279339760541916
rosenbrock,1.0,2,cholesky,5,gumbel_softmax,8192,0.02,1000,4,rosenbrock,844,0.006708860397338867,-1.0774445533752441,1.0172897577285767,0.6556648400352325,0.15996617078781128,0.06716438382863998,0.036829084157943726,0.1404341161251068
rosenbrock,1.0,2,cholesky,5,gumbel_softmax,8192,0.02,1000,4,rosenbrock,845,0.0067250728607177734,-1.085894227027893,1.1565064191818237,0.6553370076152149,0.2406216561794281,0.05871929973363876,0.0834381952881813,0.2179194837808609
rosenbrock,1.0,2,cholesky,5,gumbel_softmax,8192,0.02,1000,4,rosenbrock,846,0.006385087966918945,-1.0751838684082031,0.9821352958679199,0.6550093391114074,0.20458614826202393,0.0180297140032053,0.08101315796375275,0.18699541687965393
rosenbrock,1.0,2,cholesky,5,gumbel_softmax,8192,0.02,1000,4,rosenbrock,847,0.007002830505371094,-1.0908575057983398,1.1517961025238037,0.6546818344418517,0.14440397918224335,0.038039062172174454,0.09168973565101624,0.10487387329339981
rosenbrock,1.0,2,cholesky,5,gumbel_softmax,8192,0.02,1000,4,rosenbrock,848,0.0071010589599609375,-1.0583161115646362,1.0570297241210938,0.6543544935246307,0.0917169451713562,0.018300242722034454,0.048176467418670654,0.07586915045976639
rosenbrock,1.0,2,cholesky,5,gumbel_softmax,8192,0.02,1000,4,rosenbrock,849,0.006522178649902344,-1.0745075941085815,1.0232648849487305,0.6540273162778685,0.16131973266601562,0.006684193387627602,0.1288519650697708,0.09683260321617126
rosenbrock,1.0,2,cholesky,5,gumbel_softmax,8192,0.02,1000,4,rosenbrock,850,0.0065038204193115234,-1.0671366453170776,0.9969775080680847,0.6537003026197296,0.15193583071231842,0.019245300441980362,0.1368083506822586,0.06322649866342545
rosenbrock,1.0,2,cholesky,5,gumbel_softmax,8192,0.02,1000,4,rosenbrock,851,0.00680088996887207,-1.0842928886413574,1.0020779371261597,0.6533734524684197,0.20801347494125366,0.1432180255651474,0.12497950345277786,0.08448862284421921
rosenbrock,1.0,2,cholesky,5,gumbel_softmax,8192,0.02,1000,4,rosenbrock,852,0.006637096405029297,-1.0701086521148682,1.028802514076233,0.6530467657421856,0.1458037793636322,0.05384527146816254,0.10299453139305115,0.08804292231798172
rosenbrock,1.0,2,cholesky,5,gumbel_softmax,8192,0.02,1000,4,rosenbrock,853,0.006688833236694336,-1.0986627340316772,1.01627516746521,0.6527202423593145,0.2512083649635315,0.09484771639108658,0.03851338475942612,0.22940416634082794
rosenbrock,1.0,2,cholesky,5,gumbel_softmax,8192,0.02,1000,4,rosenbrock,854,0.006978034973144531,-1.0668458938598633,1.058910608291626,0.6523938822381349,0.33244356513023376,0.11879228055477142,0.15223659574985504,0.27061253786087036
rosenbrock,1.0,2,cholesky,5,gumbel_softmax,8192,0.02,1000,4,rosenbrock,855,0.006818056106567383,-1.0657099485397339,1.044249176979065,0.6520676852970159,0.3937729001045227,0.18094848096370697,0.17827410995960236,0.3008871078491211
rosenbrock,1.0,2,cholesky,5,gumbel_softmax,8192,0.02,1000,4,rosenbrock,856,0.0063970088958740234,-1.08259916305542,1.0133169889450073,0.6517416514543674,0.14391064643859863,0.06920651346445084,0.07505561411380768,0.10142675042152405
rosenbrock,1.0,2,cholesky,5,gumbel_softmax,8192,0.02,1000,4,rosenbrock,857,0.0069048404693603516,-1.0813192129135132,1.0106627941131592,0.6514157806286403,0.16514651477336884,0.043890900909900665,0.14126944541931152,0.07341597229242325
rosenbrock,1.0,2,cholesky,5,gumbel_softmax,8192,0.02,1000,4,rosenbrock,858,0.006674051284790039,-1.076390266418457,1.127915382385254,0.651090072738326,0.2618016302585602,0.11271443963050842,0.1540384292602539,0.17918621003627777
rosenbrock,1.0,2,cholesky,5,gumbel_softmax,8192,0.02,1000,4,rosenbrock,859,0.00665593147277832,-1.0383282899856567,1.0066792964935303,0.6507645277019568,0.15933771431446075,0.08209064602851868,0.062331050634384155,0.12150914967060089
rosenbrock,1.0,2,cholesky,5,gumbel_softmax,8192,0.02,1000,4,rosenbrock,860,0.006538867950439453,-1.0662765502929688,1.0603002309799194,0.6504391454381059,0.26967573165893555,0.11666157841682434,0.2034115344285965,0.13318714499473572
rosenbrock,1.0,2,cholesky,5,gumbel_softmax,8192,0.02,1000,4,rosenbrock,861,0.006474971771240234,-1.0666414499282837,0.9951162338256836,0.6501139258653869,0.3109847605228424,0.07502560317516327,0.20109280943870544,0.22504301369190216
rosenbrock,1.0,2,cholesky,5,gumbel_softmax,8192,0.02,1000,4,rosenbrock,862,0.00648188591003418,-1.0840481519699097,1.062399983406067,0.6497888689024542,0.11864731460809708,0.01894703507423401,0.06206497177481651,0.09932841360569
rosenbrock,1.0,2,cholesky,5,gumbel_softmax,8192,0.02,1000,4,rosenbrock,863,0.006656169891357422,-1.0594826936721802,1.0108582973480225,0.649463974468003,0.24963653087615967,0.02386418543756008,0.0474780835211277,0.24391542375087738
rosenbrock,1.0,2,cholesky,5,gumbel_softmax,8192,0.02,1000,4,rosenbrock,864,0.006840705871582031,-1.0721579790115356,1.0193620920181274,0.649139242480769,0.2648997902870178,0.030805688351392746,0.19349688291549683,0.17827466130256653
rosenbrock,1.0,2,cholesky,5,gumbel_softmax,8192,0.02,1000,4,rosenbrock,865,0.0065310001373291016,-1.0516713857650757,0.9785745739936829,0.6488146728595287,0.23358866572380066,0.015415440313518047,0.019353503361344337,0.23227457702159882
rosenbrock,1.0,2,cholesky,5,gumbel_softmax,8192,0.02,1000,4,rosenbrock,866,0.006516933441162109,-1.0679088830947876,1.0068351030349731,0.648490265523099,0.248773992061615,0.10981286317110062,0.19533486664295197,0.10804593563079834
rosenbrock,1.0,2,cholesky,5,gumbel_softmax,8192,0.02,1000,4,rosenbrock,867,0.0070209503173828125,-1.0520808696746826,1.098542332649231,0.6481660203903374,0.37814971804618835,0.11964769661426544,0.33261844515800476,0.13433758914470673
rosenbrock,1.0,2,cholesky,5,gumbel_softmax,8192,0.02,1000,4,rosenbrock,868,0.006608724594116211,-1.064245343208313,1.1188126802444458,0.6478419373801423,0.14326520264148712,0.07876121997833252,0.10571203380823135,0.05609416961669922
rosenbrock,1.0,2,cholesky,5,gumbel_softmax,8192,0.02,1000,4,rosenbrock,869,0.007010936737060547,-1.0510187149047852,1.052109718322754,0.6475180164114523,0.16992883384227753,0.09217407554388046,0.09761645644903183,0.10416705161333084
rosenbrock,1.0,2,cholesky,5,gumbel_softmax,8192,0.02,1000,4,rosenbrock,870,0.006963968276977539,-1.0631078481674194,1.107717752456665,0.6471942574032467,0.16005679965019226,0.018043702468276024,0.11500295996665955,0.10984953492879868
rosenbrock,1.0,2,cholesky,5,gumbel_softmax,8192,0.02,1000,4,rosenbrock,871,0.007013797760009766,-1.0824899673461914,1.016039252281189,0.646870660274545,0.07471616566181183,0.023468581959605217,0.028024863451719284,0.06516392529010773
rosenbrock,1.0,2,cholesky,5,gumbel_softmax,8192,0.02,1000,4,rosenbrock,872,0.006888389587402344,-1.0486915111541748,1.0386838912963867,0.6465472249444078,0.18219193816184998,0.0704275518655777,0.11757771670818329,0.1200389415025711
rosenbrock,1.0,2,cholesky,5,gumbel_softmax,8192,0.02,1000,4,rosenbrock,873,0.007121086120605469,-1.0490460395812988,1.058120846748352,0.6462239513319356,0.2209264636039734,0.18000322580337524,0.11462482064962387,0.057170722633600235
rosenbrock,1.0,2,cholesky,5,gumbel_softmax,8192,0.02,1000,4,rosenbrock,874,0.006817817687988281,-1.0805530548095703,0.970514178276062,0.6459008393562696,0.16947776079177856,0.0224225502461195,0.13959138095378876,0.09345687925815582
rosenbrock,1.0,2,cholesky,5,gumbel_softmax,8192,0.02,1000,4,rosenbrock,875,0.006392955780029297,-1.0685596466064453,1.048323631286621,0.6455778889365916,0.22014035284519196,0.048190146684646606,0.09690459817647934,0.19170024991035461
rosenbrock,1.0,2,cholesky,5,gumbel_softmax,8192,0.02,1000,4,rosenbrock,876,0.0071868896484375,-1.0601460933685303,1.1001231670379639,0.6452550999921233,0.26391831040382385,0.010636762715876102,0.17680059373378754,0.19565603137016296
rosenbrock,1.0,2,cholesky,5,gumbel_softmax,8192,0.02,1000,4,rosenbrock,877,0.00705718994140625,-1.0636030435562134,0.9922406077384949,0.6449324724421273,0.15807902812957764,0.05683203786611557,0.049596283584833145,0.13892194628715515
rosenbrock,1.0,2,cholesky,5,gumbel_softmax,8192,0.02,1000,4,rosenbrock,878,0.006617069244384766,-1.0568811893463135,1.0175527334213257,0.6446100062059062,0.27251338958740234,0.14357274770736694,0.17082303762435913,0.15642862021923065
rosenbrock,1.0,2,cholesky,5,gumbel_softmax,8192,0.02,1000,4,rosenbrock,879,0.007004976272583008,-1.0612993240356445,1.060628056526184,0.6442877012028033,0.12158962339162827,0.03537781164050102,0.054377246648073196,0.10283754765987396
rosenbrock,1.0,2,cholesky,5,gumbel_softmax,8192,0.02,1000,4,rosenbrock,880,0.007337093353271484,-1.0634446144104004,1.0992183685302734,0.643965557352202,0.12733425199985504,0.07068781554698944,0.08029496669769287,0.06906495243310928
rosenbrock,1.0,2,cholesky,5,gumbel_softmax,8192,0.02,1000,4,rosenbrock,881,0.006793022155761719,-1.050174593925476,1.0671961307525635,0.643643574573526,0.1933688223361969,0.10898212343454361,0.058404382318258286,0.14867185056209564
rosenbrock,1.0,2,cholesky,5,gumbel_softmax,8192,0.02,1000,4,rosenbrock,882,0.006980180740356445,-1.0679266452789307,1.058885931968689,0.6433217527862392,0.33049145340919495,0.14104658365249634,0.2629469931125641,0.14208923280239105
rosenbrock,1.0,2,cholesky,5,gumbel_softmax,8192,0.02,1000,4,rosenbrock,883,0.0070362091064453125,-1.0645222663879395,1.0540417432785034,0.6430000919098461,0.31952714920043945,0.19400933384895325,0.22544503211975098,0.11675836890935898
rosenbrock,1.0,2,cholesky,5,gumbel_softmax,8192,0.02,1000,4,rosenbrock,884,0.006663084030151367,-1.0708427429199219,1.0316734313964844,0.6426785918638912,0.20060968399047852,0.07917562872171402,0.14271531999111176,0.11665249615907669
rosenbrock,1.0,2,cholesky,5,gumbel_softmax,8192,0.02,1000,4,rosenbrock,885,0.006551980972290039,-1.047929286956787,1.0835871696472168,0.6423572525679593,0.2020200937986374,0.020506910979747772,0.16620591282844543,0.11299195140600204
rosenbrock,1.0,2,cholesky,5,gumbel_softmax,8192,0.02,1000,4,rosenbrock,886,0.0067441463470458984,-1.0792137384414673,1.0018573999404907,0.6420360739416754,0.1170940175652504,0.06159639358520508,0.07131866365671158,0.069502092897892
rosenbrock,1.0,2,cholesky,5,gumbel_softmax,8192,0.02,1000,4,rosenbrock,887,0.0064351558685302734,-1.0565416812896729,1.0018283128738403,0.6417150559047046,0.19917917251586914,0.07111476361751556,0.13356666266918182,0.1295182704925537
rosenbrock,1.0,2,cholesky,5,gumbel_softmax,8192,0.02,1000,4,rosenbrock,888,0.006409168243408203,-1.0715539455413818,1.038719892501831,0.6413941983767523,0.17565825581550598,0.022901108488440514,0.12979882955551147,0.11611900478601456
rosenbrock,1.0,2,cholesky,5,gumbel_softmax,8192,0.02,1000,4,rosenbrock,889,0.006936073303222656,-1.0750051736831665,1.1222083568572998,0.6410735012775639,0.15947604179382324,0.054821960628032684,0.09479361027479172,0.1159367635846138
rosenbrock,1.0,2,cholesky,5,gumbel_softmax,8192,0.02,1000,4,rosenbrock,890,0.007009029388427734,-1.0523170232772827,0.9867296814918518,0.6407529645269252,0.19926334917545319,0.08629947900772095,0.11379747092723846,0.138954758644104
rosenbrock,1.0,2,cholesky,5,gumbel_softmax,8192,0.02,1000,4,rosenbrock,891,0.006906747817993164,-1.0559765100479126,1.0869165658950806,0.6404325880446617,0.17948809266090393,0.060162294656038284,0.0931568294763565,0.14113213121891022
rosenbrock,1.0,2,cholesky,5,gumbel_softmax,8192,0.02,1000,4,rosenbrock,892,0.006829023361206055,-1.0742263793945312,1.1092873811721802,0.6401123717506394,0.12185269594192505,0.06415387243032455,0.06268052756786346,0.08248339593410492
rosenbrock,1.0,2,cholesky,5,gumbel_softmax,8192,0.02,1000,4,rosenbrock,893,0.006750822067260742,-1.080594539642334,0.9978145360946655,0.6397923155647641,0.21391037106513977,0.1094752624630928,0.12759311497211456,0.13226042687892914
rosenbrock,1.0,2,cholesky,5,gumbel_softmax,8192,0.02,1000,4,rosenbrock,894,0.007096052169799805,-1.0712940692901611,1.0607712268829346,0.6394724194069819,0.31218940019607544,0.10940540581941605,0.265550434589386,0.12237503379583359
rosenbrock,1.0,2,cholesky,5,gumbel_softmax,8192,0.02,1000,4,rosenbrock,895,0.006857872009277344,-1.0660722255706787,1.0226713418960571,0.6391526831972784,0.29520368576049805,0.05823589861392975,0.2700868546962738,0.10395625978708267
rosenbrock,1.0,2,cholesky,5,gumbel_softmax,8192,0.02,1000,4,rosenbrock,896,0.00673985481262207,-1.035558819770813,1.0299456119537354,0.6388331068556797,0.37625986337661743,0.11419922113418579,0.33027708530426025,0.13945278525352478
rosenbrock,1.0,2,cholesky,5,gumbel_softmax,8192,0.02,1000,4,rosenbrock,897,0.007069826126098633,-1.0478006601333618,1.075853943824768,0.6385136903022519,0.318815678358078,0.09939053654670715,0.25671902298927307,0.16081136465072632
rosenbrock,1.0,2,cholesky,5,gumbel_softmax,8192,0.02,1000,4,rosenbrock,898,0.006838083267211914,-1.0438604354858398,0.9598708152770996,0.6381944334571008,0.14246632158756256,0.02719287760555744,0.07755435258150101,0.11637234687805176
rosenbrock,1.0,2,cholesky,5,gumbel_softmax,8192,0.02,1000,4,rosenbrock,899,0.006907224655151367,-1.0723445415496826,1.0414402484893799,0.6378753362403723,0.2292422354221344,0.09426073729991913,0.1873137354850769,0.09263084083795547
rosenbrock,1.0,2,cholesky,5,gumbel_softmax,8192,0.02,1000,4,rosenbrock,900,0.006614208221435547,-1.085960865020752,1.232107162475586,0.6375563985722522,0.3003813624382019,0.08079312741756439,0.254910409450531,0.13682879507541656
rosenbrock,1.0,2,cholesky,5,gumbel_softmax,8192,0.02,1000,4,rosenbrock,901,0.006814002990722656,-1.060373067855835,0.9836029410362244,0.637237620372966,0.1378968209028244,0.06710074096918106,0.0492035411298275,0.1099638044834137
rosenbrock,1.0,2,cholesky,5,gumbel_softmax,8192,0.02,1000,4,rosenbrock,902,0.0065250396728515625,-1.0542004108428955,1.0518314838409424,0.6369190015627796,0.1909101903438568,0.08461423963308334,0.147243931889534,0.08721441775560379
rosenbrock,1.0,2,cholesky,5,gumbel_softmax,8192,0.02,1000,4,rosenbrock,903,0.0070230960845947266,-1.071080207824707,1.0183669328689575,0.6366005420619982,0.3279387652873993,0.06648346036672592,0.2653024196624756,0.18093760311603546
rosenbrock,1.0,2,cholesky,5,gumbel_softmax,8192,0.02,1000,4,rosenbrock,904,0.0068819522857666016,-1.0720610618591309,1.036522388458252,0.6362822417909674,0.21779578924179077,0.05645770952105522,0.15392383933067322,0.14337009191513062
rosenbrock,1.0,2,cholesky,5,gumbel_softmax,8192,0.02,1000,4,rosenbrock,905,0.006945133209228516,-1.0737781524658203,1.074257493019104,0.6359641006700719,0.14479492604732513,0.016607675701379776,0.036501917988061905,0.13913077116012573
rosenbrock,1.0,2,cholesky,5,gumbel_softmax,8192,0.02,1000,4,rosenbrock,906,0.0071260929107666016,-1.044130563735962,1.036789894104004,0.6356461186197369,0.23813366889953613,0.15396302938461304,0.1500345766544342,0.1024337038397789
rosenbrock,1.0,2,cholesky,5,gumbel_softmax,8192,0.02,1000,4,rosenbrock,907,0.00675511360168457,-1.0522135496139526,1.102797508239746,0.635328295560427,0.2155739665031433,0.04024640843272209,0.16811567544937134,0.1288001537322998
rosenbrock,1.0,2,cholesky,5,gumbel_softmax,8192,0.02,1000,4,rosenbrock,908,0.006694793701171875,-1.0800392627716064,1.0271120071411133,0.6350106314126469,0.1398850530385971,0.06294628977775574,0.06959540396928787,0.1037404015660286
rosenbrock,1.0,2,cholesky,5,gumbel_softmax,8192,0.02,1000,4,rosenbrock,909,0.0065767765045166016,-1.0778741836547852,1.0901061296463013,0.6346931260969406,0.1670885533094406,0.06438884884119034,0.09681757539510727,0.11999588459730148
rosenbrock,1.0,2,cholesky,5,gumbel_softmax,8192,0.02,1000,4,rosenbrock,910,0.006515979766845703,-1.0684394836425781,1.0147628784179688,0.6343757795338921,0.12994422018527985,0.0735897570848465,0.061768025159835815,0.087491475045681
rosenbrock,1.0,2,cholesky,5,gumbel_softmax,8192,0.02,1000,4,rosenbrock,911,0.006729841232299805,-1.0588525533676147,0.9778060913085938,0.6340585916441253,0.10247615724802017,0.006934166885912418,0.05662718042731285,0.08512721955776215
rosenbrock,1.0,2,cholesky,5,gumbel_softmax,8192,0.02,1000,4,rosenbrock,912,0.006312847137451172,-1.0678943395614624,1.0140804052352905,0.6337415623483031,0.24517227709293365,0.10343853384256363,0.09264706820249557,0.20205552875995636
rosenbrock,1.0,2,cholesky,5,gumbel_softmax,8192,0.02,1000,4,rosenbrock,913,0.007119894027709961,-1.0639724731445312,1.0978726148605347,0.6334246915671291,0.39364156126976013,0.048637524247169495,0.33200007677078247,0.2058253139257431
rosenbrock,1.0,2,cholesky,5,gumbel_softmax,8192,0.02,1000,4,rosenbrock,914,0.006978034973144531,-1.0386879444122314,0.9526243805885315,0.6331079792213455,0.2337930053472519,0.10007625073194504,0.10443432629108429,0.18367742002010345
rosenbrock,1.0,2,cholesky,5,gumbel_softmax,8192,0.02,1000,4,rosenbrock,915,0.006688833236694336,-1.0621612071990967,1.0119069814682007,0.6327914252317349,0.24818864464759827,0.10804282873868942,0.18638630211353302,0.1232253685593605
rosenbrock,1.0,2,cholesky,5,gumbel_softmax,8192,0.02,1000,4,rosenbrock,916,0.0065882205963134766,-1.0742796659469604,1.0604298114776611,0.632475029519119,0.1765410453081131,0.04408338665962219,0.05436515435576439,0.1620735228061676
rosenbrock,1.0,2,cholesky,5,gumbel_softmax,8192,0.02,1000,4,rosenbrock,917,0.0071642398834228516,-1.063938021659851,0.9953644871711731,0.6321587920043595,0.24782513082027435,0.05975347012281418,0.1427542269229889,0.19356665015220642
rosenbrock,1.0,2,cholesky,5,gumbel_softmax,8192,0.02,1000,4,rosenbrock,918,0.006984233856201172,-1.067906141281128,1.1154677867889404,0.6318427126083574,0.15129324793815613,0.03822039067745209,0.10466258972883224,0.10234545916318893
rosenbrock,1.0,2,cholesky,5,gumbel_softmax,8192,0.02,1000,4,rosenbrock,919,0.006555080413818359,-1.0272274017333984,0.9693331718444824,0.6315267912520532,0.2433849573135376,0.17712455987930298,0.08271623402833939,0.14498673379421234
rosenbrock,1.0,2,cholesky,5,gumbel_softmax,8192,0.02,1000,4,rosenbrock,920,0.006584882736206055,-1.0660194158554077,1.0732896327972412,0.6312110278564272,0.2733723223209381,0.13656888902187347,0.19432982802391052,0.1353413313627243
rosenbrock,1.0,2,cholesky,5,gumbel_softmax,8192,0.02,1000,4,rosenbrock,921,0.006711721420288086,-1.0612595081329346,1.0399457216262817,0.6308954223424991,0.13290917873382568,0.0818677544593811,0.06269760429859161,0.08385421335697174
rosenbrock,1.0,2,cholesky,5,gumbel_softmax,8192,0.02,1000,4,rosenbrock,922,0.006353855133056641,-1.0681958198547363,1.1362842321395874,0.6305799746313279,0.15393877029418945,0.016816746443510056,0.06641919165849686,0.13785076141357422
rosenbrock,1.0,2,cholesky,5,gumbel_softmax,8192,0.02,1000,4,rosenbrock,923,0.007279157638549805,-1.079687476158142,1.0637824535369873,0.6302646846440122,0.25636088848114014,0.026341650635004044,0.22468072175979614,0.12060509622097015
rosenbrock,1.0,2,cholesky,5,gumbel_softmax,8192,0.02,1000,4,rosenbrock,924,0.006946086883544922,-1.076747179031372,0.9585608243942261,0.6299495523016903,0.12145717442035675,0.0747966319322586,0.07727089524269104,0.056449249386787415
rosenbrock,1.0,2,cholesky,5,gumbel_softmax,8192,0.02,1000,4,rosenbrock,925,0.0064830780029296875,-1.059092402458191,1.0028722286224365,0.6296345775255394,0.11575246602296829,0.04184868559241295,0.07977951318025589,0.07268116623163223
rosenbrock,1.0,2,cholesky,5,gumbel_softmax,8192,0.02,1000,4,rosenbrock,926,0.0065059661865234375,-1.0825351476669312,1.067083716392517,0.6293197602367767,0.22974181175231934,0.07325579226016998,0.11069539189338684,0.1875137835741043
rosenbrock,1.0,2,cholesky,5,gumbel_softmax,8192,0.02,1000,4,rosenbrock,927,0.007028818130493164,-1.0877209901809692,1.2053337097167969,0.6290051003566584,0.19672560691833496,0.08312907814979553,0.03639818727970123,0.17454424500465393
rosenbrock,1.0,2,cholesky,5,gumbel_softmax,8192,0.02,1000,4,rosenbrock,928,0.007046937942504883,-1.072155475616455,1.0121747255325317,0.6286905978064801,0.12392794340848923,0.0497693195939064,0.10216713696718216,0.04942698031663895
rosenbrock,1.0,2,cholesky,5,gumbel_softmax,8192,0.02,1000,4,rosenbrock,929,0.006842851638793945,-1.0877037048339844,1.0263804197311401,0.6283762525075769,0.23793627321720123,0.17119506001472473,0.054785046726465225,0.1558990627527237
rosenbrock,1.0,2,cholesky,5,gumbel_softmax,8192,0.02,1000,4,rosenbrock,930,0.0069429874420166016,-1.0734243392944336,1.0316359996795654,0.6280620643813232,0.11767996102571487,0.045667778700590134,0.0712902769446373,0.08173570036888123
rosenbrock,1.0,2,cholesky,5,gumbel_softmax,8192,0.02,1000,4,rosenbrock,931,0.006577968597412109,-1.073608636856079,1.0560604333877563,0.6277480333491325,0.2895817160606384,0.07699541002511978,0.15008242428302765,0.23538170754909515
rosenbrock,1.0,2,cholesky,5,gumbel_softmax,8192,0.02,1000,4,rosenbrock,932,0.0068721771240234375,-1.0652014017105103,1.020548701286316,0.6274341593324579,0.14807097613811493,0.05837797746062279,0.04205740615725517,0.12941482663154602
rosenbrock,1.0,2,cholesky,5,gumbel_softmax,8192,0.02,1000,4,rosenbrock,933,0.006958961486816406,-1.0574790239334106,1.0201150178909302,0.6271204422527917,0.20191892981529236,0.01572505757212639,0.13054503500461578,0.1532382369041443
rosenbrock,1.0,2,cholesky,5,gumbel_softmax,8192,0.02,1000,4,rosenbrock,934,0.006968975067138672,-1.064300775527954,1.0707472562789917,0.6268068820316655,0.1010022833943367,0.021116284653544426,0.046240534633398056,0.08727757632732391
rosenbrock,1.0,2,cholesky,5,gumbel_softmax,8192,0.02,1000,4,rosenbrock,935,0.006884098052978516,-1.0757105350494385,1.0457173585891724,0.6264934785906496,0.11844509840011597,0.03823024407029152,0.05467206984758377,0.0978706106543541
rosenbrock,1.0,2,cholesky,5,gumbel_softmax,8192,0.02,1000,4,rosenbrock,936,0.0066530704498291016,-1.0701689720153809,1.0273511409759521,0.6261802318513543,0.07056935876607895,0.012832839041948318,0.020565524697303772,0.06627526879310608
rosenbrock,1.0,2,cholesky,5,gumbel_softmax,8192,0.02,1000,4,rosenbrock,937,0.007160186767578125,-1.0675554275512695,0.981764018535614,0.6258671417354287,0.16589339077472687,0.05035395920276642,0.033599305897951126,0.15445445477962494
rosenbrock,1.0,2,cholesky,5,gumbel_softmax,8192,0.02,1000,4,rosenbrock,938,0.006928920745849609,-1.054876446723938,1.0083400011062622,0.625554208164561,0.21827749907970428,0.17711730301380157,0.10824690759181976,0.06750653684139252
rosenbrock,1.0,2,cholesky,5,gumbel_softmax,8192,0.02,1000,4,rosenbrock,939,0.006475925445556641,-1.0488084554672241,0.9939212799072266,0.6252414310604788,0.17816750705242157,0.04021253436803818,0.08911977708339691,0.14894387125968933
rosenbrock,1.0,2,cholesky,5,gumbel_softmax,8192,0.02,1000,4,rosenbrock,940,0.007089853286743164,-1.050827145576477,1.0067423582077026,0.6249288103449485,0.11336495727300644,0.018580731004476547,0.074236661195755,0.08363784104585648
rosenbrock,1.0,2,cholesky,5,gumbel_softmax,8192,0.02,1000,4,rosenbrock,941,0.006700038909912109,-1.0761184692382812,1.0254517793655396,0.6246163459397761,0.2878427803516388,0.09504588693380356,0.06123771518468857,0.2647068202495575
rosenbrock,1.0,2,cholesky,5,gumbel_softmax,8192,0.02,1000,4,rosenbrock,942,0.006441831588745117,-1.069808006286621,1.038342833518982,0.6243040377668062,0.19302117824554443,0.03812722861766815,0.11511924862861633,0.15017005801200867
rosenbrock,1.0,2,cholesky,5,gumbel_softmax,8192,0.02,1000,4,rosenbrock,943,0.006746053695678711,-1.0661314725875854,1.0466890335083008,0.6239918857479229,0.1850840151309967,0.025669487193226814,0.15387806296348572,0.09959272295236588
rosenbrock,1.0,2,cholesky,5,gumbel_softmax,8192,0.02,1000,4,rosenbrock,944,0.006339073181152344,-1.0675404071807861,0.9846693873405457,0.623679889805049,0.13017599284648895,0.07658719271421432,0.07563851028680801,0.07320524007081985
rosenbrock,1.0,2,cholesky,5,gumbel_softmax,8192,0.02,1000,4,rosenbrock,945,0.007018089294433594,-1.066576600074768,1.0470800399780273,0.6233680498601465,0.1723538041114807,0.03530752658843994,0.13906463980674744,0.09549994766712189
rosenbrock,1.0,2,cholesky,5,gumbel_softmax,8192,0.02,1000,4,rosenbrock,946,0.006702899932861328,-1.060268521308899,1.1582077741622925,0.6230563658352164,0.12990351021289825,0.020076977089047432,0.026257000863552094,0.1256280392408371
rosenbrock,1.0,2,cholesky,5,gumbel_softmax,8192,0.02,1000,4,rosenbrock,947,0.006536006927490234,-1.0722090005874634,0.9919387102127075,0.6227448376522988,0.16198280453681946,0.031974419951438904,0.10491994768381119,0.11919675022363663
rosenbrock,1.0,2,cholesky,5,gumbel_softmax,8192,0.02,1000,4,rosenbrock,948,0.006916999816894531,-1.0598989725112915,0.9925705790519714,0.6224334652334728,0.3105664551258087,0.12295909970998764,0.24571125209331512,0.14477072656154633
rosenbrock,1.0,2,cholesky,5,gumbel_softmax,8192,0.02,1000,4,rosenbrock,949,0.0066182613372802734,-1.0500552654266357,1.0727156400680542,0.6221222485008561,0.18241527676582336,0.020968230441212654,0.1424485296010971,0.11200035363435745
rosenbrock,1.0,2,cholesky,5,gumbel_softmax,8192,0.02,1000,4,rosenbrock,950,0.006512165069580078,-1.07814621925354,1.1502962112426758,0.6218111873766057,0.34448644518852234,0.06762650609016418,0.30191361904144287,0.15147846937179565
rosenbrock,1.0,2,cholesky,5,gumbel_softmax,8192,0.02,1000,4,rosenbrock,951,0.0071659088134765625,-1.050933599472046,0.9974163174629211,0.6215002817829174,0.23518326878547668,0.029780730605125427,0.1138586476445198,0.20361846685409546
rosenbrock,1.0,2,cholesky,5,gumbel_softmax,8192,0.02,1000,4,rosenbrock,952,0.007116079330444336,-1.040132999420166,1.0156084299087524,0.621189531642026,0.09836310893297195,0.023410499095916748,0.03829179331660271,0.08752705901861191
rosenbrock,1.0,2,cholesky,5,gumbel_softmax,8192,0.02,1000,4,rosenbrock,953,0.006227016448974609,-1.08861243724823,1.0155410766601562,0.620878936876205,0.21235112845897675,0.08313441276550293,0.18409958481788635,0.06549059599637985
rosenbrock,1.0,2,cholesky,5,gumbel_softmax,8192,0.02,1000,4,rosenbrock,954,0.007078886032104492,-1.0519940853118896,1.0793184041976929,0.6205684974077669,0.29379603266716003,0.1063477098941803,0.22492215037345886,0.15625716745853424
rosenbrock,1.0,2,cholesky,5,gumbel_softmax,8192,0.02,1000,4,rosenbrock,955,0.006971120834350586,-1.0703794956207275,1.1002227067947388,0.620258213159063,0.33023637533187866,0.029703428968787193,0.1376502811908722,0.2987074851989746
rosenbrock,1.0,2,cholesky,5,gumbel_softmax,8192,0.02,1000,4,rosenbrock,956,0.0067462921142578125,-1.0656946897506714,1.0231597423553467,0.6199480840524836,0.2508009076118469,0.018138300627470016,0.20268160104751587,0.14660242199897766
rosenbrock,1.0,2,cholesky,5,gumbel_softmax,8192,0.02,1000,4,rosenbrock,957,0.006587028503417969,-1.0749002695083618,0.9894601106643677,0.6196381100104573,0.26863864064216614,0.13603365421295166,0.1938832551240921,0.12677088379859924
rosenbrock,1.0,2,cholesky,5,gumbel_softmax,8192,0.02,1000,4,rosenbrock,958,0.006922006607055664,-1.0545654296875,1.0400137901306152,0.6193282909554522,0.15014992654323578,0.07512988895177841,0.1247626319527626,0.036534760147333145
rosenbrock,1.0,2,cholesky,5,gumbel_softmax,8192,0.02,1000,4,rosenbrock,959,0.0068700313568115234,-1.0568492412567139,1.0557725429534912,0.6190186268099744,0.1215558871626854,0.017347052693367004,0.06141398102045059,0.10345645993947983
rosenbrock,1.0,2,cholesky,5,gumbel_softmax,8192,0.02,1000,4,rosenbrock,960,0.0068891048431396484,-1.0662645101547241,1.0286051034927368,0.6187091174965695,0.11640328168869019,0.05288068577647209,0.07240194082260132,0.07423822581768036
rosenbrock,1.0,2,cholesky,5,gumbel_softmax,8192,0.02,1000,4,rosenbrock,961,0.006993293762207031,-1.1105376482009888,1.1826388835906982,0.6183997629378213,0.23544195294380188,0.16771957278251648,0.0891837403178215,0.1391017735004425
rosenbrock,1.0,2,cholesky,5,gumbel_softmax,8192,0.02,1000,4,rosenbrock,962,0.007217884063720703,-1.078120231628418,1.103173017501831,0.6180905630563523,0.1975984126329422,0.15731017291545868,0.04784116894006729,0.10958952456712723
rosenbrock,1.0,2,cholesky,5,gumbel_softmax,8192,0.02,1000,4,rosenbrock,963,0.006732940673828125,-1.0517876148223877,1.001335859298706,0.6177815177748243,0.16947029531002045,0.08573701232671738,0.057914815843105316,0.13422076404094696
rosenbrock,1.0,2,cholesky,5,gumbel_softmax,8192,0.02,1000,4,rosenbrock,964,0.006515026092529297,-1.065691590309143,1.0010228157043457,0.6174726270159369,0.299604207277298,0.11717560887336731,0.2696089744567871,0.05782360956072807
rosenbrock,1.0,2,cholesky,5,gumbel_softmax,8192,0.02,1000,4,rosenbrock,965,0.007427215576171875,-1.0712933540344238,1.0901373624801636,0.6171638907024289,0.2720683217048645,0.12145864963531494,0.18471863865852356,0.15858115255832672
rosenbrock,1.0,2,cholesky,5,gumbel_softmax,8192,0.02,1000,4,rosenbrock,966,0.006670951843261719,-1.0679782629013062,1.0320453643798828,0.6168553087570777,0.26980701088905334,0.02307276427745819,0.2484801709651947,0.10257233679294586
rosenbrock,1.0,2,cholesky,5,gumbel_softmax,8192,0.02,1000,4,rosenbrock,967,0.006689786911010742,-1.0752241611480713,1.0337754487991333,0.6165468811026993,0.14710475504398346,0.07084182649850845,0.09154963493347168,0.09077396243810654
rosenbrock,1.0,2,cholesky,5,gumbel_softmax,8192,0.02,1000,4,rosenbrock,968,0.00655674934387207,-1.0802698135375977,1.0151134729385376,0.6162386076621479,0.19484969973564148,0.03009602800011635,0.07227963209152222,0.17842727899551392
rosenbrock,1.0,2,cholesky,5,gumbel_softmax,8192,0.02,1000,4,rosenbrock,969,0.006595134735107422,-1.046074628829956,0.9899083375930786,0.6159304883583169,0.22946351766586304,0.11427298933267593,0.14771094918251038,0.13332916796207428
rosenbrock,1.0,2,cholesky,5,gumbel_softmax,8192,0.02,1000,4,rosenbrock,970,0.006522178649902344,-1.0548357963562012,0.9948238134384155,0.6156225231141378,0.3692510724067688,0.03450440242886543,0.1243310198187828,0.3459733724594116
rosenbrock,1.0,2,cholesky,5,gumbel_softmax,8192,0.02,1000,4,rosenbrock,971,0.006824970245361328,-1.0623326301574707,1.0023976564407349,0.6153147118525807,0.14067710936069489,0.06003476679325104,0.07822386175394058,0.10033396631479263
rosenbrock,1.0,2,cholesky,5,gumbel_softmax,8192,0.02,1000,4,rosenbrock,972,0.006706953048706055,-1.0734567642211914,1.0392321348190308,0.6150070544966545,0.20821796357631683,0.05237067863345146,0.15441642701625824,0.12948979437351227
rosenbrock,1.0,2,cholesky,5,gumbel_softmax,8192,0.02,1000,4,rosenbrock,973,0.007089138031005859,-1.0510199069976807,1.0105111598968506,0.6146995509694062,0.1920575350522995,0.060023240745067596,0.05165853723883629,0.1749705672264099
rosenbrock,1.0,2,cholesky,5,gumbel_softmax,8192,0.02,1000,4,rosenbrock,974,0.0072591304779052734,-1.0594135522842407,1.0883585214614868,0.6143922011939215,0.23031990230083466,0.06391240656375885,0.17538513243198395,0.13491672277450562
rosenbrock,1.0,2,cholesky,5,gumbel_softmax,8192,0.02,1000,4,rosenbrock,975,0.006956815719604492,-1.0634974241256714,0.9976394176483154,0.6140850050933245,0.24960139393806458,0.06897464394569397,0.21145404875278473,0.11327195912599564
rosenbrock,1.0,2,cholesky,5,gumbel_softmax,8192,0.02,1000,4,rosenbrock,976,0.0069119930267333984,-1.0662407875061035,1.0286792516708374,0.613777962590778,0.3146301805973053,0.08869609236717224,0.2615707814693451,0.15068471431732178
rosenbrock,1.0,2,cholesky,5,gumbel_softmax,8192,0.02,1000,4,rosenbrock,977,0.006832122802734375,-1.0721701383590698,1.0329138040542603,0.6134710736094826,0.1692727953195572,0.016824867576360703,0.13417063653469086,0.10182557255029678
rosenbrock,1.0,2,cholesky,5,gumbel_softmax,8192,0.02,1000,4,rosenbrock,978,0.00686192512512207,-1.0765087604522705,1.0853385925292969,0.6131643380726779,0.18532384932041168,0.10220775753259659,0.07448187470436096,0.13546572625637054
rosenbrock,1.0,2,cholesky,5,gumbel_softmax,8192,0.02,1000,4,rosenbrock,979,0.006551980972290039,-1.0601714849472046,1.0618611574172974,0.6128577559036416,0.19015155732631683,0.1326926201581955,0.09965042769908905,0.09284433722496033
rosenbrock,1.0,2,cholesky,5,gumbel_softmax,8192,0.02,1000,4,rosenbrock,980,0.0066759586334228516,-1.0465705394744873,0.9817492365837097,0.6125513270256898,0.12329351902008057,0.06939622014760971,0.04315856099128723,0.09231898933649063
rosenbrock,1.0,2,cholesky,5,gumbel_softmax,8192,0.02,1000,4,rosenbrock,981,0.00693202018737793,-1.0761523246765137,1.05423104763031,0.612245051362177,0.23563319444656372,0.017564969137310982,0.16922526061534882,0.1630253940820694
rosenbrock,1.0,2,cholesky,5,gumbel_softmax,8192,0.02,1000,4,rosenbrock,982,0.0065419673919677734,-1.0847241878509521,1.0719128847122192,0.6119389288364959,0.25868308544158936,0.07458508014678955,0.08190672844648361,0.23376332223415375
rosenbrock,1.0,2,cholesky,5,gumbel_softmax,8192,0.02,1000,4,rosenbrock,983,0.006495952606201172,-1.072727918624878,1.0612443685531616,0.6116329593720777,0.13815677165985107,0.02106623165309429,0.08656404912471771,0.10559436678886414
rosenbrock,1.0,2,cholesky,5,gumbel_softmax,8192,0.02,1000,4,rosenbrock,984,0.0064849853515625,-1.0789462327957153,1.165591835975647,0.6113271428923918,0.1378355324268341,0.0173961129039526,0.11603893339633942,0.07232546806335449
rosenbrock,1.0,2,cholesky,5,gumbel_softmax,8192,0.02,1000,4,rosenbrock,985,0.006417036056518555,-1.0759589672088623,1.009386420249939,0.6110214793209455,0.2652101218700409,0.011404967866837978,0.22290539741516113,0.1432463526725769
rosenbrock,1.0,2,cholesky,5,gumbel_softmax,8192,0.02,1000,4,rosenbrock,986,0.006794929504394531,-1.0566502809524536,1.0014500617980957,0.6107159685812851,0.1931292861700058,0.08087880164384842,0.12219523638486862,0.12580090761184692
rosenbrock,1.0,2,cholesky,5,gumbel_softmax,8192,0.02,1000,4,rosenbrock,987,0.006890058517456055,-1.0852077007293701,1.071938157081604,0.6104106105969945,0.1465301662683487,0.05129127576947212,0.08704358339309692,0.10613059997558594
rosenbrock,1.0,2,cholesky,5,gumbel_softmax,8192,0.02,1000,4,rosenbrock,988,0.006963968276977539,-1.072624921798706,1.078689455986023,0.610105405291696,0.23703952133655548,0.0754711776971817,0.15278546512126923,0.16476783156394958
rosenbrock,1.0,2,cholesky,5,gumbel_softmax,8192,0.02,1000,4,rosenbrock,989,0.006932973861694336,-1.0494619607925415,1.023871660232544,0.6098003525890502,0.28159099817276,0.11922357231378555,0.13468274474143982,0.2166559100151062
rosenbrock,1.0,2,cholesky,5,gumbel_softmax,8192,0.02,1000,4,rosenbrock,990,0.006839752197265625,-1.077703833580017,1.0710477828979492,0.6094954524127557,0.22321096062660217,0.14760880172252655,0.10619916021823883,0.12944692373275757
rosenbrock,1.0,2,cholesky,5,gumbel_softmax,8192,0.02,1000,4,rosenbrock,991,0.007033824920654297,-1.0724775791168213,1.016000747680664,0.6091907046865493,0.21096181869506836,0.07748095691204071,0.14699247479438782,0.12998002767562866
rosenbrock,1.0,2,cholesky,5,gumbel_softmax,8192,0.02,1000,4,rosenbrock,992,0.0070078372955322266,-1.063480257987976,0.9902235269546509,0.6088861093342062,0.159809410572052,0.03026909939944744,0.1314801275730133,0.08564933389425278
rosenbrock,1.0,2,cholesky,5,gumbel_softmax,8192,0.02,1000,4,rosenbrock,993,0.006857156753540039,-1.0712214708328247,1.0592963695526123,0.608581666279539,0.32252204418182373,0.1729254126548767,0.2112472951412201,0.1717318892478943
rosenbrock,1.0,2,cholesky,5,gumbel_softmax,8192,0.02,1000,4,rosenbrock,994,0.006927013397216797,-1.0795246362686157,0.9880654811859131,0.6082773754463994,0.26245468854904175,0.011396151967346668,0.24795569479465485,0.08526767790317535
rosenbrock,1.0,2,cholesky,5,gumbel_softmax,8192,0.02,1000,4,rosenbrock,995,0.00690913200378418,-1.0598551034927368,1.0203733444213867,0.6079732367586762,0.1487281322479248,0.011105669662356377,0.1297847032546997,0.07178197801113129
rosenbrock,1.0,2,cholesky,5,gumbel_softmax,8192,0.02,1000,4,rosenbrock,996,0.0071620941162109375,-1.0727640390396118,1.0025137662887573,0.6076692501402968,0.21015802025794983,0.12650546431541443,0.15704050660133362,0.05916961282491684
rosenbrock,1.0,2,cholesky,5,gumbel_softmax,8192,0.02,1000,4,rosenbrock,997,0.007040977478027344,-1.0674033164978027,0.9855838418006897,0.6073654155152267,0.15185077488422394,0.09140466898679733,0.09510555863380432,0.0752248466014862
rosenbrock,1.0,2,cholesky,5,gumbel_softmax,8192,0.02,1000,4,rosenbrock,998,0.0073850154876708984,-1.0643775463104248,1.0134812593460083,0.6070617328074692,0.1481804996728897,0.024039531126618385,0.07587000727653503,0.1249932050704956
rosenbrock,1.0,2,cholesky,5,gumbel_softmax,8192,0.02,1000,4,rosenbrock,999,0.007167816162109375,-1.0705386400222778,0.9693634510040283,0.6067582019410654,0.34902223944664,0.08856406807899475,0.3202875852584839,0.1067182645201683
