target,target_Z,dim,chart,components,estimator,mc,lr,n_steps,seed,tag,step,wall_s,elbo,elbo_std,baseline_value,grad_norm,grad_norm_w,grad_norm_a,grad_norm_A
rosenbrock,1.0,2,cholesky,5,score_function,8192,0.02,1000,3,rosenbrock,0,0.01984429359436035,-3.1454577445983887,5.323389530181885,0.0,5.13830041885376,0.07011447846889496,2.1065235137939453,4.686125755310059
rosenbrock,1.0,2,cholesky,5,score_function,8192,0.02,1000,3,rosenbrock,1,0.00485992431640625,-2.6178112030029297,3.8384413719177246,0.0,3.6202809810638428,0.036123719066381454,1.4782075881958008,3.304547071456909
rosenbrock,1.0,2,cholesky,5,score_function,8192,0.02,1000,3,rosenbrock,2,0.004580020904541016,-2.396116256713867,3.21272873878479,0.0,2.922058343887329,0.031891148537397385,1.0979349613189697,2.707756757736206
rosenbrock,1.0,2,cholesky,5,score_function,8192,0.02,1000,3,rosenbrock,3,0.0044062137603759766,-2.175333023071289,2.52044415473938,0.0,2.200577735900879,0.051358260214328766,0.7661440372467041,2.062263011932373
rosenbrock,1.0,2,cholesky,5,score_function,8192,0.02,1000,3,rosenbrock,4,0.0043299198150634766,-2.0500025749206543,1.918222188949585,0.0,1.7215120792388916,0.07259295135736465,0.6098119020462036,1.6082487106323242
rosenbrock,1.0,2,cholesky,5,score_function,8192,0.02,1000,3,rosenbrock,5,0.004472970962524414,-1.9468188285827637,1.7843836545944214,0.0,1.469115972518921,0.07381028681993484,0.40680819749832153,1.4097379446029663
rosenbrock,1.0,2,cholesky,5,score_function,8192,0.02,1000,3,rosenbrock,6,0.004706144332885742,-1.8811864852905273,1.5955106019973755,0.0,1.2724307775497437,0.08818794041872025,0.48307421803474426,1.1738579273223877
rosenbrock,1.0,2,cholesky,5,score_function,8192,0.02,1000,3,rosenbrock,7,0.004437923431396484,-1.8031020164489746,1.2406871318817139,0.0,0.9368849992752075,0.09357114136219025,0.5195203423500061,0.7740132808685303
rosenbrock,1.0,2,cholesky,5,score_function,8192,0.02,1000,3,rosenbrock,8,0.004338979721069336,-1.7582612037658691,1.100157380104065,0.0,0.8916053771972656,0.07940441370010376,0.5943626761436462,0.659839391708374
rosenbrock,1.0,2,cholesky,5,score_function,8192,0.02,1000,3,rosenbrock,9,0.00436091423034668,-1.7317558526992798,1.0429068803787231,0.0,0.8253037333488464,0.08502017706632614,0.6203140020370483,0.5376878976821899
rosenbrock,1.0,2,cholesky,5,score_function,8192,0.02,1000,3,rosenbrock,10,0.0043451786041259766,-1.7119064331054688,0.9825257658958435,0.0,0.8285416960716248,0.080196313560009,0.6535226702690125,0.5029492974281311
rosenbrock,1.0,2,cholesky,5,score_function,8192,0.02,1000,3,rosenbrock,11,0.0043048858642578125,-1.6698071956634521,0.9089642763137817,0.0,0.790295422077179,0.08117308467626572,0.6271430850028992,0.47399306297302246
rosenbrock,1.0,2,cholesky,5,score_function,8192,0.02,1000,3,rosenbrock,12,0.004255056381225586,-1.675126314163208,0.9550180435180664,0.0,0.770167887210846,0.0769321620464325,0.595915675163269,0.481793075799942
rosenbrock,1.0,2,cholesky,5,score_function,8192,0.02,1000,3,rosenbrock,13,0.004266977310180664,-1.6376981735229492,0.96538245677948,0.0,0.7489645481109619,0.08069153130054474,0.5672165751457214,0.48239198327064514
rosenbrock,1.0,2,cholesky,5,score_function,8192,0.02,1000,3,rosenbrock,14,0.004386186599731445,-1.6186741590499878,0.8466830253601074,0.0,0.7352301478385925,0.08498907834291458,0.5895445942878723,0.4310191869735718
rosenbrock,1.0,2,cholesky,5,score_function,8192,0.02,1000,3,rosenbrock,15,0.0043261051177978516,-1.6324933767318726,1.3506882190704346,0.0,1.0771257877349854,0.08830335736274719,0.6402392387390137,0.8616822361946106
rosenbrock,1.0,2,cholesky,5,score_function,8192,0.02,1000,3,rosenbrock,16,0.004347085952758789,-1.5976126194000244,0.8102157115936279,0.0,0.7402117252349854,0.08508460223674774,0.6166362762451172,0.4005417823791504
rosenbrock,1.0,2,cholesky,5,score_function,8192,0.02,1000,3,rosenbrock,17,0.004267692565917969,-1.5838321447372437,0.7494210004806519,0.0,0.689199686050415,0.08610696345567703,0.593960165977478,0.338811457157135
rosenbrock,1.0,2,cholesky,5,score_function,8192,0.02,1000,3,rosenbrock,18,0.004287242889404297,-1.56211256980896,0.7345052361488342,0.0,0.6933339238166809,0.09974874556064606,0.5542757511138916,0.40440142154693604
rosenbrock,1.0,2,cholesky,5,score_function,8192,0.02,1000,3,rosenbrock,19,0.004312038421630859,-1.5456043481826782,0.7256539463996887,0.0,0.7022473216056824,0.084515780210495,0.601922333240509,0.35170695185661316
rosenbrock,1.0,2,cholesky,5,score_function,8192,0.02,1000,3,rosenbrock,20,0.004297971725463867,-1.539332628250122,0.7697752714157104,0.0,0.6626691818237305,0.08313724398612976,0.552996814250946,0.3555462658405304
rosenbrock,1.0,2,cholesky,5,score_function,8192,0.02,1000,3,rosenbrock,21,0.004311084747314453,-1.5155503749847412,0.6912301182746887,0.0,0.6093292832374573,0.09780209511518478,0.4981864392757416,0.3369380235671997
rosenbrock,1.0,2,cholesky,5,score_function,8192,0.02,1000,3,rosenbrock,22,0.0042798519134521484,-1.5221279859542847,0.7054387927055359,0.0,0.5931194424629211,0.09736325591802597,0.4582012891769409,0.3638167679309845
rosenbrock,1.0,2,cholesky,5,score_function,8192,0.02,1000,3,rosenbrock,23,0.004236936569213867,-1.4868099689483643,0.7223255038261414,0.0,0.5525792241096497,0.07301574945449829,0.42029109597206116,0.3512376546859741
rosenbrock,1.0,2,cholesky,5,score_function,8192,0.02,1000,3,rosenbrock,24,0.004260063171386719,-1.4758832454681396,0.6211965084075928,0.0,0.5454368591308594,0.08432086557149887,0.4133162498474121,0.3457759618759155
rosenbrock,1.0,2,cholesky,5,score_function,8192,0.02,1000,3,rosenbrock,25,0.004336118698120117,-1.4541699886322021,0.635805606842041,0.0,0.47866591811180115,0.06927382200956345,0.3649001717567444,0.3019438087940216
rosenbrock,1.0,2,cholesky,5,score_function,8192,0.02,1000,3,rosenbrock,26,0.0042781829833984375,-1.4558453559875488,0.7029439806938171,0.0,0.5336080193519592,0.07229246944189072,0.39797672629356384,0.34803128242492676
rosenbrock,1.0,2,cholesky,5,score_function,8192,0.02,1000,3,rosenbrock,27,0.004295825958251953,-1.433314561843872,0.7599145174026489,0.0,0.5533187389373779,0.06815827637910843,0.39552104473114014,0.3808926045894623
rosenbrock,1.0,2,cholesky,5,score_function,8192,0.02,1000,3,rosenbrock,28,0.004262208938598633,-1.4333339929580688,0.6428965330123901,0.0,0.5581682324409485,0.06262380629777908,0.3656885325908661,0.4170154929161072
rosenbrock,1.0,2,cholesky,5,score_function,8192,0.02,1000,3,rosenbrock,29,0.004273891448974609,-1.4174085855484009,0.6594277024269104,0.0,0.5191016793251038,0.058038484305143356,0.38005590438842773,0.34879162907600403
rosenbrock,1.0,2,cholesky,5,score_function,8192,0.02,1000,3,rosenbrock,30,0.004309892654418945,-1.4212806224822998,0.704734742641449,0.0,0.610973596572876,0.05695314332842827,0.43258848786354065,0.4276825785636902
rosenbrock,1.0,2,cholesky,5,score_function,8192,0.02,1000,3,rosenbrock,31,0.004243135452270508,-1.3841309547424316,0.6454935073852539,0.0,0.5331417918205261,0.04878011718392372,0.4109802544116974,0.33608922362327576
rosenbrock,1.0,2,cholesky,5,score_function,8192,0.02,1000,3,rosenbrock,32,0.004890918731689453,-1.3649955987930298,0.6506435871124268,0.0,0.5149924159049988,0.03976720571517944,0.4153028428554535,0.30192598700523376
rosenbrock,1.0,2,cholesky,5,score_function,8192,0.02,1000,3,rosenbrock,33,0.004438877105712891,-1.353265404701233,0.6448255181312561,0.0,0.490366131067276,0.03969646990299225,0.38288411498069763,0.3037809431552887
rosenbrock,1.0,2,cholesky,5,score_function,8192,0.02,1000,3,rosenbrock,34,0.004628896713256836,-1.352508544921875,0.6277769207954407,0.0,0.5303034782409668,0.044011346995830536,0.3897685110569,0.3568827509880066
rosenbrock,1.0,2,cholesky,5,score_function,8192,0.02,1000,3,rosenbrock,35,0.004348039627075195,-1.3255058526992798,0.5972936153411865,0.0,0.3880879282951355,0.03318577632308006,0.3310392200946808,0.19980981945991516
rosenbrock,1.0,2,cholesky,5,score_function,8192,0.02,1000,3,rosenbrock,36,0.004379749298095703,-1.3042032718658447,0.6276169419288635,0.0,0.444758802652359,0.03233310580253601,0.3240630030632019,0.3028995096683502
rosenbrock,1.0,2,cholesky,5,score_function,8192,0.02,1000,3,rosenbrock,37,0.004300832748413086,-1.292738676071167,0.600816011428833,0.0,0.44147029519081116,0.019818419590592384,0.28595730662345886,0.3357553482055664
rosenbrock,1.0,2,cholesky,5,score_function,8192,0.02,1000,3,rosenbrock,38,0.004289150238037109,-1.293585181236267,0.5563844442367554,0.0,0.4040037989616394,0.022103171795606613,0.37726762890815735,0.14282730221748352
rosenbrock,1.0,2,cholesky,5,score_function,8192,0.02,1000,3,rosenbrock,39,0.004294872283935547,-1.2728618383407593,0.6165206432342529,0.0,0.39606574177742004,0.028575681149959564,0.3665326237678528,0.1473272293806076
rosenbrock,1.0,2,cholesky,5,score_function,8192,0.02,1000,3,rosenbrock,40,0.0043451786041259766,-1.2693697214126587,0.5323723554611206,0.0,0.4535366892814636,0.03503541648387909,0.4094473123550415,0.19188793003559113
rosenbrock,1.0,2,cholesky,5,score_function,8192,0.02,1000,3,rosenbrock,41,0.004345893859863281,-1.2587262392044067,0.6534280776977539,0.0,0.3688828647136688,0.02876446023583412,0.3319412171840668,0.15831035375595093
rosenbrock,1.0,2,cholesky,5,score_function,8192,0.02,1000,3,rosenbrock,42,0.0044209957122802734,-1.2447324991226196,0.6009864807128906,0.0,0.38660046458244324,0.027310989797115326,0.3660520017147064,0.12132582813501358
rosenbrock,1.0,2,cholesky,5,score_function,8192,0.02,1000,3,rosenbrock,43,0.004430294036865234,-1.2417293787002563,0.6181675791740417,0.0,0.44588837027549744,0.04316991567611694,0.40829718112945557,0.17391450703144073
rosenbrock,1.0,2,cholesky,5,score_function,8192,0.02,1000,3,rosenbrock,44,0.010904073715209961,-1.2361598014831543,0.6439750790596008,0.0,0.4144757091999054,0.04706236720085144,0.3705770969390869,0.1795768439769745
rosenbrock,1.0,2,cholesky,5,score_function,8192,0.02,1000,3,rosenbrock,45,0.004669904708862305,-1.2175360918045044,0.5974810123443604,0.0,0.3377285301685333,0.023746544495224953,0.3047996163368225,0.14350558817386627
rosenbrock,1.0,2,cholesky,5,score_function,8192,0.02,1000,3,rosenbrock,46,0.004487037658691406,-1.227808952331543,0.6203514337539673,0.0,0.4052576720714569,0.035923536866903305,0.2919210195541382,0.2787927985191345
rosenbrock,1.0,2,cholesky,5,score_function,8192,0.02,1000,3,rosenbrock,47,0.019673824310302734,-1.2073029279708862,0.5671448111534119,0.0,0.3965189456939697,0.039286524057388306,0.35750627517700195,0.16695238649845123
rosenbrock,1.0,2,cholesky,5,score_function,8192,0.02,1000,3,rosenbrock,48,0.0051729679107666016,-1.1961627006530762,0.6144005656242371,0.0,0.3282422721385956,0.03587254881858826,0.2854861915111542,0.15796764194965363
rosenbrock,1.0,2,cholesky,5,score_function,8192,0.02,1000,3,rosenbrock,49,0.004547119140625,-1.2121992111206055,0.6220368146896362,0.0,0.39043426513671875,0.04288359358906746,0.303738534450531,0.24154262244701385
rosenbrock,1.0,2,cholesky,5,score_function,8192,0.02,1000,3,rosenbrock,50,0.0045621395111083984,-1.1816996335983276,0.5805033445358276,0.0,0.3414994478225708,0.025020448490977287,0.2830895483493805,0.18935726583003998
rosenbrock,1.0,2,cholesky,5,score_function,8192,0.02,1000,3,rosenbrock,51,0.004482746124267578,-1.1859935522079468,0.5715219974517822,0.0,0.30263572931289673,0.01920836605131626,0.2570038437843323,0.1586456596851349
rosenbrock,1.0,2,cholesky,5,score_function,8192,0.02,1000,3,rosenbrock,52,0.004456996917724609,-1.1656838655471802,0.5583429336547852,0.0,0.33388659358024597,0.03209713101387024,0.2726413309574127,0.19004401564598083
rosenbrock,1.0,2,cholesky,5,score_function,8192,0.02,1000,3,rosenbrock,53,0.004436969757080078,-1.173352599143982,0.5883433222770691,0.0,0.33797216415405273,0.027276817709207535,0.2739447355270386,0.19604957103729248
rosenbrock,1.0,2,cholesky,5,score_function,8192,0.02,1000,3,rosenbrock,54,0.0044519901275634766,-1.1700721979141235,0.6143442988395691,0.0,0.3212345242500305,0.026426086202263832,0.2909359931945801,0.13360221683979034
rosenbrock,1.0,2,cholesky,5,score_function,8192,0.02,1000,3,rosenbrock,55,0.004467010498046875,-1.1647549867630005,0.5747663378715515,0.0,0.3387014865875244,0.024047691375017166,0.30139660835266113,0.1526450663805008
rosenbrock,1.0,2,cholesky,5,score_function,8192,0.02,1000,3,rosenbrock,56,0.020704984664916992,-1.1535112857818604,0.5307237505912781,0.0,0.306124210357666,0.01924540475010872,0.24298855662345886,0.18519774079322815
rosenbrock,1.0,2,cholesky,5,score_function,8192,0.02,1000,3,rosenbrock,57,0.004476785659790039,-1.1487221717834473,0.5597854852676392,0.0,0.22969703376293182,0.02757301740348339,0.2051558792591095,0.09955665469169617
rosenbrock,1.0,2,cholesky,5,score_function,8192,0.02,1000,3,rosenbrock,58,0.0044438838958740234,-1.1399452686309814,0.5008955597877502,0.0,0.24542997777462006,0.024637486785650253,0.17928668856620789,0.16578646004199982
rosenbrock,1.0,2,cholesky,5,score_function,8192,0.02,1000,3,rosenbrock,59,0.010327816009521484,-1.132730484008789,0.5155928134918213,0.0,0.3017815053462982,0.017921501770615578,0.24822962284088135,0.1706838309764862
rosenbrock,1.0,2,cholesky,5,score_function,8192,0.02,1000,3,rosenbrock,60,0.01098489761352539,-1.1233888864517212,0.5214096307754517,0.0,0.2758356034755707,0.01442011445760727,0.21876110136508942,0.1673944741487503
rosenbrock,1.0,2,cholesky,5,score_function,8192,0.02,1000,3,rosenbrock,61,0.017252683639526367,-1.1080870628356934,0.5351499319076538,0.0,0.29940828680992126,0.02025306224822998,0.21771956980228424,0.2045319378376007
rosenbrock,1.0,2,cholesky,5,score_function,8192,0.02,1000,3,rosenbrock,62,0.011239051818847656,-1.1201372146606445,0.5443839430809021,0.0,0.2772432267665863,0.017710136249661446,0.25454413890838623,0.10843177884817123
rosenbrock,1.0,2,cholesky,5,score_function,8192,0.02,1000,3,rosenbrock,63,0.004475831985473633,-1.117071509361267,0.49861428141593933,0.0,0.32741686701774597,0.01615365967154503,0.2985031008720398,0.1335543394088745
rosenbrock,1.0,2,cholesky,5,score_function,8192,0.02,1000,3,rosenbrock,64,0.004454851150512695,-1.116477608680725,0.6534692049026489,0.0,0.29142671823501587,0.021476974710822105,0.20194470882415771,0.20901340246200562
rosenbrock,1.0,2,cholesky,5,score_function,8192,0.02,1000,3,rosenbrock,65,0.011956930160522461,-1.1187876462936401,0.609175443649292,0.0,0.20832312107086182,0.02281130850315094,0.15319982171058655,0.1393125355243683
rosenbrock,1.0,2,cholesky,5,score_function,8192,0.02,1000,3,rosenbrock,66,0.0111541748046875,-1.1117713451385498,0.6251592040061951,0.0,0.28490570187568665,0.022449906915426254,0.18538181483745575,0.21517632901668549
rosenbrock,1.0,2,cholesky,5,score_function,8192,0.02,1000,3,rosenbrock,67,0.012754201889038086,-1.1037437915802002,0.640567421913147,0.0,0.25184547901153564,0.02155137248337269,0.18093205988407135,0.17385418713092804
rosenbrock,1.0,2,cholesky,5,score_function,8192,0.02,1000,3,rosenbrock,68,0.004488229751586914,-1.1034603118896484,0.4993669390678406,0.0,0.27096131443977356,0.02336132526397705,0.2314966320991516,0.1388653665781021
rosenbrock,1.0,2,cholesky,5,score_function,8192,0.02,1000,3,rosenbrock,69,0.005204916000366211,-1.0964577198028564,0.5905579328536987,0.0,0.2428194135427475,0.017501892521977425,0.18598920106887817,0.15512242913246155
rosenbrock,1.0,2,cholesky,5,score_function,8192,0.02,1000,3,rosenbrock,70,0.00645899772644043,-1.0861282348632812,0.8073408603668213,0.0,0.39948803186416626,0.026881732046604156,0.2369336038827896,0.32051602005958557
rosenbrock,1.0,2,cholesky,5,score_function,8192,0.02,1000,3,rosenbrock,71,0.004579782485961914,-1.0838218927383423,0.5625861287117004,0.0,0.2092122584581375,0.019716842100024223,0.17698103189468384,0.10981228202581406
rosenbrock,1.0,2,cholesky,5,score_function,8192,0.02,1000,3,rosenbrock,72,0.004361867904663086,-1.0858839750289917,0.552852988243103,0.0,0.24004045128822327,0.028990769758820534,0.20973235368728638,0.11309859156608582
rosenbrock,1.0,2,cholesky,5,score_function,8192,0.02,1000,3,rosenbrock,73,0.004380941390991211,-1.077863335609436,0.5579541325569153,0.0,0.22087451815605164,0.020312322303652763,0.15247008204460144,0.15851132571697235
rosenbrock,1.0,2,cholesky,5,score_function,8192,0.02,1000,3,rosenbrock,74,0.004332780838012695,-1.0774286985397339,0.6019079089164734,0.0,0.3066568672657013,0.025044184178113937,0.17394395172595978,0.25130602717399597
rosenbrock,1.0,2,cholesky,5,score_function,8192,0.02,1000,3,rosenbrock,75,0.004308223724365234,-1.0738303661346436,0.5267115235328674,0.0,0.18934059143066406,0.02745247259736061,0.15732479095458984,0.10171099752187729
rosenbrock,1.0,2,cholesky,5,score_function,8192,0.02,1000,3,rosenbrock,76,0.0043201446533203125,-1.0850783586502075,0.6567073464393616,0.0,0.2507697641849518,0.03070884570479393,0.2112427055835724,0.131601482629776
rosenbrock,1.0,2,cholesky,5,score_function,8192,0.02,1000,3,rosenbrock,77,0.004348039627075195,-1.0567007064819336,0.5718727111816406,0.0,0.22397086024284363,0.028359942138195038,0.1760622262954712,0.13550187647342682
rosenbrock,1.0,2,cholesky,5,score_function,8192,0.02,1000,3,rosenbrock,78,0.004385709762573242,-1.067724585533142,0.6008111834526062,0.0,0.19804751873016357,0.025362221524119377,0.15117891132831573,0.12539741396903992
rosenbrock,1.0,2,cholesky,5,score_function,8192,0.02,1000,3,rosenbrock,79,0.004457950592041016,-1.0570036172866821,0.5864184498786926,0.0,0.2179533690214157,0.017201565206050873,0.17032545804977417,0.13489627838134766
rosenbrock,1.0,2,cholesky,5,score_function,8192,0.02,1000,3,rosenbrock,80,0.004426002502441406,-1.0622732639312744,0.6472114324569702,0.0,0.3603615164756775,0.023042041808366776,0.188422292470932,0.30631113052368164
rosenbrock,1.0,2,cholesky,5,score_function,8192,0.02,1000,3,rosenbrock,81,0.004351139068603516,-1.0565937757492065,0.5912998914718628,0.0,0.2227327525615692,0.01781999133527279,0.17661385238170624,0.1345357745885849
rosenbrock,1.0,2,cholesky,5,score_function,8192,0.02,1000,3,rosenbrock,82,0.004318952560424805,-1.041524887084961,0.561108410358429,0.0,0.21491238474845886,0.010082174092531204,0.16754795610904694,0.1342138797044754
rosenbrock,1.0,2,cholesky,5,score_function,8192,0.02,1000,3,rosenbrock,83,0.004321098327636719,-1.0431278944015503,0.5224887728691101,0.0,0.23518452048301697,0.018989449366927147,0.20918937027454376,0.10578732937574387
rosenbrock,1.0,2,cholesky,5,score_function,8192,0.02,1000,3,rosenbrock,84,0.00431513786315918,-1.034143090248108,0.5662617683410645,0.0,0.22437244653701782,0.015361920930445194,0.19805295765399933,0.10431698709726334
rosenbrock,1.0,2,cholesky,5,score_function,8192,0.02,1000,3,rosenbrock,85,0.004316806793212891,-1.0372347831726074,0.6036027073860168,0.0,0.27533796429634094,0.01924426294863224,0.22314999997615814,0.16013969480991364
rosenbrock,1.0,2,cholesky,5,score_function,8192,0.02,1000,3,rosenbrock,86,0.0043070316314697266,-1.0265824794769287,0.5542764067649841,0.0,0.23672719299793243,0.02160465717315674,0.21581363677978516,0.09485498815774918
rosenbrock,1.0,2,cholesky,5,score_function,8192,0.02,1000,3,rosenbrock,87,0.004311084747314453,-1.0290024280548096,0.5800899267196655,0.0,0.2544165551662445,0.022756043821573257,0.15197403728961945,0.20276546478271484
rosenbrock,1.0,2,cholesky,5,score_function,8192,0.02,1000,3,rosenbrock,88,0.004303693771362305,-1.0281906127929688,0.5653587579727173,0.0,0.25777748227119446,0.01628776825964451,0.17578579485416412,0.18783847987651825
rosenbrock,1.0,2,cholesky,5,score_function,8192,0.02,1000,3,rosenbrock,89,0.004320859909057617,-1.0231183767318726,0.5545744895935059,0.0,0.2213297039270401,0.016912594437599182,0.18847604095935822,0.11479365825653076
rosenbrock,1.0,2,cholesky,5,score_function,8192,0.02,1000,3,rosenbrock,90,0.004317283630371094,-1.0306285619735718,0.6248834133148193,0.0,0.25062841176986694,0.019640730693936348,0.18672454357147217,0.1660204380750656
rosenbrock,1.0,2,cholesky,5,score_function,8192,0.02,1000,3,rosenbrock,91,0.004300832748413086,-1.0139436721801758,0.5639066696166992,0.0,0.18614523112773895,0.013073918409645557,0.1521095633506775,0.1064978688955307
rosenbrock,1.0,2,cholesky,5,score_function,8192,0.02,1000,3,rosenbrock,92,0.004312038421630859,-1.0182338953018188,0.539625346660614,0.0,0.19131995737552643,0.024676669389009476,0.17172175645828247,0.08065995573997498
rosenbrock,1.0,2,cholesky,5,score_function,8192,0.02,1000,3,rosenbrock,93,0.004305124282836914,-1.0080031156539917,0.5538306832313538,0.0,0.20269368588924408,0.012425395660102367,0.17138780653476715,0.10750146955251694
rosenbrock,1.0,2,cholesky,5,score_function,8192,0.02,1000,3,rosenbrock,94,0.0042989253997802734,-1.015001893043518,0.6710569262504578,0.0,0.27790239453315735,0.019710514694452286,0.15271387994289398,0.23134326934814453
rosenbrock,1.0,2,cholesky,5,score_function,8192,0.02,1000,3,rosenbrock,95,0.004413127899169922,-1.0129855871200562,0.5586658716201782,0.0,0.2055942863225937,0.011160997673869133,0.16708853840827942,0.11927222460508347
rosenbrock,1.0,2,cholesky,5,score_function,8192,0.02,1000,3,rosenbrock,96,0.00441288948059082,-1.001417875289917,0.5277794003486633,0.0,0.21663624048233032,0.018913432955741882,0.18062575161457062,0.11810115724802017
rosenbrock,1.0,2,cholesky,5,score_function,8192,0.02,1000,3,rosenbrock,97,0.004395008087158203,-1.0116842985153198,0.6226946711540222,0.0,0.22328101098537445,0.01539745181798935,0.18478304147720337,0.12438876181840897
rosenbrock,1.0,2,cholesky,5,score_function,8192,0.02,1000,3,rosenbrock,98,0.004377126693725586,-0.9979841709136963,0.5451275110244751,0.0,0.24572065472602844,0.01904488168656826,0.21710649132728577,0.11349321156740189
rosenbrock,1.0,2,cholesky,5,score_function,8192,0.02,1000,3,rosenbrock,99,0.0044040679931640625,-1.0057884454727173,0.6329166889190674,0.0,0.2917499542236328,0.018398620188236237,0.203203946352005,0.20853698253631592
rosenbrock,1.0,2,cholesky,5,score_function,8192,0.02,1000,3,rosenbrock,100,0.004549980163574219,-0.9856147766113281,0.5564525127410889,0.0,0.22342628240585327,0.013588254339993,0.1998249739408493,0.09901843219995499
rosenbrock,1.0,2,cholesky,5,score_function,8192,0.02,1000,3,rosenbrock,101,0.00436091423034668,-0.9814470410346985,0.5440195798873901,0.0,0.1992214471101761,0.012843525037169456,0.15212039649486542,0.12799851596355438
rosenbrock,1.0,2,cholesky,5,score_function,8192,0.02,1000,3,rosenbrock,102,0.004286766052246094,-0.9820271730422974,0.5657162666320801,0.0,0.23364801704883575,0.00845691654831171,0.15064126253128052,0.17840148508548737
rosenbrock,1.0,2,cholesky,5,score_function,8192,0.02,1000,3,rosenbrock,103,0.004616975784301758,-0.9830809831619263,0.5488300323486328,0.0,0.17347949743270874,0.01589874178171158,0.16393785178661346,0.05446788668632507
rosenbrock,1.0,2,cholesky,5,score_function,8192,0.02,1000,3,rosenbrock,104,0.00439906120300293,-0.9809160828590393,0.5552276372909546,0.0,0.21444177627563477,0.014736412093043327,0.1705019474029541,0.12921763956546783
rosenbrock,1.0,2,cholesky,5,score_function,8192,0.02,1000,3,rosenbrock,105,0.004354000091552734,-0.9904474020004272,0.6324470639228821,0.0,0.2723778784275055,0.005377428140491247,0.2446816861629486,0.11954772472381592
rosenbrock,1.0,2,cholesky,5,score_function,8192,0.02,1000,3,rosenbrock,106,0.004330158233642578,-0.969126284122467,0.5402397513389587,0.0,0.22397173941135406,0.00902413297444582,0.20232069492340088,0.095646433532238
rosenbrock,1.0,2,cholesky,5,score_function,8192,0.02,1000,3,rosenbrock,107,0.004364013671875,-0.9629934430122375,0.5879790186882019,0.0,0.2463037371635437,0.011545538902282715,0.18086519837379456,0.1667933166027069
rosenbrock,1.0,2,cholesky,5,score_function,8192,0.02,1000,3,rosenbrock,108,0.004342079162597656,-0.9676674604415894,0.5899303555488586,0.0,0.21542876958847046,0.015743952244520187,0.15458504855632782,0.14921510219573975
rosenbrock,1.0,2,cholesky,5,score_function,8192,0.02,1000,3,rosenbrock,109,0.004327058792114258,-0.9525473117828369,0.5150980353355408,0.0,0.25927412509918213,0.008614499121904373,0.1486944556236267,0.21222348511219025
rosenbrock,1.0,2,cholesky,5,score_function,8192,0.02,1000,3,rosenbrock,110,0.004353761672973633,-0.9646013975143433,0.5570577383041382,0.0,0.23083309829235077,0.007232284173369408,0.2090042233467102,0.09771818667650223
rosenbrock,1.0,2,cholesky,5,score_function,8192,0.02,1000,3,rosenbrock,111,0.004327058792114258,-0.9572731852531433,0.5671507120132446,0.0,0.23533889651298523,0.01766285113990307,0.1918163001537323,0.13519957661628723
rosenbrock,1.0,2,cholesky,5,score_function,8192,0.02,1000,3,rosenbrock,112,0.00432896614074707,-0.9528284668922424,0.6377593874931335,0.0,0.25069108605384827,0.011979312635958195,0.19860199093818665,0.15251150727272034
rosenbrock,1.0,2,cholesky,5,score_function,8192,0.02,1000,3,rosenbrock,113,0.004343986511230469,-0.9598652720451355,0.6170971393585205,0.0,0.24493595957756042,0.013190685771405697,0.18434572219848633,0.16073666512966156
rosenbrock,1.0,2,cholesky,5,score_function,8192,0.02,1000,3,rosenbrock,114,0.004357099533081055,-0.9400377869606018,0.6335397362709045,0.0,0.22625574469566345,0.011496842838823795,0.20581291615962982,0.09327659010887146
rosenbrock,1.0,2,cholesky,5,score_function,8192,0.02,1000,3,rosenbrock,115,0.004364013671875,-0.9394570589065552,0.5762842893600464,0.0,0.2332007735967636,0.009297718293964863,0.21054024994373322,0.09984465688467026
rosenbrock,1.0,2,cholesky,5,score_function,8192,0.02,1000,3,rosenbrock,116,0.004351139068603516,-0.9466829895973206,0.6439746618270874,0.0,0.24206413328647614,0.011120928451418877,0.19516921043395996,0.142759770154953
rosenbrock,1.0,2,cholesky,5,score_function,8192,0.02,1000,3,rosenbrock,117,0.004340171813964844,-0.9421404600143433,0.5593467950820923,0.0,0.2014550268650055,0.009777732193470001,0.16719259321689606,0.11196056008338928
rosenbrock,1.0,2,cholesky,5,score_function,8192,0.02,1000,3,rosenbrock,118,0.004338979721069336,-0.9426090121269226,0.6263909935951233,0.0,0.2963724732398987,0.019032210111618042,0.26629170775413513,0.12869785726070404
rosenbrock,1.0,2,cholesky,5,score_function,8192,0.02,1000,3,rosenbrock,119,0.0043599605560302734,-0.9196904301643372,0.5303776264190674,0.0,0.20941707491874695,0.013178477063775063,0.15596574544906616,0.139127716422081
rosenbrock,1.0,2,cholesky,5,score_function,8192,0.02,1000,3,rosenbrock,120,0.004662990570068359,-0.9289568662643433,0.5648781657218933,0.0,0.2870717942714691,0.009624139405786991,0.26341134309768677,0.11371910572052002
rosenbrock,1.0,2,cholesky,5,score_function,8192,0.02,1000,3,rosenbrock,121,0.004580020904541016,-0.9241558313369751,0.5029236078262329,0.0,0.22151091694831848,0.01593209058046341,0.15129272639751434,0.16100859642028809
rosenbrock,1.0,2,cholesky,5,score_function,8192,0.02,1000,3,rosenbrock,122,0.0047338008880615234,-0.9168403744697571,0.4838959276676178,0.0,0.17858800292015076,0.014080345630645752,0.13388259708881378,0.11734936386346817
rosenbrock,1.0,2,cholesky,5,score_function,8192,0.02,1000,3,rosenbrock,123,0.004844188690185547,-0.9095661640167236,0.49198776483535767,0.0,0.17891734838485718,0.010199404321610928,0.15319737792015076,0.09185830503702164
rosenbrock,1.0,2,cholesky,5,score_function,8192,0.02,1000,3,rosenbrock,124,0.004881858825683594,-0.906460165977478,0.5174622535705566,0.0,0.18270288407802582,0.010569087229669094,0.15019388496875763,0.10349120199680328
rosenbrock,1.0,2,cholesky,5,score_function,8192,0.02,1000,3,rosenbrock,125,0.004829883575439453,-0.9129369258880615,0.5014596581459045,0.0,0.23805265128612518,0.018708880990743637,0.21135558187961578,0.10792528092861176
rosenbrock,1.0,2,cholesky,5,score_function,8192,0.02,1000,3,rosenbrock,126,0.00459599494934082,-0.9097962379455566,0.5827575922012329,0.0,0.38945040106773376,0.012473066337406635,0.32896095514297485,0.2080882042646408
rosenbrock,1.0,2,cholesky,5,score_function,8192,0.02,1000,3,rosenbrock,127,0.0045621395111083984,-0.9056424498558044,0.5013154745101929,0.0,0.199187234044075,0.014839889481663704,0.16878029704093933,0.10473080724477768
rosenbrock,1.0,2,cholesky,5,score_function,8192,0.02,1000,3,rosenbrock,128,0.004563331604003906,-0.8921611905097961,0.48054808378219604,0.0,0.17503245174884796,0.0062407925724983215,0.15458501875400543,0.08185892552137375
rosenbrock,1.0,2,cholesky,5,score_function,8192,0.02,1000,3,rosenbrock,129,0.004888772964477539,-0.8913702368736267,0.5014517307281494,0.0,0.23876582086086273,0.014837169088423252,0.1849450170993805,0.15028075873851776
rosenbrock,1.0,2,cholesky,5,score_function,8192,0.02,1000,3,rosenbrock,130,0.004518270492553711,-0.9013544321060181,0.5008982419967651,0.0,0.25965312123298645,0.012291629798710346,0.25026071071624756,0.06810464709997177
rosenbrock,1.0,2,cholesky,5,score_function,8192,0.02,1000,3,rosenbrock,131,0.00496673583984375,-0.8919225335121155,0.518773078918457,0.0,0.22681239247322083,0.006592353340238333,0.2045932114124298,0.09768326580524445
rosenbrock,1.0,2,cholesky,5,score_function,8192,0.02,1000,3,rosenbrock,132,0.0046389102935791016,-0.8851866722106934,0.5170773267745972,0.0,0.1781187355518341,0.01735532656311989,0.16247035562992096,0.07091166824102402
rosenbrock,1.0,2,cholesky,5,score_function,8192,0.02,1000,3,rosenbrock,133,0.004526853561401367,-0.8865597248077393,0.5473564267158508,0.0,0.27092382311820984,0.02112363837659359,0.204375222325325,0.1765907257795334
rosenbrock,1.0,2,cholesky,5,score_function,8192,0.02,1000,3,rosenbrock,134,0.004529237747192383,-0.878618597984314,0.5237239003181458,0.0,0.247170090675354,0.011759630404412746,0.23059776425361633,0.08820109814405441
rosenbrock,1.0,2,cholesky,5,score_function,8192,0.02,1000,3,rosenbrock,135,0.004561185836791992,-0.8819338083267212,0.5881068110466003,0.0,0.1960882842540741,0.017391182482242584,0.1469419002532959,0.12867103517055511
rosenbrock,1.0,2,cholesky,5,score_function,8192,0.02,1000,3,rosenbrock,136,0.0045528411865234375,-0.8816481232643127,0.5104424953460693,0.0,0.2597534656524658,0.0073580751195549965,0.21126243472099304,0.15094998478889465
rosenbrock,1.0,2,cholesky,5,score_function,8192,0.02,1000,3,rosenbrock,137,0.004419803619384766,-0.8900017738342285,0.7047159671783447,0.0,0.3746129870414734,0.01831638626754284,0.19109077751636505,0.32168883085250854
rosenbrock,1.0,2,cholesky,5,score_function,8192,0.02,1000,3,rosenbrock,138,0.004405975341796875,-0.8854148387908936,0.5816999673843384,0.0,0.33575358986854553,0.013818948529660702,0.1814286857843399,0.2821757197380066
rosenbrock,1.0,2,cholesky,5,score_function,8192,0.02,1000,3,rosenbrock,139,0.0044097900390625,-0.8767387866973877,0.5474939346313477,0.0,0.23971286416053772,0.005045743193477392,0.1481720507144928,0.18836623430252075
rosenbrock,1.0,2,cholesky,5,score_function,8192,0.02,1000,3,rosenbrock,140,0.0044171810150146484,-0.8708076477050781,0.4809114336967468,0.0,0.17061375081539154,0.011196346022188663,0.12451077997684479,0.11610667407512665
rosenbrock,1.0,2,cholesky,5,score_function,8192,0.02,1000,3,rosenbrock,141,0.0043811798095703125,-0.8759498596191406,0.4603407680988312,0.0,0.30278918147087097,0.006858185864984989,0.17676211893558502,0.2457425594329834
rosenbrock,1.0,2,cholesky,5,score_function,8192,0.02,1000,3,rosenbrock,142,0.004391908645629883,-0.8605032563209534,0.5006641745567322,0.0,0.22774821519851685,0.007690650876611471,0.15725882351398468,0.16455930471420288
rosenbrock,1.0,2,cholesky,5,score_function,8192,0.02,1000,3,rosenbrock,143,0.0043792724609375,-0.8639607429504395,0.5134124755859375,0.0,0.2253548949956894,0.013304242864251137,0.1295427531003952,0.18391983211040497
rosenbrock,1.0,2,cholesky,5,score_function,8192,0.02,1000,3,rosenbrock,144,0.004410982131958008,-0.8767350912094116,0.5238218307495117,0.0,0.20805659890174866,0.01262571569532156,0.12747199833393097,0.16394823789596558
rosenbrock,1.0,2,cholesky,5,score_function,8192,0.02,1000,3,rosenbrock,145,0.004403829574584961,-0.8571351766586304,0.43175768852233887,0.0,0.25480327010154724,0.011424455791711807,0.16466395556926727,0.19411328434944153
rosenbrock,1.0,2,cholesky,5,score_function,8192,0.02,1000,3,rosenbrock,146,0.0044019222259521484,-0.8580276370048523,0.5139926671981812,0.0,0.22459229826927185,0.008183474652469158,0.10961415618658066,0.19585570693016052
rosenbrock,1.0,2,cholesky,5,score_function,8192,0.02,1000,3,rosenbrock,147,0.004356861114501953,-0.860793948173523,0.5087336897850037,0.0,0.21602442860603333,0.011551754549145699,0.16888447105884552,0.1342056542634964
rosenbrock,1.0,2,cholesky,5,score_function,8192,0.02,1000,3,rosenbrock,148,0.004373073577880859,-0.8474041223526001,0.47149214148521423,0.0,0.22873540222644806,0.011420797556638718,0.20594611763954163,0.09887189418077469
rosenbrock,1.0,2,cholesky,5,score_function,8192,0.02,1000,3,rosenbrock,149,0.00439000129699707,-0.8521888852119446,0.4851591885089874,0.0,0.16755050420761108,0.005328064318746328,0.13468456268310547,0.09952310472726822
rosenbrock,1.0,2,cholesky,5,score_function,8192,0.02,1000,3,rosenbrock,150,0.004364013671875,-0.8480163216590881,0.4775873124599457,0.0,0.2162986695766449,0.006885132286697626,0.16071882843971252,0.14459310472011566
rosenbrock,1.0,2,cholesky,5,score_function,8192,0.02,1000,3,rosenbrock,151,0.00438380241394043,-0.8499626517295837,0.5173481106758118,0.0,0.2473747879266739,0.007452262565493584,0.23290646076202393,0.08302602916955948
rosenbrock,1.0,2,cholesky,5,score_function,8192,0.02,1000,3,rosenbrock,152,0.0043849945068359375,-0.8368237018585205,0.45034196972846985,0.0,0.2061128169298172,0.005124411545693874,0.16917109489440918,0.11763237416744232
rosenbrock,1.0,2,cholesky,5,score_function,8192,0.02,1000,3,rosenbrock,153,0.004385948181152344,-0.8447667360305786,0.5328806042671204,0.0,0.22637012600898743,0.005040574353188276,0.16604621708393097,0.15377475321292877
rosenbrock,1.0,2,cholesky,5,score_function,8192,0.02,1000,3,rosenbrock,154,0.004380226135253906,-0.8424731492996216,0.46806615591049194,0.0,0.21984611451625824,0.007960561662912369,0.19974260032176971,0.0914977565407753
rosenbrock,1.0,2,cholesky,5,score_function,8192,0.02,1000,3,rosenbrock,155,0.004372835159301758,-0.8445404171943665,0.557012140750885,0.0,0.21176102757453918,0.008234343491494656,0.16490429639816284,0.1325952410697937
rosenbrock,1.0,2,cholesky,5,score_function,8192,0.02,1000,3,rosenbrock,156,0.0043718814849853516,-0.8514173030853271,0.5641701817512512,0.0,0.3075413405895233,0.009235781617462635,0.216169074177742,0.21855732798576355
rosenbrock,1.0,2,cholesky,5,score_function,8192,0.02,1000,3,rosenbrock,157,0.00437474250793457,-0.8376938104629517,0.47608351707458496,0.0,0.35637450218200684,0.010286308825016022,0.29718753695487976,0.19640915095806122
rosenbrock,1.0,2,cholesky,5,score_function,8192,0.02,1000,3,rosenbrock,158,0.0043718814849853516,-0.8309246301651001,0.4763452708721161,0.0,0.29654446244239807,0.009296919219195843,0.26238933205604553,0.13785500824451447
rosenbrock,1.0,2,cholesky,5,score_function,8192,0.02,1000,3,rosenbrock,159,0.004381895065307617,-0.8318007588386536,0.41650572419166565,0.0,0.20872651040554047,0.010213366709649563,0.16870495676994324,0.12247887998819351
rosenbrock,1.0,2,cholesky,5,score_function,8192,0.02,1000,3,rosenbrock,160,0.004389047622680664,-0.8271313905715942,0.44491249322891235,0.0,0.28328001499176025,0.010395425371825695,0.2587418556213379,0.11485704779624939
rosenbrock,1.0,2,cholesky,5,score_function,8192,0.02,1000,3,rosenbrock,161,0.0043888092041015625,-0.825600266456604,0.4333593547344208,0.0,0.1990608423948288,0.008082355372607708,0.17667533457279205,0.09135491400957108
rosenbrock,1.0,2,cholesky,5,score_function,8192,0.02,1000,3,rosenbrock,162,0.004391908645629883,-0.8214518427848816,0.4257390797138214,0.0,0.18076494336128235,0.007812166586518288,0.1538519561290741,0.0945754274725914
rosenbrock,1.0,2,cholesky,5,score_function,8192,0.02,1000,3,rosenbrock,163,0.004384040832519531,-0.8220481872558594,0.4485011100769043,0.0,0.3439860939979553,0.00742077361792326,0.32517150044441223,0.1119590625166893
rosenbrock,1.0,2,cholesky,5,score_function,8192,0.02,1000,3,rosenbrock,164,0.004394054412841797,-0.8179998397827148,0.47238966822624207,0.0,0.32457438111305237,0.014281773008406162,0.2791299819946289,0.16501817107200623
rosenbrock,1.0,2,cholesky,5,score_function,8192,0.02,1000,3,rosenbrock,165,0.004377841949462891,-0.8224273324012756,0.47774508595466614,0.0,0.19495242834091187,0.00838079396635294,0.17017623782157898,0.09474316239356995
rosenbrock,1.0,2,cholesky,5,score_function,8192,0.02,1000,3,rosenbrock,166,0.004400968551635742,-0.8254803419113159,0.5524939298629761,0.0,0.4008246660232544,0.008610296063125134,0.353118360042572,0.18945643305778503
rosenbrock,1.0,2,cholesky,5,score_function,8192,0.02,1000,3,rosenbrock,167,0.004395008087158203,-0.8317302465438843,0.5114396810531616,0.0,0.3166462182998657,0.012305477634072304,0.2790851593017578,0.14908012747764587
rosenbrock,1.0,2,cholesky,5,score_function,8192,0.02,1000,3,rosenbrock,168,0.004373073577880859,-0.8117711544036865,0.5101030468940735,0.0,0.1641787886619568,0.009766961447894573,0.13440954685211182,0.09377288073301315
rosenbrock,1.0,2,cholesky,5,score_function,8192,0.02,1000,3,rosenbrock,169,0.0043621063232421875,-0.8146783709526062,0.48706671595573425,0.0,0.3122904300689697,0.00592061085626483,0.2758347690105438,0.14630594849586487
rosenbrock,1.0,2,cholesky,5,score_function,8192,0.02,1000,3,rosenbrock,170,0.004392862319946289,-0.8194547295570374,0.5272743701934814,0.0,0.41345828771591187,0.010339521802961826,0.3872048854827881,0.14461399614810944
rosenbrock,1.0,2,cholesky,5,score_function,8192,0.02,1000,3,rosenbrock,171,0.004364013671875,-0.815747857093811,0.5818090438842773,0.0,0.2782692313194275,0.006070840172469616,0.23274651169776917,0.15240062773227692
rosenbrock,1.0,2,cholesky,5,score_function,8192,0.02,1000,3,rosenbrock,172,0.004397153854370117,-0.8165487051010132,0.4968455731868744,0.0,0.16820237040519714,0.01063867099583149,0.12128374725580215,0.11605647951364517
rosenbrock,1.0,2,cholesky,5,score_function,8192,0.02,1000,3,rosenbrock,173,0.004360198974609375,-0.8043952584266663,0.5397313833236694,0.0,0.3816319704055786,0.006505446974188089,0.3532705008983612,0.1442241668701172
rosenbrock,1.0,2,cholesky,5,score_function,8192,0.02,1000,3,rosenbrock,174,0.004380226135253906,-0.8141517639160156,0.5287268757820129,0.0,0.27487459778785706,0.013334670104086399,0.2228369116783142,0.16038061678409576
rosenbrock,1.0,2,cholesky,5,score_function,8192,0.02,1000,3,rosenbrock,175,0.004374980926513672,-0.8031982183456421,0.4796425998210907,0.0,0.32168105244636536,0.0060213226824998856,0.26744866371154785,0.17864394187927246
rosenbrock,1.0,2,cholesky,5,score_function,8192,0.02,1000,3,rosenbrock,176,0.004366159439086914,-0.7958663105964661,0.4714306890964508,0.0,0.21559254825115204,0.011054138652980328,0.11664696782827377,0.180973619222641
rosenbrock,1.0,2,cholesky,5,score_function,8192,0.02,1000,3,rosenbrock,177,0.004374980926513672,-0.8054660558700562,0.45821768045425415,0.0,0.2313661128282547,0.010161886923015118,0.18630750477313995,0.1368083357810974
rosenbrock,1.0,2,cholesky,5,score_function,8192,0.02,1000,3,rosenbrock,178,0.004378080368041992,-0.8052979111671448,0.4718024730682373,0.0,0.300849974155426,0.01732964813709259,0.28440552949905396,0.09656026214361191
rosenbrock,1.0,2,cholesky,5,score_function,8192,0.02,1000,3,rosenbrock,179,0.004395008087158203,-0.7956472039222717,0.4148412346839905,0.0,0.2533617317676544,0.006786523386836052,0.2039610743522644,0.1501532644033432
rosenbrock,1.0,2,cholesky,5,score_function,8192,0.02,1000,3,rosenbrock,180,0.004369974136352539,-0.7930727601051331,0.4432222545146942,0.0,0.1783500462770462,0.005915937013924122,0.11133930832147598,0.13920237123966217
rosenbrock,1.0,2,cholesky,5,score_function,8192,0.02,1000,3,rosenbrock,181,0.004400730133056641,-0.788345456123352,0.6037144064903259,0.0,0.3680775463581085,0.007615380920469761,0.25001901388168335,0.2700251638889313
rosenbrock,1.0,2,cholesky,5,score_function,8192,0.02,1000,3,rosenbrock,182,0.004409074783325195,-0.7908993363380432,0.42012307047843933,0.0,0.17683720588684082,0.006739105563610792,0.14602729678153992,0.09950883686542511
rosenbrock,1.0,2,cholesky,5,score_function,8192,0.02,1000,3,rosenbrock,183,0.0044460296630859375,-0.784240186214447,0.5516865253448486,0.0,0.20205408334732056,0.008307251147925854,0.13678456842899323,0.14848175644874573
rosenbrock,1.0,2,cholesky,5,score_function,8192,0.02,1000,3,rosenbrock,184,0.0043828487396240234,-0.7923775911331177,0.4539497196674347,0.0,0.15027305483818054,0.005930385086685419,0.11404545605182648,0.09767525643110275
rosenbrock,1.0,2,cholesky,5,score_function,8192,0.02,1000,3,rosenbrock,185,0.004532814025878906,-0.7853899002075195,0.4538162350654602,0.0,0.2010282427072525,0.009053120389580727,0.15349383652210236,0.1294991672039032
rosenbrock,1.0,2,cholesky,5,score_function,8192,0.02,1000,3,rosenbrock,186,0.004497051239013672,-0.7932817935943604,0.49218863248825073,0.0,0.22262606024742126,0.007624495308846235,0.1719311624765396,0.14122289419174194
rosenbrock,1.0,2,cholesky,5,score_function,8192,0.02,1000,3,rosenbrock,187,0.00450587272644043,-0.7781071066856384,0.44458287954330444,0.0,0.21726985275745392,0.008724386803805828,0.16281858086585999,0.14359727501869202
rosenbrock,1.0,2,cholesky,5,score_function,8192,0.02,1000,3,rosenbrock,188,0.004490852355957031,-0.7823516726493835,0.4708411991596222,0.0,0.2815190851688385,0.006247415207326412,0.2545977234840393,0.11997483670711517
rosenbrock,1.0,2,cholesky,5,score_function,8192,0.02,1000,3,rosenbrock,189,0.0044879913330078125,-0.784500002861023,0.4721978008747101,0.0,0.25110194087028503,0.011538023129105568,0.2098473310470581,0.1374160349369049
rosenbrock,1.0,2,cholesky,5,score_function,8192,0.02,1000,3,rosenbrock,190,0.004477024078369141,-0.7782106399536133,0.5710522532463074,0.0,0.14135314524173737,0.0071699293330311775,0.10333634167909622,0.09618160873651505
rosenbrock,1.0,2,cholesky,5,score_function,8192,0.02,1000,3,rosenbrock,191,0.004479885101318359,-0.7714566588401794,0.45415955781936646,0.0,0.24128875136375427,0.002936369040980935,0.08631312102079391,0.2253035306930542
rosenbrock,1.0,2,cholesky,5,score_function,8192,0.02,1000,3,rosenbrock,192,0.0044591426849365234,-0.7870708107948303,0.5259063243865967,0.0,0.32650303840637207,0.0027953628450632095,0.2802965044975281,0.16742251813411713
rosenbrock,1.0,2,cholesky,5,score_function,8192,0.02,1000,3,rosenbrock,193,0.004509925842285156,-0.7822676301002502,0.5068720579147339,0.0,0.23421545326709747,0.010004469193518162,0.16081546247005463,0.1699858158826828
rosenbrock,1.0,2,cholesky,5,score_function,8192,0.02,1000,3,rosenbrock,194,0.0044727325439453125,-0.7871701121330261,0.48048216104507446,0.0,0.23021908104419708,0.009910059161484241,0.19315044581890106,0.1248820424079895
rosenbrock,1.0,2,cholesky,5,score_function,8192,0.02,1000,3,rosenbrock,195,0.004466056823730469,-0.7803676724433899,0.5540502667427063,0.0,0.17980770766735077,0.010395698249340057,0.1518867015838623,0.09567219763994217
rosenbrock,1.0,2,cholesky,5,score_function,8192,0.02,1000,3,rosenbrock,196,0.004467964172363281,-0.7724108099937439,0.49871164560317993,0.0,0.18981216847896576,0.0026215212419629097,0.12468492984771729,0.14309246838092804
rosenbrock,1.0,2,cholesky,5,score_function,8192,0.02,1000,3,rosenbrock,197,0.00446629524230957,-0.7698488831520081,0.5068343877792358,0.0,0.1900666058063507,0.006016819272190332,0.09118173271417618,0.16665835678577423
rosenbrock,1.0,2,cholesky,5,score_function,8192,0.02,1000,3,rosenbrock,198,0.0044708251953125,-0.7675771117210388,0.5040980577468872,0.0,0.22921501100063324,0.008087700232863426,0.11753569543361664,0.1966201364994049
rosenbrock,1.0,2,cholesky,5,score_function,8192,0.02,1000,3,rosenbrock,199,0.004456043243408203,-0.7696338891983032,0.4440580904483795,0.0,0.2208673506975174,0.0015162300551310182,0.19020351767539978,0.1122618168592453
rosenbrock,1.0,2,cholesky,5,score_function,8192,0.02,1000,3,rosenbrock,200,0.004458904266357422,-0.7555779814720154,0.42094677686691284,0.0,0.15852944552898407,0.00726527813822031,0.11553488671779633,0.10830739885568619
rosenbrock,1.0,2,cholesky,5,score_function,8192,0.02,1000,3,rosenbrock,201,0.0044727325439453125,-0.7645681500434875,0.47693750262260437,0.0,0.19613158702850342,0.00991917122155428,0.1294337958097458,0.14702418446540833
rosenbrock,1.0,2,cholesky,5,score_function,8192,0.02,1000,3,rosenbrock,202,0.004464149475097656,-0.7669814229011536,0.5343124270439148,0.0,0.2826812267303467,0.011328122578561306,0.21387965977191925,0.18448801338672638
rosenbrock,1.0,2,cholesky,5,score_function,8192,0.02,1000,3,rosenbrock,203,0.0044460296630859375,-0.7707307934761047,0.5038759708404541,0.0,0.18753477931022644,0.007964130491018295,0.12350844591856003,0.14089547097682953
rosenbrock,1.0,2,cholesky,5,score_function,8192,0.02,1000,3,rosenbrock,204,0.004478931427001953,-0.764845073223114,0.4614374041557312,0.0,0.23445390164852142,0.012634137645363808,0.11094994843006134,0.20615313947200775
rosenbrock,1.0,2,cholesky,5,score_function,8192,0.02,1000,3,rosenbrock,205,0.00446319580078125,-0.7722867727279663,0.5056701898574829,0.0,0.24514998495578766,0.008734605275094509,0.20440593361854553,0.13505718111991882
rosenbrock,1.0,2,cholesky,5,score_function,8192,0.02,1000,3,rosenbrock,206,0.004479885101318359,-0.7585480213165283,0.4397629201412201,0.0,0.15703052282333374,0.006344321183860302,0.13034537434577942,0.08734079450368881
rosenbrock,1.0,2,cholesky,5,score_function,8192,0.02,1000,3,rosenbrock,207,0.004456996917724609,-0.7717066407203674,0.5236721038818359,0.0,0.23070697486400604,0.007293887436389923,0.1816439926624298,0.1420491486787796
rosenbrock,1.0,2,cholesky,5,score_function,8192,0.02,1000,3,rosenbrock,208,0.00446009635925293,-0.7529633045196533,0.44372862577438354,0.0,0.17478740215301514,0.005571539513766766,0.14745576679706573,0.09368237107992172
rosenbrock,1.0,2,cholesky,5,score_function,8192,0.02,1000,3,rosenbrock,209,0.004467964172363281,-0.7629802227020264,0.4775695204734802,0.0,0.21356885135173798,0.007988611236214638,0.12057800590991974,0.17609310150146484
rosenbrock,1.0,2,cholesky,5,score_function,8192,0.02,1000,3,rosenbrock,210,0.00447392463684082,-0.7535175681114197,0.44928452372550964,0.0,0.1896076202392578,0.006283996626734734,0.14608877897262573,0.12070474773645401
rosenbrock,1.0,2,cholesky,5,score_function,8192,0.02,1000,3,rosenbrock,211,0.004457950592041016,-0.7601247429847717,0.43398618698120117,0.0,0.2719014286994934,0.007547774352133274,0.22272634506225586,0.1557767242193222
rosenbrock,1.0,2,cholesky,5,score_function,8192,0.02,1000,3,rosenbrock,212,0.004462003707885742,-0.7488828897476196,0.5492650270462036,0.0,0.35322150588035583,0.005296881776303053,0.14414773881435394,0.322426438331604
rosenbrock,1.0,2,cholesky,5,score_function,8192,0.02,1000,3,rosenbrock,213,0.00446009635925293,-0.751270592212677,0.45177164673805237,0.0,0.19034422934055328,0.005360552109777927,0.13289321959018707,0.1361674964427948
rosenbrock,1.0,2,cholesky,5,score_function,8192,0.02,1000,3,rosenbrock,214,0.004473209381103516,-0.7426228523254395,0.4798923432826996,0.0,0.20290829241275787,0.013185778632760048,0.12054084986448288,0.16268931329250336
rosenbrock,1.0,2,cholesky,5,score_function,8192,0.02,1000,3,rosenbrock,215,0.004450082778930664,-0.7591917514801025,0.45342108607292175,0.0,0.26619383692741394,0.006251167040318251,0.15204448997974396,0.21840916574001312
rosenbrock,1.0,2,cholesky,5,score_function,8192,0.02,1000,3,rosenbrock,216,0.004439115524291992,-0.7562368512153625,0.4772215783596039,0.0,0.22983261942863464,0.007216555066406727,0.18408331274986267,0.13742010295391083
rosenbrock,1.0,2,cholesky,5,score_function,8192,0.02,1000,3,rosenbrock,217,0.004480123519897461,-0.7553232908248901,0.541293740272522,0.0,0.4539094567298889,0.008259337395429611,0.3273262679576874,0.3143613934516907
rosenbrock,1.0,2,cholesky,5,score_function,8192,0.02,1000,3,rosenbrock,218,0.00444793701171875,-0.7552317380905151,0.548247754573822,0.0,0.20664353668689728,0.006465966813266277,0.15232694149017334,0.13948564231395721
rosenbrock,1.0,2,cholesky,5,score_function,8192,0.02,1000,3,rosenbrock,219,0.004457950592041016,-0.7509124875068665,0.5016074776649475,0.0,0.29489022493362427,0.013714133761823177,0.24797263741493225,0.15900231897830963
rosenbrock,1.0,2,cholesky,5,score_function,8192,0.02,1000,3,rosenbrock,220,0.004513978958129883,-0.7528430223464966,0.47436776757240295,0.0,0.19851016998291016,0.00860593095421791,0.13376431167125702,0.14642176032066345
rosenbrock,1.0,2,cholesky,5,score_function,8192,0.02,1000,3,rosenbrock,221,0.004665851593017578,-0.7418352365493774,0.43254709243774414,0.0,0.24461594223976135,0.007479309104382992,0.2313697636127472,0.0790509581565857
rosenbrock,1.0,2,cholesky,5,score_function,8192,0.02,1000,3,rosenbrock,222,0.004556179046630859,-0.7431147694587708,0.5276669263839722,0.0,0.1612633764743805,0.005352682899683714,0.1101778969168663,0.11763527244329453
rosenbrock,1.0,2,cholesky,5,score_function,8192,0.02,1000,3,rosenbrock,223,0.0046460628509521484,-0.7489295601844788,0.5299073457717896,0.0,0.19525524973869324,0.008578844368457794,0.10921817272901535,0.1616242527961731
rosenbrock,1.0,2,cholesky,5,score_function,8192,0.02,1000,3,rosenbrock,224,0.004533052444458008,-0.737325131893158,0.47021573781967163,0.0,0.30416417121887207,0.008385381661355495,0.2531363368034363,0.16842660307884216
rosenbrock,1.0,2,cholesky,5,score_function,8192,0.02,1000,3,rosenbrock,225,0.004541873931884766,-0.732483983039856,0.4581899344921112,0.0,0.19450946152210236,0.007512208074331284,0.12848156690597534,0.14584232866764069
rosenbrock,1.0,2,cholesky,5,score_function,8192,0.02,1000,3,rosenbrock,226,0.00449061393737793,-0.7383294701576233,0.4372137486934662,0.0,0.2113165557384491,0.007801794447004795,0.09527041763067245,0.18846052885055542
rosenbrock,1.0,2,cholesky,5,score_function,8192,0.02,1000,3,rosenbrock,227,0.0045011043548583984,-0.7418414354324341,0.4543379843235016,0.0,0.13534818589687347,0.0031986210960894823,0.10787370055913925,0.08168333768844604
rosenbrock,1.0,2,cholesky,5,score_function,8192,0.02,1000,3,rosenbrock,228,0.004509925842285156,-0.7381115555763245,0.5451461672782898,0.0,0.2599373459815979,0.01312687061727047,0.22778770327568054,0.12453057616949081
rosenbrock,1.0,2,cholesky,5,score_function,8192,0.02,1000,3,rosenbrock,229,0.0045108795166015625,-0.7476993203163147,0.49562621116638184,0.0,0.15877772867679596,0.008983301930129528,0.12860111892223358,0.09268991649150848
rosenbrock,1.0,2,cholesky,5,score_function,8192,0.02,1000,3,rosenbrock,230,0.004518985748291016,-0.7418233752250671,0.4476471543312073,0.0,0.30058205127716064,0.009095207788050175,0.2936226427555084,0.06366002559661865
rosenbrock,1.0,2,cholesky,5,score_function,8192,0.02,1000,3,rosenbrock,231,0.004530191421508789,-0.7346230745315552,0.4428006410598755,0.0,0.31750571727752686,0.007568668574094772,0.20222273468971252,0.2446601241827011
rosenbrock,1.0,2,cholesky,5,score_function,8192,0.02,1000,3,rosenbrock,232,0.0045130252838134766,-0.7355266809463501,0.4185773432254791,0.0,0.1990627944469452,0.008520102128386497,0.1479228138923645,0.13293702900409698
rosenbrock,1.0,2,cholesky,5,score_function,8192,0.02,1000,3,rosenbrock,233,0.00460505485534668,-0.7349551916122437,0.5051813125610352,0.0,0.20652326941490173,0.008972547948360443,0.17816005647182465,0.10406894981861115
rosenbrock,1.0,2,cholesky,5,score_function,8192,0.02,1000,3,rosenbrock,234,0.004565000534057617,-0.7428492307662964,0.5135349035263062,0.0,0.27680400013923645,0.017095470800995827,0.1838120073080063,0.20625555515289307
rosenbrock,1.0,2,cholesky,5,score_function,8192,0.02,1000,3,rosenbrock,235,0.004624128341674805,-0.7231513261795044,0.4490434229373932,0.0,0.2938653230667114,0.006554598920047283,0.26014089584350586,0.1365305334329605
rosenbrock,1.0,2,cholesky,5,score_function,8192,0.02,1000,3,rosenbrock,236,0.004608154296875,-0.7248591184616089,0.4181436002254486,0.0,0.169526606798172,0.010837477631866932,0.0914720818400383,0.14231891930103302
rosenbrock,1.0,2,cholesky,5,score_function,8192,0.02,1000,3,rosenbrock,237,0.004594087600708008,-0.7283008098602295,0.5034149289131165,0.0,0.22430184483528137,0.0072887130081653595,0.1651669293642044,0.15158522129058838
rosenbrock,1.0,2,cholesky,5,score_function,8192,0.02,1000,3,rosenbrock,238,0.005082130432128906,-0.722610592842102,0.41663965582847595,0.0,0.22059156000614166,0.007059096358716488,0.18204157054424286,0.12438517063856125
rosenbrock,1.0,2,cholesky,5,score_function,8192,0.02,1000,3,rosenbrock,239,0.004699230194091797,-0.7371821999549866,0.6254567503929138,0.0,0.16892139613628387,0.004820358473807573,0.08820977807044983,0.1439799815416336
rosenbrock,1.0,2,cholesky,5,score_function,8192,0.02,1000,3,rosenbrock,240,0.005105018615722656,-0.7283403277397156,0.599341869354248,0.0,0.34897345304489136,0.0061059072613716125,0.2513301968574524,0.2420295625925064
rosenbrock,1.0,2,cholesky,5,score_function,8192,0.02,1000,3,rosenbrock,241,0.004641056060791016,-0.7223039269447327,0.4249076247215271,0.0,0.18838055431842804,0.009045957587659359,0.10971790552139282,0.15286396443843842
rosenbrock,1.0,2,cholesky,5,score_function,8192,0.02,1000,3,rosenbrock,242,0.004578113555908203,-0.729679524898529,0.5085592865943909,0.0,0.3573523759841919,0.008319265209138393,0.314971923828125,0.16859477758407593
rosenbrock,1.0,2,cholesky,5,score_function,8192,0.02,1000,3,rosenbrock,243,0.004584789276123047,-0.7311694622039795,0.4774326980113983,0.0,0.1963357776403427,0.007964479736983776,0.11887860298156738,0.1560518592596054
rosenbrock,1.0,2,cholesky,5,score_function,8192,0.02,1000,3,rosenbrock,244,0.004579067230224609,-0.7238792777061462,0.4906328320503235,0.0,0.23354585468769073,0.006270030979067087,0.19803254306316376,0.12364248186349869
rosenbrock,1.0,2,cholesky,5,score_function,8192,0.02,1000,3,rosenbrock,245,0.004637956619262695,-0.7269290089607239,0.48941195011138916,0.0,0.16890683770179749,0.01475436519831419,0.09955142438411713,0.13565155863761902
rosenbrock,1.0,2,cholesky,5,score_function,8192,0.02,1000,3,rosenbrock,246,0.0045931339263916016,-0.7349092960357666,0.47732314467430115,0.0,0.36525094509124756,0.011400296352803707,0.3241465389728546,0.1679503321647644
rosenbrock,1.0,2,cholesky,5,score_function,8192,0.02,1000,3,rosenbrock,247,0.004550933837890625,-0.7286437749862671,0.47995051741600037,0.0,0.2260095775127411,0.011387660168111324,0.18623411655426025,0.12754413485527039
rosenbrock,1.0,2,cholesky,5,score_function,8192,0.02,1000,3,rosenbrock,248,0.004626750946044922,-0.7209756374359131,0.45563051104545593,0.0,0.2089417278766632,0.007347347680479288,0.13135315477848053,0.16232380270957947
rosenbrock,1.0,2,cholesky,5,score_function,8192,0.02,1000,3,rosenbrock,249,0.004533052444458008,-0.7211363315582275,0.44356632232666016,0.0,0.2546003460884094,0.010915274731814861,0.23513975739479065,0.09701285511255264
rosenbrock,1.0,2,cholesky,5,score_function,8192,0.02,1000,3,rosenbrock,250,0.004716157913208008,-0.7180781960487366,0.44015899300575256,0.0,0.22369788587093353,0.0020433496683835983,0.20750892162322998,0.08352608978748322
rosenbrock,1.0,2,cholesky,5,score_function,8192,0.02,1000,3,rosenbrock,251,0.0046498775482177734,-0.719736635684967,0.45787832140922546,0.0,0.234250009059906,0.004103257320821285,0.1303870677947998,0.19456474483013153
rosenbrock,1.0,2,cholesky,5,score_function,8192,0.02,1000,3,rosenbrock,252,0.00523686408996582,-0.7106353044509888,0.4333740174770355,0.0,0.2651490569114685,0.004823087714612484,0.15230567753314972,0.21698790788650513
rosenbrock,1.0,2,cholesky,5,score_function,8192,0.02,1000,3,rosenbrock,253,0.004600048065185547,-0.7139413356781006,0.48245635628700256,0.0,0.18353979289531708,0.007100671995431185,0.1483299285173416,0.10786411166191101
rosenbrock,1.0,2,cholesky,5,score_function,8192,0.02,1000,3,rosenbrock,254,0.004574775695800781,-0.717531144618988,0.4797273874282837,0.0,0.34707051515579224,0.009213849902153015,0.30703499913215637,0.16156286001205444
rosenbrock,1.0,2,cholesky,5,score_function,8192,0.02,1000,3,rosenbrock,255,0.0045680999755859375,-0.7201786637306213,0.5731730461120605,0.0,0.28832849860191345,0.003463861532509327,0.1852889060974121,0.2208831012248993
rosenbrock,1.0,2,cholesky,5,score_function,8192,0.02,1000,3,rosenbrock,256,0.00453495979309082,-0.7109910249710083,0.4606253206729889,0.0,0.22950518131256104,0.006916643586009741,0.22153204679489136,0.05956793949007988
rosenbrock,1.0,2,cholesky,5,score_function,8192,0.02,1000,3,rosenbrock,257,0.004512786865234375,-0.7191070318222046,0.47799766063690186,0.0,0.3143814504146576,0.005174265708774328,0.23913760483264923,0.20401503145694733
rosenbrock,1.0,2,cholesky,5,score_function,8192,0.02,1000,3,rosenbrock,258,0.004636049270629883,-0.7111566066741943,0.4803667664527893,0.0,0.31143248081207275,0.011388331651687622,0.28204840421676636,0.13156439363956451
rosenbrock,1.0,2,cholesky,5,score_function,8192,0.02,1000,3,rosenbrock,259,0.004561901092529297,-0.7119264602661133,0.4662157893180847,0.0,0.3127266764640808,0.004298812709748745,0.15077407658100128,0.27394649386405945
rosenbrock,1.0,2,cholesky,5,score_function,8192,0.02,1000,3,rosenbrock,260,0.004542827606201172,-0.7090129256248474,0.4752848148345947,0.0,0.23524197936058044,0.005762527231127024,0.21206650137901306,0.10165328532457352
rosenbrock,1.0,2,cholesky,5,score_function,8192,0.02,1000,3,rosenbrock,261,0.0045070648193359375,-0.6933411359786987,0.41677170991897583,0.0,0.14968633651733398,0.015227710828185081,0.10814866423606873,0.10236202925443649
rosenbrock,1.0,2,cholesky,5,score_function,8192,0.02,1000,3,rosenbrock,262,0.004643917083740234,-0.7094157338142395,0.5380987524986267,0.0,0.2249731570482254,0.007591684348881245,0.1617589145898819,0.15617088973522186
rosenbrock,1.0,2,cholesky,5,score_function,8192,0.02,1000,3,rosenbrock,263,0.004679203033447266,-0.7161067128181458,0.4633064866065979,0.0,0.2622239887714386,0.005836733616888523,0.24358201026916504,0.09692861139774323
rosenbrock,1.0,2,cholesky,5,score_function,8192,0.02,1000,3,rosenbrock,264,0.004862070083618164,-0.7109856605529785,0.47055456042289734,0.0,0.24997735023498535,0.004159445874392986,0.071797676384449,0.23940859735012054
rosenbrock,1.0,2,cholesky,5,score_function,8192,0.02,1000,3,rosenbrock,265,0.004595041275024414,-0.7158383131027222,0.8871860504150391,0.0,0.3872545659542084,0.01754547655582428,0.11557219922542572,0.3691900968551636
rosenbrock,1.0,2,cholesky,5,score_function,8192,0.02,1000,3,rosenbrock,266,0.004551887512207031,-0.7029414772987366,0.446058988571167,0.0,0.40632569789886475,0.011859777383506298,0.20766989886760712,0.3490460216999054
rosenbrock,1.0,2,cholesky,5,score_function,8192,0.02,1000,3,rosenbrock,267,0.0045490264892578125,-0.7108152508735657,0.4759254455566406,0.0,0.18479566276073456,0.005579910706728697,0.14082643389701843,0.11952497810125351
rosenbrock,1.0,2,cholesky,5,score_function,8192,0.02,1000,3,rosenbrock,268,0.004499197006225586,-0.7073558568954468,0.4169604778289795,0.0,0.14468443393707275,0.0041907597333192825,0.11318083852529526,0.09003400802612305
rosenbrock,1.0,2,cholesky,5,score_function,8192,0.02,1000,3,rosenbrock,269,0.004454135894775391,-0.7077940106391907,0.506247878074646,0.0,0.3017619252204895,0.00765652023255825,0.1439562290906906,0.26510047912597656
rosenbrock,1.0,2,cholesky,5,score_function,8192,0.02,1000,3,rosenbrock,270,0.004503011703491211,-0.7075678706169128,0.5118691325187683,0.0,0.30507057905197144,0.009748904965817928,0.24971184134483337,0.1749771386384964
rosenbrock,1.0,2,cholesky,5,score_function,8192,0.02,1000,3,rosenbrock,271,0.004519224166870117,-0.7001227736473083,0.4426780641078949,0.0,0.1873094141483307,0.006311574950814247,0.1662902683019638,0.08597981184720993
rosenbrock,1.0,2,cholesky,5,score_function,8192,0.02,1000,3,rosenbrock,272,0.004561185836791992,-0.6963820457458496,0.45069441199302673,0.0,0.2047949582338333,0.008574075996875763,0.11140140891075134,0.17163094878196716
rosenbrock,1.0,2,cholesky,5,score_function,8192,0.02,1000,3,rosenbrock,273,0.004491090774536133,-0.7018455862998962,0.49823427200317383,0.0,0.16679543256759644,0.007667169906198978,0.11761199682950974,0.11802266538143158
rosenbrock,1.0,2,cholesky,5,score_function,8192,0.02,1000,3,rosenbrock,274,0.004526853561401367,-0.7026333212852478,0.4260473847389221,0.0,0.12631596624851227,0.011465800926089287,0.08869996666908264,0.08919963985681534
rosenbrock,1.0,2,cholesky,5,score_function,8192,0.02,1000,3,rosenbrock,275,0.004525899887084961,-0.702639102935791,0.5142279863357544,0.0,0.21627260744571686,0.012110577896237373,0.1347159594297409,0.16875658929347992
rosenbrock,1.0,2,cholesky,5,score_function,8192,0.02,1000,3,rosenbrock,276,0.0045239925384521484,-0.7000643610954285,0.4328380823135376,0.0,0.13359643518924713,0.006064484361559153,0.09239283204078674,0.0963057354092598
rosenbrock,1.0,2,cholesky,5,score_function,8192,0.02,1000,3,rosenbrock,277,0.00451207160949707,-0.7019089460372925,0.4828793406486511,0.0,0.10316776484251022,0.008024514652788639,0.07367920875549316,0.07176747173070908
rosenbrock,1.0,2,cholesky,5,score_function,8192,0.02,1000,3,rosenbrock,278,0.004541873931884766,-0.7014747262001038,0.49229907989501953,0.0,0.235271617770195,0.0098468828946352,0.1529989093542099,0.1784576028585434
rosenbrock,1.0,2,cholesky,5,score_function,8192,0.02,1000,3,rosenbrock,279,0.004497051239013672,-0.6947586536407471,0.4465823769569397,0.0,0.2629340589046478,0.005489061586558819,0.22750328481197357,0.13170595467090607
rosenbrock,1.0,2,cholesky,5,score_function,8192,0.02,1000,3,rosenbrock,280,0.005077838897705078,-0.696908712387085,0.4356590807437897,0.0,0.301277220249176,0.0068395379930734634,0.2764813303947449,0.11949590593576431
rosenbrock,1.0,2,cholesky,5,score_function,8192,0.02,1000,3,rosenbrock,281,0.004595041275024414,-0.6977756023406982,0.4479755163192749,0.0,0.13889794051647186,0.00838957354426384,0.12581053376197815,0.05825773626565933
rosenbrock,1.0,2,cholesky,5,score_function,8192,0.02,1000,3,rosenbrock,282,0.005037069320678711,-0.6983138918876648,0.4177275002002716,0.0,0.14337262511253357,0.00808465201407671,0.10878729820251465,0.09303587675094604
rosenbrock,1.0,2,cholesky,5,score_function,8192,0.02,1000,3,rosenbrock,283,0.0046520233154296875,-0.6960067749023438,0.4723544120788574,0.0,0.1744808405637741,0.006009659264236689,0.07643694430589676,0.1567317694425583
rosenbrock,1.0,2,cholesky,5,score_function,8192,0.02,1000,3,rosenbrock,284,0.004636049270629883,-0.6949398517608643,0.5015080571174622,0.0,0.23685920238494873,0.005315284710377455,0.15373621881008148,0.18010884523391724
rosenbrock,1.0,2,cholesky,5,score_function,8192,0.02,1000,3,rosenbrock,285,0.004602193832397461,-0.6887611746788025,0.41650456190109253,0.0,0.21187767386436462,0.006023272406309843,0.20086751878261566,0.06714244931936264
rosenbrock,1.0,2,cholesky,5,score_function,8192,0.02,1000,3,rosenbrock,286,0.0045931339263916016,-0.6909341216087341,0.47214144468307495,0.0,0.2546151876449585,0.007005872670561075,0.23725880682468414,0.09213069081306458
rosenbrock,1.0,2,cholesky,5,score_function,8192,0.02,1000,3,rosenbrock,287,0.004598140716552734,-0.6900956630706787,0.4542781412601471,0.0,0.2369779497385025,0.004175976850092411,0.21279434859752655,0.10420975834131241
rosenbrock,1.0,2,cholesky,5,score_function,8192,0.02,1000,3,rosenbrock,288,0.004562854766845703,-0.6799455285072327,0.45575934648513794,0.0,0.20860439538955688,0.006930668372660875,0.1879943609237671,0.09014362841844559
rosenbrock,1.0,2,cholesky,5,score_function,8192,0.02,1000,3,rosenbrock,289,0.004609107971191406,-0.6939722895622253,0.4760807752609253,0.0,0.27474355697631836,0.00608749408274889,0.25999248027801514,0.08860517293214798
rosenbrock,1.0,2,cholesky,5,score_function,8192,0.02,1000,3,rosenbrock,290,0.0045621395111083984,-0.6960452795028687,0.5337281823158264,0.0,0.21179908514022827,0.003426983254030347,0.11876150965690613,0.17533628642559052
rosenbrock,1.0,2,cholesky,5,score_function,8192,0.02,1000,3,rosenbrock,291,0.0045549869537353516,-0.6962127685546875,0.495199054479599,0.0,0.2792334258556366,0.010640135034918785,0.26212769746780396,0.09564079344272614
rosenbrock,1.0,2,cholesky,5,score_function,8192,0.02,1000,3,rosenbrock,292,0.004572153091430664,-0.6803075671195984,0.4409998655319214,0.0,0.13775882124900818,0.006137907970696688,0.07196567207574844,0.11730626970529556
rosenbrock,1.0,2,cholesky,5,score_function,8192,0.02,1000,3,rosenbrock,293,0.0045511722564697266,-0.6845035552978516,0.4363967180252075,0.0,0.22025541961193085,0.006119973957538605,0.1961597353219986,0.09998174756765366
rosenbrock,1.0,2,cholesky,5,score_function,8192,0.02,1000,3,rosenbrock,294,0.004583835601806641,-0.6887212991714478,0.4634096324443817,0.0,0.17774216830730438,0.005032546818256378,0.09205304831266403,0.1519644409418106
rosenbrock,1.0,2,cholesky,5,score_function,8192,0.02,1000,3,rosenbrock,295,0.004540920257568359,-0.6879742741584778,0.4310677647590637,0.0,0.21678736805915833,0.012899717316031456,0.15699736773967743,0.14893683791160583
rosenbrock,1.0,2,cholesky,5,score_function,8192,0.02,1000,3,rosenbrock,296,0.00453495979309082,-0.6863704323768616,0.4369541108608246,0.0,0.15177839994430542,0.008762282319366932,0.1016550213098526,0.1123662069439888
rosenbrock,1.0,2,cholesky,5,score_function,8192,0.02,1000,3,rosenbrock,297,0.004541873931884766,-0.6992720365524292,0.47868213057518005,0.0,0.19947074353694916,0.005538778379559517,0.12103760987520218,0.15845438838005066
rosenbrock,1.0,2,cholesky,5,score_function,8192,0.02,1000,3,rosenbrock,298,0.0045659542083740234,-0.7031137943267822,0.8556817770004272,0.0,0.5216272473335266,0.009539335034787655,0.2680903673171997,0.447360634803772
rosenbrock,1.0,2,cholesky,5,score_function,8192,0.02,1000,3,rosenbrock,299,0.004578828811645508,-0.6813704371452332,0.4560137987136841,0.0,0.16055451333522797,0.010018574073910713,0.10623162984848022,0.11996757239103317
rosenbrock,1.0,2,cholesky,5,score_function,8192,0.02,1000,3,rosenbrock,300,0.0050771236419677734,-0.6901160478591919,0.5359106659889221,0.0,0.4046326279640198,0.007308567874133587,0.3558155596256256,0.19253411889076233
rosenbrock,1.0,2,cholesky,5,score_function,8192,0.02,1000,3,rosenbrock,301,0.00487971305847168,-0.683961033821106,0.45309752225875854,0.0,0.21420343220233917,0.006939464248716831,0.1738947480916977,0.12488221377134323
rosenbrock,1.0,2,cholesky,5,score_function,8192,0.02,1000,3,rosenbrock,302,0.004674196243286133,-0.6937621235847473,0.4729483127593994,0.0,0.184493288397789,0.009459225460886955,0.12906195223331451,0.131496399641037
rosenbrock,1.0,2,cholesky,5,score_function,8192,0.02,1000,3,rosenbrock,303,0.004652976989746094,-0.690538763999939,0.48167210817337036,0.0,0.3523206412792206,0.0068640029057860374,0.33564263582229614,0.10689587891101837
rosenbrock,1.0,2,cholesky,5,score_function,8192,0.02,1000,3,rosenbrock,304,0.004656314849853516,-0.685543954372406,0.43848615884780884,0.0,0.2636338770389557,0.006374110002070665,0.2481946498155594,0.088665671646595
rosenbrock,1.0,2,cholesky,5,score_function,8192,0.02,1000,3,rosenbrock,305,0.004640102386474609,-0.682141125202179,0.4464416801929474,0.0,0.2308402955532074,0.005629945080727339,0.19118990004062653,0.129236102104187
rosenbrock,1.0,2,cholesky,5,score_function,8192,0.02,1000,3,rosenbrock,306,0.004662036895751953,-0.6834814548492432,0.5000550150871277,0.0,0.16886590421199799,0.008435526862740517,0.12643598020076752,0.11161758005619049
rosenbrock,1.0,2,cholesky,5,score_function,8192,0.02,1000,3,rosenbrock,307,0.0046100616455078125,-0.6865116357803345,0.43570852279663086,0.0,0.2763219475746155,0.009191504679620266,0.22252367436885834,0.1635620892047882
rosenbrock,1.0,2,cholesky,5,score_function,8192,0.02,1000,3,rosenbrock,308,0.004616975784301758,-0.6875385642051697,0.487506628036499,0.0,0.30458030104637146,0.015369724482297897,0.23628221452236176,0.19158197939395905
rosenbrock,1.0,2,cholesky,5,score_function,8192,0.02,1000,3,rosenbrock,309,0.0046291351318359375,-0.6793251633644104,0.44934678077697754,0.0,0.32184386253356934,0.006621852517127991,0.2677799463272095,0.17841951549053192
rosenbrock,1.0,2,cholesky,5,score_function,8192,0.02,1000,3,rosenbrock,310,0.004657745361328125,-0.6759012937545776,0.4406130611896515,0.0,0.23375572264194489,0.008658149279654026,0.17708855867385864,0.1523364931344986
rosenbrock,1.0,2,cholesky,5,score_function,8192,0.02,1000,3,rosenbrock,311,0.004620790481567383,-0.6699682474136353,0.4378713071346283,0.0,0.22353756427764893,0.005345876328647137,0.1522025763988495,0.1636301726102829
rosenbrock,1.0,2,cholesky,5,score_function,8192,0.02,1000,3,rosenbrock,312,0.004608154296875,-0.6897956132888794,0.5191695690155029,0.0,0.38457831740379333,0.015381129458546638,0.3187616765499115,0.21460409462451935
rosenbrock,1.0,2,cholesky,5,score_function,8192,0.02,1000,3,rosenbrock,313,0.004602909088134766,-0.676941454410553,0.42897558212280273,0.0,0.2416583001613617,0.005832242779433727,0.22460146248340607,0.08898819983005524
rosenbrock,1.0,2,cholesky,5,score_function,8192,0.02,1000,3,rosenbrock,314,0.0045697689056396484,-0.6753413677215576,0.4373408257961273,0.0,0.27307841181755066,0.008286306634545326,0.2235337197780609,0.1566392034292221
rosenbrock,1.0,2,cholesky,5,score_function,8192,0.02,1000,3,rosenbrock,315,0.004604816436767578,-0.67745441198349,0.3892512917518616,0.0,0.19236809015274048,0.004771100822836161,0.1431683450937271,0.12839598953723907
rosenbrock,1.0,2,cholesky,5,score_function,8192,0.02,1000,3,rosenbrock,316,0.004619121551513672,-0.6800390481948853,0.5111221671104431,0.0,0.23387587070465088,0.004692133981734514,0.13739469647407532,0.18920516967773438
rosenbrock,1.0,2,cholesky,5,score_function,8192,0.02,1000,3,rosenbrock,317,0.004599094390869141,-0.6729580163955688,0.4326024055480957,0.0,0.36951902508735657,0.004232557024806738,0.3387641906738281,0.14753039181232452
rosenbrock,1.0,2,cholesky,5,score_function,8192,0.02,1000,3,rosenbrock,318,0.004584074020385742,-0.6791900992393494,0.44068410992622375,0.0,0.24130883812904358,0.004247939679771662,0.22584402561187744,0.0848904401063919
rosenbrock,1.0,2,cholesky,5,score_function,8192,0.02,1000,3,rosenbrock,319,0.004535198211669922,-0.6745757460594177,0.4277767837047577,0.0,0.19993004202842712,0.011525901965796947,0.1142701581120491,0.16365055739879608
rosenbrock,1.0,2,cholesky,5,score_function,8192,0.02,1000,3,rosenbrock,320,0.004662036895751953,-0.6677420735359192,0.4557448625564575,0.0,0.34032127261161804,0.012421954423189163,0.3021000027656555,0.15620450675487518
rosenbrock,1.0,2,cholesky,5,score_function,8192,0.02,1000,3,rosenbrock,321,0.004592180252075195,-0.6685606837272644,0.599889874458313,0.0,0.2898973822593689,0.0106199337169528,0.2367502897977829,0.16696405410766602
rosenbrock,1.0,2,cholesky,5,score_function,8192,0.02,1000,3,rosenbrock,322,0.004571199417114258,-0.6773505806922913,0.4736217260360718,0.0,0.1433364599943161,0.010310498997569084,0.10971058160066605,0.09166581183671951
rosenbrock,1.0,2,cholesky,5,score_function,8192,0.02,1000,3,rosenbrock,323,0.004609823226928711,-0.6662029027938843,0.4431406855583191,0.0,0.2146146446466446,0.008531061932444572,0.13464316725730896,0.16690681874752045
rosenbrock,1.0,2,cholesky,5,score_function,8192,0.02,1000,3,rosenbrock,324,0.004584074020385742,-0.6770173907279968,0.5058777332305908,0.0,0.17449568212032318,0.004848816432058811,0.11738905310630798,0.12901565432548523
rosenbrock,1.0,2,cholesky,5,score_function,8192,0.02,1000,3,rosenbrock,325,0.00458216667175293,-0.6740676760673523,0.4913567900657654,0.0,0.35724303126335144,0.003965091425925493,0.08379305154085159,0.34725433588027954
rosenbrock,1.0,2,cholesky,5,score_function,8192,0.02,1000,3,rosenbrock,326,0.004559993743896484,-0.6742485165596008,0.4424196779727936,0.0,0.2762068510055542,0.007647624239325523,0.20155300199985504,0.18870115280151367
rosenbrock,1.0,2,cholesky,5,score_function,8192,0.02,1000,3,rosenbrock,327,0.004622220993041992,-0.6654043197631836,0.463922917842865,0.0,0.1577153205871582,0.008568552322685719,0.12682338058948517,0.09336238354444504
rosenbrock,1.0,2,cholesky,5,score_function,8192,0.02,1000,3,rosenbrock,328,0.00463414192199707,-0.6754496693611145,0.5205297470092773,0.0,0.3112833797931671,0.003473795484751463,0.27510255575180054,0.14561554789543152
rosenbrock,1.0,2,cholesky,5,score_function,8192,0.02,1000,3,rosenbrock,329,0.004549264907836914,-0.6708964705467224,0.47569409012794495,0.0,0.28491896390914917,0.00754177663475275,0.07915914058685303,0.2735978364944458
rosenbrock,1.0,2,cholesky,5,score_function,8192,0.02,1000,3,rosenbrock,330,0.004608154296875,-0.6707342863082886,0.5301594734191895,0.0,0.40437573194503784,0.005219087470322847,0.09104907512664795,0.39395758509635925
rosenbrock,1.0,2,cholesky,5,score_function,8192,0.02,1000,3,rosenbrock,331,0.004575967788696289,-0.6684695482254028,0.4543578028678894,0.0,0.28780004382133484,0.007012551184743643,0.24276690185070038,0.15441474318504333
rosenbrock,1.0,2,cholesky,5,score_function,8192,0.02,1000,3,rosenbrock,332,0.004555940628051758,-0.672055184841156,0.5308077335357666,0.0,0.23722882568836212,0.011178935877978802,0.1788758486509323,0.15542195737361908
rosenbrock,1.0,2,cholesky,5,score_function,8192,0.02,1000,3,rosenbrock,333,0.0047299861907958984,-0.6718656420707703,0.4721812605857849,0.0,0.21955840289592743,0.00845605693757534,0.1968090683221817,0.09695663303136826
rosenbrock,1.0,2,cholesky,5,score_function,8192,0.02,1000,3,rosenbrock,334,0.004789829254150391,-0.6672005653381348,0.42842230200767517,0.0,0.23685044050216675,0.010937193408608437,0.11858206987380981,0.20473593473434448
rosenbrock,1.0,2,cholesky,5,score_function,8192,0.02,1000,3,rosenbrock,335,0.004652976989746094,-0.6660693287849426,0.4622964560985565,0.0,0.2550891637802124,0.012797396630048752,0.16706594824790955,0.1923426240682602
rosenbrock,1.0,2,cholesky,5,score_function,8192,0.02,1000,3,rosenbrock,336,0.004604816436767578,-0.6570131778717041,0.4748879671096802,0.0,0.2926202416419983,0.005831724498420954,0.2529151141643524,0.14705966413021088
rosenbrock,1.0,2,cholesky,5,score_function,8192,0.02,1000,3,rosenbrock,337,0.004616975784301758,-0.6683152914047241,0.5468345284461975,0.0,0.24163831770420074,0.009530647657811642,0.2204625904560089,0.09846058487892151
rosenbrock,1.0,2,cholesky,5,score_function,8192,0.02,1000,3,rosenbrock,338,0.004622697830200195,-0.6604921817779541,0.4892328381538391,0.0,0.1861603707075119,0.005615594331175089,0.1067168340086937,0.15243248641490936
rosenbrock,1.0,2,cholesky,5,score_function,8192,0.02,1000,3,rosenbrock,339,0.004561901092529297,-0.6631767749786377,0.5218715071678162,0.0,0.340046763420105,0.006537555251270533,0.32572314143180847,0.0974346175789833
rosenbrock,1.0,2,cholesky,5,score_function,8192,0.02,1000,3,rosenbrock,340,0.00458216667175293,-0.6597561836242676,0.44325098395347595,0.0,0.2541854679584503,0.015893479809165,0.22175778448581696,0.12321170419454575
rosenbrock,1.0,2,cholesky,5,score_function,8192,0.02,1000,3,rosenbrock,341,0.004561185836791992,-0.663577675819397,0.48046061396598816,0.0,0.20973140001296997,0.0062134056352078915,0.14806132018566132,0.14841328561306
rosenbrock,1.0,2,cholesky,5,score_function,8192,0.02,1000,3,rosenbrock,342,0.004576921463012695,-0.6689248085021973,0.5201900601387024,0.0,0.19826792180538177,0.007295685354620218,0.08699249476194382,0.17801474034786224
rosenbrock,1.0,2,cholesky,5,score_function,8192,0.02,1000,3,rosenbrock,343,0.0045719146728515625,-0.6577292680740356,0.4063478708267212,0.0,0.2812564969062805,0.005429532844573259,0.22981980443000793,0.16204504668712616
rosenbrock,1.0,2,cholesky,5,score_function,8192,0.02,1000,3,rosenbrock,344,0.004551887512207031,-0.668781042098999,0.4991268515586853,0.0,0.16622315347194672,0.0059405844658613205,0.137860506772995,0.09267862886190414
rosenbrock,1.0,2,cholesky,5,score_function,8192,0.02,1000,3,rosenbrock,345,0.004667997360229492,-0.6530033349990845,0.4424794018268585,0.0,0.2416093796491623,0.006767530459910631,0.2313789427280426,0.06923208385705948
rosenbrock,1.0,2,cholesky,5,score_function,8192,0.02,1000,3,rosenbrock,346,0.004587888717651367,-0.6644616723060608,0.4604409337043762,0.0,0.36931589245796204,0.005151948891580105,0.187571182847023,0.31809547543525696
rosenbrock,1.0,2,cholesky,5,score_function,8192,0.02,1000,3,rosenbrock,347,0.0045812129974365234,-0.6638275980949402,0.48467567563056946,0.0,0.24054737389087677,0.009480519220232964,0.19009600579738617,0.14709408581256866
rosenbrock,1.0,2,cholesky,5,score_function,8192,0.02,1000,3,rosenbrock,348,0.004575252532958984,-0.6598141193389893,0.4193742275238037,0.0,0.4028450846672058,0.005562118720263243,0.38785025477409363,0.10874460637569427
rosenbrock,1.0,2,cholesky,5,score_function,8192,0.02,1000,3,rosenbrock,349,0.004630088806152344,-0.6672175526618958,0.4818880558013916,0.0,0.25182080268859863,0.009355200454592705,0.13988196849822998,0.2091870903968811
rosenbrock,1.0,2,cholesky,5,score_function,8192,0.02,1000,3,rosenbrock,350,0.004441022872924805,-0.6605755686759949,0.514553964138031,0.0,0.13957209885120392,0.006663691718131304,0.10992954671382904,0.08574064821004868
rosenbrock,1.0,2,cholesky,5,score_function,8192,0.02,1000,3,rosenbrock,351,0.004548788070678711,-0.6544830799102783,0.5177789926528931,0.0,0.3549209535121918,0.007103934418410063,0.3176887333393097,0.15808947384357452
rosenbrock,1.0,2,cholesky,5,score_function,8192,0.02,1000,3,rosenbrock,352,0.004585981369018555,-0.6605110764503479,0.4985399544239044,0.0,0.3565995991230011,0.009560157544910908,0.22677552700042725,0.27503588795661926
rosenbrock,1.0,2,cholesky,5,score_function,8192,0.02,1000,3,rosenbrock,353,0.004556179046630859,-0.6547911167144775,0.4679604172706604,0.0,0.18240846693515778,0.008164207451045513,0.0984823927283287,0.1533212661743164
rosenbrock,1.0,2,cholesky,5,score_function,8192,0.02,1000,3,rosenbrock,354,0.0045719146728515625,-0.663157045841217,0.5376684069633484,0.0,0.3550647497177124,0.005103768315166235,0.165557399392128,0.3140631914138794
rosenbrock,1.0,2,cholesky,5,score_function,8192,0.02,1000,3,rosenbrock,355,0.0045702457427978516,-0.6606565117835999,0.4659852385520935,0.0,0.12969152629375458,0.005125091411173344,0.08336170762777328,0.09921923279762268
rosenbrock,1.0,2,cholesky,5,score_function,8192,0.02,1000,3,rosenbrock,356,0.004580020904541016,-0.6619253158569336,0.45941853523254395,0.0,0.2155333310365677,0.012384639121592045,0.12597991526126862,0.1744428128004074
rosenbrock,1.0,2,cholesky,5,score_function,8192,0.02,1000,3,rosenbrock,357,0.004601001739501953,-0.6579354405403137,0.5008561015129089,0.0,0.2838432192802429,0.0071775042451918125,0.11833689361810684,0.25789889693260193
rosenbrock,1.0,2,cholesky,5,score_function,8192,0.02,1000,3,rosenbrock,358,0.004565000534057617,-0.6584519147872925,0.5072990655899048,0.0,0.4899457097053528,0.0071693710051476955,0.26264747977256775,0.41353562474250793
rosenbrock,1.0,2,cholesky,5,score_function,8192,0.02,1000,3,rosenbrock,359,0.004548788070678711,-0.6596080660820007,0.6397495269775391,0.0,0.4287826418876648,0.006712906528264284,0.21289756894111633,0.3721345067024231
rosenbrock,1.0,2,cholesky,5,score_function,8192,0.02,1000,3,rosenbrock,360,0.004599094390869141,-0.6557656526565552,0.48504021763801575,0.0,0.2520638406276703,0.005937161389738321,0.2064974308013916,0.1444290280342102
rosenbrock,1.0,2,cholesky,5,score_function,8192,0.02,1000,3,rosenbrock,361,0.004599094390869141,-0.6627217531204224,0.4802335500717163,0.0,0.3706337809562683,0.004535439424216747,0.32573363184928894,0.17676663398742676
rosenbrock,1.0,2,cholesky,5,score_function,8192,0.02,1000,3,rosenbrock,362,0.004616975784301758,-0.6630682945251465,0.5101497173309326,0.0,0.38271549344062805,0.011620813049376011,0.33974790573120117,0.1758052259683609
rosenbrock,1.0,2,cholesky,5,score_function,8192,0.02,1000,3,rosenbrock,363,0.0045850276947021484,-0.657966136932373,0.4558869004249573,0.0,0.24435801804065704,0.012354597449302673,0.2059508115053177,0.13092921674251556
rosenbrock,1.0,2,cholesky,5,score_function,8192,0.02,1000,3,rosenbrock,364,0.004558086395263672,-0.6513859033584595,0.4573041498661041,0.0,0.2559942603111267,0.006588777992874384,0.23152081668376923,0.10903099924325943
rosenbrock,1.0,2,cholesky,5,score_function,8192,0.02,1000,3,rosenbrock,365,0.00455784797668457,-0.651261568069458,0.5209453105926514,0.0,0.31551098823547363,0.009906308725476265,0.25324514508247375,0.18792535364627838
rosenbrock,1.0,2,cholesky,5,score_function,8192,0.02,1000,3,rosenbrock,366,0.004572868347167969,-0.6554228663444519,0.5107159614562988,0.0,0.4476088881492615,0.009526854380965233,0.39649420976638794,0.2074977159500122
rosenbrock,1.0,2,cholesky,5,score_function,8192,0.02,1000,3,rosenbrock,367,0.004559993743896484,-0.6443507671356201,0.46271228790283203,0.0,0.2652950584888458,0.0034990685526281595,0.2417031228542328,0.10931070894002914
rosenbrock,1.0,2,cholesky,5,score_function,8192,0.02,1000,3,rosenbrock,368,0.004569053649902344,-0.6607747673988342,0.5149131417274475,0.0,0.27117720246315,0.013975935988128185,0.12061721086502075,0.24247315526008606
rosenbrock,1.0,2,cholesky,5,score_function,8192,0.02,1000,3,rosenbrock,369,0.004581928253173828,-0.6585608720779419,0.6125706434249878,0.0,0.2995253801345825,0.006399678532034159,0.19033999741077423,0.23118217289447784
rosenbrock,1.0,2,cholesky,5,score_function,8192,0.02,1000,3,rosenbrock,370,0.004667043685913086,-0.6591761112213135,0.5681485533714294,0.0,0.2409268021583557,0.00967824924737215,0.18458020687103271,0.15453872084617615
rosenbrock,1.0,2,cholesky,5,score_function,8192,0.02,1000,3,rosenbrock,371,0.004615068435668945,-0.6488070487976074,0.42834147810935974,0.0,0.23593518137931824,0.005424996837973595,0.2104678899049759,0.10648591816425323
rosenbrock,1.0,2,cholesky,5,score_function,8192,0.02,1000,3,rosenbrock,372,0.0045812129974365234,-0.6452611088752747,0.46503278613090515,0.0,0.2853914499282837,0.00998227670788765,0.24653786420822144,0.1434144824743271
rosenbrock,1.0,2,cholesky,5,score_function,8192,0.02,1000,3,rosenbrock,373,0.004544973373413086,-0.6564532518386841,0.4527468681335449,0.0,0.23920495808124542,0.010794652625918388,0.09226138889789581,0.2204321175813675
rosenbrock,1.0,2,cholesky,5,score_function,8192,0.02,1000,3,rosenbrock,374,0.004528999328613281,-0.6452866792678833,0.48890596628189087,0.0,0.19754640758037567,0.006449708249419928,0.17765696346759796,0.08614516258239746
rosenbrock,1.0,2,cholesky,5,score_function,8192,0.02,1000,3,rosenbrock,375,0.004534721374511719,-0.6499031782150269,0.4643579125404358,0.0,0.17931343615055084,0.007398816756904125,0.16131290793418884,0.07795330137014389
rosenbrock,1.0,2,cholesky,5,score_function,8192,0.02,1000,3,rosenbrock,376,0.004564046859741211,-0.6528922319412231,0.5352852940559387,0.0,0.19728508591651917,0.007485591806471348,0.14898009598255157,0.12911351025104523
rosenbrock,1.0,2,cholesky,5,score_function,8192,0.02,1000,3,rosenbrock,377,0.004544973373413086,-0.6481306552886963,0.46124324202537537,0.0,0.1655263453722,0.007591172121465206,0.13695386052131653,0.09265518188476562
rosenbrock,1.0,2,cholesky,5,score_function,8192,0.02,1000,3,rosenbrock,378,0.00456690788269043,-0.6420544981956482,0.548067569732666,0.0,0.141990527510643,0.00269405753351748,0.08870825171470642,0.11083725094795227
rosenbrock,1.0,2,cholesky,5,score_function,8192,0.02,1000,3,rosenbrock,379,0.00465703010559082,-0.6479977965354919,0.4884045422077179,0.0,0.20296496152877808,0.005871301516890526,0.1454751193523407,0.14141176640987396
rosenbrock,1.0,2,cholesky,5,score_function,8192,0.02,1000,3,rosenbrock,380,0.004615068435668945,-0.6508432030677795,0.45999425649642944,0.0,0.2013413906097412,0.006732323672622442,0.08706945180892944,0.18141649663448334
rosenbrock,1.0,2,cholesky,5,score_function,8192,0.02,1000,3,rosenbrock,381,0.004559040069580078,-0.6464695334434509,0.4706508219242096,0.0,0.18195314705371857,0.011688019149005413,0.09145735204219818,0.15686263144016266
rosenbrock,1.0,2,cholesky,5,score_function,8192,0.02,1000,3,rosenbrock,382,0.004530906677246094,-0.6468089818954468,0.49159133434295654,0.0,0.26808205246925354,0.004382631741464138,0.22940216958522797,0.13864855468273163
rosenbrock,1.0,2,cholesky,5,score_function,8192,0.02,1000,3,rosenbrock,383,0.004562854766845703,-0.6497848629951477,0.42480385303497314,0.0,0.20518375933170319,0.008164357393980026,0.12172787636518478,0.16497285664081573
rosenbrock,1.0,2,cholesky,5,score_function,8192,0.02,1000,3,rosenbrock,384,0.004572868347167969,-0.6453449130058289,0.4642868936061859,0.0,0.30053868889808655,0.007042449899017811,0.20831002295017242,0.2165198177099228
rosenbrock,1.0,2,cholesky,5,score_function,8192,0.02,1000,3,rosenbrock,385,0.004540205001831055,-0.6484917998313904,0.5018696784973145,0.0,0.38062065839767456,0.007589224260300398,0.36860939860343933,0.09456009417772293
rosenbrock,1.0,2,cholesky,5,score_function,8192,0.02,1000,3,rosenbrock,386,0.0046939849853515625,-0.6456068158149719,0.4675842821598053,0.0,0.14011290669441223,0.006532909814268351,0.11934968084096909,0.0731067806482315
rosenbrock,1.0,2,cholesky,5,score_function,8192,0.02,1000,3,rosenbrock,387,0.004631996154785156,-0.6406758427619934,0.4425015449523926,0.0,0.13255932927131653,0.010642011649906635,0.09378919005393982,0.09307155013084412
rosenbrock,1.0,2,cholesky,5,score_function,8192,0.02,1000,3,rosenbrock,388,0.004582881927490234,-0.6469426155090332,0.4782071113586426,0.0,0.18321433663368225,0.005608279258012772,0.1685173213481903,0.07167945802211761
rosenbrock,1.0,2,cholesky,5,score_function,8192,0.02,1000,3,rosenbrock,389,0.004580974578857422,-0.644123375415802,0.4811221957206726,0.0,0.365416020154953,0.0018020361894741654,0.347310870885849,0.11358161270618439
rosenbrock,1.0,2,cholesky,5,score_function,8192,0.02,1000,3,rosenbrock,390,0.004574775695800781,-0.6458419561386108,0.4433768093585968,0.0,0.3096236288547516,0.00450971769168973,0.2952357232570648,0.09317903965711594
rosenbrock,1.0,2,cholesky,5,score_function,8192,0.02,1000,3,rosenbrock,391,0.004582881927490234,-0.6406584978103638,0.4707614779472351,0.0,0.1286948174238205,0.008988367393612862,0.0897398293018341,0.09180591255426407
rosenbrock,1.0,2,cholesky,5,score_function,8192,0.02,1000,3,rosenbrock,392,0.004550933837890625,-0.6424639225006104,0.46120235323905945,0.0,0.24507570266723633,0.005294194910675287,0.18683995306491852,0.15850836038589478
rosenbrock,1.0,2,cholesky,5,score_function,8192,0.02,1000,3,rosenbrock,393,0.004539966583251953,-0.6402508020401001,0.43861228227615356,0.0,0.19994676113128662,0.004602422937750816,0.18085242807865143,0.08514648675918579
rosenbrock,1.0,2,cholesky,5,score_function,8192,0.02,1000,3,rosenbrock,394,0.0046961307525634766,-0.6450372934341431,0.46432390809059143,0.0,0.23836858570575714,0.005131808575242758,0.08527443557977676,0.22253431379795074
rosenbrock,1.0,2,cholesky,5,score_function,8192,0.02,1000,3,rosenbrock,395,0.004639863967895508,-0.6279386878013611,0.44805237650871277,0.0,0.11016501486301422,0.005440926644951105,0.08930156379938126,0.06428031623363495
rosenbrock,1.0,2,cholesky,5,score_function,8192,0.02,1000,3,rosenbrock,396,0.004606008529663086,-0.643589973449707,0.54059237241745,0.0,0.2759767770767212,0.010779356583952904,0.22848224639892578,0.15441131591796875
rosenbrock,1.0,2,cholesky,5,score_function,8192,0.02,1000,3,rosenbrock,397,0.0046138763427734375,-0.6394064426422119,0.5152184367179871,0.0,0.16626133024692535,0.007559666875749826,0.08726855367422104,0.1413148045539856
rosenbrock,1.0,2,cholesky,5,score_function,8192,0.02,1000,3,rosenbrock,398,0.004580974578857422,-0.6325017213821411,0.49305447936058044,0.0,0.19799381494522095,0.008780866861343384,0.13938003778457642,0.14034833014011383
rosenbrock,1.0,2,cholesky,5,score_function,8192,0.02,1000,3,rosenbrock,399,0.004594087600708008,-0.6428112983703613,0.46023598313331604,0.0,0.24210120737552643,0.007785606663674116,0.19741152226924896,0.13993234932422638
rosenbrock,1.0,2,cholesky,5,score_function,8192,0.02,1000,3,rosenbrock,400,0.0046198368072509766,-0.6387362480163574,0.4569334089756012,0.0,0.2569016218185425,0.008486500941216946,0.24373818933963776,0.08073489367961884
rosenbrock,1.0,2,cholesky,5,score_function,8192,0.02,1000,3,rosenbrock,401,0.004539966583251953,-0.6442534327507019,0.483734667301178,0.0,0.21377700567245483,0.008947756141424179,0.1517466902732849,0.15031129121780396
rosenbrock,1.0,2,cholesky,5,score_function,8192,0.02,1000,3,rosenbrock,402,0.0048198699951171875,-0.6439594030380249,0.5599811673164368,0.0,0.3649705648422241,0.008504788391292095,0.28337782621383667,0.22984378039836884
rosenbrock,1.0,2,cholesky,5,score_function,8192,0.02,1000,3,rosenbrock,403,0.004588127136230469,-0.6398385763168335,0.5994696617126465,0.0,0.28864586353302,0.005012401379644871,0.24585828185081482,0.15114569664001465
rosenbrock,1.0,2,cholesky,5,score_function,8192,0.02,1000,3,rosenbrock,404,0.004622936248779297,-0.6413806080818176,0.49527299404144287,0.0,0.11531677097082138,0.005486226174980402,0.073421910405159,0.08875294029712677
rosenbrock,1.0,2,cholesky,5,score_function,8192,0.02,1000,3,rosenbrock,405,0.0045659542083740234,-0.6327067613601685,0.5001526474952698,0.0,0.2606140077114105,0.0047819958999753,0.17242217063903809,0.19536474347114563
rosenbrock,1.0,2,cholesky,5,score_function,8192,0.02,1000,3,rosenbrock,406,0.004598140716552734,-0.628910481929779,0.4552881419658661,0.0,0.3046247363090515,0.012803840450942516,0.27172255516052246,0.13710995018482208
rosenbrock,1.0,2,cholesky,5,score_function,8192,0.02,1000,3,rosenbrock,407,0.004611015319824219,-0.6367263197898865,0.5114483833312988,0.0,0.11039593815803528,0.007142773829400539,0.08794013410806656,0.06635342538356781
rosenbrock,1.0,2,cholesky,5,score_function,8192,0.02,1000,3,rosenbrock,408,0.004606962203979492,-0.642634391784668,0.48494797945022583,0.0,0.23456111550331116,0.008756967261433601,0.13575908541679382,0.19108034670352936
rosenbrock,1.0,2,cholesky,5,score_function,8192,0.02,1000,3,rosenbrock,409,0.004567146301269531,-0.6292646527290344,0.4772350788116455,0.0,0.26040029525756836,0.007442817557603121,0.223002627491951,0.1342487782239914
rosenbrock,1.0,2,cholesky,5,score_function,8192,0.02,1000,3,rosenbrock,410,0.004658937454223633,-0.6344785690307617,0.4651638865470886,0.0,0.21268212795257568,0.008339503780007362,0.154388427734375,0.14604230225086212
rosenbrock,1.0,2,cholesky,5,score_function,8192,0.02,1000,3,rosenbrock,411,0.004609107971191406,-0.641663670539856,0.49469950795173645,0.0,0.14470231533050537,0.011520893312990665,0.12632882595062256,0.06962081789970398
rosenbrock,1.0,2,cholesky,5,score_function,8192,0.02,1000,3,rosenbrock,412,0.0046100616455078125,-0.6326983571052551,0.4909893572330475,0.0,0.2169465869665146,0.003508187597617507,0.09545394778251648,0.19478721916675568
rosenbrock,1.0,2,cholesky,5,score_function,8192,0.02,1000,3,rosenbrock,413,0.004580974578857422,-0.6328731775283813,0.5209888219833374,0.0,0.3303810656070709,0.0051820832304656506,0.12041331082582474,0.30761247873306274
rosenbrock,1.0,2,cholesky,5,score_function,8192,0.02,1000,3,rosenbrock,414,0.004647016525268555,-0.6338545083999634,0.5115192532539368,0.0,0.19680345058441162,0.008873173967003822,0.16950388252735138,0.09960570186376572
rosenbrock,1.0,2,cholesky,5,score_function,8192,0.02,1000,3,rosenbrock,415,0.0045740604400634766,-0.6284422874450684,0.49085572361946106,0.0,0.21064221858978271,0.009962650947272778,0.17372044920921326,0.11871012300252914
rosenbrock,1.0,2,cholesky,5,score_function,8192,0.02,1000,3,rosenbrock,416,0.0045702457427978516,-0.6299751400947571,0.4259776175022125,0.0,0.2621595561504364,0.005952092353254557,0.2361263930797577,0.11373889446258545
rosenbrock,1.0,2,cholesky,5,score_function,8192,0.02,1000,3,rosenbrock,417,0.004577159881591797,-0.6343837380409241,0.5110213160514832,0.0,0.2476559430360794,0.006815892178565264,0.14675720036029816,0.1993723213672638
rosenbrock,1.0,2,cholesky,5,score_function,8192,0.02,1000,3,rosenbrock,418,0.0046422481536865234,-0.6329175233840942,0.44195154309272766,0.0,0.1615324467420578,0.005903494078665972,0.13860464096069336,0.08274441957473755
rosenbrock,1.0,2,cholesky,5,score_function,8192,0.02,1000,3,rosenbrock,419,0.004558086395263672,-0.6401968002319336,0.45573824644088745,0.0,0.14658348262310028,0.00494941882789135,0.05530504882335663,0.13565975427627563
rosenbrock,1.0,2,cholesky,5,score_function,8192,0.02,1000,3,rosenbrock,420,0.00462794303894043,-0.6391353011131287,0.46036604046821594,0.0,0.15108585357666016,0.00490378076210618,0.13176873326301575,0.07375558465719223
rosenbrock,1.0,2,cholesky,5,score_function,8192,0.02,1000,3,rosenbrock,421,0.004676103591918945,-0.6415430307388306,0.4897552728652954,0.0,0.21566113829612732,0.010435262694954872,0.1974184811115265,0.08617869764566422
rosenbrock,1.0,2,cholesky,5,score_function,8192,0.02,1000,3,rosenbrock,422,0.004578113555908203,-0.6296700239181519,0.4866834580898285,0.0,0.3545125722885132,0.009886401705443859,0.15202544629573822,0.3201088309288025
rosenbrock,1.0,2,cholesky,5,score_function,8192,0.02,1000,3,rosenbrock,423,0.0045969486236572266,-0.6462976336479187,0.5466020107269287,0.0,0.4395696818828583,0.011081055738031864,0.24602565169334412,0.364101767539978
rosenbrock,1.0,2,cholesky,5,score_function,8192,0.02,1000,3,rosenbrock,424,0.0046138763427734375,-0.6334440112113953,0.4788362383842468,0.0,0.1883053332567215,0.008429321460425854,0.13649892807006836,0.12944453954696655
rosenbrock,1.0,2,cholesky,5,score_function,8192,0.02,1000,3,rosenbrock,425,0.004556179046630859,-0.6389631032943726,0.45827579498291016,0.0,0.24518950283527374,0.010068134404718876,0.1589573323726654,0.1864110827445984
rosenbrock,1.0,2,cholesky,5,score_function,8192,0.02,1000,3,rosenbrock,426,0.004586935043334961,-0.6301463842391968,0.4942825436592102,0.0,0.23184679448604584,0.009519100189208984,0.20453651249408722,0.10875264555215836
rosenbrock,1.0,2,cholesky,5,score_function,8192,0.02,1000,3,rosenbrock,427,0.004599094390869141,-0.6371979117393494,0.47835642099380493,0.0,0.24795234203338623,0.009962538257241249,0.24067890644073486,0.05877726152539253
rosenbrock,1.0,2,cholesky,5,score_function,8192,0.02,1000,3,rosenbrock,428,0.00458073616027832,-0.6255996227264404,0.4516144096851349,0.0,0.1968304067850113,0.009270144626498222,0.1446920782327652,0.13311830163002014
rosenbrock,1.0,2,cholesky,5,score_function,8192,0.02,1000,3,rosenbrock,429,0.004597902297973633,-0.6302139759063721,0.4986948072910309,0.0,0.2826694846153259,0.0061596161685884,0.1288255751132965,0.2515314221382141
rosenbrock,1.0,2,cholesky,5,score_function,8192,0.02,1000,3,rosenbrock,430,0.004617929458618164,-0.6232954263687134,0.49593713879585266,0.0,0.3082581162452698,0.003847005544230342,0.29900291562080383,0.0748700499534607
rosenbrock,1.0,2,cholesky,5,score_function,8192,0.02,1000,3,rosenbrock,431,0.004598140716552734,-0.6405403017997742,0.4831605851650238,0.0,0.17643313109874725,0.0028838347643613815,0.09160730242729187,0.1507595181465149
rosenbrock,1.0,2,cholesky,5,score_function,8192,0.02,1000,3,rosenbrock,432,0.0045969486236572266,-0.6248037219047546,0.480880469083786,0.0,0.1944047063589096,0.008845808915793896,0.17591096460819244,0.0822816863656044
rosenbrock,1.0,2,cholesky,5,score_function,8192,0.02,1000,3,rosenbrock,433,0.004536867141723633,-0.6399832963943481,0.5779193639755249,0.0,0.32890093326568604,0.010382742621004581,0.11905576288700104,0.30642086267471313
rosenbrock,1.0,2,cholesky,5,score_function,8192,0.02,1000,3,rosenbrock,434,0.004564046859741211,-0.6219179630279541,0.4271986186504364,0.0,0.245519757270813,0.0063577936962246895,0.18386322259902954,0.16258487105369568
rosenbrock,1.0,2,cholesky,5,score_function,8192,0.02,1000,3,rosenbrock,435,0.004540920257568359,-0.6292096376419067,0.4329037666320801,0.0,0.17195872962474823,0.004833809100091457,0.08482435345649719,0.1495034098625183
rosenbrock,1.0,2,cholesky,5,score_function,8192,0.02,1000,3,rosenbrock,436,0.004560947418212891,-0.6343991160392761,0.44547006487846375,0.0,0.20838326215744019,0.005614504683762789,0.15190447866916656,0.14253802597522736
rosenbrock,1.0,2,cholesky,5,score_function,8192,0.02,1000,3,rosenbrock,437,0.004625082015991211,-0.6281521320343018,0.4825723469257355,0.0,0.16846928000450134,0.011744086630642414,0.09292352944612503,0.1400328278541565
rosenbrock,1.0,2,cholesky,5,score_function,8192,0.02,1000,3,rosenbrock,438,0.004633188247680664,-0.6351249814033508,0.4360184073448181,0.0,0.11191956698894501,0.008175743743777275,0.07578303664922714,0.08195167034864426
rosenbrock,1.0,2,cholesky,5,score_function,8192,0.02,1000,3,rosenbrock,439,0.004545927047729492,-0.6323136687278748,0.4328214228153229,0.0,0.2441161423921585,0.009090375155210495,0.21620264649391174,0.11298881471157074
rosenbrock,1.0,2,cholesky,5,score_function,8192,0.02,1000,3,rosenbrock,440,0.004565238952636719,-0.623485803604126,0.49629607796669006,0.0,0.18855944275856018,0.008060415275394917,0.08652495592832565,0.16734133660793304
rosenbrock,1.0,2,cholesky,5,score_function,8192,0.02,1000,3,rosenbrock,441,0.0046100616455078125,-0.6253196597099304,0.46867284178733826,0.0,0.16836990416049957,0.006859049666672945,0.14371734857559204,0.08744543045759201
rosenbrock,1.0,2,cholesky,5,score_function,8192,0.02,1000,3,rosenbrock,442,0.0045719146728515625,-0.628788411617279,0.4938039183616638,0.0,0.18911448121070862,0.006165074184536934,0.07109033316373825,0.17513547837734222
rosenbrock,1.0,2,cholesky,5,score_function,8192,0.02,1000,3,rosenbrock,443,0.004560232162475586,-0.6273599863052368,0.4338180124759674,0.0,0.13744832575321198,0.00646421080455184,0.09707888960838318,0.0970873162150383
rosenbrock,1.0,2,cholesky,5,score_function,8192,0.02,1000,3,rosenbrock,444,0.00457000732421875,-0.6282798647880554,0.5383473634719849,0.0,0.2767409384250641,0.007297998294234276,0.08570833504199982,0.263033002614975
rosenbrock,1.0,2,cholesky,5,score_function,8192,0.02,1000,3,rosenbrock,445,0.004572868347167969,-0.6292245388031006,0.504066526889801,0.0,0.2214854657649994,0.005883081816136837,0.1558593511581421,0.15725478529930115
rosenbrock,1.0,2,cholesky,5,score_function,8192,0.02,1000,3,rosenbrock,446,0.004601955413818359,-0.6269178986549377,0.47113606333732605,0.0,0.1442568600177765,0.007262689992785454,0.12058258056640625,0.07884877920150757
rosenbrock,1.0,2,cholesky,5,score_function,8192,0.02,1000,3,rosenbrock,447,0.004525899887084961,-0.6348869204521179,0.5228980779647827,0.0,0.18510036170482635,0.005345530342310667,0.08898434042930603,0.1622200906276703
rosenbrock,1.0,2,cholesky,5,score_function,8192,0.02,1000,3,rosenbrock,448,0.004628896713256836,-0.6311047673225403,0.5124086141586304,0.0,0.37908655405044556,0.008716494776308537,0.19371281564235687,0.3257391154766083
rosenbrock,1.0,2,cholesky,5,score_function,8192,0.02,1000,3,rosenbrock,449,0.004928112030029297,-0.6322007775306702,0.5052323937416077,0.0,0.3026745319366455,0.00925968773663044,0.2309262752532959,0.19544613361358643
rosenbrock,1.0,2,cholesky,5,score_function,8192,0.02,1000,3,rosenbrock,450,0.004436016082763672,-0.6330928206443787,0.46099674701690674,0.0,0.2298327386379242,0.006231275387108326,0.1746448427438736,0.14927640557289124
rosenbrock,1.0,2,cholesky,5,score_function,8192,0.02,1000,3,rosenbrock,451,0.004609107971191406,-0.6211986541748047,0.45341622829437256,0.0,0.25301557779312134,0.007387758698314428,0.2379804104566574,0.08560161292552948
rosenbrock,1.0,2,cholesky,5,score_function,8192,0.02,1000,3,rosenbrock,452,0.0045969486236572266,-0.6223070621490479,0.5337629914283752,0.0,0.20529615879058838,0.008384774439036846,0.1343134194612503,0.1550358682870865
rosenbrock,1.0,2,cholesky,5,score_function,8192,0.02,1000,3,rosenbrock,453,0.004545927047729492,-0.629013180732727,0.4687940776348114,0.0,0.12341096252202988,0.008525806479156017,0.08622312545776367,0.08788145333528519
rosenbrock,1.0,2,cholesky,5,score_function,8192,0.02,1000,3,rosenbrock,454,0.004596233367919922,-0.6232460737228394,0.483915776014328,0.0,0.2053433507680893,0.010815453715622425,0.1601509153842926,0.1280648410320282
rosenbrock,1.0,2,cholesky,5,score_function,8192,0.02,1000,3,rosenbrock,455,0.004646778106689453,-0.6212393045425415,0.4548381268978119,0.0,0.25189143419265747,0.005565272644162178,0.17789828777313232,0.17824292182922363
rosenbrock,1.0,2,cholesky,5,score_function,8192,0.02,1000,3,rosenbrock,456,0.0045931339263916016,-0.6287115812301636,0.487008273601532,0.0,0.32581332325935364,0.011116932146251202,0.2743181586265564,0.1754431128501892
rosenbrock,1.0,2,cholesky,5,score_function,8192,0.02,1000,3,rosenbrock,457,0.0045680999755859375,-0.6242360472679138,0.5472201704978943,0.0,0.19811266660690308,0.006973855197429657,0.11676570773124695,0.1598929613828659
rosenbrock,1.0,2,cholesky,5,score_function,8192,0.02,1000,3,rosenbrock,458,0.004545688629150391,-0.6268406510353088,0.4851238429546356,0.0,0.22999005019664764,0.015286760404706001,0.16337214410305023,0.1611560732126236
rosenbrock,1.0,2,cholesky,5,score_function,8192,0.02,1000,3,rosenbrock,459,0.004549741744995117,-0.6233519911766052,0.5340815782546997,0.0,0.31682461500167847,0.01164068654179573,0.30139240622520447,0.09697919338941574
rosenbrock,1.0,2,cholesky,5,score_function,8192,0.02,1000,3,rosenbrock,460,0.004614114761352539,-0.632663905620575,0.6336870789527893,0.0,0.25307679176330566,0.005901691969484091,0.10724841058254242,0.2291523814201355
rosenbrock,1.0,2,cholesky,5,score_function,8192,0.02,1000,3,rosenbrock,461,0.004531145095825195,-0.6237584948539734,0.466083288192749,0.0,0.20172683894634247,0.006050651427358389,0.19081643223762512,0.06516281515359879
rosenbrock,1.0,2,cholesky,5,score_function,8192,0.02,1000,3,rosenbrock,462,0.004601716995239258,-0.6275855302810669,0.4924393594264984,0.0,0.39305850863456726,0.009858411736786366,0.37685298919677734,0.1112639456987381
rosenbrock,1.0,2,cholesky,5,score_function,8192,0.02,1000,3,rosenbrock,463,0.004633188247680664,-0.6193704009056091,0.46848005056381226,0.0,0.2595978081226349,0.010865947231650352,0.20938484370708466,0.15307165682315826
rosenbrock,1.0,2,cholesky,5,score_function,8192,0.02,1000,3,rosenbrock,464,0.004948854446411133,-0.6205291152000427,0.45002269744873047,0.0,0.2616112530231476,0.008763217367231846,0.13307498395442963,0.2250659316778183
rosenbrock,1.0,2,cholesky,5,score_function,8192,0.02,1000,3,rosenbrock,465,0.004893779754638672,-0.6228839159011841,0.5037495493888855,0.0,0.2088158279657364,0.004854138474911451,0.09368810802698135,0.18655571341514587
rosenbrock,1.0,2,cholesky,5,score_function,8192,0.02,1000,3,rosenbrock,466,0.004980802536010742,-0.6277787685394287,0.4767780005931854,0.0,0.2045808732509613,0.004507462494075298,0.14499828219413757,0.14425154030323029
rosenbrock,1.0,2,cholesky,5,score_function,8192,0.02,1000,3,rosenbrock,467,0.005022287368774414,-0.6263094544410706,0.5265012979507446,0.0,0.33052951097488403,0.006562743801623583,0.266295462846756,0.19568707048892975
rosenbrock,1.0,2,cholesky,5,score_function,8192,0.02,1000,3,rosenbrock,468,0.004701137542724609,-0.6239495873451233,0.5677339434623718,0.0,0.3526354432106018,0.004564844071865082,0.22129923105239868,0.2745133340358734
rosenbrock,1.0,2,cholesky,5,score_function,8192,0.02,1000,3,rosenbrock,469,0.004662990570068359,-0.6219083070755005,0.4434258043766022,0.0,0.1876947283744812,0.008937332779169083,0.15801361203193665,0.10090158879756927
rosenbrock,1.0,2,cholesky,5,score_function,8192,0.02,1000,3,rosenbrock,470,0.004634857177734375,-0.6236130595207214,0.47775518894195557,0.0,0.24817416071891785,0.010407052002847195,0.1790926605463028,0.17148739099502563
rosenbrock,1.0,2,cholesky,5,score_function,8192,0.02,1000,3,rosenbrock,471,0.004647016525268555,-0.6289120316505432,0.4818234145641327,0.0,0.2576086223125458,0.012979425489902496,0.2006639987230301,0.16102077066898346
rosenbrock,1.0,2,cholesky,5,score_function,8192,0.02,1000,3,rosenbrock,472,0.0046138763427734375,-0.6221617460250854,0.4623761475086212,0.0,0.28222936391830444,0.005686860531568527,0.17925651371479034,0.21791782975196838
rosenbrock,1.0,2,cholesky,5,score_function,8192,0.02,1000,3,rosenbrock,473,0.00461268424987793,-0.622481107711792,0.5782995820045471,0.0,0.2162906527519226,0.013737436383962631,0.1834006905555725,0.11382931470870972
rosenbrock,1.0,2,cholesky,5,score_function,8192,0.02,1000,3,rosenbrock,474,0.004598855972290039,-0.6333625912666321,0.5527328848838806,0.0,0.36240872740745544,0.004560702480375767,0.2826036214828491,0.22683583199977875
rosenbrock,1.0,2,cholesky,5,score_function,8192,0.02,1000,3,rosenbrock,475,0.0045850276947021484,-0.6235981583595276,0.5399993062019348,0.0,0.364469438791275,0.0058223954401910305,0.2523191273212433,0.2629432678222656
rosenbrock,1.0,2,cholesky,5,score_function,8192,0.02,1000,3,rosenbrock,476,0.004597902297973633,-0.627190351486206,0.5333278775215149,0.0,0.24722152948379517,0.005883692763745785,0.15638995170593262,0.1913793385028839
rosenbrock,1.0,2,cholesky,5,score_function,8192,0.02,1000,3,rosenbrock,477,0.004612922668457031,-0.6134617328643799,0.4322330951690674,0.0,0.18225131928920746,0.004399225115776062,0.12703120708465576,0.1306111067533493
rosenbrock,1.0,2,cholesky,5,score_function,8192,0.02,1000,3,rosenbrock,478,0.004583835601806641,-0.6152861714363098,0.5317113995552063,0.0,0.2745959758758545,0.008269304409623146,0.22271817922592163,0.1604093760251999
rosenbrock,1.0,2,cholesky,5,score_function,8192,0.02,1000,3,rosenbrock,479,0.004683017730712891,-0.6195269823074341,0.5176854133605957,0.0,0.3400239050388336,0.0071640764363110065,0.30465614795684814,0.15082953870296478
rosenbrock,1.0,2,cholesky,5,score_function,8192,0.02,1000,3,rosenbrock,480,0.005014181137084961,-0.6247137188911438,0.5252828001976013,0.0,0.32644161581993103,0.005419387947767973,0.0803409293293953,0.3163544237613678
rosenbrock,1.0,2,cholesky,5,score_function,8192,0.02,1000,3,rosenbrock,481,0.004862070083618164,-0.617131769657135,0.4672188460826874,0.0,0.2505301237106323,0.002159966854378581,0.2116144746541977,0.13408954441547394
rosenbrock,1.0,2,cholesky,5,score_function,8192,0.02,1000,3,rosenbrock,482,0.004899024963378906,-0.6184309720993042,0.49742352962493896,0.0,0.15162324905395508,0.00913939531892538,0.12204454839229584,0.08950536698102951
rosenbrock,1.0,2,cholesky,5,score_function,8192,0.02,1000,3,rosenbrock,483,0.004788875579833984,-0.6147570013999939,0.4502491354942322,0.0,0.3915557265281677,0.008951125666499138,0.3649984896183014,0.14146332442760468
rosenbrock,1.0,2,cholesky,5,score_function,8192,0.02,1000,3,rosenbrock,484,0.004701852798461914,-0.6201099753379822,0.5387603640556335,0.0,0.39089134335517883,0.005254837218672037,0.3532921373844147,0.16719172894954681
rosenbrock,1.0,2,cholesky,5,score_function,8192,0.02,1000,3,rosenbrock,485,0.0046422481536865234,-0.6222155094146729,0.4407344162464142,0.0,0.2379242181777954,0.005431548226624727,0.20801939070224762,0.11535324901342392
rosenbrock,1.0,2,cholesky,5,score_function,8192,0.02,1000,3,rosenbrock,486,0.004699230194091797,-0.6183121204376221,0.4760228395462036,0.0,0.22248151898384094,0.007723759859800339,0.08539318293333054,0.20529581606388092
rosenbrock,1.0,2,cholesky,5,score_function,8192,0.02,1000,3,rosenbrock,487,0.004659891128540039,-0.622785210609436,0.47752320766448975,0.0,0.24838963150978088,0.0013930643908679485,0.23157952725887299,0.08981306850910187
rosenbrock,1.0,2,cholesky,5,score_function,8192,0.02,1000,3,rosenbrock,488,0.004617929458618164,-0.610241174697876,0.5000761151313782,0.0,0.33854418992996216,0.004743585363030434,0.23880364000797272,0.23992185294628143
rosenbrock,1.0,2,cholesky,5,score_function,8192,0.02,1000,3,rosenbrock,489,0.0046350955963134766,-0.6137969493865967,0.5176568031311035,0.0,0.2596632242202759,0.006332714110612869,0.23451074957847595,0.11130845546722412
rosenbrock,1.0,2,cholesky,5,score_function,8192,0.02,1000,3,rosenbrock,490,0.004637002944946289,-0.6115102767944336,0.47533053159713745,0.0,0.21753525733947754,0.0065672071650624275,0.15075868368148804,0.15668532252311707
rosenbrock,1.0,2,cholesky,5,score_function,8192,0.02,1000,3,rosenbrock,491,0.004616975784301758,-0.6159089803695679,0.5138071775436401,0.0,0.2341334968805313,0.00795203447341919,0.11440879106521606,0.20412224531173706
rosenbrock,1.0,2,cholesky,5,score_function,8192,0.02,1000,3,rosenbrock,492,0.0046079158782958984,-0.629264235496521,0.5980694890022278,0.0,0.28090783953666687,0.007604009471833706,0.21906529366970062,0.17567524313926697
rosenbrock,1.0,2,cholesky,5,score_function,8192,0.02,1000,3,rosenbrock,493,0.004622220993041992,-0.624135434627533,0.4997101426124573,0.0,0.30834347009658813,0.008778480812907219,0.206645205616951,0.22868406772613525
rosenbrock,1.0,2,cholesky,5,score_function,8192,0.02,1000,3,rosenbrock,494,0.004654884338378906,-0.618671178817749,0.467230886220932,0.0,0.24234697222709656,0.004966954700648785,0.13299597799777985,0.20253263413906097
rosenbrock,1.0,2,cholesky,5,score_function,8192,0.02,1000,3,rosenbrock,495,0.004589080810546875,-0.6162012815475464,0.4868212044239044,0.0,0.2168545424938202,0.007500774692744017,0.11747187376022339,0.18212631344795227
rosenbrock,1.0,2,cholesky,5,score_function,8192,0.02,1000,3,rosenbrock,496,0.00460505485534668,-0.6169642210006714,0.606597900390625,0.0,0.3179415762424469,0.006949223577976227,0.19607770442962646,0.25018414855003357
rosenbrock,1.0,2,cholesky,5,score_function,8192,0.02,1000,3,rosenbrock,497,0.004589080810546875,-0.6167857050895691,0.49793949723243713,0.0,0.25795280933380127,0.009416992776095867,0.2242673933506012,0.12710274755954742
rosenbrock,1.0,2,cholesky,5,score_function,8192,0.02,1000,3,rosenbrock,498,0.0045931339263916016,-0.6162370443344116,0.642183244228363,0.0,0.5955145359039307,0.008129611611366272,0.29520487785339355,0.517132043838501
rosenbrock,1.0,2,cholesky,5,score_function,8192,0.02,1000,3,rosenbrock,499,0.004599809646606445,-0.6178404092788696,0.4522709846496582,0.0,0.26652348041534424,0.0041017234325408936,0.17954452335834503,0.19693073630332947
rosenbrock,1.0,2,cholesky,5,score_function,8192,0.02,1000,3,rosenbrock,500,0.0047070980072021484,-0.6173149347305298,0.46858513355255127,0.0,0.4566306173801422,0.007305711042135954,0.44671905040740967,0.0943412110209465
rosenbrock,1.0,2,cholesky,5,score_function,8192,0.02,1000,3,rosenbrock,501,0.0046579837799072266,-0.6104635000228882,0.4443800747394562,0.0,0.2711363434791565,0.007048065774142742,0.18279075622558594,0.20013190805912018
rosenbrock,1.0,2,cholesky,5,score_function,8192,0.02,1000,3,rosenbrock,502,0.004606962203979492,-0.610055148601532,0.44488880038261414,0.0,0.33170434832572937,0.011611245572566986,0.24322554469108582,0.22524268925189972
rosenbrock,1.0,2,cholesky,5,score_function,8192,0.02,1000,3,rosenbrock,503,0.00455784797668457,-0.6163198947906494,0.47114333510398865,0.0,0.27735233306884766,0.004756588488817215,0.061410676687955856,0.27042633295059204
rosenbrock,1.0,2,cholesky,5,score_function,8192,0.02,1000,3,rosenbrock,504,0.004567861557006836,-0.6129816770553589,0.5407251715660095,0.0,0.28896722197532654,0.00705333286896348,0.06896606087684631,0.28052806854248047
rosenbrock,1.0,2,cholesky,5,score_function,8192,0.02,1000,3,rosenbrock,505,0.004575252532958984,-0.6093001365661621,0.47795137763023376,0.0,0.4828941524028778,0.006858734413981438,0.2909548282623291,0.38533759117126465
rosenbrock,1.0,2,cholesky,5,score_function,8192,0.02,1000,3,rosenbrock,506,0.00458979606628418,-0.6151794195175171,0.43738409876823425,0.0,0.16063366830348969,0.0072053950279951096,0.11451547592878342,0.11241646111011505
rosenbrock,1.0,2,cholesky,5,score_function,8192,0.02,1000,3,rosenbrock,507,0.004621028900146484,-0.6082084774971008,0.499875009059906,0.0,0.19996978342533112,0.0054381657391786575,0.06729940325021744,0.18822626769542694
rosenbrock,1.0,2,cholesky,5,score_function,8192,0.02,1000,3,rosenbrock,508,0.0046007633209228516,-0.6175051927566528,0.5288347601890564,0.0,0.22146323323249817,0.007393644191324711,0.10484883189201355,0.1949308216571808
rosenbrock,1.0,2,cholesky,5,score_function,8192,0.02,1000,3,rosenbrock,509,0.004603862762451172,-0.6038914322853088,0.443437397480011,0.0,0.2671158015727997,0.012583115138113499,0.11188220977783203,0.24222899973392487
rosenbrock,1.0,2,cholesky,5,score_function,8192,0.02,1000,3,rosenbrock,510,0.0045871734619140625,-0.6167839169502258,0.5246729254722595,0.0,0.23123589158058167,0.008481013588607311,0.08057495206594467,0.2165774405002594
rosenbrock,1.0,2,cholesky,5,score_function,8192,0.02,1000,3,rosenbrock,511,0.004558086395263672,-0.6068434715270996,0.4791983366012573,0.0,0.22734732925891876,0.0036735348403453827,0.19075122475624084,0.12364175170660019
rosenbrock,1.0,2,cholesky,5,score_function,8192,0.02,1000,3,rosenbrock,512,0.004547119140625,-0.6183220148086548,0.49205881357192993,0.0,0.29548197984695435,0.008512320928275585,0.21049350500106812,0.20719467103481293
rosenbrock,1.0,2,cholesky,5,score_function,8192,0.02,1000,3,rosenbrock,513,0.004559040069580078,-0.6129567623138428,0.5159573554992676,0.0,0.2655377984046936,0.010906432755291462,0.17508576810359955,0.19933976233005524
rosenbrock,1.0,2,cholesky,5,score_function,8192,0.02,1000,3,rosenbrock,514,0.004552125930786133,-0.6017652750015259,0.4826166033744812,0.0,0.11435467004776001,0.003151965094730258,0.10160356760025024,0.0523810088634491
rosenbrock,1.0,2,cholesky,5,score_function,8192,0.02,1000,3,rosenbrock,515,0.0045392513275146484,-0.6121501922607422,0.6203271150588989,0.0,0.19956710934638977,0.0084895770996809,0.08411086350679398,0.18077699840068817
rosenbrock,1.0,2,cholesky,5,score_function,8192,0.02,1000,3,rosenbrock,516,0.00453495979309082,-0.5967246890068054,0.41644105315208435,0.0,0.16907882690429688,0.003787666792050004,0.13675051927566528,0.09936094284057617
rosenbrock,1.0,2,cholesky,5,score_function,8192,0.02,1000,3,rosenbrock,517,0.004586935043334961,-0.6069333553314209,0.5022581815719604,0.0,0.14264771342277527,0.010265067219734192,0.0876651182770729,0.11206169426441193
rosenbrock,1.0,2,cholesky,5,score_function,8192,0.02,1000,3,rosenbrock,518,0.005079030990600586,-0.6124697327613831,0.49031853675842285,0.0,0.25228291749954224,0.010619408451020718,0.09815579652786255,0.23216231167316437
rosenbrock,1.0,2,cholesky,5,score_function,8192,0.02,1000,3,rosenbrock,519,0.004836082458496094,-0.6081660389900208,0.4515294134616852,0.0,0.15632915496826172,0.010002405382692814,0.12028349190950394,0.09935109317302704
rosenbrock,1.0,2,cholesky,5,score_function,8192,0.02,1000,3,rosenbrock,520,0.00458979606628418,-0.6084895133972168,0.4949154853820801,0.0,0.28818878531455994,0.005314530339092016,0.12307889759540558,0.2605304419994354
rosenbrock,1.0,2,cholesky,5,score_function,8192,0.02,1000,3,rosenbrock,521,0.004556894302368164,-0.607661247253418,0.5327455997467041,0.0,0.20417915284633636,0.0056809308007359505,0.1719961017370224,0.10988260060548782
rosenbrock,1.0,2,cholesky,5,score_function,8192,0.02,1000,3,rosenbrock,522,0.004569053649902344,-0.5977349281311035,0.4429933428764343,0.0,0.13847064971923828,0.008438360877335072,0.08392944931983948,0.10981240123510361
rosenbrock,1.0,2,cholesky,5,score_function,8192,0.02,1000,3,rosenbrock,523,0.004556179046630859,-0.598415195941925,0.4749563932418823,0.0,0.14503587782382965,0.008406000211834908,0.09644119441509247,0.10799925774335861
rosenbrock,1.0,2,cholesky,5,score_function,8192,0.02,1000,3,rosenbrock,524,0.004550933837890625,-0.6051748991012573,0.5367291569709778,0.0,0.28967633843421936,0.010756170377135277,0.20260004699230194,0.20676054060459137
rosenbrock,1.0,2,cholesky,5,score_function,8192,0.02,1000,3,rosenbrock,525,0.004528999328613281,-0.6034092903137207,0.5145652890205383,0.0,0.1361437886953354,0.003361333394423127,0.10532011836767197,0.08620617538690567
rosenbrock,1.0,2,cholesky,5,score_function,8192,0.02,1000,3,rosenbrock,526,0.0045359134674072266,-0.6052489280700684,0.4878025949001312,0.0,0.20785574615001678,0.00802488625049591,0.13682013750076294,0.15626853704452515
rosenbrock,1.0,2,cholesky,5,score_function,8192,0.02,1000,3,rosenbrock,527,0.004575967788696289,-0.6048849821090698,0.5176137685775757,0.0,0.2697973847389221,0.00885065458714962,0.16432516276836395,0.21379785239696503
rosenbrock,1.0,2,cholesky,5,score_function,8192,0.02,1000,3,rosenbrock,528,0.00454401969909668,-0.6104937791824341,0.47731298208236694,0.0,0.19360612332820892,0.005687420722097158,0.1733788549900055,0.0859694555401802
rosenbrock,1.0,2,cholesky,5,score_function,8192,0.02,1000,3,rosenbrock,529,0.004676103591918945,-0.6080117225646973,0.5030828714370728,0.0,0.29329895973205566,0.00782039389014244,0.27460911870002747,0.10272753238677979
rosenbrock,1.0,2,cholesky,5,score_function,8192,0.02,1000,3,rosenbrock,530,0.005287885665893555,-0.6136684417724609,0.5840802192687988,0.0,0.30594077706336975,0.009126050397753716,0.1811114400625229,0.24640434980392456
rosenbrock,1.0,2,cholesky,5,score_function,8192,0.02,1000,3,rosenbrock,531,0.004915952682495117,-0.6101763844490051,0.5369148254394531,0.0,0.4887881577014923,0.010556325316429138,0.4680604338645935,0.14043451845645905
rosenbrock,1.0,2,cholesky,5,score_function,8192,0.02,1000,3,rosenbrock,532,0.004683017730712891,-0.6121929883956909,0.5146971344947815,0.0,0.22218827903270721,0.0046287463046610355,0.19237226247787476,0.11108160018920898
rosenbrock,1.0,2,cholesky,5,score_function,8192,0.02,1000,3,rosenbrock,533,0.004623889923095703,-0.6072794198989868,0.6014984250068665,0.0,0.1628011167049408,0.0037888598162680864,0.08803381770849228,0.13689374923706055
rosenbrock,1.0,2,cholesky,5,score_function,8192,0.02,1000,3,rosenbrock,534,0.004597902297973633,-0.6042380928993225,0.5307583808898926,0.0,0.42526718974113464,0.007796882651746273,0.2529568672180176,0.3417662978172302
rosenbrock,1.0,2,cholesky,5,score_function,8192,0.02,1000,3,rosenbrock,535,0.004619121551513672,-0.6113907098770142,0.5231633186340332,0.0,0.28113269805908203,0.006924785673618317,0.26895642280578613,0.08154810220003128
rosenbrock,1.0,2,cholesky,5,score_function,8192,0.02,1000,3,rosenbrock,536,0.004584074020385742,-0.6052155494689941,0.5148556232452393,0.0,0.29840022325515747,0.010266656056046486,0.2582939565181732,0.14906886219978333
rosenbrock,1.0,2,cholesky,5,score_function,8192,0.02,1000,3,rosenbrock,537,0.004609823226928711,-0.6005100607872009,0.5125740766525269,0.0,0.1874609887599945,0.005993027705699205,0.10939095914363861,0.15211614966392517
rosenbrock,1.0,2,cholesky,5,score_function,8192,0.02,1000,3,rosenbrock,538,0.004598855972290039,-0.613574206829071,0.5228583812713623,0.0,0.2976808249950409,0.010756717063486576,0.0992250069975853,0.2804506719112396
rosenbrock,1.0,2,cholesky,5,score_function,8192,0.02,1000,3,rosenbrock,539,0.0045909881591796875,-0.6104462146759033,0.5381245613098145,0.0,0.25053077936172485,0.01415388472378254,0.16900086402893066,0.18440185487270355
rosenbrock,1.0,2,cholesky,5,score_function,8192,0.02,1000,3,rosenbrock,540,0.004582881927490234,-0.6256750822067261,0.5536484122276306,0.0,0.20792587101459503,0.010869819670915604,0.13029830157756805,0.16167056560516357
rosenbrock,1.0,2,cholesky,5,score_function,8192,0.02,1000,3,rosenbrock,541,0.00458216667175293,-0.6074014902114868,0.5259912610054016,0.0,0.28133440017700195,0.006985628977417946,0.24310801923274994,0.14141690731048584
rosenbrock,1.0,2,cholesky,5,score_function,8192,0.02,1000,3,rosenbrock,542,0.004597187042236328,-0.6018896698951721,0.4639461934566498,0.0,0.22408364713191986,0.010118911974132061,0.1746653914451599,0.1400110423564911
rosenbrock,1.0,2,cholesky,5,score_function,8192,0.02,1000,3,rosenbrock,543,0.004602909088134766,-0.6009162664413452,0.5239407420158386,0.0,0.23942284286022186,0.006844912189990282,0.21783363819122314,0.09912088513374329
rosenbrock,1.0,2,cholesky,5,score_function,8192,0.02,1000,3,rosenbrock,544,0.0045871734619140625,-0.609671413898468,0.5244070887565613,0.0,0.17404812574386597,0.0037723847199231386,0.1351882517337799,0.10955663025379181
rosenbrock,1.0,2,cholesky,5,score_function,8192,0.02,1000,3,rosenbrock,545,0.004595279693603516,-0.6155421137809753,0.6962277293205261,0.0,0.41422465443611145,0.013597719371318817,0.1484685242176056,0.38646382093429565
rosenbrock,1.0,2,cholesky,5,score_function,8192,0.02,1000,3,rosenbrock,546,0.00459599494934082,-0.6089435815811157,0.4721863269805908,0.0,0.3495444357395172,0.0019072855357080698,0.3310670852661133,0.11212608963251114
rosenbrock,1.0,2,cholesky,5,score_function,8192,0.02,1000,3,rosenbrock,547,0.004581928253173828,-0.6154100298881531,0.4738430380821228,0.0,0.17581428587436676,0.006310838274657726,0.15687742829322815,0.07912210375070572
rosenbrock,1.0,2,cholesky,5,score_function,8192,0.02,1000,3,rosenbrock,548,0.004592180252075195,-0.6120904684066772,0.4944959282875061,0.0,0.25367292761802673,0.007899816147983074,0.22999943792819977,0.10671361535787582
rosenbrock,1.0,2,cholesky,5,score_function,8192,0.02,1000,3,rosenbrock,549,0.004577159881591797,-0.6108089089393616,0.5548214316368103,0.0,0.21936005353927612,0.007758190855383873,0.10757873952388763,0.1910116821527481
rosenbrock,1.0,2,cholesky,5,score_function,8192,0.02,1000,3,rosenbrock,550,0.004590272903442383,-0.6225327253341675,0.609828531742096,0.0,0.43494871258735657,0.01097087375819683,0.3390413522720337,0.2722333073616028
rosenbrock,1.0,2,cholesky,5,score_function,8192,0.02,1000,3,rosenbrock,551,0.0045621395111083984,-0.6104508638381958,0.4856809079647064,0.0,0.07659446448087692,0.0035791578702628613,0.04346659779548645,0.06296472251415253
rosenbrock,1.0,2,cholesky,5,score_function,8192,0.02,1000,3,rosenbrock,552,0.004587888717651367,-0.6080447435379028,0.509363055229187,0.0,0.21880993247032166,0.007911758497357368,0.18843331933021545,0.11094177514314651
rosenbrock,1.0,2,cholesky,5,score_function,8192,0.02,1000,3,rosenbrock,553,0.004591941833496094,-0.6060093641281128,0.47070902585983276,0.0,0.26420068740844727,0.007593565620481968,0.19344395399093628,0.17978811264038086
rosenbrock,1.0,2,cholesky,5,score_function,8192,0.02,1000,3,rosenbrock,554,0.004575967788696289,-0.6141149401664734,0.5230140089988708,0.0,0.271241694688797,0.014107347466051579,0.2282133847475052,0.14591674506664276
rosenbrock,1.0,2,cholesky,5,score_function,8192,0.02,1000,3,rosenbrock,555,0.004577159881591797,-0.605049729347229,0.5246019959449768,0.0,0.24497002363204956,0.006556697655469179,0.21852171421051025,0.11052413284778595
rosenbrock,1.0,2,cholesky,5,score_function,8192,0.02,1000,3,rosenbrock,556,0.004579782485961914,-0.5984563231468201,0.5364276766777039,0.0,0.37963828444480896,0.007117693778127432,0.22069567441940308,0.3088170886039734
rosenbrock,1.0,2,cholesky,5,score_function,8192,0.02,1000,3,rosenbrock,557,0.004571676254272461,-0.5975005030632019,0.4521998167037964,0.0,0.17668429017066956,0.010265297256410122,0.07637912034988403,0.15899117290973663
rosenbrock,1.0,2,cholesky,5,score_function,8192,0.02,1000,3,rosenbrock,558,0.0045680999755859375,-0.6021581292152405,0.4512059986591339,0.0,0.19782677292823792,0.00511241564527154,0.15856416523456573,0.1181807592511177
rosenbrock,1.0,2,cholesky,5,score_function,8192,0.02,1000,3,rosenbrock,559,0.004547119140625,-0.6079488396644592,0.458401083946228,0.0,0.18521597981452942,0.005609301850199699,0.10576093196868896,0.1519477665424347
rosenbrock,1.0,2,cholesky,5,score_function,8192,0.02,1000,3,rosenbrock,560,0.004579067230224609,-0.6005584001541138,0.47740721702575684,0.0,0.2588784694671631,0.003851857502013445,0.21349065005779266,0.1463726907968521
rosenbrock,1.0,2,cholesky,5,score_function,8192,0.02,1000,3,rosenbrock,561,0.0045909881591796875,-0.587716817855835,0.5167587995529175,0.0,0.16648000478744507,0.008390446193516254,0.13968993723392487,0.09017713367938995
rosenbrock,1.0,2,cholesky,5,score_function,8192,0.02,1000,3,rosenbrock,562,0.004572868347167969,-0.5967391133308411,0.46865004301071167,0.0,0.17928281426429749,0.002739350777119398,0.1449134647846222,0.10552211105823517
rosenbrock,1.0,2,cholesky,5,score_function,8192,0.02,1000,3,rosenbrock,563,0.004537820816040039,-0.6034034490585327,0.4615998864173889,0.0,0.15957415103912354,0.00964559055864811,0.09768673777580261,0.12581007182598114
rosenbrock,1.0,2,cholesky,5,score_function,8192,0.02,1000,3,rosenbrock,564,0.004539012908935547,-0.6025506258010864,0.45311275124549866,0.0,0.12862691283226013,0.013280409388244152,0.07423653453588486,0.10419910401105881
rosenbrock,1.0,2,cholesky,5,score_function,8192,0.02,1000,3,rosenbrock,565,0.004576921463012695,-0.5938519239425659,0.4884887933731079,0.0,0.2754799425601959,0.006702367682009935,0.18312443792819977,0.20569321513175964
rosenbrock,1.0,2,cholesky,5,score_function,8192,0.02,1000,3,rosenbrock,566,0.004560232162475586,-0.6184507012367249,0.5510498285293579,0.0,0.24967552721500397,0.0103331683203578,0.1162923276424408,0.2206970453262329
rosenbrock,1.0,2,cholesky,5,score_function,8192,0.02,1000,3,rosenbrock,567,0.004558086395263672,-0.6033579111099243,0.5425449013710022,0.0,0.2081449180841446,0.0036363371182233095,0.14689050614833832,0.14742545783519745
rosenbrock,1.0,2,cholesky,5,score_function,8192,0.02,1000,3,rosenbrock,568,0.004569053649902344,-0.6000023484230042,0.4641531705856323,0.0,0.22814427316188812,0.004067192319780588,0.1654786765575409,0.15700343251228333
rosenbrock,1.0,2,cholesky,5,score_function,8192,0.02,1000,3,rosenbrock,569,0.004575014114379883,-0.6124129295349121,0.5242781043052673,0.0,0.2802334725856781,0.00722322054207325,0.2529422640800476,0.12041114270687103
rosenbrock,1.0,2,cholesky,5,score_function,8192,0.02,1000,3,rosenbrock,570,0.004559993743896484,-0.6020681262016296,0.5547536611557007,0.0,0.2917189598083496,0.007262032944709063,0.12678824365139008,0.262625128030777
rosenbrock,1.0,2,cholesky,5,score_function,8192,0.02,1000,3,rosenbrock,571,0.0045452117919921875,-0.6074019074440002,0.4956200420856476,0.0,0.24590465426445007,0.009139183908700943,0.07486862689256668,0.23405183851718903
rosenbrock,1.0,2,cholesky,5,score_function,8192,0.02,1000,3,rosenbrock,572,0.004559993743896484,-0.6081644892692566,0.49918314814567566,0.0,0.19732210040092468,0.0064066555351018906,0.12597742676734924,0.15173876285552979
rosenbrock,1.0,2,cholesky,5,score_function,8192,0.02,1000,3,rosenbrock,573,0.004572868347167969,-0.5919731855392456,0.5032594203948975,0.0,0.4048219323158264,0.004856954328715801,0.2306370735168457,0.33266159892082214
rosenbrock,1.0,2,cholesky,5,score_function,8192,0.02,1000,3,rosenbrock,574,0.004567146301269531,-0.6031182408332825,0.5036101341247559,0.0,0.29859334230422974,0.003201623447239399,0.23245058953762054,0.18738850951194763
rosenbrock,1.0,2,cholesky,5,score_function,8192,0.02,1000,3,rosenbrock,575,0.004558086395263672,-0.5993723273277283,0.5506500601768494,0.0,0.18811261653900146,0.0055960919708013535,0.14854058623313904,0.11528544127941132
rosenbrock,1.0,2,cholesky,5,score_function,8192,0.02,1000,3,rosenbrock,576,0.004577159881591797,-0.5917192101478577,0.5025076866149902,0.0,0.3170378804206848,0.0022153283935040236,0.30273473262786865,0.09412658959627151
rosenbrock,1.0,2,cholesky,5,score_function,8192,0.02,1000,3,rosenbrock,577,0.004576921463012695,-0.6049451231956482,0.47720301151275635,0.0,0.2862440347671509,0.0038973672781139612,0.2778918743133545,0.06853130459785461
rosenbrock,1.0,2,cholesky,5,score_function,8192,0.02,1000,3,rosenbrock,578,0.004554033279418945,-0.6011351346969604,0.6163797378540039,0.0,0.4063839912414551,0.0042508263140916824,0.07499108463525772,0.3993822932243347
rosenbrock,1.0,2,cholesky,5,score_function,8192,0.02,1000,3,rosenbrock,579,0.004553079605102539,-0.602167010307312,0.5123293399810791,0.0,0.16914485394954681,0.012112402357161045,0.15048667788505554,0.0762694776058197
rosenbrock,1.0,2,cholesky,5,score_function,8192,0.02,1000,3,rosenbrock,580,0.00457000732421875,-0.6015971899032593,0.5157855153083801,0.0,0.3214333653450012,0.005802819970995188,0.3051276206970215,0.10091014206409454
rosenbrock,1.0,2,cholesky,5,score_function,8192,0.02,1000,3,rosenbrock,581,0.004559993743896484,-0.6084808111190796,0.564861536026001,0.0,0.32410940527915955,0.008312608115375042,0.12063756585121155,0.30070650577545166
rosenbrock,1.0,2,cholesky,5,score_function,8192,0.02,1000,3,rosenbrock,582,0.004668712615966797,-0.604490339756012,0.5513082146644592,0.0,0.33034658432006836,0.004551339894533157,0.19839058816432953,0.26410096883773804
rosenbrock,1.0,2,cholesky,5,score_function,8192,0.02,1000,3,rosenbrock,583,0.004559040069580078,-0.5919837951660156,0.4736703038215637,0.0,0.17864659428596497,0.006589832250028849,0.11057356745004654,0.14015944302082062
rosenbrock,1.0,2,cholesky,5,score_function,8192,0.02,1000,3,rosenbrock,584,0.004570960998535156,-0.606255292892456,0.5096859931945801,0.0,0.22277456521987915,0.013748066499829292,0.18207994103431702,0.12761814892292023
rosenbrock,1.0,2,cholesky,5,score_function,8192,0.02,1000,3,rosenbrock,585,0.004574298858642578,-0.5998852849006653,0.4524935781955719,0.0,0.13802164793014526,0.007494274992495775,0.1046835258603096,0.08963912725448608
rosenbrock,1.0,2,cholesky,5,score_function,8192,0.02,1000,3,rosenbrock,586,0.004563331604003906,-0.5978823900222778,0.5109636783599854,0.0,0.2443361133337021,0.001971785444766283,0.17563681304454803,0.16984684765338898
rosenbrock,1.0,2,cholesky,5,score_function,8192,0.02,1000,3,rosenbrock,587,0.004586935043334961,-0.6065506935119629,0.5219354033470154,0.0,0.21216680109500885,0.006090102251619101,0.13176308572292328,0.16618108749389648
rosenbrock,1.0,2,cholesky,5,score_function,8192,0.02,1000,3,rosenbrock,588,0.004558086395263672,-0.6056488752365112,0.4870152175426483,0.0,0.35109591484069824,0.005838545970618725,0.26570218801498413,0.22942672669887543
rosenbrock,1.0,2,cholesky,5,score_function,8192,0.02,1000,3,rosenbrock,589,0.004559993743896484,-0.6125357151031494,0.5121514201164246,0.0,0.22427865862846375,0.008861616253852844,0.16035224497318268,0.15655526518821716
rosenbrock,1.0,2,cholesky,5,score_function,8192,0.02,1000,3,rosenbrock,590,0.0045697689056396484,-0.6062386631965637,0.5797339677810669,0.0,0.2252683788537979,0.012424230575561523,0.16169065237045288,0.1563573181629181
rosenbrock,1.0,2,cholesky,5,score_function,8192,0.02,1000,3,rosenbrock,591,0.004561901092529297,-0.5920599699020386,0.5105761885643005,0.0,0.14127765595912933,0.004715069197118282,0.10701810568571091,0.09211009740829468
rosenbrock,1.0,2,cholesky,5,score_function,8192,0.02,1000,3,rosenbrock,592,0.004561901092529297,-0.6061272025108337,0.5320734977722168,0.0,0.2103268951177597,0.007522320840507746,0.11703314632177353,0.1745968461036682
rosenbrock,1.0,2,cholesky,5,score_function,8192,0.02,1000,3,rosenbrock,593,0.0045719146728515625,-0.604926347732544,0.4979288876056671,0.0,0.33510568737983704,0.006657781079411507,0.3048538267612457,0.1389807164669037
rosenbrock,1.0,2,cholesky,5,score_function,8192,0.02,1000,3,rosenbrock,594,0.0045816898345947266,-0.5965829491615295,0.48106104135513306,0.0,0.10799041390419006,0.010781439952552319,0.09002446383237839,0.05866247043013573
rosenbrock,1.0,2,cholesky,5,score_function,8192,0.02,1000,3,rosenbrock,595,0.004581928253173828,-0.5990250706672668,0.521727979183197,0.0,0.3282073736190796,0.007712135091423988,0.30045071244239807,0.1318710595369339
rosenbrock,1.0,2,cholesky,5,score_function,8192,0.02,1000,3,rosenbrock,596,0.00456690788269043,-0.5938336849212646,0.46222123503685,0.0,0.16919319331645966,0.013819215819239616,0.10743184387683868,0.12997601926326752
rosenbrock,1.0,2,cholesky,5,score_function,8192,0.02,1000,3,rosenbrock,597,0.004576206207275391,-0.5922266244888306,0.49665480852127075,0.0,0.28651759028434753,0.0072893863543868065,0.25684142112731934,0.12677407264709473
rosenbrock,1.0,2,cholesky,5,score_function,8192,0.02,1000,3,rosenbrock,598,0.004547119140625,-0.6025483012199402,0.49936291575431824,0.0,0.25269925594329834,0.006863521412014961,0.2194628268480301,0.12508347630500793
rosenbrock,1.0,2,cholesky,5,score_function,8192,0.02,1000,3,rosenbrock,599,0.004554033279418945,-0.6066624522209167,0.7419675588607788,0.0,0.25926053524017334,0.005550974514335394,0.10702719539403915,0.23607280850410461
rosenbrock,1.0,2,cholesky,5,score_function,8192,0.02,1000,3,rosenbrock,600,0.0045719146728515625,-0.5958836078643799,0.46316298842430115,0.0,0.2172435224056244,0.00455149170011282,0.1775234341621399,0.1251377910375595
rosenbrock,1.0,2,cholesky,5,score_function,8192,0.02,1000,3,rosenbrock,601,0.004568815231323242,-0.6040974855422974,0.50324946641922,0.0,0.19650959968566895,0.010996663942933083,0.09942153096199036,0.16914625465869904
rosenbrock,1.0,2,cholesky,5,score_function,8192,0.02,1000,3,rosenbrock,602,0.0045623779296875,-0.6062809824943542,0.5342472195625305,0.0,0.22911310195922852,0.003915481269359589,0.1668691784143448,0.1569463461637497
rosenbrock,1.0,2,cholesky,5,score_function,8192,0.02,1000,3,rosenbrock,603,0.0045549869537353516,-0.5983402729034424,0.48250240087509155,0.0,0.36405912041664124,0.008938781917095184,0.27804243564605713,0.2348436862230301
rosenbrock,1.0,2,cholesky,5,score_function,8192,0.02,1000,3,rosenbrock,604,0.0045506954193115234,-0.5917503237724304,0.46711602807044983,0.0,0.20940998196601868,0.010605251416563988,0.15981002151966095,0.134910449385643
rosenbrock,1.0,2,cholesky,5,score_function,8192,0.02,1000,3,rosenbrock,605,0.0045621395111083984,-0.5989015698432922,0.47271835803985596,0.0,0.11536924540996552,0.007678223308175802,0.09651221334934235,0.06274154037237167
rosenbrock,1.0,2,cholesky,5,score_function,8192,0.02,1000,3,rosenbrock,606,0.0045659542083740234,-0.6002065539360046,0.4646913707256317,0.0,0.15211397409439087,0.002761303912848234,0.13910311460494995,0.06149279698729515
rosenbrock,1.0,2,cholesky,5,score_function,8192,0.02,1000,3,rosenbrock,607,0.004570960998535156,-0.5926575660705566,0.47280198335647583,0.0,0.1609223634004593,0.007732998579740524,0.06543285399675369,0.14681535959243774
rosenbrock,1.0,2,cholesky,5,score_function,8192,0.02,1000,3,rosenbrock,608,0.0045511722564697266,-0.5965172052383423,0.47912493348121643,0.0,0.14715512096881866,0.010724888183176517,0.10412129014730453,0.10343289375305176
rosenbrock,1.0,2,cholesky,5,score_function,8192,0.02,1000,3,rosenbrock,609,0.004540920257568359,-0.5951521396636963,0.5231812596321106,0.0,0.41914916038513184,0.004905027337372303,0.34203246235847473,0.24223074316978455
rosenbrock,1.0,2,cholesky,5,score_function,8192,0.02,1000,3,rosenbrock,610,0.004555940628051758,-0.6077185273170471,0.5744167566299438,0.0,0.2453591525554657,0.009316015988588333,0.1699475347995758,0.17672623693943024
rosenbrock,1.0,2,cholesky,5,score_function,8192,0.02,1000,3,rosenbrock,611,0.004574775695800781,-0.6033220291137695,0.5043746829032898,0.0,0.19766069948673248,0.00782509334385395,0.1753567010164261,0.09087653458118439
rosenbrock,1.0,2,cholesky,5,score_function,8192,0.02,1000,3,rosenbrock,612,0.0045719146728515625,-0.5986682772636414,0.4666202664375305,0.0,0.32459670305252075,0.006168046034872532,0.2870817184448242,0.15135739743709564
rosenbrock,1.0,2,cholesky,5,score_function,8192,0.02,1000,3,rosenbrock,613,0.004565000534057617,-0.6012343168258667,0.5207098126411438,0.0,0.2153168022632599,0.012676089070737362,0.1638662964105606,0.13909879326820374
rosenbrock,1.0,2,cholesky,5,score_function,8192,0.02,1000,3,rosenbrock,614,0.004553079605102539,-0.5985360145568848,0.5064244866371155,0.0,0.26491641998291016,0.012553057633340359,0.18425299227237701,0.1899314969778061
rosenbrock,1.0,2,cholesky,5,score_function,8192,0.02,1000,3,rosenbrock,615,0.004553318023681641,-0.5948092937469482,0.5279255509376526,0.0,0.1547829657793045,0.007639569230377674,0.07670288532972336,0.13422395288944244
rosenbrock,1.0,2,cholesky,5,score_function,8192,0.02,1000,3,rosenbrock,616,0.004566192626953125,-0.595439076423645,0.5031169652938843,0.0,0.3572044372558594,0.006031966768205166,0.32758674025535583,0.14228679239749908
rosenbrock,1.0,2,cholesky,5,score_function,8192,0.02,1000,3,rosenbrock,617,0.004580974578857422,-0.5950599908828735,0.4720730781555176,0.0,0.22524261474609375,0.0023289434611797333,0.19122977554798126,0.11899576336145401
rosenbrock,1.0,2,cholesky,5,score_function,8192,0.02,1000,3,rosenbrock,618,0.004563808441162109,-0.5980494022369385,0.5357832312583923,0.0,0.29954567551612854,0.010228235274553299,0.1822483092546463,0.23750483989715576
rosenbrock,1.0,2,cholesky,5,score_function,8192,0.02,1000,3,rosenbrock,619,0.004556894302368164,-0.5954179167747498,0.44401681423187256,0.0,0.22356398403644562,0.004743986297398806,0.18935318291187286,0.11875908821821213
rosenbrock,1.0,2,cholesky,5,score_function,8192,0.02,1000,3,rosenbrock,620,0.004548788070678711,-0.5977674722671509,0.49762511253356934,0.0,0.21226590871810913,0.006122386083006859,0.10927776992321014,0.18187277019023895
rosenbrock,1.0,2,cholesky,5,score_function,8192,0.02,1000,3,rosenbrock,621,0.004551887512207031,-0.5903216600418091,0.5381920337677002,0.0,0.19431179761886597,0.009414412081241608,0.16597077250480652,0.10060887038707733
rosenbrock,1.0,2,cholesky,5,score_function,8192,0.02,1000,3,rosenbrock,622,0.0045719146728515625,-0.6088587641716003,0.5287678241729736,0.0,0.15494345128536224,0.00923533271998167,0.1182725727558136,0.09966834634542465
rosenbrock,1.0,2,cholesky,5,score_function,8192,0.02,1000,3,rosenbrock,623,0.004522800445556641,-0.5944875478744507,0.5339036583900452,0.0,0.42715558409690857,0.00849001295864582,0.27851322293281555,0.323759526014328
rosenbrock,1.0,2,cholesky,5,score_function,8192,0.02,1000,3,rosenbrock,624,0.0045392513275146484,-0.601955235004425,0.5196226239204407,0.0,0.17924462258815765,0.007178676780313253,0.1285436451435089,0.1247141882777214
rosenbrock,1.0,2,cholesky,5,score_function,8192,0.02,1000,3,rosenbrock,625,0.004541158676147461,-0.5837346315383911,0.48204749822616577,0.0,0.22372068464756012,0.005930871237069368,0.1985720545053482,0.10288297384977341
rosenbrock,1.0,2,cholesky,5,score_function,8192,0.02,1000,3,rosenbrock,626,0.004548788070678711,-0.5952588319778442,0.5174448490142822,0.0,0.23920142650604248,0.00680458452552557,0.1959742158651352,0.13698583841323853
rosenbrock,1.0,2,cholesky,5,score_function,8192,0.02,1000,3,rosenbrock,627,0.0045511722564697266,-0.5944070219993591,0.5681840777397156,0.0,0.18157713115215302,0.004681804217398167,0.14362986385822296,0.11099007725715637
rosenbrock,1.0,2,cholesky,5,score_function,8192,0.02,1000,3,rosenbrock,628,0.004541873931884766,-0.5995559692382812,0.5120288133621216,0.0,0.14213304221630096,0.007238053251057863,0.06180667132139206,0.12778633832931519
rosenbrock,1.0,2,cholesky,5,score_function,8192,0.02,1000,3,rosenbrock,629,0.004565000534057617,-0.6006317734718323,0.5220029950141907,0.0,0.30207961797714233,0.008851599879562855,0.1981504261493683,0.22783800959587097
rosenbrock,1.0,2,cholesky,5,score_function,8192,0.02,1000,3,rosenbrock,630,0.004551887512207031,-0.5988805294036865,0.4739026427268982,0.0,0.30536773800849915,0.01143321581184864,0.1793510615825653,0.24688446521759033
rosenbrock,1.0,2,cholesky,5,score_function,8192,0.02,1000,3,rosenbrock,631,0.004565000534057617,-0.5970509648323059,0.48924291133880615,0.0,0.2164558321237564,0.011184994131326675,0.1875964254140854,0.10740393400192261
rosenbrock,1.0,2,cholesky,5,score_function,8192,0.02,1000,3,rosenbrock,632,0.004546165466308594,-0.5923934578895569,0.485686719417572,0.0,0.1562000960111618,0.006166352890431881,0.07543867826461792,0.13663619756698608
rosenbrock,1.0,2,cholesky,5,score_function,8192,0.02,1000,3,rosenbrock,633,0.00455784797668457,-0.6055431365966797,0.5045088529586792,0.0,0.1709626317024231,0.006741623394191265,0.09223273396492004,0.14379115402698517
rosenbrock,1.0,2,cholesky,5,score_function,8192,0.02,1000,3,rosenbrock,634,0.0045659542083740234,-0.5959758162498474,0.5688527226448059,0.0,0.3487629294395447,0.006605023052543402,0.2600425183773041,0.2323141098022461
rosenbrock,1.0,2,cholesky,5,score_function,8192,0.02,1000,3,rosenbrock,635,0.004547119140625,-0.6007047891616821,0.6165105700492859,0.0,0.3029017448425293,0.0018457048572599888,0.1854587346315384,0.23948095738887787
rosenbrock,1.0,2,cholesky,5,score_function,8192,0.02,1000,3,rosenbrock,636,0.004570722579956055,-0.6001631021499634,0.4941941201686859,0.0,0.13603252172470093,0.005724591203033924,0.08818479627370834,0.10341912508010864
rosenbrock,1.0,2,cholesky,5,score_function,8192,0.02,1000,3,rosenbrock,637,0.004547119140625,-0.5977867245674133,0.5161584615707397,0.0,0.1210944876074791,0.0047566210851073265,0.08817394077777863,0.08286497741937637
rosenbrock,1.0,2,cholesky,5,score_function,8192,0.02,1000,3,rosenbrock,638,0.004565000534057617,-0.5792640447616577,0.5151314735412598,0.0,0.13242381811141968,0.00798395648598671,0.0988512709736824,0.08775391429662704
rosenbrock,1.0,2,cholesky,5,score_function,8192,0.02,1000,3,rosenbrock,639,0.004561901092529297,-0.599129855632782,0.4710328280925751,0.0,0.18616969883441925,0.009266536682844162,0.11515223234891891,0.14599059522151947
rosenbrock,1.0,2,cholesky,5,score_function,8192,0.02,1000,3,rosenbrock,640,0.0045490264892578125,-0.5926655530929565,0.4809262454509735,0.0,0.19228611886501312,0.002173012588173151,0.15962707996368408,0.1071840450167656
rosenbrock,1.0,2,cholesky,5,score_function,8192,0.02,1000,3,rosenbrock,641,0.004544973373413086,-0.593564510345459,0.49408677220344543,0.0,0.2015504390001297,0.00941517949104309,0.18208982050418854,0.08589082211256027
rosenbrock,1.0,2,cholesky,5,score_function,8192,0.02,1000,3,rosenbrock,642,0.004576921463012695,-0.6087861061096191,0.5798379182815552,0.0,0.3681683838367462,0.005749386735260487,0.10406927019357681,0.35310688614845276
rosenbrock,1.0,2,cholesky,5,score_function,8192,0.02,1000,3,rosenbrock,643,0.004549980163574219,-0.5854287147521973,0.46024245023727417,0.0,0.17410923540592194,0.0066510350443422794,0.13538363575935364,0.10927516967058182
rosenbrock,1.0,2,cholesky,5,score_function,8192,0.02,1000,3,rosenbrock,644,0.004554033279418945,-0.5943688750267029,0.5157933831214905,0.0,0.2558495104312897,0.00619813846424222,0.1622503399848938,0.19772550463676453
rosenbrock,1.0,2,cholesky,5,score_function,8192,0.02,1000,3,rosenbrock,645,0.0045621395111083984,-0.5874301791191101,0.4869554042816162,0.0,0.19743679463863373,0.012531878426671028,0.0937976986169815,0.1732807755470276
rosenbrock,1.0,2,cholesky,5,score_function,8192,0.02,1000,3,rosenbrock,646,0.004572868347167969,-0.595045804977417,0.46145129203796387,0.0,0.25884711742401123,0.0056115323677659035,0.24258537590503693,0.0901259109377861
rosenbrock,1.0,2,cholesky,5,score_function,8192,0.02,1000,3,rosenbrock,647,0.004548072814941406,-0.5962115526199341,0.5666085481643677,0.0,0.27372997999191284,0.004923505242913961,0.16674859821796417,0.21702250838279724
rosenbrock,1.0,2,cholesky,5,score_function,8192,0.02,1000,3,rosenbrock,648,0.004534006118774414,-0.6031548976898193,0.6369589567184448,0.0,0.28157496452331543,0.00423433817923069,0.19304493069648743,0.20493946969509125
rosenbrock,1.0,2,cholesky,5,score_function,8192,0.02,1000,3,rosenbrock,649,0.004567146301269531,-0.5808404684066772,0.46716850996017456,0.0,0.14963172376155853,0.00797063298523426,0.06930910050868988,0.13237209618091583
rosenbrock,1.0,2,cholesky,5,score_function,8192,0.02,1000,3,rosenbrock,650,0.004562854766845703,-0.5930062532424927,0.5447487831115723,0.0,0.1962253600358963,0.006179382558912039,0.07606563717126846,0.18077673017978668
rosenbrock,1.0,2,cholesky,5,score_function,8192,0.02,1000,3,rosenbrock,651,0.004567146301269531,-0.587847113609314,0.48339909315109253,0.0,0.10991299152374268,0.006155780516564846,0.07977409660816193,0.07535956799983978
rosenbrock,1.0,2,cholesky,5,score_function,8192,0.02,1000,3,rosenbrock,652,0.0045468807220458984,-0.5953924655914307,0.5308626294136047,0.0,0.19505643844604492,0.007047247141599655,0.1428517997264862,0.13263000547885895
rosenbrock,1.0,2,cholesky,5,score_function,8192,0.02,1000,3,rosenbrock,653,0.004555940628051758,-0.5894843339920044,0.4892769753932953,0.0,0.15173423290252686,0.001721630454994738,0.10009660571813583,0.11402184516191483
rosenbrock,1.0,2,cholesky,5,score_function,8192,0.02,1000,3,rosenbrock,654,0.0045588016510009766,-0.600113570690155,0.5513018369674683,0.0,0.1020292118191719,0.00612017372623086,0.06687023490667343,0.07681714743375778
rosenbrock,1.0,2,cholesky,5,score_function,8192,0.02,1000,3,rosenbrock,655,0.0045680999755859375,-0.5876545906066895,0.4865696430206299,0.0,0.25063928961753845,0.009006446227431297,0.1967781037092209,0.15497522056102753
rosenbrock,1.0,2,cholesky,5,score_function,8192,0.02,1000,3,rosenbrock,656,0.004561901092529297,-0.5919894576072693,0.486479252576828,0.0,0.10723845660686493,0.006131298374384642,0.06495088338851929,0.08511096984148026
rosenbrock,1.0,2,cholesky,5,score_function,8192,0.02,1000,3,rosenbrock,657,0.004553079605102539,-0.5916380882263184,0.46806010603904724,0.0,0.14312340319156647,0.015144813805818558,0.06901956349611282,0.12446381896734238
rosenbrock,1.0,2,cholesky,5,score_function,8192,0.02,1000,3,rosenbrock,658,0.004573822021484375,-0.5828148722648621,0.48819640278816223,0.0,0.17792221903800964,0.01123348530381918,0.10411206632852554,0.14384296536445618
rosenbrock,1.0,2,cholesky,5,score_function,8192,0.02,1000,3,rosenbrock,659,0.004572153091430664,-0.5919435024261475,0.4653148949146271,0.0,0.12618380784988403,0.011989806778728962,0.11321845650672913,0.05440753325819969
rosenbrock,1.0,2,cholesky,5,score_function,8192,0.02,1000,3,rosenbrock,660,0.004533052444458008,-0.590300440788269,0.5354215502738953,0.0,0.12535221874713898,0.007594674360007048,0.08356593549251556,0.09312484413385391
rosenbrock,1.0,2,cholesky,5,score_function,8192,0.02,1000,3,rosenbrock,661,0.004555940628051758,-0.6038047671318054,0.5590837597846985,0.0,0.4680081605911255,0.008949325419962406,0.2643093764781952,0.38612446188926697
rosenbrock,1.0,2,cholesky,5,score_function,8192,0.02,1000,3,rosenbrock,662,0.004567146301269531,-0.5985314249992371,0.5362417101860046,0.0,0.17140957713127136,0.006317181512713432,0.11166456341743469,0.12989366054534912
rosenbrock,1.0,2,cholesky,5,score_function,8192,0.02,1000,3,rosenbrock,663,0.004560232162475586,-0.5875471830368042,0.5770275592803955,0.0,0.20347638428211212,0.01322589535266161,0.16129806637763977,0.1233314499258995
rosenbrock,1.0,2,cholesky,5,score_function,8192,0.02,1000,3,rosenbrock,664,0.004560947418212891,-0.5916228890419006,0.5910377502441406,0.0,0.29923298954963684,0.010723421350121498,0.23615707457065582,0.18345360457897186
rosenbrock,1.0,2,cholesky,5,score_function,8192,0.02,1000,3,rosenbrock,665,0.004788875579833984,-0.5916990041732788,0.48231005668640137,0.0,0.3976294696331024,0.006284642964601517,0.374245822429657,0.13420045375823975
rosenbrock,1.0,2,cholesky,5,score_function,8192,0.02,1000,3,rosenbrock,666,0.004640102386474609,-0.5935395956039429,0.5642727017402649,0.0,0.18299463391304016,0.014440448023378849,0.12647348642349243,0.13146468997001648
rosenbrock,1.0,2,cholesky,5,score_function,8192,0.02,1000,3,rosenbrock,667,0.004511833190917969,-0.5961158871650696,0.5294706225395203,0.0,0.2671278119087219,0.005297054070979357,0.24246440827846527,0.11198315769433975
rosenbrock,1.0,2,cholesky,5,score_function,8192,0.02,1000,3,rosenbrock,668,0.0046291351318359375,-0.596904993057251,0.5874053835868835,0.0,0.22917889058589935,0.0052365330047905445,0.20093955099582672,0.11008559167385101
rosenbrock,1.0,2,cholesky,5,score_function,8192,0.02,1000,3,rosenbrock,669,0.004611968994140625,-0.5937829613685608,0.47739681601524353,0.0,0.13983061909675598,0.007197987753897905,0.11943982541561127,0.07235272228717804
rosenbrock,1.0,2,cholesky,5,score_function,8192,0.02,1000,3,rosenbrock,670,0.0046100616455078125,-0.5910177230834961,0.48397892713546753,0.0,0.12146606296300888,0.002301696687936783,0.0914076417684555,0.07995842397212982
rosenbrock,1.0,2,cholesky,5,score_function,8192,0.02,1000,3,rosenbrock,671,0.00457000732421875,-0.6034271717071533,0.5929583311080933,0.0,0.6060852408409119,0.015530098229646683,0.4216931164264679,0.4350551962852478
rosenbrock,1.0,2,cholesky,5,score_function,8192,0.02,1000,3,rosenbrock,672,0.004575014114379883,-0.592780351638794,0.5123945474624634,0.0,0.39317256212234497,0.012840410694479942,0.31945478916168213,0.22884152829647064
rosenbrock,1.0,2,cholesky,5,score_function,8192,0.02,1000,3,rosenbrock,673,0.004536867141723633,-0.5960639715194702,0.5116315484046936,0.0,0.20502732694149017,0.012728722766041756,0.14196397364139557,0.14737847447395325
rosenbrock,1.0,2,cholesky,5,score_function,8192,0.02,1000,3,rosenbrock,674,0.004576921463012695,-0.5834364295005798,0.5141456723213196,0.0,0.24657714366912842,0.009097114205360413,0.15537601709365845,0.1912480741739273
rosenbrock,1.0,2,cholesky,5,score_function,8192,0.02,1000,3,rosenbrock,675,0.004610776901245117,-0.5884103775024414,0.46694377064704895,0.0,0.17252087593078613,0.008755943737924099,0.07397181540727615,0.1556115597486496
rosenbrock,1.0,2,cholesky,5,score_function,8192,0.02,1000,3,rosenbrock,676,0.004646778106689453,-0.5894268751144409,0.5104048848152161,0.0,0.18333446979522705,0.004651705268770456,0.07174815982580185,0.16864784061908722
rosenbrock,1.0,2,cholesky,5,score_function,8192,0.02,1000,3,rosenbrock,677,0.0045299530029296875,-0.5856399536132812,0.52565598487854,0.0,0.25125551223754883,0.007460101507604122,0.1430749148130417,0.20640553534030914
rosenbrock,1.0,2,cholesky,5,score_function,8192,0.02,1000,3,rosenbrock,678,0.0045928955078125,-0.591904878616333,0.4837634861469269,0.0,0.40615764260292053,0.007120841648429632,0.381754070520401,0.13848160207271576
rosenbrock,1.0,2,cholesky,5,score_function,8192,0.02,1000,3,rosenbrock,679,0.004568815231323242,-0.5956660509109497,0.5372423529624939,0.0,0.21998687088489532,0.01361429039388895,0.18944339454174042,0.11099585145711899
rosenbrock,1.0,2,cholesky,5,score_function,8192,0.02,1000,3,rosenbrock,680,0.004524946212768555,-0.5919239521026611,0.4848266839981079,0.0,0.21518532931804657,0.01000013668090105,0.2051147073507309,0.06428593397140503
rosenbrock,1.0,2,cholesky,5,score_function,8192,0.02,1000,3,rosenbrock,681,0.00451207160949707,-0.586107611656189,0.475506991147995,0.0,0.22007498145103455,0.005102854687720537,0.20478636026382446,0.08043327182531357
rosenbrock,1.0,2,cholesky,5,score_function,8192,0.02,1000,3,rosenbrock,682,0.00453495979309082,-0.5885663628578186,0.4774854779243469,0.0,0.20957493782043457,0.005885621067136526,0.1700001209974289,0.1224212795495987
rosenbrock,1.0,2,cholesky,5,score_function,8192,0.02,1000,3,rosenbrock,683,0.004507780075073242,-0.5806531310081482,0.5462310910224915,0.0,0.3840424120426178,0.004509038291871548,0.271234393119812,0.2718457877635956
rosenbrock,1.0,2,cholesky,5,score_function,8192,0.02,1000,3,rosenbrock,684,0.004483938217163086,-0.5864866375923157,0.49363911151885986,0.0,0.3867183327674866,0.008422714658081532,0.2637444734573364,0.2826994061470032
rosenbrock,1.0,2,cholesky,5,score_function,8192,0.02,1000,3,rosenbrock,685,0.004508018493652344,-0.5976274013519287,0.5099253058433533,0.0,0.2494511753320694,0.005662960931658745,0.22722509503364563,0.10277437418699265
rosenbrock,1.0,2,cholesky,5,score_function,8192,0.02,1000,3,rosenbrock,686,0.004563093185424805,-0.5897302627563477,0.545087456703186,0.0,0.4288100004196167,0.006247840356081724,0.2951803505420685,0.31097832322120667
rosenbrock,1.0,2,cholesky,5,score_function,8192,0.02,1000,3,rosenbrock,687,0.004538774490356445,-0.590287446975708,0.5251789093017578,0.0,0.3187977969646454,0.004331552889198065,0.17412300407886505,0.2670102119445801
rosenbrock,1.0,2,cholesky,5,score_function,8192,0.02,1000,3,rosenbrock,688,0.004511117935180664,-0.5826085805892944,0.5038619041442871,0.0,0.1509600430727005,0.0022021643817424774,0.11777980625629425,0.09440341591835022
rosenbrock,1.0,2,cholesky,5,score_function,8192,0.02,1000,3,rosenbrock,689,0.004536151885986328,-0.587976336479187,0.6434122323989868,0.0,0.36836469173431396,0.007211506832391024,0.26117461919784546,0.2596697509288788
rosenbrock,1.0,2,cholesky,5,score_function,8192,0.02,1000,3,rosenbrock,690,0.004534006118774414,-0.5983333587646484,0.5437031388282776,0.0,0.33401429653167725,0.011877764016389847,0.2806802988052368,0.18067382276058197
rosenbrock,1.0,2,cholesky,5,score_function,8192,0.02,1000,3,rosenbrock,691,0.0045011043548583984,-0.5880366563796997,0.5223873257637024,0.0,0.25673356652259827,0.004256399814039469,0.0799713283777237,0.2439233362674713
rosenbrock,1.0,2,cholesky,5,score_function,8192,0.02,1000,3,rosenbrock,692,0.004551887512207031,-0.5955125093460083,0.6050274968147278,0.0,0.3498532176017761,0.01762835681438446,0.31909167766571045,0.14236222207546234
rosenbrock,1.0,2,cholesky,5,score_function,8192,0.02,1000,3,rosenbrock,693,0.004547119140625,-0.5874634981155396,0.498291552066803,0.0,0.1827307939529419,0.005180977750569582,0.11137513816356659,0.1447732150554657
rosenbrock,1.0,2,cholesky,5,score_function,8192,0.02,1000,3,rosenbrock,694,0.00453495979309082,-0.5859304070472717,0.5436262488365173,0.0,0.20848701894283295,0.006887204945087433,0.08075744658708572,0.1920875757932663
rosenbrock,1.0,2,cholesky,5,score_function,8192,0.02,1000,3,rosenbrock,695,0.004511117935180664,-0.5948601961135864,0.5150533318519592,0.0,0.26668673753738403,0.01521320454776287,0.21266107261180878,0.1602049618959427
rosenbrock,1.0,2,cholesky,5,score_function,8192,0.02,1000,3,rosenbrock,696,0.00452113151550293,-0.5913636684417725,0.5827293992042542,0.0,0.23285886645317078,0.009301416575908661,0.10418577492237091,0.2080434113740921
rosenbrock,1.0,2,cholesky,5,score_function,8192,0.02,1000,3,rosenbrock,697,0.0045239925384521484,-0.5942428112030029,0.48728519678115845,0.0,0.2787865996360779,0.003902228083461523,0.2321343868970871,0.15433847904205322
rosenbrock,1.0,2,cholesky,5,score_function,8192,0.02,1000,3,rosenbrock,698,0.0045130252838134766,-0.5880745053291321,0.5497589111328125,0.0,0.18285250663757324,0.009033763781189919,0.16081036627292633,0.08656474947929382
rosenbrock,1.0,2,cholesky,5,score_function,8192,0.02,1000,3,rosenbrock,699,0.004448652267456055,-0.5911727547645569,0.562314510345459,0.0,0.2749062180519104,0.0057948254980146885,0.21516594290733337,0.1710072010755539
rosenbrock,1.0,2,cholesky,5,score_function,8192,0.02,1000,3,rosenbrock,700,0.00445866584777832,-0.585113525390625,0.501806914806366,0.0,0.17419393360614777,0.009061058051884174,0.11260645091533661,0.13259415328502655
rosenbrock,1.0,2,cholesky,5,score_function,8192,0.02,1000,3,rosenbrock,701,0.004505157470703125,-0.590054988861084,0.4985204041004181,0.0,0.16418468952178955,0.005744822323322296,0.13371272385120392,0.09510267525911331
rosenbrock,1.0,2,cholesky,5,score_function,8192,0.02,1000,3,rosenbrock,702,0.004867076873779297,-0.5777766704559326,0.4872415363788605,0.0,0.2515944242477417,0.004962126258760691,0.16997207701206207,0.18543089926242828
rosenbrock,1.0,2,cholesky,5,score_function,8192,0.02,1000,3,rosenbrock,703,0.004690885543823242,-0.5942184329032898,0.5161410570144653,0.0,0.12865951657295227,0.004126385785639286,0.10518568009138107,0.07397442311048508
rosenbrock,1.0,2,cholesky,5,score_function,8192,0.02,1000,3,rosenbrock,704,0.004698753356933594,-0.5818105936050415,0.5522962808609009,0.0,0.19838768243789673,0.004161125980317593,0.152443066239357,0.1268915832042694
rosenbrock,1.0,2,cholesky,5,score_function,8192,0.02,1000,3,rosenbrock,705,0.004873037338256836,-0.5921714305877686,0.5090296864509583,0.0,0.28779157996177673,0.007081899791955948,0.27102258801460266,0.09654317051172256
rosenbrock,1.0,2,cholesky,5,score_function,8192,0.02,1000,3,rosenbrock,706,0.004675865173339844,-0.5865384936332703,0.50877445936203,0.0,0.18501482903957367,0.006279082968831062,0.15830400586128235,0.09555575996637344
rosenbrock,1.0,2,cholesky,5,score_function,8192,0.02,1000,3,rosenbrock,707,0.004660129547119141,-0.5820793509483337,0.4990672171115875,0.0,0.24011801183223724,0.005565950646996498,0.19771169126033783,0.13614614307880402
rosenbrock,1.0,2,cholesky,5,score_function,8192,0.02,1000,3,rosenbrock,708,0.004635810852050781,-0.5871136784553528,0.48762354254722595,0.0,0.11663464456796646,0.008482123725116253,0.05970150604844093,0.09983697533607483
rosenbrock,1.0,2,cholesky,5,score_function,8192,0.02,1000,3,rosenbrock,709,0.004640102386474609,-0.5960710048675537,0.5481514930725098,0.0,0.21714693307876587,0.006877993233501911,0.13855792582035065,0.1670544445514679
rosenbrock,1.0,2,cholesky,5,score_function,8192,0.02,1000,3,rosenbrock,710,0.004608869552612305,-0.5986843109130859,0.5550569295883179,0.0,0.28233590722084045,0.009432094171643257,0.2611384391784668,0.10691745579242706
rosenbrock,1.0,2,cholesky,5,score_function,8192,0.02,1000,3,rosenbrock,711,0.004584789276123047,-0.5959392189979553,0.553602933883667,0.0,0.17677515745162964,0.010623397305607796,0.11632488667964935,0.13268429040908813
rosenbrock,1.0,2,cholesky,5,score_function,8192,0.02,1000,3,rosenbrock,712,0.004615068435668945,-0.5874804258346558,0.4779140055179596,0.0,0.19737400114536285,0.0035586871672421694,0.15152476727962494,0.12642815709114075
rosenbrock,1.0,2,cholesky,5,score_function,8192,0.02,1000,3,rosenbrock,713,0.004603862762451172,-0.5878159403800964,0.5132922530174255,0.0,0.24968965351581573,0.005253488663583994,0.20395375788211823,0.14394506812095642
rosenbrock,1.0,2,cholesky,5,score_function,8192,0.02,1000,3,rosenbrock,714,0.0046231746673583984,-0.5911774635314941,0.5124610662460327,0.0,0.18021363019943237,0.00703840609639883,0.07702996581792831,0.16276915371418
rosenbrock,1.0,2,cholesky,5,score_function,8192,0.02,1000,3,rosenbrock,715,0.004599094390869141,-0.5878137350082397,0.48951441049575806,0.0,0.18536484241485596,0.004401705227792263,0.17469117045402527,0.06183645501732826
rosenbrock,1.0,2,cholesky,5,score_function,8192,0.02,1000,3,rosenbrock,716,0.0045778751373291016,-0.5888674259185791,0.4901125729084015,0.0,0.22459439933300018,0.007366125006228685,0.1351972371339798,0.17919287085533142
rosenbrock,1.0,2,cholesky,5,score_function,8192,0.02,1000,3,rosenbrock,717,0.004600048065185547,-0.5787764191627502,0.48411911725997925,0.0,0.2572670876979828,0.011313742026686668,0.24519018828868866,0.07707228511571884
rosenbrock,1.0,2,cholesky,5,score_function,8192,0.02,1000,3,rosenbrock,718,0.004847049713134766,-0.5837715864181519,0.543857991695404,0.0,0.19307881593704224,0.007292718626558781,0.10834143310785294,0.1596508026123047
rosenbrock,1.0,2,cholesky,5,score_function,8192,0.02,1000,3,rosenbrock,719,0.004538774490356445,-0.5925424098968506,0.5107637047767639,0.0,0.164322167634964,0.009198212064802647,0.14137451350688934,0.08324913680553436
rosenbrock,1.0,2,cholesky,5,score_function,8192,0.02,1000,3,rosenbrock,720,0.0045928955078125,-0.5934370160102844,0.5115124583244324,0.0,0.22059780359268188,0.004235433880239725,0.14643537998199463,0.16493068635463715
rosenbrock,1.0,2,cholesky,5,score_function,8192,0.02,1000,3,rosenbrock,721,0.004591226577758789,-0.5962570309638977,0.6572381258010864,0.0,0.35150575637817383,0.003188041038811207,0.09151525050401688,0.33936867117881775
rosenbrock,1.0,2,cholesky,5,score_function,8192,0.02,1000,3,rosenbrock,722,0.004597902297973633,-0.5930536389350891,0.5067278146743774,0.0,0.24929550290107727,0.0070178029127418995,0.1212998479604721,0.21768173575401306
rosenbrock,1.0,2,cholesky,5,score_function,8192,0.02,1000,3,rosenbrock,723,0.0046079158782958984,-0.5943142175674438,0.5151184797286987,0.0,0.14299005270004272,0.007103513926267624,0.09967754036188126,0.10227455943822861
rosenbrock,1.0,2,cholesky,5,score_function,8192,0.02,1000,3,rosenbrock,724,0.004611015319824219,-0.5879325866699219,0.6048955321311951,0.0,0.14950133860111237,0.0037228520959615707,0.1122862845659256,0.09863355755805969
rosenbrock,1.0,2,cholesky,5,score_function,8192,0.02,1000,3,rosenbrock,725,0.0045931339263916016,-0.5860734581947327,0.508425772190094,0.0,0.2228405773639679,0.005726039409637451,0.07440303266048431,0.20997458696365356
rosenbrock,1.0,2,cholesky,5,score_function,8192,0.02,1000,3,rosenbrock,726,0.004606962203979492,-0.5879510641098022,0.5555635094642639,0.0,0.3403693735599518,0.012407832778990269,0.18560338020324707,0.2850416302680969
rosenbrock,1.0,2,cholesky,5,score_function,8192,0.02,1000,3,rosenbrock,727,0.0045928955078125,-0.5830615758895874,0.5685696005821228,0.0,0.2837181091308594,0.009093842469155788,0.1745588183403015,0.22347815334796906
rosenbrock,1.0,2,cholesky,5,score_function,8192,0.02,1000,3,rosenbrock,728,0.004578113555908203,-0.5851688981056213,0.4844300150871277,0.0,0.2511354982852936,0.008383559994399548,0.13551953434944153,0.21126577258110046
rosenbrock,1.0,2,cholesky,5,score_function,8192,0.02,1000,3,rosenbrock,729,0.0045888423919677734,-0.5923751592636108,0.5647925138473511,0.0,0.3911893665790558,0.010209595784544945,0.2435612976551056,0.3059457838535309
rosenbrock,1.0,2,cholesky,5,score_function,8192,0.02,1000,3,rosenbrock,730,0.004611968994140625,-0.5828399658203125,0.5132690072059631,0.0,0.13717231154441833,0.009381679818034172,0.08072985708713531,0.11050303280353546
rosenbrock,1.0,2,cholesky,5,score_function,8192,0.02,1000,3,rosenbrock,731,0.004582881927490234,-0.5836770534515381,0.509994626045227,0.0,0.1741810142993927,0.005344407167285681,0.15463653206825256,0.0799875408411026
rosenbrock,1.0,2,cholesky,5,score_function,8192,0.02,1000,3,rosenbrock,732,0.0045816898345947266,-0.5861008763313293,0.4775359332561493,0.0,0.25120314955711365,0.011089654639363289,0.18359775841236115,0.17109034955501556
rosenbrock,1.0,2,cholesky,5,score_function,8192,0.02,1000,3,rosenbrock,733,0.0045812129974365234,-0.5946255326271057,0.4951338469982147,0.0,0.1599094718694687,0.009554740972816944,0.1251080334186554,0.09913487732410431
rosenbrock,1.0,2,cholesky,5,score_function,8192,0.02,1000,3,rosenbrock,734,0.004545688629150391,-0.5933046340942383,0.5359183549880981,0.0,0.32888028025627136,0.009286877699196339,0.169404536485672,0.281741201877594
rosenbrock,1.0,2,cholesky,5,score_function,8192,0.02,1000,3,rosenbrock,735,0.004569053649902344,-0.593201220035553,0.5670373439788818,0.0,0.23345091938972473,0.007860125973820686,0.16927407681941986,0.16057343780994415
rosenbrock,1.0,2,cholesky,5,score_function,8192,0.02,1000,3,rosenbrock,736,0.0045642852783203125,-0.5887242555618286,0.5266348719596863,0.0,0.2924441397190094,0.0065552773885428905,0.2641206681728363,0.1253829002380371
rosenbrock,1.0,2,cholesky,5,score_function,8192,0.02,1000,3,rosenbrock,737,0.004567861557006836,-0.5865534543991089,0.4834720492362976,0.0,0.2658633887767792,0.00974496454000473,0.19172844290733337,0.18392546474933624
rosenbrock,1.0,2,cholesky,5,score_function,8192,0.02,1000,3,rosenbrock,738,0.004569053649902344,-0.5859187841415405,0.49333828687667847,0.0,0.13039152324199677,0.004022248089313507,0.08632216602563858,0.09764350950717926
rosenbrock,1.0,2,cholesky,5,score_function,8192,0.02,1000,3,rosenbrock,739,0.004576921463012695,-0.592125415802002,0.5181012749671936,0.0,0.1431567370891571,0.005950859747827053,0.10817619413137436,0.0935753732919693
rosenbrock,1.0,2,cholesky,5,score_function,8192,0.02,1000,3,rosenbrock,740,0.004575967788696289,-0.5942707061767578,0.5796208381652832,0.0,0.32030701637268066,0.00585170416161418,0.22225652635097504,0.23057401180267334
rosenbrock,1.0,2,cholesky,5,score_function,8192,0.02,1000,3,rosenbrock,741,0.004672050476074219,-0.5897260308265686,0.48845869302749634,0.0,0.20851120352745056,0.004980437457561493,0.16594330966472626,0.12615437805652618
rosenbrock,1.0,2,cholesky,5,score_function,8192,0.02,1000,3,rosenbrock,742,0.004836320877075195,-0.5815702676773071,0.5124835968017578,0.0,0.19361354410648346,0.010488650761544704,0.18233169615268707,0.06427553296089172
rosenbrock,1.0,2,cholesky,5,score_function,8192,0.02,1000,3,rosenbrock,743,0.004666805267333984,-0.5960536003112793,0.524653434753418,0.0,0.0993344709277153,0.00766321225091815,0.07988892495632172,0.05853521078824997
rosenbrock,1.0,2,cholesky,5,score_function,8192,0.02,1000,3,rosenbrock,744,0.004693031311035156,-0.5837855339050293,0.4882573187351227,0.0,0.15654818713665009,0.007329883985221386,0.10471890866756439,0.11613597720861435
rosenbrock,1.0,2,cholesky,5,score_function,8192,0.02,1000,3,rosenbrock,745,0.004637241363525391,-0.5729745626449585,0.481288343667984,0.0,0.17056405544281006,0.008325435221195221,0.12182477861642838,0.11908616125583649
rosenbrock,1.0,2,cholesky,5,score_function,8192,0.02,1000,3,rosenbrock,746,0.004647016525268555,-0.5856996774673462,0.5267934799194336,0.0,0.24977311491966248,0.006404110696166754,0.20119339227676392,0.14787431061267853
rosenbrock,1.0,2,cholesky,5,score_function,8192,0.02,1000,3,rosenbrock,747,0.004603147506713867,-0.5857287645339966,0.4973994791507721,0.0,0.2595290541648865,0.003297550603747368,0.17303019762039185,0.19340376555919647
rosenbrock,1.0,2,cholesky,5,score_function,8192,0.02,1000,3,rosenbrock,748,0.0045931339263916016,-0.5907235145568848,0.5250999331474304,0.0,0.16794739663600922,0.007743959780782461,0.13052165508270264,0.10540616512298584
rosenbrock,1.0,2,cholesky,5,score_function,8192,0.02,1000,3,rosenbrock,749,0.004602909088134766,-0.5969942808151245,0.5579861998558044,0.0,0.16351138055324554,0.011308264918625355,0.08216802775859833,0.14091312885284424
rosenbrock,1.0,2,cholesky,5,score_function,8192,0.02,1000,3,rosenbrock,750,0.004624843597412109,-0.5929182767868042,0.5013189911842346,0.0,0.27276095747947693,0.007143511902540922,0.20344269275665283,0.1815449595451355
rosenbrock,1.0,2,cholesky,5,score_function,8192,0.02,1000,3,rosenbrock,751,0.004602909088134766,-0.579341471195221,0.4996233880519867,0.0,0.1732574850320816,0.007779174018651247,0.13050703704357147,0.11369061470031738
rosenbrock,1.0,2,cholesky,5,score_function,8192,0.02,1000,3,rosenbrock,752,0.004578113555908203,-0.5887759327888489,0.5413663983345032,0.0,0.2547268271446228,0.008305747993290424,0.1986367255449295,0.159248948097229
rosenbrock,1.0,2,cholesky,5,score_function,8192,0.02,1000,3,rosenbrock,753,0.0045778751373291016,-0.5886049866676331,0.5191157460212708,0.0,0.15965501964092255,0.007793699856847525,0.12157005071640015,0.10319741070270538
rosenbrock,1.0,2,cholesky,5,score_function,8192,0.02,1000,3,rosenbrock,754,0.004615068435668945,-0.5872644186019897,0.4838944375514984,0.0,0.19507823884487152,0.004362672101706266,0.15894187986850739,0.11302196979522705
rosenbrock,1.0,2,cholesky,5,score_function,8192,0.02,1000,3,rosenbrock,755,0.004593849182128906,-0.586072564125061,0.48798632621765137,0.0,0.15468212962150574,0.006501369643956423,0.1123342365026474,0.10613816976547241
rosenbrock,1.0,2,cholesky,5,score_function,8192,0.02,1000,3,rosenbrock,756,0.004568815231323242,-0.5848252773284912,0.5148237347602844,0.0,0.3717806041240692,0.003659449517726898,0.28935593366622925,0.2334107607603073
rosenbrock,1.0,2,cholesky,5,score_function,8192,0.02,1000,3,rosenbrock,757,0.004590034484863281,-0.5849835872650146,0.49996456503868103,0.0,0.18010066449642181,0.009820695966482162,0.13959871232509613,0.11336667090654373
rosenbrock,1.0,2,cholesky,5,score_function,8192,0.02,1000,3,rosenbrock,758,0.00459599494934082,-0.5881685614585876,0.5653442144393921,0.0,0.12574389576911926,0.005709665361791849,0.08118937164545059,0.09584995359182358
rosenbrock,1.0,2,cholesky,5,score_function,8192,0.02,1000,3,rosenbrock,759,0.0045740604400634766,-0.5744902491569519,0.48226064443588257,0.0,0.16320964694023132,0.005672741215676069,0.12596844136714935,0.1036202535033226
rosenbrock,1.0,2,cholesky,5,score_function,8192,0.02,1000,3,rosenbrock,760,0.004570722579956055,-0.583363950252533,0.4861157238483429,0.0,0.10247525572776794,0.003877839306369424,0.038296177983284,0.09497126936912537
rosenbrock,1.0,2,cholesky,5,score_function,8192,0.02,1000,3,rosenbrock,761,0.0046062469482421875,-0.5871056318283081,0.47071757912635803,0.0,0.21619001030921936,0.010733004659414291,0.16803443431854248,0.13559995591640472
rosenbrock,1.0,2,cholesky,5,score_function,8192,0.02,1000,3,rosenbrock,762,0.004654884338378906,-0.5827869176864624,0.5611639618873596,0.0,0.2817673683166504,0.009483213536441326,0.06462172418832779,0.27409297227859497
rosenbrock,1.0,2,cholesky,5,score_function,8192,0.02,1000,3,rosenbrock,763,0.0046160221099853516,-0.5812523365020752,0.537408709526062,0.0,0.2425118386745453,0.004367097746580839,0.17934340238571167,0.1631835550069809
rosenbrock,1.0,2,cholesky,5,score_function,8192,0.02,1000,3,rosenbrock,764,0.004553079605102539,-0.5867245197296143,0.4896172881126404,0.0,0.15537293255329132,0.009174223989248276,0.09079234302043915,0.1257510781288147
rosenbrock,1.0,2,cholesky,5,score_function,8192,0.02,1000,3,rosenbrock,765,0.0045702457427978516,-0.580224335193634,0.4767969846725464,0.0,0.2826479971408844,0.007444713264703751,0.24251705408096313,0.14498257637023926
rosenbrock,1.0,2,cholesky,5,score_function,8192,0.02,1000,3,rosenbrock,766,0.004558086395263672,-0.5847516059875488,0.5804860591888428,0.0,0.16287383437156677,0.0083322674036026,0.07986080646514893,0.1417064219713211
rosenbrock,1.0,2,cholesky,5,score_function,8192,0.02,1000,3,rosenbrock,767,0.004569292068481445,-0.5823626518249512,0.5114032030105591,0.0,0.2065434753894806,0.005996589083224535,0.17799636721611023,0.10460186004638672
rosenbrock,1.0,2,cholesky,5,score_function,8192,0.02,1000,3,rosenbrock,768,0.0045659542083740234,-0.582774817943573,0.4861181676387787,0.0,0.16506215929985046,0.0037332437932491302,0.14115869998931885,0.08547399193048477
rosenbrock,1.0,2,cholesky,5,score_function,8192,0.02,1000,3,rosenbrock,769,0.00453495979309082,-0.5986708998680115,0.5407275557518005,0.0,0.21351975202560425,0.011328342370688915,0.0933360680937767,0.19170482456684113
rosenbrock,1.0,2,cholesky,5,score_function,8192,0.02,1000,3,rosenbrock,770,0.004560232162475586,-0.5816209316253662,0.5270581841468811,0.0,0.28668951988220215,0.0074505615048110485,0.2725831866264343,0.08850862830877304
rosenbrock,1.0,2,cholesky,5,score_function,8192,0.02,1000,3,rosenbrock,771,0.0046672821044921875,-0.5793430805206299,0.4948101043701172,0.0,0.13566209375858307,0.00803634338080883,0.10671259462833405,0.08337892591953278
rosenbrock,1.0,2,cholesky,5,score_function,8192,0.02,1000,3,rosenbrock,772,0.004614114761352539,-0.5775082111358643,0.5283138751983643,0.0,0.1899304836988449,0.007077171001583338,0.09267045557498932,0.16563722491264343
rosenbrock,1.0,2,cholesky,5,score_function,8192,0.02,1000,3,rosenbrock,773,0.00457000732421875,-0.5835641622543335,0.6492201089859009,0.0,0.2641156315803528,0.009124009869992733,0.17975500226020813,0.19329246878623962
rosenbrock,1.0,2,cholesky,5,score_function,8192,0.02,1000,3,rosenbrock,774,0.004544973373413086,-0.5918241739273071,0.5452911853790283,0.0,0.1720026135444641,0.011210781522095203,0.12808141112327576,0.11425571143627167
rosenbrock,1.0,2,cholesky,5,score_function,8192,0.02,1000,3,rosenbrock,775,0.004551887512207031,-0.5756077766418457,0.5219777226448059,0.0,0.2811025381088257,0.008988460525870323,0.19282087683677673,0.204347625374794
rosenbrock,1.0,2,cholesky,5,score_function,8192,0.02,1000,3,rosenbrock,776,0.004561185836791992,-0.5864771604537964,0.601504921913147,0.0,0.18681500852108002,0.0035095831844955683,0.11429249495267868,0.14773204922676086
rosenbrock,1.0,2,cholesky,5,score_function,8192,0.02,1000,3,rosenbrock,777,0.004550933837890625,-0.5837976932525635,0.46414652466773987,0.0,0.2118193358182907,0.002797562163323164,0.1168791726231575,0.17663200199604034
rosenbrock,1.0,2,cholesky,5,score_function,8192,0.02,1000,3,rosenbrock,778,0.004583835601806641,-0.5810853838920593,0.5677453875541687,0.0,0.22764372825622559,0.0037831985391676426,0.0709257498383522,0.21627964079380035
rosenbrock,1.0,2,cholesky,5,score_function,8192,0.02,1000,3,rosenbrock,779,0.004608154296875,-0.5853431820869446,0.4806320071220398,0.0,0.16282092034816742,0.009798130951821804,0.13700544834136963,0.08743086457252502
rosenbrock,1.0,2,cholesky,5,score_function,8192,0.02,1000,3,rosenbrock,780,0.004606962203979492,-0.5857216119766235,0.5450735688209534,0.0,0.23615211248397827,0.004338993690907955,0.20139895379543304,0.12323738634586334
rosenbrock,1.0,2,cholesky,5,score_function,8192,0.02,1000,3,rosenbrock,781,0.00454401969909668,-0.5793229341506958,0.48114660382270813,0.0,0.18581467866897583,0.006395822390913963,0.10835251212120056,0.15081751346588135
rosenbrock,1.0,2,cholesky,5,score_function,8192,0.02,1000,3,rosenbrock,782,0.004546642303466797,-0.5857089161872864,0.529357373714447,0.0,0.1216002106666565,0.008255669847130775,0.0923704281449318,0.07865213602781296
rosenbrock,1.0,2,cholesky,5,score_function,8192,0.02,1000,3,rosenbrock,783,0.004567861557006836,-0.5778099298477173,0.48329657316207886,0.0,0.14724195003509521,0.005109615623950958,0.0596664622426033,0.13451392948627472
rosenbrock,1.0,2,cholesky,5,score_function,8192,0.02,1000,3,rosenbrock,784,0.004521846771240234,-0.5802880525588989,0.4917750358581543,0.0,0.1423088014125824,0.0056523652747273445,0.07353517413139343,0.12170631438493729
rosenbrock,1.0,2,cholesky,5,score_function,8192,0.02,1000,3,rosenbrock,785,0.004559755325317383,-0.5853365659713745,0.5389206409454346,0.0,0.2272099107503891,0.007361810654401779,0.19366057217121124,0.11859903484582901
rosenbrock,1.0,2,cholesky,5,score_function,8192,0.02,1000,3,rosenbrock,786,0.00459599494934082,-0.5831656455993652,0.4832746684551239,0.0,0.11321565508842468,0.002461387077346444,0.07104935497045517,0.08811193704605103
rosenbrock,1.0,2,cholesky,5,score_function,8192,0.02,1000,3,rosenbrock,787,0.004621028900146484,-0.5885654091835022,0.5244553685188293,0.0,0.2486216127872467,0.007845121435821056,0.19877009093761444,0.1491362303495407
rosenbrock,1.0,2,cholesky,5,score_function,8192,0.02,1000,3,rosenbrock,788,0.00458979606628418,-0.5810421705245972,0.49045851826667786,0.0,0.13413305580615997,0.007787588983774185,0.04763317480683327,0.12514835596084595
rosenbrock,1.0,2,cholesky,5,score_function,8192,0.02,1000,3,rosenbrock,789,0.004560947418212891,-0.5758334398269653,0.4584185481071472,0.0,0.24925385415554047,0.010117687284946442,0.21679116785526276,0.12258347123861313
rosenbrock,1.0,2,cholesky,5,score_function,8192,0.02,1000,3,rosenbrock,790,0.004570722579956055,-0.5834769010543823,0.49744269251823425,0.0,0.15981265902519226,0.006241795606911182,0.12480977177619934,0.09961749613285065
rosenbrock,1.0,2,cholesky,5,score_function,8192,0.02,1000,3,rosenbrock,791,0.00457310676574707,-0.5760215520858765,0.5173072218894958,0.0,0.1558283120393753,0.009697525762021542,0.13727141916751862,0.07310932874679565
rosenbrock,1.0,2,cholesky,5,score_function,8192,0.02,1000,3,rosenbrock,792,0.004559993743896484,-0.5916218161582947,0.5504633188247681,0.0,0.15945105254650116,0.01103703211992979,0.10510622709989548,0.11939641088247299
rosenbrock,1.0,2,cholesky,5,score_function,8192,0.02,1000,3,rosenbrock,793,0.004557132720947266,-0.5812636613845825,0.5230413675308228,0.0,0.10327502340078354,0.0065554971806705,0.07927916198968887,0.06586024165153503
rosenbrock,1.0,2,cholesky,5,score_function,8192,0.02,1000,3,rosenbrock,794,0.0045261383056640625,-0.5850578546524048,0.5490703582763672,0.0,0.14586970210075378,0.003947074990719557,0.10992595553398132,0.09580539166927338
rosenbrock,1.0,2,cholesky,5,score_function,8192,0.02,1000,3,rosenbrock,795,0.004565000534057617,-0.5771592855453491,0.47901371121406555,0.0,0.13743992149829865,0.00972801260650158,0.1010461300611496,0.09265407174825668
rosenbrock,1.0,2,cholesky,5,score_function,8192,0.02,1000,3,rosenbrock,796,0.0046062469482421875,-0.5732958316802979,0.4994737505912781,0.0,0.2858632504940033,0.007455216255038977,0.11162982881069183,0.2630608379840851
rosenbrock,1.0,2,cholesky,5,score_function,8192,0.02,1000,3,rosenbrock,797,0.004584074020385742,-0.5852087736129761,0.530515193939209,0.0,0.20300881564617157,0.007198571693152189,0.08912743628025055,0.18225547671318054
rosenbrock,1.0,2,cholesky,5,score_function,8192,0.02,1000,3,rosenbrock,798,0.004575967788696289,-0.5821903347969055,0.4963577091693878,0.0,0.14389275014400482,0.013626795262098312,0.1119573786854744,0.08935871720314026
rosenbrock,1.0,2,cholesky,5,score_function,8192,0.02,1000,3,rosenbrock,799,0.004549980163574219,-0.5823156237602234,0.5461719632148743,0.0,0.26239410042762756,0.008548779413104057,0.12792296707630157,0.2289395034313202
rosenbrock,1.0,2,cholesky,5,score_function,8192,0.02,1000,3,rosenbrock,800,0.004578113555908203,-0.5910678505897522,0.5181028842926025,0.0,0.1557149440050125,0.00804233830422163,0.07272578030824661,0.1374533474445343
rosenbrock,1.0,2,cholesky,5,score_function,8192,0.02,1000,3,rosenbrock,801,0.0045549869537353516,-0.5817245841026306,0.5701664686203003,0.0,0.3307536244392395,0.008335396647453308,0.27803438901901245,0.17895634472370148
rosenbrock,1.0,2,cholesky,5,score_function,8192,0.02,1000,3,rosenbrock,802,0.004527091979980469,-0.5810913443565369,0.5367202162742615,0.0,0.15998195111751556,0.009945576079189777,0.11199575662612915,0.11380798369646072
rosenbrock,1.0,2,cholesky,5,score_function,8192,0.02,1000,3,rosenbrock,803,0.005433082580566406,-0.5937191247940063,0.5958633422851562,0.0,0.3337496221065521,0.00455755228176713,0.11456704884767532,0.31343647837638855
rosenbrock,1.0,2,cholesky,5,score_function,8192,0.02,1000,3,rosenbrock,804,0.004901885986328125,-0.5847529172897339,0.6066640615463257,0.0,0.15816394984722137,0.007059169001877308,0.10789037495851517,0.1154368594288826
rosenbrock,1.0,2,cholesky,5,score_function,8192,0.02,1000,3,rosenbrock,805,0.004927873611450195,-0.5693984031677246,0.509061336517334,0.0,0.11996288597583771,0.0038682350423187017,0.09877335280179977,0.06797024607658386
rosenbrock,1.0,2,cholesky,5,score_function,8192,0.02,1000,3,rosenbrock,806,0.005013942718505859,-0.5874483585357666,0.5457912683486938,0.0,0.20536795258522034,0.004410615656524897,0.11756493896245956,0.168330118060112
rosenbrock,1.0,2,cholesky,5,score_function,8192,0.02,1000,3,rosenbrock,807,0.00524592399597168,-0.5828452110290527,0.5242415070533752,0.0,0.22992517054080963,0.008837551809847355,0.19791185855865479,0.1166977807879448
rosenbrock,1.0,2,cholesky,5,score_function,8192,0.02,1000,3,rosenbrock,808,0.004720211029052734,-0.5850393176078796,0.5029975175857544,0.0,0.1289048045873642,0.006926443427801132,0.10225900262594223,0.07817651331424713
rosenbrock,1.0,2,cholesky,5,score_function,8192,0.02,1000,3,rosenbrock,809,0.005190134048461914,-0.5812097787857056,0.5295970439910889,0.0,0.2249218374490738,0.0067412760108709335,0.20821037888526917,0.0848105251789093
rosenbrock,1.0,2,cholesky,5,score_function,8192,0.02,1000,3,rosenbrock,810,0.005143880844116211,-0.5846351981163025,0.5067020058631897,0.0,0.21625828742980957,0.00815619993954897,0.09293608367443085,0.19509999454021454
rosenbrock,1.0,2,cholesky,5,score_function,8192,0.02,1000,3,rosenbrock,811,0.005002021789550781,-0.5859581828117371,0.5659140348434448,0.0,0.27684882283210754,0.004285040311515331,0.11689913272857666,0.2509213387966156
rosenbrock,1.0,2,cholesky,5,score_function,8192,0.02,1000,3,rosenbrock,812,0.004658937454223633,-0.572320818901062,0.4779263436794281,0.0,0.120394267141819,0.007723521441221237,0.06867101043462753,0.09858711808919907
rosenbrock,1.0,2,cholesky,5,score_function,8192,0.02,1000,3,rosenbrock,813,0.005190134048461914,-0.5813762545585632,0.5362178683280945,0.0,0.13689111173152924,0.006611970718950033,0.08196862041950226,0.10943766683340073
rosenbrock,1.0,2,cholesky,5,score_function,8192,0.02,1000,3,rosenbrock,814,0.004703044891357422,-0.5840023159980774,0.5659408569335938,0.0,0.1921912431716919,0.006977234035730362,0.13570807874202728,0.13591215014457703
rosenbrock,1.0,2,cholesky,5,score_function,8192,0.02,1000,3,rosenbrock,815,0.004753828048706055,-0.5822569131851196,0.5534074902534485,0.0,0.2233976125717163,0.002228890545666218,0.1602443903684616,0.15563824772834778
rosenbrock,1.0,2,cholesky,5,score_function,8192,0.02,1000,3,rosenbrock,816,0.004679203033447266,-0.5742882490158081,0.4964141845703125,0.0,0.14147888123989105,0.004965556785464287,0.11170952767133713,0.0866752490401268
rosenbrock,1.0,2,cholesky,5,score_function,8192,0.02,1000,3,rosenbrock,817,0.00466609001159668,-0.5918432474136353,0.5241128206253052,0.0,0.2419334203004837,0.010595117695629597,0.1173565462231636,0.21129828691482544
rosenbrock,1.0,2,cholesky,5,score_function,8192,0.02,1000,3,rosenbrock,818,0.004660844802856445,-0.5851292014122009,0.5053222179412842,0.0,0.13899676501750946,0.004025415051728487,0.11165458709001541,0.08268706500530243
rosenbrock,1.0,2,cholesky,5,score_function,8192,0.02,1000,3,rosenbrock,819,0.004641056060791016,-0.5857778787612915,0.49320584535598755,0.0,0.22045008838176727,0.002490007085725665,0.11605000495910645,0.18741515278816223
rosenbrock,1.0,2,cholesky,5,score_function,8192,0.02,1000,3,rosenbrock,820,0.0046198368072509766,-0.571353554725647,0.49378064274787903,0.0,0.25172507762908936,0.01113656722009182,0.16233637928962708,0.19206352531909943
rosenbrock,1.0,2,cholesky,5,score_function,8192,0.02,1000,3,rosenbrock,821,0.004628896713256836,-0.5805345773696899,0.5147465467453003,0.0,0.11041969060897827,0.006080914754420519,0.06389537453651428,0.08984939008951187
rosenbrock,1.0,2,cholesky,5,score_function,8192,0.02,1000,3,rosenbrock,822,0.004651784896850586,-0.5917744040489197,0.5096789002418518,0.0,0.1824772208929062,0.004872668068856001,0.1100282073020935,0.14549222588539124
rosenbrock,1.0,2,cholesky,5,score_function,8192,0.02,1000,3,rosenbrock,823,0.004621744155883789,-0.5860071182250977,0.5096253156661987,0.0,0.2003343403339386,0.003927122335880995,0.10583573579788208,0.17005065083503723
rosenbrock,1.0,2,cholesky,5,score_function,8192,0.02,1000,3,rosenbrock,824,0.004599809646606445,-0.5865897536277771,0.5393694639205933,0.0,0.24005210399627686,0.002957351040095091,0.14836111664772034,0.18869352340698242
rosenbrock,1.0,2,cholesky,5,score_function,8192,0.02,1000,3,rosenbrock,825,0.0046269893646240234,-0.5938349366188049,0.5412415862083435,0.0,0.1671028882265091,0.005844651721417904,0.13229598104953766,0.10191655904054642
rosenbrock,1.0,2,cholesky,5,score_function,8192,0.02,1000,3,rosenbrock,826,0.004620790481567383,-0.5929653644561768,0.5252863168716431,0.0,0.21374115347862244,0.006290526129305363,0.07789412140846252,0.19894276559352875
rosenbrock,1.0,2,cholesky,5,score_function,8192,0.02,1000,3,rosenbrock,827,0.0045969486236572266,-0.5739421248435974,0.5111077427864075,0.0,0.15346933901309967,0.0025730454362928867,0.1161087304353714,0.1003243699669838
rosenbrock,1.0,2,cholesky,5,score_function,8192,0.02,1000,3,rosenbrock,828,0.004624843597412109,-0.571237325668335,0.4972226023674011,0.0,0.12176098674535751,0.0024735424667596817,0.07026570290327072,0.09941001981496811
rosenbrock,1.0,2,cholesky,5,score_function,8192,0.02,1000,3,rosenbrock,829,0.0046100616455078125,-0.5874828100204468,0.5146504044532776,0.0,0.14457741379737854,0.0070440745912492275,0.12186842411756516,0.07746676355600357
rosenbrock,1.0,2,cholesky,5,score_function,8192,0.02,1000,3,rosenbrock,830,0.004599094390869141,-0.583701491355896,0.5102846622467041,0.0,0.15472011268138885,0.006410802714526653,0.13516753911972046,0.07501295208930969
rosenbrock,1.0,2,cholesky,5,score_function,8192,0.02,1000,3,rosenbrock,831,0.0046122074127197266,-0.5724959373474121,0.4857519567012787,0.0,0.11004138737916946,0.003859677817672491,0.04117656499147415,0.1019740030169487
rosenbrock,1.0,2,cholesky,5,score_function,8192,0.02,1000,3,rosenbrock,832,0.004600048065185547,-0.5781917572021484,0.4924670159816742,0.0,0.20579038560390472,0.00860713329166174,0.12012288719415665,0.16687147319316864
rosenbrock,1.0,2,cholesky,5,score_function,8192,0.02,1000,3,rosenbrock,833,0.004612922668457031,-0.5817075967788696,0.5458569526672363,0.0,0.1751079559326172,0.0025102393701672554,0.0538032241165638,0.1666184514760971
rosenbrock,1.0,2,cholesky,5,score_function,8192,0.02,1000,3,rosenbrock,834,0.0046160221099853516,-0.5749127864837646,0.4720928966999054,0.0,0.11811258643865585,0.0057992273941636086,0.05073272064328194,0.10650419443845749
rosenbrock,1.0,2,cholesky,5,score_function,8192,0.02,1000,3,rosenbrock,835,0.004617929458618164,-0.5793370604515076,0.5353491306304932,0.0,0.16823197901248932,0.00483059324324131,0.13279379904270172,0.10317204892635345
rosenbrock,1.0,2,cholesky,5,score_function,8192,0.02,1000,3,rosenbrock,836,0.004625082015991211,-0.5905750393867493,0.6320168972015381,0.0,0.34462690353393555,0.007833083160221577,0.18527188897132874,0.2904835045337677
rosenbrock,1.0,2,cholesky,5,score_function,8192,0.02,1000,3,rosenbrock,837,0.004611968994140625,-0.5757197141647339,0.4976935386657715,0.0,0.1288696527481079,0.011179447174072266,0.05741062015295029,0.11483218520879745
rosenbrock,1.0,2,cholesky,5,score_function,8192,0.02,1000,3,rosenbrock,838,0.004604816436767578,-0.5869080424308777,0.5618770718574524,0.0,0.326992392539978,0.01102452538907528,0.26096996665000916,0.19671595096588135
rosenbrock,1.0,2,cholesky,5,score_function,8192,0.02,1000,3,rosenbrock,839,0.004599809646606445,-0.5830628871917725,0.5172484517097473,0.0,0.2449444830417633,0.009183891117572784,0.1930161714553833,0.15052644908428192
rosenbrock,1.0,2,cholesky,5,score_function,8192,0.02,1000,3,rosenbrock,840,0.004658937454223633,-0.5889281630516052,0.515890896320343,0.0,0.23817652463912964,0.007751192897558212,0.15643171966075897,0.17943547666072845
rosenbrock,1.0,2,cholesky,5,score_function,8192,0.02,1000,3,rosenbrock,841,0.004678010940551758,-0.5836036801338196,0.513931393623352,0.0,0.21516038477420807,0.005615253932774067,0.07582389563322067,0.2012788951396942
rosenbrock,1.0,2,cholesky,5,score_function,8192,0.02,1000,3,rosenbrock,842,0.004611015319824219,-0.5846138000488281,0.47287869453430176,0.0,0.3227698802947998,0.0033663499634712934,0.2955380380153656,0.1297163963317871
rosenbrock,1.0,2,cholesky,5,score_function,8192,0.02,1000,3,rosenbrock,843,0.0046498775482177734,-0.5723813772201538,0.5139769911766052,0.0,0.1348210573196411,0.006620675325393677,0.09450612217187881,0.09592433273792267
rosenbrock,1.0,2,cholesky,5,score_function,8192,0.02,1000,3,rosenbrock,844,0.004611015319824219,-0.5693410634994507,0.4849812984466553,0.0,0.23009061813354492,0.005733099766075611,0.11151371896266937,0.20118029415607452
rosenbrock,1.0,2,cholesky,5,score_function,8192,0.02,1000,3,rosenbrock,845,0.0045928955078125,-0.5823088884353638,0.5075735449790955,0.0,0.24656054377555847,0.007749821990728378,0.22046136856079102,0.11013097316026688
rosenbrock,1.0,2,cholesky,5,score_function,8192,0.02,1000,3,rosenbrock,846,0.0045931339263916016,-0.5782711505889893,0.5299538969993591,0.0,0.385006844997406,0.007088330574333668,0.2250148206949234,0.3123272955417633
rosenbrock,1.0,2,cholesky,5,score_function,8192,0.02,1000,3,rosenbrock,847,0.0045909881591796875,-0.5793124437332153,0.5148963332176208,0.0,0.2163984179496765,0.007254740688949823,0.1449073851108551,0.1605536937713623
rosenbrock,1.0,2,cholesky,5,score_function,8192,0.02,1000,3,rosenbrock,848,0.004590034484863281,-0.574504017829895,0.5306854844093323,0.0,0.22296789288520813,0.00917393621057272,0.10766595602035522,0.19503475725650787
rosenbrock,1.0,2,cholesky,5,score_function,8192,0.02,1000,3,rosenbrock,849,0.004602193832397461,-0.5806763172149658,0.48267343640327454,0.0,0.12579962611198425,0.0036246494855731726,0.05381591245532036,0.11364970356225967
rosenbrock,1.0,2,cholesky,5,score_function,8192,0.02,1000,3,rosenbrock,850,0.0046160221099853516,-0.5809077620506287,0.5231125354766846,0.0,0.19245801866054535,0.002928616013377905,0.13253316283226013,0.13952232897281647
rosenbrock,1.0,2,cholesky,5,score_function,8192,0.02,1000,3,rosenbrock,851,0.004601716995239258,-0.5719991326332092,0.46864932775497437,0.0,0.27916574478149414,0.005337784066796303,0.25808748602867126,0.10628201812505722
rosenbrock,1.0,2,cholesky,5,score_function,8192,0.02,1000,3,rosenbrock,852,0.004569053649902344,-0.5741584300994873,0.4744875431060791,0.0,0.1696002334356308,0.010365969501435757,0.1229003444314003,0.11641430854797363
rosenbrock,1.0,2,cholesky,5,score_function,8192,0.02,1000,3,rosenbrock,853,0.0045697689056396484,-0.5714727640151978,0.5011205077171326,0.0,0.17156606912612915,0.006768458988517523,0.09730056673288345,0.141144260764122
rosenbrock,1.0,2,cholesky,5,score_function,8192,0.02,1000,3,rosenbrock,854,0.004618644714355469,-0.5808865427970886,0.5489051342010498,0.0,0.22543083131313324,0.004172440618276596,0.21502608060836792,0.06756803393363953
rosenbrock,1.0,2,cholesky,5,score_function,8192,0.02,1000,3,rosenbrock,855,0.0045931339263916016,-0.581924557685852,0.5384557843208313,0.0,0.18751662969589233,0.009887555614113808,0.09978135675191879,0.15845629572868347
rosenbrock,1.0,2,cholesky,5,score_function,8192,0.02,1000,3,rosenbrock,856,0.0045928955078125,-0.5717660784721375,0.4842046797275543,0.0,0.10732612758874893,0.005807447247207165,0.05786775052547455,0.09020252525806427
rosenbrock,1.0,2,cholesky,5,score_function,8192,0.02,1000,3,rosenbrock,857,0.0046100616455078125,-0.582748293876648,0.49874478578567505,0.0,0.15111203491687775,0.00346548343077302,0.10703207552433014,0.10661599785089493
rosenbrock,1.0,2,cholesky,5,score_function,8192,0.02,1000,3,rosenbrock,858,0.0046041011810302734,-0.577757716178894,0.5229899883270264,0.0,0.2137153148651123,0.0070360079407691956,0.13413108885288239,0.16623352468013763
rosenbrock,1.0,2,cholesky,5,score_function,8192,0.02,1000,3,rosenbrock,859,0.004579782485961914,-0.5843221545219421,0.4910374581813812,0.0,0.16629710793495178,0.005444919224828482,0.1460978239774704,0.07924967259168625
rosenbrock,1.0,2,cholesky,5,score_function,8192,0.02,1000,3,rosenbrock,860,0.004585981369018555,-0.5744373798370361,0.5167641639709473,0.0,0.24466672539710999,0.009233332239091396,0.13647809624671936,0.20285534858703613
rosenbrock,1.0,2,cholesky,5,score_function,8192,0.02,1000,3,rosenbrock,861,0.004601240158081055,-0.5854387879371643,0.5008903741836548,0.0,0.15733790397644043,0.008740167133510113,0.09639663994312286,0.12404238432645798
rosenbrock,1.0,2,cholesky,5,score_function,8192,0.02,1000,3,rosenbrock,862,0.004599094390869141,-0.5832744836807251,0.6324648261070251,0.0,0.33096471428871155,0.010949021205306053,0.2594713568687439,0.20516425371170044
rosenbrock,1.0,2,cholesky,5,score_function,8192,0.02,1000,3,rosenbrock,863,0.004570960998535156,-0.5810494422912598,0.4844067096710205,0.0,0.20824167132377625,0.008271997794508934,0.1703217625617981,0.11952678859233856
rosenbrock,1.0,2,cholesky,5,score_function,8192,0.02,1000,3,rosenbrock,864,0.004597187042236328,-0.5769768357276917,0.4922904968261719,0.0,0.19742709398269653,0.007754497695714235,0.16467365622520447,0.10862742364406586
rosenbrock,1.0,2,cholesky,5,score_function,8192,0.02,1000,3,rosenbrock,865,0.004584789276123047,-0.5723280310630798,0.5322156548500061,0.0,0.19932572543621063,0.00227632699534297,0.17039929330348969,0.10339074581861496
rosenbrock,1.0,2,cholesky,5,score_function,8192,0.02,1000,3,rosenbrock,866,0.004588127136230469,-0.5898001790046692,0.5731183290481567,0.0,0.2585411071777344,0.006573517341166735,0.19336247444152832,0.17149709165096283
rosenbrock,1.0,2,cholesky,5,score_function,8192,0.02,1000,3,rosenbrock,867,0.004593849182128906,-0.5760385990142822,0.5465280413627625,0.0,0.36110714077949524,0.007176303770393133,0.2530588209629059,0.25750359892845154
rosenbrock,1.0,2,cholesky,5,score_function,8192,0.02,1000,3,rosenbrock,868,0.004590034484863281,-0.588644802570343,0.5754410624504089,0.0,0.18788278102874756,0.008893496356904507,0.08374477922916412,0.16795136034488678
rosenbrock,1.0,2,cholesky,5,score_function,8192,0.02,1000,3,rosenbrock,869,0.004573345184326172,-0.5850716829299927,0.5862128734588623,0.0,0.3055201470851898,0.0069596730172634125,0.07454926520586014,0.29620352387428284
rosenbrock,1.0,2,cholesky,5,score_function,8192,0.02,1000,3,rosenbrock,870,0.0045928955078125,-0.5820069313049316,0.503307044506073,0.0,0.11637023836374283,0.0049097235314548016,0.08572802692651749,0.07854063808917999
rosenbrock,1.0,2,cholesky,5,score_function,8192,0.02,1000,3,rosenbrock,871,0.004594087600708008,-0.5886636972427368,0.5731351375579834,0.0,0.22942161560058594,0.010822108946740627,0.17193183302879333,0.15151436626911163
rosenbrock,1.0,2,cholesky,5,score_function,8192,0.02,1000,3,rosenbrock,872,0.004595279693603516,-0.574719250202179,0.5318432450294495,0.0,0.37462759017944336,0.005497077014297247,0.36241254210472107,0.09472469240427017
rosenbrock,1.0,2,cholesky,5,score_function,8192,0.02,1000,3,rosenbrock,873,0.0045719146728515625,-0.5777317881584167,0.494749516248703,0.0,0.3839282989501953,0.0059557887725532055,0.3471510410308838,0.1638646423816681
rosenbrock,1.0,2,cholesky,5,score_function,8192,0.02,1000,3,rosenbrock,874,0.00459599494934082,-0.5787976384162903,0.5606690049171448,0.0,0.34238770604133606,0.0035502442624419928,0.3343331515789032,0.07374341040849686
rosenbrock,1.0,2,cholesky,5,score_function,8192,0.02,1000,3,rosenbrock,875,0.004603147506713867,-0.5836405754089355,0.5823339223861694,0.0,0.3340393602848053,0.007952683605253696,0.2739573121070862,0.19096188247203827
rosenbrock,1.0,2,cholesky,5,score_function,8192,0.02,1000,3,rosenbrock,876,0.004590034484863281,-0.5811027884483337,0.4854717254638672,0.0,0.11930631846189499,0.004660597536712885,0.07089032977819443,0.09584800153970718
rosenbrock,1.0,2,cholesky,5,score_function,8192,0.02,1000,3,rosenbrock,877,0.004593849182128906,-0.5903027057647705,0.5445348024368286,0.0,0.22724440693855286,0.008155795745551586,0.15895940363407135,0.16218940913677216
rosenbrock,1.0,2,cholesky,5,score_function,8192,0.02,1000,3,rosenbrock,878,0.004591226577758789,-0.5827942490577698,0.5082833766937256,0.0,0.13007526099681854,0.010092287324368954,0.07577579468488693,0.10524138063192368
rosenbrock,1.0,2,cholesky,5,score_function,8192,0.02,1000,3,rosenbrock,879,0.004613161087036133,-0.5778530836105347,0.5345787405967712,0.0,0.3198546767234802,0.006996589247137308,0.2789197564125061,0.1564028412103653
rosenbrock,1.0,2,cholesky,5,score_function,8192,0.02,1000,3,rosenbrock,880,0.004586935043334961,-0.5755473375320435,0.5193173885345459,0.0,0.27786925435066223,0.0022793796379119158,0.24474580585956573,0.13155081868171692
rosenbrock,1.0,2,cholesky,5,score_function,8192,0.02,1000,3,rosenbrock,881,0.004597902297973633,-0.5788721442222595,0.585209846496582,0.0,0.4068278968334198,0.0073314569890499115,0.3829970061779022,0.1369979977607727
rosenbrock,1.0,2,cholesky,5,score_function,8192,0.02,1000,3,rosenbrock,882,0.004595041275024414,-0.5768536329269409,0.5311998128890991,0.0,0.3131542205810547,0.00657592061907053,0.29534539580345154,0.10389135032892227
rosenbrock,1.0,2,cholesky,5,score_function,8192,0.02,1000,3,rosenbrock,883,0.0045850276947021484,-0.5808866620063782,0.5164995789527893,0.0,0.10825133323669434,0.010338736698031425,0.07260024547576904,0.07962829619646072
rosenbrock,1.0,2,cholesky,5,score_function,8192,0.02,1000,3,rosenbrock,884,0.004589080810546875,-0.5714430809020996,0.5091984272003174,0.0,0.22741293907165527,0.009810062125325203,0.14121486246585846,0.1779853105545044
rosenbrock,1.0,2,cholesky,5,score_function,8192,0.02,1000,3,rosenbrock,885,0.004769086837768555,-0.5666555166244507,0.4988287091255188,0.0,0.26610907912254333,0.008928188122808933,0.20022080838680267,0.17505992949008942
rosenbrock,1.0,2,cholesky,5,score_function,8192,0.02,1000,3,rosenbrock,886,0.004910945892333984,-0.5767978429794312,0.5230646133422852,0.0,0.25705039501190186,0.007665533106774092,0.08473184704780579,0.2425626814365387
rosenbrock,1.0,2,cholesky,5,score_function,8192,0.02,1000,3,rosenbrock,887,0.004615306854248047,-0.5784569978713989,0.5644264221191406,0.0,0.15430991351604462,0.009427673183381557,0.0872475802898407,0.12692725658416748
rosenbrock,1.0,2,cholesky,5,score_function,8192,0.02,1000,3,rosenbrock,888,0.004583835601806641,-0.5833299160003662,0.5916252732276917,0.0,0.3342110812664032,0.007977058179676533,0.24321341514587402,0.22908654808998108
rosenbrock,1.0,2,cholesky,5,score_function,8192,0.02,1000,3,rosenbrock,889,0.004556179046630859,-0.5797975063323975,0.6081995964050293,0.0,0.24093738198280334,0.010789900086820126,0.18701304495334625,0.1515272706747055
rosenbrock,1.0,2,cholesky,5,score_function,8192,0.02,1000,3,rosenbrock,890,0.0045549869537353516,-0.5773708820343018,0.5409854650497437,0.0,0.2517249584197998,0.006615645717829466,0.16559407114982605,0.18947376310825348
rosenbrock,1.0,2,cholesky,5,score_function,8192,0.02,1000,3,rosenbrock,891,0.004561185836791992,-0.5762535929679871,0.5666160583496094,0.0,0.2318369597196579,0.008158526383340359,0.2173606902360916,0.08022551238536835
rosenbrock,1.0,2,cholesky,5,score_function,8192,0.02,1000,3,rosenbrock,892,0.004548072814941406,-0.5847654342651367,0.608544111251831,0.0,0.33956778049468994,0.005952577572315931,0.2086433470249176,0.26784101128578186
rosenbrock,1.0,2,cholesky,5,score_function,8192,0.02,1000,3,rosenbrock,893,0.004547834396362305,-0.5815371870994568,0.5511255860328674,0.0,0.2238122671842575,0.007438527420163155,0.1927599012851715,0.11349107325077057
rosenbrock,1.0,2,cholesky,5,score_function,8192,0.02,1000,3,rosenbrock,894,0.0045549869537353516,-0.5886880159378052,0.6319319605827332,0.0,0.4310920238494873,0.0030963534954935312,0.10517904907464981,0.4180527627468109
rosenbrock,1.0,2,cholesky,5,score_function,8192,0.02,1000,3,rosenbrock,895,0.004537105560302734,-0.5686406493186951,0.4874006509780884,0.0,0.16350336372852325,0.006324998568743467,0.12366745620965958,0.1067693904042244
rosenbrock,1.0,2,cholesky,5,score_function,8192,0.02,1000,3,rosenbrock,896,0.004546165466308594,-0.5877706408500671,0.5642858743667603,0.0,0.22707469761371613,0.013091281987726688,0.117593914270401,0.193812295794487
rosenbrock,1.0,2,cholesky,5,score_function,8192,0.02,1000,3,rosenbrock,897,0.004558086395263672,-0.5736350417137146,0.5029081702232361,0.0,0.15856948494911194,0.00855314452201128,0.08455859124660492,0.1338692158460617
rosenbrock,1.0,2,cholesky,5,score_function,8192,0.02,1000,3,rosenbrock,898,0.004538059234619141,-0.576718807220459,0.5919234752655029,0.0,0.29664015769958496,0.011100816540420055,0.25611764192581177,0.14925116300582886
rosenbrock,1.0,2,cholesky,5,score_function,8192,0.02,1000,3,rosenbrock,899,0.004523038864135742,-0.5781269073486328,0.4770621061325073,0.0,0.1681899130344391,0.0037299534305930138,0.12685354053974152,0.1103726178407669
rosenbrock,1.0,2,cholesky,5,score_function,8192,0.02,1000,3,rosenbrock,900,0.004543304443359375,-0.5731465220451355,0.6106970310211182,0.0,0.6179463267326355,0.012453651055693626,0.33370015025138855,0.5199487805366516
rosenbrock,1.0,2,cholesky,5,score_function,8192,0.02,1000,3,rosenbrock,901,0.004528045654296875,-0.5837504863739014,0.5037444829940796,0.0,0.21876129508018494,0.006113062147051096,0.16737811267375946,0.14072562754154205
rosenbrock,1.0,2,cholesky,5,score_function,8192,0.02,1000,3,rosenbrock,902,0.004499912261962891,-0.5805827379226685,0.518242597579956,0.0,0.22705206274986267,0.008959449827671051,0.15811139345169067,0.16270574927330017
rosenbrock,1.0,2,cholesky,5,score_function,8192,0.02,1000,3,rosenbrock,903,0.004537820816040039,-0.5781665444374084,0.5410141348838806,0.0,0.1770484745502472,0.01004202850162983,0.08641180396080017,0.15420222282409668
rosenbrock,1.0,2,cholesky,5,score_function,8192,0.02,1000,3,rosenbrock,904,0.004532814025878906,-0.5808694362640381,0.5654876828193665,0.0,0.38401278853416443,0.004981969948858023,0.246013805270195,0.2948189079761505
rosenbrock,1.0,2,cholesky,5,score_function,8192,0.02,1000,3,rosenbrock,905,0.004529237747192383,-0.5703586339950562,0.5173028111457825,0.0,0.12624940276145935,0.007937515154480934,0.07674521952867508,0.09993036836385727
rosenbrock,1.0,2,cholesky,5,score_function,8192,0.02,1000,3,rosenbrock,906,0.004551887512207031,-0.5686907768249512,0.545358419418335,0.0,0.196976438164711,0.009554189629852772,0.12730564177036285,0.15000568330287933
rosenbrock,1.0,2,cholesky,5,score_function,8192,0.02,1000,3,rosenbrock,907,0.004525661468505859,-0.5792227983474731,0.5626665949821472,0.0,0.22589564323425293,0.006402176339179277,0.14293697476387024,0.17480523884296417
rosenbrock,1.0,2,cholesky,5,score_function,8192,0.02,1000,3,rosenbrock,908,0.0045299530029296875,-0.5781400203704834,0.6435866355895996,0.0,0.2624022364616394,0.00721974391490221,0.07404211908578873,0.2516357898712158
rosenbrock,1.0,2,cholesky,5,score_function,8192,0.02,1000,3,rosenbrock,909,0.0045299530029296875,-0.5894185900688171,0.5657979846000671,0.0,0.25694459676742554,0.006610801909118891,0.16885897517204285,0.19355487823486328
rosenbrock,1.0,2,cholesky,5,score_function,8192,0.02,1000,3,rosenbrock,910,0.0045092105865478516,-0.5769449472427368,0.5225462317466736,0.0,0.1525658369064331,0.012798789888620377,0.06662914901971817,0.136649489402771
rosenbrock,1.0,2,cholesky,5,score_function,8192,0.02,1000,3,rosenbrock,911,0.004522085189819336,-0.5716428160667419,0.5377980470657349,0.0,0.1880292147397995,0.004134678281843662,0.0644802376627922,0.17657914757728577
rosenbrock,1.0,2,cholesky,5,score_function,8192,0.02,1000,3,rosenbrock,912,0.004528999328613281,-0.573047935962677,0.5271102786064148,0.0,0.2102339118719101,0.006033761892467737,0.15015237033367157,0.14702434837818146
rosenbrock,1.0,2,cholesky,5,score_function,8192,0.02,1000,3,rosenbrock,913,0.004551887512207031,-0.5762099027633667,0.4709717333316803,0.0,0.2573837339878082,0.007568283937871456,0.23771826922893524,0.09838268160820007
rosenbrock,1.0,2,cholesky,5,score_function,8192,0.02,1000,3,rosenbrock,914,0.00451207160949707,-0.5885602235794067,0.5533991456031799,0.0,0.2833463251590729,0.007977211847901344,0.07314978539943695,0.2736249268054962
rosenbrock,1.0,2,cholesky,5,score_function,8192,0.02,1000,3,rosenbrock,915,0.004534006118774414,-0.5823760032653809,0.5456112623214722,0.0,0.16761229932308197,0.006698405370116234,0.14207929372787476,0.08867067098617554
rosenbrock,1.0,2,cholesky,5,score_function,8192,0.02,1000,3,rosenbrock,916,0.004519939422607422,-0.581078052520752,0.7767587900161743,0.0,0.236338272690773,0.005738111678510904,0.12170843780040741,0.20250901579856873
rosenbrock,1.0,2,cholesky,5,score_function,8192,0.02,1000,3,rosenbrock,917,0.004560708999633789,-0.5729246735572815,0.4995633065700531,0.0,0.2654340863227844,0.005224739667028189,0.1899738609790802,0.18530483543872833
rosenbrock,1.0,2,cholesky,5,score_function,8192,0.02,1000,3,rosenbrock,918,0.004539012908935547,-0.5928206443786621,0.48754745721817017,0.0,0.23129518330097198,0.008315296843647957,0.1776813119649887,0.14784342050552368
rosenbrock,1.0,2,cholesky,5,score_function,8192,0.02,1000,3,rosenbrock,919,0.004505634307861328,-0.5837258696556091,0.5073060393333435,0.0,0.21945858001708984,0.006830799393355846,0.10550925880670547,0.19231016933918
rosenbrock,1.0,2,cholesky,5,score_function,8192,0.02,1000,3,rosenbrock,920,0.0045299530029296875,-0.5872464179992676,0.5526070594787598,0.0,0.234977588057518,0.006124788895249367,0.1050281897187233,0.21010957658290863
rosenbrock,1.0,2,cholesky,5,score_function,8192,0.02,1000,3,rosenbrock,921,0.004517793655395508,-0.5708971619606018,0.5005383491516113,0.0,0.16158442199230194,0.008251343853771687,0.15003587305545807,0.05941951647400856
rosenbrock,1.0,2,cholesky,5,score_function,8192,0.02,1000,3,rosenbrock,922,0.004489898681640625,-0.5710785984992981,0.4989292621612549,0.0,0.16342639923095703,0.014437147416174412,0.13053733110427856,0.09726128727197647
rosenbrock,1.0,2,cholesky,5,score_function,8192,0.02,1000,3,rosenbrock,923,0.004525184631347656,-0.5749766826629639,0.4821262061595917,0.0,0.23214523494243622,0.005672953091561794,0.14831438660621643,0.17849953472614288
rosenbrock,1.0,2,cholesky,5,score_function,8192,0.02,1000,3,rosenbrock,924,0.004542112350463867,-0.582947850227356,0.493405818939209,0.0,0.1497478038072586,0.0087114367634058,0.12815259397029877,0.07697679102420807
rosenbrock,1.0,2,cholesky,5,score_function,8192,0.02,1000,3,rosenbrock,925,0.004540920257568359,-0.5843454003334045,0.6396055817604065,0.0,0.38229823112487793,0.011470050550997257,0.2018757462501526,0.3244480788707733
rosenbrock,1.0,2,cholesky,5,score_function,8192,0.02,1000,3,rosenbrock,926,0.004519939422607422,-0.58229660987854,0.6034083366394043,0.0,0.20782385766506195,0.010409679263830185,0.1564440131187439,0.1364099383354187
rosenbrock,1.0,2,cholesky,5,score_function,8192,0.02,1000,3,rosenbrock,927,0.0045261383056640625,-0.5762535333633423,0.5729306936264038,0.0,0.2618298828601837,0.0039759790524840355,0.24115169048309326,0.10190653800964355
rosenbrock,1.0,2,cholesky,5,score_function,8192,0.02,1000,3,rosenbrock,928,0.004544973373413086,-0.5829054117202759,0.6206684112548828,0.0,0.46012571454048157,0.010458197444677353,0.08070110529661179,0.4528726041316986
rosenbrock,1.0,2,cholesky,5,score_function,8192,0.02,1000,3,rosenbrock,929,0.004524946212768555,-0.5737991333007812,0.4944373071193695,0.0,0.35436925292015076,0.005663455929607153,0.3153543472290039,0.16154609620571136
rosenbrock,1.0,2,cholesky,5,score_function,8192,0.02,1000,3,rosenbrock,930,0.0045318603515625,-0.5714650750160217,0.5165595412254333,0.0,0.19500146806240082,0.00978019367903471,0.11960558593273163,0.15370237827301025
rosenbrock,1.0,2,cholesky,5,score_function,8192,0.02,1000,3,rosenbrock,931,0.004501819610595703,-0.5709711909294128,0.5185264945030212,0.0,0.24747741222381592,0.005923297721892595,0.23176643252372742,0.08656968176364899
rosenbrock,1.0,2,cholesky,5,score_function,8192,0.02,1000,3,rosenbrock,932,0.00452113151550293,-0.5704174041748047,0.500320553779602,0.0,0.18117819726467133,0.008860825560986996,0.14559505879878998,0.10746673494577408
rosenbrock,1.0,2,cholesky,5,score_function,8192,0.02,1000,3,rosenbrock,933,0.004517793655395508,-0.5806654095649719,0.5101444721221924,0.0,0.20996074378490448,0.00764427287504077,0.17764633893966675,0.1116551011800766
rosenbrock,1.0,2,cholesky,5,score_function,8192,0.02,1000,3,rosenbrock,934,0.00452423095703125,-0.5914390683174133,0.5839019417762756,0.0,0.2670050859451294,0.004440643824636936,0.15164560079574585,0.2197171151638031
rosenbrock,1.0,2,cholesky,5,score_function,8192,0.02,1000,3,rosenbrock,935,0.004531145095825195,-0.5796422362327576,0.5249344706535339,0.0,0.21178044378757477,0.011087251827120781,0.19902481138706207,0.07153423875570297
rosenbrock,1.0,2,cholesky,5,score_function,8192,0.02,1000,3,rosenbrock,936,0.004524946212768555,-0.5844438672065735,0.5708327293395996,0.0,0.20214663445949554,0.005758557468652725,0.08359447866678238,0.1839621216058731
rosenbrock,1.0,2,cholesky,5,score_function,8192,0.02,1000,3,rosenbrock,937,0.004509925842285156,-0.5894070863723755,0.5203567147254944,0.0,0.22321510314941406,0.0075955926440656185,0.11172139644622803,0.19309483468532562
rosenbrock,1.0,2,cholesky,5,score_function,8192,0.02,1000,3,rosenbrock,938,0.00454401969909668,-0.5829105377197266,0.5037476420402527,0.0,0.14889730513095856,0.005736023187637329,0.10562720149755478,0.10478740930557251
rosenbrock,1.0,2,cholesky,5,score_function,8192,0.02,1000,3,rosenbrock,939,0.004532814025878906,-0.5812362432479858,0.5252320170402527,0.0,0.17214494943618774,0.0071112788282334805,0.11312482506036758,0.12956112623214722
rosenbrock,1.0,2,cholesky,5,score_function,8192,0.02,1000,3,rosenbrock,940,0.004534006118774414,-0.5667661428451538,0.4960923492908478,0.0,0.1646507978439331,0.0030472141224890947,0.1574832946062088,0.04795422405004501
rosenbrock,1.0,2,cholesky,5,score_function,8192,0.02,1000,3,rosenbrock,941,0.004495143890380859,-0.5792715549468994,0.5550341010093689,0.0,0.2348986566066742,0.004471368622034788,0.12641572952270508,0.19793041050434113
rosenbrock,1.0,2,cholesky,5,score_function,8192,0.02,1000,3,rosenbrock,942,0.0045049190521240234,-0.5712680816650391,0.5551158785820007,0.0,0.23539111018180847,0.013379326090216637,0.13066034018993378,0.1953403204679489
rosenbrock,1.0,2,cholesky,5,score_function,8192,0.02,1000,3,rosenbrock,943,0.00452113151550293,-0.5887286067008972,0.4926324784755707,0.0,0.1517116278409958,0.0119410315528512,0.0857279822230339,0.12459752708673477
rosenbrock,1.0,2,cholesky,5,score_function,8192,0.02,1000,3,rosenbrock,944,0.0045278072357177734,-0.5828258991241455,0.5210398435592651,0.0,0.16910739243030548,0.009531802497804165,0.10043743252754211,0.1357157975435257
rosenbrock,1.0,2,cholesky,5,score_function,8192,0.02,1000,3,rosenbrock,945,0.004523038864135742,-0.5822734236717224,0.5110815167427063,0.0,0.18659059703350067,0.005316112190485001,0.12832660973072052,0.13535164296627045
rosenbrock,1.0,2,cholesky,5,score_function,8192,0.02,1000,3,rosenbrock,946,0.004489898681640625,-0.586884081363678,0.5236651301383972,0.0,0.21149830520153046,0.005128899589180946,0.14962917566299438,0.14938652515411377
rosenbrock,1.0,2,cholesky,5,score_function,8192,0.02,1000,3,rosenbrock,947,0.004520893096923828,-0.5784388780593872,0.5298988223075867,0.0,0.2073185294866562,0.007144003640860319,0.1694537252187729,0.11922822892665863
rosenbrock,1.0,2,cholesky,5,score_function,8192,0.02,1000,3,rosenbrock,948,0.004487752914428711,-0.5756011605262756,0.5064515471458435,0.0,0.2568908929824829,0.004694255068898201,0.16689296066761017,0.195237398147583
rosenbrock,1.0,2,cholesky,5,score_function,8192,0.02,1000,3,rosenbrock,949,0.0045719146728515625,-0.5768230557441711,0.5611247420310974,0.0,0.15829281508922577,0.009281215257942677,0.13029037415981293,0.08941419422626495
rosenbrock,1.0,2,cholesky,5,score_function,8192,0.02,1000,3,rosenbrock,950,0.004545927047729492,-0.5735533237457275,0.4845556318759918,0.0,0.1187058761715889,0.009858280420303345,0.09233691543340683,0.07394453883171082
rosenbrock,1.0,2,cholesky,5,score_function,8192,0.02,1000,3,rosenbrock,951,0.004537105560302734,-0.5759426355361938,0.5191015601158142,0.0,0.25758668780326843,0.008792118169367313,0.18329107761383057,0.18077054619789124
rosenbrock,1.0,2,cholesky,5,score_function,8192,0.02,1000,3,rosenbrock,952,0.004549980163574219,-0.5848848819732666,0.5439393520355225,0.0,0.12569794058799744,0.009890610352158546,0.07674212753772736,0.09905954450368881
rosenbrock,1.0,2,cholesky,5,score_function,8192,0.02,1000,3,rosenbrock,953,0.004518032073974609,-0.5739238262176514,0.5016469359397888,0.0,0.1614488959312439,0.008328859694302082,0.09750419855117798,0.1284106969833374
rosenbrock,1.0,2,cholesky,5,score_function,8192,0.02,1000,3,rosenbrock,954,0.004543304443359375,-0.5757229924201965,0.511780321598053,0.0,0.18466390669345856,0.004423871170729399,0.11520516872406006,0.14425310492515564
rosenbrock,1.0,2,cholesky,5,score_function,8192,0.02,1000,3,rosenbrock,955,0.0045070648193359375,-0.575527548789978,0.481862872838974,0.0,0.14653486013412476,0.013931234367191792,0.10233835130929947,0.10394829511642456
rosenbrock,1.0,2,cholesky,5,score_function,8192,0.02,1000,3,rosenbrock,956,0.004528999328613281,-0.5791464447975159,0.5123572945594788,0.0,0.18622227013111115,0.010060854256153107,0.1319776475429535,0.13099394738674164
rosenbrock,1.0,2,cholesky,5,score_function,8192,0.02,1000,3,rosenbrock,957,0.004510164260864258,-0.5691544413566589,0.4942328631877899,0.0,0.23278945684432983,0.0077689336612820625,0.14853209257125854,0.179077610373497
rosenbrock,1.0,2,cholesky,5,score_function,8192,0.02,1000,3,rosenbrock,958,0.004523038864135742,-0.5798636078834534,0.528833270072937,0.0,0.10324715077877045,0.008863575756549835,0.061004240065813065,0.0828244686126709
rosenbrock,1.0,2,cholesky,5,score_function,8192,0.02,1000,3,rosenbrock,959,0.005262136459350586,-0.5741716623306274,0.5092437863349915,0.0,0.14519831538200378,0.006587654817849398,0.09261701256036758,0.11162994801998138
rosenbrock,1.0,2,cholesky,5,score_function,8192,0.02,1000,3,rosenbrock,960,0.0047760009765625,-0.5838299989700317,0.6241201162338257,0.0,0.18007811903953552,0.008031402714550495,0.10466998815536499,0.1463140994310379
rosenbrock,1.0,2,cholesky,5,score_function,8192,0.02,1000,3,rosenbrock,961,0.004579782485961914,-0.5676957964897156,0.5078459978103638,0.0,0.20676656067371368,0.0072210184298455715,0.1329764872789383,0.15816926956176758
rosenbrock,1.0,2,cholesky,5,score_function,8192,0.02,1000,3,rosenbrock,962,0.00459599494934082,-0.5798705816268921,0.530206561088562,0.0,0.22755330801010132,0.005732986144721508,0.13906657695770264,0.18002255260944366
rosenbrock,1.0,2,cholesky,5,score_function,8192,0.02,1000,3,rosenbrock,963,0.0045740604400634766,-0.5707270503044128,0.5062243938446045,0.0,0.22515088319778442,0.00820906087756157,0.13018375635147095,0.18351489305496216
rosenbrock,1.0,2,cholesky,5,score_function,8192,0.02,1000,3,rosenbrock,964,0.004608154296875,-0.5693413615226746,0.5838040709495544,0.0,0.3083157241344452,0.013686941005289555,0.08003918081521988,0.2974306046962738
rosenbrock,1.0,2,cholesky,5,score_function,8192,0.02,1000,3,rosenbrock,965,0.004615068435668945,-0.576981782913208,0.5563299059867859,0.0,0.1606530100107193,0.008387922309339046,0.1188042163848877,0.1078173890709877
rosenbrock,1.0,2,cholesky,5,score_function,8192,0.02,1000,3,rosenbrock,966,0.004620075225830078,-0.5765405297279358,0.5116983652114868,0.0,0.29028216004371643,0.012307543307542801,0.2284725308418274,0.17864090204238892
rosenbrock,1.0,2,cholesky,5,score_function,8192,0.02,1000,3,rosenbrock,967,0.004548072814941406,-0.5857570171356201,0.6034062504768372,0.0,0.2591725289821625,0.009626024402678013,0.21915428340435028,0.13801859319210052
rosenbrock,1.0,2,cholesky,5,score_function,8192,0.02,1000,3,rosenbrock,968,0.004569053649902344,-0.582858681678772,0.6337003111839294,0.0,0.1783992201089859,0.005921029020100832,0.08583520352840424,0.15628033876419067
rosenbrock,1.0,2,cholesky,5,score_function,8192,0.02,1000,3,rosenbrock,969,0.004541873931884766,-0.5690820813179016,0.5142658948898315,0.0,0.22513848543167114,0.005178521852940321,0.20516884326934814,0.09255415201187134
rosenbrock,1.0,2,cholesky,5,score_function,8192,0.02,1000,3,rosenbrock,970,0.004533052444458008,-0.5841258764266968,0.582007646560669,0.0,0.2868872880935669,0.009948003105819225,0.27680256962776184,0.07473739981651306
rosenbrock,1.0,2,cholesky,5,score_function,8192,0.02,1000,3,rosenbrock,971,0.004528045654296875,-0.5737546682357788,0.5096567273139954,0.0,0.2206062227487564,0.006362684071063995,0.1232030987739563,0.18288692831993103
rosenbrock,1.0,2,cholesky,5,score_function,8192,0.02,1000,3,rosenbrock,972,0.0045070648193359375,-0.5780060887336731,0.5541130900382996,0.0,0.1016397550702095,0.007645072415471077,0.069069504737854,0.07417275011539459
rosenbrock,1.0,2,cholesky,5,score_function,8192,0.02,1000,3,rosenbrock,973,0.004558086395263672,-0.563005268573761,0.48831939697265625,0.0,0.25294584035873413,0.0027515613473951817,0.19707021117210388,0.15854765474796295
rosenbrock,1.0,2,cholesky,5,score_function,8192,0.02,1000,3,rosenbrock,974,0.0045452117919921875,-0.5727311372756958,0.5733714699745178,0.0,0.2511045038700104,0.008051345124840736,0.15819676220417023,0.1948394924402237
rosenbrock,1.0,2,cholesky,5,score_function,8192,0.02,1000,3,rosenbrock,975,0.004598140716552734,-0.5795761346817017,0.5220032334327698,0.0,0.15178081393241882,0.006330793723464012,0.09682098776102066,0.11671773344278336
rosenbrock,1.0,2,cholesky,5,score_function,8192,0.02,1000,3,rosenbrock,976,0.004521846771240234,-0.5776811838150024,0.5278541445732117,0.0,0.21564973890781403,0.006629601586610079,0.14915291965007782,0.15560932457447052
rosenbrock,1.0,2,cholesky,5,score_function,8192,0.02,1000,3,rosenbrock,977,0.004519224166870117,-0.5770614743232727,0.5428667068481445,0.0,0.1861148327589035,0.006356086581945419,0.08279574662446976,0.16656287014484406
rosenbrock,1.0,2,cholesky,5,score_function,8192,0.02,1000,3,rosenbrock,978,0.004512786865234375,-0.5715048909187317,0.5007237792015076,0.0,0.2103009670972824,0.007361401803791523,0.19706833362579346,0.07305049151182175
rosenbrock,1.0,2,cholesky,5,score_function,8192,0.02,1000,3,rosenbrock,979,0.00453495979309082,-0.5748283267021179,0.5163814425468445,0.0,0.12201779335737228,0.0019361142767593265,0.09047923982143402,0.08184193074703217
rosenbrock,1.0,2,cholesky,5,score_function,8192,0.02,1000,3,rosenbrock,980,0.004541873931884766,-0.5769167542457581,0.5452098250389099,0.0,0.283414751291275,0.004122545011341572,0.21930049359798431,0.17948321998119354
rosenbrock,1.0,2,cholesky,5,score_function,8192,0.02,1000,3,rosenbrock,981,0.004485130310058594,-0.5758812427520752,0.5261403322219849,0.0,0.16086164116859436,0.005072302650660276,0.11371301114559174,0.1136665791273117
rosenbrock,1.0,2,cholesky,5,score_function,8192,0.02,1000,3,rosenbrock,982,0.0045659542083740234,-0.5833267569541931,0.5639784932136536,0.0,0.18735043704509735,0.009538971818983555,0.1265631765127182,0.13780765235424042
rosenbrock,1.0,2,cholesky,5,score_function,8192,0.02,1000,3,rosenbrock,983,0.0045680999755859375,-0.5708129405975342,0.49159035086631775,0.0,0.22057349979877472,0.003985099494457245,0.19520151615142822,0.10263116657733917
rosenbrock,1.0,2,cholesky,5,score_function,8192,0.02,1000,3,rosenbrock,984,0.004534721374511719,-0.5724924206733704,0.5025809407234192,0.0,0.13257278501987457,0.01102884579449892,0.07863790541887283,0.10616017878055573
rosenbrock,1.0,2,cholesky,5,score_function,8192,0.02,1000,3,rosenbrock,985,0.00450587272644043,-0.5810602903366089,0.5495058298110962,0.0,0.2903103232383728,0.008708027191460133,0.10364583134651184,0.27103838324546814
rosenbrock,1.0,2,cholesky,5,score_function,8192,0.02,1000,3,rosenbrock,986,0.004503011703491211,-0.578110933303833,0.5304937362670898,0.0,0.12113289535045624,0.010166268795728683,0.10837426781654358,0.05314924567937851
rosenbrock,1.0,2,cholesky,5,score_function,8192,0.02,1000,3,rosenbrock,987,0.004503011703491211,-0.5770600438117981,0.5194804072380066,0.0,0.1335330307483673,0.0014849009457975626,0.1028447151184082,0.08515768498182297
rosenbrock,1.0,2,cholesky,5,score_function,8192,0.02,1000,3,rosenbrock,988,0.00449371337890625,-0.5842112898826599,0.4935324490070343,0.0,0.2590842545032501,0.00922067929059267,0.11392122507095337,0.2325114905834198
rosenbrock,1.0,2,cholesky,5,score_function,8192,0.02,1000,3,rosenbrock,989,0.004489421844482422,-0.5780754089355469,0.5017698407173157,0.0,0.14031337201595306,0.0037200094666332006,0.027625923976302147,0.137516587972641
rosenbrock,1.0,2,cholesky,5,score_function,8192,0.02,1000,3,rosenbrock,990,0.0045108795166015625,-0.5780983567237854,0.5027644634246826,0.0,0.28337472677230835,0.00381730985827744,0.15395455062389374,0.237875297665596
rosenbrock,1.0,2,cholesky,5,score_function,8192,0.02,1000,3,rosenbrock,991,0.004529237747192383,-0.5818869471549988,0.5427201986312866,0.0,0.13125330209732056,0.005446311552077532,0.08158869296312332,0.10266963392496109
rosenbrock,1.0,2,cholesky,5,score_function,8192,0.02,1000,3,rosenbrock,992,0.0045359134674072266,-0.571906566619873,0.5302422046661377,0.0,0.18693804740905762,0.007264107931405306,0.1139008030295372,0.14805296063423157
rosenbrock,1.0,2,cholesky,5,score_function,8192,0.02,1000,3,rosenbrock,993,0.004539012908935547,-0.5783867239952087,0.5427936911582947,0.0,0.1228918731212616,0.0049712881445884705,0.0589958131313324,0.1076902523636818
rosenbrock,1.0,2,cholesky,5,score_function,8192,0.02,1000,3,rosenbrock,994,0.0044879913330078125,-0.5771180391311646,0.5333385467529297,0.0,0.11567264795303345,0.00661370437592268,0.0717426985502243,0.09049534052610397
rosenbrock,1.0,2,cholesky,5,score_function,8192,0.02,1000,3,rosenbrock,995,0.004499912261962891,-0.5793772339820862,0.5103089213371277,0.0,0.15131892263889313,0.0077841514721512794,0.11783841252326965,0.09460936486721039
rosenbrock,1.0,2,cholesky,5,score_function,8192,0.02,1000,3,rosenbrock,996,0.004502058029174805,-0.58189857006073,0.5274041295051575,0.0,0.17847834527492523,0.004413971211761236,0.13551916182041168,0.1160585954785347
rosenbrock,1.0,2,cholesky,5,score_function,8192,0.02,1000,3,rosenbrock,997,0.004513978958129883,-0.576171338558197,0.5437077879905701,0.0,0.16572940349578857,0.00865213479846716,0.08227525651454926,0.14360417425632477
rosenbrock,1.0,2,cholesky,5,score_function,8192,0.02,1000,3,rosenbrock,998,0.004499912261962891,-0.5822587609291077,0.5502059459686279,0.0,0.2714221179485321,0.011775040999054909,0.23584294319152832,0.1338261067867279
rosenbrock,1.0,2,cholesky,5,score_function,8192,0.02,1000,3,rosenbrock,999,0.004546165466308594,-0.5726609230041504,0.526546835899353,0.0,0.1451094150543213,0.006924735382199287,0.08416715264320374,0.11800288408994675
