target,target_Z,dim,chart,components,estimator,mc,lr,n_steps,seed,tag,step,wall_s,elbo,elbo_std,nfe,grad_norm,grad_norm_w,grad_norm_a,grad_norm_A
rosenbrock,1.9287498479639178e-22,2,cholesky,5,ode_transport,8192,0.02,1000,5,rosenbrock,0,0.16914701461791992,-53.26952362060547,4.915289878845215,38,4.428006172180176,0.49324285984039307,1.8955342769622803,3.971259117126465
rosenbrock,1.9287498479639178e-22,2,cholesky,5,ode_transport,8192,0.02,1000,5,rosenbrock,1,0.15491104125976562,-52.953834533691406,3.823817014694214,38,3.6664230823516846,0.4746905565261841,1.6452165842056274,3.2420036792755127
rosenbrock,1.9287498479639178e-22,2,cholesky,5,ode_transport,8192,0.02,1000,5,rosenbrock,2,0.14904284477233887,-52.69480514526367,3.428401231765747,38,3.0365121364593506,0.41462066769599915,1.419533610343933,2.652059555053711
rosenbrock,1.9287498479639178e-22,2,cholesky,5,ode_transport,8192,0.02,1000,5,rosenbrock,3,0.15302491188049316,-52.55047607421875,2.911074161529541,38,2.656820297241211,0.3910902738571167,1.3196851015090942,2.272481918334961
rosenbrock,1.9287498479639178e-22,2,cholesky,5,ode_transport,8192,0.02,1000,5,rosenbrock,4,0.14931201934814453,-52.341495513916016,2.6063308715820312,38,2.1551899909973145,0.32993364334106445,1.1461467742919922,1.79508638381958
rosenbrock,1.9287498479639178e-22,2,cholesky,5,ode_transport,8192,0.02,1000,5,rosenbrock,5,0.1581590175628662,-52.20656967163086,2.0449397563934326,38,1.8276078701019287,0.2934015095233917,1.0708673000335693,1.4516574144363403
rosenbrock,1.9287498479639178e-22,2,cholesky,5,ode_transport,8192,0.02,1000,5,rosenbrock,6,0.15426993370056152,-52.09856033325195,1.819488525390625,38,1.5880367755889893,0.249895378947258,1.0101855993270874,1.1995574235916138
rosenbrock,1.9287498479639178e-22,2,cholesky,5,ode_transport,8192,0.02,1000,5,rosenbrock,7,0.24142694473266602,-52.03228759765625,1.6280690431594849,50,1.4500616788864136,0.219549298286438,0.9683095812797546,1.0568128824234009
rosenbrock,1.9287498479639178e-22,2,cholesky,5,ode_transport,8192,0.02,1000,5,rosenbrock,8,0.20575499534606934,-51.939064025878906,1.381415605545044,50,1.2514773607254028,0.19767552614212036,0.9002236723899841,0.8465916514396667
rosenbrock,1.9287498479639178e-22,2,cholesky,5,ode_transport,8192,0.02,1000,5,rosenbrock,9,0.19142389297485352,-51.86833572387695,1.2259708642959595,50,1.0966541767120361,0.173573836684227,0.8134558200836182,0.7147111892700195
rosenbrock,1.9287498479639178e-22,2,cholesky,5,ode_transport,8192,0.02,1000,5,rosenbrock,10,0.19094586372375488,-51.85428237915039,1.2173047065734863,50,0.9986949563026428,0.16625556349754333,0.7938271164894104,0.5827428698539734
rosenbrock,1.9287498479639178e-22,2,cholesky,5,ode_transport,8192,0.02,1000,5,rosenbrock,11,0.21036291122436523,-51.744808197021484,0.9834874868392944,50,0.8830253481864929,0.15163880586624146,0.7298039793968201,0.4734189808368683
rosenbrock,1.9287498479639178e-22,2,cholesky,5,ode_transport,8192,0.02,1000,5,rosenbrock,12,0.20365595817565918,-51.713111877441406,0.9711123108863831,50,0.7749040126800537,0.141859769821167,0.673615038394928,0.35580161213874817
rosenbrock,1.9287498479639178e-22,2,cholesky,5,ode_transport,8192,0.02,1000,5,rosenbrock,13,0.19234609603881836,-51.70569610595703,0.8963736295700073,50,0.7305482029914856,0.13766077160835266,0.6567044258117676,0.2889453172683716
rosenbrock,1.9287498479639178e-22,2,cholesky,5,ode_transport,8192,0.02,1000,5,rosenbrock,14,0.20595002174377441,-51.66170883178711,0.8645924925804138,50,0.6608172655105591,0.1293908655643463,0.6065863370895386,0.228014275431633
rosenbrock,1.9287498479639178e-22,2,cholesky,5,ode_transport,8192,0.02,1000,5,rosenbrock,15,0.20374226570129395,-51.62124252319336,0.8073857426643372,50,0.61379474401474,0.1297944337129593,0.5768417119979858,0.16477565467357635
rosenbrock,1.9287498479639178e-22,2,cholesky,5,ode_transport,8192,0.02,1000,5,rosenbrock,16,0.20984101295471191,-51.60969161987305,0.7899835705757141,50,0.5372858643531799,0.1210739016532898,0.4939591884613037,0.17326709628105164
rosenbrock,1.9287498479639178e-22,2,cholesky,5,ode_transport,8192,0.02,1000,5,rosenbrock,17,0.21483612060546875,-51.587894439697266,0.7528080940246582,50,0.5137937068939209,0.12669894099235535,0.46672049164772034,0.17350317537784576
rosenbrock,1.9287498479639178e-22,2,cholesky,5,ode_transport,8192,0.02,1000,5,rosenbrock,18,0.20035195350646973,-51.580604553222656,0.7611702680587769,50,0.4985007643699646,0.12750914692878723,0.43844500184059143,0.2000260055065155
rosenbrock,1.9287498479639178e-22,2,cholesky,5,ode_transport,8192,0.02,1000,5,rosenbrock,19,0.21318721771240234,-51.58101272583008,0.90479576587677,50,0.5255406498908997,0.11615442484617233,0.4325202703475952,0.2750042974948883
rosenbrock,1.9287498479639178e-22,2,cholesky,5,ode_transport,8192,0.02,1000,5,rosenbrock,20,0.2068338394165039,-51.52871322631836,0.6590244770050049,50,0.4739918112754822,0.101990707218647,0.40794888138771057,0.21873238682746887
rosenbrock,1.9287498479639178e-22,2,cholesky,5,ode_transport,8192,0.02,1000,5,rosenbrock,21,0.2143239974975586,-51.53318405151367,0.6588077545166016,50,0.4815841317176819,0.10073813050985336,0.37124204635620117,0.2897489368915558
rosenbrock,1.9287498479639178e-22,2,cholesky,5,ode_transport,8192,0.02,1000,5,rosenbrock,22,0.2023770809173584,-51.499019622802734,0.6695435643196106,50,0.4659203588962555,0.0884985625743866,0.3423546850681305,0.30338597297668457
rosenbrock,1.9287498479639178e-22,2,cholesky,5,ode_transport,8192,0.02,1000,5,rosenbrock,23,0.2335669994354248,-51.497650146484375,0.673193097114563,62,0.48696404695510864,0.08663417398929596,0.31629377603530884,0.35998162627220154
rosenbrock,1.9287498479639178e-22,2,cholesky,5,ode_transport,8192,0.02,1000,5,rosenbrock,24,0.2423417568206787,-51.45771408081055,0.6614723205566406,62,0.4964289665222168,0.10506102442741394,0.3244676887989044,0.3607279062271118
rosenbrock,1.9287498479639178e-22,2,cholesky,5,ode_transport,8192,0.02,1000,5,rosenbrock,25,0.24333834648132324,-51.460670471191406,0.6775311231613159,62,0.47325068712234497,0.09002454578876495,0.29689154028892517,0.35737544298171997
rosenbrock,1.9287498479639178e-22,2,cholesky,5,ode_transport,8192,0.02,1000,5,rosenbrock,26,0.2503328323364258,-51.44511413574219,0.5788208246231079,62,0.5083379149436951,0.10847749561071396,0.32296332716941833,0.3772728443145752
rosenbrock,1.9287498479639178e-22,2,cholesky,5,ode_transport,8192,0.02,1000,5,rosenbrock,27,0.2302718162536621,-51.43871307373047,0.6357772350311279,62,0.492533802986145,0.09160667657852173,0.2517254054546356,0.413318395614624
rosenbrock,1.9287498479639178e-22,2,cholesky,5,ode_transport,8192,0.02,1000,5,rosenbrock,28,0.2410287857055664,-51.419342041015625,0.6101314425468445,62,0.4762512743473053,0.09710127860307693,0.26759880781173706,0.38180816173553467
rosenbrock,1.9287498479639178e-22,2,cholesky,5,ode_transport,8192,0.02,1000,5,rosenbrock,29,0.24820876121520996,-51.401123046875,0.5756515860557556,62,0.44737517833709717,0.03885919600725174,0.2652052342891693,0.3581908643245697
rosenbrock,1.9287498479639178e-22,2,cholesky,5,ode_transport,8192,0.02,1000,5,rosenbrock,30,0.24101710319519043,-51.38612747192383,0.6379833817481995,62,0.46197640895843506,0.07119277119636536,0.2555404305458069,0.37822332978248596
rosenbrock,1.9287498479639178e-22,2,cholesky,5,ode_transport,8192,0.02,1000,5,rosenbrock,31,0.24589991569519043,-51.36967849731445,0.6200256943702698,62,0.4721539318561554,0.042919304221868515,0.26778528094291687,0.386494904756546
rosenbrock,1.9287498479639178e-22,2,cholesky,5,ode_transport,8192,0.02,1000,5,rosenbrock,32,0.23554086685180664,-51.358367919921875,0.5682746171951294,62,0.46526795625686646,0.0965590849518776,0.280008465051651,0.35881173610687256
rosenbrock,1.9287498479639178e-22,2,cholesky,5,ode_transport,8192,0.02,1000,5,rosenbrock,33,0.24831891059875488,-51.3427734375,0.5294115543365479,62,0.5423941016197205,0.0536520890891552,0.34539228677749634,0.4147493243217468
rosenbrock,1.9287498479639178e-22,2,cholesky,5,ode_transport,8192,0.02,1000,5,rosenbrock,34,0.24930715560913086,-51.3310546875,0.613212525844574,62,0.46505558490753174,0.03429275006055832,0.2877894341945648,0.36370036005973816
rosenbrock,1.9287498479639178e-22,2,cholesky,5,ode_transport,8192,0.02,1000,5,rosenbrock,35,0.23253917694091797,-51.324493408203125,0.5583726763725281,62,0.46454888582229614,0.12354331463575363,0.27626559138298035,0.35244864225387573
rosenbrock,1.9287498479639178e-22,2,cholesky,5,ode_transport,8192,0.02,1000,5,rosenbrock,36,0.2365419864654541,-51.3029899597168,0.5308756232261658,62,0.429106205701828,0.025381658226251602,0.22852711379528046,0.3623027205467224
rosenbrock,1.9287498479639178e-22,2,cholesky,5,ode_transport,8192,0.02,1000,5,rosenbrock,37,0.23418974876403809,-51.29419708251953,0.531583309173584,62,0.44972166419029236,0.09777036309242249,0.30048248171806335,0.3200012743473053
rosenbrock,1.9287498479639178e-22,2,cholesky,5,ode_transport,8192,0.02,1000,5,rosenbrock,38,0.2382819652557373,-51.27065658569336,0.5137852430343628,62,0.39063215255737305,0.017890319228172302,0.2470729798078537,0.30204030871391296
rosenbrock,1.9287498479639178e-22,2,cholesky,5,ode_transport,8192,0.02,1000,5,rosenbrock,39,0.2647080421447754,-51.25713348388672,0.5065036416053772,62,0.4648829400539398,0.12184365093708038,0.27922093868255615,0.35114946961402893
rosenbrock,1.9287498479639178e-22,2,cholesky,5,ode_transport,8192,0.02,1000,5,rosenbrock,40,0.2353839874267578,-51.24266052246094,0.5666804909706116,62,0.4011894762516022,0.02642209641635418,0.21767500042915344,0.33596497774124146
rosenbrock,1.9287498479639178e-22,2,cholesky,5,ode_transport,8192,0.02,1000,5,rosenbrock,41,0.25003862380981445,-51.22784423828125,0.4798176884651184,62,0.3825194835662842,0.022707361727952957,0.25576019287109375,0.2835352420806885
rosenbrock,1.9287498479639178e-22,2,cholesky,5,ode_transport,8192,0.02,1000,5,rosenbrock,42,0.24186301231384277,-51.225582122802734,0.48253950476646423,62,0.3395019769668579,0.042608074843883514,0.22615104913711548,0.24960340559482574
rosenbrock,1.9287498479639178e-22,2,cholesky,5,ode_transport,8192,0.02,1000,5,rosenbrock,43,0.2455599308013916,-51.207950592041016,0.5108267664909363,62,0.37628984451293945,0.061204176396131516,0.22422724962234497,0.2959226667881012
rosenbrock,1.9287498479639178e-22,2,cholesky,5,ode_transport,8192,0.02,1000,5,rosenbrock,44,0.237565279006958,-51.20298767089844,0.5107313394546509,62,0.3328978419303894,0.03860827162861824,0.2405138611793518,0.2268996387720108
rosenbrock,1.9287498479639178e-22,2,cholesky,5,ode_transport,8192,0.02,1000,5,rosenbrock,45,0.24588990211486816,-51.19244384765625,0.4877950847148895,62,0.3141784369945526,0.015580803155899048,0.26160386204719543,0.1732880175113678
rosenbrock,1.9287498479639178e-22,2,cholesky,5,ode_transport,8192,0.02,1000,5,rosenbrock,46,0.23917007446289062,-51.18571090698242,0.5208990573883057,62,0.361340194940567,0.06011968478560448,0.26601937413215637,0.23703600466251373
rosenbrock,1.9287498479639178e-22,2,cholesky,5,ode_transport,8192,0.02,1000,5,rosenbrock,47,0.3341832160949707,-51.179290771484375,0.5791707038879395,74,0.7452808618545532,0.3219870924949646,0.48780393600463867,0.46240150928497314
rosenbrock,1.9287498479639178e-22,2,cholesky,5,ode_transport,8192,0.02,1000,5,rosenbrock,48,0.30205798149108887,-51.16847610473633,0.5291012525558472,62,0.3170875012874603,0.019846323877573013,0.2871294319629669,0.13306871056556702
rosenbrock,1.9287498479639178e-22,2,cholesky,5,ode_transport,8192,0.02,1000,5,rosenbrock,49,0.24850893020629883,-51.15771484375,0.5620161294937134,62,0.33917877078056335,0.0639156624674797,0.30256956815719604,0.13931506872177124
rosenbrock,1.9287498479639178e-22,2,cholesky,5,ode_transport,8192,0.02,1000,5,rosenbrock,50,0.25279808044433594,-51.137062072753906,0.5189303755760193,62,0.33042868971824646,0.07840101420879364,0.24350963532924652,0.20913982391357422
rosenbrock,1.9287498479639178e-22,2,cholesky,5,ode_transport,8192,0.02,1000,5,rosenbrock,51,0.21850895881652832,-51.15156555175781,0.6880110502243042,56,0.28303709626197815,0.049122270196676254,0.2449146807193756,0.13309316337108612
rosenbrock,1.9287498479639178e-22,2,cholesky,5,ode_transport,8192,0.02,1000,5,rosenbrock,52,0.22781801223754883,-51.12085723876953,0.510944664478302,56,0.29546383023262024,0.06260380893945694,0.2609913647174835,0.12354409694671631
rosenbrock,1.9287498479639178e-22,2,cholesky,5,ode_transport,8192,0.02,1000,5,rosenbrock,53,0.2713160514831543,-51.11519241333008,0.6034397482872009,68,0.31835681200027466,0.029154963791370392,0.27644526958465576,0.15517425537109375
rosenbrock,1.9287498479639178e-22,2,cholesky,5,ode_transport,8192,0.02,1000,5,rosenbrock,54,0.26996612548828125,-51.110496520996094,0.5856397747993469,68,0.33444711565971375,0.10356756299734116,0.2512636184692383,0.19492365419864655
rosenbrock,1.9287498479639178e-22,2,cholesky,5,ode_transport,8192,0.02,1000,5,rosenbrock,55,0.24512505531311035,-51.11029815673828,0.5585883855819702,62,0.3182285726070404,0.12455696612596512,0.27741122245788574,0.09379765391349792
rosenbrock,1.9287498479639178e-22,2,cholesky,5,ode_transport,8192,0.02,1000,5,rosenbrock,56,0.2799978256225586,-51.10167694091797,0.676202118396759,74,1.658491849899292,0.9010338187217712,0.852596640586853,1.1008232831954956
rosenbrock,1.9287498479639178e-22,2,cholesky,5,ode_transport,8192,0.02,1000,5,rosenbrock,57,0.2899971008300781,-51.08441925048828,0.5983066558837891,74,0.9836894273757935,0.6288762092590332,0.5316216349601746,0.5380874276161194
rosenbrock,1.9287498479639178e-22,2,cholesky,5,ode_transport,8192,0.02,1000,5,rosenbrock,58,0.23911690711975098,-51.098670959472656,0.6930074691772461,62,0.4866829812526703,0.22505398094654083,0.363442063331604,0.23263892531394958
rosenbrock,1.9287498479639178e-22,2,cholesky,5,ode_transport,8192,0.02,1000,5,rosenbrock,59,0.2733190059661865,-51.10322570800781,0.671760082244873,68,0.5273885130882263,0.1313110888004303,0.49730193614959717,0.11656254529953003
rosenbrock,1.9287498479639178e-22,2,cholesky,5,ode_transport,8192,0.02,1000,5,rosenbrock,60,0.27802586555480957,-51.085723876953125,0.5693320035934448,68,0.8745437264442444,0.4254031777381897,0.6792968511581421,0.3498782217502594
rosenbrock,1.9287498479639178e-22,2,cholesky,5,ode_transport,8192,0.02,1000,5,rosenbrock,61,0.28048276901245117,-51.088157653808594,0.5955495238304138,74,0.6737462282180786,0.1876760572195053,0.5974936485290527,0.24842120707035065
rosenbrock,1.9287498479639178e-22,2,cholesky,5,ode_transport,8192,0.02,1000,5,rosenbrock,62,0.2868340015411377,-51.06695556640625,0.5585110187530518,68,0.2679934799671173,0.0629308670759201,0.25298330187797546,0.06212612986564636
rosenbrock,1.9287498479639178e-22,2,cholesky,5,ode_transport,8192,0.02,1000,5,rosenbrock,63,0.2739582061767578,-51.06557083129883,0.6049916744232178,68,0.3590399920940399,0.11418246477842331,0.3028543293476105,0.15540702641010284
rosenbrock,1.9287498479639178e-22,2,cholesky,5,ode_transport,8192,0.02,1000,5,rosenbrock,64,0.26606202125549316,-51.05941390991211,0.5463514924049377,68,0.25274455547332764,0.05169978365302086,0.21533066034317017,0.12181805074214935
rosenbrock,1.9287498479639178e-22,2,cholesky,5,ode_transport,8192,0.02,1000,5,rosenbrock,65,0.28551506996154785,-51.067813873291016,0.6332287192344666,68,0.3811837136745453,0.030325982719659805,0.3476914167404175,0.15327103435993195
rosenbrock,1.9287498479639178e-22,2,cholesky,5,ode_transport,8192,0.02,1000,5,rosenbrock,66,0.2905869483947754,-51.05882263183594,0.5694424510002136,68,0.5126418471336365,0.12875163555145264,0.4629909098148346,0.17850494384765625
rosenbrock,1.9287498479639178e-22,2,cholesky,5,ode_transport,8192,0.02,1000,5,rosenbrock,67,0.2803938388824463,-51.07100296020508,0.570885419845581,68,0.4563549757003784,0.023690156638622284,0.41562196612358093,0.18696795403957367
rosenbrock,1.9287498479639178e-22,2,cholesky,5,ode_transport,8192,0.02,1000,5,rosenbrock,68,0.2704298496246338,-51.05115509033203,0.5653337836265564,68,0.3562987446784973,0.036137454211711884,0.33160799741744995,0.12521593272686005
rosenbrock,1.9287498479639178e-22,2,cholesky,5,ode_transport,8192,0.02,1000,5,rosenbrock,69,0.27051711082458496,-51.05717086791992,0.5901671648025513,68,0.455567330121994,0.2055475264787674,0.38255125284194946,0.1376456320285797
rosenbrock,1.9287498479639178e-22,2,cholesky,5,ode_transport,8192,0.02,1000,5,rosenbrock,70,0.27095603942871094,-51.05408477783203,0.8230459690093994,68,0.46564972400665283,0.3362506330013275,0.27084121108055115,0.17438530921936035
rosenbrock,1.9287498479639178e-22,2,cholesky,5,ode_transport,8192,0.02,1000,5,rosenbrock,71,0.2700159549713135,-51.044673919677734,0.5915676951408386,68,0.40100178122520447,0.2914294898509979,0.21423926949501038,0.17312653362751007
rosenbrock,1.9287498479639178e-22,2,cholesky,5,ode_transport,8192,0.02,1000,5,rosenbrock,72,0.2838268280029297,-51.04233932495117,0.5661540031433105,74,0.48052921891212463,0.1799030750989914,0.3880389630794525,0.2190181463956833
rosenbrock,1.9287498479639178e-22,2,cholesky,5,ode_transport,8192,0.02,1000,5,rosenbrock,73,0.2989928722381592,-51.03437042236328,0.5826281905174255,68,0.41646209359169006,0.1962159425020218,0.2822955846786499,0.23505143821239471
rosenbrock,1.9287498479639178e-22,2,cholesky,5,ode_transport,8192,0.02,1000,5,rosenbrock,74,0.27668094635009766,-51.02519989013672,0.6046949625015259,68,0.37564510107040405,0.16643363237380981,0.2516169250011444,0.2238258421421051
rosenbrock,1.9287498479639178e-22,2,cholesky,5,ode_transport,8192,0.02,1000,5,rosenbrock,75,0.2874791622161865,-51.0350341796875,0.5461387038230896,74,0.32350653409957886,0.23359093070030212,0.16840849816799164,0.14741212129592896
rosenbrock,1.9287498479639178e-22,2,cholesky,5,ode_transport,8192,0.02,1000,5,rosenbrock,76,0.2746591567993164,-51.02949142456055,0.6331461668014526,68,0.3788655996322632,0.13439548015594482,0.2538728713989258,0.2470335215330124
rosenbrock,1.9287498479639178e-22,2,cholesky,5,ode_transport,8192,0.02,1000,5,rosenbrock,77,0.2947392463684082,-51.02330017089844,0.5972053408622742,74,0.23344780504703522,0.022341392934322357,0.15493886172771454,0.17318396270275116
rosenbrock,1.9287498479639178e-22,2,cholesky,5,ode_transport,8192,0.02,1000,5,rosenbrock,78,0.26363587379455566,-51.02705383300781,0.5543507933616638,68,0.4555339813232422,0.3179181218147278,0.25470107793807983,0.2038789689540863
rosenbrock,1.9287498479639178e-22,2,cholesky,5,ode_transport,8192,0.02,1000,5,rosenbrock,79,0.263948917388916,-51.013668060302734,0.608472466468811,68,0.2879362106323242,0.06074243038892746,0.18064215779304504,0.2158380150794983
rosenbrock,1.9287498479639178e-22,2,cholesky,5,ode_transport,8192,0.02,1000,5,rosenbrock,80,0.2807149887084961,-51.019691467285156,0.6229916214942932,68,0.3419613838195801,0.07192584872245789,0.3165331184864044,0.10756886750459671
rosenbrock,1.9287498479639178e-22,2,cholesky,5,ode_transport,8192,0.02,1000,5,rosenbrock,81,0.27660083770751953,-51.014976501464844,0.5963321328163147,68,0.2472020983695984,0.02247556485235691,0.19614776968955994,0.14876079559326172
rosenbrock,1.9287498479639178e-22,2,cholesky,5,ode_transport,8192,0.02,1000,5,rosenbrock,82,0.2677798271179199,-51.0120964050293,0.583612859249115,68,0.3966973125934601,0.22473032772541046,0.27284401655197144,0.18005885183811188
rosenbrock,1.9287498479639178e-22,2,cholesky,5,ode_transport,8192,0.02,1000,5,rosenbrock,83,0.3101067543029785,-51.02268981933594,0.6196873188018799,74,0.39467164874076843,0.22966739535331726,0.27746039628982544,0.1613515019416809
rosenbrock,1.9287498479639178e-22,2,cholesky,5,ode_transport,8192,0.02,1000,5,rosenbrock,84,0.31407618522644043,-51.00848388671875,0.6038042306900024,80,0.35513049364089966,0.09196736663579941,0.2627013027667999,0.22056223452091217
rosenbrock,1.9287498479639178e-22,2,cholesky,5,ode_transport,8192,0.02,1000,5,rosenbrock,85,0.27077293395996094,-51.00853729248047,0.6087884306907654,68,0.19834552705287933,0.040601495653390884,0.15348969399929047,0.11888391524553299
rosenbrock,1.9287498479639178e-22,2,cholesky,5,ode_transport,8192,0.02,1000,5,rosenbrock,86,0.2652618885040283,-50.99435806274414,0.5523282289505005,68,0.24740523099899292,0.08699619024991989,0.2027294933795929,0.11198998242616653
rosenbrock,1.9287498479639178e-22,2,cholesky,5,ode_transport,8192,0.02,1000,5,rosenbrock,87,0.2665228843688965,-50.975852966308594,0.5665551424026489,68,0.7290964126586914,0.52439945936203,0.44929957389831543,0.23391583561897278
rosenbrock,1.9287498479639178e-22,2,cholesky,5,ode_transport,8192,0.02,1000,5,rosenbrock,88,0.2801327705383301,-50.99369812011719,0.5873269438743591,68,0.21931025385856628,0.055153459310531616,0.18269503116607666,0.1080629751086235
rosenbrock,1.9287498479639178e-22,2,cholesky,5,ode_transport,8192,0.02,1000,5,rosenbrock,89,0.2904179096221924,-50.99266815185547,0.5945081114768982,68,0.2865794599056244,0.14618462324142456,0.1779077649116516,0.170606791973114
rosenbrock,1.9287498479639178e-22,2,cholesky,5,ode_transport,8192,0.02,1000,5,rosenbrock,90,0.2853257656097412,-50.98407745361328,0.5832358598709106,68,0.26752737164497375,0.14574378728866577,0.18822216987609863,0.1220739483833313
rosenbrock,1.9287498479639178e-22,2,cholesky,5,ode_transport,8192,0.02,1000,5,rosenbrock,91,0.2863938808441162,-50.99428176879883,0.6363296508789062,68,0.19899438321590424,0.028563138097524643,0.17934295535087585,0.08135731518268585
rosenbrock,1.9287498479639178e-22,2,cholesky,5,ode_transport,8192,0.02,1000,5,rosenbrock,92,0.2876880168914795,-50.986183166503906,0.5963996648788452,68,0.2304053008556366,0.05111004412174225,0.20322172343730927,0.09578781574964523
rosenbrock,1.9287498479639178e-22,2,cholesky,5,ode_transport,8192,0.02,1000,5,rosenbrock,93,0.2703101634979248,-50.98736572265625,0.8090022802352905,68,0.226011261343956,0.11911266297101974,0.14224907755851746,0.12906765937805176
rosenbrock,1.9287498479639178e-22,2,cholesky,5,ode_transport,8192,0.02,1000,5,rosenbrock,94,0.29674506187438965,-50.9809684753418,0.6551488041877747,68,0.38485339283943176,0.28695541620254517,0.22385486960411072,0.12513072788715363
rosenbrock,1.9287498479639178e-22,2,cholesky,5,ode_transport,8192,0.02,1000,5,rosenbrock,95,0.2872588634490967,-50.97059631347656,0.6395961046218872,68,0.2101004719734192,0.03120190091431141,0.1753907948732376,0.11138542741537094
rosenbrock,1.9287498479639178e-22,2,cholesky,5,ode_transport,8192,0.02,1000,5,rosenbrock,96,0.32477593421936035,-50.96149444580078,0.6135300397872925,74,0.2600700855255127,0.1106794998049736,0.18970341980457306,0.13928072154521942
rosenbrock,1.9287498479639178e-22,2,cholesky,5,ode_transport,8192,0.02,1000,5,rosenbrock,97,0.29428815841674805,-50.96707534790039,0.5997942686080933,74,0.2176978588104248,0.0245948676019907,0.14282827079296112,0.1624424010515213
rosenbrock,1.9287498479639178e-22,2,cholesky,5,ode_transport,8192,0.02,1000,5,rosenbrock,98,0.2946288585662842,-50.956703186035156,0.5939388275146484,68,0.23103047907352448,0.024251393973827362,0.21115383505821228,0.0905594453215599
rosenbrock,1.9287498479639178e-22,2,cholesky,5,ode_transport,8192,0.02,1000,5,rosenbrock,99,0.2831587791442871,-50.95012664794922,0.6244102120399475,68,0.27838265895843506,0.14292001724243164,0.19404877722263336,0.13934078812599182
rosenbrock,1.9287498479639178e-22,2,cholesky,5,ode_transport,8192,0.02,1000,5,rosenbrock,100,0.34706902503967285,-50.94462585449219,0.5033574104309082,86,0.22458294034004211,0.09330782294273376,0.14398212730884552,0.14491477608680725
rosenbrock,1.9287498479639178e-22,2,cholesky,5,ode_transport,8192,0.02,1000,5,rosenbrock,101,0.28592920303344727,-50.94832992553711,0.5131090879440308,68,1.0570191144943237,0.7925281524658203,0.6124959588050842,0.33769407868385315
rosenbrock,1.9287498479639178e-22,2,cholesky,5,ode_transport,8192,0.02,1000,5,rosenbrock,102,0.2642178535461426,-50.94231414794922,0.5009567737579346,62,0.19434943795204163,0.06112482026219368,0.15214237570762634,0.10434634983539581
rosenbrock,1.9287498479639178e-22,2,cholesky,5,ode_transport,8192,0.02,1000,5,rosenbrock,103,0.2892470359802246,-50.939781188964844,0.5204141736030579,74,0.22593607008457184,0.021345041692256927,0.18689969182014465,0.12513995170593262
rosenbrock,1.9287498479639178e-22,2,cholesky,5,ode_transport,8192,0.02,1000,5,rosenbrock,104,0.27620601654052734,-50.933074951171875,0.5324570536613464,68,0.2763955295085907,0.06262226402759552,0.22963212430477142,0.1405063271522522
rosenbrock,1.9287498479639178e-22,2,cholesky,5,ode_transport,8192,0.02,1000,5,rosenbrock,105,0.28374218940734863,-50.93241882324219,0.588424801826477,68,0.29763245582580566,0.1325095146894455,0.23321041464805603,0.12899304926395416
rosenbrock,1.9287498479639178e-22,2,cholesky,5,ode_transport,8192,0.02,1000,5,rosenbrock,106,0.3142249584197998,-50.93550109863281,0.5843543410301208,74,0.20759636163711548,0.04140014201402664,0.16755756735801697,0.11535481363534927
rosenbrock,1.9287498479639178e-22,2,cholesky,5,ode_transport,8192,0.02,1000,5,rosenbrock,107,0.27501606941223145,-50.93062973022461,0.5803982615470886,62,0.20933502912521362,0.05248227342963219,0.17421430349349976,0.10351882129907608
rosenbrock,1.9287498479639178e-22,2,cholesky,5,ode_transport,8192,0.02,1000,5,rosenbrock,108,0.3468632698059082,-50.92967224121094,0.5846243500709534,86,0.20471853017807007,0.10137148201465607,0.15282730758190155,0.09097976237535477
rosenbrock,1.9287498479639178e-22,2,cholesky,5,ode_transport,8192,0.02,1000,5,rosenbrock,109,0.34900522232055664,-50.920196533203125,0.6131510138511658,86,0.32203441858291626,0.05131049081683159,0.1683911830186844,0.26966243982315063
rosenbrock,1.9287498479639178e-22,2,cholesky,5,ode_transport,8192,0.02,1000,5,rosenbrock,110,0.283581018447876,-50.934295654296875,0.5909702777862549,68,0.344641774892807,0.0512879379093647,0.3066282868385315,0.1487501859664917
rosenbrock,1.9287498479639178e-22,2,cholesky,5,ode_transport,8192,0.02,1000,5,rosenbrock,111,0.2623138427734375,-50.92725372314453,0.6040137410163879,62,0.21413539350032806,0.016899622976779938,0.1817285120487213,0.11199605464935303
rosenbrock,1.9287498479639178e-22,2,cholesky,5,ode_transport,8192,0.02,1000,5,rosenbrock,112,0.2966320514678955,-50.91974639892578,0.5964046716690063,74,0.2155018001794815,0.06318575888872147,0.1770031601190567,0.10544414073228836
rosenbrock,1.9287498479639178e-22,2,cholesky,5,ode_transport,8192,0.02,1000,5,rosenbrock,113,0.253925085067749,-50.917057037353516,0.5678514242172241,62,0.16189971566200256,0.041508812457323074,0.13391298055648804,0.0809682235121727
rosenbrock,1.9287498479639178e-22,2,cholesky,5,ode_transport,8192,0.02,1000,5,rosenbrock,114,0.2823929786682129,-50.9123649597168,0.5484477877616882,62,0.2029992640018463,0.12071307748556137,0.13409094512462616,0.09304124116897583
rosenbrock,1.9287498479639178e-22,2,cholesky,5,ode_transport,8192,0.02,1000,5,rosenbrock,115,0.28309202194213867,-50.9042854309082,0.5406968593597412,68,0.29800161719322205,0.20919185876846313,0.1805463582277298,0.11156494170427322
rosenbrock,1.9287498479639178e-22,2,cholesky,5,ode_transport,8192,0.02,1000,5,rosenbrock,116,0.25180482864379883,-50.8947639465332,0.5183940529823303,62,0.21467900276184082,0.0465630404651165,0.18637599050998688,0.09582768380641937
rosenbrock,1.9287498479639178e-22,2,cholesky,5,ode_transport,8192,0.02,1000,5,rosenbrock,117,0.2890000343322754,-50.90345001220703,0.5169723629951477,68,0.2804710566997528,0.038655031472444534,0.22948864102363586,0.15654000639915466
rosenbrock,1.9287498479639178e-22,2,cholesky,5,ode_transport,8192,0.02,1000,5,rosenbrock,118,0.26479578018188477,-50.905662536621094,0.6217435002326965,62,0.2730797529220581,0.1587027609348297,0.13459810614585876,0.17683134973049164
rosenbrock,1.9287498479639178e-22,2,cholesky,5,ode_transport,8192,0.02,1000,5,rosenbrock,119,0.28931093215942383,-50.889793395996094,0.5937235951423645,68,0.2772011458873749,0.14343005418777466,0.17463374137878418,0.1605345904827118
rosenbrock,1.9287498479639178e-22,2,cholesky,5,ode_transport,8192,0.02,1000,5,rosenbrock,120,0.3460049629211426,-50.888206481933594,0.5060064196586609,86,0.2602277994155884,0.11357690393924713,0.20099148154258728,0.12008839845657349
rosenbrock,1.9287498479639178e-22,2,cholesky,5,ode_transport,8192,0.02,1000,5,rosenbrock,121,0.3136866092681885,-50.895973205566406,0.5975720286369324,80,0.29824593663215637,0.010634640231728554,0.2823987901210785,0.09533340483903885
rosenbrock,1.9287498479639178e-22,2,cholesky,5,ode_transport,8192,0.02,1000,5,rosenbrock,122,0.2985258102416992,-50.88489532470703,0.593205451965332,74,0.17419485747814178,0.031169027090072632,0.139455646276474,0.09962160885334015
rosenbrock,1.9287498479639178e-22,2,cholesky,5,ode_transport,8192,0.02,1000,5,rosenbrock,123,0.2716050148010254,-50.88529968261719,0.5473613739013672,68,0.36444371938705444,0.18891668319702148,0.24686960875988007,0.19022387266159058
rosenbrock,1.9287498479639178e-22,2,cholesky,5,ode_transport,8192,0.02,1000,5,rosenbrock,124,0.27277421951293945,-50.8881721496582,0.5516219139099121,68,0.3002244830131531,0.13268005847930908,0.22627988457679749,0.1460416615009308
rosenbrock,1.9287498479639178e-22,2,cholesky,5,ode_transport,8192,0.02,1000,5,rosenbrock,125,0.31777477264404297,-50.87959289550781,0.5310437679290771,74,0.23254956305027008,0.08738448470830917,0.20223093032836914,0.0744708850979805
rosenbrock,1.9287498479639178e-22,2,cholesky,5,ode_transport,8192,0.02,1000,5,rosenbrock,126,0.2934849262237549,-50.876380920410156,0.5492269992828369,74,0.31314370036125183,0.19516459107398987,0.2154659926891327,0.11637932062149048
rosenbrock,1.9287498479639178e-22,2,cholesky,5,ode_transport,8192,0.02,1000,5,rosenbrock,127,0.3037717342376709,-50.87318801879883,0.5306257009506226,74,0.41585901379585266,0.13978378474712372,0.37225839495658875,0.12174926698207855
rosenbrock,1.9287498479639178e-22,2,cholesky,5,ode_transport,8192,0.02,1000,5,rosenbrock,128,0.33241915702819824,-50.883056640625,0.5772252678871155,86,0.6659896373748779,0.39771994948387146,0.33107390999794006,0.4192267656326294
rosenbrock,1.9287498479639178e-22,2,cholesky,5,ode_transport,8192,0.02,1000,5,rosenbrock,129,0.33884096145629883,-50.87987518310547,0.5696348547935486,68,0.3171892762184143,0.08433961868286133,0.28561505675315857,0.10917835682630539
rosenbrock,1.9287498479639178e-22,2,cholesky,5,ode_transport,8192,0.02,1000,5,rosenbrock,130,0.31599998474121094,-50.87751007080078,0.54742431640625,74,0.19672806560993195,0.049558646976947784,0.16582444310188293,0.09353141486644745
rosenbrock,1.9287498479639178e-22,2,cholesky,5,ode_transport,8192,0.02,1000,5,rosenbrock,131,0.26520681381225586,-50.86497497558594,0.466684490442276,62,0.2748856842517853,0.039094917476177216,0.2550869882106781,0.0946802943944931
rosenbrock,1.9287498479639178e-22,2,cholesky,5,ode_transport,8192,0.02,1000,5,rosenbrock,132,0.3175368309020996,-50.86831283569336,0.5929778218269348,74,0.32021868228912354,0.19835543632507324,0.22949160635471344,0.10260963439941406
rosenbrock,1.9287498479639178e-22,2,cholesky,5,ode_transport,8192,0.02,1000,5,rosenbrock,133,0.2788238525390625,-50.871578216552734,0.5430139303207397,68,0.3166196346282959,0.09526477009057999,0.26850101351737976,0.1381298154592514
rosenbrock,1.9287498479639178e-22,2,cholesky,5,ode_transport,8192,0.02,1000,5,rosenbrock,134,0.2843441963195801,-50.86228942871094,0.5129000544548035,68,0.2870491147041321,0.02495984174311161,0.23635780811309814,0.16096335649490356
rosenbrock,1.9287498479639178e-22,2,cholesky,5,ode_transport,8192,0.02,1000,5,rosenbrock,135,0.25978708267211914,-50.85669708251953,0.5409331917762756,68,4.172231674194336,3.3611621856689453,1.9990479946136475,1.4539307355880737
rosenbrock,1.9287498479639178e-22,2,cholesky,5,ode_transport,8192,0.02,1000,5,rosenbrock,136,0.35445117950439453,-50.85161590576172,0.5282885432243347,86,5.912684917449951,4.74011754989624,2.8013901710510254,2.154841184616089
rosenbrock,1.9287498479639178e-22,2,cholesky,5,ode_transport,8192,0.02,1000,5,rosenbrock,137,0.31328821182250977,-50.862430572509766,0.556894838809967,74,0.20926737785339355,0.05635768920183182,0.1620422899723053,0.11982877552509308
rosenbrock,1.9287498479639178e-22,2,cholesky,5,ode_transport,8192,0.02,1000,5,rosenbrock,138,0.28989219665527344,-50.860652923583984,0.5074322819709778,68,0.7671401500701904,0.6204491853713989,0.36118850111961365,0.2703512907028198
rosenbrock,1.9287498479639178e-22,2,cholesky,5,ode_transport,8192,0.02,1000,5,rosenbrock,139,0.33904004096984863,-50.86532211303711,0.5412977337837219,80,0.573276162147522,0.4790823757648468,0.20215347409248352,0.24137039482593536
rosenbrock,1.9287498479639178e-22,2,cholesky,5,ode_transport,8192,0.02,1000,5,rosenbrock,140,0.3163020610809326,-50.86606979370117,0.5529336333274841,74,0.3900006115436554,0.18052121996879578,0.3193322718143463,0.13243672251701355
rosenbrock,1.9287498479639178e-22,2,cholesky,5,ode_transport,8192,0.02,1000,5,rosenbrock,141,0.2789771556854248,-50.85968017578125,0.5978440642356873,68,0.6785059571266174,0.13899987936019897,0.6099510192871094,0.26269596815109253
rosenbrock,1.9287498479639178e-22,2,cholesky,5,ode_transport,8192,0.02,1000,5,rosenbrock,142,0.31325793266296387,-50.8651008605957,0.5751837491989136,74,0.6772948503494263,0.031727395951747894,0.5719425678253174,0.3613908886909485
rosenbrock,1.9287498479639178e-22,2,cholesky,5,ode_transport,8192,0.02,1000,5,rosenbrock,143,0.31780409812927246,-50.849510192871094,0.501487135887146,80,0.3824145495891571,0.07410043478012085,0.34742817282676697,0.14157573878765106
rosenbrock,1.9287498479639178e-22,2,cholesky,5,ode_transport,8192,0.02,1000,5,rosenbrock,144,0.26956820487976074,-50.84022521972656,0.4909496307373047,62,0.20594345033168793,0.05790082737803459,0.1678444743156433,0.10434769093990326
rosenbrock,1.9287498479639178e-22,2,cholesky,5,ode_transport,8192,0.02,1000,5,rosenbrock,145,0.28319811820983887,-50.84849166870117,0.5076163411140442,68,0.36740121245384216,0.05305534228682518,0.30772918462753296,0.1935756355524063
rosenbrock,1.9287498479639178e-22,2,cholesky,5,ode_transport,8192,0.02,1000,5,rosenbrock,146,0.29869699478149414,-50.83636474609375,0.523197591304779,74,0.44398605823516846,0.1725492775440216,0.375802218914032,0.16162627935409546
rosenbrock,1.9287498479639178e-22,2,cholesky,5,ode_transport,8192,0.02,1000,5,rosenbrock,147,0.2542378902435303,-50.849571228027344,0.4913747310638428,62,0.4263567328453064,0.04327530041337013,0.37703901529312134,0.19429072737693787
rosenbrock,1.9287498479639178e-22,2,cholesky,5,ode_transport,8192,0.02,1000,5,rosenbrock,148,0.25336313247680664,-50.85037612915039,0.5248305797576904,62,0.47612982988357544,0.05730919539928436,0.4505216181278229,0.14298789203166962
rosenbrock,1.9287498479639178e-22,2,cholesky,5,ode_transport,8192,0.02,1000,5,rosenbrock,149,0.31270885467529297,-50.84310531616211,0.594417929649353,80,0.6294494271278381,0.5002886056900024,0.30963134765625,0.2237105816602707
rosenbrock,1.9287498479639178e-22,2,cholesky,5,ode_transport,8192,0.02,1000,5,rosenbrock,150,0.25957393646240234,-50.839962005615234,0.477832555770874,62,25.26348304748535,20.59979820251465,11.288102149963379,9.298958778381348
rosenbrock,1.9287498479639178e-22,2,cholesky,5,ode_transport,8192,0.02,1000,5,rosenbrock,151,0.3129127025604248,-50.852481842041016,0.49747592210769653,80,1.134610891342163,0.31380704045295715,1.0345230102539062,0.34442585706710815
rosenbrock,1.9287498479639178e-22,2,cholesky,5,ode_transport,8192,0.02,1000,5,rosenbrock,152,0.3920910358428955,-50.90360641479492,0.6819260716438293,80,1.9389945268630981,0.19437631964683533,1.7471932172775269,0.8180667757987976
rosenbrock,1.9287498479639178e-22,2,cholesky,5,ode_transport,8192,0.02,1000,5,rosenbrock,153,0.29155802726745605,-50.95741271972656,0.8740307092666626,68,2.6553962230682373,0.12054426223039627,2.403569459915161,1.1222528219223022
rosenbrock,1.9287498479639178e-22,2,cholesky,5,ode_transport,8192,0.02,1000,5,rosenbrock,154,0.3090808391571045,-50.97749328613281,1.0059787034988403,74,2.6362106800079346,0.1451440155506134,2.294767141342163,1.2894121408462524
rosenbrock,1.9287498479639178e-22,2,cholesky,5,ode_transport,8192,0.02,1000,5,rosenbrock,155,0.30244970321655273,-50.96846008300781,0.8915888071060181,74,2.235430955886841,0.0778418779373169,1.979317307472229,1.0360478162765503
rosenbrock,1.9287498479639178e-22,2,cholesky,5,ode_transport,8192,0.02,1000,5,rosenbrock,156,0.2595210075378418,-50.924564361572266,0.7515861392021179,62,1.523497223854065,0.32987579703330994,1.270984411239624,0.7725441455841064
rosenbrock,1.9287498479639178e-22,2,cholesky,5,ode_transport,8192,0.02,1000,5,rosenbrock,157,0.27913808822631836,-50.90498733520508,0.5879840850830078,68,1.0206847190856934,0.05160338431596756,0.7728745937347412,0.6646800637245178
rosenbrock,1.9287498479639178e-22,2,cholesky,5,ode_transport,8192,0.02,1000,5,rosenbrock,158,0.3181571960449219,-50.88888931274414,0.7021639347076416,80,1.0259606838226318,0.5171224474906921,0.3815210461616516,0.7997633814811707
rosenbrock,1.9287498479639178e-22,2,cholesky,5,ode_transport,8192,0.02,1000,5,rosenbrock,159,0.334000825881958,-50.88239288330078,0.6133666634559631,80,0.8390762805938721,0.2656306326389313,0.5826466679573059,0.5422289967536926
rosenbrock,1.9287498479639178e-22,2,cholesky,5,ode_transport,8192,0.02,1000,5,rosenbrock,160,0.26913905143737793,-50.88487243652344,0.6895796656608582,62,0.9282535314559937,0.017356112599372864,0.8505395650863647,0.3713971972465515
rosenbrock,1.9287498479639178e-22,2,cholesky,5,ode_transport,8192,0.02,1000,5,rosenbrock,161,0.333698034286499,-50.89934158325195,0.6547772884368896,86,1.2465306520462036,0.03855900838971138,1.20047128200531,0.3334974944591522
rosenbrock,1.9287498479639178e-22,2,cholesky,5,ode_transport,8192,0.02,1000,5,rosenbrock,162,0.3138539791107178,-50.92101287841797,0.7702828049659729,80,1.5660542249679565,0.05040036886930466,1.5101220607757568,0.4117249548435211
rosenbrock,1.9287498479639178e-22,2,cholesky,5,ode_transport,8192,0.02,1000,5,rosenbrock,163,0.28725504875183105,-50.905914306640625,0.7150446772575378,74,2.1599743366241455,1.4308552742004395,1.1419860124588013,1.1463029384613037
rosenbrock,1.9287498479639178e-22,2,cholesky,5,ode_transport,8192,0.02,1000,5,rosenbrock,164,0.323286771774292,-50.91686248779297,0.843808650970459,80,1.8751347064971924,0.5946552753448486,1.5645478963851929,0.8454022407531738
rosenbrock,1.9287498479639178e-22,2,cholesky,5,ode_transport,8192,0.02,1000,5,rosenbrock,165,0.3293728828430176,-50.89103698730469,0.6597433090209961,86,1.1254923343658447,0.17790478467941284,1.0243967771530151,0.43092241883277893
rosenbrock,1.9287498479639178e-22,2,cholesky,5,ode_transport,8192,0.02,1000,5,rosenbrock,166,0.31330204010009766,-50.87662124633789,0.5772053599357605,74,0.8489809632301331,0.12057071179151535,0.7471576929092407,0.38469037413597107
rosenbrock,1.9287498479639178e-22,2,cholesky,5,ode_transport,8192,0.02,1000,5,rosenbrock,167,0.31579113006591797,-50.86387634277344,0.5416941046714783,80,0.5949996113777161,0.21591149270534515,0.45844173431396484,0.3118300437927246
rosenbrock,1.9287498479639178e-22,2,cholesky,5,ode_transport,8192,0.02,1000,5,rosenbrock,168,0.32565784454345703,-50.86779022216797,0.5410122871398926,86,0.7000499367713928,0.43948614597320557,0.3396252691745758,0.4261179566383362
rosenbrock,1.9287498479639178e-22,2,cholesky,5,ode_transport,8192,0.02,1000,5,rosenbrock,169,0.29508185386657715,-50.878440856933594,0.6120225787162781,74,0.5601261258125305,0.04192831367254257,0.4815792441368103,0.2829570770263672
rosenbrock,1.9287498479639178e-22,2,cholesky,5,ode_transport,8192,0.02,1000,5,rosenbrock,170,0.2926957607269287,-50.890193939208984,0.6128084063529968,68,1.3725842237472534,1.1389994621276855,0.5659915804862976,0.5160635709762573
rosenbrock,1.9287498479639178e-22,2,cholesky,5,ode_transport,8192,0.02,1000,5,rosenbrock,171,0.30759310722351074,-50.8856201171875,0.7090649604797363,80,0.879348635673523,0.13182583451271057,0.8003888726234436,0.3394901156425476
rosenbrock,1.9287498479639178e-22,2,cholesky,5,ode_transport,8192,0.02,1000,5,rosenbrock,172,0.29054903984069824,-50.88916778564453,0.5603104829788208,68,1.1050935983657837,0.06032836064696312,1.054352879524231,0.3254723846912384
rosenbrock,1.9287498479639178e-22,2,cholesky,5,ode_transport,8192,0.02,1000,5,rosenbrock,173,0.32218503952026367,-50.88444900512695,0.6365411281585693,74,1.1200997829437256,0.11410892754793167,1.0761398077011108,0.28900861740112305
rosenbrock,1.9287498479639178e-22,2,cholesky,5,ode_transport,8192,0.02,1000,5,rosenbrock,174,0.3462369441986084,-50.87364959716797,0.6728464961051941,92,0.972879946231842,0.21470539271831512,0.8961867094039917,0.3118433356285095
rosenbrock,1.9287498479639178e-22,2,cholesky,5,ode_transport,8192,0.02,1000,5,rosenbrock,175,0.3031609058380127,-50.87605667114258,0.5636842846870422,74,1.756700038909912,1.5595771074295044,0.6866109371185303,0.4269421100616455
rosenbrock,1.9287498479639178e-22,2,cholesky,5,ode_transport,8192,0.02,1000,5,rosenbrock,176,0.31914210319519043,-50.86597442626953,0.5740532875061035,86,0.6517659425735474,0.06039632111787796,0.5911362171173096,0.26778560876846313
rosenbrock,1.9287498479639178e-22,2,cholesky,5,ode_transport,8192,0.02,1000,5,rosenbrock,177,0.3381800651550293,-50.866573333740234,0.4943408668041229,86,0.407459557056427,0.050501011312007904,0.33765023946762085,0.22240780293941498
rosenbrock,1.9287498479639178e-22,2,cholesky,5,ode_transport,8192,0.02,1000,5,rosenbrock,178,0.3322269916534424,-50.85393524169922,0.46813252568244934,86,0.259692519903183,0.04364071413874626,0.14582407474517822,0.2104068100452423
rosenbrock,1.9287498479639178e-22,2,cholesky,5,ode_transport,8192,0.02,1000,5,rosenbrock,179,0.3238558769226074,-50.85676574707031,0.48172155022621155,80,0.4036071300506592,0.20837143063545227,0.29478272795677185,0.18050816655158997
rosenbrock,1.9287498479639178e-22,2,cholesky,5,ode_transport,8192,0.02,1000,5,rosenbrock,180,0.2994511127471924,-50.868125915527344,0.48757827281951904,74,0.4203076660633087,0.06674021482467651,0.3407972753047943,0.2367730289697647
rosenbrock,1.9287498479639178e-22,2,cholesky,5,ode_transport,8192,0.02,1000,5,rosenbrock,181,0.3237183094024658,-50.845767974853516,0.5079905390739441,80,0.6936442255973816,0.19066353142261505,0.5930340886116028,0.30512353777885437
rosenbrock,1.9287498479639178e-22,2,cholesky,5,ode_transport,8192,0.02,1000,5,rosenbrock,182,0.30278515815734863,-50.8496208190918,0.48794883489608765,74,0.6647397875785828,0.10070782154798508,0.6002247333526611,0.2673335075378418
rosenbrock,1.9287498479639178e-22,2,cholesky,5,ode_transport,8192,0.02,1000,5,rosenbrock,183,0.3323650360107422,-50.849395751953125,0.5053173899650574,80,0.483636736869812,0.12106365710496902,0.41460561752319336,0.21760116517543793
rosenbrock,1.9287498479639178e-22,2,cholesky,5,ode_transport,8192,0.02,1000,5,rosenbrock,184,0.3179929256439209,-50.84696578979492,0.5259697437286377,86,0.4563162922859192,0.15419894456863403,0.3684532344341278,0.2206568866968155
rosenbrock,1.9287498479639178e-22,2,cholesky,5,ode_transport,8192,0.02,1000,5,rosenbrock,185,0.3299100399017334,-50.84857940673828,0.48878994584083557,80,0.434347927570343,0.025630181655287743,0.3991447687149048,0.16936546564102173
rosenbrock,1.9287498479639178e-22,2,cholesky,5,ode_transport,8192,0.02,1000,5,rosenbrock,186,0.2725551128387451,-50.844390869140625,0.4696270525455475,68,1.6320464611053467,1.363347053527832,0.7161623239517212,0.5403445363044739
rosenbrock,1.9287498479639178e-22,2,cholesky,5,ode_transport,8192,0.02,1000,5,rosenbrock,187,0.291733980178833,-50.857364654541016,0.5874468684196472,74,0.4094616770744324,0.23348468542099,0.30961310863494873,0.13146667182445526
rosenbrock,1.9287498479639178e-22,2,cholesky,5,ode_transport,8192,0.02,1000,5,rosenbrock,188,0.36183667182922363,-50.843017578125,0.476180762052536,80,0.3066452443599701,0.05707361176609993,0.2598564624786377,0.15247465670108795
rosenbrock,1.9287498479639178e-22,2,cholesky,5,ode_transport,8192,0.02,1000,5,rosenbrock,189,0.3103649616241455,-50.83739471435547,0.5572955012321472,74,0.1850845068693161,0.0739332064986229,0.12654981017112732,0.1130278930068016
rosenbrock,1.9287498479639178e-22,2,cholesky,5,ode_transport,8192,0.02,1000,5,rosenbrock,190,0.33711886405944824,-50.84020233154297,0.561683714389801,86,0.2892158627510071,0.041106924414634705,0.2351551055908203,0.16327309608459473
rosenbrock,1.9287498479639178e-22,2,cholesky,5,ode_transport,8192,0.02,1000,5,rosenbrock,191,0.297788143157959,-50.83689880371094,0.5530362725257874,74,0.9892863631248474,0.6508814096450806,0.35404282808303833,0.6555109024047852
rosenbrock,1.9287498479639178e-22,2,cholesky,5,ode_transport,8192,0.02,1000,5,rosenbrock,192,0.32253003120422363,-50.83412551879883,0.5545638203620911,80,0.2618178725242615,0.1069166287779808,0.18147136270999908,0.1555171012878418
rosenbrock,1.9287498479639178e-22,2,cholesky,5,ode_transport,8192,0.02,1000,5,rosenbrock,193,0.3311920166015625,-50.8425407409668,0.5625519752502441,80,0.2895379662513733,0.09144213050603867,0.2096138447523117,0.1775742769241333
rosenbrock,1.9287498479639178e-22,2,cholesky,5,ode_transport,8192,0.02,1000,5,rosenbrock,194,0.31977415084838867,-50.827430725097656,0.4574770927429199,80,0.3518346846103668,0.09469540417194366,0.2605210840702057,0.21667762100696564
rosenbrock,1.9287498479639178e-22,2,cholesky,5,ode_transport,8192,0.02,1000,5,rosenbrock,195,0.3280832767486572,-50.84269714355469,0.5182533860206604,86,0.4650919437408447,0.05890723317861557,0.38249361515045166,0.2579517662525177
rosenbrock,1.9287498479639178e-22,2,cholesky,5,ode_transport,8192,0.02,1000,5,rosenbrock,196,0.32494282722473145,-50.83396530151367,0.4929791986942291,80,0.3387238383293152,0.04757523909211159,0.23153924942016602,0.24261082708835602
rosenbrock,1.9287498479639178e-22,2,cholesky,5,ode_transport,8192,0.02,1000,5,rosenbrock,197,0.3047459125518799,-50.835872650146484,0.5270750522613525,74,0.3483316898345947,0.037069134414196014,0.29710355401039124,0.1780177354812622
rosenbrock,1.9287498479639178e-22,2,cholesky,5,ode_transport,8192,0.02,1000,5,rosenbrock,198,0.2945821285247803,-50.839439392089844,0.5591166019439697,74,0.23140420019626617,0.08982384204864502,0.16126294434070587,0.13954868912696838
rosenbrock,1.9287498479639178e-22,2,cholesky,5,ode_transport,8192,0.02,1000,5,rosenbrock,199,0.30426025390625,-50.83320617675781,0.5462626218795776,80,0.23229452967643738,0.06423509865999222,0.2035161852836609,0.09173748642206192
rosenbrock,1.9287498479639178e-22,2,cholesky,5,ode_transport,8192,0.02,1000,5,rosenbrock,200,0.28844213485717773,-50.843353271484375,0.6105219125747681,74,0.20425918698310852,0.05523952841758728,0.12252962589263916,0.15380798280239105
rosenbrock,1.9287498479639178e-22,2,cholesky,5,ode_transport,8192,0.02,1000,5,rosenbrock,201,0.37662315368652344,-50.832481384277344,0.6073068976402283,98,0.2550985515117645,0.008228393271565437,0.1868657022714615,0.1734611839056015
rosenbrock,1.9287498479639178e-22,2,cholesky,5,ode_transport,8192,0.02,1000,5,rosenbrock,202,0.320037841796875,-50.83285140991211,0.5531641840934753,80,0.2532321512699127,0.03458976000547409,0.1636817753314972,0.19010089337825775
rosenbrock,1.9287498479639178e-22,2,cholesky,5,ode_transport,8192,0.02,1000,5,rosenbrock,203,0.3243551254272461,-50.83560562133789,0.554804801940918,80,0.2379487007856369,0.047193266451358795,0.18853159248828888,0.13728880882263184
rosenbrock,1.9287498479639178e-22,2,cholesky,5,ode_transport,8192,0.02,1000,5,rosenbrock,204,0.32119297981262207,-50.826316833496094,0.5292220115661621,74,0.40667420625686646,0.29987114667892456,0.22458235919475555,0.15818960964679718
rosenbrock,1.9287498479639178e-22,2,cholesky,5,ode_transport,8192,0.02,1000,5,rosenbrock,205,0.3903229236602783,-50.82410430908203,0.4758533537387848,86,0.3205128312110901,0.10790208727121353,0.24499467015266418,0.17624759674072266
rosenbrock,1.9287498479639178e-22,2,cholesky,5,ode_transport,8192,0.02,1000,5,rosenbrock,206,0.3070077896118164,-50.822288513183594,0.5809731483459473,62,0.30065101385116577,0.041854098439216614,0.19359524548053741,0.2261861264705658
rosenbrock,1.9287498479639178e-22,2,cholesky,5,ode_transport,8192,0.02,1000,5,rosenbrock,207,0.31660914421081543,-50.82356643676758,0.4683864712715149,80,0.1913558840751648,0.10170292854309082,0.1201731264591217,0.10877499729394913
rosenbrock,1.9287498479639178e-22,2,cholesky,5,ode_transport,8192,0.02,1000,5,rosenbrock,208,0.318958044052124,-50.82400131225586,0.5018144845962524,80,0.2343311309814453,0.04991397634148598,0.19004888832569122,0.12767574191093445
rosenbrock,1.9287498479639178e-22,2,cholesky,5,ode_transport,8192,0.02,1000,5,rosenbrock,209,0.3436319828033447,-50.828895568847656,0.522264838218689,86,0.1476498544216156,0.041899245232343674,0.1160053238272667,0.0811646357178688
rosenbrock,1.9287498479639178e-22,2,cholesky,5,ode_transport,8192,0.02,1000,5,rosenbrock,210,0.39586305618286133,-50.821109771728516,0.47183507680892944,86,0.23102924227714539,0.06869799643754959,0.1839158535003662,0.121778704226017
rosenbrock,1.9287498479639178e-22,2,cholesky,5,ode_transport,8192,0.02,1000,5,rosenbrock,211,0.266571044921875,-50.820926666259766,0.5111297369003296,62,0.30416950583457947,0.20345112681388855,0.20140695571899414,0.10277145355939865
rosenbrock,1.9287498479639178e-22,2,cholesky,5,ode_transport,8192,0.02,1000,5,rosenbrock,212,0.35062241554260254,-50.81662368774414,0.4381380081176758,74,0.15439027547836304,0.027647675946354866,0.12720544636249542,0.08301044255495071
rosenbrock,1.9287498479639178e-22,2,cholesky,5,ode_transport,8192,0.02,1000,5,rosenbrock,213,0.3718869686126709,-50.81541061401367,0.49200308322906494,80,0.22141209244728088,0.07567588239908218,0.18250396847724915,0.09994390606880188
rosenbrock,1.9287498479639178e-22,2,cholesky,5,ode_transport,8192,0.02,1000,5,rosenbrock,214,0.3214881420135498,-50.83390426635742,0.49582356214523315,74,1.253456950187683,1.0788267850875854,0.4703199565410614,0.4313773512840271
rosenbrock,1.9287498479639178e-22,2,cholesky,5,ode_transport,8192,0.02,1000,5,rosenbrock,215,0.33576273918151855,-50.81809616088867,0.4878106415271759,80,0.2601180374622345,0.015948856249451637,0.22908759117126465,0.12217164039611816
rosenbrock,1.9287498479639178e-22,2,cholesky,5,ode_transport,8192,0.02,1000,5,rosenbrock,216,0.31789398193359375,-50.819984436035156,0.46428149938583374,80,0.28498581051826477,0.08162406831979752,0.21723921597003937,0.1654132753610611
rosenbrock,1.9287498479639178e-22,2,cholesky,5,ode_transport,8192,0.02,1000,5,rosenbrock,217,0.3058900833129883,-50.81435775756836,0.5140705108642578,80,0.22413410246372223,0.014241741970181465,0.20022259652614594,0.09972050040960312
rosenbrock,1.9287498479639178e-22,2,cholesky,5,ode_transport,8192,0.02,1000,5,rosenbrock,218,0.310866117477417,-50.805946350097656,0.42927709221839905,74,0.46013712882995605,0.2795916497707367,0.270757257938385,0.24544894695281982
rosenbrock,1.9287498479639178e-22,2,cholesky,5,ode_transport,8192,0.02,1000,5,rosenbrock,219,0.3184080123901367,-50.823326110839844,0.5043549537658691,74,0.5876198410987854,0.3395439684391022,0.4249957203865051,0.22222860157489777
rosenbrock,1.9287498479639178e-22,2,cholesky,5,ode_transport,8192,0.02,1000,5,rosenbrock,220,0.2942080497741699,-50.817108154296875,0.4951506555080414,74,0.1392940729856491,0.03404594585299492,0.12196603417396545,0.05803444981575012
rosenbrock,1.9287498479639178e-22,2,cholesky,5,ode_transport,8192,0.02,1000,5,rosenbrock,221,0.31067514419555664,-50.825904846191406,0.5491583943367004,80,0.3149908483028412,0.13405635952949524,0.20362131297588348,0.19946545362472534
rosenbrock,1.9287498479639178e-22,2,cholesky,5,ode_transport,8192,0.02,1000,5,rosenbrock,222,0.3399648666381836,-50.81352996826172,0.5043839812278748,80,0.2721653878688812,0.14323563873767853,0.1926783174276352,0.1281897872686386
rosenbrock,1.9287498479639178e-22,2,cholesky,5,ode_transport,8192,0.02,1000,5,rosenbrock,223,0.3240818977355957,-50.82295227050781,0.5389377474784851,80,0.17800959944725037,0.03441401198506355,0.14673088490962982,0.09472665935754776
rosenbrock,1.9287498479639178e-22,2,cholesky,5,ode_transport,8192,0.02,1000,5,rosenbrock,224,0.32022571563720703,-50.81486511230469,0.43306446075439453,80,0.2267388254404068,0.07398993521928787,0.17502765357494354,0.12369845807552338
rosenbrock,1.9287498479639178e-22,2,cholesky,5,ode_transport,8192,0.02,1000,5,rosenbrock,225,0.3117201328277588,-50.81413269042969,0.4928044378757477,74,3.0390453338623047,2.5921437740325928,1.2104177474975586,1.025415301322937
rosenbrock,1.9287498479639178e-22,2,cholesky,5,ode_transport,8192,0.02,1000,5,rosenbrock,226,0.32808876037597656,-50.818275451660156,0.8095903992652893,86,0.32546886801719666,0.06292011588811874,0.2973431348800659,0.11643931269645691
rosenbrock,1.9287498479639178e-22,2,cholesky,5,ode_transport,8192,0.02,1000,5,rosenbrock,227,0.32066988945007324,-50.80502700805664,0.4607284367084503,80,0.3287239670753479,0.04584958031773567,0.31145331263542175,0.0946260467171669
rosenbrock,1.9287498479639178e-22,2,cholesky,5,ode_transport,8192,0.02,1000,5,rosenbrock,228,0.3024299144744873,-50.81462860107422,0.4941279888153076,74,0.35033151507377625,0.136737659573555,0.31359022855758667,0.07547274231910706
rosenbrock,1.9287498479639178e-22,2,cholesky,5,ode_transport,8192,0.02,1000,5,rosenbrock,229,0.31125402450561523,-50.81172180175781,0.49094241857528687,80,0.2943068742752075,0.06610901653766632,0.26273810863494873,0.11495571583509445
rosenbrock,1.9287498479639178e-22,2,cholesky,5,ode_transport,8192,0.02,1000,5,rosenbrock,230,0.2933213710784912,-50.8049430847168,0.43543741106987,74,0.30676645040512085,0.08666113018989563,0.26817306876182556,0.12115579098463058
rosenbrock,1.9287498479639178e-22,2,cholesky,5,ode_transport,8192,0.02,1000,5,rosenbrock,231,0.2946908473968506,-50.81302261352539,0.5215836763381958,74,0.23501238226890564,0.11612504720687866,0.1871064305305481,0.08207903802394867
rosenbrock,1.9287498479639178e-22,2,cholesky,5,ode_transport,8192,0.02,1000,5,rosenbrock,232,0.3472428321838379,-50.803680419921875,0.48878854513168335,86,0.23813596367835999,0.16445623338222504,0.11913160234689713,0.12438064813613892
rosenbrock,1.9287498479639178e-22,2,cholesky,5,ode_transport,8192,0.02,1000,5,rosenbrock,233,0.31261420249938965,-50.817935943603516,0.5138448476791382,80,0.21452225744724274,0.1127580851316452,0.14484772086143494,0.11101597547531128
rosenbrock,1.9287498479639178e-22,2,cholesky,5,ode_transport,8192,0.02,1000,5,rosenbrock,234,0.31544995307922363,-50.80270767211914,0.4757942259311676,80,0.29046106338500977,0.14672401547431946,0.20647835731506348,0.14214907586574554
rosenbrock,1.9287498479639178e-22,2,cholesky,5,ode_transport,8192,0.02,1000,5,rosenbrock,235,0.3394787311553955,-50.804378509521484,0.5134808421134949,80,0.2610890865325928,0.01525140181183815,0.20129163563251495,0.16557954251766205
rosenbrock,1.9287498479639178e-22,2,cholesky,5,ode_transport,8192,0.02,1000,5,rosenbrock,236,0.3118631839752197,-50.806060791015625,0.5031204223632812,80,0.29560157656669617,0.09283397346735,0.2177070826292038,0.17710384726524353
rosenbrock,1.9287498479639178e-22,2,cholesky,5,ode_transport,8192,0.02,1000,5,rosenbrock,237,0.33196115493774414,-50.80241394042969,0.4292706251144409,80,0.28725865483283997,0.12987792491912842,0.2502520978450775,0.05498310178518295
rosenbrock,1.9287498479639178e-22,2,cholesky,5,ode_transport,8192,0.02,1000,5,rosenbrock,238,0.33006787300109863,-50.816837310791016,0.5204402208328247,80,0.2612802982330322,0.030201153829693794,0.2197577953338623,0.13806448876857758
rosenbrock,1.9287498479639178e-22,2,cholesky,5,ode_transport,8192,0.02,1000,5,rosenbrock,239,0.3240361213684082,-50.80244445800781,0.43579646944999695,80,1.1260552406311035,0.905473530292511,0.5169110298156738,0.4253482520580292
rosenbrock,1.9287498479639178e-22,2,cholesky,5,ode_transport,8192,0.02,1000,5,rosenbrock,240,0.3740241527557373,-50.80632019042969,0.5003031492233276,74,0.21517328917980194,0.0720113143324852,0.17700307071208954,0.09891323745250702
rosenbrock,1.9287498479639178e-22,2,cholesky,5,ode_transport,8192,0.02,1000,5,rosenbrock,241,0.39428210258483887,-50.79140090942383,0.4609990417957306,80,0.3007136881351471,0.1376655101776123,0.16251051425933838,0.21229051053524017
rosenbrock,1.9287498479639178e-22,2,cholesky,5,ode_transport,8192,0.02,1000,5,rosenbrock,242,0.2997896671295166,-50.81289291381836,0.5078354477882385,74,0.26365962624549866,0.16918005049228668,0.15565554797649384,0.12909632921218872
rosenbrock,1.9287498479639178e-22,2,cholesky,5,ode_transport,8192,0.02,1000,5,rosenbrock,243,0.31090307235717773,-50.80173110961914,0.4120580554008484,80,0.14328692853450775,0.013663113117218018,0.1098334863781929,0.09100037813186646
rosenbrock,1.9287498479639178e-22,2,cholesky,5,ode_transport,8192,0.02,1000,5,rosenbrock,244,0.3353919982910156,-50.79888916015625,0.45859295129776,80,0.43830442428588867,0.31958645582199097,0.22962073981761932,0.19300147891044617
rosenbrock,1.9287498479639178e-22,2,cholesky,5,ode_transport,8192,0.02,1000,5,rosenbrock,245,0.3558788299560547,-50.802162170410156,0.4707610309123993,74,0.19801506400108337,0.031604912132024765,0.1320076733827591,0.14417026937007904
rosenbrock,1.9287498479639178e-22,2,cholesky,5,ode_transport,8192,0.02,1000,5,rosenbrock,246,0.3676769733428955,-50.801841735839844,0.47802674770355225,80,0.16487017273902893,0.02788928896188736,0.13575764000415802,0.08929849416017532
rosenbrock,1.9287498479639178e-22,2,cholesky,5,ode_transport,8192,0.02,1000,5,rosenbrock,247,0.3476290702819824,-50.800132751464844,0.4441321790218353,86,0.2950776517391205,0.21342922747135162,0.16933009028434753,0.11334070563316345
rosenbrock,1.9287498479639178e-22,2,cholesky,5,ode_transport,8192,0.02,1000,5,rosenbrock,248,0.33606505393981934,-50.790802001953125,0.46394282579421997,80,0.23826712369918823,0.14286886155605316,0.1479058414697647,0.12034770101308823
rosenbrock,1.9287498479639178e-22,2,cholesky,5,ode_transport,8192,0.02,1000,5,rosenbrock,249,0.35296010971069336,-50.793304443359375,0.48314231634140015,86,0.21680137515068054,0.07634930312633514,0.15472054481506348,0.13128280639648438
rosenbrock,1.9287498479639178e-22,2,cholesky,5,ode_transport,8192,0.02,1000,5,rosenbrock,250,0.32509803771972656,-50.794044494628906,0.48038920760154724,80,0.14829759299755096,0.024687467142939568,0.12234626710414886,0.08008802682161331
rosenbrock,1.9287498479639178e-22,2,cholesky,5,ode_transport,8192,0.02,1000,5,rosenbrock,251,0.35369110107421875,-50.79806137084961,0.4928712248802185,92,0.16886383295059204,0.07092799991369247,0.11824808269739151,0.09747616946697235
rosenbrock,1.9287498479639178e-22,2,cholesky,5,ode_transport,8192,0.02,1000,5,rosenbrock,252,0.3116288185119629,-50.8058967590332,0.5026110410690308,80,0.2877805233001709,0.19521881639957428,0.17088763415813446,0.12451773136854172
rosenbrock,1.9287498479639178e-22,2,cholesky,5,ode_transport,8192,0.02,1000,5,rosenbrock,253,0.31182122230529785,-50.79509735107422,0.45807361602783203,80,0.25961095094680786,0.13978217542171478,0.16633202135562897,0.14210009574890137
rosenbrock,1.9287498479639178e-22,2,cholesky,5,ode_transport,8192,0.02,1000,5,rosenbrock,254,0.3539469242095947,-50.80654525756836,0.58392733335495,86,0.23783721029758453,0.09082731604576111,0.16390399634838104,0.146466463804245
rosenbrock,1.9287498479639178e-22,2,cholesky,5,ode_transport,8192,0.02,1000,5,rosenbrock,255,0.3290410041809082,-50.795658111572266,0.44232845306396484,80,0.3805609941482544,0.2692347764968872,0.2330014705657959,0.13434888422489166
rosenbrock,1.9287498479639178e-22,2,cholesky,5,ode_transport,8192,0.02,1000,5,rosenbrock,256,0.3493540287017822,-50.802101135253906,0.6184083819389343,80,0.9815254211425781,0.8081141114234924,0.4476206600666046,0.33163154125213623
rosenbrock,1.9287498479639178e-22,2,cholesky,5,ode_transport,8192,0.02,1000,5,rosenbrock,257,0.34396982192993164,-50.793121337890625,0.4871624708175659,80,1.3031049966812134,1.0625745058059692,0.6149706840515137,0.43684014678001404
rosenbrock,1.9287498479639178e-22,2,cholesky,5,ode_transport,8192,0.02,1000,5,rosenbrock,258,0.3157918453216553,-50.79649353027344,0.5082916021347046,80,0.1612020879983902,0.07091225683689117,0.13137151300907135,0.060820143669843674
rosenbrock,1.9287498479639178e-22,2,cholesky,5,ode_transport,8192,0.02,1000,5,rosenbrock,259,0.3419070243835449,-50.79621887207031,0.4072771370410919,86,0.18035408854484558,0.046066686511039734,0.12418459355831146,0.1224077045917511
rosenbrock,1.9287498479639178e-22,2,cholesky,5,ode_transport,8192,0.02,1000,5,rosenbrock,260,0.3693239688873291,-50.793392181396484,0.4640325903892517,80,0.13297073543071747,0.027266643941402435,0.12067554891109467,0.048735588788986206
rosenbrock,1.9287498479639178e-22,2,cholesky,5,ode_transport,8192,0.02,1000,5,rosenbrock,261,0.3482491970062256,-50.78242492675781,0.4493614733219147,86,0.15897254645824432,0.03166882321238518,0.12178533524274826,0.09714776277542114
rosenbrock,1.9287498479639178e-22,2,cholesky,5,ode_transport,8192,0.02,1000,5,rosenbrock,262,0.325451135635376,-50.79057312011719,0.5013644695281982,80,0.16494083404541016,0.027482464909553528,0.12527139484882355,0.10371725261211395
rosenbrock,1.9287498479639178e-22,2,cholesky,5,ode_transport,8192,0.02,1000,5,rosenbrock,263,0.3093712329864502,-50.79461669921875,0.534408688545227,74,0.1322493553161621,0.028079316020011902,0.10001953691244125,0.08183848112821579
rosenbrock,1.9287498479639178e-22,2,cholesky,5,ode_transport,8192,0.02,1000,5,rosenbrock,264,0.34117794036865234,-50.79987335205078,0.4494815170764923,80,0.19473713636398315,0.012399145402014256,0.1778453141450882,0.07835723459720612
rosenbrock,1.9287498479639178e-22,2,cholesky,5,ode_transport,8192,0.02,1000,5,rosenbrock,265,0.333751916885376,-50.7991943359375,0.5543161630630493,80,0.2273113876581192,0.03092128224670887,0.19497732818126678,0.11268623173236847
rosenbrock,1.9287498479639178e-22,2,cholesky,5,ode_transport,8192,0.02,1000,5,rosenbrock,266,0.3058431148529053,-50.78862762451172,0.4697973132133484,74,0.2444991171360016,0.017432859167456627,0.2188669741153717,0.10757865011692047
rosenbrock,1.9287498479639178e-22,2,cholesky,5,ode_transport,8192,0.02,1000,5,rosenbrock,267,0.29908108711242676,-50.796207427978516,0.4887653887271881,74,0.9953180551528931,0.8734127879142761,0.37766802310943604,0.2918475866317749
rosenbrock,1.9287498479639178e-22,2,cholesky,5,ode_transport,8192,0.02,1000,5,rosenbrock,268,0.25701093673706055,-50.795379638671875,0.4836251437664032,62,0.16225150227546692,0.026493752375245094,0.10545770078897476,0.12042552977800369
rosenbrock,1.9287498479639178e-22,2,cholesky,5,ode_transport,8192,0.02,1000,5,rosenbrock,269,0.2622809410095215,-50.79212951660156,0.46723082661628723,62,0.18393060564994812,0.013415660709142685,0.15125083923339844,0.10379628837108612
rosenbrock,1.9287498479639178e-22,2,cholesky,5,ode_transport,8192,0.02,1000,5,rosenbrock,270,0.33573389053344727,-50.77985763549805,0.4348360598087311,80,0.18169905245304108,0.08615756779909134,0.14081034064292908,0.07592011988162994
rosenbrock,1.9287498479639178e-22,2,cholesky,5,ode_transport,8192,0.02,1000,5,rosenbrock,271,0.3239560127258301,-50.78984832763672,0.46360161900520325,80,0.5013814568519592,0.3438107967376709,0.30483004450798035,0.20063939690589905
rosenbrock,1.9287498479639178e-22,2,cholesky,5,ode_transport,8192,0.02,1000,5,rosenbrock,272,0.29828619956970215,-50.80168151855469,0.5091480612754822,74,0.2668638825416565,0.17250178754329681,0.1903899908065796,0.07218803465366364
rosenbrock,1.9287498479639178e-22,2,cholesky,5,ode_transport,8192,0.02,1000,5,rosenbrock,273,0.31473398208618164,-50.79178237915039,0.46418702602386475,80,0.22280608117580414,0.052086666226387024,0.18536606431007385,0.11211136728525162
rosenbrock,1.9287498479639178e-22,2,cholesky,5,ode_transport,8192,0.02,1000,5,rosenbrock,274,0.311370849609375,-50.7801628112793,0.48954346776008606,74,0.19775505363941193,0.10428319871425629,0.15349100530147552,0.06835632026195526
rosenbrock,1.9287498479639178e-22,2,cholesky,5,ode_transport,8192,0.02,1000,5,rosenbrock,275,0.2948460578918457,-50.790225982666016,0.43939515948295593,74,0.21091178059577942,0.1024397537112236,0.13977479934692383,0.12022014707326889
rosenbrock,1.9287498479639178e-22,2,cholesky,5,ode_transport,8192,0.02,1000,5,rosenbrock,276,0.29537200927734375,-50.791725158691406,0.453647255897522,74,0.24742893874645233,0.10274751484394073,0.20246879756450653,0.09833826869726181
rosenbrock,1.9287498479639178e-22,2,cholesky,5,ode_transport,8192,0.02,1000,5,rosenbrock,277,0.3015480041503906,-50.79113006591797,0.45764029026031494,74,0.15968358516693115,0.018095290288329124,0.1461632251739502,0.06170668825507164
rosenbrock,1.9287498479639178e-22,2,cholesky,5,ode_transport,8192,0.02,1000,5,rosenbrock,278,0.31351208686828613,-50.789825439453125,0.5081205368041992,74,0.30999985337257385,0.19210277497768402,0.20484678447246552,0.13127921521663666
rosenbrock,1.9287498479639178e-22,2,cholesky,5,ode_transport,8192,0.02,1000,5,rosenbrock,279,0.3621029853820801,-50.786319732666016,0.47381141781806946,80,0.2279328554868698,0.08586760610342026,0.17841126024723053,0.11291395127773285
rosenbrock,1.9287498479639178e-22,2,cholesky,5,ode_transport,8192,0.02,1000,5,rosenbrock,280,0.33611083030700684,-50.78138732910156,0.4290299415588379,80,0.20179639756679535,0.021743588149547577,0.16914549469947815,0.10788328945636749
rosenbrock,1.9287498479639178e-22,2,cholesky,5,ode_transport,8192,0.02,1000,5,rosenbrock,281,0.3358328342437744,-50.79962158203125,0.5304350852966309,86,0.23656292259693146,0.02219143882393837,0.15387724339962006,0.17830128967761993
rosenbrock,1.9287498479639178e-22,2,cholesky,5,ode_transport,8192,0.02,1000,5,rosenbrock,282,0.3089578151702881,-50.78590393066406,0.4299038350582123,80,0.2168566733598709,0.1085357666015625,0.1420097053050995,0.12280085682868958
rosenbrock,1.9287498479639178e-22,2,cholesky,5,ode_transport,8192,0.02,1000,5,rosenbrock,283,0.30767393112182617,-50.78041458129883,0.4868221879005432,74,0.2585221230983734,0.15522721409797668,0.12105406075716019,0.167583167552948
rosenbrock,1.9287498479639178e-22,2,cholesky,5,ode_transport,8192,0.02,1000,5,rosenbrock,284,0.3035399913787842,-50.790748596191406,0.5462382435798645,74,0.24436905980110168,0.05111844092607498,0.1771547645330429,0.16037249565124512
rosenbrock,1.9287498479639178e-22,2,cholesky,5,ode_transport,8192,0.02,1000,5,rosenbrock,285,0.3432190418243408,-50.78570556640625,0.4429805874824524,74,0.5565273761749268,0.44884270429611206,0.2680432200431824,0.19082918763160706
rosenbrock,1.9287498479639178e-22,2,cholesky,5,ode_transport,8192,0.02,1000,5,rosenbrock,286,0.3774678707122803,-50.78387451171875,0.43548449873924255,92,0.19401101768016815,0.08007574081420898,0.13385602831840515,0.11537204682826996
rosenbrock,1.9287498479639178e-22,2,cholesky,5,ode_transport,8192,0.02,1000,5,rosenbrock,287,0.3641231060028076,-50.79266357421875,0.478432297706604,80,0.174400195479393,0.05129111558198929,0.13724420964717865,0.0945974811911583
rosenbrock,1.9287498479639178e-22,2,cholesky,5,ode_transport,8192,0.02,1000,5,rosenbrock,288,0.3416287899017334,-50.78020095825195,0.40895262360572815,74,0.2514103949069977,0.17085455358028412,0.13281631469726562,0.12796764075756073
rosenbrock,1.9287498479639178e-22,2,cholesky,5,ode_transport,8192,0.02,1000,5,rosenbrock,289,0.33093786239624023,-50.797969818115234,0.5090051889419556,80,0.3371638357639313,0.20362041890621185,0.18212853372097015,0.19760404527187347
rosenbrock,1.9287498479639178e-22,2,cholesky,5,ode_transport,8192,0.02,1000,5,rosenbrock,290,0.3570549488067627,-50.78417205810547,0.47558993101119995,80,1.1756845712661743,1.0094969272613525,0.4876418709754944,0.3540557324886322
rosenbrock,1.9287498479639178e-22,2,cholesky,5,ode_transport,8192,0.02,1000,5,rosenbrock,291,0.3121531009674072,-50.78395080566406,0.4984014928340912,74,0.16108660399913788,0.02611413784325123,0.1423283815383911,0.07077839970588684
rosenbrock,1.9287498479639178e-22,2,cholesky,5,ode_transport,8192,0.02,1000,5,rosenbrock,292,0.3224649429321289,-50.78554153442383,0.5351163148880005,74,0.20582875609397888,0.07565280795097351,0.13140812516212463,0.13919061422348022
rosenbrock,1.9287498479639178e-22,2,cholesky,5,ode_transport,8192,0.02,1000,5,rosenbrock,293,0.33333492279052734,-50.77459716796875,0.40703657269477844,80,6.299015998840332,5.4500203132629395,2.443617343902588,2.0009024143218994
rosenbrock,1.9287498479639178e-22,2,cholesky,5,ode_transport,8192,0.02,1000,5,rosenbrock,294,0.33463096618652344,-50.7745361328125,0.40929245948791504,80,0.21625034511089325,0.0835447832942009,0.16977830231189728,0.1046891063451767
rosenbrock,1.9287498479639178e-22,2,cholesky,5,ode_transport,8192,0.02,1000,5,rosenbrock,295,0.3930239677429199,-50.782081604003906,0.47757837176322937,74,0.3987101912498474,0.05919119343161583,0.38138556480407715,0.10005644708871841
rosenbrock,1.9287498479639178e-22,2,cholesky,5,ode_transport,8192,0.02,1000,5,rosenbrock,296,0.3733251094818115,-50.79048156738281,0.5012159943580627,80,0.5931336879730225,0.04109620302915573,0.563402533531189,0.1808210164308548
rosenbrock,1.9287498479639178e-22,2,cholesky,5,ode_transport,8192,0.02,1000,5,rosenbrock,297,0.35647106170654297,-50.79191970825195,0.49811825156211853,80,0.5723069906234741,0.028126757591962814,0.5555036067962646,0.1347588300704956
rosenbrock,1.9287498479639178e-22,2,cholesky,5,ode_transport,8192,0.02,1000,5,rosenbrock,298,0.3322460651397705,-50.79170608520508,0.48837852478027344,74,0.42594364285469055,0.1212114468216896,0.39281466603279114,0.11150064319372177
rosenbrock,1.9287498479639178e-22,2,cholesky,5,ode_transport,8192,0.02,1000,5,rosenbrock,299,0.358997106552124,-50.79814910888672,0.5974538326263428,80,0.5438557267189026,0.026912132278084755,0.49406200647354126,0.2257375717163086
rosenbrock,1.9287498479639178e-22,2,cholesky,5,ode_transport,8192,0.02,1000,5,rosenbrock,300,0.362684965133667,-50.78754806518555,0.43031778931617737,80,0.3203577399253845,0.108660988509655,0.25045040249824524,0.1676200032234192
rosenbrock,1.9287498479639178e-22,2,cholesky,5,ode_transport,8192,0.02,1000,5,rosenbrock,301,0.4298267364501953,-50.78683090209961,0.4474464952945709,92,0.20680393278598785,0.0399690642952919,0.14733347296714783,0.13951052725315094
rosenbrock,1.9287498479639178e-22,2,cholesky,5,ode_transport,8192,0.02,1000,5,rosenbrock,302,0.3513329029083252,-50.78141784667969,0.4406096935272217,80,0.28731223940849304,0.07584710419178009,0.20831693708896637,0.18275552988052368
rosenbrock,1.9287498479639178e-22,2,cholesky,5,ode_transport,8192,0.02,1000,5,rosenbrock,303,0.3759009838104248,-50.789161682128906,0.5109341740608215,80,0.22417698800563812,0.06374655663967133,0.1797259896993637,0.1178569570183754
rosenbrock,1.9287498479639178e-22,2,cholesky,5,ode_transport,8192,0.02,1000,5,rosenbrock,304,0.38436031341552734,-50.7840690612793,0.472522497177124,80,0.3292950689792633,0.01595044694840908,0.3072037100791931,0.11750195175409317
rosenbrock,1.9287498479639178e-22,2,cholesky,5,ode_transport,8192,0.02,1000,5,rosenbrock,305,0.41394615173339844,-50.788604736328125,0.45370930433273315,80,0.33610042929649353,0.05286046862602234,0.28446871042251587,0.17101703584194183
rosenbrock,1.9287498479639178e-22,2,cholesky,5,ode_transport,8192,0.02,1000,5,rosenbrock,306,0.4181511402130127,-50.78510284423828,0.4953406751155853,86,0.31031039357185364,0.11314095556735992,0.25220707058906555,0.14100798964500427
rosenbrock,1.9287498479639178e-22,2,cholesky,5,ode_transport,8192,0.02,1000,5,rosenbrock,307,0.382627010345459,-50.79762649536133,0.5259829759597778,80,0.3565603494644165,0.020211677998304367,0.3158789277076721,0.16415616869926453
rosenbrock,1.9287498479639178e-22,2,cholesky,5,ode_transport,8192,0.02,1000,5,rosenbrock,308,0.3859860897064209,-50.786624908447266,0.48102712631225586,86,0.31343936920166016,0.048263244330883026,0.28758475184440613,0.11493438482284546
rosenbrock,1.9287498479639178e-22,2,cholesky,5,ode_transport,8192,0.02,1000,5,rosenbrock,309,0.31239795684814453,-50.80128479003906,0.563352644443512,74,0.24179841578006744,0.047612983733415604,0.19266192615032196,0.13813351094722748
rosenbrock,1.9287498479639178e-22,2,cholesky,5,ode_transport,8192,0.02,1000,5,rosenbrock,310,0.31855297088623047,-50.792110443115234,0.4566322863101959,80,0.17925623059272766,0.07483108341693878,0.13117000460624695,0.0965791791677475
rosenbrock,1.9287498479639178e-22,2,cholesky,5,ode_transport,8192,0.02,1000,5,rosenbrock,311,0.348419189453125,-50.796043395996094,0.49878254532814026,74,0.2558896541595459,0.08125801384449005,0.1929684281349182,0.14710485935211182
rosenbrock,1.9287498479639178e-22,2,cholesky,5,ode_transport,8192,0.02,1000,5,rosenbrock,312,0.34631800651550293,-50.798912048339844,0.5068068504333496,74,0.22765842080116272,0.0748593658208847,0.15447166562080383,0.149542436003685
rosenbrock,1.9287498479639178e-22,2,cholesky,5,ode_transport,8192,0.02,1000,5,rosenbrock,313,0.31699109077453613,-50.78633117675781,0.47061920166015625,74,0.2619381844997406,0.13704122602939606,0.18158270418643951,0.1298423707485199
rosenbrock,1.9287498479639178e-22,2,cholesky,5,ode_transport,8192,0.02,1000,5,rosenbrock,314,0.3595082759857178,-50.780799865722656,0.5190553665161133,86,0.3808594048023224,0.21463140845298767,0.2605758011341095,0.17631646990776062
rosenbrock,1.9287498479639178e-22,2,cholesky,5,ode_transport,8192,0.02,1000,5,rosenbrock,315,0.33838582038879395,-50.79127502441406,0.4892527163028717,80,0.2631387710571289,0.060699768364429474,0.20282672345638275,0.15626540780067444
rosenbrock,1.9287498479639178e-22,2,cholesky,5,ode_transport,8192,0.02,1000,5,rosenbrock,316,0.33551788330078125,-50.78622817993164,0.4802892208099365,80,0.17407573759555817,0.054603900760412216,0.13077424466609955,0.10108844935894012
rosenbrock,1.9287498479639178e-22,2,cholesky,5,ode_transport,8192,0.02,1000,5,rosenbrock,317,0.3475031852722168,-50.7816162109375,0.46484142541885376,86,0.16579939424991608,0.080335333943367,0.12091369926929474,0.08009708672761917
rosenbrock,1.9287498479639178e-22,2,cholesky,5,ode_transport,8192,0.02,1000,5,rosenbrock,318,0.31919312477111816,-50.789794921875,0.47227057814598083,80,0.23094584047794342,0.04517325386404991,0.19726482033729553,0.11127418279647827
rosenbrock,1.9287498479639178e-22,2,cholesky,5,ode_transport,8192,0.02,1000,5,rosenbrock,319,0.33959197998046875,-50.79375457763672,0.42868757247924805,86,0.1469075232744217,0.006471358705312014,0.11519093811511993,0.09094497561454773
rosenbrock,1.9287498479639178e-22,2,cholesky,5,ode_transport,8192,0.02,1000,5,rosenbrock,320,0.31062984466552734,-50.7907600402832,0.5076667070388794,80,0.29360517859458923,0.06671202927827835,0.25008636713027954,0.13860122859477997
rosenbrock,1.9287498479639178e-22,2,cholesky,5,ode_transport,8192,0.02,1000,5,rosenbrock,321,0.2931380271911621,-50.787498474121094,0.4514206051826477,74,0.3028554916381836,0.03363114222884178,0.2557690441608429,0.1586586982011795
rosenbrock,1.9287498479639178e-22,2,cholesky,5,ode_transport,8192,0.02,1000,5,rosenbrock,322,0.31003308296203613,-50.77531814575195,0.4711252748966217,80,0.3937576413154602,0.29602259397506714,0.2179650217294693,0.141091987490654
rosenbrock,1.9287498479639178e-22,2,cholesky,5,ode_transport,8192,0.02,1000,5,rosenbrock,323,0.2985241413116455,-50.78053665161133,0.5124817490577698,74,0.23410266637802124,0.12579947710037231,0.15628163516521454,0.12064243108034134
rosenbrock,1.9287498479639178e-22,2,cholesky,5,ode_transport,8192,0.02,1000,5,rosenbrock,324,0.2980010509490967,-50.796504974365234,0.5983971357345581,74,0.3138035237789154,0.219795823097229,0.13070999085903168,0.18187174201011658
rosenbrock,1.9287498479639178e-22,2,cholesky,5,ode_transport,8192,0.02,1000,5,rosenbrock,325,0.30666303634643555,-50.776729583740234,0.43336549401283264,74,0.1777605414390564,0.053887125104665756,0.1301310807466507,0.10844766348600388
rosenbrock,1.9287498479639178e-22,2,cholesky,5,ode_transport,8192,0.02,1000,5,rosenbrock,326,0.34050416946411133,-50.786006927490234,0.4481540620326996,80,0.17831552028656006,0.05231134966015816,0.1473022699356079,0.08580202609300613
rosenbrock,1.9287498479639178e-22,2,cholesky,5,ode_transport,8192,0.02,1000,5,rosenbrock,327,0.32198190689086914,-50.78776550292969,0.5050387382507324,74,0.17011712491512299,0.03733369708061218,0.12702126801013947,0.10682521760463715
rosenbrock,1.9287498479639178e-22,2,cholesky,5,ode_transport,8192,0.02,1000,5,rosenbrock,328,0.33066797256469727,-50.784332275390625,0.48228946328163147,74,0.2503310441970825,0.1270557940006256,0.12758010625839233,0.1739131212234497
rosenbrock,1.9287498479639178e-22,2,cholesky,5,ode_transport,8192,0.02,1000,5,rosenbrock,329,0.3788013458251953,-50.78297805786133,0.44878315925598145,80,0.14475245773792267,0.02315836027264595,0.1238359659910202,0.07128547132015228
rosenbrock,1.9287498479639178e-22,2,cholesky,5,ode_transport,8192,0.02,1000,5,rosenbrock,330,0.3537778854370117,-50.781837463378906,0.4481000602245331,74,0.19980114698410034,0.11373217403888702,0.12751315534114838,0.10356587916612625
rosenbrock,1.9287498479639178e-22,2,cholesky,5,ode_transport,8192,0.02,1000,5,rosenbrock,331,0.3577311038970947,-50.778602600097656,0.549802303314209,80,0.3033193051815033,0.21528640389442444,0.15606021881103516,0.14594373106956482
rosenbrock,1.9287498479639178e-22,2,cholesky,5,ode_transport,8192,0.02,1000,5,rosenbrock,332,0.30931901931762695,-50.78323745727539,0.544613242149353,74,0.22507207095623016,0.061537645757198334,0.17960628867149353,0.12088065594434738
rosenbrock,1.9287498479639178e-22,2,cholesky,5,ode_transport,8192,0.02,1000,5,rosenbrock,333,0.31763410568237305,-50.77528762817383,0.4753420650959015,80,0.6320469975471497,0.4157324433326721,0.34651559591293335,0.32646119594573975
rosenbrock,1.9287498479639178e-22,2,cholesky,5,ode_transport,8192,0.02,1000,5,rosenbrock,334,0.34938502311706543,-50.78916931152344,0.5596588253974915,80,0.1890575885772705,0.053131941705942154,0.11705110967159271,0.1386318951845169
rosenbrock,1.9287498479639178e-22,2,cholesky,5,ode_transport,8192,0.02,1000,5,rosenbrock,335,0.44028592109680176,-50.77999496459961,0.5159481167793274,80,0.1820920705795288,0.08581625670194626,0.13968536257743835,0.07925330847501755
rosenbrock,1.9287498479639178e-22,2,cholesky,5,ode_transport,8192,0.02,1000,5,rosenbrock,336,0.3823699951171875,-50.779930114746094,0.4423415958881378,74,0.1893025040626526,0.014779709279537201,0.16739821434020996,0.08714833855628967
rosenbrock,1.9287498479639178e-22,2,cholesky,5,ode_transport,8192,0.02,1000,5,rosenbrock,337,0.37142205238342285,-50.77540588378906,0.5497770309448242,80,0.22820879518985748,0.13000233471393585,0.13865025341510773,0.12631213665008545
rosenbrock,1.9287498479639178e-22,2,cholesky,5,ode_transport,8192,0.02,1000,5,rosenbrock,338,0.32651495933532715,-50.78391647338867,0.5617666840553284,80,0.2487861067056656,0.03138314560055733,0.20183654129505157,0.1420269012451172
rosenbrock,1.9287498479639178e-22,2,cholesky,5,ode_transport,8192,0.02,1000,5,rosenbrock,339,0.32166600227355957,-50.7730598449707,0.4519957900047302,80,0.41255879402160645,0.33134931325912476,0.20201992988586426,0.14000122249126434
rosenbrock,1.9287498479639178e-22,2,cholesky,5,ode_transport,8192,0.02,1000,5,rosenbrock,340,0.34065699577331543,-50.76551818847656,0.451365202665329,86,0.24434545636177063,0.13577984273433685,0.15532663464546204,0.1309281289577484
rosenbrock,1.9287498479639178e-22,2,cholesky,5,ode_transport,8192,0.02,1000,5,rosenbrock,341,0.3190891742706299,-50.77577590942383,0.49831926822662354,80,0.18087328970432281,0.07686580717563629,0.14738653600215912,0.07130220532417297
rosenbrock,1.9287498479639178e-22,2,cholesky,5,ode_transport,8192,0.02,1000,5,rosenbrock,342,0.3566610813140869,-50.77192687988281,0.5827046632766724,86,0.20159600675106049,0.03910095989704132,0.1622731238603592,0.11304643005132675
rosenbrock,1.9287498479639178e-22,2,cholesky,5,ode_transport,8192,0.02,1000,5,rosenbrock,343,0.32909703254699707,-50.769691467285156,0.4592798352241516,80,0.1370648294687271,0.011553642340004444,0.08980169892311096,0.10290255397558212
rosenbrock,1.9287498479639178e-22,2,cholesky,5,ode_transport,8192,0.02,1000,5,rosenbrock,344,0.33427882194519043,-50.76317596435547,0.43974849581718445,80,0.14714623987674713,0.023284632712602615,0.12976977229118347,0.06534251570701599
rosenbrock,1.9287498479639178e-22,2,cholesky,5,ode_transport,8192,0.02,1000,5,rosenbrock,345,0.31519603729248047,-50.772953033447266,0.4366662800312042,80,0.26244401931762695,0.16953344643115997,0.16334962844848633,0.11598347127437592
rosenbrock,1.9287498479639178e-22,2,cholesky,5,ode_transport,8192,0.02,1000,5,rosenbrock,346,0.33095693588256836,-50.776973724365234,0.6196833848953247,80,0.44875460863113403,0.3664785921573639,0.19696581363677979,0.16816240549087524
rosenbrock,1.9287498479639178e-22,2,cholesky,5,ode_transport,8192,0.02,1000,5,rosenbrock,347,0.328204870223999,-50.77666091918945,0.43796297907829285,80,0.5928081274032593,0.41053080558776855,0.3307211995124817,0.2711261510848999
rosenbrock,1.9287498479639178e-22,2,cholesky,5,ode_transport,8192,0.02,1000,5,rosenbrock,348,0.3373219966888428,-50.779720306396484,0.4693922698497772,80,0.218623086810112,0.015412907116115093,0.14064668118953705,0.16666434705257416
rosenbrock,1.9287498479639178e-22,2,cholesky,5,ode_transport,8192,0.02,1000,5,rosenbrock,349,0.3138308525085449,-50.766143798828125,0.4358845353126526,80,0.7605239748954773,0.5788106918334961,0.404826819896698,0.28193995356559753
rosenbrock,1.9287498479639178e-22,2,cholesky,5,ode_transport,8192,0.02,1000,5,rosenbrock,350,0.3082592487335205,-50.77140808105469,0.5510277152061462,80,0.2739001214504242,0.06257297098636627,0.23204956948757172,0.13137318193912506
rosenbrock,1.9287498479639178e-22,2,cholesky,5,ode_transport,8192,0.02,1000,5,rosenbrock,351,0.31093907356262207,-50.76462936401367,0.42100927233695984,74,0.37821105122566223,0.262409508228302,0.21265463531017303,0.17018479108810425
rosenbrock,1.9287498479639178e-22,2,cholesky,5,ode_transport,8192,0.02,1000,5,rosenbrock,352,0.35772180557250977,-50.767784118652344,0.4979165494441986,92,0.19051747024059296,0.08913066238164902,0.1352444589138031,0.1003073900938034
rosenbrock,1.9287498479639178e-22,2,cholesky,5,ode_transport,8192,0.02,1000,5,rosenbrock,353,0.31754612922668457,-50.76190185546875,0.41165727376937866,80,0.22453387081623077,0.10004284232854843,0.17544153332710266,0.09811804443597794
rosenbrock,1.9287498479639178e-22,2,cholesky,5,ode_transport,8192,0.02,1000,5,rosenbrock,354,0.30809593200683594,-50.774295806884766,0.4510892927646637,74,0.17847579717636108,0.058284394443035126,0.121314637362957,0.11721475422382355
rosenbrock,1.9287498479639178e-22,2,cholesky,5,ode_transport,8192,0.02,1000,5,rosenbrock,355,0.32442307472229004,-50.770633697509766,0.5002526044845581,80,0.2048148363828659,0.0592561736702919,0.16858519613742828,0.10008423775434494
rosenbrock,1.9287498479639178e-22,2,cholesky,5,ode_transport,8192,0.02,1000,5,rosenbrock,356,0.30075812339782715,-50.772979736328125,0.5300213098526001,74,0.5453277230262756,0.43985483050346375,0.21885661780834198,0.23666812479496002
rosenbrock,1.9287498479639178e-22,2,cholesky,5,ode_transport,8192,0.02,1000,5,rosenbrock,357,0.3203127384185791,-50.770870208740234,0.4497641623020172,80,0.31344693899154663,0.042396098375320435,0.20189931988716125,0.23598350584506989
rosenbrock,1.9287498479639178e-22,2,cholesky,5,ode_transport,8192,0.02,1000,5,rosenbrock,358,0.3545217514038086,-50.78605270385742,0.604303240776062,86,0.2875816226005554,0.03045370802283287,0.26368656754493713,0.11065785586833954
rosenbrock,1.9287498479639178e-22,2,cholesky,5,ode_transport,8192,0.02,1000,5,rosenbrock,359,0.3119018077850342,-50.76935958862305,0.4272885322570801,80,0.21244166791439056,0.020605726167559624,0.1244099885225296,0.17096497118473053
rosenbrock,1.9287498479639178e-22,2,cholesky,5,ode_transport,8192,0.02,1000,5,rosenbrock,360,0.31114697456359863,-50.771392822265625,0.4808891713619232,80,0.20874927937984467,0.008451079949736595,0.16902755200862885,0.12220689654350281
rosenbrock,1.9287498479639178e-22,2,cholesky,5,ode_transport,8192,0.02,1000,5,rosenbrock,361,0.3861103057861328,-50.766048431396484,0.4857029318809509,80,0.1814352571964264,0.024918027222156525,0.16389931738376617,0.0737214982509613
rosenbrock,1.9287498479639178e-22,2,cholesky,5,ode_transport,8192,0.02,1000,5,rosenbrock,362,0.40630102157592773,-50.75758743286133,0.40738192200660706,92,0.8973183631896973,0.7357883453369141,0.3421960473060608,0.38301125168800354
rosenbrock,1.9287498479639178e-22,2,cholesky,5,ode_transport,8192,0.02,1000,5,rosenbrock,363,0.3909029960632324,-50.76724624633789,0.48731881380081177,92,0.2818007469177246,0.11856205761432648,0.20839592814445496,0.1480737179517746
rosenbrock,1.9287498479639178e-22,2,cholesky,5,ode_transport,8192,0.02,1000,5,rosenbrock,364,0.2983529567718506,-50.76070785522461,0.4983551800251007,74,0.24020950496196747,0.12867312133312225,0.16416963934898376,0.11913088709115982
rosenbrock,1.9287498479639178e-22,2,cholesky,5,ode_transport,8192,0.02,1000,5,rosenbrock,365,0.3550090789794922,-50.76565933227539,0.45279598236083984,80,0.4272093176841736,0.2084036022424698,0.2929282784461975,0.2308003157377243
rosenbrock,1.9287498479639178e-22,2,cholesky,5,ode_transport,8192,0.02,1000,5,rosenbrock,366,0.3969380855560303,-50.76537322998047,0.5284796357154846,92,0.21091462671756744,0.049029406160116196,0.1571907103061676,0.1318035125732422
rosenbrock,1.9287498479639178e-22,2,cholesky,5,ode_transport,8192,0.02,1000,5,rosenbrock,367,0.3399958610534668,-50.76460266113281,0.4668833613395691,86,0.22613337635993958,0.015245974063873291,0.19606143236160278,0.1116412952542305
rosenbrock,1.9287498479639178e-22,2,cholesky,5,ode_transport,8192,0.02,1000,5,rosenbrock,368,0.3363959789276123,-50.765968322753906,0.48668915033340454,80,0.2993897795677185,0.20169560611248016,0.1778813749551773,0.13157254457473755
rosenbrock,1.9287498479639178e-22,2,cholesky,5,ode_transport,8192,0.02,1000,5,rosenbrock,369,0.3242619037628174,-50.757911682128906,0.4293878376483917,74,0.2316790223121643,0.1530117392539978,0.15905602276325226,0.0704539567232132
rosenbrock,1.9287498479639178e-22,2,cholesky,5,ode_transport,8192,0.02,1000,5,rosenbrock,370,0.3588221073150635,-50.76101303100586,0.48959895968437195,80,0.158206969499588,0.07759633660316467,0.10870633274316788,0.0848008468747139
rosenbrock,1.9287498479639178e-22,2,cholesky,5,ode_transport,8192,0.02,1000,5,rosenbrock,371,0.31483006477355957,-50.76061248779297,0.4599747359752655,80,5.558396339416504,4.830496788024902,2.180320978164673,1.6757898330688477
rosenbrock,1.9287498479639178e-22,2,cholesky,5,ode_transport,8192,0.02,1000,5,rosenbrock,372,0.30794596672058105,-50.776824951171875,0.530545175075531,74,0.24794775247573853,0.14062120020389557,0.17133094370365143,0.11112821847200394
rosenbrock,1.9287498479639178e-22,2,cholesky,5,ode_transport,8192,0.02,1000,5,rosenbrock,373,0.30748414993286133,-50.75886535644531,0.4422077238559723,74,0.21790380775928497,0.015659604221582413,0.19836503267288208,0.08881530910730362
rosenbrock,1.9287498479639178e-22,2,cholesky,5,ode_transport,8192,0.02,1000,5,rosenbrock,374,0.33138322830200195,-50.76499938964844,0.46552759408950806,74,0.640562117099762,0.5586557388305664,0.2860269546508789,0.1281098574399948
rosenbrock,1.9287498479639178e-22,2,cholesky,5,ode_transport,8192,0.02,1000,5,rosenbrock,375,0.3683478832244873,-50.772735595703125,0.47118136286735535,98,0.5444623231887817,0.04138503596186638,0.4974312484264374,0.21745960414409637
rosenbrock,1.9287498479639178e-22,2,cholesky,5,ode_transport,8192,0.02,1000,5,rosenbrock,376,0.34494590759277344,-50.760414123535156,0.4385196566581726,86,0.6322020292282104,0.21276575326919556,0.5485555529594421,0.23129411041736603
rosenbrock,1.9287498479639178e-22,2,cholesky,5,ode_transport,8192,0.02,1000,5,rosenbrock,377,0.35208606719970703,-50.77377700805664,0.5711389780044556,80,0.4298410415649414,0.034932948648929596,0.38813409209251404,0.18136964738368988
rosenbrock,1.9287498479639178e-22,2,cholesky,5,ode_transport,8192,0.02,1000,5,rosenbrock,378,0.31350207328796387,-50.75987243652344,0.49202337861061096,74,0.3129620850086212,0.050552692264318466,0.2500969171524048,0.18122147023677826
rosenbrock,1.9287498479639178e-22,2,cholesky,5,ode_transport,8192,0.02,1000,5,rosenbrock,379,0.3294858932495117,-50.765777587890625,0.5213309526443481,74,0.743120551109314,0.5651025176048279,0.39398184418678284,0.27868539094924927
rosenbrock,1.9287498479639178e-22,2,cholesky,5,ode_transport,8192,0.02,1000,5,rosenbrock,380,0.4024691581726074,-50.76966857910156,0.5349382758140564,92,0.2842363715171814,0.024231867864727974,0.20297279953956604,0.19749730825424194
rosenbrock,1.9287498479639178e-22,2,cholesky,5,ode_transport,8192,0.02,1000,5,rosenbrock,381,0.36854982376098633,-50.76155090332031,0.5020233392715454,86,0.2838047444820404,0.10236138105392456,0.24812127649784088,0.09221234172582626
rosenbrock,1.9287498479639178e-22,2,cholesky,5,ode_transport,8192,0.02,1000,5,rosenbrock,382,0.34010910987854004,-50.76399612426758,0.5521171689033508,74,0.3150668740272522,0.13658544421195984,0.15256282687187195,0.2394496500492096
rosenbrock,1.9287498479639178e-22,2,cholesky,5,ode_transport,8192,0.02,1000,5,rosenbrock,383,0.34192681312561035,-50.7660026550293,0.49519437551498413,80,0.41000059247016907,0.0831337496638298,0.38449952006340027,0.11553939431905746
rosenbrock,1.9287498479639178e-22,2,cholesky,5,ode_transport,8192,0.02,1000,5,rosenbrock,384,0.32681894302368164,-50.76247787475586,0.6071175932884216,80,0.36668112874031067,0.018018702045083046,0.35319384932518005,0.09687350690364838
rosenbrock,1.9287498479639178e-22,2,cholesky,5,ode_transport,8192,0.02,1000,5,rosenbrock,385,0.34565091133117676,-50.75104522705078,0.47750988602638245,80,0.39424413442611694,0.04326882213354111,0.3351539075374603,0.2030470371246338
rosenbrock,1.9287498479639178e-22,2,cholesky,5,ode_transport,8192,0.02,1000,5,rosenbrock,386,0.30735087394714355,-50.748619079589844,0.42238637804985046,74,0.3002519905567169,0.14058127999305725,0.2215879261493683,0.1459004282951355
rosenbrock,1.9287498479639178e-22,2,cholesky,5,ode_transport,8192,0.02,1000,5,rosenbrock,387,0.3129410743713379,-50.75977325439453,0.46669673919677734,80,0.3127310276031494,0.14408279955387115,0.21598075330257416,0.17433631420135498
rosenbrock,1.9287498479639178e-22,2,cholesky,5,ode_transport,8192,0.02,1000,5,rosenbrock,388,0.33023810386657715,-50.752586364746094,0.4154401123523712,80,0.5828321576118469,0.4822898507118225,0.2084915190935135,0.2522323429584503
rosenbrock,1.9287498479639178e-22,2,cholesky,5,ode_transport,8192,0.02,1000,5,rosenbrock,389,0.358691930770874,-50.75494384765625,0.43971511721611023,86,0.4001491367816925,0.17636027932167053,0.2995019257068634,0.19828015565872192
rosenbrock,1.9287498479639178e-22,2,cholesky,5,ode_transport,8192,0.02,1000,5,rosenbrock,390,0.31332993507385254,-50.7548713684082,0.4984726309776306,80,0.35319480299949646,0.17129026353359222,0.20099206268787384,0.23453868925571442
rosenbrock,1.9287498479639178e-22,2,cholesky,5,ode_transport,8192,0.02,1000,5,rosenbrock,391,0.3109931945800781,-50.75655746459961,0.4435257911682129,80,0.2672588527202606,0.15202130377292633,0.1740255206823349,0.13428306579589844
rosenbrock,1.9287498479639178e-22,2,cholesky,5,ode_transport,8192,0.02,1000,5,rosenbrock,392,0.32935214042663574,-50.76809310913086,0.505174458026886,80,0.22412844002246857,0.13560909032821655,0.1382586658000946,0.11281967163085938
rosenbrock,1.9287498479639178e-22,2,cholesky,5,ode_transport,8192,0.02,1000,5,rosenbrock,393,0.33222484588623047,-50.76585388183594,0.5271176099777222,80,0.3497738242149353,0.10456221550703049,0.30784252285957336,0.129001647233963
rosenbrock,1.9287498479639178e-22,2,cholesky,5,ode_transport,8192,0.02,1000,5,rosenbrock,394,0.33986496925354004,-50.757015228271484,0.4454265832901001,74,0.13593509793281555,0.027285777032375336,0.11531722545623779,0.06660160422325134
rosenbrock,1.9287498479639178e-22,2,cholesky,5,ode_transport,8192,0.02,1000,5,rosenbrock,395,0.3346669673919678,-50.749916076660156,0.621417224407196,74,0.23600652813911438,0.0998903289437294,0.16406401991844177,0.13712771236896515
rosenbrock,1.9287498479639178e-22,2,cholesky,5,ode_transport,8192,0.02,1000,5,rosenbrock,396,0.37452197074890137,-50.748783111572266,0.37663647532463074,80,0.19607453048229218,0.055220019072294235,0.14555533230304718,0.11920410394668579
rosenbrock,1.9287498479639178e-22,2,cholesky,5,ode_transport,8192,0.02,1000,5,rosenbrock,397,0.32024407386779785,-50.76002883911133,0.5056527256965637,74,0.18001030385494232,0.04332708939909935,0.12552888691425323,0.12152763456106186
rosenbrock,1.9287498479639178e-22,2,cholesky,5,ode_transport,8192,0.02,1000,5,rosenbrock,398,0.3077850341796875,-50.75724411010742,0.4563618302345276,74,1.4036951065063477,1.1434108018875122,0.6498373746871948,0.49059441685676575
rosenbrock,1.9287498479639178e-22,2,cholesky,5,ode_transport,8192,0.02,1000,5,rosenbrock,399,0.31966614723205566,-50.75724411010742,0.46813496947288513,74,0.2759020924568176,0.20772866904735565,0.15019601583480835,0.10203879326581955
rosenbrock,1.9287498479639178e-22,2,cholesky,5,ode_transport,8192,0.02,1000,5,rosenbrock,400,0.31455206871032715,-50.747459411621094,0.49252641201019287,80,0.1894928365945816,0.049811627715826035,0.09448631852865219,0.1565205305814743
rosenbrock,1.9287498479639178e-22,2,cholesky,5,ode_transport,8192,0.02,1000,5,rosenbrock,401,0.293809175491333,-50.75379943847656,0.4398161768913269,68,0.17709621787071228,0.037198036909103394,0.14431339502334595,0.0956714078783989
rosenbrock,1.9287498479639178e-22,2,cholesky,5,ode_transport,8192,0.02,1000,5,rosenbrock,402,0.2964510917663574,-50.75152587890625,0.4639825224876404,74,0.37503257393836975,0.29470571875572205,0.17442403733730316,0.15288640558719635
rosenbrock,1.9287498479639178e-22,2,cholesky,5,ode_transport,8192,0.02,1000,5,rosenbrock,403,0.3103001117706299,-50.750736236572266,0.4382242262363434,80,0.5855075120925903,0.13015630841255188,0.22128617763519287,0.5262231826782227
rosenbrock,1.9287498479639178e-22,2,cholesky,5,ode_transport,8192,0.02,1000,5,rosenbrock,404,0.37295007705688477,-50.75345230102539,0.4426333010196686,98,0.21536517143249512,0.09589806944131851,0.1705707311630249,0.08995188772678375
rosenbrock,1.9287498479639178e-22,2,cholesky,5,ode_transport,8192,0.02,1000,5,rosenbrock,405,0.30645084381103516,-50.750953674316406,0.5595861673355103,74,1.9028232097625732,1.6218503713607788,0.7817103266716003,0.6158460378646851
rosenbrock,1.9287498479639178e-22,2,cholesky,5,ode_transport,8192,0.02,1000,5,rosenbrock,406,0.3303999900817871,-50.755836486816406,0.4236224591732025,80,0.1750131994485855,0.012880902737379074,0.13210061192512512,0.11407509446144104
rosenbrock,1.9287498479639178e-22,2,cholesky,5,ode_transport,8192,0.02,1000,5,rosenbrock,407,0.3186156749725342,-50.75606918334961,0.43502989411354065,80,0.2978106141090393,0.0997234433889389,0.24434693157672882,0.1379890739917755
rosenbrock,1.9287498479639178e-22,2,cholesky,5,ode_transport,8192,0.02,1000,5,rosenbrock,408,0.3339829444885254,-50.74920654296875,0.4257737398147583,80,0.23045861721038818,0.023486293852329254,0.20415151119232178,0.10431554913520813
rosenbrock,1.9287498479639178e-22,2,cholesky,5,ode_transport,8192,0.02,1000,5,rosenbrock,409,0.32280588150024414,-50.75390625,0.4540570378303528,80,0.9387066960334778,0.7958574891090393,0.3140072822570801,0.3862389624118805
rosenbrock,1.9287498479639178e-22,2,cholesky,5,ode_transport,8192,0.02,1000,5,rosenbrock,410,0.3164846897125244,-50.75172805786133,0.4086816906929016,74,0.24366679787635803,0.013088067062199116,0.1972055286169052,0.14252084493637085
rosenbrock,1.9287498479639178e-22,2,cholesky,5,ode_transport,8192,0.02,1000,5,rosenbrock,411,0.31011462211608887,-50.753299713134766,0.4794674217700958,74,0.17970451712608337,0.02447153627872467,0.11442412436008453,0.13638904690742493
rosenbrock,1.9287498479639178e-22,2,cholesky,5,ode_transport,8192,0.02,1000,5,rosenbrock,412,0.2929971218109131,-50.749916076660156,0.5235204100608826,74,0.30062559247016907,0.14095503091812134,0.21072858572006226,0.16155768930912018
rosenbrock,1.9287498479639178e-22,2,cholesky,5,ode_transport,8192,0.02,1000,5,rosenbrock,413,0.36067724227905273,-50.75086212158203,0.4264540374279022,80,0.1965099424123764,0.02115824818611145,0.18134693801403046,0.07267586141824722
rosenbrock,1.9287498479639178e-22,2,cholesky,5,ode_transport,8192,0.02,1000,5,rosenbrock,414,0.3901512622833252,-50.74253845214844,0.48190027475357056,80,0.5495203137397766,0.4904884397983551,0.1974661499261856,0.149668887257576
rosenbrock,1.9287498479639178e-22,2,cholesky,5,ode_transport,8192,0.02,1000,5,rosenbrock,415,0.421832799911499,-50.74152374267578,0.4464012086391449,80,0.39203113317489624,0.33857253193855286,0.1465548276901245,0.13258475065231323
rosenbrock,1.9287498479639178e-22,2,cholesky,5,ode_transport,8192,0.02,1000,5,rosenbrock,416,0.44797492027282715,-50.75547409057617,0.4942804276943207,86,0.15009886026382446,0.010475258342921734,0.10167084634304047,0.10992259532213211
rosenbrock,1.9287498479639178e-22,2,cholesky,5,ode_transport,8192,0.02,1000,5,rosenbrock,417,0.4309988021850586,-50.753074645996094,0.5974496603012085,92,8.917281150817871,3.6366991996765137,2.32265567779541,7.8036909103393555
rosenbrock,1.9287498479639178e-22,2,cholesky,5,ode_transport,8192,0.02,1000,5,rosenbrock,418,0.3154881000518799,-50.754024505615234,0.5238749384880066,74,0.32589980959892273,0.04661210998892784,0.2459937334060669,0.2086266279220581
rosenbrock,1.9287498479639178e-22,2,cholesky,5,ode_transport,8192,0.02,1000,5,rosenbrock,419,0.3587169647216797,-50.75687789916992,0.513383686542511,80,0.5767953991889954,0.06351158022880554,0.3299656808376312,0.46880900859832764
rosenbrock,1.9287498479639178e-22,2,cholesky,5,ode_transport,8192,0.02,1000,5,rosenbrock,420,0.38131284713745117,-50.793582916259766,0.8357795476913452,80,0.8924040198326111,0.050273433327674866,0.5495312213897705,0.7013366222381592
rosenbrock,1.9287498479639178e-22,2,cholesky,5,ode_transport,8192,0.02,1000,5,rosenbrock,421,0.3869650363922119,-50.794349670410156,0.7305031418800354,86,0.9375181794166565,0.20630314946174622,0.3343421220779419,0.8512312769889832
rosenbrock,1.9287498479639178e-22,2,cholesky,5,ode_transport,8192,0.02,1000,5,rosenbrock,422,0.4295048713684082,-50.77675247192383,0.7621107697486877,92,0.9550500512123108,0.11405348032712936,0.4737808108329773,0.8213672637939453
rosenbrock,1.9287498479639178e-22,2,cholesky,5,ode_transport,8192,0.02,1000,5,rosenbrock,423,0.42210984230041504,-50.78692626953125,0.7636138200759888,86,0.7860881686210632,0.10376207530498505,0.22789831459522247,0.7451378703117371
rosenbrock,1.9287498479639178e-22,2,cholesky,5,ode_transport,8192,0.02,1000,5,rosenbrock,424,0.421828031539917,-50.78822326660156,0.8464164733886719,98,0.6090866327285767,0.0971459224820137,0.20392094552516937,0.5656549334526062
rosenbrock,1.9287498479639178e-22,2,cholesky,5,ode_transport,8192,0.02,1000,5,rosenbrock,425,0.42516398429870605,-50.78361892700195,0.6667323708534241,92,1.1601353883743286,0.710942268371582,0.4752655327320099,0.7839629054069519
rosenbrock,1.9287498479639178e-22,2,cholesky,5,ode_transport,8192,0.02,1000,5,rosenbrock,426,0.40612101554870605,-50.783668518066406,0.7397674918174744,98,0.6834282875061035,0.0497957319021225,0.31649938225746155,0.6036744117736816
rosenbrock,1.9287498479639178e-22,2,cholesky,5,ode_transport,8192,0.02,1000,5,rosenbrock,427,0.3498821258544922,-50.79010009765625,0.9090873599052429,80,0.6749147176742554,0.5090836882591248,0.26073911786079407,0.3582719564437866
rosenbrock,1.9287498479639178e-22,2,cholesky,5,ode_transport,8192,0.02,1000,5,rosenbrock,428,0.3630199432373047,-50.773555755615234,0.6141149997711182,80,0.5828221440315247,0.03082258813083172,0.4745178818702698,0.3369930684566498
rosenbrock,1.9287498479639178e-22,2,cholesky,5,ode_transport,8192,0.02,1000,5,rosenbrock,429,0.3270590305328369,-50.79596710205078,0.8954408764839172,74,0.6423358917236328,0.12833203375339508,0.44246748089790344,0.44760337471961975
rosenbrock,1.9287498479639178e-22,2,cholesky,5,ode_transport,8192,0.02,1000,5,rosenbrock,430,0.3638746738433838,-50.775177001953125,0.7467141151428223,74,1.287502646446228,0.7359380722045898,0.872804582118988,0.5952061414718628
rosenbrock,1.9287498479639178e-22,2,cholesky,5,ode_transport,8192,0.02,1000,5,rosenbrock,431,0.38535380363464355,-50.783485412597656,0.8805791139602661,80,0.4894011616706848,0.12476906180381775,0.3312498927116394,0.3379639983177185
rosenbrock,1.9287498479639178e-22,2,cholesky,5,ode_transport,8192,0.02,1000,5,rosenbrock,432,0.33066439628601074,-50.77193069458008,0.7139973044395447,74,1.7854588031768799,0.5185820460319519,0.460859090089798,1.6451579332351685
rosenbrock,1.9287498479639178e-22,2,cholesky,5,ode_transport,8192,0.02,1000,5,rosenbrock,433,0.4109771251678467,-50.768428802490234,0.647664487361908,80,0.3692123591899872,0.08449577540159225,0.18286100029945374,0.3094189465045929
rosenbrock,1.9287498479639178e-22,2,cholesky,5,ode_transport,8192,0.02,1000,5,rosenbrock,434,0.3673820495605469,-50.772254943847656,0.6277183294296265,74,0.5858475565910339,0.21191899478435516,0.297658771276474,0.45793768763542175
rosenbrock,1.9287498479639178e-22,2,cholesky,5,ode_transport,8192,0.02,1000,5,rosenbrock,435,0.4116389751434326,-50.78040313720703,0.8204067945480347,80,0.51573646068573,0.09047199040651321,0.4308590292930603,0.26862502098083496
rosenbrock,1.9287498479639178e-22,2,cholesky,5,ode_transport,8192,0.02,1000,5,rosenbrock,436,0.36285901069641113,-50.776885986328125,0.6434545516967773,80,0.665605366230011,0.2625720798969269,0.5419272184371948,0.28355127573013306
rosenbrock,1.9287498479639178e-22,2,cholesky,5,ode_transport,8192,0.02,1000,5,rosenbrock,437,0.3752098083496094,-50.774234771728516,0.7160688042640686,86,0.7270547747612,0.3244646191596985,0.6248226165771484,0.1814606934785843
rosenbrock,1.9287498479639178e-22,2,cholesky,5,ode_transport,8192,0.02,1000,5,rosenbrock,438,0.3498499393463135,-50.76670837402344,0.5570006370544434,80,0.7597600817680359,0.4975074529647827,0.44987034797668457,0.35684502124786377
rosenbrock,1.9287498479639178e-22,2,cholesky,5,ode_transport,8192,0.02,1000,5,rosenbrock,439,0.32922887802124023,-50.77251052856445,0.636510968208313,80,0.6674923896789551,0.5109303593635559,0.2892613112926483,0.3175281882286072
rosenbrock,1.9287498479639178e-22,2,cholesky,5,ode_transport,8192,0.02,1000,5,rosenbrock,440,0.3477909564971924,-50.749473571777344,0.4767149090766907,80,0.35855066776275635,0.04639681801199913,0.30774545669555664,0.17804118990898132
rosenbrock,1.9287498479639178e-22,2,cholesky,5,ode_transport,8192,0.02,1000,5,rosenbrock,441,0.41083216667175293,-50.76618194580078,0.728001058101654,80,0.518447756767273,0.36284273862838745,0.32237139344215393,0.18223606050014496
rosenbrock,1.9287498479639178e-22,2,cholesky,5,ode_transport,8192,0.02,1000,5,rosenbrock,442,0.3367788791656494,-50.74650955200195,0.5105268955230713,80,0.17380119860172272,0.043447934091091156,0.12111034244298935,0.11683928966522217
rosenbrock,1.9287498479639178e-22,2,cholesky,5,ode_transport,8192,0.02,1000,5,rosenbrock,443,0.3413729667663574,-50.764129638671875,0.5611454248428345,80,0.25231197476387024,0.043677933514118195,0.14796917140483856,0.19964641332626343
rosenbrock,1.9287498479639178e-22,2,cholesky,5,ode_transport,8192,0.02,1000,5,rosenbrock,444,0.3867177963256836,-50.76252746582031,0.4699733257293701,74,0.29966500401496887,0.06623955070972443,0.2191273421049118,0.19337698817253113
rosenbrock,1.9287498479639178e-22,2,cholesky,5,ode_transport,8192,0.02,1000,5,rosenbrock,445,0.4337430000305176,-50.74173355102539,0.44035279750823975,86,0.2871142029762268,0.11876371502876282,0.2234584242105484,0.13563214242458344
rosenbrock,1.9287498479639178e-22,2,cholesky,5,ode_transport,8192,0.02,1000,5,rosenbrock,446,0.3735318183898926,-50.75666046142578,0.4848994016647339,80,3.592022180557251,3.0266036987304688,1.6270471811294556,1.046427607536316
rosenbrock,1.9287498479639178e-22,2,cholesky,5,ode_transport,8192,0.02,1000,5,rosenbrock,447,0.3684351444244385,-50.75740432739258,0.5826645493507385,80,0.40810292959213257,0.0639505460858345,0.34032580256462097,0.21595525741577148
rosenbrock,1.9287498479639178e-22,2,cholesky,5,ode_transport,8192,0.02,1000,5,rosenbrock,448,0.35563063621520996,-50.754310607910156,0.5220136046409607,74,0.35749927163124084,0.07498427480459213,0.2908034920692444,0.19394949078559875
rosenbrock,1.9287498479639178e-22,2,cholesky,5,ode_transport,8192,0.02,1000,5,rosenbrock,449,0.40668606758117676,-50.755924224853516,0.5219646096229553,80,0.2421381175518036,0.04443727061152458,0.1740766167640686,0.16233767569065094
rosenbrock,1.9287498479639178e-22,2,cholesky,5,ode_transport,8192,0.02,1000,5,rosenbrock,450,0.3649919033050537,-50.74399185180664,0.47440293431282043,80,0.2642069458961487,0.1085038036108017,0.1973833292722702,0.13810168206691742
rosenbrock,1.9287498479639178e-22,2,cholesky,5,ode_transport,8192,0.02,1000,5,rosenbrock,451,0.36331701278686523,-50.75358963012695,0.4514666497707367,80,0.3288156986236572,0.02804829366505146,0.28173312544822693,0.1672109216451645
rosenbrock,1.9287498479639178e-22,2,cholesky,5,ode_transport,8192,0.02,1000,5,rosenbrock,452,0.36180996894836426,-50.74489974975586,0.4756745994091034,80,0.36287927627563477,0.09278074651956558,0.24652545154094696,0.24959628283977509
rosenbrock,1.9287498479639178e-22,2,cholesky,5,ode_transport,8192,0.02,1000,5,rosenbrock,453,0.3830699920654297,-50.7427864074707,0.4325016736984253,86,0.5967643857002258,0.3280109465122223,0.4196370840072632,0.26914912462234497
rosenbrock,1.9287498479639178e-22,2,cholesky,5,ode_transport,8192,0.02,1000,5,rosenbrock,454,0.3578360080718994,-50.730079650878906,0.41437381505966187,80,0.35966756939888,0.14266374707221985,0.262658029794693,0.20004640519618988
rosenbrock,1.9287498479639178e-22,2,cholesky,5,ode_transport,8192,0.02,1000,5,rosenbrock,455,0.36611509323120117,-50.74443435668945,0.48635542392730713,80,0.24969734251499176,0.052663590759038925,0.2112237811088562,0.1223103478550911
rosenbrock,1.9287498479639178e-22,2,cholesky,5,ode_transport,8192,0.02,1000,5,rosenbrock,456,0.3527700901031494,-50.7431755065918,0.46794393658638,74,0.4763334393501282,0.09751157462596893,0.2740177810192108,0.3772258162498474
rosenbrock,1.9287498479639178e-22,2,cholesky,5,ode_transport,8192,0.02,1000,5,rosenbrock,457,0.36087918281555176,-50.73750305175781,0.4724271893501282,80,0.17058709263801575,0.01899719424545765,0.11939267069101334,0.1203513815999031
rosenbrock,1.9287498479639178e-22,2,cholesky,5,ode_transport,8192,0.02,1000,5,rosenbrock,458,0.3616759777069092,-50.74431610107422,0.4254058599472046,74,0.4525461792945862,0.3188396990299225,0.2169504463672638,0.2367948740720749
rosenbrock,1.9287498479639178e-22,2,cholesky,5,ode_transport,8192,0.02,1000,5,rosenbrock,459,0.40445613861083984,-50.7422981262207,0.4965004324913025,80,0.5920745730400085,0.4296322762966156,0.3366258442401886,0.22945919632911682
rosenbrock,1.9287498479639178e-22,2,cholesky,5,ode_transport,8192,0.02,1000,5,rosenbrock,460,0.3862338066101074,-50.73575973510742,0.47246283292770386,80,0.2573392689228058,0.04515204206109047,0.22363533079624176,0.11904636025428772
rosenbrock,1.9287498479639178e-22,2,cholesky,5,ode_transport,8192,0.02,1000,5,rosenbrock,461,0.3763608932495117,-50.74577331542969,0.4442189931869507,80,0.28945499658584595,0.021856386214494705,0.2573384642601013,0.13070350885391235
rosenbrock,1.9287498479639178e-22,2,cholesky,5,ode_transport,8192,0.02,1000,5,rosenbrock,462,0.3613169193267822,-50.73210525512695,0.4109269082546234,80,0.7012732625007629,0.5000508427619934,0.38584432005882263,0.30472514033317566
rosenbrock,1.9287498479639178e-22,2,cholesky,5,ode_transport,8192,0.02,1000,5,rosenbrock,463,0.3746969699859619,-50.73936080932617,0.4568498134613037,80,0.26241248846054077,0.14984987676143646,0.14725860953330994,0.15722669661045074
rosenbrock,1.9287498479639178e-22,2,cholesky,5,ode_transport,8192,0.02,1000,5,rosenbrock,464,0.412214994430542,-50.739139556884766,0.42211416363716125,80,0.2114659547805786,0.056825991719961166,0.12104565650224686,0.16381880640983582
rosenbrock,1.9287498479639178e-22,2,cholesky,5,ode_transport,8192,0.02,1000,5,rosenbrock,465,0.395374059677124,-50.74165344238281,0.40975263714790344,80,0.22671791911125183,0.12894770503044128,0.09430550038814545,0.16087253391742706
rosenbrock,1.9287498479639178e-22,2,cholesky,5,ode_transport,8192,0.02,1000,5,rosenbrock,466,0.3770790100097656,-50.75016784667969,0.4736068844795227,80,0.20828746259212494,0.07522813230752945,0.12796463072299957,0.1461144983768463
rosenbrock,1.9287498479639178e-22,2,cholesky,5,ode_transport,8192,0.02,1000,5,rosenbrock,467,0.374481201171875,-50.73918914794922,0.4184270203113556,74,0.6945335268974304,0.5964483618736267,0.24994589388370514,0.2532849907875061
rosenbrock,1.9287498479639178e-22,2,cholesky,5,ode_transport,8192,0.02,1000,5,rosenbrock,468,0.38288164138793945,-50.7374382019043,0.43782365322113037,86,0.3063586950302124,0.16575880348682404,0.2386608123779297,0.0970601886510849
rosenbrock,1.9287498479639178e-22,2,cholesky,5,ode_transport,8192,0.02,1000,5,rosenbrock,469,0.3477659225463867,-50.74477767944336,0.47454580664634705,74,0.31744226813316345,0.05041646212339401,0.30194100737571716,0.08402032405138016
rosenbrock,1.9287498479639178e-22,2,cholesky,5,ode_transport,8192,0.02,1000,5,rosenbrock,470,0.332690954208374,-50.741241455078125,0.5266904830932617,74,0.5420677661895752,0.3927721083164215,0.2761106491088867,0.25165536999702454
rosenbrock,1.9287498479639178e-22,2,cholesky,5,ode_transport,8192,0.02,1000,5,rosenbrock,471,0.4209480285644531,-50.73688888549805,0.39385008811950684,92,0.33374232053756714,0.06912978738546371,0.28460729122161865,0.16001154482364655
rosenbrock,1.9287498479639178e-22,2,cholesky,5,ode_transport,8192,0.02,1000,5,rosenbrock,472,0.38356709480285645,-50.74223327636719,0.4349963068962097,80,0.3179055452346802,0.20030319690704346,0.21644173562526703,0.11872459203004837
rosenbrock,1.9287498479639178e-22,2,cholesky,5,ode_transport,8192,0.02,1000,5,rosenbrock,473,0.37031006813049316,-50.73832321166992,0.4544191062450409,80,0.31296855211257935,0.2475057989358902,0.15276165306568146,0.11555984616279602
rosenbrock,1.9287498479639178e-22,2,cholesky,5,ode_transport,8192,0.02,1000,5,rosenbrock,474,0.4017801284790039,-50.73874282836914,0.4334430992603302,80,0.3030603528022766,0.19980451464653015,0.1742459535598755,0.14684030413627625
rosenbrock,1.9287498479639178e-22,2,cholesky,5,ode_transport,8192,0.02,1000,5,rosenbrock,475,0.3822143077850342,-50.729331970214844,0.4228772222995758,80,0.4696732461452484,0.3897576928138733,0.20585937798023224,0.162184476852417
rosenbrock,1.9287498479639178e-22,2,cholesky,5,ode_transport,8192,0.02,1000,5,rosenbrock,476,0.3470950126647949,-50.73231506347656,0.4367961883544922,80,0.2896571159362793,0.19883249700069427,0.12269273400306702,0.17121149599552155
rosenbrock,1.9287498479639178e-22,2,cholesky,5,ode_transport,8192,0.02,1000,5,rosenbrock,477,0.41364192962646484,-50.732994079589844,0.473671019077301,92,1.0471217632293701,0.9260274767875671,0.3517146110534668,0.33946168422698975
rosenbrock,1.9287498479639178e-22,2,cholesky,5,ode_transport,8192,0.02,1000,5,rosenbrock,478,0.3126640319824219,-50.733909606933594,0.5128405094146729,68,2.8562707901000977,2.5128068923950195,1.1272640228271484,0.757205605506897
rosenbrock,1.9287498479639178e-22,2,cholesky,5,ode_transport,8192,0.02,1000,5,rosenbrock,479,0.39336180686950684,-50.738525390625,0.43550387024879456,80,0.13612733781337738,0.014782124198973179,0.09026174992322922,0.10082143545150757
rosenbrock,1.9287498479639178e-22,2,cholesky,5,ode_transport,8192,0.02,1000,5,rosenbrock,480,0.42074012756347656,-50.74306106567383,0.41576164960861206,86,0.3286592662334442,0.15692339837551117,0.18029579520225525,0.22557790577411652
rosenbrock,1.9287498479639178e-22,2,cholesky,5,ode_transport,8192,0.02,1000,5,rosenbrock,481,0.36504125595092773,-50.74444580078125,0.46518605947494507,80,0.1616421490907669,0.08033935725688934,0.12466131895780563,0.06429099291563034
rosenbrock,1.9287498479639178e-22,2,cholesky,5,ode_transport,8192,0.02,1000,5,rosenbrock,482,0.3462960720062256,-50.74126434326172,0.4816649556159973,80,0.2162688821554184,0.09829944372177124,0.1662946492433548,0.09723958373069763
rosenbrock,1.9287498479639178e-22,2,cholesky,5,ode_transport,8192,0.02,1000,5,rosenbrock,483,0.3292977809906006,-50.73421096801758,0.4219588339328766,74,0.17770425975322723,0.04894065111875534,0.1427464336156845,0.09384600818157196
rosenbrock,1.9287498479639178e-22,2,cholesky,5,ode_transport,8192,0.02,1000,5,rosenbrock,484,0.35361814498901367,-50.733402252197266,0.450020432472229,74,0.22579413652420044,0.08748084306716919,0.17655658721923828,0.11026272177696228
rosenbrock,1.9287498479639178e-22,2,cholesky,5,ode_transport,8192,0.02,1000,5,rosenbrock,485,0.3699932098388672,-50.73397445678711,0.48900365829467773,74,0.20106159150600433,0.10316315293312073,0.14868061244487762,0.08761963993310928
rosenbrock,1.9287498479639178e-22,2,cholesky,5,ode_transport,8192,0.02,1000,5,rosenbrock,486,0.33444786071777344,-50.73805236816406,0.4553793668746948,74,0.21896032989025116,0.1252751350402832,0.14401394128799438,0.10728351771831512
rosenbrock,1.9287498479639178e-22,2,cholesky,5,ode_transport,8192,0.02,1000,5,rosenbrock,487,0.332460880279541,-50.742733001708984,0.48975715041160583,74,0.19943423569202423,0.051060836762189865,0.13506430387496948,0.13756610453128815
rosenbrock,1.9287498479639178e-22,2,cholesky,5,ode_transport,8192,0.02,1000,5,rosenbrock,488,0.40054798126220703,-50.733768463134766,0.4087253510951996,92,0.21465043723583221,0.06389179825782776,0.13800084590911865,0.1514873206615448
rosenbrock,1.9287498479639178e-22,2,cholesky,5,ode_transport,8192,0.02,1000,5,rosenbrock,489,0.3575739860534668,-50.73494338989258,0.5078859329223633,80,0.18912754952907562,0.039382390677928925,0.13029806315898895,0.13130371272563934
rosenbrock,1.9287498479639178e-22,2,cholesky,5,ode_transport,8192,0.02,1000,5,rosenbrock,490,0.3513331413269043,-50.73065948486328,0.5005034804344177,80,0.21663889288902283,0.07899214327335358,0.1638936698436737,0.11760745197534561
rosenbrock,1.9287498479639178e-22,2,cholesky,5,ode_transport,8192,0.02,1000,5,rosenbrock,491,0.40268516540527344,-50.730438232421875,0.42286553978919983,92,2.117727279663086,1.3183470964431763,0.8262263536453247,1.4366902112960815
rosenbrock,1.9287498479639178e-22,2,cholesky,5,ode_transport,8192,0.02,1000,5,rosenbrock,492,0.3407468795776367,-50.73096466064453,0.5017208456993103,80,0.19821709394454956,0.05794110894203186,0.16172651946544647,0.09888063371181488
rosenbrock,1.9287498479639178e-22,2,cholesky,5,ode_transport,8192,0.02,1000,5,rosenbrock,493,0.319627046585083,-50.73688507080078,0.5506770014762878,74,0.21831104159355164,0.04341667518019676,0.1894427090883255,0.09942919760942459
rosenbrock,1.9287498479639178e-22,2,cholesky,5,ode_transport,8192,0.02,1000,5,rosenbrock,494,0.3491551876068115,-50.73208999633789,0.4742477238178253,80,0.4743550419807434,0.3742474913597107,0.19153183698654175,0.2196977287530899
rosenbrock,1.9287498479639178e-22,2,cholesky,5,ode_transport,8192,0.02,1000,5,rosenbrock,495,0.31897401809692383,-50.74609375,0.6431018710136414,74,0.309759259223938,0.1412808895111084,0.18617212772369385,0.2032989263534546
rosenbrock,1.9287498479639178e-22,2,cholesky,5,ode_transport,8192,0.02,1000,5,rosenbrock,496,0.36864590644836426,-50.73280334472656,0.522942841053009,98,0.2669551372528076,0.10443218797445297,0.19039621949195862,0.15526828169822693
rosenbrock,1.9287498479639178e-22,2,cholesky,5,ode_transport,8192,0.02,1000,5,rosenbrock,497,0.32216715812683105,-50.73157501220703,0.4558519721031189,80,0.26420775055885315,0.08278471976518631,0.18873922526836395,0.16531766951084137
rosenbrock,1.9287498479639178e-22,2,cholesky,5,ode_transport,8192,0.02,1000,5,rosenbrock,498,0.31409287452697754,-50.730411529541016,0.5053449273109436,86,0.22274066507816315,0.09315737336874008,0.13186834752559662,0.15344657003879547
rosenbrock,1.9287498479639178e-22,2,cholesky,5,ode_transport,8192,0.02,1000,5,rosenbrock,499,0.39187097549438477,-50.72931671142578,0.42575952410697937,98,0.6051612496376038,0.4450087547302246,0.24915698170661926,0.32574236392974854
rosenbrock,1.9287498479639178e-22,2,cholesky,5,ode_transport,8192,0.02,1000,5,rosenbrock,500,0.338162899017334,-50.73720169067383,0.48942697048187256,80,0.23316426575183868,0.09575122594833374,0.13105008006095886,0.16740117967128754
rosenbrock,1.9287498479639178e-22,2,cholesky,5,ode_transport,8192,0.02,1000,5,rosenbrock,501,0.3271491527557373,-50.736019134521484,0.5304371118545532,80,0.2531428933143616,0.06331226229667664,0.18092337250709534,0.1653469055891037
rosenbrock,1.9287498479639178e-22,2,cholesky,5,ode_transport,8192,0.02,1000,5,rosenbrock,502,0.324749231338501,-50.72425842285156,0.46107450127601624,80,0.2704322040081024,0.16889023780822754,0.1364566534757614,0.1612117886543274
rosenbrock,1.9287498479639178e-22,2,cholesky,5,ode_transport,8192,0.02,1000,5,rosenbrock,503,0.378065824508667,-50.732540130615234,0.4702189564704895,80,0.20248617231845856,0.053467847406864166,0.17977803945541382,0.07630006968975067
rosenbrock,1.9287498479639178e-22,2,cholesky,5,ode_transport,8192,0.02,1000,5,rosenbrock,504,0.3930320739746094,-50.73058319091797,0.5026363730430603,80,0.21710734069347382,0.020633911713957787,0.19250012934207916,0.09825246036052704
rosenbrock,1.9287498479639178e-22,2,cholesky,5,ode_transport,8192,0.02,1000,5,rosenbrock,505,0.36559081077575684,-50.731441497802734,0.49347031116485596,86,0.16953051090240479,0.021210290491580963,0.15528713166713715,0.06462680548429489
rosenbrock,1.9287498479639178e-22,2,cholesky,5,ode_transport,8192,0.02,1000,5,rosenbrock,506,0.3237309455871582,-50.73548126220703,0.5033467411994934,80,0.2656797468662262,0.057244233787059784,0.2358827441930771,0.10801917314529419
rosenbrock,1.9287498479639178e-22,2,cholesky,5,ode_transport,8192,0.02,1000,5,rosenbrock,507,0.3284029960632324,-50.735443115234375,0.479602575302124,80,0.13480763137340546,0.015813132748007774,0.09929729998111725,0.08979470282793045
rosenbrock,1.9287498479639178e-22,2,cholesky,5,ode_transport,8192,0.02,1000,5,rosenbrock,508,0.36172008514404297,-50.72750473022461,0.4343613386154175,92,0.28525686264038086,0.12798818945884705,0.22766239941120148,0.11471850425004959
rosenbrock,1.9287498479639178e-22,2,cholesky,5,ode_transport,8192,0.02,1000,5,rosenbrock,509,0.3303999900817871,-50.727256774902344,0.4457401633262634,80,0.19396215677261353,0.06055740267038345,0.1468639373779297,0.1112884059548378
rosenbrock,1.9287498479639178e-22,2,cholesky,5,ode_transport,8192,0.02,1000,5,rosenbrock,510,0.318331241607666,-50.73002243041992,0.4439202845096588,80,0.24689169228076935,0.07259906083345413,0.21943050622940063,0.08680512756109238
rosenbrock,1.9287498479639178e-22,2,cholesky,5,ode_transport,8192,0.02,1000,5,rosenbrock,511,0.3404381275177002,-50.72909164428711,0.47741860151290894,86,0.17534522712230682,0.05134950578212738,0.13396236300468445,0.10081300884485245
rosenbrock,1.9287498479639178e-22,2,cholesky,5,ode_transport,8192,0.02,1000,5,rosenbrock,512,0.33077192306518555,-50.72746276855469,0.46052086353302,80,0.26013895869255066,0.11758266389369965,0.21548856794834137,0.08608871698379517
rosenbrock,1.9287498479639178e-22,2,cholesky,5,ode_transport,8192,0.02,1000,5,rosenbrock,513,0.3017401695251465,-50.72652816772461,0.4989389479160309,74,0.4815778434276581,0.3887147307395935,0.21513204276561737,0.18583936989307404
rosenbrock,1.9287498479639178e-22,2,cholesky,5,ode_transport,8192,0.02,1000,5,rosenbrock,514,0.32674098014831543,-50.72504425048828,0.4265616834163666,80,0.25280413031578064,0.06194211542606354,0.21728956699371338,0.11339466273784637
rosenbrock,1.9287498479639178e-22,2,cholesky,5,ode_transport,8192,0.02,1000,5,rosenbrock,515,0.3029189109802246,-50.721107482910156,0.4892936050891876,74,1.0497088432312012,0.8074442744255066,0.4393954575061798,0.5068077445030212
rosenbrock,1.9287498479639178e-22,2,cholesky,5,ode_transport,8192,0.02,1000,5,rosenbrock,516,0.38394808769226074,-50.7297477722168,0.45495831966400146,92,0.2072020024061203,0.12159512937068939,0.12870381772518158,0.10762258619070053
rosenbrock,1.9287498479639178e-22,2,cholesky,5,ode_transport,8192,0.02,1000,5,rosenbrock,517,0.3127312660217285,-50.739051818847656,0.5400277376174927,74,0.4477255344390869,0.338089257478714,0.2724810242652893,0.10912339389324188
rosenbrock,1.9287498479639178e-22,2,cholesky,5,ode_transport,8192,0.02,1000,5,rosenbrock,518,0.34476590156555176,-50.73293685913086,0.4947870075702667,86,0.2159508317708969,0.05132149159908295,0.15964917838573456,0.13606247305870056
rosenbrock,1.9287498479639178e-22,2,cholesky,5,ode_transport,8192,0.02,1000,5,rosenbrock,519,0.37900519371032715,-50.73131561279297,0.5082309246063232,86,0.5541540384292603,0.3857019245624542,0.28824371099472046,0.2742922604084015
rosenbrock,1.9287498479639178e-22,2,cholesky,5,ode_transport,8192,0.02,1000,5,rosenbrock,520,0.32706308364868164,-50.73713302612305,0.46945419907569885,80,1.956356167793274,1.6838759183883667,0.7510208487510681,0.6541094183921814
rosenbrock,1.9287498479639178e-22,2,cholesky,5,ode_transport,8192,0.02,1000,5,rosenbrock,521,0.371628999710083,-50.7305908203125,0.44570866227149963,92,1.2688874006271362,0.9959754347801208,0.4665079414844513,0.6328337788581848
rosenbrock,1.9287498479639178e-22,2,cholesky,5,ode_transport,8192,0.02,1000,5,rosenbrock,522,0.29874682426452637,-50.728736877441406,0.504939615726471,74,0.26963499188423157,0.11844980716705322,0.19050505757331848,0.14960111677646637
rosenbrock,1.9287498479639178e-22,2,cholesky,5,ode_transport,8192,0.02,1000,5,rosenbrock,523,0.3574390411376953,-50.73390197753906,0.5673605799674988,92,0.23060885071754456,0.08417253941297531,0.19385601580142975,0.09227824211120605
rosenbrock,1.9287498479639178e-22,2,cholesky,5,ode_transport,8192,0.02,1000,5,rosenbrock,524,0.3127920627593994,-50.72395706176758,0.45505574345588684,74,0.14278101921081543,0.022904032841324806,0.11195878684520721,0.08559820801019669
rosenbrock,1.9287498479639178e-22,2,cholesky,5,ode_transport,8192,0.02,1000,5,rosenbrock,525,0.31697893142700195,-50.7311897277832,0.6256814002990723,80,0.2325739860534668,0.06601607799530029,0.20784518122673035,0.08082644641399384
rosenbrock,1.9287498479639178e-22,2,cholesky,5,ode_transport,8192,0.02,1000,5,rosenbrock,526,0.30733489990234375,-50.74141311645508,0.6870998740196228,74,0.2689891457557678,0.16210715472698212,0.1594715714454651,0.14368455111980438
rosenbrock,1.9287498479639178e-22,2,cholesky,5,ode_transport,8192,0.02,1000,5,rosenbrock,527,0.3514549732208252,-50.72734451293945,0.44516173005104065,92,0.20184995234012604,0.1494493931531906,0.12230440229177475,0.05873607099056244
rosenbrock,1.9287498479639178e-22,2,cholesky,5,ode_transport,8192,0.02,1000,5,rosenbrock,528,0.35854005813598633,-50.73707962036133,0.49288657307624817,92,0.21460294723510742,0.06606891006231308,0.1758672595024109,0.10373056679964066
rosenbrock,1.9287498479639178e-22,2,cholesky,5,ode_transport,8192,0.02,1000,5,rosenbrock,529,0.3060452938079834,-50.7338752746582,0.49077218770980835,80,0.19197122752666473,0.10211191326379776,0.13005372881889343,0.09753018617630005
rosenbrock,1.9287498479639178e-22,2,cholesky,5,ode_transport,8192,0.02,1000,5,rosenbrock,530,0.32050013542175293,-50.7285041809082,0.4256015419960022,86,0.17577660083770752,0.034664250910282135,0.1101861372590065,0.13249459862709045
rosenbrock,1.9287498479639178e-22,2,cholesky,5,ode_transport,8192,0.02,1000,5,rosenbrock,531,0.33501482009887695,-50.71864318847656,0.45115649700164795,80,0.15922032296657562,0.04951206222176552,0.13321436941623688,0.07178860157728195
rosenbrock,1.9287498479639178e-22,2,cholesky,5,ode_transport,8192,0.02,1000,5,rosenbrock,532,0.3147921562194824,-50.723472595214844,0.4871104657649994,80,0.16286787390708923,0.0592174232006073,0.11223242431879044,0.10209370404481888
rosenbrock,1.9287498479639178e-22,2,cholesky,5,ode_transport,8192,0.02,1000,5,rosenbrock,533,0.29990506172180176,-50.723819732666016,0.4567900598049164,74,0.2655174136161804,0.04565533250570297,0.20603999495506287,0.1611292064189911
rosenbrock,1.9287498479639178e-22,2,cholesky,5,ode_transport,8192,0.02,1000,5,rosenbrock,534,0.31903910636901855,-50.73318862915039,0.44000381231307983,80,0.20781999826431274,0.05392049252986908,0.18391631543636322,0.08035244047641754
rosenbrock,1.9287498479639178e-22,2,cholesky,5,ode_transport,8192,0.02,1000,5,rosenbrock,535,0.32831573486328125,-50.72612380981445,0.44569292664527893,74,0.22280913591384888,0.016115359961986542,0.20024240016937256,0.09637007117271423
rosenbrock,1.9287498479639178e-22,2,cholesky,5,ode_transport,8192,0.02,1000,5,rosenbrock,536,0.37400007247924805,-50.72239685058594,0.4430624842643738,80,0.47971200942993164,0.35022082924842834,0.1834097057580948,0.27171653509140015
rosenbrock,1.9287498479639178e-22,2,cholesky,5,ode_transport,8192,0.02,1000,5,rosenbrock,537,0.37269020080566406,-50.72836685180664,0.5598558187484741,80,0.20975559949874878,0.10785013437271118,0.12799601256847382,0.12642304599285126
rosenbrock,1.9287498479639178e-22,2,cholesky,5,ode_transport,8192,0.02,1000,5,rosenbrock,538,0.365372896194458,-50.73257827758789,0.47386032342910767,86,0.20546257495880127,0.08553417772054672,0.1073376014828682,0.1528967320919037
rosenbrock,1.9287498479639178e-22,2,cholesky,5,ode_transport,8192,0.02,1000,5,rosenbrock,539,0.377760648727417,-50.72804260253906,0.48589256405830383,86,0.17768219113349915,0.10569176822900772,0.11972226202487946,0.07788962125778198
rosenbrock,1.9287498479639178e-22,2,cholesky,5,ode_transport,8192,0.02,1000,5,rosenbrock,540,0.32781171798706055,-50.72395706176758,0.46480605006217957,80,0.20404152572155,0.02211114764213562,0.17622455954551697,0.10044378787279129
rosenbrock,1.9287498479639178e-22,2,cholesky,5,ode_transport,8192,0.02,1000,5,rosenbrock,541,0.35762596130371094,-50.729618072509766,0.5818352699279785,92,0.1940111219882965,0.106585793197155,0.11002444475889206,0.1190563216805458
rosenbrock,1.9287498479639178e-22,2,cholesky,5,ode_transport,8192,0.02,1000,5,rosenbrock,542,0.30310511589050293,-50.726165771484375,0.45142507553100586,74,0.16292963922023773,0.03534365072846413,0.1277209371328354,0.09478532522916794
rosenbrock,1.9287498479639178e-22,2,cholesky,5,ode_transport,8192,0.02,1000,5,rosenbrock,543,0.38697195053100586,-50.73725509643555,0.4968779981136322,86,0.40283265709877014,0.2894018590450287,0.21364489197731018,0.1813189685344696
rosenbrock,1.9287498479639178e-22,2,cholesky,5,ode_transport,8192,0.02,1000,5,rosenbrock,544,0.35574913024902344,-50.716060638427734,0.4820522964000702,80,0.30874359607696533,0.15836463868618011,0.2075909972190857,0.1647702157497406
rosenbrock,1.9287498479639178e-22,2,cholesky,5,ode_transport,8192,0.02,1000,5,rosenbrock,545,0.4204578399658203,-50.72014617919922,0.440888911485672,80,0.427264928817749,0.3095175623893738,0.2061178982257843,0.21040348708629608
rosenbrock,1.9287498479639178e-22,2,cholesky,5,ode_transport,8192,0.02,1000,5,rosenbrock,546,0.3309059143066406,-50.7137336730957,0.46718740463256836,74,0.2093455195426941,0.040852926671504974,0.1700134575366974,0.1151173785328865
rosenbrock,1.9287498479639178e-22,2,cholesky,5,ode_transport,8192,0.02,1000,5,rosenbrock,547,0.4307880401611328,-50.73012161254883,0.5403298139572144,86,100.95709228515625,24.292116165161133,17.39949607849121,96.43385314941406
rosenbrock,1.9287498479639178e-22,2,cholesky,5,ode_transport,8192,0.02,1000,5,rosenbrock,548,0.40061378479003906,-50.736122131347656,0.47724929451942444,80,0.5617139339447021,0.046619296073913574,0.425367146730423,0.3638845682144165
rosenbrock,1.9287498479639178e-22,2,cholesky,5,ode_transport,8192,0.02,1000,5,rosenbrock,549,0.34561610221862793,-50.7519416809082,0.5332177877426147,74,6.499634742736816,5.443941116333008,1.8174582719802856,3.050508499145508
rosenbrock,1.9287498479639178e-22,2,cholesky,5,ode_transport,8192,0.02,1000,5,rosenbrock,550,0.4251549243927002,-50.787132263183594,0.6852864027023315,74,1.6177424192428589,0.05987732484936714,1.270824670791626,0.9992547631263733
rosenbrock,1.9287498479639178e-22,2,cholesky,5,ode_transport,8192,0.02,1000,5,rosenbrock,551,0.4788789749145508,-50.82929992675781,0.9766972661018372,74,1.9382628202438354,0.2048523873090744,1.4981379508972168,1.2126338481903076
rosenbrock,1.9287498479639178e-22,2,cholesky,5,ode_transport,8192,0.02,1000,5,rosenbrock,552,0.5407629013061523,-50.84763717651367,0.9064720869064331,92,2.009813070297241,0.07429809123277664,1.5569950342178345,1.2686980962753296
rosenbrock,1.9287498479639178e-22,2,cholesky,5,ode_transport,8192,0.02,1000,5,rosenbrock,553,0.5848698616027832,-50.83369827270508,0.9002493619918823,74,1.731119990348816,0.10432084649801254,1.2500247955322266,1.1930344104766846
rosenbrock,1.9287498479639178e-22,2,cholesky,5,ode_transport,8192,0.02,1000,5,rosenbrock,554,0.36060309410095215,-50.87492370605469,1.0258992910385132,74,1.7333955764770508,0.11245183646678925,0.9428606033325195,1.450182318687439
rosenbrock,1.9287498479639178e-22,2,cholesky,5,ode_transport,8192,0.02,1000,5,rosenbrock,555,0.3729708194732666,-50.834877014160156,0.8670359253883362,86,1.423989176750183,0.2024068534374237,0.7557300925254822,1.1898102760314941
rosenbrock,1.9287498479639178e-22,2,cholesky,5,ode_transport,8192,0.02,1000,5,rosenbrock,556,0.3360109329223633,-50.843162536621094,1.0983810424804688,74,1.2625975608825684,0.06996683031320572,0.347119003534317,1.2119263410568237
rosenbrock,1.9287498479639178e-22,2,cholesky,5,ode_transport,8192,0.02,1000,5,rosenbrock,557,0.4147982597351074,-50.870216369628906,1.2863361835479736,98,1.4040199518203735,0.18580427765846252,0.28535494208335876,1.3621017932891846
rosenbrock,1.9287498479639178e-22,2,cholesky,5,ode_transport,8192,0.02,1000,5,rosenbrock,558,0.3825500011444092,-50.85730743408203,1.2253221273422241,92,1.3251785039901733,0.13984277844429016,0.40750646591186523,1.253188133239746
rosenbrock,1.9287498479639178e-22,2,cholesky,5,ode_transport,8192,0.02,1000,5,rosenbrock,559,0.3603692054748535,-50.87384796142578,1.214314341545105,86,1.5393084287643433,0.10188217461109161,0.9305432438850403,1.2219572067260742
rosenbrock,1.9287498479639178e-22,2,cholesky,5,ode_transport,8192,0.02,1000,5,rosenbrock,560,0.38425183296203613,-50.836708068847656,0.8978118896484375,86,1.2539314031600952,0.0826931968331337,0.8908260464668274,0.878598153591156
rosenbrock,1.9287498479639178e-22,2,cholesky,5,ode_transport,8192,0.02,1000,5,rosenbrock,561,0.4262378215789795,-50.83052444458008,0.9474398493766785,98,1.2627116441726685,0.08470781147480011,0.864170491695404,0.9167740345001221
rosenbrock,1.9287498479639178e-22,2,cholesky,5,ode_transport,8192,0.02,1000,5,rosenbrock,562,0.4254908561706543,-50.85274887084961,1.1993011236190796,98,1.4583709239959717,0.05974248796701431,1.2013111114501953,0.8246987462043762
rosenbrock,1.9287498479639178e-22,2,cholesky,5,ode_transport,8192,0.02,1000,5,rosenbrock,563,0.34456300735473633,-50.84803009033203,1.2429274320602417,80,1.3474150896072388,0.06942635029554367,1.0040373802185059,0.89588862657547
rosenbrock,1.9287498479639178e-22,2,cholesky,5,ode_transport,8192,0.02,1000,5,rosenbrock,564,0.35192084312438965,-50.83488082885742,0.9815276861190796,80,1.115322232246399,0.06737091392278671,0.7594279050827026,0.8140480518341064
rosenbrock,1.9287498479639178e-22,2,cholesky,5,ode_transport,8192,0.02,1000,5,rosenbrock,565,0.40682220458984375,-50.83350372314453,1.334479570388794,86,1.2725694179534912,0.10807918757200241,0.6411681771278381,1.0939172506332397
rosenbrock,1.9287498479639178e-22,2,cholesky,5,ode_transport,8192,0.02,1000,5,rosenbrock,566,0.40601086616516113,-50.81214904785156,0.8764533996582031,92,1.6291117668151855,0.5238471627235413,0.5781580805778503,1.430147647857666
rosenbrock,1.9287498479639178e-22,2,cholesky,5,ode_transport,8192,0.02,1000,5,rosenbrock,567,0.3348507881164551,-50.8471565246582,1.2566221952438354,74,1.0665020942687988,0.21077093482017517,0.3626965582370758,0.9805372953414917
rosenbrock,1.9287498479639178e-22,2,cholesky,5,ode_transport,8192,0.02,1000,5,rosenbrock,568,0.3686389923095703,-50.82783508300781,1.0145522356033325,74,0.8310039639472961,0.19894187152385712,0.27646294236183167,0.7579959630966187
rosenbrock,1.9287498479639178e-22,2,cholesky,5,ode_transport,8192,0.02,1000,5,rosenbrock,569,0.3417167663574219,-50.82657241821289,1.0461558103561401,80,0.7727476358413696,0.11817149817943573,0.31639957427978516,0.6950292587280273
rosenbrock,1.9287498479639178e-22,2,cholesky,5,ode_transport,8192,0.02,1000,5,rosenbrock,570,0.3014950752258301,-50.82366943359375,0.9972306489944458,74,0.7745068669319153,0.23069129884243011,0.4196014404296875,0.6087504029273987
rosenbrock,1.9287498479639178e-22,2,cholesky,5,ode_transport,8192,0.02,1000,5,rosenbrock,571,0.377147912979126,-50.81950759887695,0.8254006505012512,80,0.7785346508026123,0.15266835689544678,0.4966009855270386,0.5798242092132568
rosenbrock,1.9287498479639178e-22,2,cholesky,5,ode_transport,8192,0.02,1000,5,rosenbrock,572,0.38249897956848145,-50.826480865478516,1.1910380125045776,86,13.703927040100098,11.703895568847656,5.232393741607666,4.841330051422119
rosenbrock,1.9287498479639178e-22,2,cholesky,5,ode_transport,8192,0.02,1000,5,rosenbrock,573,0.3777039051055908,-50.81816101074219,1.0840814113616943,80,0.6566756367683411,0.2399173080921173,0.26992249488830566,0.5484563708305359
rosenbrock,1.9287498479639178e-22,2,cholesky,5,ode_transport,8192,0.02,1000,5,rosenbrock,574,0.35986995697021484,-50.812564849853516,1.0491387844085693,74,0.605099618434906,0.1368774175643921,0.2346164435148239,0.540708065032959
rosenbrock,1.9287498479639178e-22,2,cholesky,5,ode_transport,8192,0.02,1000,5,rosenbrock,575,0.35051631927490234,-50.81260681152344,0.9970835447311401,74,0.6628322601318359,0.11648225039243698,0.26983562111854553,0.5941104292869568
rosenbrock,1.9287498479639178e-22,2,cholesky,5,ode_transport,8192,0.02,1000,5,rosenbrock,576,0.3466649055480957,-50.825565338134766,1.5050500631332397,68,0.7175931930541992,0.2204039990901947,0.3821212947368622,0.5659906268119812
rosenbrock,1.9287498479639178e-22,2,cholesky,5,ode_transport,8192,0.02,1000,5,rosenbrock,577,0.33196496963500977,-50.807579040527344,1.004623293876648,74,0.8053986430168152,0.17318913340568542,0.5312266945838928,0.5800608396530151
rosenbrock,1.9287498479639178e-22,2,cholesky,5,ode_transport,8192,0.02,1000,5,rosenbrock,578,0.33025288581848145,-50.823341369628906,1.5052176713943481,74,0.9311213493347168,0.1265989989042282,0.5864937901496887,0.7120285630226135
rosenbrock,1.9287498479639178e-22,2,cholesky,5,ode_transport,8192,0.02,1000,5,rosenbrock,579,0.3585517406463623,-50.80615234375,0.9503676891326904,80,1.0578722953796387,0.4738512635231018,0.6564998030662537,0.6808574199676514
rosenbrock,1.9287498479639178e-22,2,cholesky,5,ode_transport,8192,0.02,1000,5,rosenbrock,580,0.33249688148498535,-50.814231872558594,0.9615368843078613,74,0.8244349956512451,0.09099999815225601,0.5958781242370605,0.5624423027038574
rosenbrock,1.9287498479639178e-22,2,cholesky,5,ode_transport,8192,0.02,1000,5,rosenbrock,581,0.37987589836120605,-50.822776794433594,1.0481895208358765,86,0.7748593688011169,0.34932562708854675,0.5591840744018555,0.40705251693725586
rosenbrock,1.9287498479639178e-22,2,cholesky,5,ode_transport,8192,0.02,1000,5,rosenbrock,582,0.34011101722717285,-50.819828033447266,1.0032804012298584,74,0.6167609691619873,0.1294494867324829,0.331609308719635,0.5036588311195374
rosenbrock,1.9287498479639178e-22,2,cholesky,5,ode_transport,8192,0.02,1000,5,rosenbrock,583,0.3764927387237549,-50.79243469238281,0.8280901908874512,80,0.46605345606803894,0.03196202218532562,0.2244962751865387,0.40716788172721863
rosenbrock,1.9287498479639178e-22,2,cholesky,5,ode_transport,8192,0.02,1000,5,rosenbrock,584,0.3475518226623535,-50.78700256347656,0.8297029137611389,80,0.6521318554878235,0.3133944571018219,0.3174322247505188,0.47570645809173584
rosenbrock,1.9287498479639178e-22,2,cholesky,5,ode_transport,8192,0.02,1000,5,rosenbrock,585,0.35509300231933594,-50.79911422729492,0.8227793574333191,80,0.5893682837486267,0.2747359871864319,0.20468683540821075,0.47956064343452454
rosenbrock,1.9287498479639178e-22,2,cholesky,5,ode_transport,8192,0.02,1000,5,rosenbrock,586,0.3648362159729004,-50.79798126220703,1.2065598964691162,80,0.6781622767448425,0.14851471781730652,0.3787679076194763,0.5425701141357422
rosenbrock,1.9287498479639178e-22,2,cholesky,5,ode_transport,8192,0.02,1000,5,rosenbrock,587,0.4126720428466797,-50.81421661376953,1.109840750694275,80,0.7090654373168945,0.09550883620977402,0.3882908523082733,0.5855612754821777
rosenbrock,1.9287498479639178e-22,2,cholesky,5,ode_transport,8192,0.02,1000,5,rosenbrock,588,0.3787968158721924,-50.797882080078125,0.9233392477035522,80,0.8759355545043945,0.15343596041202545,0.3839183449745178,0.7722222208976746
rosenbrock,1.9287498479639178e-22,2,cholesky,5,ode_transport,8192,0.02,1000,5,rosenbrock,589,0.33368873596191406,-50.80216598510742,0.961441695690155,74,0.5853891968727112,0.04302680119872093,0.3599393963813782,0.45964425802230835
rosenbrock,1.9287498479639178e-22,2,cholesky,5,ode_transport,8192,0.02,1000,5,rosenbrock,590,0.33232927322387695,-50.81684112548828,1.309835433959961,74,1.899163007736206,1.6016349792480469,0.7996995449066162,0.634087085723877
rosenbrock,1.9287498479639178e-22,2,cholesky,5,ode_transport,8192,0.02,1000,5,rosenbrock,591,0.34043407440185547,-50.78343963623047,0.87766432762146,74,0.5217413902282715,0.1833798885345459,0.22503231465816498,0.43352776765823364
rosenbrock,1.9287498479639178e-22,2,cholesky,5,ode_transport,8192,0.02,1000,5,rosenbrock,592,0.3611178398132324,-50.785560607910156,0.8222814202308655,74,0.5068923830986023,0.15888173878192902,0.22543130815029144,0.4252965748310089
rosenbrock,1.9287498479639178e-22,2,cholesky,5,ode_transport,8192,0.02,1000,5,rosenbrock,593,0.4206812381744385,-50.800174713134766,0.9238171577453613,86,0.6677137613296509,0.17272306978702545,0.17751024663448334,0.6200794577598572
rosenbrock,1.9287498479639178e-22,2,cholesky,5,ode_transport,8192,0.02,1000,5,rosenbrock,594,0.34664297103881836,-50.81317138671875,1.06898033618927,74,4.5948405265808105,3.332756757736206,1.5157617330551147,2.776285409927368
rosenbrock,1.9287498479639178e-22,2,cholesky,5,ode_transport,8192,0.02,1000,5,rosenbrock,595,0.38498616218566895,-50.79103088378906,0.8783240914344788,74,0.667617917060852,0.08789016306400299,0.23162581026554108,0.6199504137039185
rosenbrock,1.9287498479639178e-22,2,cholesky,5,ode_transport,8192,0.02,1000,5,rosenbrock,596,0.3707551956176758,-50.77064514160156,0.7285109758377075,80,0.6198042631149292,0.3278985917568207,0.2949463725090027,0.43548423051834106
rosenbrock,1.9287498479639178e-22,2,cholesky,5,ode_transport,8192,0.02,1000,5,rosenbrock,597,0.3130171298980713,-50.78653335571289,0.902435302734375,80,0.5758664608001709,0.013721279799938202,0.4157255291938782,0.3982539474964142
rosenbrock,1.9287498479639178e-22,2,cholesky,5,ode_transport,8192,0.02,1000,5,rosenbrock,598,0.3693349361419678,-50.797027587890625,0.902364194393158,92,0.7397093772888184,0.07511434704065323,0.5588144063949585,0.4788050055503845
rosenbrock,1.9287498479639178e-22,2,cholesky,5,ode_transport,8192,0.02,1000,5,rosenbrock,599,0.32815098762512207,-50.78266143798828,0.8451170325279236,80,0.8891081213951111,0.38033226132392883,0.5872502326965332,0.5486326217651367
rosenbrock,1.9287498479639178e-22,2,cholesky,5,ode_transport,8192,0.02,1000,5,rosenbrock,600,0.3838798999786377,-50.788063049316406,0.8394848704338074,80,0.5667285919189453,0.19700485467910767,0.3574187159538269,0.39322033524513245
rosenbrock,1.9287498479639178e-22,2,cholesky,5,ode_transport,8192,0.02,1000,5,rosenbrock,601,0.3816649913787842,-50.7831916809082,0.7256417870521545,86,0.515627384185791,0.03775240108370781,0.30775976181030273,0.41198334097862244
rosenbrock,1.9287498479639178e-22,2,cholesky,5,ode_transport,8192,0.02,1000,5,rosenbrock,602,0.3556511402130127,-50.771297454833984,0.6997618675231934,80,0.3420230746269226,0.11303683370351791,0.24812918901443481,0.20648092031478882
rosenbrock,1.9287498479639178e-22,2,cholesky,5,ode_transport,8192,0.02,1000,5,rosenbrock,603,0.32079505920410156,-50.78564453125,0.835465133190155,74,0.5918474793434143,0.19303959608078003,0.23358790576457977,0.5083855390548706
rosenbrock,1.9287498479639178e-22,2,cholesky,5,ode_transport,8192,0.02,1000,5,rosenbrock,604,0.3496358394622803,-50.781639099121094,0.8839995861053467,80,0.5594063401222229,0.21074368059635162,0.1643354743719101,0.4914432168006897
rosenbrock,1.9287498479639178e-22,2,cholesky,5,ode_transport,8192,0.02,1000,5,rosenbrock,605,0.36039090156555176,-50.78293991088867,0.8067360520362854,80,0.9128753542900085,0.6132329106330872,0.272005170583725,0.6191124320030212
rosenbrock,1.9287498479639178e-22,2,cholesky,5,ode_transport,8192,0.02,1000,5,rosenbrock,606,0.42078495025634766,-50.77317810058594,0.867220401763916,86,0.3490489423274994,0.11269588768482208,0.17973653972148895,0.277181476354599
rosenbrock,1.9287498479639178e-22,2,cholesky,5,ode_transport,8192,0.02,1000,5,rosenbrock,607,0.38573741912841797,-50.770870208740234,0.7517412900924683,80,0.4985853135585785,0.08544906228780746,0.32729506492614746,0.366283655166626
rosenbrock,1.9287498479639178e-22,2,cholesky,5,ode_transport,8192,0.02,1000,5,rosenbrock,608,0.323350191116333,-50.785919189453125,0.7590038180351257,74,0.43965595960617065,0.201613187789917,0.1967577040195465,0.33754396438598633
rosenbrock,1.9287498479639178e-22,2,cholesky,5,ode_transport,8192,0.02,1000,5,rosenbrock,609,0.29671311378479004,-50.77740478515625,0.7560911178588867,68,0.40237414836883545,0.06103089824318886,0.28206703066825867,0.2803896963596344
rosenbrock,1.9287498479639178e-22,2,cholesky,5,ode_transport,8192,0.02,1000,5,rosenbrock,610,0.3217918872833252,-50.77013397216797,0.7497259974479675,74,0.3523120880126953,0.027511265128850937,0.2430148720741272,0.25359559059143066
rosenbrock,1.9287498479639178e-22,2,cholesky,5,ode_transport,8192,0.02,1000,5,rosenbrock,611,0.35298800468444824,-50.780670166015625,1.09931480884552,80,0.5064948797225952,0.203455850481987,0.21238429844379425,0.41235387325286865
rosenbrock,1.9287498479639178e-22,2,cholesky,5,ode_transport,8192,0.02,1000,5,rosenbrock,612,0.33243799209594727,-50.76509094238281,0.6813945770263672,74,0.38713663816452026,0.09427347034215927,0.22958076000213623,0.2971194386482239
rosenbrock,1.9287498479639178e-22,2,cholesky,5,ode_transport,8192,0.02,1000,5,rosenbrock,613,0.363084077835083,-50.79344177246094,0.938169002532959,74,0.5653342008590698,0.1342286914587021,0.1767973005771637,0.519930899143219
rosenbrock,1.9287498479639178e-22,2,cholesky,5,ode_transport,8192,0.02,1000,5,rosenbrock,614,0.3836212158203125,-50.76194763183594,0.7221255898475647,80,0.5561552047729492,0.1636647880077362,0.2675575017929077,0.45927709341049194
rosenbrock,1.9287498479639178e-22,2,cholesky,5,ode_transport,8192,0.02,1000,5,rosenbrock,615,0.3460350036621094,-50.77290344238281,0.7611743211746216,74,0.5673823952674866,0.25567764043807983,0.23566646873950958,0.44834479689598083
rosenbrock,1.9287498479639178e-22,2,cholesky,5,ode_transport,8192,0.02,1000,5,rosenbrock,616,0.35311293601989746,-50.775840759277344,0.7730222344398499,80,0.3700934648513794,0.021054113283753395,0.24741342663764954,0.2744311988353729
rosenbrock,1.9287498479639178e-22,2,cholesky,5,ode_transport,8192,0.02,1000,5,rosenbrock,617,0.3629271984100342,-50.767982482910156,0.6225351691246033,80,0.3766999840736389,0.08780039846897125,0.18242040276527405,0.3176739513874054
rosenbrock,1.9287498479639178e-22,2,cholesky,5,ode_transport,8192,0.02,1000,5,rosenbrock,618,0.3594222068786621,-50.773963928222656,0.7478061318397522,80,0.7987170815467834,0.6689276099205017,0.33500954508781433,0.279738187789917
rosenbrock,1.9287498479639178e-22,2,cholesky,5,ode_transport,8192,0.02,1000,5,rosenbrock,619,0.3632631301879883,-50.761077880859375,0.5584467053413391,74,0.3438009023666382,0.09814625233411789,0.1422387659549713,0.2972111999988556
rosenbrock,1.9287498479639178e-22,2,cholesky,5,ode_transport,8192,0.02,1000,5,rosenbrock,620,0.3274538516998291,-50.755714416503906,0.6798998713493347,74,0.579096257686615,0.47013381123542786,0.19072258472442627,0.2791979908943176
rosenbrock,1.9287498479639178e-22,2,cholesky,5,ode_transport,8192,0.02,1000,5,rosenbrock,621,0.3619508743286133,-50.758888244628906,0.6148481369018555,80,0.35694676637649536,0.06379836052656174,0.19579894840717316,0.29155364632606506
rosenbrock,1.9287498479639178e-22,2,cholesky,5,ode_transport,8192,0.02,1000,5,rosenbrock,622,0.3238399028778076,-50.76802062988281,0.7218429446220398,74,0.46899521350860596,0.08584913611412048,0.28940802812576294,0.35892820358276367
rosenbrock,1.9287498479639178e-22,2,cholesky,5,ode_transport,8192,0.02,1000,5,rosenbrock,623,0.3377950191497803,-50.77821731567383,0.8151943683624268,74,0.41858136653900146,0.07268503308296204,0.21129558980464935,0.3539511561393738
rosenbrock,1.9287498479639178e-22,2,cholesky,5,ode_transport,8192,0.02,1000,5,rosenbrock,624,0.33602213859558105,-50.75537109375,0.6647343635559082,74,0.3139760494232178,0.024086054414510727,0.20418405532836914,0.23729661107063293
rosenbrock,1.9287498479639178e-22,2,cholesky,5,ode_transport,8192,0.02,1000,5,rosenbrock,625,0.33376479148864746,-50.76371765136719,0.5824965238571167,74,0.5174646377563477,0.26097333431243896,0.26807472109794617,0.3574892282485962
rosenbrock,1.9287498479639178e-22,2,cholesky,5,ode_transport,8192,0.02,1000,5,rosenbrock,626,0.3314812183380127,-50.766849517822266,0.6545376181602478,74,0.3402405083179474,0.035244449973106384,0.11784500628709793,0.31722861528396606
rosenbrock,1.9287498479639178e-22,2,cholesky,5,ode_transport,8192,0.02,1000,5,rosenbrock,627,0.35025691986083984,-50.7731819152832,0.7253614664077759,74,0.4266037046909332,0.13762545585632324,0.2266446202993393,0.33418887853622437
rosenbrock,1.9287498479639178e-22,2,cholesky,5,ode_transport,8192,0.02,1000,5,rosenbrock,628,0.3626289367675781,-50.76365661621094,0.7358278632164001,80,0.6164621114730835,0.37864330410957336,0.3792992830276489,0.3046093285083771
rosenbrock,1.9287498479639178e-22,2,cholesky,5,ode_transport,8192,0.02,1000,5,rosenbrock,629,0.35719895362854004,-50.759761810302734,0.585527777671814,80,0.4401978552341461,0.20629483461380005,0.13505209982395172,0.3646608591079712
rosenbrock,1.9287498479639178e-22,2,cholesky,5,ode_transport,8192,0.02,1000,5,rosenbrock,630,0.35532212257385254,-50.761009216308594,0.7832634449005127,74,0.3238236904144287,0.038348495960235596,0.11266975849866867,0.30115893483161926
rosenbrock,1.9287498479639178e-22,2,cholesky,5,ode_transport,8192,0.02,1000,5,rosenbrock,631,0.36368298530578613,-50.75681686401367,0.6457822322845459,80,0.2037702053785324,0.03361826390028,0.15377545356750488,0.12940329313278198
rosenbrock,1.9287498479639178e-22,2,cholesky,5,ode_transport,8192,0.02,1000,5,rosenbrock,632,0.38339686393737793,-50.75393295288086,0.6108325123786926,80,0.4063084125518799,0.13159601390361786,0.12881556153297424,0.3621816635131836
rosenbrock,1.9287498479639178e-22,2,cholesky,5,ode_transport,8192,0.02,1000,5,rosenbrock,633,0.3690943717956543,-50.748470306396484,0.5564796328544617,74,0.2830110788345337,0.04149303957819939,0.0890149399638176,0.26542410254478455
rosenbrock,1.9287498479639178e-22,2,cholesky,5,ode_transport,8192,0.02,1000,5,rosenbrock,634,0.38869571685791016,-50.76029586791992,0.6080186367034912,92,0.3659207820892334,0.09665895998477936,0.15063905715942383,0.31915974617004395
rosenbrock,1.9287498479639178e-22,2,cholesky,5,ode_transport,8192,0.02,1000,5,rosenbrock,635,0.32218098640441895,-50.756656646728516,0.6466661691665649,80,0.2940431833267212,0.10797494649887085,0.12309006601572037,0.2442368119955063
rosenbrock,1.9287498479639178e-22,2,cholesky,5,ode_transport,8192,0.02,1000,5,rosenbrock,636,0.351301908493042,-50.77398681640625,0.6273406744003296,80,0.8401736617088318,0.6387615203857422,0.2889288365840912,0.46302875876426697
rosenbrock,1.9287498479639178e-22,2,cholesky,5,ode_transport,8192,0.02,1000,5,rosenbrock,637,0.37293481826782227,-50.76921844482422,0.8164603114128113,74,0.4541461765766144,0.026283200830221176,0.14902417361736298,0.4281935691833496
rosenbrock,1.9287498479639178e-22,2,cholesky,5,ode_transport,8192,0.02,1000,5,rosenbrock,638,0.42365097999572754,-50.762550354003906,0.6450526118278503,80,0.35323038697242737,0.026537736877799034,0.22221630811691284,0.27328991889953613
rosenbrock,1.9287498479639178e-22,2,cholesky,5,ode_transport,8192,0.02,1000,5,rosenbrock,639,0.40923190116882324,-50.75159454345703,0.4796655476093292,80,0.2807430624961853,0.0817006528377533,0.08768091350793839,0.2538773715496063
rosenbrock,1.9287498479639178e-22,2,cholesky,5,ode_transport,8192,0.02,1000,5,rosenbrock,640,0.35286998748779297,-50.74898147583008,0.6513603925704956,80,0.40689918398857117,0.10915906727313995,0.21236532926559448,0.3294726312160492
rosenbrock,1.9287498479639178e-22,2,cholesky,5,ode_transport,8192,0.02,1000,5,rosenbrock,641,0.41263508796691895,-50.75625228881836,0.6361821293830872,92,0.36349624395370483,0.16470719873905182,0.15964023768901825,0.28198590874671936
rosenbrock,1.9287498479639178e-22,2,cholesky,5,ode_transport,8192,0.02,1000,5,rosenbrock,642,0.35616207122802734,-50.75511169433594,0.6714672446250916,80,0.38485363125801086,0.13594603538513184,0.14056825637817383,0.331468790769577
rosenbrock,1.9287498479639178e-22,2,cholesky,5,ode_transport,8192,0.02,1000,5,rosenbrock,643,0.3793931007385254,-50.75969314575195,0.6687034964561462,86,0.3227614760398865,0.05678131803870201,0.1400448977947235,0.2851986289024353
rosenbrock,1.9287498479639178e-22,2,cholesky,5,ode_transport,8192,0.02,1000,5,rosenbrock,644,0.3838536739349365,-50.75593948364258,0.4855417311191559,80,0.33199286460876465,0.08846292644739151,0.12458248436450958,0.2947418987751007
rosenbrock,1.9287498479639178e-22,2,cholesky,5,ode_transport,8192,0.02,1000,5,rosenbrock,645,0.3284909725189209,-50.75905227661133,0.5809941291809082,74,0.3630651533603668,0.052794910967350006,0.2182493507862091,0.28530022501945496
rosenbrock,1.9287498479639178e-22,2,cholesky,5,ode_transport,8192,0.02,1000,5,rosenbrock,646,0.3192470073699951,-50.75191879272461,0.6960222721099854,74,0.34819015860557556,0.026314614340662956,0.19360895454883575,0.2882004380226135
rosenbrock,1.9287498479639178e-22,2,cholesky,5,ode_transport,8192,0.02,1000,5,rosenbrock,647,0.32996606826782227,-50.74738311767578,0.6570155024528503,74,0.2723511755466461,0.03847380355000496,0.12725913524627686,0.23769736289978027
rosenbrock,1.9287498479639178e-22,2,cholesky,5,ode_transport,8192,0.02,1000,5,rosenbrock,648,0.341900110244751,-50.74139404296875,0.45475009083747864,80,0.4908409118652344,0.31549763679504395,0.14914949238300323,0.34516724944114685
rosenbrock,1.9287498479639178e-22,2,cholesky,5,ode_transport,8192,0.02,1000,5,rosenbrock,649,0.370560884475708,-50.74372100830078,0.503179669380188,74,0.5022040009498596,0.27528756856918335,0.218715101480484,0.3585934340953827
rosenbrock,1.9287498479639178e-22,2,cholesky,5,ode_transport,8192,0.02,1000,5,rosenbrock,650,0.35966992378234863,-50.76313400268555,0.8404953479766846,80,0.7244048714637756,0.4470013678073883,0.3220045268535614,0.47038841247558594
rosenbrock,1.9287498479639178e-22,2,cholesky,5,ode_transport,8192,0.02,1000,5,rosenbrock,651,0.42281413078308105,-50.74972152709961,0.5429370403289795,92,0.44052743911743164,0.20591479539871216,0.2773050367832184,0.2734326720237732
rosenbrock,1.9287498479639178e-22,2,cholesky,5,ode_transport,8192,0.02,1000,5,rosenbrock,652,0.31790900230407715,-50.74555969238281,0.5218162536621094,74,0.2690483629703522,0.09827982634305954,0.13092084228992462,0.2135130763053894
rosenbrock,1.9287498479639178e-22,2,cholesky,5,ode_transport,8192,0.02,1000,5,rosenbrock,653,0.3136279582977295,-50.73905563354492,0.45686063170433044,74,0.3496840298175812,0.2167455554008484,0.2114804983139038,0.17486074566841125
rosenbrock,1.9287498479639178e-22,2,cholesky,5,ode_transport,8192,0.02,1000,5,rosenbrock,654,0.3243520259857178,-50.74356460571289,0.5419336557388306,80,0.8359724879264832,0.6000099182128906,0.2629207670688629,0.5193368792533875
rosenbrock,1.9287498479639178e-22,2,cholesky,5,ode_transport,8192,0.02,1000,5,rosenbrock,655,0.32741498947143555,-50.75319290161133,0.5926358699798584,80,0.2456997185945511,0.036776479333639145,0.14319509267807007,0.19624221324920654
rosenbrock,1.9287498479639178e-22,2,cholesky,5,ode_transport,8192,0.02,1000,5,rosenbrock,656,0.3453381061553955,-50.751670837402344,0.5985736846923828,80,0.35684317350387573,0.08073019981384277,0.11374612152576447,0.3284531831741333
rosenbrock,1.9287498479639178e-22,2,cholesky,5,ode_transport,8192,0.02,1000,5,rosenbrock,657,0.3537771701812744,-50.74055862426758,0.48263487219810486,80,0.24615709483623505,0.06489230692386627,0.1075824648141861,0.21167975664138794
rosenbrock,1.9287498479639178e-22,2,cholesky,5,ode_transport,8192,0.02,1000,5,rosenbrock,658,0.3377039432525635,-50.75652313232422,0.5769025087356567,74,0.4065452516078949,0.2087889313697815,0.14861264824867249,0.31559544801712036
rosenbrock,1.9287498479639178e-22,2,cholesky,5,ode_transport,8192,0.02,1000,5,rosenbrock,659,0.3104569911956787,-50.75114440917969,0.6663002371788025,74,0.2905568480491638,0.10520343482494354,0.0940893143415451,0.2539738416671753
rosenbrock,1.9287498479639178e-22,2,cholesky,5,ode_transport,8192,0.02,1000,5,rosenbrock,660,0.32803916931152344,-50.74692153930664,0.5703752040863037,74,0.21813064813613892,0.028649916872382164,0.12681478261947632,0.17515186965465546
rosenbrock,1.9287498479639178e-22,2,cholesky,5,ode_transport,8192,0.02,1000,5,rosenbrock,661,0.3119029998779297,-50.74626541137695,0.5140274167060852,80,0.23193494975566864,0.062054116278886795,0.11479151993989944,0.19174465537071228
rosenbrock,1.9287498479639178e-22,2,cholesky,5,ode_transport,8192,0.02,1000,5,rosenbrock,662,0.33961915969848633,-50.7497673034668,0.6033204197883606,80,0.33337533473968506,0.08457523584365845,0.1762096881866455,0.27006715536117554
rosenbrock,1.9287498479639178e-22,2,cholesky,5,ode_transport,8192,0.02,1000,5,rosenbrock,663,0.3506958484649658,-50.75114059448242,0.5672429203987122,80,0.2987525463104248,0.04113505035638809,0.1302952617406845,0.2656767666339874
rosenbrock,1.9287498479639178e-22,2,cholesky,5,ode_transport,8192,0.02,1000,5,rosenbrock,664,0.3024446964263916,-50.75392532348633,0.5546493530273438,74,0.2745093107223511,0.030370527878403664,0.10555955022573471,0.25157538056373596
rosenbrock,1.9287498479639178e-22,2,cholesky,5,ode_transport,8192,0.02,1000,5,rosenbrock,665,0.36979079246520996,-50.753570556640625,0.5953044891357422,86,0.33862951397895813,0.03988372161984444,0.12660303711891174,0.3115299344062805
rosenbrock,1.9287498479639178e-22,2,cholesky,5,ode_transport,8192,0.02,1000,5,rosenbrock,666,0.3239738941192627,-50.75229263305664,0.4947715699672699,80,1.2656959295272827,0.9286775588989258,0.4428984820842743,0.7371464967727661
rosenbrock,1.9287498479639178e-22,2,cholesky,5,ode_transport,8192,0.02,1000,5,rosenbrock,667,0.3038620948791504,-50.736968994140625,0.47607165575027466,74,0.2584885358810425,0.054194964468479156,0.14775626361370087,0.2050544023513794
rosenbrock,1.9287498479639178e-22,2,cholesky,5,ode_transport,8192,0.02,1000,5,rosenbrock,668,0.38701581954956055,-50.74849319458008,0.5680617094039917,86,1.9036955833435059,1.6559358835220337,0.7091916799545288,0.6156144142150879
rosenbrock,1.9287498479639178e-22,2,cholesky,5,ode_transport,8192,0.02,1000,5,rosenbrock,669,0.3272440433502197,-50.74958801269531,0.5405600666999817,80,0.41651198267936707,0.27903521060943604,0.1928730309009552,0.24170559644699097
rosenbrock,1.9287498479639178e-22,2,cholesky,5,ode_transport,8192,0.02,1000,5,rosenbrock,670,0.3084871768951416,-50.74943161010742,0.6622341275215149,74,0.3306210935115814,0.06259648501873016,0.18963830173015594,0.26349443197250366
rosenbrock,1.9287498479639178e-22,2,cholesky,5,ode_transport,8192,0.02,1000,5,rosenbrock,671,0.29146599769592285,-50.75114059448242,0.7108026146888733,74,0.3875451683998108,0.06067117676138878,0.22557345032691956,0.30923599004745483
rosenbrock,1.9287498479639178e-22,2,cholesky,5,ode_transport,8192,0.02,1000,5,rosenbrock,672,0.3786458969116211,-50.75331497192383,0.5870742797851562,80,0.2976592779159546,0.09728297591209412,0.0995427668094635,0.26311272382736206
rosenbrock,1.9287498479639178e-22,2,cholesky,5,ode_transport,8192,0.02,1000,5,rosenbrock,673,0.31737780570983887,-50.737091064453125,0.5656514167785645,80,0.32157522439956665,0.050464849919080734,0.2542003393173218,0.1903841197490692
rosenbrock,1.9287498479639178e-22,2,cholesky,5,ode_transport,8192,0.02,1000,5,rosenbrock,674,0.32510900497436523,-50.74574661254883,0.6429182887077332,80,0.4243210554122925,0.13881543278694153,0.1824548840522766,0.3570558428764343
rosenbrock,1.9287498479639178e-22,2,cholesky,5,ode_transport,8192,0.02,1000,5,rosenbrock,675,0.37421703338623047,-50.754642486572266,0.49528446793556213,92,0.36774247884750366,0.17324095964431763,0.23871617019176483,0.21962855756282806
rosenbrock,1.9287498479639178e-22,2,cholesky,5,ode_transport,8192,0.02,1000,5,rosenbrock,676,0.3382711410522461,-50.74102783203125,0.5629362463951111,80,0.32223671674728394,0.1037827581167221,0.13432326912879944,0.2739030718803406
rosenbrock,1.9287498479639178e-22,2,cholesky,5,ode_transport,8192,0.02,1000,5,rosenbrock,677,0.3559727668762207,-50.75890350341797,0.6765068769454956,86,0.4541793465614319,0.03739737346768379,0.13689187169075012,0.431440532207489
rosenbrock,1.9287498479639178e-22,2,cholesky,5,ode_transport,8192,0.02,1000,5,rosenbrock,678,0.352628231048584,-50.7513427734375,0.7327603697776794,86,0.23783203959465027,0.03005257621407509,0.13414496183395386,0.19407741725444794
rosenbrock,1.9287498479639178e-22,2,cholesky,5,ode_transport,8192,0.02,1000,5,rosenbrock,679,0.30942320823669434,-50.75056076049805,0.5654861330986023,80,0.40768349170684814,0.13826681673526764,0.139133483171463,0.3573933243751526
rosenbrock,1.9287498479639178e-22,2,cholesky,5,ode_transport,8192,0.02,1000,5,rosenbrock,680,0.33251094818115234,-50.749778747558594,0.5800951719284058,80,0.291116863489151,0.024704894050955772,0.15856952965259552,0.24288761615753174
rosenbrock,1.9287498479639178e-22,2,cholesky,5,ode_transport,8192,0.02,1000,5,rosenbrock,681,0.4141080379486084,-50.74656677246094,0.6021486520767212,92,0.4701840281486511,0.1452421098947525,0.17322473227977753,0.41227537393569946
rosenbrock,1.9287498479639178e-22,2,cholesky,5,ode_transport,8192,0.02,1000,5,rosenbrock,682,0.34711790084838867,-50.74349594116211,0.5037805438041687,74,0.21898317337036133,0.07134567201137543,0.09302742779254913,0.1849576234817505
rosenbrock,1.9287498479639178e-22,2,cholesky,5,ode_transport,8192,0.02,1000,5,rosenbrock,683,0.330233097076416,-50.73822784423828,0.48689115047454834,80,0.24532988667488098,0.05359649285674095,0.15491989254951477,0.18252120912075043
rosenbrock,1.9287498479639178e-22,2,cholesky,5,ode_transport,8192,0.02,1000,5,rosenbrock,684,0.39522504806518555,-50.73768997192383,0.4392048418521881,80,0.4712698459625244,0.2950054705142975,0.1385369896888733,0.3404035270214081
rosenbrock,1.9287498479639178e-22,2,cholesky,5,ode_transport,8192,0.02,1000,5,rosenbrock,685,0.3403630256652832,-50.74443817138672,0.48694175481796265,80,0.3088406026363373,0.15755131840705872,0.2030191719532013,0.17129893600940704
rosenbrock,1.9287498479639178e-22,2,cholesky,5,ode_transport,8192,0.02,1000,5,rosenbrock,686,0.35199785232543945,-50.76095199584961,0.6756963133811951,74,0.35092893242836,0.12838788330554962,0.14763259887695312,0.29132845997810364
rosenbrock,1.9287498479639178e-22,2,cholesky,5,ode_transport,8192,0.02,1000,5,rosenbrock,687,0.30382680892944336,-50.74600601196289,0.5149950385093689,74,0.5501860976219177,0.36693182587623596,0.21801918745040894,0.3471791744232178
rosenbrock,1.9287498479639178e-22,2,cholesky,5,ode_transport,8192,0.02,1000,5,rosenbrock,688,0.3295869827270508,-50.7481803894043,0.645273745059967,80,0.21225790679454803,0.03395244851708412,0.09414353966712952,0.1871834546327591
rosenbrock,1.9287498479639178e-22,2,cholesky,5,ode_transport,8192,0.02,1000,5,rosenbrock,689,0.3017611503601074,-50.74092483520508,0.5414794087409973,68,0.2115388810634613,0.10481898486614227,0.15666303038597107,0.09601235389709473
rosenbrock,1.9287498479639178e-22,2,cholesky,5,ode_transport,8192,0.02,1000,5,rosenbrock,690,0.39612698554992676,-50.739803314208984,0.6006007194519043,86,0.2923506498336792,0.015760431066155434,0.13412705063819885,0.25928831100463867
rosenbrock,1.9287498479639178e-22,2,cholesky,5,ode_transport,8192,0.02,1000,5,rosenbrock,691,0.33116698265075684,-50.731781005859375,0.43622469902038574,80,0.21431683003902435,0.07504836469888687,0.08279214799404144,0.1828794926404953
rosenbrock,1.9287498479639178e-22,2,cholesky,5,ode_transport,8192,0.02,1000,5,rosenbrock,692,0.353971004486084,-50.74065399169922,0.5254935026168823,80,0.2832536995410919,0.08660711348056793,0.12983745336532593,0.2363770455121994
rosenbrock,1.9287498479639178e-22,2,cholesky,5,ode_transport,8192,0.02,1000,5,rosenbrock,693,0.33599090576171875,-50.74473571777344,0.4787886142730713,80,0.3294241726398468,0.1006113812327385,0.16070765256881714,0.26938948035240173
rosenbrock,1.9287498479639178e-22,2,cholesky,5,ode_transport,8192,0.02,1000,5,rosenbrock,694,0.3297698497772217,-50.74235916137695,0.5316698551177979,80,1.0243953466415405,0.8606359362602234,0.4550158977508545,0.31882938742637634
rosenbrock,1.9287498479639178e-22,2,cholesky,5,ode_transport,8192,0.02,1000,5,rosenbrock,695,0.3224368095397949,-50.74245834350586,0.47453993558883667,80,0.608500063419342,0.497711181640625,0.22158294916152954,0.27102938294410706
rosenbrock,1.9287498479639178e-22,2,cholesky,5,ode_transport,8192,0.02,1000,5,rosenbrock,696,0.3281879425048828,-50.74595642089844,0.4835194945335388,80,0.7044718265533447,0.6154640316963196,0.26948627829551697,0.21180586516857147
rosenbrock,1.9287498479639178e-22,2,cholesky,5,ode_transport,8192,0.02,1000,5,rosenbrock,697,0.3063030242919922,-50.7407112121582,0.48265311121940613,74,0.6072604060173035,0.37581682205200195,0.2421388030052185,0.41096919775009155
rosenbrock,1.9287498479639178e-22,2,cholesky,5,ode_transport,8192,0.02,1000,5,rosenbrock,698,0.3414762020111084,-50.74672317504883,0.619351863861084,86,0.6253480911254883,0.30626800656318665,0.24070143699645996,0.489206463098526
rosenbrock,1.9287498479639178e-22,2,cholesky,5,ode_transport,8192,0.02,1000,5,rosenbrock,699,0.35677218437194824,-50.73706817626953,0.7640966773033142,86,0.37122422456741333,0.021001923829317093,0.20904767513275146,0.30604806542396545
rosenbrock,1.9287498479639178e-22,2,cholesky,5,ode_transport,8192,0.02,1000,5,rosenbrock,700,0.3148648738861084,-50.736183166503906,0.527400553226471,80,0.2924068570137024,0.08996327966451645,0.14606338739395142,0.23679925501346588
rosenbrock,1.9287498479639178e-22,2,cholesky,5,ode_transport,8192,0.02,1000,5,rosenbrock,701,0.3652310371398926,-50.739768981933594,0.42488178610801697,92,0.21187694370746613,0.10280313342809677,0.11037901043891907,0.14879462122917175
rosenbrock,1.9287498479639178e-22,2,cholesky,5,ode_transport,8192,0.02,1000,5,rosenbrock,702,0.3819739818572998,-50.74917984008789,0.6632974147796631,92,0.3795979917049408,0.16208118200302124,0.22554589807987213,0.2587535083293915
rosenbrock,1.9287498479639178e-22,2,cholesky,5,ode_transport,8192,0.02,1000,5,rosenbrock,703,0.36012887954711914,-50.74853515625,0.516235888004303,86,0.24994316697120667,0.017830898985266685,0.15920390188694,0.19185347855091095
rosenbrock,1.9287498479639178e-22,2,cholesky,5,ode_transport,8192,0.02,1000,5,rosenbrock,704,0.37960386276245117,-50.73950958251953,0.5408828854560852,98,0.4438382089138031,0.2489956021308899,0.23154862225055695,0.28526970744132996
rosenbrock,1.9287498479639178e-22,2,cholesky,5,ode_transport,8192,0.02,1000,5,rosenbrock,705,0.3144419193267822,-50.73680114746094,0.4706721007823944,80,0.2994256615638733,0.04184882715344429,0.19078820943832397,0.22694548964500427
rosenbrock,1.9287498479639178e-22,2,cholesky,5,ode_transport,8192,0.02,1000,5,rosenbrock,706,0.32012391090393066,-50.74443817138672,0.6035722494125366,74,0.2495322823524475,0.015904681757092476,0.12342063337564468,0.21628856658935547
rosenbrock,1.9287498479639178e-22,2,cholesky,5,ode_transport,8192,0.02,1000,5,rosenbrock,707,0.4214589595794678,-50.7403564453125,0.506782591342926,98,0.3089280426502228,0.009406326338648796,0.20482638478279114,0.23107187449932098
rosenbrock,1.9287498479639178e-22,2,cholesky,5,ode_transport,8192,0.02,1000,5,rosenbrock,708,0.3290591239929199,-50.72998809814453,0.48433718085289,74,0.2955145537853241,0.12884046137332916,0.13141269981861115,0.2312135100364685
rosenbrock,1.9287498479639178e-22,2,cholesky,5,ode_transport,8192,0.02,1000,5,rosenbrock,709,0.3330550193786621,-50.729854583740234,0.5516101121902466,80,0.36175811290740967,0.19207337498664856,0.1513063907623291,0.2666141390800476
rosenbrock,1.9287498479639178e-22,2,cholesky,5,ode_transport,8192,0.02,1000,5,rosenbrock,710,0.316591739654541,-50.748958587646484,0.6654078364372253,74,0.3742499351501465,0.14366856217384338,0.17349521815776825,0.29886749386787415
rosenbrock,1.9287498479639178e-22,2,cholesky,5,ode_transport,8192,0.02,1000,5,rosenbrock,711,0.3058350086212158,-50.74415588378906,0.511314332485199,74,0.22642214596271515,0.06155943498015404,0.11225903779268265,0.1867493838071823
rosenbrock,1.9287498479639178e-22,2,cholesky,5,ode_transport,8192,0.02,1000,5,rosenbrock,712,0.30445170402526855,-50.727203369140625,0.5067307353019714,74,0.29882726073265076,0.12441958487033844,0.13261286914348602,0.23713144659996033
rosenbrock,1.9287498479639178e-22,2,cholesky,5,ode_transport,8192,0.02,1000,5,rosenbrock,713,0.33669590950012207,-50.73563003540039,0.44845449924468994,86,0.2317018359899521,0.09814699739217758,0.11764246225357056,0.17381933331489563
rosenbrock,1.9287498479639178e-22,2,cholesky,5,ode_transport,8192,0.02,1000,5,rosenbrock,714,0.35409021377563477,-50.735103607177734,0.5666414499282837,86,0.26212912797927856,0.026614263653755188,0.1639178991317749,0.20281587541103363
rosenbrock,1.9287498479639178e-22,2,cholesky,5,ode_transport,8192,0.02,1000,5,rosenbrock,715,0.31381893157958984,-50.72572326660156,0.4496481418609619,74,0.21619686484336853,0.10764449834823608,0.07893440127372742,0.1700679510831833
rosenbrock,1.9287498479639178e-22,2,cholesky,5,ode_transport,8192,0.02,1000,5,rosenbrock,716,0.333345890045166,-50.73731994628906,0.5797830820083618,74,0.3634721338748932,0.022677099332213402,0.2118881791830063,0.2944505512714386
rosenbrock,1.9287498479639178e-22,2,cholesky,5,ode_transport,8192,0.02,1000,5,rosenbrock,717,0.37655186653137207,-50.74778747558594,0.5972132682800293,92,0.2587791681289673,0.07836636155843735,0.13526585698127747,0.20622441172599792
rosenbrock,1.9287498479639178e-22,2,cholesky,5,ode_transport,8192,0.02,1000,5,rosenbrock,718,0.28299975395202637,-50.747093200683594,0.6008126735687256,68,1.756361484527588,1.5515861511230469,0.6565901041030884,0.4962613582611084
rosenbrock,1.9287498479639178e-22,2,cholesky,5,ode_transport,8192,0.02,1000,5,rosenbrock,719,0.3374450206756592,-50.74005126953125,0.5455224514007568,80,0.22518087923526764,0.04387647286057472,0.1285737007856369,0.1795831024646759
rosenbrock,1.9287498479639178e-22,2,cholesky,5,ode_transport,8192,0.02,1000,5,rosenbrock,720,0.41046977043151855,-50.747276306152344,0.6899747252464294,80,0.41993778944015503,0.1630416214466095,0.19221729040145874,0.3358834385871887
rosenbrock,1.9287498479639178e-22,2,cholesky,5,ode_transport,8192,0.02,1000,5,rosenbrock,721,0.35990405082702637,-50.7360954284668,0.47098490595817566,74,0.4284273684024811,0.36389896273612976,0.19761456549167633,0.10989104211330414
rosenbrock,1.9287498479639178e-22,2,cholesky,5,ode_transport,8192,0.02,1000,5,rosenbrock,722,0.31229710578918457,-50.735084533691406,0.49858689308166504,74,0.2330598682165146,0.025867586955428123,0.11060972511768341,0.20350246131420135
rosenbrock,1.9287498479639178e-22,2,cholesky,5,ode_transport,8192,0.02,1000,5,rosenbrock,723,0.30136704444885254,-50.731658935546875,0.5024528503417969,74,0.40671876072883606,0.31862562894821167,0.17566435039043427,0.1817687749862671
rosenbrock,1.9287498479639178e-22,2,cholesky,5,ode_transport,8192,0.02,1000,5,rosenbrock,724,0.4174339771270752,-50.73698425292969,0.46921655535697937,98,0.28508180379867554,0.0564734973013401,0.09496477246284485,0.2628004252910614
rosenbrock,1.9287498479639178e-22,2,cholesky,5,ode_transport,8192,0.02,1000,5,rosenbrock,725,0.3625202178955078,-50.738487243652344,0.6075760722160339,74,0.24358291923999786,0.08363767713308334,0.16543394327163696,0.15801577270030975
rosenbrock,1.9287498479639178e-22,2,cholesky,5,ode_transport,8192,0.02,1000,5,rosenbrock,726,0.33049893379211426,-50.731204986572266,0.4353277087211609,74,0.49706408381462097,0.4344087243080139,0.17246069014072418,0.16917172074317932
rosenbrock,1.9287498479639178e-22,2,cholesky,5,ode_transport,8192,0.02,1000,5,rosenbrock,727,0.3712127208709717,-50.74312210083008,0.5055760145187378,92,0.3206249475479126,0.08877358585596085,0.20143641531467438,0.2331158071756363
rosenbrock,1.9287498479639178e-22,2,cholesky,5,ode_transport,8192,0.02,1000,5,rosenbrock,728,0.29531121253967285,-50.72904968261719,0.4672139585018158,68,0.9485387802124023,0.5876085162162781,0.4075208902359009,0.6231924891471863
rosenbrock,1.9287498479639178e-22,2,cholesky,5,ode_transport,8192,0.02,1000,5,rosenbrock,729,0.31588292121887207,-50.74068832397461,0.553686261177063,74,0.3225029706954956,0.03917909041047096,0.22017967700958252,0.23236626386642456
rosenbrock,1.9287498479639178e-22,2,cholesky,5,ode_transport,8192,0.02,1000,5,rosenbrock,730,0.3868229389190674,-50.7362060546875,0.4851800799369812,92,0.2638528048992157,0.047084659337997437,0.1252497434616089,0.22740675508975983
rosenbrock,1.9287498479639178e-22,2,cholesky,5,ode_transport,8192,0.02,1000,5,rosenbrock,731,0.39846110343933105,-50.736778259277344,0.5842506289482117,92,0.31427115201950073,0.08723114430904388,0.1484355926513672,0.26291435956954956
rosenbrock,1.9287498479639178e-22,2,cholesky,5,ode_transport,8192,0.02,1000,5,rosenbrock,732,0.3146359920501709,-50.73055648803711,0.48167306184768677,74,0.22596809267997742,0.12453199177980423,0.09822864830493927,0.1609487384557724
rosenbrock,1.9287498479639178e-22,2,cholesky,5,ode_transport,8192,0.02,1000,5,rosenbrock,733,0.3313720226287842,-50.7408561706543,0.5607876181602478,80,0.2725719213485718,0.052294179797172546,0.0801319107413292,0.25522467494010925
rosenbrock,1.9287498479639178e-22,2,cholesky,5,ode_transport,8192,0.02,1000,5,rosenbrock,734,0.3570070266723633,-50.738243103027344,0.47495394945144653,86,0.31123602390289307,0.06481608748435974,0.138706773519516,0.2709744870662689
rosenbrock,1.9287498479639178e-22,2,cholesky,5,ode_transport,8192,0.02,1000,5,rosenbrock,735,0.34096288681030273,-50.72761154174805,0.5274400115013123,80,0.3393038809299469,0.1436491310596466,0.16470302641391754,0.2595475912094116
rosenbrock,1.9287498479639178e-22,2,cholesky,5,ode_transport,8192,0.02,1000,5,rosenbrock,736,0.31282877922058105,-50.731449127197266,0.48584794998168945,74,0.22911950945854187,0.04913298040628433,0.10531345009803772,0.1974608302116394
rosenbrock,1.9287498479639178e-22,2,cholesky,5,ode_transport,8192,0.02,1000,5,rosenbrock,737,0.35347890853881836,-50.73977279663086,0.5789560675621033,80,0.31587687134742737,0.15814368426799774,0.14400088787078857,0.23244896531105042
rosenbrock,1.9287498479639178e-22,2,cholesky,5,ode_transport,8192,0.02,1000,5,rosenbrock,738,0.3528761863708496,-50.73365020751953,0.5514312982559204,86,0.46664905548095703,0.37636592984199524,0.2235347479581833,0.16168561577796936
rosenbrock,1.9287498479639178e-22,2,cholesky,5,ode_transport,8192,0.02,1000,5,rosenbrock,739,0.3332059383392334,-50.73957824707031,0.4453223645687103,74,0.3307507038116455,0.16418376564979553,0.10318192094564438,0.26794254779815674
rosenbrock,1.9287498479639178e-22,2,cholesky,5,ode_transport,8192,0.02,1000,5,rosenbrock,740,0.36185598373413086,-50.734230041503906,0.49007073044776917,92,0.22908231616020203,0.04864763468503952,0.09112174808979034,0.20447233319282532
rosenbrock,1.9287498479639178e-22,2,cholesky,5,ode_transport,8192,0.02,1000,5,rosenbrock,741,0.3196601867675781,-50.74322509765625,0.8427738547325134,80,0.37362685799598694,0.14285515248775482,0.15840508043766022,0.3067527711391449
rosenbrock,1.9287498479639178e-22,2,cholesky,5,ode_transport,8192,0.02,1000,5,rosenbrock,742,0.32790684700012207,-50.7376823425293,0.558495819568634,80,1.304305911064148,1.1080201864242554,0.4978933036327362,0.4749813675880432
rosenbrock,1.9287498479639178e-22,2,cholesky,5,ode_transport,8192,0.02,1000,5,rosenbrock,743,0.3667759895324707,-50.72494888305664,0.5134599804878235,86,0.384037047624588,0.11996002495288849,0.1939171850681305,0.30901479721069336
rosenbrock,1.9287498479639178e-22,2,cholesky,5,ode_transport,8192,0.02,1000,5,rosenbrock,744,0.3366520404815674,-50.73147964477539,0.49232161045074463,80,0.22401344776153564,0.12173352390527725,0.12745614349842072,0.13826753199100494
rosenbrock,1.9287498479639178e-22,2,cholesky,5,ode_transport,8192,0.02,1000,5,rosenbrock,745,0.39487195014953613,-50.74562072753906,0.5510931611061096,98,0.5271023511886597,0.0489443838596344,0.12198858708143234,0.5104508996009827
rosenbrock,1.9287498479639178e-22,2,cholesky,5,ode_transport,8192,0.02,1000,5,rosenbrock,746,0.3151721954345703,-50.73518371582031,0.4839130938053131,80,0.37088072299957275,0.20906923711299896,0.11805344372987747,0.28267642855644226
rosenbrock,1.9287498479639178e-22,2,cholesky,5,ode_transport,8192,0.02,1000,5,rosenbrock,747,0.30705904960632324,-50.72986602783203,0.41180911660194397,74,0.4901873767375946,0.341190904378891,0.17466989159584045,0.3055534064769745
rosenbrock,1.9287498479639178e-22,2,cholesky,5,ode_transport,8192,0.02,1000,5,rosenbrock,748,0.34462404251098633,-50.734962463378906,0.5041247010231018,86,0.4170735776424408,0.22821414470672607,0.22787632048130035,0.26446372270584106
rosenbrock,1.9287498479639178e-22,2,cholesky,5,ode_transport,8192,0.02,1000,5,rosenbrock,749,0.3111298084259033,-50.724178314208984,0.40308651328086853,80,0.21848413348197937,0.029203560203313828,0.13159774243831635,0.1719433069229126
rosenbrock,1.9287498479639178e-22,2,cholesky,5,ode_transport,8192,0.02,1000,5,rosenbrock,750,0.3009312152862549,-50.74245071411133,0.5381178855895996,74,0.26280805468559265,0.019747229292988777,0.17696595191955566,0.19329039752483368
rosenbrock,1.9287498479639178e-22,2,cholesky,5,ode_transport,8192,0.02,1000,5,rosenbrock,751,0.317594051361084,-50.7248420715332,0.4713815450668335,74,0.35588279366493225,0.13259011507034302,0.15806101262569427,0.28998124599456787
rosenbrock,1.9287498479639178e-22,2,cholesky,5,ode_transport,8192,0.02,1000,5,rosenbrock,752,0.31033921241760254,-50.72621154785156,0.5001484155654907,74,0.3286050260066986,0.23414382338523865,0.1696978062391281,0.15607880055904388
rosenbrock,1.9287498479639178e-22,2,cholesky,5,ode_transport,8192,0.02,1000,5,rosenbrock,753,0.310413122177124,-50.73210144042969,0.5201848745346069,74,0.4341616928577423,0.2702876329421997,0.20157670974731445,0.2735100984573364
rosenbrock,1.9287498479639178e-22,2,cholesky,5,ode_transport,8192,0.02,1000,5,rosenbrock,754,0.3022489547729492,-50.733055114746094,0.7199249267578125,68,0.24451568722724915,0.02801862172782421,0.12386590242385864,0.20895002782344818
rosenbrock,1.9287498479639178e-22,2,cholesky,5,ode_transport,8192,0.02,1000,5,rosenbrock,755,0.388080358505249,-50.72868347167969,0.49567148089408875,80,0.4872684180736542,0.30983805656433105,0.16029858589172363,0.3401988446712494
rosenbrock,1.9287498479639178e-22,2,cholesky,5,ode_transport,8192,0.02,1000,5,rosenbrock,756,0.40138697624206543,-50.728328704833984,0.4925127625465393,92,4.250008583068848,3.113459587097168,1.5910663604736328,2.416080951690674
rosenbrock,1.9287498479639178e-22,2,cholesky,5,ode_transport,8192,0.02,1000,5,rosenbrock,757,0.4088888168334961,-50.73211669921875,0.5351836681365967,86,0.31048211455345154,0.04460332170128822,0.22654640674591064,0.20757266879081726
rosenbrock,1.9287498479639178e-22,2,cholesky,5,ode_transport,8192,0.02,1000,5,rosenbrock,758,0.36968183517456055,-50.74161148071289,0.5215098857879639,80,0.3293858468532562,0.05009600147604942,0.18276460468769073,0.26941144466400146
rosenbrock,1.9287498479639178e-22,2,cholesky,5,ode_transport,8192,0.02,1000,5,rosenbrock,759,0.3561241626739502,-50.73089599609375,0.4950956106185913,80,0.353758841753006,0.22569675743579865,0.1914428323507309,0.19379352033138275
rosenbrock,1.9287498479639178e-22,2,cholesky,5,ode_transport,8192,0.02,1000,5,rosenbrock,760,0.41617894172668457,-50.73865509033203,0.6514927744865417,74,0.3085809648036957,0.1839675009250641,0.16671259701251984,0.18326234817504883
rosenbrock,1.9287498479639178e-22,2,cholesky,5,ode_transport,8192,0.02,1000,5,rosenbrock,761,0.4345130920410156,-50.727657318115234,0.4704512357711792,86,0.4351474940776825,0.20776057243347168,0.1874353140592575,0.333251953125
rosenbrock,1.9287498479639178e-22,2,cholesky,5,ode_transport,8192,0.02,1000,5,rosenbrock,762,0.3505270481109619,-50.739994049072266,0.6587965488433838,80,0.44084274768829346,0.3705410957336426,0.19583681225776672,0.13670988380908966
rosenbrock,1.9287498479639178e-22,2,cholesky,5,ode_transport,8192,0.02,1000,5,rosenbrock,763,0.33503007888793945,-50.73933792114258,0.5375353693962097,74,0.18025587499141693,0.02458583563566208,0.1119115948677063,0.13915283977985382
rosenbrock,1.9287498479639178e-22,2,cholesky,5,ode_transport,8192,0.02,1000,5,rosenbrock,764,0.3682560920715332,-50.73935317993164,0.4867513179779053,74,0.6874295473098755,0.5605742335319519,0.3010907769203186,0.2601158618927002
rosenbrock,1.9287498479639178e-22,2,cholesky,5,ode_transport,8192,0.02,1000,5,rosenbrock,765,0.504176139831543,-50.7222900390625,0.509669303894043,74,0.23205238580703735,0.057434894144535065,0.0968766063451767,0.2028902918100357
rosenbrock,1.9287498479639178e-22,2,cholesky,5,ode_transport,8192,0.02,1000,5,rosenbrock,766,0.41820383071899414,-50.731475830078125,0.4549207389354706,80,0.2461787611246109,0.032321423292160034,0.1254730522632599,0.20932228863239288
rosenbrock,1.9287498479639178e-22,2,cholesky,5,ode_transport,8192,0.02,1000,5,rosenbrock,767,0.35774779319763184,-50.7341194152832,0.5104823112487793,74,0.22402292490005493,0.019298290833830833,0.1194167509675026,0.18855631351470947
rosenbrock,1.9287498479639178e-22,2,cholesky,5,ode_transport,8192,0.02,1000,5,rosenbrock,768,0.37104201316833496,-50.733699798583984,0.4198107123374939,80,0.2377702295780182,0.016786111518740654,0.16640043258666992,0.1690082997083664
rosenbrock,1.9287498479639178e-22,2,cholesky,5,ode_transport,8192,0.02,1000,5,rosenbrock,769,0.3704240322113037,-50.727535247802734,0.3748493790626526,74,0.299386203289032,0.16835977137088776,0.15471363067626953,0.1932634860277176
rosenbrock,1.9287498479639178e-22,2,cholesky,5,ode_transport,8192,0.02,1000,5,rosenbrock,770,0.3483598232269287,-50.72665023803711,0.44057559967041016,74,0.23090168833732605,0.015624244697391987,0.1612922102212906,0.16448797285556793
rosenbrock,1.9287498479639178e-22,2,cholesky,5,ode_transport,8192,0.02,1000,5,rosenbrock,771,0.3574652671813965,-50.73062515258789,0.523865818977356,80,0.21212512254714966,0.026977350935339928,0.10015030950307846,0.18503837287425995
rosenbrock,1.9287498479639178e-22,2,cholesky,5,ode_transport,8192,0.02,1000,5,rosenbrock,772,0.33699512481689453,-50.72084426879883,0.4510437846183777,74,0.36880001425743103,0.024508044123649597,0.1410413533449173,0.3398825526237488
rosenbrock,1.9287498479639178e-22,2,cholesky,5,ode_transport,8192,0.02,1000,5,rosenbrock,773,0.35465002059936523,-50.722389221191406,0.43682199716567993,80,0.29049423336982727,0.06777497380971909,0.08534404635429382,0.26927649974823
rosenbrock,1.9287498479639178e-22,2,cholesky,5,ode_transport,8192,0.02,1000,5,rosenbrock,774,0.36170196533203125,-50.73650360107422,0.5123516917228699,86,0.27274826169013977,0.09383731335401535,0.14634329080581665,0.21016614139080048
rosenbrock,1.9287498479639178e-22,2,cholesky,5,ode_transport,8192,0.02,1000,5,rosenbrock,775,0.3243529796600342,-50.7293586730957,0.449760377407074,74,0.20413990318775177,0.02129393257200718,0.09864088147878647,0.17745323479175568
rosenbrock,1.9287498479639178e-22,2,cholesky,5,ode_transport,8192,0.02,1000,5,rosenbrock,776,0.4064950942993164,-50.7318000793457,0.5207183957099915,74,0.2559354603290558,0.09236253052949905,0.11473694443702698,0.20930255949497223
rosenbrock,1.9287498479639178e-22,2,cholesky,5,ode_transport,8192,0.02,1000,5,rosenbrock,777,0.35909199714660645,-50.72557067871094,0.5051578879356384,80,0.2653786242008209,0.05393146723508835,0.14112263917922974,0.218177929520607
rosenbrock,1.9287498479639178e-22,2,cholesky,5,ode_transport,8192,0.02,1000,5,rosenbrock,778,0.47470879554748535,-50.72711181640625,0.4589054584503174,104,2.7193150520324707,2.3902347087860107,1.0434551239013672,0.7698403000831604
rosenbrock,1.9287498479639178e-22,2,cholesky,5,ode_transport,8192,0.02,1000,5,rosenbrock,779,0.33792805671691895,-50.73178482055664,0.4634872078895569,68,2.088996171951294,1.8177928924560547,0.6893394589424133,0.7644246816635132
rosenbrock,1.9287498479639178e-22,2,cholesky,5,ode_transport,8192,0.02,1000,5,rosenbrock,780,0.43469786643981934,-50.731414794921875,0.45546188950538635,98,0.40886208415031433,0.16360223293304443,0.2049487680196762,0.3136853575706482
rosenbrock,1.9287498479639178e-22,2,cholesky,5,ode_transport,8192,0.02,1000,5,rosenbrock,781,0.3513178825378418,-50.73265838623047,0.5001806020736694,74,0.4813285768032074,0.4076811671257019,0.16904880106449127,0.19208267331123352
rosenbrock,1.9287498479639178e-22,2,cholesky,5,ode_transport,8192,0.02,1000,5,rosenbrock,782,0.4184262752532959,-50.735939025878906,0.7002238035202026,92,0.31312689185142517,0.07604019343852997,0.13071618974208832,0.2741889953613281
rosenbrock,1.9287498479639178e-22,2,cholesky,5,ode_transport,8192,0.02,1000,5,rosenbrock,783,0.3754401206970215,-50.72725296020508,0.4508313238620758,80,0.22379055619239807,0.012442522682249546,0.12945784628391266,0.18212102353572845
rosenbrock,1.9287498479639178e-22,2,cholesky,5,ode_transport,8192,0.02,1000,5,rosenbrock,784,0.38712382316589355,-50.72483825683594,0.5363878011703491,92,0.40117302536964417,0.04316304624080658,0.1213931143283844,0.37992164492607117
rosenbrock,1.9287498479639178e-22,2,cholesky,5,ode_transport,8192,0.02,1000,5,rosenbrock,785,0.35018086433410645,-50.73077392578125,0.4466550350189209,74,0.2998729944229126,0.014292044565081596,0.20190830528736115,0.22125232219696045
rosenbrock,1.9287498479639178e-22,2,cholesky,5,ode_transport,8192,0.02,1000,5,rosenbrock,786,0.39723706245422363,-50.731510162353516,0.5318147540092468,86,0.28058281540870667,0.12551774084568024,0.1378365457057953,0.2096976488828659
rosenbrock,1.9287498479639178e-22,2,cholesky,5,ode_transport,8192,0.02,1000,5,rosenbrock,787,0.31849217414855957,-50.729915618896484,0.4365379512310028,74,0.3104335069656372,0.2030988484621048,0.10623591393232346,0.2093650847673416
rosenbrock,1.9287498479639178e-22,2,cholesky,5,ode_transport,8192,0.02,1000,5,rosenbrock,788,0.3655099868774414,-50.728248596191406,0.4176684617996216,80,0.49047935009002686,0.253057599067688,0.30968835949897766,0.28394538164138794
rosenbrock,1.9287498479639178e-22,2,cholesky,5,ode_transport,8192,0.02,1000,5,rosenbrock,789,0.3728210926055908,-50.73063278198242,0.5176061391830444,86,1.3471946716308594,1.018744945526123,0.5181460976600647,0.7131738662719727
rosenbrock,1.9287498479639178e-22,2,cholesky,5,ode_transport,8192,0.02,1000,5,rosenbrock,790,0.39690685272216797,-50.72372055053711,0.4263458251953125,92,0.32594412565231323,0.12365053594112396,0.1527014970779419,0.26006224751472473
rosenbrock,1.9287498479639178e-22,2,cholesky,5,ode_transport,8192,0.02,1000,5,rosenbrock,791,0.3459298610687256,-50.7327880859375,0.469032883644104,74,0.45069530606269836,0.32162806391716003,0.20197157561779022,0.24267086386680603
rosenbrock,1.9287498479639178e-22,2,cholesky,5,ode_transport,8192,0.02,1000,5,rosenbrock,792,0.34673285484313965,-50.73330307006836,0.5288876891136169,80,0.1811988353729248,0.04183283820748329,0.08760673552751541,0.15299704670906067
rosenbrock,1.9287498479639178e-22,2,cholesky,5,ode_transport,8192,0.02,1000,5,rosenbrock,793,0.30878591537475586,-50.728233337402344,0.4183412194252014,74,0.24008721113204956,0.08013937622308731,0.13178353011608124,0.18399089574813843
rosenbrock,1.9287498479639178e-22,2,cholesky,5,ode_transport,8192,0.02,1000,5,rosenbrock,794,0.3440680503845215,-50.72905731201172,0.4281121492385864,80,0.2560701370239258,0.0735873356461525,0.12718777358531952,0.20971430838108063
rosenbrock,1.9287498479639178e-22,2,cholesky,5,ode_transport,8192,0.02,1000,5,rosenbrock,795,0.3751671314239502,-50.723201751708984,0.435051828622818,86,0.29455381631851196,0.07673094421625137,0.08365543931722641,0.27180153131484985
rosenbrock,1.9287498479639178e-22,2,cholesky,5,ode_transport,8192,0.02,1000,5,rosenbrock,796,0.36528897285461426,-50.72338104248047,0.4330742657184601,74,0.2210405319929123,0.04295835271477699,0.10101509094238281,0.19185788929462433
rosenbrock,1.9287498479639178e-22,2,cholesky,5,ode_transport,8192,0.02,1000,5,rosenbrock,797,0.3685612678527832,-50.7271728515625,0.4661977291107178,80,0.36259597539901733,0.17455318570137024,0.20621922612190247,0.24182778596878052
rosenbrock,1.9287498479639178e-22,2,cholesky,5,ode_transport,8192,0.02,1000,5,rosenbrock,798,0.3757669925689697,-50.73879623413086,0.5666953325271606,86,1.4491360187530518,1.1634736061096191,0.4433419108390808,0.7414661049842834
rosenbrock,1.9287498479639178e-22,2,cholesky,5,ode_transport,8192,0.02,1000,5,rosenbrock,799,0.32651495933532715,-50.72993087768555,0.4502198398113251,80,0.35505881905555725,0.17349034547805786,0.14605164527893066,0.27319738268852234
rosenbrock,1.9287498479639178e-22,2,cholesky,5,ode_transport,8192,0.02,1000,5,rosenbrock,800,0.3404221534729004,-50.724365234375,0.4056447744369507,80,0.3635362386703491,0.18940214812755585,0.12532590329647064,0.2838641107082367
rosenbrock,1.9287498479639178e-22,2,cholesky,5,ode_transport,8192,0.02,1000,5,rosenbrock,801,0.3557438850402832,-50.723594665527344,0.5342690944671631,74,0.5689236521720886,0.3679887652397156,0.21667134761810303,0.3759148418903351
rosenbrock,1.9287498479639178e-22,2,cholesky,5,ode_transport,8192,0.02,1000,5,rosenbrock,802,0.3922722339630127,-50.73006057739258,0.5994252562522888,86,0.299222469329834,0.11816924065351486,0.18650980293750763,0.2019510120153427
rosenbrock,1.9287498479639178e-22,2,cholesky,5,ode_transport,8192,0.02,1000,5,rosenbrock,803,0.3871040344238281,-50.72928237915039,0.4476451575756073,80,0.30342623591423035,0.019864410161972046,0.2557809352874756,0.16201543807983398
rosenbrock,1.9287498479639178e-22,2,cholesky,5,ode_transport,8192,0.02,1000,5,rosenbrock,804,0.3128969669342041,-50.73171615600586,0.4855230450630188,74,0.47842469811439514,0.29014158248901367,0.19448575377464294,0.3269301652908325
rosenbrock,1.9287498479639178e-22,2,cholesky,5,ode_transport,8192,0.02,1000,5,rosenbrock,805,0.39110612869262695,-50.73130798339844,0.4961298704147339,80,0.22536994516849518,0.046159956604242325,0.15319722890853882,0.15871822834014893
rosenbrock,1.9287498479639178e-22,2,cholesky,5,ode_transport,8192,0.02,1000,5,rosenbrock,806,0.4582810401916504,-50.72727966308594,0.45814961194992065,92,0.4580240547657013,0.3097439408302307,0.1329067051410675,0.3101298213005066
rosenbrock,1.9287498479639178e-22,2,cholesky,5,ode_transport,8192,0.02,1000,5,rosenbrock,807,0.343458890914917,-50.72719192504883,0.5095627903938293,74,0.23026959598064423,0.07445527613162994,0.13804900646209717,0.16859114170074463
rosenbrock,1.9287498479639178e-22,2,cholesky,5,ode_transport,8192,0.02,1000,5,rosenbrock,808,0.36838412284851074,-50.72528076171875,0.4202384650707245,92,0.2549554109573364,0.10124111920595169,0.17274871468544006,0.15783020853996277
rosenbrock,1.9287498479639178e-22,2,cholesky,5,ode_transport,8192,0.02,1000,5,rosenbrock,809,0.34142589569091797,-50.72245788574219,0.46415627002716064,74,0.367708295583725,0.2375141829252243,0.10818102955818176,0.25902366638183594
rosenbrock,1.9287498479639178e-22,2,cholesky,5,ode_transport,8192,0.02,1000,5,rosenbrock,810,0.36487889289855957,-50.72126770019531,0.42604202032089233,80,0.7497811913490295,0.5484585165977478,0.2526450455188751,0.4444497525691986
rosenbrock,1.9287498479639178e-22,2,cholesky,5,ode_transport,8192,0.02,1000,5,rosenbrock,811,0.323228120803833,-50.72023010253906,0.6866880655288696,80,0.2322726994752884,0.007063041441142559,0.1439141184091568,0.18217968940734863
rosenbrock,1.9287498479639178e-22,2,cholesky,5,ode_transport,8192,0.02,1000,5,rosenbrock,812,0.3279900550842285,-50.71794891357422,0.4118868410587311,80,0.7599741816520691,0.6190423965454102,0.23572559654712677,0.37253281474113464
rosenbrock,1.9287498479639178e-22,2,cholesky,5,ode_transport,8192,0.02,1000,5,rosenbrock,813,0.3537416458129883,-50.73831558227539,0.6316335797309875,74,0.24588294327259064,0.07722747325897217,0.10213099420070648,0.20991332828998566
rosenbrock,1.9287498479639178e-22,2,cholesky,5,ode_transport,8192,0.02,1000,5,rosenbrock,814,0.33861613273620605,-50.72119140625,0.5648329854011536,86,0.3930089771747589,0.2560197710990906,0.19432605803012848,0.22615769505500793
rosenbrock,1.9287498479639178e-22,2,cholesky,5,ode_transport,8192,0.02,1000,5,rosenbrock,815,0.3303818702697754,-50.7254638671875,0.4175582230091095,74,0.1790403425693512,0.030977420508861542,0.11145367473363876,0.13665255904197693
rosenbrock,1.9287498479639178e-22,2,cholesky,5,ode_transport,8192,0.02,1000,5,rosenbrock,816,0.32706308364868164,-50.720699310302734,0.4413197934627533,80,0.2483261525630951,0.04488557204604149,0.20098863542079926,0.13876141607761383
rosenbrock,1.9287498479639178e-22,2,cholesky,5,ode_transport,8192,0.02,1000,5,rosenbrock,817,0.3817591667175293,-50.73024368286133,0.4416840374469757,92,0.32167044281959534,0.03024306334555149,0.18413493037223816,0.2620144188404083
rosenbrock,1.9287498479639178e-22,2,cholesky,5,ode_transport,8192,0.02,1000,5,rosenbrock,818,0.32764482498168945,-50.7272834777832,0.45193544030189514,74,0.19502240419387817,0.03270446136593819,0.10558556765317917,0.1606730967760086
rosenbrock,1.9287498479639178e-22,2,cholesky,5,ode_transport,8192,0.02,1000,5,rosenbrock,819,0.3020970821380615,-50.71821212768555,0.42382025718688965,74,0.37232428789138794,0.25767478346824646,0.17609885334968567,0.20302285254001617
rosenbrock,1.9287498479639178e-22,2,cholesky,5,ode_transport,8192,0.02,1000,5,rosenbrock,820,0.31596994400024414,-50.72929000854492,0.47655749320983887,74,0.36821597814559937,0.17250625789165497,0.20534668862819672,0.2523040771484375
rosenbrock,1.9287498479639178e-22,2,cholesky,5,ode_transport,8192,0.02,1000,5,rosenbrock,821,0.4705641269683838,-50.7263069152832,0.4604467749595642,74,0.32599326968193054,0.2153504341840744,0.1615782380104065,0.18381592631340027
rosenbrock,1.9287498479639178e-22,2,cholesky,5,ode_transport,8192,0.02,1000,5,rosenbrock,822,0.3322880268096924,-50.730220794677734,0.572448194026947,74,0.22264382243156433,0.023462332785129547,0.11142408847808838,0.1913229078054428
rosenbrock,1.9287498479639178e-22,2,cholesky,5,ode_transport,8192,0.02,1000,5,rosenbrock,823,0.3484151363372803,-50.71563720703125,0.46377497911453247,80,0.2373867779970169,0.04586957022547722,0.10173839330673218,0.2095179557800293
rosenbrock,1.9287498479639178e-22,2,cholesky,5,ode_transport,8192,0.02,1000,5,rosenbrock,824,0.33892011642456055,-50.723655700683594,0.6254235506057739,80,0.26131168007850647,0.14336073398590088,0.10015104711055756,0.19416815042495728
rosenbrock,1.9287498479639178e-22,2,cholesky,5,ode_transport,8192,0.02,1000,5,rosenbrock,825,0.32460904121398926,-50.71924591064453,0.4381706416606903,80,0.23461100459098816,0.03875952586531639,0.11191171407699585,0.20252354443073273
rosenbrock,1.9287498479639178e-22,2,cholesky,5,ode_transport,8192,0.02,1000,5,rosenbrock,826,0.31801295280456543,-50.73442459106445,0.5566352009773254,80,0.29543763399124146,0.06357157975435257,0.1091935783624649,0.26705583930015564
rosenbrock,1.9287498479639178e-22,2,cholesky,5,ode_transport,8192,0.02,1000,5,rosenbrock,827,0.3414902687072754,-50.72563934326172,0.4672344923019409,74,0.2620507776737213,0.03587447106838226,0.15618182718753815,0.20734235644340515
rosenbrock,1.9287498479639178e-22,2,cholesky,5,ode_transport,8192,0.02,1000,5,rosenbrock,828,0.31626081466674805,-50.72972869873047,0.7651526927947998,80,0.2376289814710617,0.10663363337516785,0.13422617316246033,0.1645604372024536
rosenbrock,1.9287498479639178e-22,2,cholesky,5,ode_transport,8192,0.02,1000,5,rosenbrock,829,0.42679286003112793,-50.719120025634766,0.4933845102787018,92,0.22114744782447815,0.06381461024284363,0.10502862930297852,0.1838555932044983
rosenbrock,1.9287498479639178e-22,2,cholesky,5,ode_transport,8192,0.02,1000,5,rosenbrock,830,0.35045504570007324,-50.729156494140625,0.5326387286186218,80,0.26165303587913513,0.030757473781704903,0.1273728758096695,0.22647835314273834
rosenbrock,1.9287498479639178e-22,2,cholesky,5,ode_transport,8192,0.02,1000,5,rosenbrock,831,0.31718897819519043,-50.71823501586914,0.4378679096698761,80,0.22095854580402374,0.0416804663836956,0.11109825223684311,0.1863936483860016
rosenbrock,1.9287498479639178e-22,2,cholesky,5,ode_transport,8192,0.02,1000,5,rosenbrock,832,0.30051612854003906,-50.726348876953125,0.6405834555625916,74,0.24049507081508636,0.15124328434467316,0.11564851552248001,0.14693117141723633
rosenbrock,1.9287498479639178e-22,2,cholesky,5,ode_transport,8192,0.02,1000,5,rosenbrock,833,0.3732879161834717,-50.71123504638672,0.4488784372806549,92,0.2017834484577179,0.06608282029628754,0.08928946405649185,0.16845476627349854
rosenbrock,1.9287498479639178e-22,2,cholesky,5,ode_transport,8192,0.02,1000,5,rosenbrock,834,0.3272898197174072,-50.732994079589844,0.508730411529541,80,0.2167952060699463,0.06767397373914719,0.12359316647052765,0.16475775837898254
rosenbrock,1.9287498479639178e-22,2,cholesky,5,ode_transport,8192,0.02,1000,5,rosenbrock,835,0.3171093463897705,-50.730712890625,0.4817313551902771,80,0.2645564377307892,0.11487104743719101,0.1355108618736267,0.19603969156742096
rosenbrock,1.9287498479639178e-22,2,cholesky,5,ode_transport,8192,0.02,1000,5,rosenbrock,836,0.30620908737182617,-50.72616958618164,0.4231215715408325,74,0.388009250164032,0.31257912516593933,0.17783041298389435,0.14567705988883972
rosenbrock,1.9287498479639178e-22,2,cholesky,5,ode_transport,8192,0.02,1000,5,rosenbrock,837,0.37447309494018555,-50.72795867919922,0.4643082320690155,92,0.2459610104560852,0.03060096502304077,0.10918526351451874,0.21826355159282684
rosenbrock,1.9287498479639178e-22,2,cholesky,5,ode_transport,8192,0.02,1000,5,rosenbrock,838,0.3009653091430664,-50.73033142089844,0.4265389144420624,74,0.6024099588394165,0.3973104655742645,0.2272954285144806,0.39163634181022644
rosenbrock,1.9287498479639178e-22,2,cholesky,5,ode_transport,8192,0.02,1000,5,rosenbrock,839,0.31117892265319824,-50.72494125366211,0.43687573075294495,80,0.21480205655097961,0.07527859508991241,0.1034933403134346,0.17251719534397125
rosenbrock,1.9287498479639178e-22,2,cholesky,5,ode_transport,8192,0.02,1000,5,rosenbrock,840,0.31653499603271484,-50.72384262084961,0.47197985649108887,74,0.31418704986572266,0.11026982963085175,0.15822681784629822,0.24802888929843903
rosenbrock,1.9287498479639178e-22,2,cholesky,5,ode_transport,8192,0.02,1000,5,rosenbrock,841,0.33258485794067383,-50.720619201660156,0.4170175790786743,80,0.18397831916809082,0.04366927593946457,0.08005392551422119,0.15978854894638062
rosenbrock,1.9287498479639178e-22,2,cholesky,5,ode_transport,8192,0.02,1000,5,rosenbrock,842,0.3560760021209717,-50.721317291259766,0.4576873779296875,92,0.4600556492805481,0.3981698155403137,0.17817085981369019,0.14617492258548737
rosenbrock,1.9287498479639178e-22,2,cholesky,5,ode_transport,8192,0.02,1000,5,rosenbrock,843,0.4130120277404785,-50.72283172607422,0.4075864255428314,80,0.18619005382061005,0.03635019436478615,0.08984198421239853,0.15897740423679352
rosenbrock,1.9287498479639178e-22,2,cholesky,5,ode_transport,8192,0.02,1000,5,rosenbrock,844,0.34545207023620605,-50.71947479248047,0.44580453634262085,74,0.22529853880405426,0.08677417039871216,0.15100400149822235,0.1429246962070465
rosenbrock,1.9287498479639178e-22,2,cholesky,5,ode_transport,8192,0.02,1000,5,rosenbrock,845,0.35463905334472656,-50.726261138916016,0.49130135774612427,74,0.7193247079849243,0.5224925875663757,0.261465847492218,0.4196012020111084
rosenbrock,1.9287498479639178e-22,2,cholesky,5,ode_transport,8192,0.02,1000,5,rosenbrock,846,0.3563573360443115,-50.72476577758789,0.48885905742645264,74,0.24782824516296387,0.009158517234027386,0.13468614220619202,0.20783312618732452
rosenbrock,1.9287498479639178e-22,2,cholesky,5,ode_transport,8192,0.02,1000,5,rosenbrock,847,0.37982797622680664,-50.71876525878906,0.4458133280277252,80,0.17899636924266815,0.046888258308172226,0.12845759093761444,0.11549819260835648
rosenbrock,1.9287498479639178e-22,2,cholesky,5,ode_transport,8192,0.02,1000,5,rosenbrock,848,0.32516980171203613,-50.72761154174805,0.48463794589042664,74,0.3077123761177063,0.13696569204330444,0.17755095660686493,0.21072012186050415
rosenbrock,1.9287498479639178e-22,2,cholesky,5,ode_transport,8192,0.02,1000,5,rosenbrock,849,0.3215928077697754,-50.72117233276367,0.5124290585517883,80,0.4072001874446869,0.22534285485744476,0.1445547342300415,0.3068167567253113
rosenbrock,1.9287498479639178e-22,2,cholesky,5,ode_transport,8192,0.02,1000,5,rosenbrock,850,0.2972757816314697,-50.726287841796875,0.5474132299423218,74,0.20272214710712433,0.10204929113388062,0.11045446246862411,0.13594859838485718
rosenbrock,1.9287498479639178e-22,2,cholesky,5,ode_transport,8192,0.02,1000,5,rosenbrock,851,0.30799293518066406,-50.72323989868164,0.511066198348999,74,0.3198279142379761,0.043584443628787994,0.22599221765995026,0.22207613289356232
rosenbrock,1.9287498479639178e-22,2,cholesky,5,ode_transport,8192,0.02,1000,5,rosenbrock,852,0.32887983322143555,-50.721595764160156,0.41751378774642944,80,0.27987992763519287,0.09042822569608688,0.15270259976387024,0.21641956269741058
rosenbrock,1.9287498479639178e-22,2,cholesky,5,ode_transport,8192,0.02,1000,5,rosenbrock,853,0.43868494033813477,-50.717525482177734,0.44073835015296936,92,0.15199348330497742,0.021165136247873306,0.07929245382547379,0.12793265283107758
rosenbrock,1.9287498479639178e-22,2,cholesky,5,ode_transport,8192,0.02,1000,5,rosenbrock,854,0.334118127822876,-50.725887298583984,0.41844606399536133,74,0.3258022665977478,0.12001000344753265,0.14635765552520752,0.26518702507019043
rosenbrock,1.9287498479639178e-22,2,cholesky,5,ode_transport,8192,0.02,1000,5,rosenbrock,855,0.3417830467224121,-50.72100067138672,0.4409323036670685,80,0.2671993374824524,0.11249572783708572,0.07441224157810211,0.23065778613090515
rosenbrock,1.9287498479639178e-22,2,cholesky,5,ode_transport,8192,0.02,1000,5,rosenbrock,856,0.41088318824768066,-50.71721267700195,0.48134517669677734,92,0.2935899496078491,0.1403266340494156,0.17377501726150513,0.1905406415462494
rosenbrock,1.9287498479639178e-22,2,cholesky,5,ode_transport,8192,0.02,1000,5,rosenbrock,857,0.4310300350189209,-50.721954345703125,0.4535156190395355,92,0.2827531397342682,0.035788726061582565,0.22026589512825012,0.17364171147346497
rosenbrock,1.9287498479639178e-22,2,cholesky,5,ode_transport,8192,0.02,1000,5,rosenbrock,858,0.4130270481109619,-50.72328567504883,0.4844529628753662,86,0.23921148478984833,0.05781658738851547,0.09091059863567352,0.21357585489749908
rosenbrock,1.9287498479639178e-22,2,cholesky,5,ode_transport,8192,0.02,1000,5,rosenbrock,859,0.4134981632232666,-50.72290802001953,0.4949306547641754,86,0.15530529618263245,0.058715783059597015,0.11040012538433075,0.09210862219333649
rosenbrock,1.9287498479639178e-22,2,cholesky,5,ode_transport,8192,0.02,1000,5,rosenbrock,860,0.4130401611328125,-50.72994613647461,0.5234327912330627,92,0.4391017556190491,0.07988189905881882,0.157613143324852,0.4019792675971985
rosenbrock,1.9287498479639178e-22,2,cholesky,5,ode_transport,8192,0.02,1000,5,rosenbrock,861,0.44185686111450195,-50.71908187866211,0.41995394229888916,92,0.29269465804100037,0.1916615515947342,0.17465971410274506,0.13575711846351624
rosenbrock,1.9287498479639178e-22,2,cholesky,5,ode_transport,8192,0.02,1000,5,rosenbrock,862,0.4328598976135254,-50.72162628173828,0.4459681212902069,86,0.2207859605550766,0.11674680560827255,0.13019387423992157,0.13478201627731323
rosenbrock,1.9287498479639178e-22,2,cholesky,5,ode_transport,8192,0.02,1000,5,rosenbrock,863,0.4094200134277344,-50.72412872314453,0.46970292925834656,86,0.17968936264514923,0.046469151973724365,0.0768003761768341,0.15566177666187286
rosenbrock,1.9287498479639178e-22,2,cholesky,5,ode_transport,8192,0.02,1000,5,rosenbrock,864,0.35344886779785156,-50.72672653198242,0.45670825242996216,80,0.2616836130619049,0.1114594116806984,0.11581943929195404,0.20649689435958862
rosenbrock,1.9287498479639178e-22,2,cholesky,5,ode_transport,8192,0.02,1000,5,rosenbrock,865,0.28726983070373535,-50.71759033203125,0.46926066279411316,68,0.34709087014198303,0.2881237268447876,0.1523188054561615,0.1193976104259491
rosenbrock,1.9287498479639178e-22,2,cholesky,5,ode_transport,8192,0.02,1000,5,rosenbrock,866,0.38161516189575195,-50.72579574584961,0.53249192237854,92,0.3587360978126526,0.2225029021501541,0.1317780613899231,0.24863342940807343
rosenbrock,1.9287498479639178e-22,2,cholesky,5,ode_transport,8192,0.02,1000,5,rosenbrock,867,0.304581880569458,-50.721702575683594,0.4212269186973572,74,0.17524828016757965,0.05994240567088127,0.09371859580278397,0.13540934026241302
rosenbrock,1.9287498479639178e-22,2,cholesky,5,ode_transport,8192,0.02,1000,5,rosenbrock,868,0.35002636909484863,-50.71706008911133,0.4339400827884674,86,0.31640082597732544,0.09403246641159058,0.1426507979631424,0.266304612159729
rosenbrock,1.9287498479639178e-22,2,cholesky,5,ode_transport,8192,0.02,1000,5,rosenbrock,869,0.32387399673461914,-50.72460174560547,0.5747126340866089,80,0.22295670211315155,0.10995633155107498,0.12546898424625397,0.14790819585323334
rosenbrock,1.9287498479639178e-22,2,cholesky,5,ode_transport,8192,0.02,1000,5,rosenbrock,870,0.3177361488342285,-50.715824127197266,0.4164498746395111,80,0.48503750562667847,0.33285295963287354,0.2063484638929367,0.28616538643836975
rosenbrock,1.9287498479639178e-22,2,cholesky,5,ode_transport,8192,0.02,1000,5,rosenbrock,871,0.3630831241607666,-50.72132873535156,0.5594070553779602,92,0.3231227993965149,0.1228424459695816,0.13955043256282806,0.26427966356277466
rosenbrock,1.9287498479639178e-22,2,cholesky,5,ode_transport,8192,0.02,1000,5,rosenbrock,872,0.318540096282959,-50.71995544433594,0.4485744535923004,74,0.3645629286766052,0.20880065858364105,0.13949361443519592,0.26429131627082825
rosenbrock,1.9287498479639178e-22,2,cholesky,5,ode_transport,8192,0.02,1000,5,rosenbrock,873,0.3402140140533447,-50.71929168701172,0.4276942014694214,80,0.2984234690666199,0.13150621950626373,0.12591350078582764,0.236449733376503
rosenbrock,1.9287498479639178e-22,2,cholesky,5,ode_transport,8192,0.02,1000,5,rosenbrock,874,0.315352201461792,-50.717647552490234,0.40793275833129883,74,1.4364209175109863,1.1986836194992065,0.5374947786331177,0.5810009241104126
rosenbrock,1.9287498479639178e-22,2,cholesky,5,ode_transport,8192,0.02,1000,5,rosenbrock,875,0.3447260856628418,-50.71235656738281,0.4303630590438843,80,0.2788875699043274,0.09280911087989807,0.16276201605796814,0.20657509565353394
rosenbrock,1.9287498479639178e-22,2,cholesky,5,ode_transport,8192,0.02,1000,5,rosenbrock,876,0.29604387283325195,-50.718868255615234,0.5270683169364929,74,0.23568719625473022,0.03534046933054924,0.16324275732040405,0.16628679633140564
rosenbrock,1.9287498479639178e-22,2,cholesky,5,ode_transport,8192,0.02,1000,5,rosenbrock,877,0.2943551540374756,-50.7227783203125,0.44061923027038574,74,0.27038705348968506,0.04346093907952309,0.1821567863225937,0.19503647089004517
rosenbrock,1.9287498479639178e-22,2,cholesky,5,ode_transport,8192,0.02,1000,5,rosenbrock,878,0.3090639114379883,-50.71466064453125,0.42969459295272827,80,0.3600361943244934,0.16708151996135712,0.12816275656223297,0.29203447699546814
rosenbrock,1.9287498479639178e-22,2,cholesky,5,ode_transport,8192,0.02,1000,5,rosenbrock,879,0.30164599418640137,-50.719139099121094,0.5240027904510498,74,0.34767773747444153,0.14899548888206482,0.22158995270729065,0.2226613312959671
rosenbrock,1.9287498479639178e-22,2,cholesky,5,ode_transport,8192,0.02,1000,5,rosenbrock,880,0.336076021194458,-50.716495513916016,0.44722986221313477,86,0.19514024257659912,0.027359487488865852,0.11690641194581985,0.15383128821849823
rosenbrock,1.9287498479639178e-22,2,cholesky,5,ode_transport,8192,0.02,1000,5,rosenbrock,881,0.30509209632873535,-50.71403503417969,0.42593148350715637,74,0.24491490423679352,0.04025464504957199,0.1305927187204361,0.20324473083019257
rosenbrock,1.9287498479639178e-22,2,cholesky,5,ode_transport,8192,0.02,1000,5,rosenbrock,882,0.3748610019683838,-50.716800689697266,0.4837671220302582,86,1.8159335851669312,1.589171051979065,0.6896798014640808,0.5445108413696289
rosenbrock,1.9287498479639178e-22,2,cholesky,5,ode_transport,8192,0.02,1000,5,rosenbrock,883,0.30976414680480957,-50.71991729736328,0.5131890177726746,74,0.2633815407752991,0.05071171373128891,0.11488492041826248,0.23151586949825287
rosenbrock,1.9287498479639178e-22,2,cholesky,5,ode_transport,8192,0.02,1000,5,rosenbrock,884,0.3384227752685547,-50.7177848815918,0.4119408130645752,80,0.39926785230636597,0.28440263867378235,0.1451612412929535,0.23970429599285126
rosenbrock,1.9287498479639178e-22,2,cholesky,5,ode_transport,8192,0.02,1000,5,rosenbrock,885,0.3494069576263428,-50.706787109375,0.42807602882385254,74,0.8062313199043274,0.6580480933189392,0.3455412983894348,0.31238245964050293
rosenbrock,1.9287498479639178e-22,2,cholesky,5,ode_transport,8192,0.02,1000,5,rosenbrock,886,0.3867173194885254,-50.716373443603516,0.44119390845298767,80,0.46247076988220215,0.3530314564704895,0.156386598944664,0.2545412480831146
rosenbrock,1.9287498479639178e-22,2,cholesky,5,ode_transport,8192,0.02,1000,5,rosenbrock,887,0.38216209411621094,-50.72502517700195,0.46778786182403564,74,0.22841106355190277,0.06876873970031738,0.1925891786813736,0.10174418985843658
rosenbrock,1.9287498479639178e-22,2,cholesky,5,ode_transport,8192,0.02,1000,5,rosenbrock,888,0.36374711990356445,-50.71924591064453,0.42255526781082153,74,0.19845232367515564,0.04706057906150818,0.10734517127275467,0.16014254093170166
rosenbrock,1.9287498479639178e-22,2,cholesky,5,ode_transport,8192,0.02,1000,5,rosenbrock,889,0.33055710792541504,-50.72312927246094,0.4325813055038452,80,0.6071995496749878,0.4721700847148895,0.3153535723686218,0.21517175436019897
rosenbrock,1.9287498479639178e-22,2,cholesky,5,ode_transport,8192,0.02,1000,5,rosenbrock,890,0.3613739013671875,-50.722999572753906,0.43921852111816406,86,0.23843955993652344,0.04568680748343468,0.12423190474510193,0.19832442700862885
rosenbrock,1.9287498479639178e-22,2,cholesky,5,ode_transport,8192,0.02,1000,5,rosenbrock,891,0.3120079040527344,-50.71981430053711,0.40064728260040283,74,0.3492961525917053,0.26594078540802,0.17490871250629425,0.143840953707695
rosenbrock,1.9287498479639178e-22,2,cholesky,5,ode_transport,8192,0.02,1000,5,rosenbrock,892,0.3219881057739258,-50.71477508544922,0.4318598806858063,80,0.58603435754776,0.45532047748565674,0.2109699696302414,0.3026735782623291
rosenbrock,1.9287498479639178e-22,2,cholesky,5,ode_transport,8192,0.02,1000,5,rosenbrock,893,0.3120298385620117,-50.71699523925781,0.4004598557949066,74,0.21776172518730164,0.04779161512851715,0.10135654360055923,0.18671630322933197
rosenbrock,1.9287498479639178e-22,2,cholesky,5,ode_transport,8192,0.02,1000,5,rosenbrock,894,0.394611120223999,-50.70915603637695,0.3820004463195801,98,42.629859924316406,37.702430725097656,15.512260437011719,12.457992553710938
rosenbrock,1.9287498479639178e-22,2,cholesky,5,ode_transport,8192,0.02,1000,5,rosenbrock,895,0.32785677909851074,-50.721466064453125,0.44935011863708496,74,0.37673234939575195,0.061877619475126266,0.33283987641334534,0.1652756780385971
rosenbrock,1.9287498479639178e-22,2,cholesky,5,ode_transport,8192,0.02,1000,5,rosenbrock,896,0.30620861053466797,-50.727046966552734,0.3954368233680725,74,0.4833854138851166,0.029703738167881966,0.41085880994796753,0.2529311180114746
rosenbrock,1.9287498479639178e-22,2,cholesky,5,ode_transport,8192,0.02,1000,5,rosenbrock,897,0.3227839469909668,-50.72385787963867,0.46823611855506897,74,0.8522069454193115,0.4786450266838074,0.628888726234436,0.31883326172828674
rosenbrock,1.9287498479639178e-22,2,cholesky,5,ode_transport,8192,0.02,1000,5,rosenbrock,898,0.3083159923553467,-50.73217010498047,0.47286921739578247,74,0.917081356048584,0.5021976232528687,0.7201164960861206,0.2650810182094574
rosenbrock,1.9287498479639178e-22,2,cholesky,5,ode_transport,8192,0.02,1000,5,rosenbrock,899,0.301649808883667,-50.73695373535156,0.4382023811340332,74,0.7304869890213013,0.0922321155667305,0.654681921005249,0.31063827872276306
rosenbrock,1.9287498479639178e-22,2,cholesky,5,ode_transport,8192,0.02,1000,5,rosenbrock,900,0.369218111038208,-50.73369598388672,0.510278046131134,92,2.096950054168701,0.7382552027702332,1.1531206369400024,1.5882354974746704
rosenbrock,1.9287498479639178e-22,2,cholesky,5,ode_transport,8192,0.02,1000,5,rosenbrock,901,0.30265188217163086,-50.73189163208008,0.4682670831680298,74,0.922112762928009,0.10307668894529343,0.8838084936141968,0.2419702410697937
rosenbrock,1.9287498479639178e-22,2,cholesky,5,ode_transport,8192,0.02,1000,5,rosenbrock,902,0.32608485221862793,-50.735286712646484,0.43446657061576843,80,0.9306585192680359,0.132684588432312,0.8806686997413635,0.27007919549942017
rosenbrock,1.9287498479639178e-22,2,cholesky,5,ode_transport,8192,0.02,1000,5,rosenbrock,903,0.2888040542602539,-50.72621154785156,0.4269126355648041,68,0.7285352945327759,0.05653878301382065,0.7022472023963928,0.1855153888463974
rosenbrock,1.9287498479639178e-22,2,cholesky,5,ode_transport,8192,0.02,1000,5,rosenbrock,904,0.31456589698791504,-50.73420715332031,0.4645128846168518,74,0.9782959222793579,0.05504225194454193,0.933854877948761,0.28626617789268494
rosenbrock,1.9287498479639178e-22,2,cholesky,5,ode_transport,8192,0.02,1000,5,rosenbrock,905,0.37418699264526367,-50.73093032836914,0.5288344621658325,92,0.7560513019561768,0.1821000874042511,0.7040137052536011,0.20692448318004608
rosenbrock,1.9287498479639178e-22,2,cholesky,5,ode_transport,8192,0.02,1000,5,rosenbrock,906,0.3520488739013672,-50.729644775390625,0.4434707760810852,80,0.856830894947052,0.08181791007518768,0.8364733457565308,0.1666654795408249
rosenbrock,1.9287498479639178e-22,2,cholesky,5,ode_transport,8192,0.02,1000,5,rosenbrock,907,0.32526588439941406,-50.724788665771484,0.46009767055511475,80,0.7458011507987976,0.25536713004112244,0.632970929145813,0.30059078335762024
rosenbrock,1.9287498479639178e-22,2,cholesky,5,ode_transport,8192,0.02,1000,5,rosenbrock,908,0.41678476333618164,-50.73133087158203,0.47069185972213745,86,1.3879443407058716,0.9236304759979248,0.9595993757247925,0.3904677927494049
rosenbrock,1.9287498479639178e-22,2,cholesky,5,ode_transport,8192,0.02,1000,5,rosenbrock,909,0.3781588077545166,-50.72364807128906,0.5463966727256775,92,0.5749827027320862,0.09509122371673584,0.537186324596405,0.1816413849592209
rosenbrock,1.9287498479639178e-22,2,cholesky,5,ode_transport,8192,0.02,1000,5,rosenbrock,910,0.32802820205688477,-50.72388458251953,0.4771880507469177,80,0.5594942569732666,0.02387246862053871,0.5303083658218384,0.17673973739147186
rosenbrock,1.9287498479639178e-22,2,cholesky,5,ode_transport,8192,0.02,1000,5,rosenbrock,911,0.42258596420288086,-50.71369552612305,0.4664049744606018,98,0.4602451026439667,0.09824205935001373,0.38739514350891113,0.22825218737125397
rosenbrock,1.9287498479639178e-22,2,cholesky,5,ode_transport,8192,0.02,1000,5,rosenbrock,912,0.31296300888061523,-50.722801208496094,0.48372703790664673,74,0.4132099449634552,0.06890387088060379,0.3630680441856384,0.18486835062503815
rosenbrock,1.9287498479639178e-22,2,cholesky,5,ode_transport,8192,0.02,1000,5,rosenbrock,913,0.33644795417785645,-50.72661209106445,0.5018436312675476,74,0.32714149355888367,0.12082698941230774,0.2583135664463043,0.16030125319957733
rosenbrock,1.9287498479639178e-22,2,cholesky,5,ode_transport,8192,0.02,1000,5,rosenbrock,914,0.35401296615600586,-50.71995544433594,0.48655447363853455,80,0.2935442328453064,0.13282619416713715,0.22171366214752197,0.13917066156864166
rosenbrock,1.9287498479639178e-22,2,cholesky,5,ode_transport,8192,0.02,1000,5,rosenbrock,915,0.39972400665283203,-50.72064971923828,0.48387041687965393,86,0.6476078033447266,0.5677498579025269,0.2465655505657196,0.19042426347732544
rosenbrock,1.9287498479639178e-22,2,cholesky,5,ode_transport,8192,0.02,1000,5,rosenbrock,916,0.36770105361938477,-50.71840286254883,0.5104154944419861,80,0.21507950127124786,0.06397232413291931,0.13835281133651733,0.1517406851053238
rosenbrock,1.9287498479639178e-22,2,cholesky,5,ode_transport,8192,0.02,1000,5,rosenbrock,917,0.323261022567749,-50.7085075378418,0.38879916071891785,80,0.2461971789598465,0.01859106495976448,0.20448605716228485,0.13584133982658386
rosenbrock,1.9287498479639178e-22,2,cholesky,5,ode_transport,8192,0.02,1000,5,rosenbrock,918,0.34668493270874023,-50.72283172607422,0.4882862865924835,80,0.24732714891433716,0.08334054797887802,0.18108858168125153,0.1463967263698578
rosenbrock,1.9287498479639178e-22,2,cholesky,5,ode_transport,8192,0.02,1000,5,rosenbrock,919,0.31316304206848145,-50.71345520019531,0.4208656847476959,74,0.3065599203109741,0.025536922737956047,0.22019045054912567,0.2117617130279541
rosenbrock,1.9287498479639178e-22,2,cholesky,5,ode_transport,8192,0.02,1000,5,rosenbrock,920,0.3464701175689697,-50.709720611572266,0.4229311943054199,80,0.32730832695961,0.06276930123567581,0.17616109549999237,0.26862242817878723
rosenbrock,1.9287498479639178e-22,2,cholesky,5,ode_transport,8192,0.02,1000,5,rosenbrock,921,0.3454270362854004,-50.72045135498047,0.471857488155365,74,0.4263887405395508,0.22786104679107666,0.28311994671821594,0.22300183773040771
rosenbrock,1.9287498479639178e-22,2,cholesky,5,ode_transport,8192,0.02,1000,5,rosenbrock,922,0.3077688217163086,-50.72040939331055,0.47824952006340027,74,0.3423602879047394,0.04180325195193291,0.28415217995643616,0.18633465468883514
rosenbrock,1.9287498479639178e-22,2,cholesky,5,ode_transport,8192,0.02,1000,5,rosenbrock,923,0.324199914932251,-50.72142791748047,0.4748504161834717,80,0.5719611048698425,0.42035946249961853,0.2946365475654602,0.2522434592247009
rosenbrock,1.9287498479639178e-22,2,cholesky,5,ode_transport,8192,0.02,1000,5,rosenbrock,924,0.3614332675933838,-50.711727142333984,0.5087718963623047,86,0.42694520950317383,0.1781044602394104,0.32790666818618774,0.2074565589427948
rosenbrock,1.9287498479639178e-22,2,cholesky,5,ode_transport,8192,0.02,1000,5,rosenbrock,925,0.36966490745544434,-50.712284088134766,0.47310444712638855,92,0.5147566795349121,0.2564357817173004,0.26358944177627563,0.36018842458724976
rosenbrock,1.9287498479639178e-22,2,cholesky,5,ode_transport,8192,0.02,1000,5,rosenbrock,926,0.3310518264770508,-50.71251678466797,0.40724778175354004,80,0.3084794282913208,0.06010108441114426,0.2679259181022644,0.14058132469654083
rosenbrock,1.9287498479639178e-22,2,cholesky,5,ode_transport,8192,0.02,1000,5,rosenbrock,927,0.3019731044769287,-50.71540832519531,0.40218573808670044,74,0.25237369537353516,0.030186442658305168,0.20839321613311768,0.13911694288253784
rosenbrock,1.9287498479639178e-22,2,cholesky,5,ode_transport,8192,0.02,1000,5,rosenbrock,928,0.34920191764831543,-50.71588897705078,0.4299046993255615,86,0.22036337852478027,0.10814157873392105,0.1415448784828186,0.12973228096961975
rosenbrock,1.9287498479639178e-22,2,cholesky,5,ode_transport,8192,0.02,1000,5,rosenbrock,929,0.39462971687316895,-50.715171813964844,0.5018524527549744,80,0.23734217882156372,0.15066006779670715,0.13750453293323517,0.12134808301925659
rosenbrock,1.9287498479639178e-22,2,cholesky,5,ode_transport,8192,0.02,1000,5,rosenbrock,930,0.34598875045776367,-50.71723175048828,0.4394702911376953,80,1.6022942066192627,1.4255200624465942,0.5021596550941467,0.5320479869842529
rosenbrock,1.9287498479639178e-22,2,cholesky,5,ode_transport,8192,0.02,1000,5,rosenbrock,931,0.33677005767822266,-50.71295166015625,0.46328991651535034,80,0.5685576796531677,0.39277011156082153,0.2928839921951294,0.28845858573913574
rosenbrock,1.9287498479639178e-22,2,cholesky,5,ode_transport,8192,0.02,1000,5,rosenbrock,932,0.3393819332122803,-50.70890426635742,0.40211060643196106,86,0.71746826171875,0.534821093082428,0.3354802131652832,0.34085214138031006
rosenbrock,1.9287498479639178e-22,2,cholesky,5,ode_transport,8192,0.02,1000,5,rosenbrock,933,0.3119931221008301,-50.712890625,0.3979538083076477,80,0.26820194721221924,0.07477260380983353,0.1895650029182434,0.17437444627285004
rosenbrock,1.9287498479639178e-22,2,cholesky,5,ode_transport,8192,0.02,1000,5,rosenbrock,934,0.3944740295410156,-50.71808624267578,0.4657457768917084,98,0.3841443657875061,0.16291147470474243,0.19558550417423248,0.2877030670642853
rosenbrock,1.9287498479639178e-22,2,cholesky,5,ode_transport,8192,0.02,1000,5,rosenbrock,935,0.3162860870361328,-50.71942901611328,0.44679003953933716,74,0.24157625436782837,0.02649531327188015,0.17763741314411163,0.1615612506866455
rosenbrock,1.9287498479639178e-22,2,cholesky,5,ode_transport,8192,0.02,1000,5,rosenbrock,936,0.3203268051147461,-50.71186065673828,0.4294687509536743,80,0.24187114834785461,0.15470372140407562,0.12491254508495331,0.1377144455909729
rosenbrock,1.9287498479639178e-22,2,cholesky,5,ode_transport,8192,0.02,1000,5,rosenbrock,937,0.31746721267700195,-50.70772171020508,0.484403133392334,80,1.3499683141708374,1.1402310132980347,0.4704713821411133,0.5485838055610657
rosenbrock,1.9287498479639178e-22,2,cholesky,5,ode_transport,8192,0.02,1000,5,rosenbrock,938,0.2984633445739746,-50.72095489501953,0.442075252532959,74,0.19071970880031586,0.050817303359508514,0.1252179592847824,0.134581059217453
rosenbrock,1.9287498479639178e-22,2,cholesky,5,ode_transport,8192,0.02,1000,5,rosenbrock,939,0.29573512077331543,-50.714996337890625,0.46500757336616516,74,0.32924169301986694,0.26667702198028564,0.1282878965139389,0.14431102573871613
rosenbrock,1.9287498479639178e-22,2,cholesky,5,ode_transport,8192,0.02,1000,5,rosenbrock,940,0.33678317070007324,-50.71681213378906,0.406113862991333,80,0.41196003556251526,0.3124659061431885,0.14956988394260406,0.22294612228870392
rosenbrock,1.9287498479639178e-22,2,cholesky,5,ode_transport,8192,0.02,1000,5,rosenbrock,941,0.3458261489868164,-50.7137565612793,0.4605366289615631,80,0.5370351076126099,0.3736444413661957,0.1989392340183258,0.33048415184020996
rosenbrock,1.9287498479639178e-22,2,cholesky,5,ode_transport,8192,0.02,1000,5,rosenbrock,942,0.3598470687866211,-50.7253532409668,0.49527671933174133,86,0.463206946849823,0.3275386393070221,0.21662482619285583,0.2456681728363037
rosenbrock,1.9287498479639178e-22,2,cholesky,5,ode_transport,8192,0.02,1000,5,rosenbrock,943,0.3039817810058594,-50.71745681762695,0.46966713666915894,74,0.3737296462059021,0.30230340361595154,0.15928256511688232,0.1513788253068924
rosenbrock,1.9287498479639178e-22,2,cholesky,5,ode_transport,8192,0.02,1000,5,rosenbrock,944,0.40504908561706543,-50.71364212036133,0.45124322175979614,92,0.24032025039196014,0.08012989163398743,0.11631321907043457,0.19443318247795105
rosenbrock,1.9287498479639178e-22,2,cholesky,5,ode_transport,8192,0.02,1000,5,rosenbrock,945,2.1611571311950684,-50.716644287109375,0.47867852449417114,74,0.218064546585083,0.07658509165048599,0.12782900035381317,0.15920622646808624
rosenbrock,1.9287498479639178e-22,2,cholesky,5,ode_transport,8192,0.02,1000,5,rosenbrock,946,0.4006311893463135,-50.71723937988281,0.47788509726524353,80,0.35803547501564026,0.2609559893608093,0.21231478452682495,0.12253079563379288
rosenbrock,1.9287498479639178e-22,2,cholesky,5,ode_transport,8192,0.02,1000,5,rosenbrock,947,0.4311678409576416,-50.71225357055664,0.446589857339859,80,0.19158342480659485,0.047531966120004654,0.1329251378774643,0.12952153384685516
rosenbrock,1.9287498479639178e-22,2,cholesky,5,ode_transport,8192,0.02,1000,5,rosenbrock,948,0.4589540958404541,-50.7183952331543,0.4042137861251831,80,0.17604023218154907,0.06928569823503494,0.08602737635374069,0.13707278668880463
rosenbrock,1.9287498479639178e-22,2,cholesky,5,ode_transport,8192,0.02,1000,5,rosenbrock,949,0.38327693939208984,-50.71190643310547,0.38933277130126953,86,0.17336592078208923,0.07489066570997238,0.06945168972015381,0.14008423686027527
rosenbrock,1.9287498479639178e-22,2,cholesky,5,ode_transport,8192,0.02,1000,5,rosenbrock,950,0.3285999298095703,-50.71397018432617,0.46222275495529175,74,0.36441656947135925,0.22686374187469482,0.14609073102474213,0.24492815136909485
rosenbrock,1.9287498479639178e-22,2,cholesky,5,ode_transport,8192,0.02,1000,5,rosenbrock,951,0.34342288970947266,-50.705963134765625,0.4066844582557678,80,0.9197974801063538,0.7963700890541077,0.29335713386535645,0.35463187098503113
rosenbrock,1.9287498479639178e-22,2,cholesky,5,ode_transport,8192,0.02,1000,5,rosenbrock,952,0.3409721851348877,-50.72106170654297,0.39810609817504883,74,0.3973228633403778,0.09916625171899796,0.13776789605617523,0.359237402677536
rosenbrock,1.9287498479639178e-22,2,cholesky,5,ode_transport,8192,0.02,1000,5,rosenbrock,953,0.3403041362762451,-50.710121154785156,0.42674168944358826,74,0.1561039835214615,0.04715561494231224,0.07072850316762924,0.13092853128910065
rosenbrock,1.9287498479639178e-22,2,cholesky,5,ode_transport,8192,0.02,1000,5,rosenbrock,954,0.4374878406524658,-50.714111328125,0.4305526316165924,80,3.6546826362609863,3.1989831924438477,1.2968013286590576,1.2006330490112305
rosenbrock,1.9287498479639178e-22,2,cholesky,5,ode_transport,8192,0.02,1000,5,rosenbrock,955,0.38735294342041016,-50.71422576904297,0.4306949973106384,74,0.1782381385564804,0.029952378943562508,0.10682005435228348,0.13950328528881073
rosenbrock,1.9287498479639178e-22,2,cholesky,5,ode_transport,8192,0.02,1000,5,rosenbrock,956,0.38224291801452637,-50.706336975097656,0.4378356337547302,92,0.21122519671916962,0.04092983901500702,0.11734077334403992,0.17079804837703705
rosenbrock,1.9287498479639178e-22,2,cholesky,5,ode_transport,8192,0.02,1000,5,rosenbrock,957,0.3792729377746582,-50.73391342163086,0.45046573877334595,86,1.530561089515686,1.3218499422073364,0.5440405011177063,0.5471287965774536
rosenbrock,1.9287498479639178e-22,2,cholesky,5,ode_transport,8192,0.02,1000,5,rosenbrock,958,0.36054301261901855,-50.718544006347656,0.4930956959724426,86,0.6774897575378418,0.5420499444007874,0.3250519335269928,0.2439580112695694
rosenbrock,1.9287498479639178e-22,2,cholesky,5,ode_transport,8192,0.02,1000,5,rosenbrock,959,0.35117006301879883,-50.713104248046875,0.41941899061203003,74,0.17135322093963623,0.036385051906108856,0.07990442216396332,0.14715071022510529
rosenbrock,1.9287498479639178e-22,2,cholesky,5,ode_transport,8192,0.02,1000,5,rosenbrock,960,0.3368237018585205,-50.71031188964844,0.41490888595581055,80,0.2599721848964691,0.10077346861362457,0.17766065895557404,0.160832017660141
rosenbrock,1.9287498479639178e-22,2,cholesky,5,ode_transport,8192,0.02,1000,5,rosenbrock,961,0.3412637710571289,-50.71300506591797,0.4124525189399719,80,0.2651558816432953,0.10704372823238373,0.13088111579418182,0.20425327122211456
rosenbrock,1.9287498479639178e-22,2,cholesky,5,ode_transport,8192,0.02,1000,5,rosenbrock,962,0.33507490158081055,-50.70549774169922,0.4191077947616577,80,0.2669861316680908,0.01613222435116768,0.22466495633125305,0.1433422565460205
rosenbrock,1.9287498479639178e-22,2,cholesky,5,ode_transport,8192,0.02,1000,5,rosenbrock,963,0.3208489418029785,-50.708641052246094,0.49869921803474426,74,0.25895726680755615,0.08943310379981995,0.15613104403018951,0.18623556196689606
rosenbrock,1.9287498479639178e-22,2,cholesky,5,ode_transport,8192,0.02,1000,5,rosenbrock,964,0.3210759162902832,-50.71208190917969,0.3950037360191345,80,0.2701323628425598,0.1326659768819809,0.096638023853302,0.21455147862434387
rosenbrock,1.9287498479639178e-22,2,cholesky,5,ode_transport,8192,0.02,1000,5,rosenbrock,965,0.3063528537750244,-50.70982360839844,0.477933406829834,74,1.0458952188491821,0.8576859831809998,0.3187703788280487,0.5066133141517639
rosenbrock,1.9287498479639178e-22,2,cholesky,5,ode_transport,8192,0.02,1000,5,rosenbrock,966,0.3743000030517578,-50.716365814208984,0.46118995547294617,80,0.4296046495437622,0.060521211475133896,0.13593348860740662,0.4030129313468933
rosenbrock,1.9287498479639178e-22,2,cholesky,5,ode_transport,8192,0.02,1000,5,rosenbrock,967,0.3214540481567383,-50.71989440917969,0.4528524875640869,74,0.3478088974952698,0.08266980946063995,0.08636467903852463,0.3266158103942871
rosenbrock,1.9287498479639178e-22,2,cholesky,5,ode_transport,8192,0.02,1000,5,rosenbrock,968,0.32905125617980957,-50.71239471435547,0.43488332629203796,74,0.23482249677181244,0.051272060722112656,0.15572409331798553,0.16811540722846985
rosenbrock,1.9287498479639178e-22,2,cholesky,5,ode_transport,8192,0.02,1000,5,rosenbrock,969,0.32456016540527344,-50.71377944946289,0.46833133697509766,68,1.3657712936401367,1.1224092245101929,0.39420026540756226,0.6709209084510803
rosenbrock,1.9287498479639178e-22,2,cholesky,5,ode_transport,8192,0.02,1000,5,rosenbrock,970,0.366405725479126,-50.70891571044922,0.3999616801738739,80,0.16781730949878693,0.022631743922829628,0.09789053350687027,0.1344168782234192
rosenbrock,1.9287498479639178e-22,2,cholesky,5,ode_transport,8192,0.02,1000,5,rosenbrock,971,0.3681950569152832,-50.706932067871094,0.41561073064804077,80,0.2517341673374176,0.030112406238913536,0.13389761745929718,0.21103262901306152
rosenbrock,1.9287498479639178e-22,2,cholesky,5,ode_transport,8192,0.02,1000,5,rosenbrock,972,0.3153839111328125,-50.716190338134766,0.4499777555465698,74,0.28595420718193054,0.15953963994979858,0.19461387395858765,0.13580264151096344
rosenbrock,1.9287498479639178e-22,2,cholesky,5,ode_transport,8192,0.02,1000,5,rosenbrock,973,0.3204617500305176,-50.712791442871094,0.3873414993286133,74,0.17561492323875427,0.05474352091550827,0.06852668523788452,0.1521441489458084
rosenbrock,1.9287498479639178e-22,2,cholesky,5,ode_transport,8192,0.02,1000,5,rosenbrock,974,0.30239009857177734,-50.709617614746094,0.4315226674079895,74,0.21603888273239136,0.07129178941249847,0.1373174488544464,0.1507786363363266
rosenbrock,1.9287498479639178e-22,2,cholesky,5,ode_transport,8192,0.02,1000,5,rosenbrock,975,0.4033029079437256,-50.713157653808594,0.41811278462409973,92,0.27035054564476013,0.024766556918621063,0.21614274382591248,0.1604941040277481
rosenbrock,1.9287498479639178e-22,2,cholesky,5,ode_transport,8192,0.02,1000,5,rosenbrock,976,0.31139397621154785,-50.70973587036133,0.4108125865459442,74,0.6238799095153809,0.48521432280540466,0.23869411647319794,0.3111564815044403
rosenbrock,1.9287498479639178e-22,2,cholesky,5,ode_transport,8192,0.02,1000,5,rosenbrock,977,0.32539892196655273,-50.722816467285156,0.4533798098564148,74,1.5422643423080444,1.2049187421798706,0.5544801950454712,0.7869570255279541
rosenbrock,1.9287498479639178e-22,2,cholesky,5,ode_transport,8192,0.02,1000,5,rosenbrock,978,0.3171699047088623,-50.71435546875,0.4156738221645355,74,0.2521304488182068,0.1080816313624382,0.18461620807647705,0.13343526422977448
rosenbrock,1.9287498479639178e-22,2,cholesky,5,ode_transport,8192,0.02,1000,5,rosenbrock,979,0.3507072925567627,-50.71916961669922,0.4748089015483856,86,0.23389877378940582,0.03745848685503006,0.12525999546051025,0.193946972489357
rosenbrock,1.9287498479639178e-22,2,cholesky,5,ode_transport,8192,0.02,1000,5,rosenbrock,980,0.3579890727996826,-50.717708587646484,0.4160648286342621,92,0.260869562625885,0.15152429044246674,0.10095910727977753,0.18681694567203522
rosenbrock,1.9287498479639178e-22,2,cholesky,5,ode_transport,8192,0.02,1000,5,rosenbrock,981,0.3337290287017822,-50.70909118652344,0.41937872767448425,86,0.219358891248703,0.06765039265155792,0.10072505474090576,0.1827462911605835
rosenbrock,1.9287498479639178e-22,2,cholesky,5,ode_transport,8192,0.02,1000,5,rosenbrock,982,0.3275010585784912,-50.7097282409668,0.510701060295105,80,0.291922003030777,0.18389129638671875,0.15359416604042053,0.16676713526248932
rosenbrock,1.9287498479639178e-22,2,cholesky,5,ode_transport,8192,0.02,1000,5,rosenbrock,983,0.29515695571899414,-50.72178268432617,0.4467119574546814,74,0.3415523171424866,0.22466017305850983,0.12837788462638855,0.22294598817825317
rosenbrock,1.9287498479639178e-22,2,cholesky,5,ode_transport,8192,0.02,1000,5,rosenbrock,984,0.3674502372741699,-50.720115661621094,0.46211451292037964,92,0.3703823387622833,0.24540676176548004,0.16685868799686432,0.22162312269210815
rosenbrock,1.9287498479639178e-22,2,cholesky,5,ode_transport,8192,0.02,1000,5,rosenbrock,985,0.2962489128112793,-50.71671676635742,0.8312044739723206,74,0.19179098308086395,0.013551328331232071,0.13723237812519073,0.133294478058815
rosenbrock,1.9287498479639178e-22,2,cholesky,5,ode_transport,8192,0.02,1000,5,rosenbrock,986,0.9805939197540283,-50.71335220336914,0.47226089239120483,80,0.4115182161331177,0.3038880527019501,0.22728070616722107,0.1591942012310028
rosenbrock,1.9287498479639178e-22,2,cholesky,5,ode_transport,8192,0.02,1000,5,rosenbrock,987,1.0393338203430176,-50.7108154296875,0.39140015840530396,80,0.24425344169139862,0.06052384153008461,0.17441223561763763,0.1599280685186386
rosenbrock,1.9287498479639178e-22,2,cholesky,5,ode_transport,8192,0.02,1000,5,rosenbrock,988,0.46983790397644043,-50.706485748291016,0.4237704277038574,86,0.3926506042480469,0.24186812341213226,0.2500797212123871,0.18202857673168182
rosenbrock,1.9287498479639178e-22,2,cholesky,5,ode_transport,8192,0.02,1000,5,rosenbrock,989,0.39188313484191895,-50.7166862487793,0.4196092188358307,86,0.3871343731880188,0.2880910038948059,0.19000855088233948,0.17542345821857452
rosenbrock,1.9287498479639178e-22,2,cholesky,5,ode_transport,8192,0.02,1000,5,rosenbrock,990,0.34221315383911133,-50.71403884887695,0.5133644938468933,74,0.17754068970680237,0.05989568307995796,0.1041129007935524,0.1307429075241089
rosenbrock,1.9287498479639178e-22,2,cholesky,5,ode_transport,8192,0.02,1000,5,rosenbrock,991,0.5398120880126953,-50.71295166015625,0.4104985296726227,92,0.3843114972114563,0.27289751172065735,0.12830087542533875,0.23824593424797058
rosenbrock,1.9287498479639178e-22,2,cholesky,5,ode_transport,8192,0.02,1000,5,rosenbrock,992,0.44321393966674805,-50.72002410888672,0.5288874506950378,80,0.20860591530799866,0.040239423513412476,0.12051968276500702,0.16544552147388458
rosenbrock,1.9287498479639178e-22,2,cholesky,5,ode_transport,8192,0.02,1000,5,rosenbrock,993,0.4415011405944824,-50.71443557739258,0.49538254737854004,86,2.387727975845337,1.9555217027664185,0.7663115859031677,1.1357579231262207
rosenbrock,1.9287498479639178e-22,2,cholesky,5,ode_transport,8192,0.02,1000,5,rosenbrock,994,0.5140128135681152,-50.71089553833008,0.3958916962146759,98,0.2710118591785431,0.13975101709365845,0.1154291182756424,0.2014775276184082
rosenbrock,1.9287498479639178e-22,2,cholesky,5,ode_transport,8192,0.02,1000,5,rosenbrock,995,0.5427439212799072,-50.71467971801758,0.434301495552063,92,0.4872790277004242,0.4092628061771393,0.16369223594665527,0.2077249437570572
rosenbrock,1.9287498479639178e-22,2,cholesky,5,ode_transport,8192,0.02,1000,5,rosenbrock,996,0.4793872833251953,-50.719520568847656,0.44742390513420105,68,0.19211746752262115,0.07627037167549133,0.11910043656826019,0.13002707064151764
rosenbrock,1.9287498479639178e-22,2,cholesky,5,ode_transport,8192,0.02,1000,5,rosenbrock,997,0.4355950355529785,-50.71591567993164,0.3886869549751282,74,0.18171574175357819,0.032739561051130295,0.11786513775587082,0.13437463343143463
rosenbrock,1.9287498479639178e-22,2,cholesky,5,ode_transport,8192,0.02,1000,5,rosenbrock,998,0.5028011798858643,-50.7213134765625,0.454364150762558,74,0.9453362822532654,0.7499093413352966,0.30740979313850403,0.48661690950393677
rosenbrock,1.9287498479639178e-22,2,cholesky,5,ode_transport,8192,0.02,1000,5,rosenbrock,999,950.4744668006897,-50.71425247192383,0.44848984479904175,86,4.7982258796691895,4.177014350891113,1.7689539194107056,1.5640738010406494
