target,target_Z,dim,chart,components,estimator,mc,lr,n_steps,seed,tag,step,wall_s,elbo,elbo_std,nfe,grad_norm,grad_norm_w,grad_norm_a,grad_norm_A
hierarchical_mixture,1.0,2,cholesky,5,ode_transport,1024,0.005,1000,1,hier_k5,0,0.07655668258666992,-60.160274505615234,15.537195205688477,56,15.373071670532227,2.0115551948547363,8.826604843139648,12.42481517791748
hierarchical_mixture,1.0,2,cholesky,5,ode_transport,1024,0.005,1000,1,hier_k5,1,0.053173065185546875,-58.94688415527344,15.880287170410156,56,15.640813827514648,1.8540796041488647,8.719574928283691,12.851709365844727
hierarchical_mixture,1.0,2,cholesky,5,ode_transport,1024,0.005,1000,1,hier_k5,2,0.053529977798461914,-59.13924026489258,15.836895942687988,56,15.625689506530762,1.7049468755722046,8.48644733428955,13.009056091308594
hierarchical_mixture,1.0,2,cholesky,5,ode_transport,1024,0.005,1000,1,hier_k5,3,0.056533098220825195,-59.722068786621094,15.755206108093262,56,15.32343578338623,1.951786756515503,8.617366790771484,12.519552230834961
hierarchical_mixture,1.0,2,cholesky,5,ode_transport,1024,0.005,1000,1,hier_k5,4,0.08775591850280762,-58.810516357421875,15.863211631774902,56,15.461455345153809,1.8508529663085938,8.59113597869873,12.720980644226074
hierarchical_mixture,1.0,2,cholesky,5,ode_transport,1024,0.005,1000,1,hier_k5,5,0.052549123764038086,-58.6285285949707,15.463994026184082,56,15.563762664794922,1.5080686807632446,8.288989067077637,13.086216926574707
hierarchical_mixture,1.0,2,cholesky,5,ode_transport,1024,0.005,1000,1,hier_k5,6,0.05374002456665039,-57.15929412841797,16.254587173461914,56,15.942220687866211,1.729876160621643,8.681076049804688,13.258992195129395
hierarchical_mixture,1.0,2,cholesky,5,ode_transport,1024,0.005,1000,1,hier_k5,7,0.05367326736450195,-57.70783615112305,15.89466381072998,56,15.809626579284668,1.714435338973999,8.499585151672363,13.21976089477539
hierarchical_mixture,1.0,2,cholesky,5,ode_transport,1024,0.005,1000,1,hier_k5,8,0.05568289756774902,-57.2950439453125,16.636674880981445,56,15.637189865112305,1.5363270044326782,8.42861270904541,13.081279754638672
hierarchical_mixture,1.0,2,cholesky,5,ode_transport,1024,0.005,1000,1,hier_k5,9,0.05292010307312012,-57.85005569458008,16.274656295776367,56,15.528440475463867,1.9721105098724365,8.720273971557617,12.69645881652832
hierarchical_mixture,1.0,2,cholesky,5,ode_transport,1024,0.005,1000,1,hier_k5,10,0.05571103096008301,-56.138099670410156,16.889314651489258,56,15.797638893127441,1.7850756645202637,8.539166450500488,13.170479774475098
hierarchical_mixture,1.0,2,cholesky,5,ode_transport,1024,0.005,1000,1,hier_k5,11,0.05524587631225586,-56.53040313720703,16.148435592651367,56,15.963650703430176,1.8349050283432007,8.709039688110352,13.25231647491455
hierarchical_mixture,1.0,2,cholesky,5,ode_transport,1024,0.005,1000,1,hier_k5,12,0.05391287803649902,-55.79126739501953,16.892364501953125,56,15.972071647644043,1.5970356464385986,8.238914489746094,13.58958625793457
hierarchical_mixture,1.0,2,cholesky,5,ode_transport,1024,0.005,1000,1,hier_k5,13,0.05383920669555664,-55.72175216674805,16.57284164428711,56,16.015993118286133,1.8485174179077148,8.676210403442383,13.334856033325195
hierarchical_mixture,1.0,2,cholesky,5,ode_transport,1024,0.005,1000,1,hier_k5,14,0.05384230613708496,-54.863380432128906,16.920969009399414,56,16.0189208984375,1.8897582292556763,8.590278625488281,13.388118743896484
hierarchical_mixture,1.0,2,cholesky,5,ode_transport,1024,0.005,1000,1,hier_k5,15,0.054131269454956055,-55.13144302368164,17.620861053466797,56,15.738797187805176,1.6183271408081055,8.316812515258789,13.263535499572754
hierarchical_mixture,1.0,2,cholesky,5,ode_transport,1024,0.005,1000,1,hier_k5,16,0.05461716651916504,-54.758304595947266,17.141572952270508,56,15.948803901672363,1.9144766330718994,8.697927474975586,13.230463981628418
hierarchical_mixture,1.0,2,cholesky,5,ode_transport,1024,0.005,1000,1,hier_k5,17,0.05659198760986328,-52.92732238769531,17.60597038269043,56,16.344085693359375,1.9498491287231445,8.751211166381836,13.665412902832031
hierarchical_mixture,1.0,2,cholesky,5,ode_transport,1024,0.005,1000,1,hier_k5,18,0.05635404586791992,-53.697792053222656,17.540063858032227,56,15.994351387023926,1.6262311935424805,8.306283950805664,13.571305274963379
hierarchical_mixture,1.0,2,cholesky,5,ode_transport,1024,0.005,1000,1,hier_k5,19,0.05723118782043457,-53.72993469238281,17.412757873535156,56,16.084877014160156,1.7411456108093262,8.42953872680664,13.588031768798828
hierarchical_mixture,1.0,2,cholesky,5,ode_transport,1024,0.005,1000,1,hier_k5,20,0.0552830696105957,-53.888797760009766,17.53600311279297,56,15.84634017944336,1.7775146961212158,8.454795837402344,13.283952713012695
hierarchical_mixture,1.0,2,cholesky,5,ode_transport,1024,0.005,1000,1,hier_k5,21,0.054700613021850586,-52.89595031738281,18.092557907104492,56,16.080827713012695,1.7431576251983643,8.30003833770752,13.662495613098145
hierarchical_mixture,1.0,2,cholesky,5,ode_transport,1024,0.005,1000,1,hier_k5,22,0.05344676971435547,-52.44995880126953,17.67899513244629,56,16.183095932006836,1.8607486486434937,8.499433517456055,13.645139694213867
hierarchical_mixture,1.0,2,cholesky,5,ode_transport,1024,0.005,1000,1,hier_k5,23,0.05773806571960449,-52.60441589355469,17.414817810058594,56,16.205360412597656,1.86776602268219,8.364659309387207,13.753458976745605
hierarchical_mixture,1.0,2,cholesky,5,ode_transport,1024,0.005,1000,1,hier_k5,24,0.05438804626464844,-51.48252868652344,17.55750846862793,56,16.288135528564453,1.7362414598464966,8.546918869018555,13.756417274475098
hierarchical_mixture,1.0,2,cholesky,5,ode_transport,1024,0.005,1000,1,hier_k5,25,0.05201292037963867,-50.86750793457031,18.597509384155273,56,16.317081451416016,1.9430196285247803,8.518325805664062,13.780781745910645
hierarchical_mixture,1.0,2,cholesky,5,ode_transport,1024,0.005,1000,1,hier_k5,26,0.05070638656616211,-51.706417083740234,18.172086715698242,56,16.093137741088867,1.6346299648284912,8.194211959838867,13.75398063659668
hierarchical_mixture,1.0,2,cholesky,5,ode_transport,1024,0.005,1000,1,hier_k5,27,0.056739091873168945,-50.20173645019531,18.919034957885742,56,16.233367919921875,1.688063383102417,8.237062454223633,13.886088371276855
hierarchical_mixture,1.0,2,cholesky,5,ode_transport,1024,0.005,1000,1,hier_k5,28,0.05917096138000488,-50.607521057128906,18.56528091430664,56,16.37040138244629,1.5498087406158447,8.01158332824707,14.191640853881836
hierarchical_mixture,1.0,2,cholesky,5,ode_transport,1024,0.005,1000,1,hier_k5,29,0.05652213096618652,-50.07536315917969,18.35202407836914,56,16.262928009033203,1.5045373439788818,8.037928581237793,14.057414054870605
hierarchical_mixture,1.0,2,cholesky,5,ode_transport,1024,0.005,1000,1,hier_k5,30,0.05463099479675293,-49.318809509277344,18.76907730102539,56,16.285871505737305,1.6879382133483887,8.077265739440918,14.040592193603516
hierarchical_mixture,1.0,2,cholesky,5,ode_transport,1024,0.005,1000,1,hier_k5,31,0.06143808364868164,-48.73516082763672,18.579565048217773,56,16.42575454711914,1.492781639099121,8.07224178314209,14.227295875549316
hierarchical_mixture,1.0,2,cholesky,5,ode_transport,1024,0.005,1000,1,hier_k5,32,0.05659174919128418,-49.008392333984375,19.224212646484375,56,16.214405059814453,1.9452216625213623,8.40443229675293,13.72911548614502
hierarchical_mixture,1.0,2,cholesky,5,ode_transport,1024,0.005,1000,1,hier_k5,33,0.05892610549926758,-48.1672477722168,19.307321548461914,56,16.302330017089844,1.6490434408187866,8.176065444946289,14.007089614868164
hierarchical_mixture,1.0,2,cholesky,5,ode_transport,1024,0.005,1000,1,hier_k5,34,0.05798006057739258,-47.5875244140625,19.537071228027344,56,16.395288467407227,1.5553901195526123,7.929105281829834,14.265885353088379
hierarchical_mixture,1.0,2,cholesky,5,ode_transport,1024,0.005,1000,1,hier_k5,35,0.05765104293823242,-48.78474044799805,18.94709014892578,56,16.348247528076172,1.234985113143921,7.6054511070251465,14.418636322021484
hierarchical_mixture,1.0,2,cholesky,5,ode_transport,1024,0.005,1000,1,hier_k5,36,0.05423593521118164,-46.23257827758789,19.7476749420166,56,16.466537475585938,1.4110734462738037,7.716553211212158,14.477932929992676
hierarchical_mixture,1.0,2,cholesky,5,ode_transport,1024,0.005,1000,1,hier_k5,37,0.05350923538208008,-47.439231872558594,19.389833450317383,56,16.264358520507812,1.3045191764831543,7.556515216827393,14.343174934387207
hierarchical_mixture,1.0,2,cholesky,5,ode_transport,1024,0.005,1000,1,hier_k5,38,0.05397295951843262,-46.057464599609375,19.638629913330078,56,16.380634307861328,1.2756054401397705,7.435335636138916,14.54007625579834
hierarchical_mixture,1.0,2,cholesky,5,ode_transport,1024,0.005,1000,1,hier_k5,39,0.056456804275512695,-45.226566314697266,19.58795738220215,56,16.474098205566406,1.47769296169281,7.825850009918213,14.421111106872559
hierarchical_mixture,1.0,2,cholesky,5,ode_transport,1024,0.005,1000,1,hier_k5,40,0.05680727958679199,-45.21654510498047,20.214040756225586,56,16.234731674194336,1.5178524255752563,7.860407829284668,14.12362003326416
hierarchical_mixture,1.0,2,cholesky,5,ode_transport,1024,0.005,1000,1,hier_k5,41,0.05453205108642578,-45.184417724609375,19.949254989624023,56,16.310041427612305,1.4031413793563843,7.610995292663574,14.356927871704102
hierarchical_mixture,1.0,2,cholesky,5,ode_transport,1024,0.005,1000,1,hier_k5,42,0.05100607872009277,-44.816490173339844,20.315502166748047,56,16.089435577392578,1.6309322118759155,7.754604339599609,14.002718925476074
hierarchical_mixture,1.0,2,cholesky,5,ode_transport,1024,0.005,1000,1,hier_k5,43,0.050939083099365234,-43.65732192993164,20.236948013305664,56,16.545114517211914,1.2887591123580933,7.270517826080322,14.806060791015625
hierarchical_mixture,1.0,2,cholesky,5,ode_transport,1024,0.005,1000,1,hier_k5,44,0.057028770446777344,-43.55754852294922,20.59945297241211,56,16.100738525390625,1.334256887435913,7.252187252044678,14.312905311584473
hierarchical_mixture,1.0,2,cholesky,5,ode_transport,1024,0.005,1000,1,hier_k5,45,0.057279109954833984,-43.04201126098633,20.08959197998047,56,16.475343704223633,1.3634246587753296,7.249691486358643,14.731600761413574
hierarchical_mixture,1.0,2,cholesky,5,ode_transport,1024,0.005,1000,1,hier_k5,46,0.057562828063964844,-43.44965362548828,20.551271438598633,56,16.014652252197266,1.209102749824524,7.089488506317139,14.3089599609375
hierarchical_mixture,1.0,2,cholesky,5,ode_transport,1024,0.005,1000,1,hier_k5,47,0.0575258731842041,-42.698890686035156,20.767860412597656,56,16.174842834472656,1.4598588943481445,7.161739349365234,14.429268836975098
hierarchical_mixture,1.0,2,cholesky,5,ode_transport,1024,0.005,1000,1,hier_k5,48,0.05287623405456543,-42.606876373291016,21.08551788330078,56,16.01812744140625,1.3946071863174438,7.068443775177002,14.306382179260254
hierarchical_mixture,1.0,2,cholesky,5,ode_transport,1024,0.005,1000,1,hier_k5,49,0.05687975883483887,-41.6425895690918,20.67729949951172,56,16.227264404296875,1.1910942792892456,6.722369194030762,14.7212495803833
hierarchical_mixture,1.0,2,cholesky,5,ode_transport,1024,0.005,1000,1,hier_k5,50,0.05806398391723633,-39.66321563720703,21.247135162353516,56,16.260887145996094,1.4122834205627441,6.94732666015625,14.634089469909668
hierarchical_mixture,1.0,2,cholesky,5,ode_transport,1024,0.005,1000,1,hier_k5,51,0.05727696418762207,-42.25297546386719,20.574810028076172,56,16.091609954833984,1.6665959358215332,7.07824182510376,14.35482120513916
hierarchical_mixture,1.0,2,cholesky,5,ode_transport,1024,0.005,1000,1,hier_k5,52,0.05341982841491699,-40.740638732910156,21.595752716064453,56,15.84084701538086,1.5583720207214355,6.821158409118652,14.21181583404541
hierarchical_mixture,1.0,2,cholesky,5,ode_transport,1024,0.005,1000,1,hier_k5,53,0.05632901191711426,-41.00914764404297,21.341520309448242,56,16.17802619934082,1.352762222290039,6.688486099243164,14.668425559997559
hierarchical_mixture,1.0,2,cholesky,5,ode_transport,1024,0.005,1000,1,hier_k5,54,0.05524110794067383,-40.88874816894531,21.00926399230957,56,16.2637882232666,0.9744755625724792,6.412840366363525,14.914312362670898
hierarchical_mixture,1.0,2,cholesky,5,ode_transport,1024,0.005,1000,1,hier_k5,55,0.05889105796813965,-38.22132110595703,20.01963233947754,56,16.48798942565918,1.3764290809631348,6.746360778808594,14.98151683807373
hierarchical_mixture,1.0,2,cholesky,5,ode_transport,1024,0.005,1000,1,hier_k5,56,0.056880950927734375,-38.06093215942383,21.16339683532715,56,16.290462493896484,1.4214547872543335,6.48375129699707,14.876814842224121
hierarchical_mixture,1.0,2,cholesky,5,ode_transport,1024,0.005,1000,1,hier_k5,57,0.057611942291259766,-39.502342224121094,21.751005172729492,56,15.895313262939453,1.2451809644699097,6.379112720489502,14.50577163696289
hierarchical_mixture,1.0,2,cholesky,5,ode_transport,1024,0.005,1000,1,hier_k5,58,0.05191397666931152,-38.88766098022461,21.148258209228516,56,15.607969284057617,1.4596643447875977,6.411282539367676,14.155336380004883
hierarchical_mixture,1.0,2,cholesky,5,ode_transport,1024,0.005,1000,1,hier_k5,59,0.05261492729187012,-39.45893859863281,21.648082733154297,56,15.613059997558594,1.352671504020691,6.612993240356445,14.078575134277344
hierarchical_mixture,1.0,2,cholesky,5,ode_transport,1024,0.005,1000,1,hier_k5,60,0.04961800575256348,-36.75663375854492,20.877450942993164,56,16.2772274017334,1.08770751953125,5.877922058105469,15.139848709106445
hierarchical_mixture,1.0,2,cholesky,5,ode_transport,1024,0.005,1000,1,hier_k5,61,0.05508017539978027,-37.16838455200195,20.940685272216797,56,15.86176586151123,1.558808445930481,6.480792045593262,14.393230438232422
hierarchical_mixture,1.0,2,cholesky,5,ode_transport,1024,0.005,1000,1,hier_k5,62,0.053933143615722656,-35.1927490234375,21.554101943969727,56,15.586006164550781,1.3572638034820557,6.124650478363037,14.26779842376709
hierarchical_mixture,1.0,2,cholesky,5,ode_transport,1024,0.005,1000,1,hier_k5,63,0.05545783042907715,-36.78731918334961,21.514671325683594,56,15.512313842773438,1.3872133493423462,6.156993389129639,14.170353889465332
hierarchical_mixture,1.0,2,cholesky,5,ode_transport,1024,0.005,1000,1,hier_k5,64,0.05629110336303711,-36.93234634399414,22.1956729888916,56,15.638779640197754,1.04323148727417,5.637487888336182,14.54997730255127
hierarchical_mixture,1.0,2,cholesky,5,ode_transport,1024,0.005,1000,1,hier_k5,65,0.05476999282836914,-36.15436935424805,22.263225555419922,50,15.12186336517334,1.3541773557662964,6.094747066497803,13.772835731506348
hierarchical_mixture,1.0,2,cholesky,5,ode_transport,1024,0.005,1000,1,hier_k5,66,0.051753997802734375,-35.828346252441406,21.86772346496582,50,15.781198501586914,0.9983128309249878,5.540370941162109,14.742926597595215
hierarchical_mixture,1.0,2,cholesky,5,ode_transport,1024,0.005,1000,1,hier_k5,67,0.04980301856994629,-35.02450942993164,21.892520904541016,50,15.176130294799805,1.2111947536468506,5.8541035652160645,13.949100494384766
hierarchical_mixture,1.0,2,cholesky,5,ode_transport,1024,0.005,1000,1,hier_k5,68,0.04946589469909668,-34.613285064697266,21.687423706054688,50,14.834835052490234,1.287630558013916,5.768636226654053,13.606512069702148
hierarchical_mixture,1.0,2,cholesky,5,ode_transport,1024,0.005,1000,1,hier_k5,69,0.04935908317565918,-34.636165618896484,21.53167152404785,50,15.186882019042969,1.2323871850967407,5.702611446380615,14.021513938903809
hierarchical_mixture,1.0,2,cholesky,5,ode_transport,1024,0.005,1000,1,hier_k5,70,0.0512080192565918,-33.3874626159668,22.02326774597168,50,14.863483428955078,1.1990113258361816,5.567301273345947,13.7291898727417
hierarchical_mixture,1.0,2,cholesky,5,ode_transport,1024,0.005,1000,1,hier_k5,71,0.04939007759094238,-33.35673904418945,21.815221786499023,50,15.321456909179688,1.4427963495254517,5.377023696899414,14.274208068847656
hierarchical_mixture,1.0,2,cholesky,5,ode_transport,1024,0.005,1000,1,hier_k5,72,0.04966878890991211,-32.957733154296875,22.391742706298828,50,14.346426963806152,1.298074722290039,5.436546802520752,13.212831497192383
hierarchical_mixture,1.0,2,cholesky,5,ode_transport,1024,0.005,1000,1,hier_k5,73,0.049562931060791016,-31.8101806640625,21.368471145629883,50,15.107398986816406,1.674838900566101,5.5652642250061035,13.944756507873535
hierarchical_mixture,1.0,2,cholesky,5,ode_transport,1024,0.005,1000,1,hier_k5,74,0.05064129829406738,-32.53373336791992,21.39157485961914,50,15.248420715332031,1.1029009819030762,5.350241184234619,14.236321449279785
hierarchical_mixture,1.0,2,cholesky,5,ode_transport,1024,0.005,1000,1,hier_k5,75,0.0504457950592041,-32.24577331542969,22.18077850341797,50,14.945507049560547,1.0265464782714844,5.145277500152588,13.994303703308105
hierarchical_mixture,1.0,2,cholesky,5,ode_transport,1024,0.005,1000,1,hier_k5,76,0.05041003227233887,-32.17449951171875,21.504161834716797,50,15.05438232421875,0.9449620842933655,5.0397467613220215,14.154237747192383
hierarchical_mixture,1.0,2,cholesky,5,ode_transport,1024,0.005,1000,1,hier_k5,77,0.048935890197753906,-32.13166809082031,22.706064224243164,50,14.821009635925293,0.9951918721199036,4.976314544677734,13.925092697143555
hierarchical_mixture,1.0,2,cholesky,5,ode_transport,1024,0.005,1000,1,hier_k5,78,0.04790902137756348,-32.535247802734375,22.223033905029297,50,14.03845500946045,1.1748360395431519,5.1195878982543945,13.018747329711914
hierarchical_mixture,1.0,2,cholesky,5,ode_transport,1024,0.005,1000,1,hier_k5,79,0.04890108108520508,-31.156465530395508,21.26416778564453,50,15.128205299377441,0.9445908069610596,4.649835109710693,14.364866256713867
hierarchical_mixture,1.0,2,cholesky,5,ode_transport,1024,0.005,1000,1,hier_k5,80,0.05536794662475586,-31.361738204956055,21.836383819580078,50,14.396909713745117,1.2829550504684448,4.712148189544678,13.543289184570312
hierarchical_mixture,1.0,2,cholesky,5,ode_transport,1024,0.005,1000,1,hier_k5,81,0.053212881088256836,-29.64208984375,21.080595016479492,50,14.376900672912598,1.5295330286026,4.906282424926758,13.426994323730469
hierarchical_mixture,1.0,2,cholesky,5,ode_transport,1024,0.005,1000,1,hier_k5,82,0.05216813087463379,-29.69814682006836,21.50482940673828,50,13.820821762084961,1.168269395828247,4.668306827545166,12.955971717834473
hierarchical_mixture,1.0,2,cholesky,5,ode_transport,1024,0.005,1000,1,hier_k5,83,0.04854011535644531,-30.703346252441406,22.53653907775879,44,13.959070205688477,1.2582820653915405,4.7914628982543945,13.050450325012207
hierarchical_mixture,1.0,2,cholesky,5,ode_transport,1024,0.005,1000,1,hier_k5,84,0.047943830490112305,-29.05280303955078,21.05257797241211,44,14.0150785446167,1.163369059562683,4.617436408996582,13.181361198425293
hierarchical_mixture,1.0,2,cholesky,5,ode_transport,1024,0.005,1000,1,hier_k5,85,0.04688405990600586,-28.681808471679688,21.35508918762207,44,12.985112190246582,1.240141749382019,4.747800350189209,12.022211074829102
hierarchical_mixture,1.0,2,cholesky,5,ode_transport,1024,0.005,1000,1,hier_k5,86,0.04701590538024902,-29.490814208984375,22.204347610473633,44,13.57424545288086,1.5184687376022339,4.429819107055664,12.740923881530762
hierarchical_mixture,1.0,2,cholesky,5,ode_transport,1024,0.005,1000,1,hier_k5,87,0.046314239501953125,-27.3610782623291,21.352140426635742,44,13.751928329467773,1.0232356786727905,3.998183488845825,13.1180419921875
hierarchical_mixture,1.0,2,cholesky,5,ode_transport,1024,0.005,1000,1,hier_k5,88,0.048959970474243164,-28.239517211914062,21.510639190673828,44,13.446300506591797,1.2737387418746948,4.357062816619873,12.656880378723145
hierarchical_mixture,1.0,2,cholesky,5,ode_transport,1024,0.005,1000,1,hier_k5,89,0.047530174255371094,-29.245527267456055,22.08119010925293,44,12.796954154968262,1.4760737419128418,4.569737911224365,11.861733436584473
hierarchical_mixture,1.0,2,cholesky,5,ode_transport,1024,0.005,1000,1,hier_k5,90,0.06000399589538574,-28.003620147705078,23.12883186340332,56,12.298368453979492,1.1865566968917847,4.519990921020508,11.375923156738281
hierarchical_mixture,1.0,2,cholesky,5,ode_transport,1024,0.005,1000,1,hier_k5,91,0.0497128963470459,-27.326372146606445,21.508005142211914,44,11.696645736694336,1.276105284690857,4.229907512664795,10.830095291137695
hierarchical_mixture,1.0,2,cholesky,5,ode_transport,1024,0.005,1000,1,hier_k5,92,0.04992938041687012,-25.70197296142578,21.032609939575195,44,12.236349105834961,1.3006523847579956,4.281905651092529,11.388670921325684
hierarchical_mixture,1.0,2,cholesky,5,ode_transport,1024,0.005,1000,1,hier_k5,93,0.06000924110412598,-26.943435668945312,21.803010940551758,56,12.433670997619629,1.2539772987365723,4.2657999992370605,11.611488342285156
hierarchical_mixture,1.0,2,cholesky,5,ode_transport,1024,0.005,1000,1,hier_k5,94,0.04484724998474121,-25.84333610534668,21.309507369995117,38,13.071219444274902,1.2898993492126465,3.8961668014526367,12.41019058227539
hierarchical_mixture,1.0,2,cholesky,5,ode_transport,1024,0.005,1000,1,hier_k5,95,0.05677485466003418,-26.74946403503418,21.309850692749023,56,11.710500717163086,1.3410898447036743,4.056837558746338,10.903182029724121
hierarchical_mixture,1.0,2,cholesky,5,ode_transport,1024,0.005,1000,1,hier_k5,96,0.057717084884643555,-26.075538635253906,20.92605972290039,56,11.628052711486816,1.2996388673782349,4.091342926025391,10.806639671325684
hierarchical_mixture,1.0,2,cholesky,5,ode_transport,1024,0.005,1000,1,hier_k5,97,0.05697822570800781,-25.965845108032227,21.67450714111328,56,12.094863891601562,1.2129637002944946,3.9414358139038086,11.370115280151367
hierarchical_mixture,1.0,2,cholesky,5,ode_transport,1024,0.005,1000,1,hier_k5,98,0.045248985290527344,-23.77642822265625,20.058298110961914,38,11.017979621887207,1.3247041702270508,3.9421160221099854,10.202978134155273
hierarchical_mixture,1.0,2,cholesky,5,ode_transport,1024,0.005,1000,1,hier_k5,99,0.05610394477844238,-25.93975257873535,20.833311080932617,50,11.05276870727539,1.2074284553527832,4.0986738204956055,10.193463325500488
hierarchical_mixture,1.0,2,cholesky,5,ode_transport,1024,0.005,1000,1,hier_k5,100,0.05552506446838379,-25.191287994384766,21.264490127563477,50,10.967623710632324,1.2526538372039795,3.7211036682128906,10.240753173828125
hierarchical_mixture,1.0,2,cholesky,5,ode_transport,1024,0.005,1000,1,hier_k5,101,0.05549311637878418,-23.734766006469727,20.49770164489746,50,10.506861686706543,1.2436416149139404,3.8479771614074707,9.6974515914917
hierarchical_mixture,1.0,2,cholesky,5,ode_transport,1024,0.005,1000,1,hier_k5,102,0.05382394790649414,-25.68826675415039,21.415735244750977,50,9.625181198120117,1.2340855598449707,4.015129566192627,8.660246849060059
hierarchical_mixture,1.0,2,cholesky,5,ode_transport,1024,0.005,1000,1,hier_k5,103,0.05602002143859863,-24.81589126586914,21.563634872436523,50,9.904105186462402,0.9843268990516663,3.5225889682769775,9.204008102416992
hierarchical_mixture,1.0,2,cholesky,5,ode_transport,1024,0.005,1000,1,hier_k5,104,0.052139997482299805,-25.13343620300293,21.051212310791016,50,9.303142547607422,0.9156910181045532,3.6200761795043945,8.520857810974121
hierarchical_mixture,1.0,2,cholesky,5,ode_transport,1024,0.005,1000,1,hier_k5,105,0.049015045166015625,-24.751840591430664,20.66167449951172,44,9.43242359161377,1.4009785652160645,3.7444331645965576,8.543249130249023
hierarchical_mixture,1.0,2,cholesky,5,ode_transport,1024,0.005,1000,1,hier_k5,106,0.05506014823913574,-23.625507354736328,21.09811782836914,50,9.06141185760498,0.9280991554260254,3.3364129066467285,8.373539924621582
hierarchical_mixture,1.0,2,cholesky,5,ode_transport,1024,0.005,1000,1,hier_k5,107,0.055185794830322266,-24.335247039794922,21.305076599121094,50,8.688852310180664,0.9934627413749695,3.3929903507232666,7.937052249908447
hierarchical_mixture,1.0,2,cholesky,5,ode_transport,1024,0.005,1000,1,hier_k5,108,0.0552067756652832,-23.324356079101562,20.448497772216797,50,10.220377922058105,0.9510942101478577,3.3804831504821777,9.598118782043457
hierarchical_mixture,1.0,2,cholesky,5,ode_transport,1024,0.005,1000,1,hier_k5,109,0.05326986312866211,-24.48466682434082,21.88205337524414,50,8.842822074890137,1.318862795829773,3.926316738128662,7.81281852722168
hierarchical_mixture,1.0,2,cholesky,5,ode_transport,1024,0.005,1000,1,hier_k5,110,0.06248593330383301,-23.574613571166992,22.14076042175293,50,8.218820571899414,1.153822422027588,3.3959853649139404,7.3949294090271
hierarchical_mixture,1.0,2,cholesky,5,ode_transport,1024,0.005,1000,1,hier_k5,111,0.06479430198669434,-23.992040634155273,21.7785701751709,50,8.626349449157715,1.1728870868682861,3.360069513320923,7.8580002784729
hierarchical_mixture,1.0,2,cholesky,5,ode_transport,1024,0.005,1000,1,hier_k5,112,0.05707502365112305,-23.096845626831055,20.454622268676758,50,7.499586582183838,1.3281995058059692,3.7305240631103516,6.368898868560791
hierarchical_mixture,1.0,2,cholesky,5,ode_transport,1024,0.005,1000,1,hier_k5,113,0.05456686019897461,-22.249805450439453,21.205930709838867,50,8.87759780883789,1.0632084608078003,3.4879183769226074,8.0941801071167
hierarchical_mixture,1.0,2,cholesky,5,ode_transport,1024,0.005,1000,1,hier_k5,114,0.056233882904052734,-23.471309661865234,22.129281997680664,50,7.175134658813477,1.0003211498260498,3.3979403972625732,6.239864826202393
hierarchical_mixture,1.0,2,cholesky,5,ode_transport,1024,0.005,1000,1,hier_k5,115,0.05380082130432129,-22.375553131103516,21.2020263671875,50,8.244009971618652,0.8657251596450806,3.2956488132476807,7.5068583488464355
hierarchical_mixture,1.0,2,cholesky,5,ode_transport,1024,0.005,1000,1,hier_k5,116,0.05176401138305664,-21.67088508605957,20.728761672973633,50,7.449456691741943,0.7330952882766724,2.9287054538726807,6.8102617263793945
hierarchical_mixture,1.0,2,cholesky,5,ode_transport,1024,0.005,1000,1,hier_k5,117,0.05129504203796387,-22.83024024963379,21.6024169921875,50,6.88292932510376,0.705181360244751,3.1283326148986816,6.090235710144043
hierarchical_mixture,1.0,2,cholesky,5,ode_transport,1024,0.005,1000,1,hier_k5,118,0.05067920684814453,-22.048295974731445,21.139713287353516,44,6.744776248931885,0.6423887014389038,3.2324483394622803,5.8847784996032715
hierarchical_mixture,1.0,2,cholesky,5,ode_transport,1024,0.005,1000,1,hier_k5,119,0.050093889236450195,-21.678295135498047,20.45578956604004,44,7.141738414764404,0.7965303063392639,3.123500347137451,6.372888088226318
hierarchical_mixture,1.0,2,cholesky,5,ode_transport,1024,0.005,1000,1,hier_k5,120,0.05131816864013672,-22.450626373291016,21.58245086669922,44,7.264863967895508,0.8239740133285522,3.107642412185669,6.514743328094482
hierarchical_mixture,1.0,2,cholesky,5,ode_transport,1024,0.005,1000,1,hier_k5,121,0.05033612251281738,-22.551603317260742,29.03923988342285,44,7.481389999389648,0.7491986751556396,3.2216379642486572,6.71051025390625
hierarchical_mixture,1.0,2,cholesky,5,ode_transport,1024,0.005,1000,1,hier_k5,122,0.05349087715148926,-23.164794921875,21.178119659423828,50,7.011141300201416,0.6036601662635803,3.0625405311584473,6.277940273284912
hierarchical_mixture,1.0,2,cholesky,5,ode_transport,1024,0.005,1000,1,hier_k5,123,0.05202317237854004,-21.954483032226562,22.006240844726562,44,6.872134685516357,0.7880034446716309,3.2850680351257324,5.984447956085205
hierarchical_mixture,1.0,2,cholesky,5,ode_transport,1024,0.005,1000,1,hier_k5,124,0.05165910720825195,-21.455703735351562,22.37672996520996,44,6.227272987365723,0.5426579117774963,3.020136594772339,5.4187846183776855
hierarchical_mixture,1.0,2,cholesky,5,ode_transport,1024,0.005,1000,1,hier_k5,125,0.049408912658691406,-22.792070388793945,23.521331787109375,44,6.71251106262207,0.8920664191246033,2.9477627277374268,5.964286804199219
hierarchical_mixture,1.0,2,cholesky,5,ode_transport,1024,0.005,1000,1,hier_k5,126,0.050170183181762695,-22.659032821655273,22.98714256286621,44,6.822996139526367,0.47795742750167847,3.0784108638763428,6.070273399353027
hierarchical_mixture,1.0,2,cholesky,5,ode_transport,1024,0.005,1000,1,hier_k5,127,0.05095791816711426,-20.62814712524414,20.849647521972656,44,5.824556827545166,0.45180952548980713,2.865495204925537,5.0507683753967285
hierarchical_mixture,1.0,2,cholesky,5,ode_transport,1024,0.005,1000,1,hier_k5,128,0.04913592338562012,-22.327611923217773,28.63578224182129,44,6.655391216278076,1.067747712135315,3.7095255851745605,5.421583652496338
hierarchical_mixture,1.0,2,cholesky,5,ode_transport,1024,0.005,1000,1,hier_k5,129,0.05316972732543945,-23.226783752441406,23.385696411132812,50,6.865860462188721,0.4114331901073456,3.0862884521484375,6.1192803382873535
hierarchical_mixture,1.0,2,cholesky,5,ode_transport,1024,0.005,1000,1,hier_k5,130,0.0504300594329834,-22.059814453125,27.90740394592285,44,5.993670463562012,0.6737886667251587,3.1320321559906006,5.065616607666016
hierarchical_mixture,1.0,2,cholesky,5,ode_transport,1024,0.005,1000,1,hier_k5,131,0.060961008071899414,-21.644384384155273,21.86721420288086,50,5.702951908111572,0.6836104989051819,3.0893449783325195,4.744711399078369
hierarchical_mixture,1.0,2,cholesky,5,ode_transport,1024,0.005,1000,1,hier_k5,132,0.05626988410949707,-20.35122299194336,23.551706314086914,44,6.101799011230469,0.5341574549674988,2.785060405731201,5.402782917022705
hierarchical_mixture,1.0,2,cholesky,5,ode_transport,1024,0.005,1000,1,hier_k5,133,0.057257890701293945,-21.44886589050293,20.73658561706543,50,5.426342487335205,0.650026798248291,3.3133420944213867,4.247872352600098
hierarchical_mixture,1.0,2,cholesky,5,ode_transport,1024,0.005,1000,1,hier_k5,134,0.05515694618225098,-20.174030303955078,20.590761184692383,50,5.200406074523926,0.7477872371673584,3.2455646991729736,3.993913412094116
hierarchical_mixture,1.0,2,cholesky,5,ode_transport,1024,0.005,1000,1,hier_k5,135,0.05675315856933594,-20.964282989501953,20.09857940673828,50,4.992579936981201,0.5366805195808411,2.947615146636963,3.993669033050537
hierarchical_mixture,1.0,2,cholesky,5,ode_transport,1024,0.005,1000,1,hier_k5,136,0.05405688285827637,-20.738483428955078,19.83849334716797,50,5.275408744812012,0.5079706311225891,3.081374406814575,4.251709461212158
hierarchical_mixture,1.0,2,cholesky,5,ode_transport,1024,0.005,1000,1,hier_k5,137,0.05707097053527832,-20.639060974121094,20.42978286743164,50,6.133227825164795,0.8386226296424866,3.4479715824127197,5.002468109130859
hierarchical_mixture,1.0,2,cholesky,5,ode_transport,1024,0.005,1000,1,hier_k5,138,0.057106971740722656,-19.645551681518555,20.868803024291992,50,5.275111675262451,0.7405686974525452,3.5111958980560303,3.8665056228637695
hierarchical_mixture,1.0,2,cholesky,5,ode_transport,1024,0.005,1000,1,hier_k5,139,0.05272078514099121,-21.22331428527832,20.105249404907227,50,6.3876142501831055,0.6181775331497192,3.214383125305176,5.485180854797363
hierarchical_mixture,1.0,2,cholesky,5,ode_transport,1024,0.005,1000,1,hier_k5,140,0.052178144454956055,-20.400501251220703,20.674062728881836,50,4.951137065887451,0.5190374255180359,2.922060012817383,3.9630701541900635
hierarchical_mixture,1.0,2,cholesky,5,ode_transport,1024,0.005,1000,1,hier_k5,141,0.052147865295410156,-20.388330459594727,19.95880699157715,50,5.951488018035889,0.41798076033592224,2.8240091800689697,5.222113609313965
hierarchical_mixture,1.0,2,cholesky,5,ode_transport,1024,0.005,1000,1,hier_k5,142,0.050486087799072266,-21.921144485473633,22.97945213317871,50,4.607150077819824,0.3746674656867981,2.83798885345459,3.6098859310150146
hierarchical_mixture,1.0,2,cholesky,5,ode_transport,1024,0.005,1000,1,hier_k5,143,0.05000591278076172,-20.815048217773438,22.77904510498047,50,4.6685895919799805,0.8177607655525208,3.0512523651123047,3.437565565109253
hierarchical_mixture,1.0,2,cholesky,5,ode_transport,1024,0.005,1000,1,hier_k5,144,0.050176143646240234,-20.044212341308594,23.999780654907227,50,6.099850177764893,0.6148507595062256,3.3031272888183594,5.091117858886719
hierarchical_mixture,1.0,2,cholesky,5,ode_transport,1024,0.005,1000,1,hier_k5,145,0.05085420608520508,-20.6732234954834,20.83426856994629,50,4.21470308303833,0.3939164876937866,2.8968312740325928,3.0359387397766113
hierarchical_mixture,1.0,2,cholesky,5,ode_transport,1024,0.005,1000,1,hier_k5,146,0.05122113227844238,-20.966407775878906,20.917964935302734,50,3.8463306427001953,0.39090433716773987,2.9959943294525146,2.38022518157959
hierarchical_mixture,1.0,2,cholesky,5,ode_transport,1024,0.005,1000,1,hier_k5,147,0.05809283256530762,-20.06672477722168,19.971567153930664,50,5.051037311553955,0.6231293678283691,3.3180434703826904,3.7570302486419678
hierarchical_mixture,1.0,2,cholesky,5,ode_transport,1024,0.005,1000,1,hier_k5,148,0.051428794860839844,-21.54833221435547,20.449207305908203,44,5.193661212921143,0.5372598171234131,3.4211628437042236,3.870543956756592
hierarchical_mixture,1.0,2,cholesky,5,ode_transport,1024,0.005,1000,1,hier_k5,149,0.05249595642089844,-21.00470542907715,22.452102661132812,50,4.122828006744385,0.5774292945861816,3.081636905670166,2.6772749423980713
hierarchical_mixture,1.0,2,cholesky,5,ode_transport,1024,0.005,1000,1,hier_k5,150,0.050850868225097656,-20.554040908813477,20.57503318786621,44,4.677548408508301,0.6306031346321106,3.4781851768493652,3.063335418701172
hierarchical_mixture,1.0,2,cholesky,5,ode_transport,1024,0.005,1000,1,hier_k5,151,0.05564117431640625,-21.611019134521484,21.596702575683594,50,4.233580112457275,0.42684343457221985,3.1815850734710693,2.760166645050049
hierarchical_mixture,1.0,2,cholesky,5,ode_transport,1024,0.005,1000,1,hier_k5,152,0.057224273681640625,-21.005422592163086,21.091798782348633,50,4.022042274475098,0.3958417773246765,3.0994980335235596,2.5324385166168213
hierarchical_mixture,1.0,2,cholesky,5,ode_transport,1024,0.005,1000,1,hier_k5,153,0.05706191062927246,-21.70376968383789,21.8089656829834,50,3.9333527088165283,0.6486620306968689,3.1266350746154785,2.296661376953125
hierarchical_mixture,1.0,2,cholesky,5,ode_transport,1024,0.005,1000,1,hier_k5,154,0.05280590057373047,-19.826955795288086,19.816999435424805,44,4.377152442932129,0.6721346974372864,3.387460947036743,2.689387798309326
hierarchical_mixture,1.0,2,cholesky,5,ode_transport,1024,0.005,1000,1,hier_k5,155,0.052063941955566406,-19.640304565429688,21.603572845458984,44,4.275669574737549,0.8372491002082825,3.2727890014648438,2.6209187507629395
hierarchical_mixture,1.0,2,cholesky,5,ode_transport,1024,0.005,1000,1,hier_k5,156,0.0514988899230957,-20.399097442626953,20.32056427001953,44,3.8960204124450684,0.35939672589302063,2.956190586090088,2.512120008468628
hierarchical_mixture,1.0,2,cholesky,5,ode_transport,1024,0.005,1000,1,hier_k5,157,0.051229000091552734,-19.525405883789062,20.05091094970703,44,3.75955867767334,0.4277036488056183,2.994253158569336,2.2328903675079346
hierarchical_mixture,1.0,2,cholesky,5,ode_transport,1024,0.005,1000,1,hier_k5,158,0.05013108253479004,-19.98562240600586,24.66037940979004,44,3.7978084087371826,0.5490842461585999,3.0487465858459473,2.1970431804656982
hierarchical_mixture,1.0,2,cholesky,5,ode_transport,1024,0.005,1000,1,hier_k5,159,0.05006289482116699,-18.722023010253906,19.64426040649414,44,3.2584471702575684,0.34422817826271057,2.7977356910705566,1.6345213651657104
hierarchical_mixture,1.0,2,cholesky,5,ode_transport,1024,0.005,1000,1,hier_k5,160,0.049627065658569336,-20.437028884887695,23.798173904418945,44,3.772852897644043,0.5259577631950378,3.146916627883911,2.013629913330078
hierarchical_mixture,1.0,2,cholesky,5,ode_transport,1024,0.005,1000,1,hier_k5,161,0.04942798614501953,-19.43246078491211,19.961450576782227,44,4.1680521965026855,0.6475108861923218,3.424990653991699,2.285350799560547
hierarchical_mixture,1.0,2,cholesky,5,ode_transport,1024,0.005,1000,1,hier_k5,162,0.04962801933288574,-20.026317596435547,21.599761962890625,44,3.8644847869873047,0.3883446156978607,3.0039236545562744,2.3999741077423096
hierarchical_mixture,1.0,2,cholesky,5,ode_transport,1024,0.005,1000,1,hier_k5,163,0.04955792427062988,-18.96511459350586,20.1182918548584,44,3.7349650859832764,0.3558303415775299,2.9897243976593018,2.2101800441741943
hierarchical_mixture,1.0,2,cholesky,5,ode_transport,1024,0.005,1000,1,hier_k5,164,0.04932880401611328,-19.107521057128906,19.535404205322266,44,4.146670341491699,0.36401593685150146,2.7827212810516357,3.05267596244812
hierarchical_mixture,1.0,2,cholesky,5,ode_transport,1024,0.005,1000,1,hier_k5,165,0.055114030838012695,-20.40637969970703,21.641456604003906,44,4.1664509773254395,0.7203303575515747,3.056018829345703,2.7388296127319336
hierarchical_mixture,1.0,2,cholesky,5,ode_transport,1024,0.005,1000,1,hier_k5,166,0.05044388771057129,-19.41823959350586,20.300554275512695,44,4.058145999908447,0.4563380777835846,2.889565944671631,2.8125991821289062
hierarchical_mixture,1.0,2,cholesky,5,ode_transport,1024,0.005,1000,1,hier_k5,167,0.04981088638305664,-19.900543212890625,23.303281784057617,44,4.246949672698975,0.3817127048969269,3.0953707695007324,2.882629871368408
hierarchical_mixture,1.0,2,cholesky,5,ode_transport,1024,0.005,1000,1,hier_k5,168,0.049726009368896484,-20.47675323486328,21.917407989501953,44,4.0297980308532715,0.5327901244163513,3.257326364517212,2.3119752407073975
hierarchical_mixture,1.0,2,cholesky,5,ode_transport,1024,0.005,1000,1,hier_k5,169,0.054739952087402344,-20.37845230102539,22.880508422851562,44,7.306160926818848,0.40942108631134033,3.2676243782043457,6.521885871887207
hierarchical_mixture,1.0,2,cholesky,5,ode_transport,1024,0.005,1000,1,hier_k5,170,0.055938005447387695,-18.861845016479492,19.189077377319336,50,4.486816883087158,0.4687274396419525,3.335782527923584,2.9638445377349854
hierarchical_mixture,1.0,2,cholesky,5,ode_transport,1024,0.005,1000,1,hier_k5,171,0.050694942474365234,-19.169008255004883,21.212963104248047,44,3.651214122772217,0.3934476673603058,2.9959375858306885,2.0496153831481934
hierarchical_mixture,1.0,2,cholesky,5,ode_transport,1024,0.005,1000,1,hier_k5,172,0.05181407928466797,-19.50328254699707,19.685585021972656,44,4.2632737159729,0.7381432056427002,3.334989070892334,2.551175594329834
hierarchical_mixture,1.0,2,cholesky,5,ode_transport,1024,0.005,1000,1,hier_k5,173,0.05306601524353027,-19.34209442138672,21.505306243896484,50,4.283185958862305,0.3929212987422943,3.2708141803741455,2.737347364425659
hierarchical_mixture,1.0,2,cholesky,5,ode_transport,1024,0.005,1000,1,hier_k5,174,0.05315399169921875,-19.467802047729492,22.98832130432129,50,3.5581696033477783,0.432210773229599,2.684997797012329,2.2944607734680176
hierarchical_mixture,1.0,2,cholesky,5,ode_transport,1024,0.005,1000,1,hier_k5,175,0.049848079681396484,-20.648420333862305,23.279882431030273,44,3.9550037384033203,0.3925963342189789,3.3890318870544434,2.000596523284912
hierarchical_mixture,1.0,2,cholesky,5,ode_transport,1024,0.005,1000,1,hier_k5,176,0.05287504196166992,-19.71344757080078,20.377727508544922,50,3.501248359680176,0.4862557649612427,3.133612632751465,1.4841728210449219
hierarchical_mixture,1.0,2,cholesky,5,ode_transport,1024,0.005,1000,1,hier_k5,177,0.05319809913635254,-19.089969635009766,19.82365608215332,50,4.23682975769043,0.4202365279197693,2.96330189704895,2.9988279342651367
hierarchical_mixture,1.0,2,cholesky,5,ode_transport,1024,0.005,1000,1,hier_k5,178,0.04921722412109375,-19.35205841064453,21.75261688232422,44,4.355186462402344,0.5547369718551636,2.8300929069519043,3.2635087966918945
hierarchical_mixture,1.0,2,cholesky,5,ode_transport,1024,0.005,1000,1,hier_k5,179,0.052384138107299805,-19.117002487182617,20.337892532348633,50,4.331202983856201,0.9673726558685303,3.5296437740325928,2.3162736892700195
hierarchical_mixture,1.0,2,cholesky,5,ode_transport,1024,0.005,1000,1,hier_k5,180,0.05554485321044922,-19.34115982055664,22.221487045288086,50,4.039093971252441,0.3617006242275238,2.8849854469299316,2.8036253452301025
hierarchical_mixture,1.0,2,cholesky,5,ode_transport,1024,0.005,1000,1,hier_k5,181,0.057111263275146484,-19.685739517211914,22.558090209960938,50,4.086392402648926,0.35602834820747375,3.138761281967163,2.5923008918762207
hierarchical_mixture,1.0,2,cholesky,5,ode_transport,1024,0.005,1000,1,hier_k5,182,0.055624961853027344,-18.90953254699707,19.410078048706055,50,4.745613098144531,0.5602739453315735,3.251509428024292,3.410956621170044
hierarchical_mixture,1.0,2,cholesky,5,ode_transport,1024,0.005,1000,1,hier_k5,183,0.06177115440368652,-18.96131134033203,18.810693740844727,50,3.938325881958008,0.5292229652404785,3.541752576828003,1.6390005350112915
hierarchical_mixture,1.0,2,cholesky,5,ode_transport,1024,0.005,1000,1,hier_k5,184,0.05815386772155762,-19.301959991455078,22.521650314331055,50,4.494204521179199,0.4889172315597534,3.1164519786834717,3.2010252475738525
hierarchical_mixture,1.0,2,cholesky,5,ode_transport,1024,0.005,1000,1,hier_k5,185,0.06240224838256836,-19.498294830322266,23.475751876831055,56,4.908225059509277,0.33459603786468506,2.735100507736206,4.061765670776367
hierarchical_mixture,1.0,2,cholesky,5,ode_transport,1024,0.005,1000,1,hier_k5,186,0.05521106719970703,-19.321624755859375,20.369647979736328,50,3.8684518337249756,0.622316837310791,3.4166526794433594,1.7041497230529785
hierarchical_mixture,1.0,2,cholesky,5,ode_transport,1024,0.005,1000,1,hier_k5,187,0.05929422378540039,-18.585176467895508,20.52074432373047,56,3.955418825149536,0.45229828357696533,3.095888614654541,2.419966697692871
hierarchical_mixture,1.0,2,cholesky,5,ode_transport,1024,0.005,1000,1,hier_k5,188,0.05633401870727539,-20.42584800720215,21.961353302001953,50,4.749169826507568,0.38963571190834045,3.2376511096954346,3.452594757080078
hierarchical_mixture,1.0,2,cholesky,5,ode_transport,1024,0.005,1000,1,hier_k5,189,0.05484890937805176,-19.36307716369629,19.834857940673828,50,4.099698066711426,0.6513099074363708,3.4873194694519043,2.054731607437134
hierarchical_mixture,1.0,2,cholesky,5,ode_transport,1024,0.005,1000,1,hier_k5,190,0.06010103225708008,-18.85595703125,21.195697784423828,56,3.619128704071045,0.3901231586933136,3.023263692855835,1.9508389234542847
hierarchical_mixture,1.0,2,cholesky,5,ode_transport,1024,0.005,1000,1,hier_k5,191,0.05728006362915039,-19.30855369567871,21.87148666381836,56,3.5270943641662598,0.48463174700737,2.718193531036377,2.1947555541992188
hierarchical_mixture,1.0,2,cholesky,5,ode_transport,1024,0.005,1000,1,hier_k5,192,0.05612587928771973,-18.071069717407227,19.015634536743164,56,4.211158275604248,0.844924807548523,3.404486894607544,2.3301124572753906
hierarchical_mixture,1.0,2,cholesky,5,ode_transport,1024,0.005,1000,1,hier_k5,193,0.05614495277404785,-18.44286346435547,20.943910598754883,56,4.11493444442749,0.6723191738128662,3.5582711696624756,1.9543229341506958
hierarchical_mixture,1.0,2,cholesky,5,ode_transport,1024,0.005,1000,1,hier_k5,194,0.05857682228088379,-17.980573654174805,19.725332260131836,56,4.303633689880371,0.7029442191123962,3.058683156967163,2.944756269454956
hierarchical_mixture,1.0,2,cholesky,5,ode_transport,1024,0.005,1000,1,hier_k5,195,0.055995941162109375,-18.486177444458008,21.024187088012695,56,4.144474506378174,0.7512922883033752,3.4615237712860107,2.1517624855041504
hierarchical_mixture,1.0,2,cholesky,5,ode_transport,1024,0.005,1000,1,hier_k5,196,0.05329179763793945,-19.74664306640625,20.556604385375977,50,4.009518146514893,0.572054386138916,3.2122578620910645,2.330319881439209
hierarchical_mixture,1.0,2,cholesky,5,ode_transport,1024,0.005,1000,1,hier_k5,197,0.05602407455444336,-18.525676727294922,18.831104278564453,56,4.714677810668945,0.6806967854499817,3.0970733165740967,3.4889793395996094
hierarchical_mixture,1.0,2,cholesky,5,ode_transport,1024,0.005,1000,1,hier_k5,198,0.06417608261108398,-18.58718490600586,23.14767074584961,56,3.882267713546753,0.6776822805404663,3.5097479820251465,1.514733910560608
hierarchical_mixture,1.0,2,cholesky,5,ode_transport,1024,0.005,1000,1,hier_k5,199,0.0622861385345459,-18.206361770629883,19.757429122924805,56,5.113986968994141,0.6403666138648987,3.1678459644317627,3.9632744789123535
hierarchical_mixture,1.0,2,cholesky,5,ode_transport,1024,0.005,1000,1,hier_k5,200,0.06701016426086426,-18.77147674560547,21.112152099609375,56,4.056427955627441,0.5493295192718506,3.215838670730591,2.4106485843658447
hierarchical_mixture,1.0,2,cholesky,5,ode_transport,1024,0.005,1000,1,hier_k5,201,0.06409502029418945,-17.742408752441406,19.737384796142578,56,4.7417521476745605,0.44283783435821533,2.8294031620025635,3.779230833053589
hierarchical_mixture,1.0,2,cholesky,5,ode_transport,1024,0.005,1000,1,hier_k5,202,0.061580657958984375,-18.042951583862305,19.080204010009766,56,4.084470272064209,0.5646436214447021,3.28855037689209,2.3557403087615967
hierarchical_mixture,1.0,2,cholesky,5,ode_transport,1024,0.005,1000,1,hier_k5,203,0.05966305732727051,-17.44513702392578,20.032363891601562,56,3.7899298667907715,0.4306069016456604,3.4094583988189697,1.598042607307434
hierarchical_mixture,1.0,2,cholesky,5,ode_transport,1024,0.005,1000,1,hier_k5,204,0.06248211860656738,-19.52092170715332,20.989927291870117,56,4.314795970916748,0.774488091468811,3.5514190196990967,2.3248772621154785
hierarchical_mixture,1.0,2,cholesky,5,ode_transport,1024,0.005,1000,1,hier_k5,205,0.06283378601074219,-18.386219024658203,19.960182189941406,56,4.011154651641846,0.5459955930709839,3.2685673236846924,2.260026454925537
hierarchical_mixture,1.0,2,cholesky,5,ode_transport,1024,0.005,1000,1,hier_k5,206,0.06445980072021484,-18.543155670166016,20.816387176513672,56,4.230405330657959,0.44679495692253113,3.5837159156799316,2.2031073570251465
hierarchical_mixture,1.0,2,cholesky,5,ode_transport,1024,0.005,1000,1,hier_k5,207,0.06095576286315918,-18.209619522094727,19.509384155273438,56,3.7175381183624268,0.44100043177604675,3.163550615310669,1.9019874334335327
hierarchical_mixture,1.0,2,cholesky,5,ode_transport,1024,0.005,1000,1,hier_k5,208,0.061784982681274414,-18.45021629333496,18.02168846130371,56,4.242399215698242,0.7411576509475708,3.275827407836914,2.5918314456939697
hierarchical_mixture,1.0,2,cholesky,5,ode_transport,1024,0.005,1000,1,hier_k5,209,0.05684614181518555,-19.052810668945312,23.444368362426758,50,4.639484405517578,0.4445405602455139,3.6505849361419678,2.8285024166107178
hierarchical_mixture,1.0,2,cholesky,5,ode_transport,1024,0.005,1000,1,hier_k5,210,0.06598496437072754,-18.018407821655273,20.67521095275879,56,4.477502822875977,0.6672921776771545,3.744194507598877,2.3629987239837646
hierarchical_mixture,1.0,2,cholesky,5,ode_transport,1024,0.005,1000,1,hier_k5,211,0.06313204765319824,-18.65428924560547,21.566059112548828,56,4.560002326965332,0.6058623790740967,3.164473295211792,3.22686505317688
hierarchical_mixture,1.0,2,cholesky,5,ode_transport,1024,0.005,1000,1,hier_k5,212,0.06380081176757812,-18.483884811401367,19.905887603759766,56,4.888058662414551,0.63656085729599,3.4125919342041016,3.4412388801574707
hierarchical_mixture,1.0,2,cholesky,5,ode_transport,1024,0.005,1000,1,hier_k5,213,0.05561995506286621,-18.430435180664062,21.5899600982666,50,3.613083600997925,0.4074397087097168,3.017975091934204,1.9442716836929321
hierarchical_mixture,1.0,2,cholesky,5,ode_transport,1024,0.005,1000,1,hier_k5,214,0.05833697319030762,-19.16851043701172,19.85170555114746,50,3.8431437015533447,0.3660750985145569,3.233367443084717,2.044768810272217
hierarchical_mixture,1.0,2,cholesky,5,ode_transport,1024,0.005,1000,1,hier_k5,215,0.058038949966430664,-19.54971694946289,21.40764617919922,56,4.1225385665893555,0.7204160690307617,3.4308769702911377,2.1691954135894775
hierarchical_mixture,1.0,2,cholesky,5,ode_transport,1024,0.005,1000,1,hier_k5,216,0.053218841552734375,-17.111242294311523,20.283889770507812,50,3.7453644275665283,0.6000152826309204,3.3314929008483887,1.602776050567627
hierarchical_mixture,1.0,2,cholesky,5,ode_transport,1024,0.005,1000,1,hier_k5,217,0.05650806427001953,-16.953676223754883,19.04500389099121,56,4.5321879386901855,0.475970983505249,2.918595552444458,3.434527635574341
hierarchical_mixture,1.0,2,cholesky,5,ode_transport,1024,0.005,1000,1,hier_k5,218,0.05276799201965332,-18.54438018798828,21.08454132080078,50,4.131131172180176,0.5271373987197876,3.3770248889923096,2.320359945297241
hierarchical_mixture,1.0,2,cholesky,5,ode_transport,1024,0.005,1000,1,hier_k5,219,0.0531158447265625,-17.142080307006836,20.369998931884766,50,4.4539899826049805,0.6859062910079956,3.46212100982666,2.716850757598877
hierarchical_mixture,1.0,2,cholesky,5,ode_transport,1024,0.005,1000,1,hier_k5,220,0.05980396270751953,-18.78790855407715,21.663320541381836,50,4.692721366882324,0.4855293035507202,3.1444451808929443,3.449399471282959
hierarchical_mixture,1.0,2,cholesky,5,ode_transport,1024,0.005,1000,1,hier_k5,221,0.07063603401184082,-17.205469131469727,18.720006942749023,62,3.8613648414611816,0.3866579532623291,3.088071823120117,2.285705089569092
hierarchical_mixture,1.0,2,cholesky,5,ode_transport,1024,0.005,1000,1,hier_k5,222,0.06399106979370117,-17.36163902282715,17.434566497802734,56,4.784667015075684,0.7943555116653442,3.485722541809082,3.1799023151397705
hierarchical_mixture,1.0,2,cholesky,5,ode_transport,1024,0.005,1000,1,hier_k5,223,0.06820511817932129,-18.2193603515625,20.44803237915039,62,4.019548416137695,0.460377961397171,3.607600450515747,1.7117366790771484
hierarchical_mixture,1.0,2,cholesky,5,ode_transport,1024,0.005,1000,1,hier_k5,224,0.0606999397277832,-18.227209091186523,20.15903091430664,50,4.642287731170654,0.62799072265625,3.3550503253936768,3.146442174911499
hierarchical_mixture,1.0,2,cholesky,5,ode_transport,1024,0.005,1000,1,hier_k5,225,0.06651616096496582,-17.85895347595215,21.144826889038086,56,4.494584560394287,0.4218888580799103,3.3404481410980225,2.9773659706115723
hierarchical_mixture,1.0,2,cholesky,5,ode_transport,1024,0.005,1000,1,hier_k5,226,0.05840301513671875,-17.07659912109375,18.750812530517578,50,4.2248101234436035,0.7711483836174011,3.4770607948303223,2.272531032562256
hierarchical_mixture,1.0,2,cholesky,5,ode_transport,1024,0.005,1000,1,hier_k5,227,0.06806802749633789,-18.18035888671875,18.802183151245117,56,3.711733818054199,0.48901188373565674,3.1063878536224365,1.9718496799468994
hierarchical_mixture,1.0,2,cholesky,5,ode_transport,1024,0.005,1000,1,hier_k5,228,0.06921815872192383,-17.111305236816406,17.619182586669922,56,4.316534519195557,0.3538990020751953,3.2455549240112305,2.823755979537964
hierarchical_mixture,1.0,2,cholesky,5,ode_transport,1024,0.005,1000,1,hier_k5,229,0.06106281280517578,-17.956951141357422,20.667146682739258,50,4.278000354766846,1.036124348640442,3.5426316261291504,2.1627519130706787
hierarchical_mixture,1.0,2,cholesky,5,ode_transport,1024,0.005,1000,1,hier_k5,230,0.0645451545715332,-17.645828247070312,20.296276092529297,56,4.549073219299316,0.6406394243240356,3.5779387950897217,2.7353246212005615
hierarchical_mixture,1.0,2,cholesky,5,ode_transport,1024,0.005,1000,1,hier_k5,231,0.06742310523986816,-16.762954711914062,18.084354400634766,56,4.083328723907471,0.559852123260498,3.3386363983154297,2.2833409309387207
hierarchical_mixture,1.0,2,cholesky,5,ode_transport,1024,0.005,1000,1,hier_k5,232,0.06930780410766602,-18.517183303833008,18.80567169189453,56,4.233653545379639,0.5774048566818237,3.521599769592285,2.2778844833374023
hierarchical_mixture,1.0,2,cholesky,5,ode_transport,1024,0.005,1000,1,hier_k5,233,0.06417012214660645,-17.55715560913086,20.11595344543457,56,4.222261905670166,0.5234673619270325,2.9729201793670654,2.952155828475952
hierarchical_mixture,1.0,2,cholesky,5,ode_transport,1024,0.005,1000,1,hier_k5,234,0.054616689682006836,-17.188127517700195,17.893707275390625,50,4.589483737945557,0.8988327980041504,3.707887887954712,2.5508873462677
hierarchical_mixture,1.0,2,cholesky,5,ode_transport,1024,0.005,1000,1,hier_k5,235,0.06241583824157715,-17.439369201660156,17.935129165649414,62,4.858035564422607,0.9171488285064697,3.6053125858306885,3.1242713928222656
hierarchical_mixture,1.0,2,cholesky,5,ode_transport,1024,0.005,1000,1,hier_k5,236,0.060472726821899414,-17.599119186401367,19.088512420654297,56,4.3314008712768555,0.4991355538368225,3.617122173309326,2.329876661300659
hierarchical_mixture,1.0,2,cholesky,5,ode_transport,1024,0.005,1000,1,hier_k5,237,0.0620112419128418,-17.110464096069336,17.937393188476562,56,4.4428229331970215,0.5275142192840576,3.174461841583252,3.063199996948242
hierarchical_mixture,1.0,2,cholesky,5,ode_transport,1024,0.005,1000,1,hier_k5,238,0.05860185623168945,-17.745752334594727,20.0205135345459,56,3.8955917358398438,0.45248350501060486,3.178938865661621,2.2057292461395264
hierarchical_mixture,1.0,2,cholesky,5,ode_transport,1024,0.005,1000,1,hier_k5,239,0.06219911575317383,-17.3339900970459,18.48626136779785,62,4.943489074707031,0.7963223457336426,3.6178834438323975,3.2733583450317383
hierarchical_mixture,1.0,2,cholesky,5,ode_transport,1024,0.005,1000,1,hier_k5,240,0.06084299087524414,-16.160947799682617,16.755229949951172,56,3.9833922386169434,0.5543263554573059,3.2847044467926025,2.184227705001831
hierarchical_mixture,1.0,2,cholesky,5,ode_transport,1024,0.005,1000,1,hier_k5,241,0.06278395652770996,-16.2977352142334,18.123506546020508,56,4.117042541503906,0.5819656252861023,3.349832057952881,2.3216331005096436
hierarchical_mixture,1.0,2,cholesky,5,ode_transport,1024,0.005,1000,1,hier_k5,242,0.05958294868469238,-16.592613220214844,17.074726104736328,56,4.429577827453613,0.5413790345191956,3.474107027053833,2.694187879562378
hierarchical_mixture,1.0,2,cholesky,5,ode_transport,1024,0.005,1000,1,hier_k5,243,0.06377482414245605,-16.42659568786621,18.36139488220215,62,4.3069233894348145,0.7277016639709473,3.4446370601654053,2.4808292388916016
hierarchical_mixture,1.0,2,cholesky,5,ode_transport,1024,0.005,1000,1,hier_k5,244,0.06337881088256836,-16.04194450378418,17.68721580505371,62,4.314802646636963,0.8811550140380859,3.2083566188812256,2.7472782135009766
hierarchical_mixture,1.0,2,cholesky,5,ode_transport,1024,0.005,1000,1,hier_k5,245,0.05970120429992676,-16.77436065673828,16.657869338989258,56,4.168214321136475,0.6016854643821716,3.281827211380005,2.4983184337615967
hierarchical_mixture,1.0,2,cholesky,5,ode_transport,1024,0.005,1000,1,hier_k5,246,0.07223987579345703,-16.966123580932617,19.9578914642334,62,5.427074432373047,0.9296266436576843,4.060051918029785,3.4792118072509766
hierarchical_mixture,1.0,2,cholesky,5,ode_transport,1024,0.005,1000,1,hier_k5,247,0.06989192962646484,-16.745906829833984,17.317556381225586,56,4.119340419769287,0.4768533408641815,3.433525562286377,2.2254161834716797
hierarchical_mixture,1.0,2,cholesky,5,ode_transport,1024,0.005,1000,1,hier_k5,248,0.06935381889343262,-16.38727569580078,16.395095825195312,62,4.257925987243652,0.6743370890617371,3.7218987941741943,1.955164909362793
hierarchical_mixture,1.0,2,cholesky,5,ode_transport,1024,0.005,1000,1,hier_k5,249,0.06312298774719238,-17.561525344848633,18.512392044067383,62,5.470252990722656,1.4835008382797241,3.900707244873047,3.536576747894287
hierarchical_mixture,1.0,2,cholesky,5,ode_transport,1024,0.005,1000,1,hier_k5,250,0.07037901878356934,-16.602386474609375,18.55095100402832,56,4.877970218658447,0.5221428275108337,3.1360228061676025,3.6996381282806396
hierarchical_mixture,1.0,2,cholesky,5,ode_transport,1024,0.005,1000,1,hier_k5,251,0.07195806503295898,-15.842763900756836,17.80324363708496,62,3.866586685180664,0.5184606313705444,3.2469027042388916,2.0345304012298584
hierarchical_mixture,1.0,2,cholesky,5,ode_transport,1024,0.005,1000,1,hier_k5,252,0.07330989837646484,-16.81501007080078,20.19731330871582,62,5.821629047393799,0.5952683687210083,3.726126194000244,4.433170795440674
hierarchical_mixture,1.0,2,cholesky,5,ode_transport,1024,0.005,1000,1,hier_k5,253,0.07300710678100586,-16.3518123626709,17.487991333007812,62,4.335020065307617,0.6394703388214111,3.440946340560913,2.558000087738037
hierarchical_mixture,1.0,2,cholesky,5,ode_transport,1024,0.005,1000,1,hier_k5,254,0.071563720703125,-16.54945182800293,19.825279235839844,68,4.0347442626953125,0.6077662706375122,3.5060300827026367,1.9019814729690552
hierarchical_mixture,1.0,2,cholesky,5,ode_transport,1024,0.005,1000,1,hier_k5,255,0.05966305732727051,-16.841432571411133,24.37156867980957,56,5.710912704467773,0.9162659645080566,3.556185483932495,4.373617172241211
hierarchical_mixture,1.0,2,cholesky,5,ode_transport,1024,0.005,1000,1,hier_k5,256,0.06831717491149902,-16.56501007080078,20.13658905029297,62,4.379207134246826,0.776883065700531,3.3792407512664795,2.6748156547546387
hierarchical_mixture,1.0,2,cholesky,5,ode_transport,1024,0.005,1000,1,hier_k5,257,0.07922101020812988,-15.686507225036621,16.09281349182129,68,4.399980068206787,0.6272714138031006,3.038581132888794,3.1198363304138184
hierarchical_mixture,1.0,2,cholesky,5,ode_transport,1024,0.005,1000,1,hier_k5,258,0.07372784614562988,-16.24787139892578,17.693544387817383,62,5.049139499664307,0.8195701837539673,3.608470916748047,3.4352662563323975
hierarchical_mixture,1.0,2,cholesky,5,ode_transport,1024,0.005,1000,1,hier_k5,259,0.07371973991394043,-16.88814926147461,19.926616668701172,68,5.51372766494751,0.9805760383605957,3.900524616241455,3.7716805934906006
hierarchical_mixture,1.0,2,cholesky,5,ode_transport,1024,0.005,1000,1,hier_k5,260,0.07542181015014648,-15.34556770324707,16.22233009338379,68,3.973493814468384,0.39227792620658875,3.0083601474761963,2.566035747528076
hierarchical_mixture,1.0,2,cholesky,5,ode_transport,1024,0.005,1000,1,hier_k5,261,0.0760200023651123,-17.23122787475586,18.792987823486328,68,4.739848613739014,0.7704576849937439,3.6090073585510254,2.9744961261749268
hierarchical_mixture,1.0,2,cholesky,5,ode_transport,1024,0.005,1000,1,hier_k5,262,0.07699203491210938,-15.952265739440918,17.2662296295166,68,4.442023754119873,0.8608219027519226,3.4077882766723633,2.7161624431610107
hierarchical_mixture,1.0,2,cholesky,5,ode_transport,1024,0.005,1000,1,hier_k5,263,0.07655024528503418,-15.223223686218262,17.134340286254883,68,4.0695672035217285,0.6053193211555481,3.42883563041687,2.106668710708618
hierarchical_mixture,1.0,2,cholesky,5,ode_transport,1024,0.005,1000,1,hier_k5,264,0.0745389461517334,-16.024295806884766,20.4652156829834,68,4.0935211181640625,1.0228676795959473,3.5473973751068115,1.7682275772094727
hierarchical_mixture,1.0,2,cholesky,5,ode_transport,1024,0.005,1000,1,hier_k5,265,0.0793921947479248,-15.849340438842773,15.733136177062988,68,4.031124114990234,0.9656892418861389,3.424731731414795,1.8943647146224976
hierarchical_mixture,1.0,2,cholesky,5,ode_transport,1024,0.005,1000,1,hier_k5,266,0.07302689552307129,-15.538500785827637,16.17917823791504,68,4.077069282531738,0.6599419116973877,3.3628692626953125,2.2086377143859863
hierarchical_mixture,1.0,2,cholesky,5,ode_transport,1024,0.005,1000,1,hier_k5,267,0.07310700416564941,-15.737436294555664,16.923309326171875,68,4.712238311767578,0.9144670367240906,3.660518169403076,2.823038339614868
hierarchical_mixture,1.0,2,cholesky,5,ode_transport,1024,0.005,1000,1,hier_k5,268,0.07444095611572266,-15.854326248168945,16.82990264892578,68,4.502386569976807,0.7737844586372375,3.7019665241241455,2.4429869651794434
hierarchical_mixture,1.0,2,cholesky,5,ode_transport,1024,0.005,1000,1,hier_k5,269,0.07203507423400879,-16.137861251831055,19.54598045349121,68,4.622283458709717,0.8717866539955139,3.4532840251922607,2.9462385177612305
hierarchical_mixture,1.0,2,cholesky,5,ode_transport,1024,0.005,1000,1,hier_k5,270,0.0722360610961914,-16.84577751159668,17.058124542236328,62,5.134434700012207,1.2336151599884033,4.322448253631592,2.4813425540924072
hierarchical_mixture,1.0,2,cholesky,5,ode_transport,1024,0.005,1000,1,hier_k5,271,0.07042694091796875,-15.893482208251953,16.21089744567871,68,4.537886619567871,1.088551640510559,3.9381487369537354,1.9744510650634766
hierarchical_mixture,1.0,2,cholesky,5,ode_transport,1024,0.005,1000,1,hier_k5,272,0.07175898551940918,-15.636785507202148,15.899092674255371,68,4.917039394378662,0.8594138622283936,4.1748738288879395,2.4513485431671143
hierarchical_mixture,1.0,2,cholesky,5,ode_transport,1024,0.005,1000,1,hier_k5,273,0.06946897506713867,-15.635517120361328,16.254314422607422,68,4.2638139724731445,0.6437046527862549,3.703368663787842,2.012664556503296
hierarchical_mixture,1.0,2,cholesky,5,ode_transport,1024,0.005,1000,1,hier_k5,274,0.06930398941040039,-14.637162208557129,15.799860954284668,68,4.2078857421875,0.5772711038589478,2.8966124057769775,2.997114658355713
hierarchical_mixture,1.0,2,cholesky,5,ode_transport,1024,0.005,1000,1,hier_k5,275,0.06900286674499512,-14.73213005065918,15.756872177124023,68,4.068921089172363,0.6843848824501038,3.6487953662872314,1.6655406951904297
hierarchical_mixture,1.0,2,cholesky,5,ode_transport,1024,0.005,1000,1,hier_k5,276,0.07113027572631836,-15.654391288757324,17.3756160736084,68,4.59765100479126,1.0866481065750122,3.740959644317627,2.441887140274048
hierarchical_mixture,1.0,2,cholesky,5,ode_transport,1024,0.005,1000,1,hier_k5,277,0.06813383102416992,-15.008041381835938,16.768571853637695,62,4.8764801025390625,1.0820538997650146,3.5685577392578125,3.1423897743225098
hierarchical_mixture,1.0,2,cholesky,5,ode_transport,1024,0.005,1000,1,hier_k5,278,0.07826471328735352,-15.960628509521484,20.0177059173584,68,4.86024808883667,0.8431415557861328,3.4741363525390625,3.2926440238952637
hierarchical_mixture,1.0,2,cholesky,5,ode_transport,1024,0.005,1000,1,hier_k5,279,0.0780489444732666,-15.201189041137695,14.146088600158691,68,4.548219680786133,0.6665114164352417,4.067493438720703,1.9229044914245605
hierarchical_mixture,1.0,2,cholesky,5,ode_transport,1024,0.005,1000,1,hier_k5,280,0.07942700386047363,-15.402926445007324,16.687847137451172,68,4.9547505378723145,0.9414151906967163,4.04071569442749,2.7084875106811523
hierarchical_mixture,1.0,2,cholesky,5,ode_transport,1024,0.005,1000,1,hier_k5,281,0.07454800605773926,-14.522994995117188,13.455355644226074,68,4.520137786865234,0.6477329134941101,3.631817579269409,2.611893892288208
hierarchical_mixture,1.0,2,cholesky,5,ode_transport,1024,0.005,1000,1,hier_k5,282,0.06780099868774414,-15.088890075683594,15.569588661193848,62,4.273756504058838,0.737925112247467,3.2946438789367676,2.6202640533447266
hierarchical_mixture,1.0,2,cholesky,5,ode_transport,1024,0.005,1000,1,hier_k5,283,0.07648515701293945,-14.84512710571289,16.76600456237793,68,5.075473308563232,1.0470572710037231,3.749138593673706,3.2570011615753174
hierarchical_mixture,1.0,2,cholesky,5,ode_transport,1024,0.005,1000,1,hier_k5,284,0.07590126991271973,-15.410774230957031,17.769638061523438,68,4.930962085723877,0.7052432894706726,3.5029611587524414,3.397982120513916
hierarchical_mixture,1.0,2,cholesky,5,ode_transport,1024,0.005,1000,1,hier_k5,285,0.06981110572814941,-14.259249687194824,14.523018836975098,68,4.3325300216674805,0.8496598601341248,3.668788194656372,2.1421682834625244
hierarchical_mixture,1.0,2,cholesky,5,ode_transport,1024,0.005,1000,1,hier_k5,286,0.07543206214904785,-14.62360954284668,13.936236381530762,68,4.744213581085205,0.7312084436416626,3.923506736755371,2.5649540424346924
hierarchical_mixture,1.0,2,cholesky,5,ode_transport,1024,0.005,1000,1,hier_k5,287,0.08171224594116211,-14.814553260803223,14.249677658081055,74,4.1562910079956055,0.8834178447723389,3.577014446258545,1.9233556985855103
hierarchical_mixture,1.0,2,cholesky,5,ode_transport,1024,0.005,1000,1,hier_k5,288,0.07912182807922363,-15.67739486694336,16.344167709350586,74,4.608765602111816,0.7793118953704834,3.469012498855591,2.9324638843536377
hierarchical_mixture,1.0,2,cholesky,5,ode_transport,1024,0.005,1000,1,hier_k5,289,0.08244013786315918,-14.88935375213623,14.726612091064453,74,4.483354091644287,1.0755785703659058,3.452726364135742,2.6499574184417725
hierarchical_mixture,1.0,2,cholesky,5,ode_transport,1024,0.005,1000,1,hier_k5,290,0.06824493408203125,-15.735577583312988,19.515676498413086,68,4.622206211090088,1.1585166454315186,3.69504714012146,2.5237386226654053
hierarchical_mixture,1.0,2,cholesky,5,ode_transport,1024,0.005,1000,1,hier_k5,291,0.08615589141845703,-14.290679931640625,15.563804626464844,74,4.113746166229248,0.565802812576294,3.8635096549987793,1.2946306467056274
hierarchical_mixture,1.0,2,cholesky,5,ode_transport,1024,0.005,1000,1,hier_k5,292,0.08939099311828613,-14.954705238342285,15.704904556274414,74,4.4943976402282715,0.7711949944496155,3.975590467453003,1.9492435455322266
hierarchical_mixture,1.0,2,cholesky,5,ode_transport,1024,0.005,1000,1,hier_k5,293,0.08173179626464844,-15.228477478027344,16.75279426574707,74,4.750331401824951,0.6884863376617432,3.4149417877197266,3.2295212745666504
hierarchical_mixture,1.0,2,cholesky,5,ode_transport,1024,0.005,1000,1,hier_k5,294,0.08192205429077148,-14.341292381286621,14.121745109558105,74,4.867248058319092,0.743808388710022,3.4864401817321777,3.313847303390503
hierarchical_mixture,1.0,2,cholesky,5,ode_transport,1024,0.005,1000,1,hier_k5,295,0.08478212356567383,-14.448729515075684,15.412238121032715,74,4.938058376312256,0.7693437337875366,3.195965528488159,3.6848793029785156
hierarchical_mixture,1.0,2,cholesky,5,ode_transport,1024,0.005,1000,1,hier_k5,296,0.07642006874084473,-14.430569648742676,14.494319915771484,74,3.964341402053833,0.778854489326477,3.3129782676696777,2.0331168174743652
hierarchical_mixture,1.0,2,cholesky,5,ode_transport,1024,0.005,1000,1,hier_k5,297,0.07890105247497559,-14.920652389526367,14.922637939453125,74,5.275598049163818,0.7766773104667664,3.7517642974853516,3.626702308654785
hierarchical_mixture,1.0,2,cholesky,5,ode_transport,1024,0.005,1000,1,hier_k5,298,0.08137202262878418,-14.32006549835205,14.097980499267578,68,4.798571586608887,0.5721017718315125,3.791092872619629,2.885584831237793
hierarchical_mixture,1.0,2,cholesky,5,ode_transport,1024,0.005,1000,1,hier_k5,299,0.08103799819946289,-14.059322357177734,17.725147247314453,74,4.576181411743164,0.7236019372940063,3.6383631229400635,2.679579734802246
hierarchical_mixture,1.0,2,cholesky,5,ode_transport,1024,0.005,1000,1,hier_k5,300,0.07621502876281738,-15.512983322143555,16.228870391845703,68,4.859255313873291,1.6104662418365479,3.905163526535034,2.401761293411255
hierarchical_mixture,1.0,2,cholesky,5,ode_transport,1024,0.005,1000,1,hier_k5,301,0.08116388320922852,-14.64245891571045,14.432990074157715,74,4.536509990692139,0.7148513197898865,3.5624523162841797,2.7162187099456787
hierarchical_mixture,1.0,2,cholesky,5,ode_transport,1024,0.005,1000,1,hier_k5,302,0.08501100540161133,-14.43017864227295,17.13668441772461,74,5.011321067810059,1.1103074550628662,4.109585762023926,2.6442136764526367
hierarchical_mixture,1.0,2,cholesky,5,ode_transport,1024,0.005,1000,1,hier_k5,303,0.07925295829772949,-13.847418785095215,14.288606643676758,74,4.0378336906433105,0.6737842559814453,3.4327409267425537,2.016533374786377
hierarchical_mixture,1.0,2,cholesky,5,ode_transport,1024,0.005,1000,1,hier_k5,304,0.08180999755859375,-14.243192672729492,14.172213554382324,74,5.026680946350098,0.9586532711982727,3.327976703643799,3.643223285675049
hierarchical_mixture,1.0,2,cholesky,5,ode_transport,1024,0.005,1000,1,hier_k5,305,0.0827939510345459,-14.439451217651367,14.054168701171875,74,4.5677170753479,0.885083794593811,3.5687222480773926,2.7101457118988037
hierarchical_mixture,1.0,2,cholesky,5,ode_transport,1024,0.005,1000,1,hier_k5,306,0.07611894607543945,-14.593390464782715,17.39667320251465,74,5.276993274688721,1.4536982774734497,3.724855422973633,3.443671464920044
hierarchical_mixture,1.0,2,cholesky,5,ode_transport,1024,0.005,1000,1,hier_k5,307,0.08721113204956055,-13.460851669311523,13.285926818847656,74,3.878208875656128,0.7274325489997864,3.3897294998168945,1.738125205039978
hierarchical_mixture,1.0,2,cholesky,5,ode_transport,1024,0.005,1000,1,hier_k5,308,0.08400988578796387,-14.80945110321045,14.463382720947266,74,5.704869270324707,1.5723326206207275,3.737567186355591,4.012966156005859
hierarchical_mixture,1.0,2,cholesky,5,ode_transport,1024,0.005,1000,1,hier_k5,309,0.08758974075317383,-14.351558685302734,17.299022674560547,74,4.348240852355957,0.8266826868057251,3.6912636756896973,2.144380807876587
hierarchical_mixture,1.0,2,cholesky,5,ode_transport,1024,0.005,1000,1,hier_k5,310,0.0832967758178711,-13.90388011932373,14.55864143371582,74,4.001132965087891,0.6428067684173584,3.5092368125915527,1.8113861083984375
hierarchical_mixture,1.0,2,cholesky,5,ode_transport,1024,0.005,1000,1,hier_k5,311,0.07871198654174805,-13.09950065612793,12.297621726989746,74,4.105180740356445,0.949577808380127,3.593234062194824,1.743410348892212
hierarchical_mixture,1.0,2,cholesky,5,ode_transport,1024,0.005,1000,1,hier_k5,312,0.07726120948791504,-14.374944686889648,13.312345504760742,74,4.397855758666992,0.9732688665390015,3.5994813442230225,2.331868886947632
hierarchical_mixture,1.0,2,cholesky,5,ode_transport,1024,0.005,1000,1,hier_k5,313,0.07719993591308594,-12.98394775390625,13.155722618103027,74,3.7642884254455566,0.7258597016334534,3.2350046634674072,1.782621145248413
hierarchical_mixture,1.0,2,cholesky,5,ode_transport,1024,0.005,1000,1,hier_k5,314,0.08011293411254883,-13.823838233947754,12.8792724609375,74,4.189764499664307,0.8552166223526001,3.74289608001709,1.6773371696472168
hierarchical_mixture,1.0,2,cholesky,5,ode_transport,1024,0.005,1000,1,hier_k5,315,0.07477974891662598,-13.810968399047852,13.563982963562012,74,4.282158851623535,0.6863468885421753,3.81443452835083,1.820961833000183
hierarchical_mixture,1.0,2,cholesky,5,ode_transport,1024,0.005,1000,1,hier_k5,316,0.0783538818359375,-13.254352569580078,13.067756652832031,74,4.062478542327881,0.7572741508483887,2.9735372066497803,2.6623942852020264
hierarchical_mixture,1.0,2,cholesky,5,ode_transport,1024,0.005,1000,1,hier_k5,317,0.0756080150604248,-13.58552360534668,12.729897499084473,74,3.999382972717285,0.6999335289001465,3.1231162548065186,2.3981876373291016
hierarchical_mixture,1.0,2,cholesky,5,ode_transport,1024,0.005,1000,1,hier_k5,318,0.07958102226257324,-12.896085739135742,12.6251802444458,74,3.947192668914795,0.8338578939437866,3.247993230819702,2.08219838142395
hierarchical_mixture,1.0,2,cholesky,5,ode_transport,1024,0.005,1000,1,hier_k5,319,0.07407593727111816,-13.751169204711914,13.388134002685547,74,4.324800968170166,1.6071767807006836,3.373508930206299,2.1772289276123047
hierarchical_mixture,1.0,2,cholesky,5,ode_transport,1024,0.005,1000,1,hier_k5,320,0.08919882774353027,-14.076458930969238,17.727367401123047,74,4.524714946746826,0.9270453453063965,3.6490304470062256,2.5096240043640137
hierarchical_mixture,1.0,2,cholesky,5,ode_transport,1024,0.005,1000,1,hier_k5,321,0.08481574058532715,-13.197530746459961,12.035330772399902,74,3.8588767051696777,1.1905335187911987,3.3461720943450928,1.5088709592819214
hierarchical_mixture,1.0,2,cholesky,5,ode_transport,1024,0.005,1000,1,hier_k5,322,0.08470296859741211,-12.597474098205566,12.775296211242676,74,3.96040415763855,0.6560299396514893,3.1149497032165527,2.3561646938323975
hierarchical_mixture,1.0,2,cholesky,5,ode_transport,1024,0.005,1000,1,hier_k5,323,0.07570195198059082,-13.662969589233398,12.648422241210938,74,4.334469318389893,1.547208309173584,3.5430009365081787,1.959824800491333
hierarchical_mixture,1.0,2,cholesky,5,ode_transport,1024,0.005,1000,1,hier_k5,324,0.07502174377441406,-13.307933807373047,12.131234169006348,74,4.474746227264404,1.4481632709503174,3.717991352081299,2.0255160331726074
hierarchical_mixture,1.0,2,cholesky,5,ode_transport,1024,0.005,1000,1,hier_k5,325,0.0857553482055664,-13.524971961975098,13.834741592407227,74,4.9654107093811035,0.845481812953949,3.9960172176361084,2.823528289794922
hierarchical_mixture,1.0,2,cholesky,5,ode_transport,1024,0.005,1000,1,hier_k5,326,0.08564519882202148,-13.403799057006836,12.314023971557617,80,4.558035850524902,0.9985715746879578,3.2212367057800293,3.0662972927093506
hierarchical_mixture,1.0,2,cholesky,5,ode_transport,1024,0.005,1000,1,hier_k5,327,0.09499788284301758,-13.27047348022461,13.10564136505127,80,4.413001537322998,0.8502665162086487,3.6277482509613037,2.364544630050659
hierarchical_mixture,1.0,2,cholesky,5,ode_transport,1024,0.005,1000,1,hier_k5,328,0.08121085166931152,-13.57237720489502,12.702315330505371,74,4.569899559020996,1.5101206302642822,3.6984403133392334,2.2192466259002686
hierarchical_mixture,1.0,2,cholesky,5,ode_transport,1024,0.005,1000,1,hier_k5,329,0.09030604362487793,-14.047843933105469,13.09454345703125,80,4.569276332855225,0.7597771286964417,3.8192577362060547,2.3904595375061035
hierarchical_mixture,1.0,2,cholesky,5,ode_transport,1024,0.005,1000,1,hier_k5,330,0.08075904846191406,-13.158958435058594,13.0453462600708,80,4.0034966468811035,1.257251501083374,3.2772247791290283,1.925384283065796
hierarchical_mixture,1.0,2,cholesky,5,ode_transport,1024,0.005,1000,1,hier_k5,331,0.08311295509338379,-13.13134765625,12.886651039123535,80,4.86655855178833,1.7341527938842773,3.5276260375976562,2.8691394329071045
hierarchical_mixture,1.0,2,cholesky,5,ode_transport,1024,0.005,1000,1,hier_k5,332,0.08919215202331543,-13.512688636779785,14.279635429382324,80,4.064385890960693,1.258813500404358,3.2054872512817383,2.158581018447876
hierarchical_mixture,1.0,2,cholesky,5,ode_transport,1024,0.005,1000,1,hier_k5,333,0.09006476402282715,-12.839984893798828,12.387855529785156,80,4.131542682647705,0.7553412914276123,3.5627219676971436,1.9509267807006836
hierarchical_mixture,1.0,2,cholesky,5,ode_transport,1024,0.005,1000,1,hier_k5,334,0.08829808235168457,-13.327291488647461,12.981224060058594,80,3.657707452774048,1.0367743968963623,2.8084208965301514,2.101593255996704
hierarchical_mixture,1.0,2,cholesky,5,ode_transport,1024,0.005,1000,1,hier_k5,335,0.0820920467376709,-12.435995101928711,12.23471450805664,80,3.232046365737915,0.5847352147102356,2.677246332168579,1.713639497756958
hierarchical_mixture,1.0,2,cholesky,5,ode_transport,1024,0.005,1000,1,hier_k5,336,0.08253097534179688,-12.446500778198242,11.207794189453125,80,4.068046569824219,1.3747719526290894,2.473400831222534,2.9225494861602783
hierarchical_mixture,1.0,2,cholesky,5,ode_transport,1024,0.005,1000,1,hier_k5,337,0.0849449634552002,-12.820047378540039,12.489266395568848,80,4.947791576385498,1.4890549182891846,3.1795754432678223,3.4862096309661865
hierarchical_mixture,1.0,2,cholesky,5,ode_transport,1024,0.005,1000,1,hier_k5,338,0.08138179779052734,-13.124261856079102,12.255488395690918,80,4.549002647399902,1.7233904600143433,2.9452035427093506,3.0081770420074463
hierarchical_mixture,1.0,2,cholesky,5,ode_transport,1024,0.005,1000,1,hier_k5,339,0.08134889602661133,-13.2770414352417,18.02814483642578,80,4.117371082305908,1.1106902360916138,3.3073954582214355,2.1863770484924316
hierarchical_mixture,1.0,2,cholesky,5,ode_transport,1024,0.005,1000,1,hier_k5,340,0.08562803268432617,-13.412333488464355,14.335185050964355,80,4.973737716674805,0.8897797465324402,3.3567185401916504,3.560730457305908
hierarchical_mixture,1.0,2,cholesky,5,ode_transport,1024,0.005,1000,1,hier_k5,341,0.08697295188903809,-12.993919372558594,13.74135971069336,74,4.223849773406982,1.4078088998794556,2.9006333351135254,2.728609085083008
hierarchical_mixture,1.0,2,cholesky,5,ode_transport,1024,0.005,1000,1,hier_k5,342,0.08503198623657227,-12.527762413024902,12.371471405029297,80,3.340398073196411,0.8248329758644104,3.083416223526001,0.9851164221763611
hierarchical_mixture,1.0,2,cholesky,5,ode_transport,1024,0.005,1000,1,hier_k5,343,0.0839228630065918,-12.048140525817871,11.405126571655273,80,3.398599624633789,0.8939911127090454,2.7986764907836914,1.7084108591079712
hierarchical_mixture,1.0,2,cholesky,5,ode_transport,1024,0.005,1000,1,hier_k5,344,0.08799982070922852,-13.074728012084961,12.509180068969727,80,3.626295804977417,0.6231082081794739,3.1529455184936523,1.679491400718689
hierarchical_mixture,1.0,2,cholesky,5,ode_transport,1024,0.005,1000,1,hier_k5,345,0.08792614936828613,-12.582758903503418,12.596698760986328,80,3.882283926010132,0.8598036766052246,3.416400909423828,1.6312789916992188
hierarchical_mixture,1.0,2,cholesky,5,ode_transport,1024,0.005,1000,1,hier_k5,346,0.08889889717102051,-12.334656715393066,12.308562278747559,86,3.7238006591796875,1.354156255722046,2.660294532775879,2.2261593341827393
hierarchical_mixture,1.0,2,cholesky,5,ode_transport,1024,0.005,1000,1,hier_k5,347,0.0861351490020752,-13.569766998291016,15.21298885345459,80,4.774195671081543,0.68769371509552,3.2889115810394287,3.3916189670562744
hierarchical_mixture,1.0,2,cholesky,5,ode_transport,1024,0.005,1000,1,hier_k5,348,0.09016013145446777,-12.293350219726562,10.527153968811035,74,4.028031349182129,0.8724762201309204,3.05255389213562,2.4790594577789307
hierarchical_mixture,1.0,2,cholesky,5,ode_transport,1024,0.005,1000,1,hier_k5,349,0.09026217460632324,-12.9046049118042,12.544528007507324,80,4.227015495300293,1.3249024152755737,3.4531867504119873,2.0464093685150146
hierarchical_mixture,1.0,2,cholesky,5,ode_transport,1024,0.005,1000,1,hier_k5,350,0.09160399436950684,-12.408576965332031,12.203276634216309,86,3.548569679260254,0.7163905501365662,3.126758337020874,1.5174037218093872
hierarchical_mixture,1.0,2,cholesky,5,ode_transport,1024,0.005,1000,1,hier_k5,351,0.08853507041931152,-12.283185005187988,12.858850479125977,86,3.5107550621032715,0.6329266428947449,2.7734060287475586,2.05743145942688
hierarchical_mixture,1.0,2,cholesky,5,ode_transport,1024,0.005,1000,1,hier_k5,352,0.08948302268981934,-12.290678977966309,11.25442886352539,80,3.2535581588745117,1.266158103942871,2.427433967590332,1.757853627204895
hierarchical_mixture,1.0,2,cholesky,5,ode_transport,1024,0.005,1000,1,hier_k5,353,0.09176802635192871,-12.363523483276367,11.178377151489258,74,3.7898356914520264,0.9368430376052856,3.0240955352783203,2.083272695541382
hierarchical_mixture,1.0,2,cholesky,5,ode_transport,1024,0.005,1000,1,hier_k5,354,0.0882260799407959,-12.439658164978027,11.373702049255371,80,4.425336837768555,1.2012121677398682,3.629990816116333,2.2279727458953857
hierarchical_mixture,1.0,2,cholesky,5,ode_transport,1024,0.005,1000,1,hier_k5,355,0.08323097229003906,-12.512117385864258,12.681787490844727,74,3.70049786567688,1.145926833152771,2.654195785522461,2.3099303245544434
hierarchical_mixture,1.0,2,cholesky,5,ode_transport,1024,0.005,1000,1,hier_k5,356,0.08391499519348145,-12.036635398864746,10.044923782348633,86,3.956404685974121,0.6108672022819519,3.4916396141052246,1.757393717765808
hierarchical_mixture,1.0,2,cholesky,5,ode_transport,1024,0.005,1000,1,hier_k5,357,0.0831460952758789,-11.840937614440918,11.289291381835938,80,3.9998605251312256,0.5486215353012085,2.700875759124756,2.898822069168091
hierarchical_mixture,1.0,2,cholesky,5,ode_transport,1024,0.005,1000,1,hier_k5,358,0.08611297607421875,-11.567034721374512,10.413141250610352,86,3.708240509033203,1.5911633968353271,2.9612183570861816,1.5653856992721558
hierarchical_mixture,1.0,2,cholesky,5,ode_transport,1024,0.005,1000,1,hier_k5,359,0.08331084251403809,-12.24008560180664,11.157421112060547,80,3.7565619945526123,0.6943159699440002,2.8564388751983643,2.338897228240967
hierarchical_mixture,1.0,2,cholesky,5,ode_transport,1024,0.005,1000,1,hier_k5,360,0.08700895309448242,-12.527753829956055,10.37837028503418,80,4.76058292388916,0.9045429229736328,2.9190151691436768,3.6502468585968018
hierarchical_mixture,1.0,2,cholesky,5,ode_transport,1024,0.005,1000,1,hier_k5,361,0.09279322624206543,-12.095937728881836,11.915396690368652,86,3.8497517108917236,0.7798164486885071,2.619534492492676,2.7111828327178955
hierarchical_mixture,1.0,2,cholesky,5,ode_transport,1024,0.005,1000,1,hier_k5,362,0.08880615234375,-11.971833229064941,10.879703521728516,74,4.156389236450195,1.4788533449172974,3.326565980911255,2.005622625350952
hierarchical_mixture,1.0,2,cholesky,5,ode_transport,1024,0.005,1000,1,hier_k5,363,0.09223389625549316,-11.993108749389648,11.619361877441406,86,4.246698379516602,2.066922664642334,3.1881120204925537,1.8968971967697144
hierarchical_mixture,1.0,2,cholesky,5,ode_transport,1024,0.005,1000,1,hier_k5,364,0.08613801002502441,-11.334746360778809,9.846673011779785,80,4.580827713012695,1.4077147245407104,3.1231460571289062,3.0410988330841064
hierarchical_mixture,1.0,2,cholesky,5,ode_transport,1024,0.005,1000,1,hier_k5,365,0.08727908134460449,-11.583454132080078,10.93815803527832,80,3.427431583404541,1.3933794498443604,2.6717493534088135,1.633259892463684
hierarchical_mixture,1.0,2,cholesky,5,ode_transport,1024,0.005,1000,1,hier_k5,366,0.08983087539672852,-12.156728744506836,10.894283294677734,86,3.5431101322174072,0.7676570415496826,3.214071750640869,1.2783092260360718
hierarchical_mixture,1.0,2,cholesky,5,ode_transport,1024,0.005,1000,1,hier_k5,367,0.09093880653381348,-11.546680450439453,10.182381629943848,92,3.649325132369995,1.2514077425003052,3.0552797317504883,1.5546119213104248
hierarchical_mixture,1.0,2,cholesky,5,ode_transport,1024,0.005,1000,1,hier_k5,368,0.08917689323425293,-11.366058349609375,9.885663032531738,80,3.387312173843384,0.688450813293457,2.9851014614105225,1.4453679323196411
hierarchical_mixture,1.0,2,cholesky,5,ode_transport,1024,0.005,1000,1,hier_k5,369,0.09261393547058105,-11.628849029541016,10.501100540161133,86,4.444432735443115,2.107893705368042,2.922229051589966,2.6019883155822754
hierarchical_mixture,1.0,2,cholesky,5,ode_transport,1024,0.005,1000,1,hier_k5,370,0.09241700172424316,-12.209917068481445,12.747544288635254,86,4.190613746643066,1.3878728151321411,3.2276244163513184,2.2841837406158447
hierarchical_mixture,1.0,2,cholesky,5,ode_transport,1024,0.005,1000,1,hier_k5,371,0.10256600379943848,-12.152417182922363,12.696171760559082,92,3.681155204772949,0.8057458996772766,3.1145477294921875,1.7892094850540161
hierarchical_mixture,1.0,2,cholesky,5,ode_transport,1024,0.005,1000,1,hier_k5,372,0.09124302864074707,-11.804498672485352,10.827089309692383,80,2.6856184005737305,0.5039196610450745,2.136423349380493,1.5473545789718628
hierarchical_mixture,1.0,2,cholesky,5,ode_transport,1024,0.005,1000,1,hier_k5,373,0.10083794593811035,-11.325299263000488,9.750985145568848,92,3.5914394855499268,0.5284712910652161,2.452481746673584,2.5699198246002197
hierarchical_mixture,1.0,2,cholesky,5,ode_transport,1024,0.005,1000,1,hier_k5,374,0.100128173828125,-11.36124038696289,10.795907974243164,86,3.8981575965881348,1.073439598083496,3.050133228302002,2.1771647930145264
hierarchical_mixture,1.0,2,cholesky,5,ode_transport,1024,0.005,1000,1,hier_k5,375,0.09669613838195801,-11.265337944030762,9.676392555236816,86,3.4127538204193115,1.2487115859985352,2.875046968460083,1.3497084379196167
hierarchical_mixture,1.0,2,cholesky,5,ode_transport,1024,0.005,1000,1,hier_k5,376,0.1022188663482666,-11.694493293762207,9.796183586120605,92,3.4875259399414062,0.9463028907775879,3.170992136001587,1.1009799242019653
hierarchical_mixture,1.0,2,cholesky,5,ode_transport,1024,0.005,1000,1,hier_k5,377,0.10141682624816895,-11.712007522583008,12.661552429199219,80,4.2835001945495605,0.9120361804962158,2.9746289253234863,2.944171667098999
hierarchical_mixture,1.0,2,cholesky,5,ode_transport,1024,0.005,1000,1,hier_k5,378,0.09142589569091797,-11.491811752319336,11.970197677612305,80,3.2933435440063477,0.677692174911499,2.475398302078247,2.0637946128845215
hierarchical_mixture,1.0,2,cholesky,5,ode_transport,1024,0.005,1000,1,hier_k5,379,0.09672975540161133,-11.266031265258789,10.452568054199219,92,4.043877124786377,1.242293357849121,2.8848140239715576,2.5470564365386963
hierarchical_mixture,1.0,2,cholesky,5,ode_transport,1024,0.005,1000,1,hier_k5,380,0.09883999824523926,-11.6787748336792,10.256677627563477,86,3.0792148113250732,0.6572672128677368,2.65262770652771,1.4188481569290161
hierarchical_mixture,1.0,2,cholesky,5,ode_transport,1024,0.005,1000,1,hier_k5,381,0.08614110946655273,-12.14968490600586,13.185842514038086,80,3.536874771118164,0.6142482757568359,2.741502046585083,2.148569107055664
hierarchical_mixture,1.0,2,cholesky,5,ode_transport,1024,0.005,1000,1,hier_k5,382,0.0860748291015625,-11.436631202697754,9.644831657409668,80,3.099257230758667,0.509547770023346,2.425197124481201,1.8612297773361206
hierarchical_mixture,1.0,2,cholesky,5,ode_transport,1024,0.005,1000,1,hier_k5,383,0.08569502830505371,-11.550436019897461,11.394499778747559,86,4.178290367126465,1.1868799924850464,3.062269926071167,2.5830078125
hierarchical_mixture,1.0,2,cholesky,5,ode_transport,1024,0.005,1000,1,hier_k5,384,0.08881402015686035,-11.319616317749023,10.584726333618164,80,3.8148226737976074,0.6677842736244202,2.9410128593444824,2.3361034393310547
hierarchical_mixture,1.0,2,cholesky,5,ode_transport,1024,0.005,1000,1,hier_k5,385,0.09614372253417969,-10.97344970703125,9.523820877075195,92,3.5217838287353516,1.1688246726989746,2.5242960453033447,2.1598007678985596
hierarchical_mixture,1.0,2,cholesky,5,ode_transport,1024,0.005,1000,1,hier_k5,386,0.09827303886413574,-11.310872077941895,10.765829086303711,98,4.877853870391846,1.1514949798583984,3.0027964115142822,3.6675236225128174
hierarchical_mixture,1.0,2,cholesky,5,ode_transport,1024,0.005,1000,1,hier_k5,387,0.10075807571411133,-11.049354553222656,10.501580238342285,86,3.0290462970733643,0.7460789680480957,2.328782081604004,1.7875292301177979
hierarchical_mixture,1.0,2,cholesky,5,ode_transport,1024,0.005,1000,1,hier_k5,388,0.10419607162475586,-11.548713684082031,10.949127197265625,86,3.709057569503784,0.9027990102767944,2.6255171298980713,2.4594147205352783
hierarchical_mixture,1.0,2,cholesky,5,ode_transport,1024,0.005,1000,1,hier_k5,389,0.10109400749206543,-11.222850799560547,9.915960311889648,86,3.4585981369018555,0.9329239130020142,3.0328683853149414,1.3759589195251465
hierarchical_mixture,1.0,2,cholesky,5,ode_transport,1024,0.005,1000,1,hier_k5,390,0.09722089767456055,-11.370501518249512,9.543134689331055,86,3.5677661895751953,1.0023940801620483,2.9163615703582764,1.7941566705703735
hierarchical_mixture,1.0,2,cholesky,5,ode_transport,1024,0.005,1000,1,hier_k5,391,0.10427093505859375,-11.085386276245117,10.405442237854004,86,4.210747718811035,0.8828375339508057,2.923839569091797,2.8986477851867676
hierarchical_mixture,1.0,2,cholesky,5,ode_transport,1024,0.005,1000,1,hier_k5,392,0.11069893836975098,-11.109161376953125,10.317614555358887,86,4.6121039390563965,1.3996434211730957,2.642322540283203,3.511500120162964
hierarchical_mixture,1.0,2,cholesky,5,ode_transport,1024,0.005,1000,1,hier_k5,393,0.10684800148010254,-11.01082706451416,10.074419975280762,86,4.101047515869141,0.6471482515335083,2.7911570072174072,2.9341492652893066
hierarchical_mixture,1.0,2,cholesky,5,ode_transport,1024,0.005,1000,1,hier_k5,394,0.11036276817321777,-11.329349517822266,11.13886547088623,92,4.448637962341309,2.011486530303955,2.6087896823883057,2.9897351264953613
hierarchical_mixture,1.0,2,cholesky,5,ode_transport,1024,0.005,1000,1,hier_k5,395,0.10548710823059082,-11.00178050994873,9.921418190002441,86,3.9188177585601807,0.693091094493866,3.21685528755188,2.1280505657196045
hierarchical_mixture,1.0,2,cholesky,5,ode_transport,1024,0.005,1000,1,hier_k5,396,0.11101698875427246,-11.181607246398926,10.126018524169922,86,3.874161720275879,0.8408280611038208,2.5036067962646484,2.834447145462036
hierarchical_mixture,1.0,2,cholesky,5,ode_transport,1024,0.005,1000,1,hier_k5,397,0.11121106147766113,-10.947309494018555,9.466043472290039,92,4.015330791473389,0.758818507194519,2.9165689945220947,2.6534321308135986
hierarchical_mixture,1.0,2,cholesky,5,ode_transport,1024,0.005,1000,1,hier_k5,398,0.10295987129211426,-11.233572006225586,10.802286148071289,80,4.685619354248047,0.9782094359397888,3.06223726272583,3.408935070037842
hierarchical_mixture,1.0,2,cholesky,5,ode_transport,1024,0.005,1000,1,hier_k5,399,0.1022789478302002,-10.64024543762207,10.671608924865723,92,4.2203450202941895,0.8498749136924744,2.9602010250091553,2.885521173477173
hierarchical_mixture,1.0,2,cholesky,5,ode_transport,1024,0.005,1000,1,hier_k5,400,0.09918212890625,-10.954170227050781,8.943292617797852,92,3.8475773334503174,1.320467472076416,2.9517667293548584,2.085015296936035
hierarchical_mixture,1.0,2,cholesky,5,ode_transport,1024,0.005,1000,1,hier_k5,401,0.09775614738464355,-10.69723129272461,10.432419776916504,86,3.5720012187957764,0.7680260539054871,2.640096664428711,2.280179500579834
hierarchical_mixture,1.0,2,cholesky,5,ode_transport,1024,0.005,1000,1,hier_k5,402,0.09396982192993164,-10.539228439331055,9.846673965454102,86,4.051653861999512,1.0323642492294312,3.0302982330322266,2.4834282398223877
hierarchical_mixture,1.0,2,cholesky,5,ode_transport,1024,0.005,1000,1,hier_k5,403,0.09923005104064941,-10.908428192138672,9.28145980834961,86,3.6045656204223633,1.2008578777313232,2.2700562477111816,2.5293631553649902
hierarchical_mixture,1.0,2,cholesky,5,ode_transport,1024,0.005,1000,1,hier_k5,404,0.09185504913330078,-11.09964370727539,10.670734405517578,86,4.721955299377441,0.9004921913146973,3.172379970550537,3.3796420097351074
hierarchical_mixture,1.0,2,cholesky,5,ode_transport,1024,0.005,1000,1,hier_k5,405,0.10496211051940918,-10.257081985473633,8.6264009475708,92,3.316117763519287,0.7563735842704773,2.341749906539917,2.222778081893921
hierarchical_mixture,1.0,2,cholesky,5,ode_transport,1024,0.005,1000,1,hier_k5,406,0.0967869758605957,-10.053061485290527,9.40799331665039,92,3.295440435409546,0.630216121673584,2.452946424484253,2.108508586883545
hierarchical_mixture,1.0,2,cholesky,5,ode_transport,1024,0.005,1000,1,hier_k5,407,0.11835026741027832,-11.164384841918945,11.428136825561523,104,3.4318044185638428,0.6367552280426025,2.7670323848724365,1.9275258779525757
hierarchical_mixture,1.0,2,cholesky,5,ode_transport,1024,0.005,1000,1,hier_k5,408,0.09900498390197754,-10.267979621887207,9.266634941101074,86,3.788355827331543,1.5604127645492554,2.362612724304199,2.5169055461883545
hierarchical_mixture,1.0,2,cholesky,5,ode_transport,1024,0.005,1000,1,hier_k5,409,0.10066103935241699,-10.18616771697998,8.587740898132324,92,3.228595018386841,0.40208640694618225,2.907794952392578,1.3442022800445557
hierarchical_mixture,1.0,2,cholesky,5,ode_transport,1024,0.005,1000,1,hier_k5,410,0.09998011589050293,-10.293386459350586,9.179726600646973,92,3.73805832862854,1.1191247701644897,2.887568473815918,2.0934629440307617
hierarchical_mixture,1.0,2,cholesky,5,ode_transport,1024,0.005,1000,1,hier_k5,411,0.10511994361877441,-10.426156997680664,9.655009269714355,98,5.105128288269043,2.0915215015411377,3.2465875148773193,3.3387937545776367
hierarchical_mixture,1.0,2,cholesky,5,ode_transport,1024,0.005,1000,1,hier_k5,412,0.09886837005615234,-10.378815650939941,11.00325870513916,86,3.9575512409210205,1.1688201427459717,2.5385196208953857,2.802140235900879
hierarchical_mixture,1.0,2,cholesky,5,ode_transport,1024,0.005,1000,1,hier_k5,413,0.11630797386169434,-10.385858535766602,10.809147834777832,98,3.532470464706421,1.3297749757766724,2.5681848526000977,2.028416395187378
hierarchical_mixture,1.0,2,cholesky,5,ode_transport,1024,0.005,1000,1,hier_k5,414,0.11456489562988281,-10.625615119934082,9.779373168945312,110,4.051476955413818,0.9819849729537964,2.918745756149292,2.632697343826294
hierarchical_mixture,1.0,2,cholesky,5,ode_transport,1024,0.005,1000,1,hier_k5,415,0.11304593086242676,-9.85684585571289,8.91821575164795,92,4.727306365966797,1.583070158958435,2.80881667137146,3.457146644592285
hierarchical_mixture,1.0,2,cholesky,5,ode_transport,1024,0.005,1000,1,hier_k5,416,0.11952590942382812,-10.5167875289917,10.654243469238281,104,4.770639896392822,1.9042232036590576,3.068361282348633,3.1173861026763916
hierarchical_mixture,1.0,2,cholesky,5,ode_transport,1024,0.005,1000,1,hier_k5,417,0.11492609977722168,-9.77523422241211,7.97987699508667,92,3.2827658653259277,0.934943675994873,2.7559306621551514,1.5189727544784546
hierarchical_mixture,1.0,2,cholesky,5,ode_transport,1024,0.005,1000,1,hier_k5,418,0.09941887855529785,-10.610787391662598,11.56408405303955,92,4.535487174987793,1.8294100761413574,2.6548547744750977,3.189929246902466
hierarchical_mixture,1.0,2,cholesky,5,ode_transport,1024,0.005,1000,1,hier_k5,419,0.11600685119628906,-9.88461685180664,9.590567588806152,104,5.678262710571289,1.8920660018920898,2.7337632179260254,4.603182792663574
hierarchical_mixture,1.0,2,cholesky,5,ode_transport,1024,0.005,1000,1,hier_k5,420,0.11217808723449707,-9.700496673583984,8.111310958862305,98,4.403693675994873,0.8182979226112366,3.136253595352173,2.981076955795288
hierarchical_mixture,1.0,2,cholesky,5,ode_transport,1024,0.005,1000,1,hier_k5,421,0.11388397216796875,-10.194146156311035,8.95229434967041,104,4.540631294250488,1.7911460399627686,3.0907013416290283,2.8029794692993164
hierarchical_mixture,1.0,2,cholesky,5,ode_transport,1024,0.005,1000,1,hier_k5,422,0.12403011322021484,-10.169477462768555,12.324494361877441,98,4.375157356262207,1.014670729637146,3.031913995742798,2.9866271018981934
hierarchical_mixture,1.0,2,cholesky,5,ode_transport,1024,0.005,1000,1,hier_k5,423,0.09977102279663086,-9.665443420410156,9.911280632019043,92,3.7459349632263184,0.5903193950653076,2.5974814891815186,2.6337504386901855
hierarchical_mixture,1.0,2,cholesky,5,ode_transport,1024,0.005,1000,1,hier_k5,424,0.11293840408325195,-10.134493827819824,8.952341079711914,98,3.965178966522217,0.8306394815444946,2.570984363555908,2.9021923542022705
hierarchical_mixture,1.0,2,cholesky,5,ode_transport,1024,0.005,1000,1,hier_k5,425,0.11579513549804688,-9.968737602233887,10.01919174194336,98,4.294387340545654,1.0240274667739868,2.975959062576294,2.9217801094055176
hierarchical_mixture,1.0,2,cholesky,5,ode_transport,1024,0.005,1000,1,hier_k5,426,0.1161959171295166,-10.427273750305176,9.736283302307129,104,5.697006702423096,1.9787395000457764,3.070847511291504,4.371541500091553
hierarchical_mixture,1.0,2,cholesky,5,ode_transport,1024,0.005,1000,1,hier_k5,427,0.10255885124206543,-9.632183074951172,8.153066635131836,104,3.6708240509033203,0.6348308324813843,2.860027313232422,2.2118277549743652
hierarchical_mixture,1.0,2,cholesky,5,ode_transport,1024,0.005,1000,1,hier_k5,428,0.101715087890625,-9.657151222229004,9.091567039489746,98,4.342766284942627,0.8318281769752502,3.106520414352417,2.918426275253296
hierarchical_mixture,1.0,2,cholesky,5,ode_transport,1024,0.005,1000,1,hier_k5,429,0.10221385955810547,-9.798898696899414,8.675559043884277,98,5.0984206199646,1.7530810832977295,3.3535401821136475,3.4167776107788086
hierarchical_mixture,1.0,2,cholesky,5,ode_transport,1024,0.005,1000,1,hier_k5,430,0.09205102920532227,-9.63696002960205,8.736726760864258,86,5.931228160858154,1.2120146751403809,3.5309364795684814,4.609010219573975
hierarchical_mixture,1.0,2,cholesky,5,ode_transport,1024,0.005,1000,1,hier_k5,431,0.10288500785827637,-9.5425443649292,7.835810661315918,104,5.089763164520264,0.713650643825531,3.0638954639434814,4.00111722946167
hierarchical_mixture,1.0,2,cholesky,5,ode_transport,1024,0.005,1000,1,hier_k5,432,0.10382890701293945,-9.736565589904785,8.450913429260254,98,5.934560775756836,0.947737455368042,3.3056676387786865,4.836668491363525
hierarchical_mixture,1.0,2,cholesky,5,ode_transport,1024,0.005,1000,1,hier_k5,433,0.10781216621398926,-9.675210952758789,10.529111862182617,98,5.324272155761719,1.2776979207992554,3.2310869693756104,4.03428316116333
hierarchical_mixture,1.0,2,cholesky,5,ode_transport,1024,0.005,1000,1,hier_k5,434,0.11162281036376953,-9.621694564819336,9.005669593811035,92,6.736130714416504,2.242769956588745,3.170424222946167,5.5039849281311035
hierarchical_mixture,1.0,2,cholesky,5,ode_transport,1024,0.005,1000,1,hier_k5,435,0.1250932216644287,-9.233461380004883,8.453445434570312,110,7.222579479217529,1.0632529258728027,3.7329764366149902,6.09097957611084
hierarchical_mixture,1.0,2,cholesky,5,ode_transport,1024,0.005,1000,1,hier_k5,436,0.12813901901245117,-9.645831108093262,9.774993896484375,116,6.304645538330078,1.5756747722625732,3.225196123123169,5.183041095733643
hierarchical_mixture,1.0,2,cholesky,5,ode_transport,1024,0.005,1000,1,hier_k5,437,0.11909818649291992,-9.548907279968262,9.265193939208984,98,6.193332672119141,0.8220255970954895,3.0925703048706055,5.302608489990234
hierarchical_mixture,1.0,2,cholesky,5,ode_transport,1024,0.005,1000,1,hier_k5,438,0.11319303512573242,-8.63573932647705,7.817581653594971,110,5.997187614440918,0.8843616843223572,3.8004086017608643,4.554234981536865
hierarchical_mixture,1.0,2,cholesky,5,ode_transport,1024,0.005,1000,1,hier_k5,439,0.11554217338562012,-8.355315208435059,7.605185508728027,104,6.47506046295166,1.182055115699768,3.935410737991333,5.004167556762695
hierarchical_mixture,1.0,2,cholesky,5,ode_transport,1024,0.005,1000,1,hier_k5,440,0.11882996559143066,-9.070889472961426,9.131589889526367,104,6.331777572631836,1.0708327293395996,3.4343905448913574,5.210536003112793
hierarchical_mixture,1.0,2,cholesky,5,ode_transport,1024,0.005,1000,1,hier_k5,441,0.11019301414489746,-9.108576774597168,10.658413887023926,110,6.026039123535156,1.039670467376709,3.5126147270202637,4.784743309020996
hierarchical_mixture,1.0,2,cholesky,5,ode_transport,1024,0.005,1000,1,hier_k5,442,0.10913681983947754,-8.341590881347656,7.964820861816406,110,6.347095489501953,1.1554338932037354,3.4587061405181885,5.194992542266846
hierarchical_mixture,1.0,2,cholesky,5,ode_transport,1024,0.005,1000,1,hier_k5,443,0.10699892044067383,-8.259200096130371,8.25722599029541,104,7.461329936981201,1.6140012741088867,3.319636344909668,6.484323978424072
hierarchical_mixture,1.0,2,cholesky,5,ode_transport,1024,0.005,1000,1,hier_k5,444,0.10322713851928711,-8.686765670776367,8.545357704162598,104,7.816585063934326,1.1690773963928223,3.707425117492676,6.78139066696167
hierarchical_mixture,1.0,2,cholesky,5,ode_transport,1024,0.005,1000,1,hier_k5,445,0.1149759292602539,-8.678847312927246,8.483227729797363,98,7.754146099090576,1.584153652191162,4.012384414672852,6.443447113037109
hierarchical_mixture,1.0,2,cholesky,5,ode_transport,1024,0.005,1000,1,hier_k5,446,0.1213221549987793,-8.023419380187988,6.875882625579834,110,7.075668811798096,0.7743273973464966,3.7903847694396973,5.9243974685668945
hierarchical_mixture,1.0,2,cholesky,5,ode_transport,1024,0.005,1000,1,hier_k5,447,0.10665225982666016,-8.45333480834961,7.867604732513428,110,5.821813106536865,0.7848445177078247,3.053870916366577,4.894016742706299
hierarchical_mixture,1.0,2,cholesky,5,ode_transport,1024,0.005,1000,1,hier_k5,448,0.15447211265563965,-8.030533790588379,8.21277141571045,116,7.181863307952881,1.002726435661316,3.5267446041107178,6.175416946411133
hierarchical_mixture,1.0,2,cholesky,5,ode_transport,1024,0.005,1000,1,hier_k5,449,0.11478686332702637,-7.963021278381348,8.183395385742188,122,7.119719982147217,1.7976760864257812,3.7446978092193604,5.782388210296631
hierarchical_mixture,1.0,2,cholesky,5,ode_transport,1024,0.005,1000,1,hier_k5,450,0.11478400230407715,-8.014492988586426,8.015837669372559,104,8.15248966217041,1.9320169687271118,3.843981981277466,6.92489767074585
hierarchical_mixture,1.0,2,cholesky,5,ode_transport,1024,0.005,1000,1,hier_k5,451,0.11733293533325195,-7.453490257263184,7.710052013397217,110,6.574743747711182,0.6820080280303955,3.746582269668579,5.359592914581299
hierarchical_mixture,1.0,2,cholesky,5,ode_transport,1024,0.005,1000,1,hier_k5,452,0.133681058883667,-7.860115051269531,8.177220344543457,122,7.009288787841797,0.6721259355545044,3.926001787185669,5.767571926116943
hierarchical_mixture,1.0,2,cholesky,5,ode_transport,1024,0.005,1000,1,hier_k5,453,0.12025189399719238,-7.603388786315918,7.415680885314941,110,7.379027366638184,1.1167939901351929,3.724844455718994,6.271231651306152
hierarchical_mixture,1.0,2,cholesky,5,ode_transport,1024,0.005,1000,1,hier_k5,454,0.1361689567565918,-7.170797348022461,7.79518461227417,122,7.212772846221924,0.7398570775985718,3.7574784755706787,6.112123966217041
hierarchical_mixture,1.0,2,cholesky,5,ode_transport,1024,0.005,1000,1,hier_k5,455,0.12277770042419434,-6.951490879058838,6.665928840637207,104,6.276153564453125,0.7937451004981995,3.9236972332000732,4.8337016105651855
hierarchical_mixture,1.0,2,cholesky,5,ode_transport,1024,0.005,1000,1,hier_k5,456,0.11609411239624023,-7.046980857849121,7.852879524230957,98,6.599680423736572,0.5176213979721069,3.395059823989868,5.6357269287109375
hierarchical_mixture,1.0,2,cholesky,5,ode_transport,1024,0.005,1000,1,hier_k5,457,0.12890291213989258,-6.955442905426025,7.127993106842041,110,7.126548767089844,1.2964295148849487,3.6755425930023193,5.9663519859313965
hierarchical_mixture,1.0,2,cholesky,5,ode_transport,1024,0.005,1000,1,hier_k5,458,0.12350773811340332,-6.562067031860352,7.4495649337768555,110,7.125752925872803,1.178232192993164,3.634368896484375,6.014938831329346
hierarchical_mixture,1.0,2,cholesky,5,ode_transport,1024,0.005,1000,1,hier_k5,459,0.13768815994262695,-6.730224609375,7.594876289367676,122,6.648355007171631,1.3101202249526978,3.7342028617858887,5.342278957366943
hierarchical_mixture,1.0,2,cholesky,5,ode_transport,1024,0.005,1000,1,hier_k5,460,0.12385988235473633,-6.195515155792236,7.300044059753418,122,6.954753875732422,1.4740386009216309,3.9704477787017822,5.516462326049805
hierarchical_mixture,1.0,2,cholesky,5,ode_transport,1024,0.005,1000,1,hier_k5,461,0.10683608055114746,-6.358205318450928,7.291115760803223,98,6.446878433227539,1.7475367784500122,3.7467098236083984,4.9467692375183105
hierarchical_mixture,1.0,2,cholesky,5,ode_transport,1024,0.005,1000,1,hier_k5,462,0.11830878257751465,-6.863185882568359,9.31058120727539,122,6.557853698730469,0.6001157164573669,3.5490472316741943,5.481749057769775
hierarchical_mixture,1.0,2,cholesky,5,ode_transport,1024,0.005,1000,1,hier_k5,463,0.124420166015625,-6.041718482971191,6.312558650970459,116,5.809625625610352,0.9216097593307495,3.558810234069824,4.498583793640137
hierarchical_mixture,1.0,2,cholesky,5,ode_transport,1024,0.005,1000,1,hier_k5,464,0.13133001327514648,-6.627371311187744,8.161820411682129,122,5.7592082023620605,2.093407392501831,3.393941879272461,4.155392169952393
hierarchical_mixture,1.0,2,cholesky,5,ode_transport,1024,0.005,1000,1,hier_k5,465,0.13324499130249023,-5.896932601928711,6.721827507019043,116,5.2486748695373535,0.46126633882522583,3.514280319213867,3.87113094329834
hierarchical_mixture,1.0,2,cholesky,5,ode_transport,1024,0.005,1000,1,hier_k5,466,0.13362669944763184,-6.038469314575195,6.039062023162842,116,5.606960773468018,1.8085516691207886,3.1784303188323975,4.25026273727417
hierarchical_mixture,1.0,2,cholesky,5,ode_transport,1024,0.005,1000,1,hier_k5,467,0.13477826118469238,-5.626755237579346,5.811347007751465,110,5.328114032745361,1.526833415031433,3.205125570297241,3.9730019569396973
hierarchical_mixture,1.0,2,cholesky,5,ode_transport,1024,0.005,1000,1,hier_k5,468,0.12712812423706055,-6.182623863220215,7.162463665008545,116,4.790081024169922,0.8091878294944763,3.269181966781616,3.406250238418579
hierarchical_mixture,1.0,2,cholesky,5,ode_transport,1024,0.005,1000,1,hier_k5,469,0.11547279357910156,-5.637815952301025,6.166956424713135,122,4.349567413330078,0.7958775162696838,2.904311418533325,3.138517379760742
hierarchical_mixture,1.0,2,cholesky,5,ode_transport,1024,0.005,1000,1,hier_k5,470,0.12987399101257324,-5.725279808044434,6.487128734588623,104,4.661864280700684,2.0262606143951416,2.9576008319854736,2.9799060821533203
hierarchical_mixture,1.0,2,cholesky,5,ode_transport,1024,0.005,1000,1,hier_k5,471,0.13689303398132324,-5.424381256103516,5.851887226104736,116,4.532619953155518,1.4160925149917603,3.02264404296875,3.066422462463379
hierarchical_mixture,1.0,2,cholesky,5,ode_transport,1024,0.005,1000,1,hier_k5,472,0.13838815689086914,-5.548868179321289,6.691136360168457,116,4.522966384887695,1.4819172620773315,3.2508487701416016,2.773648977279663
hierarchical_mixture,1.0,2,cholesky,5,ode_transport,1024,0.005,1000,1,hier_k5,473,0.12592172622680664,-5.427501201629639,6.114839553833008,116,4.141731262207031,1.5176674127578735,2.804759979248047,2.6427156925201416
hierarchical_mixture,1.0,2,cholesky,5,ode_transport,1024,0.005,1000,1,hier_k5,474,0.1320960521697998,-5.414698600769043,5.590832710266113,122,4.417886257171631,1.3781298398971558,2.8099896907806396,3.118082046508789
hierarchical_mixture,1.0,2,cholesky,5,ode_transport,1024,0.005,1000,1,hier_k5,475,0.1496129035949707,-5.227454662322998,6.0608954429626465,122,3.847153425216675,0.9258192181587219,2.8442020416259766,2.4194962978363037
hierarchical_mixture,1.0,2,cholesky,5,ode_transport,1024,0.005,1000,1,hier_k5,476,0.13060712814331055,-5.1581292152404785,5.726362705230713,116,3.7017264366149902,1.0494722127914429,2.887035369873047,2.0655295848846436
hierarchical_mixture,1.0,2,cholesky,5,ode_transport,1024,0.005,1000,1,hier_k5,477,0.15642213821411133,-5.108731269836426,5.620635509490967,134,4.005849361419678,1.8568956851959229,2.6358160972595215,2.3772337436676025
hierarchical_mixture,1.0,2,cholesky,5,ode_transport,1024,0.005,1000,1,hier_k5,478,0.16206097602844238,-5.056252479553223,5.674261569976807,128,2.8142080307006836,0.6435299515724182,2.276425838470459,1.5243103504180908
hierarchical_mixture,1.0,2,cholesky,5,ode_transport,1024,0.005,1000,1,hier_k5,479,0.14751195907592773,-5.298906326293945,6.451413631439209,122,3.7038490772247314,2.011646032333374,2.4858357906341553,1.86879563331604
hierarchical_mixture,1.0,2,cholesky,5,ode_transport,1024,0.005,1000,1,hier_k5,480,0.14830803871154785,-5.446169376373291,5.7316484451293945,128,3.4449899196624756,1.6202195882797241,2.2591090202331543,2.034520149230957
hierarchical_mixture,1.0,2,cholesky,5,ode_transport,1024,0.005,1000,1,hier_k5,481,0.143629789352417,-5.230874061584473,6.4533772468566895,128,2.8005776405334473,0.6559381484985352,2.0219807624816895,1.8233416080474854
hierarchical_mixture,1.0,2,cholesky,5,ode_transport,1024,0.005,1000,1,hier_k5,482,0.12441897392272949,-5.275646209716797,5.948001384735107,128,3.440645694732666,1.7042036056518555,2.329739570617676,1.872443675994873
hierarchical_mixture,1.0,2,cholesky,5,ode_transport,1024,0.005,1000,1,hier_k5,483,0.10837316513061523,-4.980844020843506,5.911677837371826,110,3.0385899543762207,0.6595761179924011,2.5918641090393066,1.4423002004623413
hierarchical_mixture,1.0,2,cholesky,5,ode_transport,1024,0.005,1000,1,hier_k5,484,0.12121796607971191,-5.170536994934082,5.961520195007324,128,3.0771682262420654,1.9879506826400757,1.8771144151687622,1.4118984937667847
hierarchical_mixture,1.0,2,cholesky,5,ode_transport,1024,0.005,1000,1,hier_k5,485,0.12690305709838867,-5.095373630523682,11.622919082641602,128,2.441737174987793,0.48825785517692566,1.8633853197097778,1.5004934072494507
hierarchical_mixture,1.0,2,cholesky,5,ode_transport,1024,0.005,1000,1,hier_k5,486,0.13707327842712402,-5.309308052062988,6.722732067108154,122,2.7002053260803223,1.1496820449829102,2.0485756397247314,1.331419587135315
hierarchical_mixture,1.0,2,cholesky,5,ode_transport,1024,0.005,1000,1,hier_k5,487,0.14004921913146973,-5.013350486755371,5.819671630859375,134,2.782740354537964,0.3841685652732849,1.8976279497146606,1.9987659454345703
hierarchical_mixture,1.0,2,cholesky,5,ode_transport,1024,0.005,1000,1,hier_k5,488,0.13886189460754395,-5.158760070800781,5.880735397338867,122,2.5370571613311768,1.0425840616226196,1.746753215789795,1.516090750694275
hierarchical_mixture,1.0,2,cholesky,5,ode_transport,1024,0.005,1000,1,hier_k5,489,0.13321781158447266,-4.8184919357299805,5.067901611328125,128,2.133194923400879,0.21395470201969147,1.7354122400283813,1.221920132637024
hierarchical_mixture,1.0,2,cholesky,5,ode_transport,1024,0.005,1000,1,hier_k5,490,0.147003173828125,-4.926648139953613,5.74119758605957,128,2.554172992706299,1.2568424940109253,1.7308441400527954,1.3958240747451782
hierarchical_mixture,1.0,2,cholesky,5,ode_transport,1024,0.005,1000,1,hier_k5,491,0.1277329921722412,-4.823512077331543,5.259815692901611,122,2.4798977375030518,1.6743825674057007,1.5618497133255005,0.9523447751998901
hierarchical_mixture,1.0,2,cholesky,5,ode_transport,1024,0.005,1000,1,hier_k5,492,0.12442398071289062,-5.463849067687988,8.498455047607422,128,3.518799066543579,1.7457889318466187,1.8068604469299316,2.463620185852051
hierarchical_mixture,1.0,2,cholesky,5,ode_transport,1024,0.005,1000,1,hier_k5,493,0.12254905700683594,-5.089197635650635,6.899075984954834,122,2.334787368774414,1.316884160041809,1.5865620374679565,1.0953850746154785
hierarchical_mixture,1.0,2,cholesky,5,ode_transport,1024,0.005,1000,1,hier_k5,494,0.14966392517089844,-4.785186290740967,5.657965660095215,122,2.242955446243286,0.9219710826873779,1.5195460319519043,1.3681368827819824
hierarchical_mixture,1.0,2,cholesky,5,ode_transport,1024,0.005,1000,1,hier_k5,495,0.1317908763885498,-5.203251838684082,6.6802449226379395,122,2.1774189472198486,1.2226914167404175,1.5091526508331299,0.9841939210891724
hierarchical_mixture,1.0,2,cholesky,5,ode_transport,1024,0.005,1000,1,hier_k5,496,0.1306009292602539,-4.749326229095459,5.330618381500244,128,2.3973867893218994,1.0999830961227417,1.571386694908142,1.4381394386291504
hierarchical_mixture,1.0,2,cholesky,5,ode_transport,1024,0.005,1000,1,hier_k5,497,0.12110519409179688,-5.024179935455322,6.295790672302246,110,3.2151567935943604,2.577988624572754,1.5744564533233643,1.101042628288269
hierarchical_mixture,1.0,2,cholesky,5,ode_transport,1024,0.005,1000,1,hier_k5,498,0.11876916885375977,-4.848733425140381,6.135927200317383,116,2.2969210147857666,1.4703997373580933,1.3147649765014648,1.1769293546676636
hierarchical_mixture,1.0,2,cholesky,5,ode_transport,1024,0.005,1000,1,hier_k5,499,0.12549400329589844,-4.69651985168457,4.666782379150391,128,2.2396748065948486,1.340349555015564,1.3236685991287231,1.2114075422286987
hierarchical_mixture,1.0,2,cholesky,5,ode_transport,1024,0.005,1000,1,hier_k5,500,0.1308438777923584,-4.887495517730713,5.596524715423584,134,2.057734251022339,1.4226696491241455,1.0538634061813354,1.048643946647644
hierarchical_mixture,1.0,2,cholesky,5,ode_transport,1024,0.005,1000,1,hier_k5,501,0.12418627738952637,-4.845327377319336,7.109766483306885,128,2.125603675842285,1.4300973415374756,1.0223990678787231,1.1948691606521606
hierarchical_mixture,1.0,2,cholesky,5,ode_transport,1024,0.005,1000,1,hier_k5,502,0.11684298515319824,-5.012888431549072,7.121698379516602,116,2.3552069664001465,1.6207988262176514,1.0445469617843628,1.352380394935608
hierarchical_mixture,1.0,2,cholesky,5,ode_transport,1024,0.005,1000,1,hier_k5,503,0.12576794624328613,-5.177905082702637,7.455960750579834,128,2.304457664489746,1.7225418090820312,1.027221441268921,1.1349847316741943
hierarchical_mixture,1.0,2,cholesky,5,ode_transport,1024,0.005,1000,1,hier_k5,504,0.13812828063964844,-4.464853286743164,5.325227737426758,128,2.195369005203247,1.3570693731307983,0.9808669090270996,1.419826626777649
hierarchical_mixture,1.0,2,cholesky,5,ode_transport,1024,0.005,1000,1,hier_k5,505,0.13331818580627441,-4.782964706420898,6.069149494171143,134,2.3418102264404297,1.5236154794692993,0.9487813115119934,1.5041559934616089
hierarchical_mixture,1.0,2,cholesky,5,ode_transport,1024,0.005,1000,1,hier_k5,506,0.1364908218383789,-4.912220001220703,6.487473487854004,128,2.5862221717834473,1.9778447151184082,0.8440624475479126,1.4367446899414062
hierarchical_mixture,1.0,2,cholesky,5,ode_transport,1024,0.005,1000,1,hier_k5,507,0.14319324493408203,-4.625144004821777,5.030002593994141,134,1.5263478755950928,0.3473651707172394,0.9160307049751282,1.1704541444778442
hierarchical_mixture,1.0,2,cholesky,5,ode_transport,1024,0.005,1000,1,hier_k5,508,0.12929272651672363,-4.545749664306641,6.354773998260498,128,1.9462602138519287,0.8493396639823914,0.9096360206604004,1.4963667392730713
hierarchical_mixture,1.0,2,cholesky,5,ode_transport,1024,0.005,1000,1,hier_k5,509,0.13289809226989746,-4.755222320556641,4.882916450500488,140,1.5354300737380981,0.5542229413986206,0.9913082122802734,1.0332911014556885
hierarchical_mixture,1.0,2,cholesky,5,ode_transport,1024,0.005,1000,1,hier_k5,510,0.13544917106628418,-4.4382734298706055,4.921143531799316,146,1.452918529510498,0.6809009313583374,0.8921723961830139,0.9226996898651123
hierarchical_mixture,1.0,2,cholesky,5,ode_transport,1024,0.005,1000,1,hier_k5,511,0.1356978416442871,-4.857884883880615,5.971154689788818,146,1.4882711172103882,0.5334921479225159,1.0703028440475464,0.8858831524848938
hierarchical_mixture,1.0,2,cholesky,5,ode_transport,1024,0.005,1000,1,hier_k5,512,0.13087916374206543,-4.712921619415283,5.687100410461426,140,0.8820643424987793,0.16935886442661285,0.6006975769996643,0.6233116388320923
hierarchical_mixture,1.0,2,cholesky,5,ode_transport,1024,0.005,1000,1,hier_k5,513,0.13471674919128418,-4.517950534820557,4.323431015014648,134,1.709579586982727,0.9120347499847412,0.7933458089828491,1.2089074850082397
hierarchical_mixture,1.0,2,cholesky,5,ode_transport,1024,0.005,1000,1,hier_k5,514,0.1311962604522705,-4.630897521972656,4.8377203941345215,140,1.7633916139602661,1.399065375328064,0.768686056137085,0.749191403388977
hierarchical_mixture,1.0,2,cholesky,5,ode_transport,1024,0.005,1000,1,hier_k5,515,0.12407183647155762,-4.621074676513672,5.390818119049072,128,1.531640648841858,0.5656000971794128,0.3785032033920288,1.3721351623535156
hierarchical_mixture,1.0,2,cholesky,5,ode_transport,1024,0.005,1000,1,hier_k5,516,0.12791919708251953,-4.505303382873535,4.610505104064941,134,1.250901699066162,0.3415307104587555,0.6667159795761108,1.0017991065979004
hierarchical_mixture,1.0,2,cholesky,5,ode_transport,1024,0.005,1000,1,hier_k5,517,0.12032389640808105,-4.41880464553833,4.31866455078125,128,1.7345085144042969,1.3823317289352417,0.5893881916999817,0.8661989569664001
hierarchical_mixture,1.0,2,cholesky,5,ode_transport,1024,0.005,1000,1,hier_k5,518,0.13415884971618652,-4.7097601890563965,5.607491493225098,134,1.1782242059707642,0.431352436542511,0.63397216796875,0.8945539593696594
hierarchical_mixture,1.0,2,cholesky,5,ode_transport,1024,0.005,1000,1,hier_k5,519,0.12679028511047363,-4.83198356628418,6.622466087341309,128,2.0896236896514893,1.2513463497161865,0.6410057544708252,1.5458883047103882
hierarchical_mixture,1.0,2,cholesky,5,ode_transport,1024,0.005,1000,1,hier_k5,520,0.13915801048278809,-4.8324384689331055,6.388689994812012,134,1.5501004457473755,0.9625778794288635,0.7366246581077576,0.9662501215934753
hierarchical_mixture,1.0,2,cholesky,5,ode_transport,1024,0.005,1000,1,hier_k5,521,0.15049076080322266,-4.600430488586426,5.080062389373779,134,1.5791983604431152,1.3626348972320557,0.4481106996536255,0.6605229377746582
hierarchical_mixture,1.0,2,cholesky,5,ode_transport,1024,0.005,1000,1,hier_k5,522,0.1270439624786377,-4.3965349197387695,4.651916027069092,134,1.8757389783859253,1.5143111944198608,0.5600101947784424,0.9548020362854004
hierarchical_mixture,1.0,2,cholesky,5,ode_transport,1024,0.005,1000,1,hier_k5,523,0.13349604606628418,-4.664984226226807,5.372021198272705,146,1.4212162494659424,1.2119112014770508,0.4245970547199249,0.6089698672294617
hierarchical_mixture,1.0,2,cholesky,5,ode_transport,1024,0.005,1000,1,hier_k5,524,0.12911200523376465,-4.699401378631592,5.377876281738281,140,1.7823539972305298,1.4188207387924194,0.5412640571594238,0.9331490993499756
hierarchical_mixture,1.0,2,cholesky,5,ode_transport,1024,0.005,1000,1,hier_k5,525,0.13588690757751465,-4.652736663818359,4.77501916885376,128,0.922721266746521,0.38555073738098145,0.4651268720626831,0.6974397301673889
hierarchical_mixture,1.0,2,cholesky,5,ode_transport,1024,0.005,1000,1,hier_k5,526,0.1438453197479248,-4.543641090393066,5.851133346557617,140,1.1341402530670166,0.7505984902381897,0.409061998128891,0.7453484535217285
hierarchical_mixture,1.0,2,cholesky,5,ode_transport,1024,0.005,1000,1,hier_k5,527,0.14017510414123535,-4.371207237243652,4.473301887512207,128,1.6262233257293701,1.156798005104065,0.5060608983039856,1.0248525142669678
hierarchical_mixture,1.0,2,cholesky,5,ode_transport,1024,0.005,1000,1,hier_k5,528,0.13549470901489258,-4.594393730163574,4.519081115722656,128,1.4840223789215088,0.9691234827041626,0.47185516357421875,1.0200366973876953
hierarchical_mixture,1.0,2,cholesky,5,ode_transport,1024,0.005,1000,1,hier_k5,529,0.1464710235595703,-4.414667129516602,4.419262409210205,140,1.1017136573791504,0.49486610293388367,0.7446121573448181,0.6437649130821228
hierarchical_mixture,1.0,2,cholesky,5,ode_transport,1024,0.005,1000,1,hier_k5,530,0.1470348834991455,-4.350780963897705,4.739858150482178,134,0.8903094530105591,0.20868103206157684,0.5057432055473328,0.7023723721504211
hierarchical_mixture,1.0,2,cholesky,5,ode_transport,1024,0.005,1000,1,hier_k5,531,0.15531492233276367,-4.391681671142578,4.343825340270996,134,1.0577340126037598,0.49535563588142395,0.49394866824150085,0.7933716773986816
hierarchical_mixture,1.0,2,cholesky,5,ode_transport,1024,0.005,1000,1,hier_k5,532,0.13950085639953613,-4.3390727043151855,5.106876850128174,146,0.9856564998626709,0.20458835363388062,0.3572629392147064,0.8955588340759277
hierarchical_mixture,1.0,2,cholesky,5,ode_transport,1024,0.005,1000,1,hier_k5,533,0.1419200897216797,-4.2938385009765625,6.1004319190979,122,0.7357222437858582,0.2069564014673233,0.22149550914764404,0.6703699827194214
hierarchical_mixture,1.0,2,cholesky,5,ode_transport,1024,0.005,1000,1,hier_k5,534,0.1430966854095459,-4.263282299041748,3.44337797164917,146,0.7488492131233215,0.6526773571968079,0.17382334172725677,0.32337716221809387
hierarchical_mixture,1.0,2,cholesky,5,ode_transport,1024,0.005,1000,1,hier_k5,535,0.1347651481628418,-4.372011184692383,4.297117710113525,146,1.0208897590637207,0.5630868673324585,0.3964439630508423,0.7536452412605286
hierarchical_mixture,1.0,2,cholesky,5,ode_transport,1024,0.005,1000,1,hier_k5,536,0.12627100944519043,-4.294137001037598,4.311661243438721,128,1.1429108381271362,0.48812082409858704,0.3480135500431061,0.9730722904205322
hierarchical_mixture,1.0,2,cholesky,5,ode_transport,1024,0.005,1000,1,hier_k5,537,0.13669395446777344,-4.270737171173096,4.133634090423584,134,1.69130277633667,1.3543497323989868,0.45339125394821167,0.9059129357337952
hierarchical_mixture,1.0,2,cholesky,5,ode_transport,1024,0.005,1000,1,hier_k5,538,0.136505126953125,-4.281431674957275,4.830309867858887,128,1.4600584506988525,0.9280292987823486,0.3997490108013153,1.0539133548736572
hierarchical_mixture,1.0,2,cholesky,5,ode_transport,1024,0.005,1000,1,hier_k5,539,0.13318300247192383,-4.444487571716309,5.204228401184082,140,1.7055754661560059,1.1835203170776367,0.3452928960323334,1.1785755157470703
hierarchical_mixture,1.0,2,cholesky,5,ode_transport,1024,0.005,1000,1,hier_k5,540,0.13650083541870117,-4.623824119567871,5.879644870758057,146,1.309598445892334,0.9627055525779724,0.48829686641693115,0.7414933443069458
hierarchical_mixture,1.0,2,cholesky,5,ode_transport,1024,0.005,1000,1,hier_k5,541,0.16532516479492188,-4.452178478240967,5.147577285766602,146,1.2323777675628662,0.2286827713251114,0.40891164541244507,1.139846682548523
hierarchical_mixture,1.0,2,cholesky,5,ode_transport,1024,0.005,1000,1,hier_k5,542,0.14690804481506348,-4.393085956573486,4.3482232093811035,140,1.036210298538208,0.7685099244117737,0.3110078275203705,0.6216097474098206
hierarchical_mixture,1.0,2,cholesky,5,ode_transport,1024,0.005,1000,1,hier_k5,543,0.12729382514953613,-4.506839752197266,4.543806552886963,128,1.5127705335617065,1.152689814567566,0.3463972210884094,0.916400671005249
hierarchical_mixture,1.0,2,cholesky,5,ode_transport,1024,0.005,1000,1,hier_k5,544,0.13199901580810547,-4.368592739105225,6.065884113311768,134,0.8382912874221802,0.41982802748680115,0.44116467237472534,0.5760645270347595
hierarchical_mixture,1.0,2,cholesky,5,ode_transport,1024,0.005,1000,1,hier_k5,545,0.13484406471252441,-4.198284149169922,3.8332087993621826,146,0.6490144729614258,0.4306415617465973,0.23205308616161346,0.42651963233947754
hierarchical_mixture,1.0,2,cholesky,5,ode_transport,1024,0.005,1000,1,hier_k5,546,0.13881206512451172,-4.1535868644714355,3.4710583686828613,140,0.9126226305961609,0.4197811186313629,0.559910774230957,0.5858018398284912
hierarchical_mixture,1.0,2,cholesky,5,ode_transport,1024,0.005,1000,1,hier_k5,547,0.13821697235107422,-4.330265045166016,4.19272518157959,140,0.9047265648841858,0.6412127017974854,0.3895367980003357,0.5056061744689941
hierarchical_mixture,1.0,2,cholesky,5,ode_transport,1024,0.005,1000,1,hier_k5,548,0.13412094116210938,-4.556988716125488,5.541301727294922,140,1.3930318355560303,0.8684148192405701,0.608086884021759,0.903672456741333
hierarchical_mixture,1.0,2,cholesky,5,ode_transport,1024,0.005,1000,1,hier_k5,549,0.13521790504455566,-4.349086284637451,4.447751998901367,134,0.8920074701309204,0.5404062867164612,0.46452587842941284,0.5365203022956848
hierarchical_mixture,1.0,2,cholesky,5,ode_transport,1024,0.005,1000,1,hier_k5,550,0.13201618194580078,-4.479124546051025,4.919646739959717,134,1.6820873022079468,0.5173929929733276,0.584517240524292,1.4899871349334717
hierarchical_mixture,1.0,2,cholesky,5,ode_transport,1024,0.005,1000,1,hier_k5,551,0.1300520896911621,-4.275629997253418,4.250169277191162,134,1.0385799407958984,0.4955175817012787,0.4325949549674988,0.8037239909172058
hierarchical_mixture,1.0,2,cholesky,5,ode_transport,1024,0.005,1000,1,hier_k5,552,0.1272571086883545,-4.320352554321289,4.263975143432617,134,1.4765491485595703,0.5120947957038879,0.3969270586967468,1.3268026113510132
hierarchical_mixture,1.0,2,cholesky,5,ode_transport,1024,0.005,1000,1,hier_k5,553,0.13711071014404297,-4.342451095581055,4.721375465393066,146,1.4484387636184692,1.1568950414657593,0.13743457198143005,0.8606279492378235
hierarchical_mixture,1.0,2,cholesky,5,ode_transport,1024,0.005,1000,1,hier_k5,554,0.13307809829711914,-4.454777240753174,5.08767032623291,140,0.9796706438064575,0.6535325646400452,0.3088608682155609,0.6612524390220642
hierarchical_mixture,1.0,2,cholesky,5,ode_transport,1024,0.005,1000,1,hier_k5,555,0.13555002212524414,-4.530981540679932,4.681240558624268,134,0.5141606330871582,0.15790840983390808,0.23153619468212128,0.43106508255004883
hierarchical_mixture,1.0,2,cholesky,5,ode_transport,1024,0.005,1000,1,hier_k5,556,0.12607407569885254,-4.324049949645996,4.29240608215332,134,1.1092637777328491,0.6717106103897095,0.3876033127307892,0.793117105960846
hierarchical_mixture,1.0,2,cholesky,5,ode_transport,1024,0.005,1000,1,hier_k5,557,0.14180493354797363,-4.428066730499268,4.872707843780518,152,1.1062484979629517,0.5808475613594055,0.1600106954574585,0.9277921915054321
hierarchical_mixture,1.0,2,cholesky,5,ode_transport,1024,0.005,1000,1,hier_k5,558,0.13603615760803223,-4.498752593994141,6.0358052253723145,140,1.7463899850845337,1.0836610794067383,0.33010658621788025,1.3291298151016235
hierarchical_mixture,1.0,2,cholesky,5,ode_transport,1024,0.005,1000,1,hier_k5,559,0.1292121410369873,-4.148100852966309,3.715070962905884,134,0.7494613528251648,0.281681090593338,0.38206255435943604,0.5799795389175415
hierarchical_mixture,1.0,2,cholesky,5,ode_transport,1024,0.005,1000,1,hier_k5,560,0.1346759796142578,-4.743144512176514,5.767594337463379,140,1.2361278533935547,0.9456429481506348,0.35843831300735474,0.7108399271965027
hierarchical_mixture,1.0,2,cholesky,5,ode_transport,1024,0.005,1000,1,hier_k5,561,0.12812185287475586,-4.138571262359619,3.542530059814453,128,0.6183198094367981,0.09585660696029663,0.3465544581413269,0.503021776676178
hierarchical_mixture,1.0,2,cholesky,5,ode_transport,1024,0.005,1000,1,hier_k5,562,0.13503003120422363,-4.418439865112305,4.704844951629639,134,1.0929101705551147,0.45705145597457886,0.23336701095104218,0.964933454990387
hierarchical_mixture,1.0,2,cholesky,5,ode_transport,1024,0.005,1000,1,hier_k5,563,0.14092588424682617,-4.591550350189209,4.945696830749512,146,1.607326865196228,1.4445948600769043,0.3588441014289856,0.6065283417701721
hierarchical_mixture,1.0,2,cholesky,5,ode_transport,1024,0.005,1000,1,hier_k5,564,0.13193297386169434,-4.438570022583008,5.463210105895996,134,0.6808685064315796,0.45055440068244934,0.23098576068878174,0.45522329211235046
hierarchical_mixture,1.0,2,cholesky,5,ode_transport,1024,0.005,1000,1,hier_k5,565,0.12767314910888672,-4.3199357986450195,4.54798698425293,134,1.2635198831558228,0.807863175868988,0.46777471899986267,0.8514850735664368
hierarchical_mixture,1.0,2,cholesky,5,ode_transport,1024,0.005,1000,1,hier_k5,566,0.12953996658325195,-4.216245651245117,4.110954761505127,134,0.9624346494674683,0.5914686918258667,0.2163950651884079,0.7277488708496094
hierarchical_mixture,1.0,2,cholesky,5,ode_transport,1024,0.005,1000,1,hier_k5,567,0.14023208618164062,-4.164942264556885,3.7300362586975098,146,0.9192423820495605,0.734624445438385,0.19184353947639465,0.5181984305381775
hierarchical_mixture,1.0,2,cholesky,5,ode_transport,1024,0.005,1000,1,hier_k5,568,0.1337583065032959,-4.289165496826172,4.2829742431640625,134,0.7301792502403259,0.1265755146741867,0.30136168003082275,0.6529330015182495
hierarchical_mixture,1.0,2,cholesky,5,ode_transport,1024,0.005,1000,1,hier_k5,569,0.13430023193359375,-4.276634693145752,4.155722141265869,146,1.1669429540634155,0.8369669914245605,0.4450826644897461,0.6805466413497925
hierarchical_mixture,1.0,2,cholesky,5,ode_transport,1024,0.005,1000,1,hier_k5,570,0.1595900058746338,-4.462719917297363,4.814472198486328,146,0.8202299475669861,0.24620316922664642,0.15931527316570282,0.7660155296325684
hierarchical_mixture,1.0,2,cholesky,5,ode_transport,1024,0.005,1000,1,hier_k5,571,0.15781307220458984,-4.440087795257568,4.398949146270752,134,1.0373159646987915,0.7283138632774353,0.40499261021614075,0.6177089810371399
hierarchical_mixture,1.0,2,cholesky,5,ode_transport,1024,0.005,1000,1,hier_k5,572,0.13198494911193848,-4.093310356140137,3.6069726943969727,128,0.8267039060592651,0.7031855583190918,0.2854215204715729,0.32787787914276123
hierarchical_mixture,1.0,2,cholesky,5,ode_transport,1024,0.005,1000,1,hier_k5,573,0.14861488342285156,-4.36107063293457,4.630795955657959,140,0.8097150325775146,0.4224023222923279,0.22226032614707947,0.6540758013725281
hierarchical_mixture,1.0,2,cholesky,5,ode_transport,1024,0.005,1000,1,hier_k5,574,0.14483308792114258,-4.442294120788574,4.009638786315918,140,0.8372883200645447,0.08525250852108002,0.21634864807128906,0.8043488264083862
hierarchical_mixture,1.0,2,cholesky,5,ode_transport,1024,0.005,1000,1,hier_k5,575,0.1505110263824463,-4.260578632354736,4.65054178237915,140,1.275577187538147,0.8321943283081055,0.298104852437973,0.9196103811264038
hierarchical_mixture,1.0,2,cholesky,5,ode_transport,1024,0.005,1000,1,hier_k5,576,0.15540766716003418,-4.395641326904297,5.131627559661865,140,0.9936196208000183,0.31098371744155884,0.19992578029632568,0.9222791790962219
hierarchical_mixture,1.0,2,cholesky,5,ode_transport,1024,0.005,1000,1,hier_k5,577,0.13450980186462402,-3.9519762992858887,2.9175148010253906,122,0.6479771137237549,0.13244380056858063,0.2739500105381012,0.5720877051353455
hierarchical_mixture,1.0,2,cholesky,5,ode_transport,1024,0.005,1000,1,hier_k5,578,0.15198588371276855,-4.288680553436279,4.46428108215332,140,0.9179530143737793,0.6930646896362305,0.19169868528842926,0.5705704092979431
hierarchical_mixture,1.0,2,cholesky,5,ode_transport,1024,0.005,1000,1,hier_k5,579,0.14556217193603516,-4.160372734069824,3.4636001586914062,134,0.612362265586853,0.25835227966308594,0.2621504068374634,0.4894065260887146
hierarchical_mixture,1.0,2,cholesky,5,ode_transport,1024,0.005,1000,1,hier_k5,580,0.13755393028259277,-4.2394118309021,3.8769617080688477,140,0.8671324849128723,0.5657698512077332,0.3558267652988434,0.5524587035179138
hierarchical_mixture,1.0,2,cholesky,5,ode_transport,1024,0.005,1000,1,hier_k5,581,0.13953208923339844,-4.275694847106934,4.078739166259766,128,0.6906130313873291,0.41840285062789917,0.16161422431468964,0.5251344442367554
hierarchical_mixture,1.0,2,cholesky,5,ode_transport,1024,0.005,1000,1,hier_k5,582,0.13716626167297363,-4.302079677581787,3.8952348232269287,122,2.039041519165039,1.4372588396072388,0.41554567217826843,1.385387659072876
hierarchical_mixture,1.0,2,cholesky,5,ode_transport,1024,0.005,1000,1,hier_k5,583,0.14361119270324707,-4.390773296356201,4.014094829559326,134,0.7678970694541931,0.12152142077684402,0.4829396903514862,0.5845234990119934
hierarchical_mixture,1.0,2,cholesky,5,ode_transport,1024,0.005,1000,1,hier_k5,584,0.13316702842712402,-4.160513877868652,3.8692996501922607,128,0.7950637936592102,0.2606441378593445,0.2732935845851898,0.6996439695358276
hierarchical_mixture,1.0,2,cholesky,5,ode_transport,1024,0.005,1000,1,hier_k5,585,0.15776300430297852,-4.314431667327881,4.5688676834106445,146,1.2652819156646729,0.9880896210670471,0.43606066703796387,0.6591421365737915
hierarchical_mixture,1.0,2,cholesky,5,ode_transport,1024,0.005,1000,1,hier_k5,586,0.14334416389465332,-4.463665008544922,4.697357177734375,140,1.6506584882736206,1.3413804769515991,0.1951138973236084,0.9419673681259155
hierarchical_mixture,1.0,2,cholesky,5,ode_transport,1024,0.005,1000,1,hier_k5,587,0.13839077949523926,-4.18058967590332,3.9549784660339355,146,1.248329997062683,0.7835066318511963,0.49684855341911316,0.8352164030075073
hierarchical_mixture,1.0,2,cholesky,5,ode_transport,1024,0.005,1000,1,hier_k5,588,0.12728285789489746,-4.2414960861206055,4.217428684234619,128,0.73740154504776,0.4584965407848358,0.2501157522201538,0.5205613970756531
hierarchical_mixture,1.0,2,cholesky,5,ode_transport,1024,0.005,1000,1,hier_k5,589,0.14590740203857422,-4.325974941253662,4.540164470672607,146,1.5736743211746216,0.2454405128955841,0.15716950595378876,1.546449899673462
hierarchical_mixture,1.0,2,cholesky,5,ode_transport,1024,0.005,1000,1,hier_k5,590,0.13750910758972168,-4.315682888031006,4.51400899887085,128,1.115782380104065,0.76181560754776,0.3818705677986145,0.7202654480934143
hierarchical_mixture,1.0,2,cholesky,5,ode_transport,1024,0.005,1000,1,hier_k5,591,0.13395309448242188,-4.23976469039917,3.6203482151031494,122,1.1282365322113037,0.9016454219818115,0.3375518321990967,0.5882278084754944
hierarchical_mixture,1.0,2,cholesky,5,ode_transport,1024,0.005,1000,1,hier_k5,592,0.15004992485046387,-4.401663303375244,4.646782875061035,140,1.0857133865356445,0.6706209182739258,0.24886055290699005,0.8167677521705627
hierarchical_mixture,1.0,2,cholesky,5,ode_transport,1024,0.005,1000,1,hier_k5,593,0.13498282432556152,-4.221970081329346,3.7198617458343506,134,1.5558401346206665,1.2593252658843994,0.3151652216911316,0.8575600385665894
hierarchical_mixture,1.0,2,cholesky,5,ode_transport,1024,0.005,1000,1,hier_k5,594,0.13118267059326172,-4.256824493408203,4.489530086517334,146,0.9911316633224487,0.5621134042739868,0.3960950970649719,0.7137781381607056
hierarchical_mixture,1.0,2,cholesky,5,ode_transport,1024,0.005,1000,1,hier_k5,595,0.12173986434936523,-4.317784309387207,4.583552837371826,128,0.6470956206321716,0.19789037108421326,0.1880263388156891,0.5867011547088623
hierarchical_mixture,1.0,2,cholesky,5,ode_transport,1024,0.005,1000,1,hier_k5,596,0.13623499870300293,-4.271271705627441,3.6480414867401123,146,0.7937833070755005,0.4730798900127411,0.35637712478637695,0.5284720063209534
hierarchical_mixture,1.0,2,cholesky,5,ode_transport,1024,0.005,1000,1,hier_k5,597,0.13296794891357422,-4.157876014709473,3.2482364177703857,128,1.2266632318496704,1.0743341445922852,0.2371453493833542,0.5424674153327942
hierarchical_mixture,1.0,2,cholesky,5,ode_transport,1024,0.005,1000,1,hier_k5,598,0.1500999927520752,-4.335249423980713,4.6872382164001465,152,1.1340827941894531,0.8724373579025269,0.23066069185733795,0.6868715286254883
hierarchical_mixture,1.0,2,cholesky,5,ode_transport,1024,0.005,1000,1,hier_k5,599,0.15396618843078613,-4.189277648925781,3.7823057174682617,152,0.9445332288742065,0.37526339292526245,0.2730376720428467,0.8226608633995056
hierarchical_mixture,1.0,2,cholesky,5,ode_transport,1024,0.005,1000,1,hier_k5,600,0.14918971061706543,-4.433143138885498,4.300383567810059,140,2.0264575481414795,1.6058433055877686,0.7024625539779663,1.0170269012451172
hierarchical_mixture,1.0,2,cholesky,5,ode_transport,1024,0.005,1000,1,hier_k5,601,0.14024686813354492,-4.043632507324219,2.924482822418213,140,0.8417205810546875,0.5758547782897949,0.1772543042898178,0.5877633690834045
hierarchical_mixture,1.0,2,cholesky,5,ode_transport,1024,0.005,1000,1,hier_k5,602,0.14090394973754883,-4.451924800872803,5.120785713195801,146,0.9828595519065857,0.1837335079908371,0.27060675621032715,0.9268370270729065
hierarchical_mixture,1.0,2,cholesky,5,ode_transport,1024,0.005,1000,1,hier_k5,603,0.13097071647644043,-4.526176452636719,7.250792503356934,134,1.4531279802322388,0.8541214466094971,0.35659027099609375,1.1202237606048584
hierarchical_mixture,1.0,2,cholesky,5,ode_transport,1024,0.005,1000,1,hier_k5,604,0.14049983024597168,-4.176149368286133,4.008975505828857,140,0.9173258543014526,0.732313871383667,0.38340309262275696,0.3977501392364502
hierarchical_mixture,1.0,2,cholesky,5,ode_transport,1024,0.005,1000,1,hier_k5,605,0.14309406280517578,-4.170065879821777,4.134078025817871,152,0.8724884986877441,0.653540849685669,0.389331579208374,0.42724889516830444
hierarchical_mixture,1.0,2,cholesky,5,ode_transport,1024,0.005,1000,1,hier_k5,606,0.1334550380706787,-4.424407958984375,4.003265380859375,128,1.2121903896331787,0.9917067885398865,0.39341360330581665,0.5754551887512207
hierarchical_mixture,1.0,2,cholesky,5,ode_transport,1024,0.005,1000,1,hier_k5,607,0.13816404342651367,-4.042993068695068,3.2428171634674072,140,0.6447829604148865,0.3114708662033081,0.2520330250263214,0.5051834583282471
hierarchical_mixture,1.0,2,cholesky,5,ode_transport,1024,0.005,1000,1,hier_k5,608,0.1327953338623047,-4.289764881134033,4.218999862670898,134,0.8012217283248901,0.41066110134124756,0.226517915725708,0.6496178507804871
hierarchical_mixture,1.0,2,cholesky,5,ode_transport,1024,0.005,1000,1,hier_k5,609,0.1351609230041504,-4.207337379455566,3.524597406387329,140,1.303671956062317,1.0518369674682617,0.29442471265792847,0.7116979360580444
hierarchical_mixture,1.0,2,cholesky,5,ode_transport,1024,0.005,1000,1,hier_k5,610,0.13693904876708984,-4.218099117279053,4.292872905731201,134,0.9979895949363708,0.05593926087021828,0.41138148307800293,0.9075347185134888
hierarchical_mixture,1.0,2,cholesky,5,ode_transport,1024,0.005,1000,1,hier_k5,611,0.13423633575439453,-4.09219217300415,3.1220555305480957,134,0.8724060654640198,0.15724484622478485,0.33680611848831177,0.7892578840255737
hierarchical_mixture,1.0,2,cholesky,5,ode_transport,1024,0.005,1000,1,hier_k5,612,0.14804887771606445,-4.298808574676514,4.15561580657959,158,0.6628147959709167,0.48496168851852417,0.2454269975423813,0.37934303283691406
hierarchical_mixture,1.0,2,cholesky,5,ode_transport,1024,0.005,1000,1,hier_k5,613,0.1355130672454834,-4.195387840270996,3.562617778778076,140,0.7464785575866699,0.3270185887813568,0.32609325647354126,0.5864744186401367
hierarchical_mixture,1.0,2,cholesky,5,ode_transport,1024,0.005,1000,1,hier_k5,614,0.15424203872680664,-4.156179428100586,3.533827304840088,140,0.6896274089813232,0.08983355015516281,0.2300736904144287,0.6438804268836975
hierarchical_mixture,1.0,2,cholesky,5,ode_transport,1024,0.005,1000,1,hier_k5,615,0.14350390434265137,-4.046998023986816,3.4884371757507324,140,0.7203311324119568,0.354047030210495,0.3600236177444458,0.5137224197387695
hierarchical_mixture,1.0,2,cholesky,5,ode_transport,1024,0.005,1000,1,hier_k5,616,0.13788223266601562,-4.124781608581543,3.373466730117798,134,0.9145697951316833,0.08783391863107681,0.24907776713371277,0.8756045699119568
hierarchical_mixture,1.0,2,cholesky,5,ode_transport,1024,0.005,1000,1,hier_k5,617,0.1335279941558838,-4.550492763519287,9.28657341003418,128,1.8602006435394287,0.749768853187561,0.7476011514663696,1.5294723510742188
hierarchical_mixture,1.0,2,cholesky,5,ode_transport,1024,0.005,1000,1,hier_k5,618,0.151824951171875,-4.2705159187316895,5.629322528839111,152,1.049074649810791,0.4951198995113373,0.34795549511909485,0.8569369912147522
hierarchical_mixture,1.0,2,cholesky,5,ode_transport,1024,0.005,1000,1,hier_k5,619,0.1433250904083252,-4.192151069641113,4.569074630737305,140,0.9070802330970764,0.34563419222831726,0.1664600968360901,0.8219626545906067
hierarchical_mixture,1.0,2,cholesky,5,ode_transport,1024,0.005,1000,1,hier_k5,620,0.14945363998413086,-4.305038928985596,3.782761812210083,140,0.8740896582603455,0.530138373374939,0.5277300477027893,0.45220237970352173
hierarchical_mixture,1.0,2,cholesky,5,ode_transport,1024,0.005,1000,1,hier_k5,621,0.15481185913085938,-4.303641319274902,3.938513994216919,146,1.0100735425949097,0.7625635862350464,0.18784548342227936,0.635184645652771
hierarchical_mixture,1.0,2,cholesky,5,ode_transport,1024,0.005,1000,1,hier_k5,622,0.1374959945678711,-4.282790184020996,3.96000337600708,146,1.1662447452545166,0.32034292817115784,0.41281846165657043,1.042635202407837
hierarchical_mixture,1.0,2,cholesky,5,ode_transport,1024,0.005,1000,1,hier_k5,623,0.13164591789245605,-4.2326531410217285,4.145620346069336,134,0.7388218641281128,0.4993496835231781,0.3051678240299225,0.4509769082069397
hierarchical_mixture,1.0,2,cholesky,5,ode_transport,1024,0.005,1000,1,hier_k5,624,0.13170409202575684,-4.14736795425415,3.3431503772735596,134,0.6983950138092041,0.17486073076725006,0.27462100982666016,0.6178693771362305
hierarchical_mixture,1.0,2,cholesky,5,ode_transport,1024,0.005,1000,1,hier_k5,625,0.1309678554534912,-4.169044494628906,3.7161319255828857,134,1.522186279296875,0.5163127183914185,0.6324954032897949,1.2846873998641968
hierarchical_mixture,1.0,2,cholesky,5,ode_transport,1024,0.005,1000,1,hier_k5,626,0.13980603218078613,-4.321622848510742,4.63054084777832,140,0.9454869627952576,0.27576377987861633,0.1093447208404541,0.8977437019348145
hierarchical_mixture,1.0,2,cholesky,5,ode_transport,1024,0.005,1000,1,hier_k5,627,0.14725494384765625,-4.2379069328308105,4.377717018127441,134,0.7609821557998657,0.12994331121444702,0.2051469087600708,0.7211957573890686
hierarchical_mixture,1.0,2,cholesky,5,ode_transport,1024,0.005,1000,1,hier_k5,628,0.15949225425720215,-4.212482929229736,3.807722806930542,140,0.7762340903282166,0.48539677262306213,0.42618411779403687,0.43046069145202637
hierarchical_mixture,1.0,2,cholesky,5,ode_transport,1024,0.005,1000,1,hier_k5,629,0.16025376319885254,-4.367105960845947,5.136701583862305,134,1.0754462480545044,0.046075489372015,0.49040308594703674,0.9560158848762512
hierarchical_mixture,1.0,2,cholesky,5,ode_transport,1024,0.005,1000,1,hier_k5,630,0.1639108657836914,-4.118731498718262,3.218350410461426,140,0.5748684406280518,0.20196038484573364,0.18420158326625824,0.5057227611541748
hierarchical_mixture,1.0,2,cholesky,5,ode_transport,1024,0.005,1000,1,hier_k5,631,0.1551351547241211,-4.208655834197998,4.364796161651611,146,0.8086286783218384,0.5232070088386536,0.26979371905326843,0.5543880462646484
hierarchical_mixture,1.0,2,cholesky,5,ode_transport,1024,0.005,1000,1,hier_k5,632,0.1496601104736328,-4.090368270874023,3.754652261734009,140,0.8289221525192261,0.228946253657341,0.312467098236084,0.7328436970710754
hierarchical_mixture,1.0,2,cholesky,5,ode_transport,1024,0.005,1000,1,hier_k5,633,0.1546018123626709,-4.130621433258057,3.115382432937622,140,0.9430347681045532,0.4374733865261078,0.3673725128173828,0.7503126859664917
hierarchical_mixture,1.0,2,cholesky,5,ode_transport,1024,0.005,1000,1,hier_k5,634,0.14209413528442383,-4.04886531829834,3.316527843475342,146,0.33670762181282043,0.05964890494942665,0.20660299062728882,0.25909310579299927
hierarchical_mixture,1.0,2,cholesky,5,ode_transport,1024,0.005,1000,1,hier_k5,635,0.15265798568725586,-4.260345458984375,3.96863055229187,146,0.8414910435676575,0.4941820800304413,0.2408469021320343,0.6370902061462402
hierarchical_mixture,1.0,2,cholesky,5,ode_transport,1024,0.005,1000,1,hier_k5,636,0.11761808395385742,-4.223127841949463,5.721831798553467,122,1.033608317375183,0.5987487435340881,0.10019990056753159,0.8365440368652344
hierarchical_mixture,1.0,2,cholesky,5,ode_transport,1024,0.005,1000,1,hier_k5,637,0.14040589332580566,-4.319519996643066,4.4803080558776855,146,0.7578942179679871,0.47535860538482666,0.21140432357788086,0.5511316061019897
hierarchical_mixture,1.0,2,cholesky,5,ode_transport,1024,0.005,1000,1,hier_k5,638,0.15123200416564941,-4.057351112365723,2.9098780155181885,134,0.7437350749969482,0.46346572041511536,0.3702477812767029,0.4486179053783417
hierarchical_mixture,1.0,2,cholesky,5,ode_transport,1024,0.005,1000,1,hier_k5,639,0.15348601341247559,-4.336782932281494,4.024935722351074,146,1.336240530014038,0.9303345680236816,0.21762539446353912,0.9341602921485901
hierarchical_mixture,1.0,2,cholesky,5,ode_transport,1024,0.005,1000,1,hier_k5,640,0.12532305717468262,-4.368186950683594,8.443920135498047,116,1.2330189943313599,0.8131994009017944,0.15823715925216675,0.9132379293441772
hierarchical_mixture,1.0,2,cholesky,5,ode_transport,1024,0.005,1000,1,hier_k5,641,0.14262819290161133,-4.434947967529297,5.942219257354736,140,0.8449200987815857,0.10827582329511642,0.3934589922428131,0.7398353815078735
hierarchical_mixture,1.0,2,cholesky,5,ode_transport,1024,0.005,1000,1,hier_k5,642,0.13531899452209473,-4.237354755401611,3.7296485900878906,134,0.6625950932502747,0.2560777962207794,0.24603287875652313,0.5593962669372559
hierarchical_mixture,1.0,2,cholesky,5,ode_transport,1024,0.005,1000,1,hier_k5,643,0.15771269798278809,-4.304170608520508,3.5588080883026123,152,0.7653687000274658,0.3984411358833313,0.15180039405822754,0.6356025338172913
hierarchical_mixture,1.0,2,cholesky,5,ode_transport,1024,0.005,1000,1,hier_k5,644,0.13617181777954102,-4.156765937805176,3.449772357940674,134,0.9243919253349304,0.3174777328968048,0.2932373881340027,0.8171414732933044
hierarchical_mixture,1.0,2,cholesky,5,ode_transport,1024,0.005,1000,1,hier_k5,645,0.1506659984588623,-4.145411014556885,3.4976346492767334,146,0.6194373965263367,0.3907366693019867,0.25463229417800903,0.4076640009880066
hierarchical_mixture,1.0,2,cholesky,5,ode_transport,1024,0.005,1000,1,hier_k5,646,0.1364269256591797,-4.431763172149658,7.1726837158203125,134,0.7546170353889465,0.0942484512925148,0.15461890399456024,0.7325688600540161
hierarchical_mixture,1.0,2,cholesky,5,ode_transport,1024,0.005,1000,1,hier_k5,647,0.1279747486114502,-4.218230724334717,3.3891537189483643,128,0.7602912783622742,0.2340690940618515,0.416749507188797,0.591248095035553
hierarchical_mixture,1.0,2,cholesky,5,ode_transport,1024,0.005,1000,1,hier_k5,648,0.15010404586791992,-4.396117687225342,4.488966464996338,158,2.0315768718719482,1.883349061012268,0.23827901482582092,0.7235497236251831
hierarchical_mixture,1.0,2,cholesky,5,ode_transport,1024,0.005,1000,1,hier_k5,649,0.1485278606414795,-4.0881853103637695,2.8879475593566895,146,0.899962306022644,0.5734608769416809,0.35034292936325073,0.5986105799674988
hierarchical_mixture,1.0,2,cholesky,5,ode_transport,1024,0.005,1000,1,hier_k5,650,0.13985991477966309,-4.192452430725098,3.495091438293457,128,1.2769767045974731,0.9305573105812073,0.30264008045196533,0.8204519748687744
hierarchical_mixture,1.0,2,cholesky,5,ode_transport,1024,0.005,1000,1,hier_k5,651,0.15655779838562012,-4.355559349060059,3.7862887382507324,140,1.3239741325378418,1.1876764297485352,0.3688088059425354,0.45421603322029114
hierarchical_mixture,1.0,2,cholesky,5,ode_transport,1024,0.005,1000,1,hier_k5,652,0.1619126796722412,-4.242534160614014,4.147064208984375,152,2.0895566940307617,1.953575849533081,0.4871354401111603,0.559004545211792
hierarchical_mixture,1.0,2,cholesky,5,ode_transport,1024,0.005,1000,1,hier_k5,653,0.14004206657409668,-4.277402877807617,4.268325328826904,134,1.0768053531646729,0.6283203959465027,0.12247487157583237,0.8658655881881714
hierarchical_mixture,1.0,2,cholesky,5,ode_transport,1024,0.005,1000,1,hier_k5,654,0.1326448917388916,-4.0266499519348145,3.0069773197174072,146,1.1235606670379639,0.5214375853538513,0.25256723165512085,0.9626532793045044
hierarchical_mixture,1.0,2,cholesky,5,ode_transport,1024,0.005,1000,1,hier_k5,655,0.13231897354125977,-4.426131248474121,4.362939357757568,140,1.0434385538101196,0.7759165167808533,0.35946014523506165,0.5979182124137878
hierarchical_mixture,1.0,2,cholesky,5,ode_transport,1024,0.005,1000,1,hier_k5,656,0.14049792289733887,-3.9909939765930176,2.2727034091949463,134,0.792035698890686,0.6022265553474426,0.24069130420684814,0.45465531945228577
hierarchical_mixture,1.0,2,cholesky,5,ode_transport,1024,0.005,1000,1,hier_k5,657,0.1572098731994629,-4.203146934509277,3.685826301574707,140,1.0204570293426514,0.05891641601920128,0.2728651463985443,0.9815325140953064
hierarchical_mixture,1.0,2,cholesky,5,ode_transport,1024,0.005,1000,1,hier_k5,658,0.13812994956970215,-4.050830364227295,2.9159045219421387,134,0.6837043762207031,0.3522290885448456,0.19717776775360107,0.5518218278884888
hierarchical_mixture,1.0,2,cholesky,5,ode_transport,1024,0.005,1000,1,hier_k5,659,0.1596238613128662,-4.088748455047607,3.0396013259887695,140,0.6933349967002869,0.2564210295677185,0.17504972219467163,0.6199349164962769
hierarchical_mixture,1.0,2,cholesky,5,ode_transport,1024,0.005,1000,1,hier_k5,660,0.15170812606811523,-4.195258140563965,4.165234088897705,128,1.164838433265686,0.3355239927768707,0.16983844339847565,1.1024640798568726
hierarchical_mixture,1.0,2,cholesky,5,ode_transport,1024,0.005,1000,1,hier_k5,661,0.15325498580932617,-4.258590221405029,4.736896514892578,152,0.7000886797904968,0.22811944782733917,0.18251395225524902,0.636218786239624
hierarchical_mixture,1.0,2,cholesky,5,ode_transport,1024,0.005,1000,1,hier_k5,662,0.13947081565856934,-4.0466437339782715,3.0681262016296387,134,0.9949779510498047,0.876312255859375,0.1366363912820816,0.4509861469268799
hierarchical_mixture,1.0,2,cholesky,5,ode_transport,1024,0.005,1000,1,hier_k5,663,0.12966203689575195,-4.114142894744873,4.098484039306641,134,0.5691662430763245,0.13235561549663544,0.25087976455688477,0.4934485852718353
hierarchical_mixture,1.0,2,cholesky,5,ode_transport,1024,0.005,1000,1,hier_k5,664,0.1331009864807129,-4.473006248474121,4.399521350860596,134,1.2820765972137451,1.1211391687393188,0.275790274143219,0.557411253452301
hierarchical_mixture,1.0,2,cholesky,5,ode_transport,1024,0.005,1000,1,hier_k5,665,0.137969970703125,-4.250470161437988,3.4405205249786377,146,0.9503405690193176,0.5240967869758606,0.27731794118881226,0.742673933506012
hierarchical_mixture,1.0,2,cholesky,5,ode_transport,1024,0.005,1000,1,hier_k5,666,0.13492918014526367,-4.08059024810791,2.6089584827423096,140,0.8698936104774475,0.46497002243995667,0.36490926146507263,0.6382468342781067
hierarchical_mixture,1.0,2,cholesky,5,ode_transport,1024,0.005,1000,1,hier_k5,667,0.13731670379638672,-4.107884407043457,3.6295382976531982,140,0.39271169900894165,0.20252083241939545,0.14309385418891907,0.3045191764831543
hierarchical_mixture,1.0,2,cholesky,5,ode_transport,1024,0.005,1000,1,hier_k5,668,0.14276623725891113,-4.109587669372559,3.859422206878662,146,1.077926754951477,0.835959255695343,0.24758592247962952,0.6338764429092407
hierarchical_mixture,1.0,2,cholesky,5,ode_transport,1024,0.005,1000,1,hier_k5,669,0.13756394386291504,-4.0784196853637695,3.0881571769714355,140,0.6464099884033203,0.32142287492752075,0.3012440502643585,0.47305941581726074
hierarchical_mixture,1.0,2,cholesky,5,ode_transport,1024,0.005,1000,1,hier_k5,670,0.15241193771362305,-4.385417938232422,4.033451557159424,146,0.9499161243438721,0.2841933071613312,0.2960514724254608,0.8566961884498596
hierarchical_mixture,1.0,2,cholesky,5,ode_transport,1024,0.005,1000,1,hier_k5,671,0.12209606170654297,-4.025158405303955,2.268378973007202,122,0.9087324738502502,0.462007611989975,0.3171115219593048,0.7153908610343933
hierarchical_mixture,1.0,2,cholesky,5,ode_transport,1024,0.005,1000,1,hier_k5,672,0.13134384155273438,-4.355274677276611,4.43245792388916,134,0.7466337084770203,0.3365318775177002,0.18691404163837433,0.6397431492805481
hierarchical_mixture,1.0,2,cholesky,5,ode_transport,1024,0.005,1000,1,hier_k5,673,0.13358473777770996,-4.234122276306152,10.311318397521973,128,1.1314889192581177,0.5100861191749573,0.22985458374023438,0.9834868311882019
hierarchical_mixture,1.0,2,cholesky,5,ode_transport,1024,0.005,1000,1,hier_k5,674,0.1449449062347412,-4.171469211578369,5.152000904083252,128,1.1463702917099,0.7457711100578308,0.16123667359352112,0.8555658459663391
hierarchical_mixture,1.0,2,cholesky,5,ode_transport,1024,0.005,1000,1,hier_k5,675,0.14180517196655273,-4.083584785461426,3.0621559619903564,140,0.9277334809303284,0.7832751274108887,0.3421657085418701,0.3606829047203064
hierarchical_mixture,1.0,2,cholesky,5,ode_transport,1024,0.005,1000,1,hier_k5,676,0.16176199913024902,-4.443885803222656,5.399803161621094,140,1.8680044412612915,1.3507444858551025,0.3316648602485657,1.2469675540924072
hierarchical_mixture,1.0,2,cholesky,5,ode_transport,1024,0.005,1000,1,hier_k5,677,0.15357208251953125,-4.222653388977051,4.31082820892334,134,1.4990766048431396,1.2945468425750732,0.3513399064540863,0.6692827939987183
hierarchical_mixture,1.0,2,cholesky,5,ode_transport,1024,0.005,1000,1,hier_k5,678,0.15302395820617676,-4.068697452545166,3.3177835941314697,152,0.4058440923690796,0.30522072315216064,0.11740319430828094,0.2403460592031479
hierarchical_mixture,1.0,2,cholesky,5,ode_transport,1024,0.005,1000,1,hier_k5,679,0.14718103408813477,-4.099660396575928,3.31258225440979,134,0.46198078989982605,0.04837650805711746,0.14022889733314514,0.43751782178878784
hierarchical_mixture,1.0,2,cholesky,5,ode_transport,1024,0.005,1000,1,hier_k5,680,0.1402120590209961,-4.05597448348999,3.091066598892212,140,0.5562565326690674,0.23708057403564453,0.28511568903923035,0.4146362543106079
hierarchical_mixture,1.0,2,cholesky,5,ode_transport,1024,0.005,1000,1,hier_k5,681,0.14320778846740723,-4.184003829956055,3.7920546531677246,146,0.9117859601974487,0.5356647372245789,0.18659788370132446,0.713861346244812
hierarchical_mixture,1.0,2,cholesky,5,ode_transport,1024,0.005,1000,1,hier_k5,682,0.16257977485656738,-4.174464225769043,3.9848484992980957,164,1.554213523864746,1.2871265411376953,0.22174495458602905,0.8424453735351562
hierarchical_mixture,1.0,2,cholesky,5,ode_transport,1024,0.005,1000,1,hier_k5,683,0.14289402961730957,-4.522684574127197,7.083826541900635,134,1.6602801084518433,1.1525450944900513,0.4902768135070801,1.0898616313934326
hierarchical_mixture,1.0,2,cholesky,5,ode_transport,1024,0.005,1000,1,hier_k5,684,0.1650552749633789,-4.16717004776001,3.999927043914795,140,0.898695707321167,0.07435320317745209,0.48097383975982666,0.7555062770843506
hierarchical_mixture,1.0,2,cholesky,5,ode_transport,1024,0.005,1000,1,hier_k5,685,0.17018795013427734,-4.164535999298096,3.7747151851654053,158,0.6744328737258911,0.3441750109195709,0.34695184230804443,0.4647877812385559
hierarchical_mixture,1.0,2,cholesky,5,ode_transport,1024,0.005,1000,1,hier_k5,686,0.16292905807495117,-4.220370769500732,4.1762166023254395,146,1.4794654846191406,1.3915607929229736,0.23500065505504608,0.44401779770851135
hierarchical_mixture,1.0,2,cholesky,5,ode_transport,1024,0.005,1000,1,hier_k5,687,0.13756108283996582,-4.154717922210693,3.3914315700531006,128,0.8670403361320496,0.6307624578475952,0.19233253598213196,0.5629439949989319
hierarchical_mixture,1.0,2,cholesky,5,ode_transport,1024,0.005,1000,1,hier_k5,688,0.14436912536621094,-4.132840156555176,3.6004438400268555,146,0.9760658144950867,0.8441382050514221,0.2075592279434204,0.44390788674354553
hierarchical_mixture,1.0,2,cholesky,5,ode_transport,1024,0.005,1000,1,hier_k5,689,0.13471293449401855,-4.310568332672119,4.470235347747803,134,0.8895763754844666,0.3451160788536072,0.2016277015209198,0.7947246432304382
hierarchical_mixture,1.0,2,cholesky,5,ode_transport,1024,0.005,1000,1,hier_k5,690,0.15506815910339355,-4.045135021209717,2.6706085205078125,146,0.8444842100143433,0.7344729900360107,0.2088550329208374,0.3606695532798767
hierarchical_mixture,1.0,2,cholesky,5,ode_transport,1024,0.005,1000,1,hier_k5,691,0.1520829200744629,-4.220587730407715,3.148763418197632,146,0.6654956340789795,0.09875690191984177,0.25757095217704773,0.6056308746337891
hierarchical_mixture,1.0,2,cholesky,5,ode_transport,1024,0.005,1000,1,hier_k5,692,0.13972210884094238,-4.054520130157471,4.514860153198242,152,1.2833961248397827,1.1181670427322388,0.4092618525028229,0.4788656532764435
hierarchical_mixture,1.0,2,cholesky,5,ode_transport,1024,0.005,1000,1,hier_k5,693,0.16385626792907715,-4.534719944000244,5.1627421379089355,158,1.8845648765563965,1.6600958108901978,0.33090633153915405,0.8283527493476868
hierarchical_mixture,1.0,2,cholesky,5,ode_transport,1024,0.005,1000,1,hier_k5,694,0.1574997901916504,-4.079611301422119,3.1439456939697266,140,1.081834077835083,0.7036598324775696,0.3850018084049225,0.7259486317634583
hierarchical_mixture,1.0,2,cholesky,5,ode_transport,1024,0.005,1000,1,hier_k5,695,0.14313793182373047,-4.113292694091797,3.253066301345825,134,0.814946174621582,0.3911650478839874,0.3594120144844055,0.6180212497711182
hierarchical_mixture,1.0,2,cholesky,5,ode_transport,1024,0.005,1000,1,hier_k5,696,0.1604328155517578,-4.123171806335449,2.8247318267822266,158,1.0378749370574951,0.9372043013572693,0.20268160104751587,0.39718106389045715
hierarchical_mixture,1.0,2,cholesky,5,ode_transport,1024,0.005,1000,1,hier_k5,697,0.15689992904663086,-4.1135101318359375,3.2899169921875,134,0.8744556307792664,0.26243460178375244,0.16379864513874054,0.817906379699707
hierarchical_mixture,1.0,2,cholesky,5,ode_transport,1024,0.005,1000,1,hier_k5,698,0.15120315551757812,-4.1402668952941895,3.4218382835388184,146,0.7659323811531067,0.15658541023731232,0.42922458052635193,0.6147354245185852
hierarchical_mixture,1.0,2,cholesky,5,ode_transport,1024,0.005,1000,1,hier_k5,699,0.15472102165222168,-3.9569475650787354,3.043714761734009,146,0.536694347858429,0.13999956846237183,0.24640420079231262,0.4557695984840393
hierarchical_mixture,1.0,2,cholesky,5,ode_transport,1024,0.005,1000,1,hier_k5,700,0.18770980834960938,-4.111786365509033,3.711167812347412,152,0.9172153472900391,0.5398241281509399,0.5419613122940063,0.5061144828796387
hierarchical_mixture,1.0,2,cholesky,5,ode_transport,1024,0.005,1000,1,hier_k5,701,0.14249014854431152,-4.152751922607422,4.784450054168701,140,0.5894069671630859,0.2995645999908447,0.29489901661872864,0.41315391659736633
hierarchical_mixture,1.0,2,cholesky,5,ode_transport,1024,0.005,1000,1,hier_k5,702,0.1580979824066162,-4.091739177703857,2.778201103210449,140,0.5623565912246704,0.3463340401649475,0.26189303398132324,0.3573649525642395
hierarchical_mixture,1.0,2,cholesky,5,ode_transport,1024,0.005,1000,1,hier_k5,703,0.13910412788391113,-4.087655544281006,3.42547869682312,134,0.9380580186843872,0.8248096108436584,0.1575610190629959,0.4181106686592102
hierarchical_mixture,1.0,2,cholesky,5,ode_transport,1024,0.005,1000,1,hier_k5,704,0.15173816680908203,-3.9531421661376953,3.2274045944213867,152,1.0064153671264648,0.8743247389793396,0.168657585978508,0.46902304887771606
hierarchical_mixture,1.0,2,cholesky,5,ode_transport,1024,0.005,1000,1,hier_k5,705,0.14731979370117188,-4.245316505432129,4.638307571411133,146,0.5614364743232727,0.21515195071697235,0.293702095746994,0.42738696932792664
hierarchical_mixture,1.0,2,cholesky,5,ode_transport,1024,0.005,1000,1,hier_k5,706,0.14424610137939453,-4.090824127197266,3.5444557666778564,140,1.0525596141815186,0.8648937940597534,0.3091345727443695,0.5140781998634338
hierarchical_mixture,1.0,2,cholesky,5,ode_transport,1024,0.005,1000,1,hier_k5,707,0.14467716217041016,-4.152769088745117,3.181682825088501,140,0.7517532706260681,0.2172268182039261,0.33140528202056885,0.6388395428657532
hierarchical_mixture,1.0,2,cholesky,5,ode_transport,1024,0.005,1000,1,hier_k5,708,0.16236495971679688,-4.151608467102051,4.041073799133301,140,0.5846191048622131,0.28652551770210266,0.23888549208641052,0.45012930035591125
hierarchical_mixture,1.0,2,cholesky,5,ode_transport,1024,0.005,1000,1,hier_k5,709,0.12941193580627441,-4.069207668304443,2.639084815979004,134,0.5592325925827026,0.30137333273887634,0.36663779616355896,0.2957903742790222
hierarchical_mixture,1.0,2,cholesky,5,ode_transport,1024,0.005,1000,1,hier_k5,710,0.13203096389770508,-4.300556182861328,3.9946372509002686,134,1.8904222249984741,1.4421749114990234,0.5269266366958618,1.1028035879135132
hierarchical_mixture,1.0,2,cholesky,5,ode_transport,1024,0.005,1000,1,hier_k5,711,0.1230018138885498,-4.031843185424805,2.7458038330078125,128,0.7649853825569153,0.07397083938121796,0.13307788968086243,0.749680757522583
hierarchical_mixture,1.0,2,cholesky,5,ode_transport,1024,0.005,1000,1,hier_k5,712,0.1526949405670166,-4.150172233581543,3.53684401512146,152,1.1661055088043213,0.4739632308483124,0.2783346474170685,1.0284409523010254
hierarchical_mixture,1.0,2,cholesky,5,ode_transport,1024,0.005,1000,1,hier_k5,713,0.14767813682556152,-4.130363464355469,3.112365484237671,134,0.8732805252075195,0.5241958498954773,0.22939465939998627,0.6597087383270264
hierarchical_mixture,1.0,2,cholesky,5,ode_transport,1024,0.005,1000,1,hier_k5,714,0.14310503005981445,-4.148118495941162,3.6601836681365967,146,1.0716184377670288,0.6996816396713257,0.34518274664878845,0.7346159219741821
hierarchical_mixture,1.0,2,cholesky,5,ode_transport,1024,0.005,1000,1,hier_k5,715,0.14941692352294922,-4.029450416564941,2.983523368835449,152,0.9237306714057922,0.7276826500892639,0.23648633062839508,0.517523467540741
hierarchical_mixture,1.0,2,cholesky,5,ode_transport,1024,0.005,1000,1,hier_k5,716,0.13698410987854004,-4.105815410614014,3.6891860961914062,140,0.9232320785522461,0.20049622654914856,0.4516546130180359,0.7798505425453186
hierarchical_mixture,1.0,2,cholesky,5,ode_transport,1024,0.005,1000,1,hier_k5,717,0.14232993125915527,-4.170527458190918,3.6611411571502686,134,0.6265520453453064,0.4678828716278076,0.2586003839969635,0.3267703950405121
hierarchical_mixture,1.0,2,cholesky,5,ode_transport,1024,0.005,1000,1,hier_k5,718,0.13550829887390137,-4.255362033843994,8.599024772644043,140,1.2358663082122803,0.24177497625350952,0.12947912514209747,1.2050501108169556
hierarchical_mixture,1.0,2,cholesky,5,ode_transport,1024,0.005,1000,1,hier_k5,719,0.13550996780395508,-4.011192798614502,2.4354939460754395,140,0.6198017597198486,0.20187689363956451,0.31894218921661377,0.49160534143447876
hierarchical_mixture,1.0,2,cholesky,5,ode_transport,1024,0.005,1000,1,hier_k5,720,0.15418195724487305,-4.061963081359863,3.0188682079315186,140,0.5254859924316406,0.08380496501922607,0.20411348342895508,0.4769171476364136
hierarchical_mixture,1.0,2,cholesky,5,ode_transport,1024,0.005,1000,1,hier_k5,721,0.1310279369354248,-4.092064380645752,3.191589593887329,110,0.5347101092338562,0.2132793813943863,0.12064851820468903,0.47525864839553833
hierarchical_mixture,1.0,2,cholesky,5,ode_transport,1024,0.005,1000,1,hier_k5,722,0.15961194038391113,-4.13470458984375,3.5596799850463867,146,0.9086819291114807,0.23393860459327698,0.3399958610534668,0.8095544576644897
hierarchical_mixture,1.0,2,cholesky,5,ode_transport,1024,0.005,1000,1,hier_k5,723,0.13969874382019043,-4.105960369110107,3.2410669326782227,146,1.2616419792175293,0.9117249250411987,0.19981719553470612,0.8488646745681763
hierarchical_mixture,1.0,2,cholesky,5,ode_transport,1024,0.005,1000,1,hier_k5,724,0.129730224609375,-4.001041889190674,3.494737386703491,122,1.2994576692581177,0.40466398000717163,0.20990897715091705,1.2168711423873901
hierarchical_mixture,1.0,2,cholesky,5,ode_transport,1024,0.005,1000,1,hier_k5,725,0.1531658172607422,-3.986478567123413,2.973947763442993,146,0.4752350151538849,0.1558220535516739,0.23349565267562866,0.38346782326698303
hierarchical_mixture,1.0,2,cholesky,5,ode_transport,1024,0.005,1000,1,hier_k5,726,0.1526200771331787,-4.035059452056885,2.808126449584961,152,0.9872753024101257,0.15157578885555267,0.27648207545280457,0.9355720281600952
hierarchical_mixture,1.0,2,cholesky,5,ode_transport,1024,0.005,1000,1,hier_k5,727,0.14463114738464355,-4.003566265106201,2.6915900707244873,152,0.5393641591072083,0.19758407771587372,0.3821532428264618,0.3253200054168701
hierarchical_mixture,1.0,2,cholesky,5,ode_transport,1024,0.005,1000,1,hier_k5,728,0.14798188209533691,-4.0611066818237305,3.1581389904022217,128,0.9913455843925476,0.46614667773246765,0.3729952871799469,0.7914214134216309
hierarchical_mixture,1.0,2,cholesky,5,ode_transport,1024,0.005,1000,1,hier_k5,729,0.16144919395446777,-4.154063701629639,3.3428492546081543,146,1.0673787593841553,0.8311103582382202,0.2427588552236557,0.6241964101791382
hierarchical_mixture,1.0,2,cholesky,5,ode_transport,1024,0.005,1000,1,hier_k5,730,0.13182592391967773,-4.163154602050781,3.4549288749694824,134,0.8534772396087646,0.45323219895362854,0.5826351642608643,0.428415983915329
hierarchical_mixture,1.0,2,cholesky,5,ode_transport,1024,0.005,1000,1,hier_k5,731,0.13378214836120605,-4.020321369171143,2.907576560974121,134,0.7257703542709351,0.1685519516468048,0.3285893499851227,0.6247894763946533
hierarchical_mixture,1.0,2,cholesky,5,ode_transport,1024,0.005,1000,1,hier_k5,732,0.13304400444030762,-4.111067771911621,3.1758155822753906,134,0.8504955768585205,0.5662025213241577,0.16937533020973206,0.6116121411323547
hierarchical_mixture,1.0,2,cholesky,5,ode_transport,1024,0.005,1000,1,hier_k5,733,0.13864421844482422,-3.9982850551605225,2.9990084171295166,134,0.6667835116386414,0.5027371048927307,0.2932920455932617,0.32532355189323425
hierarchical_mixture,1.0,2,cholesky,5,ode_transport,1024,0.005,1000,1,hier_k5,734,0.1365189552307129,-4.043301105499268,3.2678520679473877,134,0.47092100977897644,0.3629206418991089,0.1712072342634201,0.24646158516407013
hierarchical_mixture,1.0,2,cholesky,5,ode_transport,1024,0.005,1000,1,hier_k5,735,0.15334081649780273,-4.286707878112793,4.8312482833862305,152,1.2050600051879883,0.6927762627601624,0.3735421895980835,0.9125222563743591
hierarchical_mixture,1.0,2,cholesky,5,ode_transport,1024,0.005,1000,1,hier_k5,736,0.15462207794189453,-4.041162490844727,3.593651294708252,146,0.6922709941864014,0.43230903148651123,0.3296370804309845,0.42858773469924927
hierarchical_mixture,1.0,2,cholesky,5,ode_transport,1024,0.005,1000,1,hier_k5,737,0.14564990997314453,-4.286603927612305,4.2153778076171875,128,1.6730841398239136,1.3193293809890747,0.5657974481582642,0.8593332767486572
hierarchical_mixture,1.0,2,cholesky,5,ode_transport,1024,0.005,1000,1,hier_k5,738,0.15501093864440918,-4.033688068389893,3.055952310562134,146,0.7211236357688904,0.20412462949752808,0.2713371515274048,0.6361828446388245
hierarchical_mixture,1.0,2,cholesky,5,ode_transport,1024,0.005,1000,1,hier_k5,739,0.14405179023742676,-4.013687610626221,3.300279140472412,158,1.0462547540664673,0.2906377911567688,0.3774721622467041,0.9315007328987122
hierarchical_mixture,1.0,2,cholesky,5,ode_transport,1024,0.005,1000,1,hier_k5,740,0.1371767520904541,-4.142270088195801,3.8226730823516846,146,0.9208916425704956,0.42686471343040466,0.1453617513179779,0.8029308319091797
hierarchical_mixture,1.0,2,cholesky,5,ode_transport,1024,0.005,1000,1,hier_k5,741,0.1448519229888916,-3.991614818572998,3.0967507362365723,146,0.44702237844467163,0.20384404063224792,0.12949706614017487,0.37617433071136475
hierarchical_mixture,1.0,2,cholesky,5,ode_transport,1024,0.005,1000,1,hier_k5,742,0.15258288383483887,-4.1121826171875,2.964400053024292,134,0.8899030685424805,0.6268284916877747,0.41800248622894287,0.4735899865627289
hierarchical_mixture,1.0,2,cholesky,5,ode_transport,1024,0.005,1000,1,hier_k5,743,0.14808297157287598,-4.204464435577393,3.485182285308838,134,0.5128003358840942,0.2075396478176117,0.1481437236070633,0.4449099600315094
hierarchical_mixture,1.0,2,cholesky,5,ode_transport,1024,0.005,1000,1,hier_k5,744,0.14547300338745117,-4.020853042602539,2.714317560195923,140,0.5847744941711426,0.48815008997917175,0.22220122814178467,0.23301784694194794
hierarchical_mixture,1.0,2,cholesky,5,ode_transport,1024,0.005,1000,1,hier_k5,745,0.13099074363708496,-4.097822189331055,3.2913296222686768,122,0.52595454454422,0.20529906451702118,0.34893831610679626,0.3357417583465576
hierarchical_mixture,1.0,2,cholesky,5,ode_transport,1024,0.005,1000,1,hier_k5,746,0.16126513481140137,-3.9718966484069824,2.183762311935425,140,0.49489825963974,0.1307331919670105,0.20877084136009216,0.42924097180366516
hierarchical_mixture,1.0,2,cholesky,5,ode_transport,1024,0.005,1000,1,hier_k5,747,0.1436021327972412,-4.018439292907715,2.555145263671875,140,0.9575727581977844,0.05094614997506142,0.42415958642959595,0.8569939732551575
hierarchical_mixture,1.0,2,cholesky,5,ode_transport,1024,0.005,1000,1,hier_k5,748,0.14584803581237793,-4.072296142578125,4.433091163635254,134,1.1783174276351929,0.17620627582073212,0.380881667137146,1.101050615310669
hierarchical_mixture,1.0,2,cholesky,5,ode_transport,1024,0.005,1000,1,hier_k5,749,0.15565800666809082,-4.057281017303467,2.5065486431121826,140,0.701535701751709,0.21793605387210846,0.24592487514019012,0.619820237159729
hierarchical_mixture,1.0,2,cholesky,5,ode_transport,1024,0.005,1000,1,hier_k5,750,0.15958023071289062,-4.039392471313477,3.372234344482422,146,0.8529757857322693,0.5807638764381409,0.23307980597019196,0.5796160697937012
hierarchical_mixture,1.0,2,cholesky,5,ode_transport,1024,0.005,1000,1,hier_k5,751,0.15416693687438965,-4.073021411895752,2.79561448097229,140,0.43853986263275146,0.10860699415206909,0.1668952852487564,0.39072710275650024
hierarchical_mixture,1.0,2,cholesky,5,ode_transport,1024,0.005,1000,1,hier_k5,752,0.13586878776550293,-4.048611164093018,2.7621285915374756,134,0.8175672292709351,0.31170839071273804,0.3281474709510803,0.6808621287345886
hierarchical_mixture,1.0,2,cholesky,5,ode_transport,1024,0.005,1000,1,hier_k5,753,0.1593930721282959,-4.053630828857422,2.9036409854888916,134,0.800042450428009,0.6410512924194336,0.13950708508491516,0.4578852951526642
hierarchical_mixture,1.0,2,cholesky,5,ode_transport,1024,0.005,1000,1,hier_k5,754,0.17651987075805664,-4.024380683898926,2.9432919025421143,158,0.5593100190162659,0.2930727005004883,0.20907235145568848,0.42804768681526184
hierarchical_mixture,1.0,2,cholesky,5,ode_transport,1024,0.005,1000,1,hier_k5,755,0.17197489738464355,-4.099096298217773,3.9198412895202637,152,1.037929892539978,0.8939207792282104,0.2528960108757019,0.4628690183162689
hierarchical_mixture,1.0,2,cholesky,5,ode_transport,1024,0.005,1000,1,hier_k5,756,0.14573216438293457,-4.064440727233887,3.7774155139923096,128,0.6665468811988831,0.22952978312969208,0.392940491437912,0.48703035712242126
hierarchical_mixture,1.0,2,cholesky,5,ode_transport,1024,0.005,1000,1,hier_k5,757,0.13499712944030762,-3.984107255935669,4.51178503036499,122,1.3265866041183472,1.084518313407898,0.10920768976211548,0.7561254501342773
hierarchical_mixture,1.0,2,cholesky,5,ode_transport,1024,0.005,1000,1,hier_k5,758,0.1688370704650879,-4.074069023132324,3.714440107345581,152,1.0928573608398438,0.6601377725601196,0.5545061230659485,0.671623706817627
hierarchical_mixture,1.0,2,cholesky,5,ode_transport,1024,0.005,1000,1,hier_k5,759,0.174638032913208,-4.016863822937012,2.485504627227783,152,1.1373558044433594,0.9359536170959473,0.29423487186431885,0.575321614742279
hierarchical_mixture,1.0,2,cholesky,5,ode_transport,1024,0.005,1000,1,hier_k5,760,0.16626787185668945,-4.138521194458008,3.0912117958068848,140,1.206763505935669,0.5763485431671143,0.4356117844581604,0.9666140675544739
hierarchical_mixture,1.0,2,cholesky,5,ode_transport,1024,0.005,1000,1,hier_k5,761,0.14503908157348633,-3.8433518409729004,2.37923002243042,134,0.5223459601402283,0.3912045955657959,0.28159692883491516,0.20126460492610931
hierarchical_mixture,1.0,2,cholesky,5,ode_transport,1024,0.005,1000,1,hier_k5,762,0.14786195755004883,-4.152137279510498,3.640789270401001,146,0.7306815981864929,0.3797462284564972,0.30887049436569214,0.5424826741218567
hierarchical_mixture,1.0,2,cholesky,5,ode_transport,1024,0.005,1000,1,hier_k5,763,0.17310285568237305,-4.117955207824707,3.302708864212036,146,0.554324746131897,0.15847113728523254,0.1836298704147339,0.49844038486480713
hierarchical_mixture,1.0,2,cholesky,5,ode_transport,1024,0.005,1000,1,hier_k5,764,0.155534029006958,-4.005645275115967,2.515113115310669,140,0.5279313921928406,0.1814696192741394,0.11745227128267288,0.4816485345363617
hierarchical_mixture,1.0,2,cholesky,5,ode_transport,1024,0.005,1000,1,hier_k5,765,0.1379709243774414,-4.097307205200195,3.314377784729004,140,1.0512923002243042,0.9234817028045654,0.22374327480793,0.44981762766838074
hierarchical_mixture,1.0,2,cholesky,5,ode_transport,1024,0.005,1000,1,hier_k5,766,0.1266951560974121,-4.151794910430908,3.8589775562286377,122,1.8752222061157227,1.30157470703125,0.44835910201072693,1.2733166217803955
hierarchical_mixture,1.0,2,cholesky,5,ode_transport,1024,0.005,1000,1,hier_k5,767,0.17016124725341797,-4.126941204071045,3.439883232116699,158,0.8551362156867981,0.45587027072906494,0.22368590533733368,0.6880443096160889
hierarchical_mixture,1.0,2,cholesky,5,ode_transport,1024,0.005,1000,1,hier_k5,768,0.14489316940307617,-4.10732364654541,2.71226167678833,140,0.7826668620109558,0.26916366815567017,0.18488095700740814,0.7112927436828613
hierarchical_mixture,1.0,2,cholesky,5,ode_transport,1024,0.005,1000,1,hier_k5,769,0.14915871620178223,-4.088935852050781,3.1377620697021484,134,0.9094222187995911,0.5452647805213928,0.29864585399627686,0.6637361645698547
hierarchical_mixture,1.0,2,cholesky,5,ode_transport,1024,0.005,1000,1,hier_k5,770,0.13411498069763184,-3.995610475540161,2.4773788452148438,134,0.7157822251319885,0.4910942316055298,0.1610814779996872,0.49520033597946167
hierarchical_mixture,1.0,2,cholesky,5,ode_transport,1024,0.005,1000,1,hier_k5,771,0.14325594902038574,-4.2023444175720215,3.507262706756592,134,0.6618064045906067,0.49045684933662415,0.25061410665512085,0.36692285537719727
hierarchical_mixture,1.0,2,cholesky,5,ode_transport,1024,0.005,1000,1,hier_k5,772,0.13457894325256348,-4.227639198303223,4.186591148376465,122,1.0968210697174072,0.6885212063789368,0.3403046131134033,0.7830374240875244
hierarchical_mixture,1.0,2,cholesky,5,ode_transport,1024,0.005,1000,1,hier_k5,773,0.1775522232055664,-4.395634174346924,3.830733060836792,164,0.8827723860740662,0.7238272428512573,0.24048151075839996,0.44444307684898376
hierarchical_mixture,1.0,2,cholesky,5,ode_transport,1024,0.005,1000,1,hier_k5,774,0.14597606658935547,-4.214624404907227,3.1012887954711914,128,0.96193528175354,0.8809596300125122,0.1537465751171112,0.3543890714645386
hierarchical_mixture,1.0,2,cholesky,5,ode_transport,1024,0.005,1000,1,hier_k5,775,0.14925575256347656,-4.242511749267578,3.576176166534424,134,0.705097496509552,0.17379021644592285,0.38844653964042664,0.5621998906135559
hierarchical_mixture,1.0,2,cholesky,5,ode_transport,1024,0.005,1000,1,hier_k5,776,0.15204811096191406,-4.14861536026001,4.121543884277344,140,0.49960213899612427,0.15930044651031494,0.23805469274520874,0.4093356132507324
hierarchical_mixture,1.0,2,cholesky,5,ode_transport,1024,0.005,1000,1,hier_k5,777,0.1489849090576172,-4.078725814819336,2.8692665100097656,134,0.7794990539550781,0.25710949301719666,0.24305345118045807,0.6945778727531433
hierarchical_mixture,1.0,2,cholesky,5,ode_transport,1024,0.005,1000,1,hier_k5,778,0.1600940227508545,-4.169859886169434,3.806081533432007,164,0.9120710492134094,0.498858243227005,0.2964347004890442,0.7036623358726501
hierarchical_mixture,1.0,2,cholesky,5,ode_transport,1024,0.005,1000,1,hier_k5,779,0.15658283233642578,-4.034430027008057,2.779086112976074,140,0.4681197702884674,0.10240675508975983,0.32744133472442627,0.31848257780075073
hierarchical_mixture,1.0,2,cholesky,5,ode_transport,1024,0.005,1000,1,hier_k5,780,0.15296316146850586,-4.084725379943848,2.991330862045288,146,0.7408455610275269,0.2526095509529114,0.36647093296051025,0.5922326445579529
hierarchical_mixture,1.0,2,cholesky,5,ode_transport,1024,0.005,1000,1,hier_k5,781,0.14449405670166016,-3.9091341495513916,2.841120958328247,140,1.2236814498901367,0.19821393489837646,0.3204171061515808,1.1642338037490845
hierarchical_mixture,1.0,2,cholesky,5,ode_transport,1024,0.005,1000,1,hier_k5,782,0.15354704856872559,-4.073501110076904,2.8093090057373047,152,0.5674208402633667,0.39851444959640503,0.17161664366722107,0.36565062403678894
hierarchical_mixture,1.0,2,cholesky,5,ode_transport,1024,0.005,1000,1,hier_k5,783,0.15747308731079102,-4.275404453277588,3.989896774291992,140,0.5687710046768188,0.23953254520893097,0.3346845507621765,0.39256954193115234
hierarchical_mixture,1.0,2,cholesky,5,ode_transport,1024,0.005,1000,1,hier_k5,784,0.16074681282043457,-4.188194274902344,3.790444850921631,152,1.0977368354797363,0.9217578172683716,0.37351202964782715,0.46462634205818176
hierarchical_mixture,1.0,2,cholesky,5,ode_transport,1024,0.005,1000,1,hier_k5,785,0.1409928798675537,-4.137372016906738,3.760986804962158,146,0.6691030859947205,0.2923913896083832,0.18668751418590546,0.5721485614776611
hierarchical_mixture,1.0,2,cholesky,5,ode_transport,1024,0.005,1000,1,hier_k5,786,0.14600205421447754,-4.085463523864746,2.739419460296631,128,1.063642144203186,0.06908225268125534,0.46062302589416504,0.9562367796897888
hierarchical_mixture,1.0,2,cholesky,5,ode_transport,1024,0.005,1000,1,hier_k5,787,0.14605998992919922,-4.131527900695801,3.0994091033935547,146,1.0476505756378174,0.6892980933189392,0.3057350814342499,0.7273004651069641
hierarchical_mixture,1.0,2,cholesky,5,ode_transport,1024,0.005,1000,1,hier_k5,788,0.1388232707977295,-3.893264055252075,2.321706771850586,134,0.36356237530708313,0.10702953487634659,0.2378356009721756,0.2532913386821747
hierarchical_mixture,1.0,2,cholesky,5,ode_transport,1024,0.005,1000,1,hier_k5,789,0.15505480766296387,-4.093439102172852,5.437953948974609,140,1.0869812965393066,0.1729254275560379,0.30725428462028503,1.028212070465088
hierarchical_mixture,1.0,2,cholesky,5,ode_transport,1024,0.005,1000,1,hier_k5,790,0.13507914543151855,-4.264309406280518,4.0599446296691895,128,0.7297280430793762,0.4054929316043854,0.29058903455734253,0.5325753688812256
hierarchical_mixture,1.0,2,cholesky,5,ode_transport,1024,0.005,1000,1,hier_k5,791,0.14071083068847656,-3.9511919021606445,2.1747617721557617,140,0.8868871927261353,0.37558335065841675,0.08237719535827637,0.799199640750885
hierarchical_mixture,1.0,2,cholesky,5,ode_transport,1024,0.005,1000,1,hier_k5,792,0.15497398376464844,-4.136745452880859,2.9995343685150146,140,0.503286600112915,0.248518168926239,0.18951404094696045,0.39448776841163635
hierarchical_mixture,1.0,2,cholesky,5,ode_transport,1024,0.005,1000,1,hier_k5,793,0.16908907890319824,-4.1515398025512695,3.378236770629883,140,0.2690679132938385,0.1524568349123001,0.1467987447977066,0.16614629328250885
hierarchical_mixture,1.0,2,cholesky,5,ode_transport,1024,0.005,1000,1,hier_k5,794,0.18259119987487793,-4.158829212188721,2.864535093307495,164,1.0034067630767822,0.5473775267601013,0.2456207126379013,0.8042844533920288
hierarchical_mixture,1.0,2,cholesky,5,ode_transport,1024,0.005,1000,1,hier_k5,795,0.1511399745941162,-3.9720418453216553,2.6838316917419434,152,0.47352150082588196,0.09275307506322861,0.3813811242580414,0.2648923397064209
hierarchical_mixture,1.0,2,cholesky,5,ode_transport,1024,0.005,1000,1,hier_k5,796,0.13650202751159668,-4.119564533233643,3.374768018722534,140,1.3466469049453735,1.1201618909835815,0.39396169781684875,0.6352078914642334
hierarchical_mixture,1.0,2,cholesky,5,ode_transport,1024,0.005,1000,1,hier_k5,797,0.14645600318908691,-4.070598125457764,3.6816141605377197,152,0.5127174854278564,0.21048825979232788,0.23885850608348846,0.4018961191177368
hierarchical_mixture,1.0,2,cholesky,5,ode_transport,1024,0.005,1000,1,hier_k5,798,0.1357131004333496,-4.068941593170166,3.1707427501678467,140,0.5035133957862854,0.21869602799415588,0.37115535140037537,0.2606559693813324
hierarchical_mixture,1.0,2,cholesky,5,ode_transport,1024,0.005,1000,1,hier_k5,799,0.14902591705322266,-3.931857109069824,2.5836122035980225,152,0.7594804167747498,0.4756344258785248,0.4019242227077484,0.43478649854660034
hierarchical_mixture,1.0,2,cholesky,5,ode_transport,1024,0.005,1000,1,hier_k5,800,0.14776110649108887,-4.033638000488281,3.206629753112793,152,0.9052765369415283,0.6324484348297119,0.2666184604167938,0.5902959108352661
hierarchical_mixture,1.0,2,cholesky,5,ode_transport,1024,0.005,1000,1,hier_k5,801,0.16288280487060547,-4.065540790557861,3.3781816959381104,152,0.9783825874328613,0.8070095181465149,0.2267543077468872,0.5045299530029297
hierarchical_mixture,1.0,2,cholesky,5,ode_transport,1024,0.005,1000,1,hier_k5,802,0.16960406303405762,-3.957768440246582,2.881197452545166,158,0.5745865702629089,0.0961688831448555,0.35841795802116394,0.4386773407459259
hierarchical_mixture,1.0,2,cholesky,5,ode_transport,1024,0.005,1000,1,hier_k5,803,0.1581578254699707,-4.045180320739746,2.9223902225494385,152,0.6781337261199951,0.5407388806343079,0.12635919451713562,0.3892301917076111
hierarchical_mixture,1.0,2,cholesky,5,ode_transport,1024,0.005,1000,1,hier_k5,804,0.14096903800964355,-4.046814918518066,3.5729832649230957,140,1.2879940271377563,0.9181678295135498,0.3196997046470642,0.8448008894920349
hierarchical_mixture,1.0,2,cholesky,5,ode_transport,1024,0.005,1000,1,hier_k5,805,0.13094615936279297,-3.8709006309509277,2.0919206142425537,134,0.35132116079330444,0.12401557713747025,0.12355969846248627,0.3045975863933563
hierarchical_mixture,1.0,2,cholesky,5,ode_transport,1024,0.005,1000,1,hier_k5,806,0.1335902214050293,-4.159732341766357,2.975612163543701,140,1.1014387607574463,0.41089197993278503,0.33148685097694397,0.9666702151298523
hierarchical_mixture,1.0,2,cholesky,5,ode_transport,1024,0.005,1000,1,hier_k5,807,0.1399087905883789,-4.073999881744385,2.4009060859680176,140,0.586294412612915,0.2550531327724457,0.402639776468277,0.3414238393306732
hierarchical_mixture,1.0,2,cholesky,5,ode_transport,1024,0.005,1000,1,hier_k5,808,0.15564584732055664,-4.110533237457275,3.8240315914154053,158,0.9475815892219543,0.7911168336868286,0.2527591288089752,0.4562431573867798
hierarchical_mixture,1.0,2,cholesky,5,ode_transport,1024,0.005,1000,1,hier_k5,809,0.1275019645690918,-4.047577857971191,2.2255446910858154,128,0.3698348104953766,0.06397201865911484,0.07445982098579407,0.35656851530075073
hierarchical_mixture,1.0,2,cholesky,5,ode_transport,1024,0.005,1000,1,hier_k5,810,0.15069007873535156,-4.23268985748291,5.417166233062744,158,1.20603609085083,0.30377456545829773,0.2756704092025757,1.134129524230957
hierarchical_mixture,1.0,2,cholesky,5,ode_transport,1024,0.005,1000,1,hier_k5,811,0.15313267707824707,-4.216256141662598,3.751866579055786,146,0.9568758010864258,0.7093437314033508,0.2556760311126709,0.5891287326812744
hierarchical_mixture,1.0,2,cholesky,5,ode_transport,1024,0.005,1000,1,hier_k5,812,0.1321721076965332,-4.096704959869385,2.50116229057312,140,0.5384098887443542,0.08250270038843155,0.26219820976257324,0.46295857429504395
hierarchical_mixture,1.0,2,cholesky,5,ode_transport,1024,0.005,1000,1,hier_k5,813,0.14824414253234863,-4.05218505859375,2.8983306884765625,152,0.6126995086669922,0.15644513070583344,0.34541651606559753,0.4812619090080261
hierarchical_mixture,1.0,2,cholesky,5,ode_transport,1024,0.005,1000,1,hier_k5,814,0.14090800285339355,-4.167693138122559,3.8805952072143555,146,1.3144584894180298,0.2523784339427948,0.4063761234283447,1.2243220806121826
hierarchical_mixture,1.0,2,cholesky,5,ode_transport,1024,0.005,1000,1,hier_k5,815,0.14689111709594727,-3.997981071472168,2.981224298477173,146,0.7253732681274414,0.37897923588752747,0.3284474313259125,0.5240834355354309
hierarchical_mixture,1.0,2,cholesky,5,ode_transport,1024,0.005,1000,1,hier_k5,816,0.14858698844909668,-4.07642936706543,2.888253688812256,158,0.512589156627655,0.05075758323073387,0.08747529238462448,0.50251305103302
hierarchical_mixture,1.0,2,cholesky,5,ode_transport,1024,0.005,1000,1,hier_k5,817,0.13808608055114746,-4.257763385772705,3.5613975524902344,140,0.833256721496582,0.5071563124656677,0.270667165517807,0.6031985878944397
hierarchical_mixture,1.0,2,cholesky,5,ode_transport,1024,0.005,1000,1,hier_k5,818,0.13791489601135254,-4.0026984214782715,2.6360130310058594,140,0.5982566475868225,0.16389445960521698,0.49518972635269165,0.2929791808128357
hierarchical_mixture,1.0,2,cholesky,5,ode_transport,1024,0.005,1000,1,hier_k5,819,0.14112401008605957,-3.9990501403808594,2.5346639156341553,146,0.5169649124145508,0.4325137734413147,0.20238390564918518,0.19805392622947693
hierarchical_mixture,1.0,2,cholesky,5,ode_transport,1024,0.005,1000,1,hier_k5,820,0.137847900390625,-3.847637414932251,2.2352278232574463,140,0.6901372075080872,0.5826775431632996,0.13820861279964447,0.34303733706474304
hierarchical_mixture,1.0,2,cholesky,5,ode_transport,1024,0.005,1000,1,hier_k5,821,0.14602208137512207,-3.989429473876953,3.212263345718384,152,0.9804874658584595,0.5749713182449341,0.17989906668663025,0.7735631465911865
hierarchical_mixture,1.0,2,cholesky,5,ode_transport,1024,0.005,1000,1,hier_k5,822,0.13874268531799316,-3.886235237121582,2.386016607284546,140,0.5508501529693604,0.177621990442276,0.3957560658454895,0.3395047187805176
hierarchical_mixture,1.0,2,cholesky,5,ode_transport,1024,0.005,1000,1,hier_k5,823,0.13798880577087402,-3.947758674621582,2.5067055225372314,140,0.5742910504341125,0.21158768236637115,0.19916947185993195,0.49535077810287476
hierarchical_mixture,1.0,2,cholesky,5,ode_transport,1024,0.005,1000,1,hier_k5,824,0.13489079475402832,-3.876404047012329,2.277357816696167,134,0.4276482164859772,0.09793481975793839,0.10133880376815796,0.4037601053714752
hierarchical_mixture,1.0,2,cholesky,5,ode_transport,1024,0.005,1000,1,hier_k5,825,0.14410090446472168,-4.106837272644043,3.102649211883545,146,0.8918420672416687,0.5403851866722107,0.23638786375522614,0.6689445972442627
hierarchical_mixture,1.0,2,cholesky,5,ode_transport,1024,0.005,1000,1,hier_k5,826,0.12677502632141113,-3.916748046875,2.478247880935669,128,0.6501350998878479,0.49632373452186584,0.19335080683231354,0.37276509404182434
hierarchical_mixture,1.0,2,cholesky,5,ode_transport,1024,0.005,1000,1,hier_k5,827,0.14540886878967285,-4.168665885925293,3.2168242931365967,152,1.3256096839904785,0.76422518491745,0.2210858315229416,1.060340404510498
hierarchical_mixture,1.0,2,cholesky,5,ode_transport,1024,0.005,1000,1,hier_k5,828,0.15404701232910156,-3.9757156372070312,2.461928606033325,146,0.6637213230133057,0.39460620284080505,0.19281911849975586,0.4976271092891693
hierarchical_mixture,1.0,2,cholesky,5,ode_transport,1024,0.005,1000,1,hier_k5,829,0.1454160213470459,-3.9166994094848633,2.110851526260376,140,0.6144251227378845,0.23687958717346191,0.2446695864200592,0.5114129185676575
hierarchical_mixture,1.0,2,cholesky,5,ode_transport,1024,0.005,1000,1,hier_k5,830,0.15152215957641602,-4.3169779777526855,5.114710807800293,146,0.8407825231552124,0.15759259462356567,0.39882946014404297,0.7231977581977844
hierarchical_mixture,1.0,2,cholesky,5,ode_transport,1024,0.005,1000,1,hier_k5,831,0.15759897232055664,-3.911205291748047,2.535191297531128,152,0.7083004117012024,0.36451613903045654,0.11026419699192047,0.5972095131874084
hierarchical_mixture,1.0,2,cholesky,5,ode_transport,1024,0.005,1000,1,hier_k5,832,0.14055991172790527,-4.06784725189209,3.0543999671936035,134,1.0322282314300537,0.6469969153404236,0.3152872622013092,0.739921510219574
hierarchical_mixture,1.0,2,cholesky,5,ode_transport,1024,0.005,1000,1,hier_k5,833,0.14087677001953125,-4.170244216918945,4.5012288093566895,134,0.902113139629364,0.1352205127477646,0.34907975792884827,0.820772111415863
hierarchical_mixture,1.0,2,cholesky,5,ode_transport,1024,0.005,1000,1,hier_k5,834,0.1601400375366211,-4.097635269165039,3.1026084423065186,152,0.6224655508995056,0.381414532661438,0.11774744838476181,0.47762104868888855
hierarchical_mixture,1.0,2,cholesky,5,ode_transport,1024,0.005,1000,1,hier_k5,835,0.15241789817810059,-4.12757682800293,3.0669291019439697,140,0.5913125276565552,0.4407152533531189,0.1523405909538269,0.36361101269721985
hierarchical_mixture,1.0,2,cholesky,5,ode_transport,1024,0.005,1000,1,hier_k5,836,0.1542978286743164,-4.025753974914551,2.2563326358795166,152,0.7653228640556335,0.5697317719459534,0.1956014484167099,0.47208550572395325
hierarchical_mixture,1.0,2,cholesky,5,ode_transport,1024,0.005,1000,1,hier_k5,837,0.15445995330810547,-4.213067054748535,4.733067035675049,152,0.6295360326766968,0.39751729369163513,0.2740303575992584,0.4039839506149292
hierarchical_mixture,1.0,2,cholesky,5,ode_transport,1024,0.005,1000,1,hier_k5,838,0.13508009910583496,-4.039890289306641,3.2669594287872314,128,0.6240631937980652,0.3273475170135498,0.18542785942554474,0.49791064858436584
hierarchical_mixture,1.0,2,cholesky,5,ode_transport,1024,0.005,1000,1,hier_k5,839,0.1263868808746338,-4.037010192871094,2.5948615074157715,134,0.7043667435646057,0.24322311580181122,0.5258045792579651,0.40063023567199707
hierarchical_mixture,1.0,2,cholesky,5,ode_transport,1024,0.005,1000,1,hier_k5,840,0.12588787078857422,-3.93327260017395,2.424800157546997,128,0.5190462470054626,0.334971159696579,0.26812487840652466,0.29208284616470337
hierarchical_mixture,1.0,2,cholesky,5,ode_transport,1024,0.005,1000,1,hier_k5,841,0.14539694786071777,-4.0976433753967285,3.626599073410034,140,0.6397910714149475,0.4067905843257904,0.17367777228355408,0.46226629614830017
hierarchical_mixture,1.0,2,cholesky,5,ode_transport,1024,0.005,1000,1,hier_k5,842,0.1448531150817871,-4.146718502044678,2.8725192546844482,140,0.851668119430542,0.5030884146690369,0.31455814838409424,0.6109777688980103
hierarchical_mixture,1.0,2,cholesky,5,ode_transport,1024,0.005,1000,1,hier_k5,843,0.15787291526794434,-4.050811767578125,2.69136381149292,158,1.2377387285232544,0.7963507175445557,0.2001306712627411,0.9261589050292969
hierarchical_mixture,1.0,2,cholesky,5,ode_transport,1024,0.005,1000,1,hier_k5,844,0.1666278839111328,-3.9684205055236816,3.032552719116211,158,0.7256328463554382,0.48439204692840576,0.43453577160835266,0.32107025384902954
hierarchical_mixture,1.0,2,cholesky,5,ode_transport,1024,0.005,1000,1,hier_k5,845,0.14586496353149414,-4.089393138885498,3.2609670162200928,134,0.6381850242614746,0.38395819067955017,0.14298364520072937,0.48929744958877563
hierarchical_mixture,1.0,2,cholesky,5,ode_transport,1024,0.005,1000,1,hier_k5,846,0.13799786567687988,-3.9778330326080322,2.649068832397461,146,0.5430685877799988,0.27260711789131165,0.17218267917633057,0.43699193000793457
hierarchical_mixture,1.0,2,cholesky,5,ode_transport,1024,0.005,1000,1,hier_k5,847,0.13122987747192383,-4.109931468963623,2.743621349334717,134,1.0584814548492432,0.7818543314933777,0.44232261180877686,0.5598548054695129
hierarchical_mixture,1.0,2,cholesky,5,ode_transport,1024,0.005,1000,1,hier_k5,848,0.13568997383117676,-4.064237594604492,2.71868896484375,140,1.0797805786132812,0.8375244140625,0.22795581817626953,0.6422733664512634
hierarchical_mixture,1.0,2,cholesky,5,ode_transport,1024,0.005,1000,1,hier_k5,849,0.13789606094360352,-4.005020618438721,3.4275591373443604,146,0.4462847113609314,0.19199062883853912,0.3266126811504364,0.2358681559562683
hierarchical_mixture,1.0,2,cholesky,5,ode_transport,1024,0.005,1000,1,hier_k5,850,0.14543819427490234,-3.935328960418701,3.1243741512298584,158,0.931233823299408,0.48616719245910645,0.2073962390422821,0.7666972279548645
hierarchical_mixture,1.0,2,cholesky,5,ode_transport,1024,0.005,1000,1,hier_k5,851,0.14319205284118652,-4.208330154418945,4.3852925300598145,146,0.9305632710456848,0.31243112683296204,0.1764676868915558,0.8585999608039856
hierarchical_mixture,1.0,2,cholesky,5,ode_transport,1024,0.005,1000,1,hier_k5,852,0.15872788429260254,-4.072137355804443,2.879879951477051,158,0.5165992379188538,0.26181358098983765,0.16503213346004486,0.41363364458084106
hierarchical_mixture,1.0,2,cholesky,5,ode_transport,1024,0.005,1000,1,hier_k5,853,0.1488182544708252,-4.046490669250488,3.0851619243621826,146,0.5702489614486694,0.148145392537117,0.2120341956615448,0.5082108974456787
hierarchical_mixture,1.0,2,cholesky,5,ode_transport,1024,0.005,1000,1,hier_k5,854,0.13345098495483398,-4.050297737121582,2.289594888687134,122,0.3129771649837494,0.15247711539268494,0.16152670979499817,0.2204870879650116
hierarchical_mixture,1.0,2,cholesky,5,ode_transport,1024,0.005,1000,1,hier_k5,855,0.14513421058654785,-4.174410343170166,3.674234390258789,140,1.1504390239715576,0.8601051568984985,0.35182300209999084,0.6781958937644958
hierarchical_mixture,1.0,2,cholesky,5,ode_transport,1024,0.005,1000,1,hier_k5,856,0.14120006561279297,-4.048154354095459,3.5617728233337402,134,0.6095510721206665,0.3797628879547119,0.10949941724538803,0.46405017375946045
hierarchical_mixture,1.0,2,cholesky,5,ode_transport,1024,0.005,1000,1,hier_k5,857,0.14982914924621582,-4.119101524353027,3.083123207092285,146,1.015108346939087,0.8359366655349731,0.1347552388906479,0.5599070191383362
hierarchical_mixture,1.0,2,cholesky,5,ode_transport,1024,0.005,1000,1,hier_k5,858,0.14713406562805176,-3.876833915710449,2.5705015659332275,146,0.5610355734825134,0.09876001626253128,0.25535768270492554,0.4896935820579529
hierarchical_mixture,1.0,2,cholesky,5,ode_transport,1024,0.005,1000,1,hier_k5,859,0.1295619010925293,-4.003162384033203,2.269200563430786,122,0.6555001139640808,0.39010271430015564,0.1290399730205536,0.5107336640357971
hierarchical_mixture,1.0,2,cholesky,5,ode_transport,1024,0.005,1000,1,hier_k5,860,0.14412379264831543,-4.117976665496826,2.896204948425293,134,0.64168781042099,0.39370235800743103,0.22080811858177185,0.45607617497444153
hierarchical_mixture,1.0,2,cholesky,5,ode_transport,1024,0.005,1000,1,hier_k5,861,0.16263508796691895,-3.9006690979003906,2.917492628097534,164,0.5701574087142944,0.1858958601951599,0.41785579919815063,0.3404683768749237
hierarchical_mixture,1.0,2,cholesky,5,ode_transport,1024,0.005,1000,1,hier_k5,862,0.1331191062927246,-4.084761619567871,2.544619083404541,134,1.711825966835022,0.6799773573875427,0.33779558539390564,1.5342336893081665
hierarchical_mixture,1.0,2,cholesky,5,ode_transport,1024,0.005,1000,1,hier_k5,863,0.15167498588562012,-4.1241374015808105,3.0711114406585693,158,0.5961534380912781,0.46880069375038147,0.21271876990795135,0.3006252944469452
hierarchical_mixture,1.0,2,cholesky,5,ode_transport,1024,0.005,1000,1,hier_k5,864,0.13032031059265137,-3.937196731567383,2.4933905601501465,134,0.5721017122268677,0.40758058428764343,0.145222008228302,0.37428468465805054
hierarchical_mixture,1.0,2,cholesky,5,ode_transport,1024,0.005,1000,1,hier_k5,865,0.13071990013122559,-3.925015449523926,2.0180914402008057,128,0.5548176169395447,0.24689504504203796,0.22186161577701569,0.4445704221725464
hierarchical_mixture,1.0,2,cholesky,5,ode_transport,1024,0.005,1000,1,hier_k5,866,0.15253973007202148,-3.9865965843200684,3.201205015182495,152,0.42333072423934937,0.08824119716882706,0.14276479184627533,0.3886394500732422
hierarchical_mixture,1.0,2,cholesky,5,ode_transport,1024,0.005,1000,1,hier_k5,867,0.14153718948364258,-3.9937734603881836,2.923938512802124,140,0.458698034286499,0.09908902645111084,0.2801074683666229,0.34946393966674805
hierarchical_mixture,1.0,2,cholesky,5,ode_transport,1024,0.005,1000,1,hier_k5,868,0.14426302909851074,-3.9510791301727295,3.329265594482422,146,1.00728440284729,0.0957425981760025,0.1666770875453949,0.9887740015983582
hierarchical_mixture,1.0,2,cholesky,5,ode_transport,1024,0.005,1000,1,hier_k5,869,0.14565396308898926,-3.9941327571868896,2.9554076194763184,152,0.5035222172737122,0.2067195624113083,0.16062816977500916,0.43011653423309326
hierarchical_mixture,1.0,2,cholesky,5,ode_transport,1024,0.005,1000,1,hier_k5,870,0.15753602981567383,-4.153144359588623,3.401456832885742,170,0.704720139503479,0.4866742491722107,0.3130360543727875,0.40222764015197754
hierarchical_mixture,1.0,2,cholesky,5,ode_transport,1024,0.005,1000,1,hier_k5,871,0.1408219337463379,-4.0633015632629395,3.029264211654663,152,1.0401920080184937,0.16732439398765564,0.4753960371017456,0.9099453687667847
hierarchical_mixture,1.0,2,cholesky,5,ode_transport,1024,0.005,1000,1,hier_k5,872,0.13833093643188477,-4.166272163391113,3.010266065597534,134,0.5264607667922974,0.20615915954113007,0.28442078828811646,0.39212775230407715
hierarchical_mixture,1.0,2,cholesky,5,ode_transport,1024,0.005,1000,1,hier_k5,873,0.13019084930419922,-3.930814027786255,2.1699342727661133,134,0.8806415796279907,0.20412752032279968,0.37376868724823,0.7708167433738708
hierarchical_mixture,1.0,2,cholesky,5,ode_transport,1024,0.005,1000,1,hier_k5,874,0.13123822212219238,-3.9122321605682373,1.9788538217544556,134,0.8331438899040222,0.21259532868862152,0.2717879116535187,0.7583293318748474
hierarchical_mixture,1.0,2,cholesky,5,ode_transport,1024,0.005,1000,1,hier_k5,875,0.1295948028564453,-3.8577756881713867,1.868383526802063,140,0.6065660119056702,0.2417924553155899,0.06337635219097137,0.5526682138442993
hierarchical_mixture,1.0,2,cholesky,5,ode_transport,1024,0.005,1000,1,hier_k5,876,0.1438288688659668,-4.0023908615112305,3.2384884357452393,158,1.1434928178787231,0.8041946887969971,0.2553941011428833,0.7717645168304443
hierarchical_mixture,1.0,2,cholesky,5,ode_transport,1024,0.005,1000,1,hier_k5,877,0.14831900596618652,-4.050747871398926,2.7941081523895264,146,0.7265943288803101,0.4017380177974701,0.2168615460395813,0.5652583241462708
hierarchical_mixture,1.0,2,cholesky,5,ode_transport,1024,0.005,1000,1,hier_k5,878,0.15495777130126953,-4.050928592681885,2.633941650390625,146,0.6323245763778687,0.22303760051727295,0.2877744138240814,0.5169859528541565
hierarchical_mixture,1.0,2,cholesky,5,ode_transport,1024,0.005,1000,1,hier_k5,879,0.15454912185668945,-3.936609983444214,2.325493097305298,140,0.34033992886543274,0.08292548358440399,0.270952045917511,0.18851955235004425
hierarchical_mixture,1.0,2,cholesky,5,ode_transport,1024,0.005,1000,1,hier_k5,880,0.1367652416229248,-3.9132940769195557,2.4978995323181152,134,0.9304963946342468,0.7943834066390991,0.17149873077869415,0.4531741142272949
hierarchical_mixture,1.0,2,cholesky,5,ode_transport,1024,0.005,1000,1,hier_k5,881,0.14435100555419922,-4.005395889282227,2.6704909801483154,140,0.9301395416259766,0.7091274261474609,0.24603813886642456,0.5493296384811401
hierarchical_mixture,1.0,2,cholesky,5,ode_transport,1024,0.005,1000,1,hier_k5,882,0.14418673515319824,-4.1303839683532715,3.6172335147857666,134,0.831142783164978,0.09686970710754395,0.22988955676555634,0.7928211092948914
hierarchical_mixture,1.0,2,cholesky,5,ode_transport,1024,0.005,1000,1,hier_k5,883,0.15551090240478516,-4.060336589813232,3.7758381366729736,146,0.5850268006324768,0.16235652565956116,0.12094613909721375,0.5488795638084412
hierarchical_mixture,1.0,2,cholesky,5,ode_transport,1024,0.005,1000,1,hier_k5,884,0.15205597877502441,-4.141785621643066,2.5047850608825684,140,0.7876819968223572,0.4257257282733917,0.14532987773418427,0.6465909481048584
hierarchical_mixture,1.0,2,cholesky,5,ode_transport,1024,0.005,1000,1,hier_k5,885,0.18485689163208008,-3.839542865753174,2.5883736610412598,158,0.8292360901832581,0.26359355449676514,0.20468682050704956,0.759114146232605
hierarchical_mixture,1.0,2,cholesky,5,ode_transport,1024,0.005,1000,1,hier_k5,886,0.13318681716918945,-4.055593967437744,3.323221445083618,128,0.9320410490036011,0.5688974261283875,0.5459586381912231,0.49697625637054443
hierarchical_mixture,1.0,2,cholesky,5,ode_transport,1024,0.005,1000,1,hier_k5,887,0.1450819969177246,-3.9956836700439453,2.299487352371216,152,0.6398546695709229,0.22461342811584473,0.20083540678024292,0.5644713640213013
hierarchical_mixture,1.0,2,cholesky,5,ode_transport,1024,0.005,1000,1,hier_k5,888,0.14906811714172363,-4.188607215881348,4.152537822723389,152,0.8698692917823792,0.45485788583755493,0.26691994071006775,0.6917590498924255
hierarchical_mixture,1.0,2,cholesky,5,ode_transport,1024,0.005,1000,1,hier_k5,889,0.1573340892791748,-3.856048822402954,2.309595823287964,146,0.4222748875617981,0.176719069480896,0.09686042368412018,0.37108558416366577
hierarchical_mixture,1.0,2,cholesky,5,ode_transport,1024,0.005,1000,1,hier_k5,890,0.14837408065795898,-3.95454478263855,1.9920406341552734,158,0.7088239789009094,0.5356692671775818,0.3350030779838562,0.3213452696800232
hierarchical_mixture,1.0,2,cholesky,5,ode_transport,1024,0.005,1000,1,hier_k5,891,0.1395111083984375,-4.03995418548584,2.3835015296936035,140,0.6486024856567383,0.2517035901546478,0.32765647768974304,0.4999716877937317
hierarchical_mixture,1.0,2,cholesky,5,ode_transport,1024,0.005,1000,1,hier_k5,892,0.13377594947814941,-4.0363688468933105,2.078234910964966,134,0.5471527576446533,0.2736690640449524,0.13994166254997253,0.4526563584804535
hierarchical_mixture,1.0,2,cholesky,5,ode_transport,1024,0.005,1000,1,hier_k5,893,0.16321611404418945,-4.0146870613098145,2.779179573059082,152,0.8146430253982544,0.1174793690443039,0.4293939769268036,0.6822482347488403
hierarchical_mixture,1.0,2,cholesky,5,ode_transport,1024,0.005,1000,1,hier_k5,894,0.1502068042755127,-4.055657386779785,3.2295374870300293,140,0.8067744374275208,0.5409134030342102,0.1322583556175232,0.583785355091095
hierarchical_mixture,1.0,2,cholesky,5,ode_transport,1024,0.005,1000,1,hier_k5,895,0.1482069492340088,-4.259449481964111,5.29640531539917,140,1.169463872909546,0.6013617515563965,0.138917937874794,0.993333637714386
hierarchical_mixture,1.0,2,cholesky,5,ode_transport,1024,0.005,1000,1,hier_k5,896,0.23372507095336914,-3.9677648544311523,2.6002323627471924,158,0.9296056628227234,0.7117781043052673,0.1502937525510788,0.5787490010261536
hierarchical_mixture,1.0,2,cholesky,5,ode_transport,1024,0.005,1000,1,hier_k5,897,0.13106727600097656,-3.977468729019165,2.1919291019439697,116,0.8312101364135742,0.32124850153923035,0.25391972064971924,0.7233495116233826
hierarchical_mixture,1.0,2,cholesky,5,ode_transport,1024,0.005,1000,1,hier_k5,898,0.14348077774047852,-3.9119367599487305,2.0454869270324707,140,0.7999182939529419,0.5872513055801392,0.45935243368148804,0.2898285388946533
hierarchical_mixture,1.0,2,cholesky,5,ode_transport,1024,0.005,1000,1,hier_k5,899,0.1405320167541504,-4.020863056182861,2.0835282802581787,134,1.311302900314331,1.147757887840271,0.2899182438850403,0.5640162825584412
hierarchical_mixture,1.0,2,cholesky,5,ode_transport,1024,0.005,1000,1,hier_k5,900,0.16808319091796875,-3.997559070587158,2.629971742630005,158,0.5047506093978882,0.2154482901096344,0.15749125182628632,0.42842936515808105
hierarchical_mixture,1.0,2,cholesky,5,ode_transport,1024,0.005,1000,1,hier_k5,901,0.16265392303466797,-4.040116786956787,2.5392937660217285,146,0.7738885879516602,0.4065239727497101,0.28172701597213745,0.5952072739601135
hierarchical_mixture,1.0,2,cholesky,5,ode_transport,1024,0.005,1000,1,hier_k5,902,0.15567994117736816,-4.160218238830566,6.560849666595459,146,0.9137225151062012,0.4905422031879425,0.3699934482574463,0.6762855052947998
hierarchical_mixture,1.0,2,cholesky,5,ode_transport,1024,0.005,1000,1,hier_k5,903,0.1339421272277832,-3.9240503311157227,2.0363705158233643,134,0.40356215834617615,0.05428328737616539,0.25409260392189026,0.3087923228740692
hierarchical_mixture,1.0,2,cholesky,5,ode_transport,1024,0.005,1000,1,hier_k5,904,0.16541218757629395,-3.9492809772491455,2.8814971446990967,146,0.41166549921035767,0.19536295533180237,0.1811099797487259,0.31384870409965515
hierarchical_mixture,1.0,2,cholesky,5,ode_transport,1024,0.005,1000,1,hier_k5,905,0.15333127975463867,-4.22772741317749,7.103057861328125,146,1.0111033916473389,0.21326810121536255,0.3047013580799103,0.9402148127555847
hierarchical_mixture,1.0,2,cholesky,5,ode_transport,1024,0.005,1000,1,hier_k5,906,0.14030981063842773,-4.029801368713379,2.676353931427002,134,0.6640546917915344,0.20250031352043152,0.33004629611968994,0.5394735336303711
hierarchical_mixture,1.0,2,cholesky,5,ode_transport,1024,0.005,1000,1,hier_k5,907,0.17055273056030273,-3.9334325790405273,2.4835290908813477,146,0.6790362596511841,0.22335009276866913,0.3164456784725189,0.557733952999115
hierarchical_mixture,1.0,2,cholesky,5,ode_transport,1024,0.005,1000,1,hier_k5,908,0.16322684288024902,-3.9994306564331055,2.693646192550659,134,0.525818943977356,0.39107224345207214,0.17485947906970978,0.3049135208129883
hierarchical_mixture,1.0,2,cholesky,5,ode_transport,1024,0.005,1000,1,hier_k5,909,0.153609037399292,-4.172185897827148,2.9213786125183105,146,1.125994324684143,1.0684170722961426,0.24163688719272614,0.2606910765171051
hierarchical_mixture,1.0,2,cholesky,5,ode_transport,1024,0.005,1000,1,hier_k5,910,0.14191913604736328,-3.9863228797912598,2.6201953887939453,128,0.805806040763855,0.10317069292068481,0.20626969635486603,0.7720958590507507
hierarchical_mixture,1.0,2,cholesky,5,ode_transport,1024,0.005,1000,1,hier_k5,911,0.1532909870147705,-3.9631004333496094,2.500667095184326,146,0.5011484622955322,0.31873443722724915,0.1565081626176834,0.3536429703235626
hierarchical_mixture,1.0,2,cholesky,5,ode_transport,1024,0.005,1000,1,hier_k5,912,0.15349817276000977,-4.003021717071533,2.445234537124634,152,0.9736594557762146,0.7634745836257935,0.33115601539611816,0.5054255723953247
hierarchical_mixture,1.0,2,cholesky,5,ode_transport,1024,0.005,1000,1,hier_k5,913,0.1467280387878418,-3.9207541942596436,2.4112002849578857,128,0.5057652592658997,0.13529561460018158,0.15384456515312195,0.46241265535354614
hierarchical_mixture,1.0,2,cholesky,5,ode_transport,1024,0.005,1000,1,hier_k5,914,0.15088796615600586,-4.041917324066162,3.2272000312805176,140,1.2848156690597534,0.3756464719772339,0.13322006165981293,1.2214308977127075
hierarchical_mixture,1.0,2,cholesky,5,ode_transport,1024,0.005,1000,1,hier_k5,915,0.14004921913146973,-3.9001524448394775,2.0741655826568604,134,0.6132182478904724,0.47192129492759705,0.24715933203697205,0.3037090003490448
hierarchical_mixture,1.0,2,cholesky,5,ode_transport,1024,0.005,1000,1,hier_k5,916,0.14220786094665527,-4.094712257385254,4.180229663848877,134,1.17291259765625,0.3336847424507141,0.15040941536426544,1.1143407821655273
hierarchical_mixture,1.0,2,cholesky,5,ode_transport,1024,0.005,1000,1,hier_k5,917,0.15655994415283203,-4.056485652923584,2.4822137355804443,146,0.6178880929946899,0.16162432730197906,0.18917898833751678,0.5655745267868042
hierarchical_mixture,1.0,2,cholesky,5,ode_transport,1024,0.005,1000,1,hier_k5,918,0.15090513229370117,-4.071895599365234,2.8666329383850098,140,0.5347451567649841,0.35237830877304077,0.21032007038593292,0.342851847410202
hierarchical_mixture,1.0,2,cholesky,5,ode_transport,1024,0.005,1000,1,hier_k5,919,0.13057923316955566,-4.138370037078857,2.6410253047943115,128,0.8080103397369385,0.19301638007164001,0.3370419442653656,0.7085394263267517
hierarchical_mixture,1.0,2,cholesky,5,ode_transport,1024,0.005,1000,1,hier_k5,920,0.13844609260559082,-3.87748384475708,2.3203651905059814,146,0.816624104976654,0.44471773505210876,0.17423206567764282,0.6623777151107788
hierarchical_mixture,1.0,2,cholesky,5,ode_transport,1024,0.005,1000,1,hier_k5,921,0.1401669979095459,-4.0585408210754395,2.480677366256714,146,0.6532886624336243,0.3374754786491394,0.23322899639606476,0.5084295272827148
hierarchical_mixture,1.0,2,cholesky,5,ode_transport,1024,0.005,1000,1,hier_k5,922,0.17072391510009766,-3.995762348175049,2.829429864883423,158,0.511943519115448,0.10231013596057892,0.24988485872745514,0.4349440336227417
hierarchical_mixture,1.0,2,cholesky,5,ode_transport,1024,0.005,1000,1,hier_k5,923,0.15830111503601074,-4.00991153717041,3.0534515380859375,164,0.48725131154060364,0.21688365936279297,0.19886553287506104,0.38836556673049927
hierarchical_mixture,1.0,2,cholesky,5,ode_transport,1024,0.005,1000,1,hier_k5,924,0.14532685279846191,-3.9570178985595703,2.1694421768188477,158,0.4635980427265167,0.177663192152977,0.3460664451122284,0.2521844208240509
hierarchical_mixture,1.0,2,cholesky,5,ode_transport,1024,0.005,1000,1,hier_k5,925,0.13682317733764648,-3.8470427989959717,1.9352089166641235,146,0.4714217185974121,0.15168683230876923,0.3717111647129059,0.24710391461849213
hierarchical_mixture,1.0,2,cholesky,5,ode_transport,1024,0.005,1000,1,hier_k5,926,0.145219087600708,-3.9657533168792725,2.517882823944092,146,0.7257381677627563,0.5957831144332886,0.330657958984375,0.24980726838111877
hierarchical_mixture,1.0,2,cholesky,5,ode_transport,1024,0.005,1000,1,hier_k5,927,0.14553332328796387,-4.09088134765625,4.190289497375488,140,1.1674301624298096,0.1476326584815979,0.17127187550067902,1.145322561264038
hierarchical_mixture,1.0,2,cholesky,5,ode_transport,1024,0.005,1000,1,hier_k5,928,0.13757967948913574,-4.198012351989746,3.1180570125579834,146,0.4741421341896057,0.14307068288326263,0.4020231068134308,0.20668566226959229
hierarchical_mixture,1.0,2,cholesky,5,ode_transport,1024,0.005,1000,1,hier_k5,929,0.13762593269348145,-4.08416223526001,2.9784693717956543,134,1.2397780418395996,0.4246983826160431,0.3032835125923157,1.1245888471603394
hierarchical_mixture,1.0,2,cholesky,5,ode_transport,1024,0.005,1000,1,hier_k5,930,0.14631891250610352,-4.0801591873168945,3.906064987182617,146,0.5402852296829224,0.3182538151741028,0.1582023948431015,0.4069331884384155
hierarchical_mixture,1.0,2,cholesky,5,ode_transport,1024,0.005,1000,1,hier_k5,931,0.1458568572998047,-3.9171195030212402,2.6349785327911377,140,0.7326520085334778,0.28175225853919983,0.1623159497976303,0.6565424799919128
hierarchical_mixture,1.0,2,cholesky,5,ode_transport,1024,0.005,1000,1,hier_k5,932,0.13446307182312012,-3.986842632293701,1.9632642269134521,128,0.6651711463928223,0.20874707400798798,0.18172644078731537,0.6048576831817627
hierarchical_mixture,1.0,2,cholesky,5,ode_transport,1024,0.005,1000,1,hier_k5,933,0.13100385665893555,-4.007915019989014,2.6475131511688232,122,0.40410155057907104,0.2132159173488617,0.1679864227771759,0.2993619740009308
hierarchical_mixture,1.0,2,cholesky,5,ode_transport,1024,0.005,1000,1,hier_k5,934,0.13812708854675293,-4.043821334838867,2.659148693084717,140,0.6132650375366211,0.29166179895401,0.15697498619556427,0.5161262154579163
hierarchical_mixture,1.0,2,cholesky,5,ode_transport,1024,0.005,1000,1,hier_k5,935,0.13788485527038574,-4.0416412353515625,2.4414103031158447,140,0.45314130187034607,0.16834276914596558,0.20081502199172974,0.36969050765037537
hierarchical_mixture,1.0,2,cholesky,5,ode_transport,1024,0.005,1000,1,hier_k5,936,0.14977097511291504,-4.104293346405029,2.683734178543091,152,0.4994897246360779,0.06965227425098419,0.27902206778526306,0.4083934724330902
hierarchical_mixture,1.0,2,cholesky,5,ode_transport,1024,0.005,1000,1,hier_k5,937,0.14420604705810547,-4.093317985534668,3.3684210777282715,134,1.5140503644943237,1.2581743001937866,0.29943013191223145,0.7872024178504944
hierarchical_mixture,1.0,2,cholesky,5,ode_transport,1024,0.005,1000,1,hier_k5,938,0.14459896087646484,-3.9403562545776367,2.35066819190979,152,0.4158911406993866,0.16184303164482117,0.2935802936553955,0.24613593518733978
hierarchical_mixture,1.0,2,cholesky,5,ode_transport,1024,0.005,1000,1,hier_k5,939,0.1550917625427246,-3.982302665710449,2.0979559421539307,152,0.7307255864143372,0.5838916301727295,0.09860903024673462,0.42814332246780396
hierarchical_mixture,1.0,2,cholesky,5,ode_transport,1024,0.005,1000,1,hier_k5,940,0.14499115943908691,-4.087881088256836,2.5446536540985107,146,0.6671657562255859,0.0962313711643219,0.3318561315536499,0.5707198977470398
hierarchical_mixture,1.0,2,cholesky,5,ode_transport,1024,0.005,1000,1,hier_k5,941,0.13714814186096191,-4.133307456970215,3.0413384437561035,146,1.4698619842529297,1.08697509765625,0.1889859288930893,0.9712176322937012
hierarchical_mixture,1.0,2,cholesky,5,ode_transport,1024,0.005,1000,1,hier_k5,942,0.161545991897583,-4.023094654083252,2.462376832962036,158,0.8882700204849243,0.39768481254577637,0.3629528880119324,0.7064952850341797
hierarchical_mixture,1.0,2,cholesky,5,ode_transport,1024,0.005,1000,1,hier_k5,943,0.13442301750183105,-4.1476898193359375,3.6386373043060303,140,0.40816861391067505,0.30394381284713745,0.11909478902816772,0.2450229376554489
hierarchical_mixture,1.0,2,cholesky,5,ode_transport,1024,0.005,1000,1,hier_k5,944,0.1295309066772461,-3.9760801792144775,2.250736951828003,134,0.3297354578971863,0.10283816605806351,0.20011848211288452,0.2410443276166916
hierarchical_mixture,1.0,2,cholesky,5,ode_transport,1024,0.005,1000,1,hier_k5,945,0.13595104217529297,-4.016606330871582,2.5383551120758057,146,1.2398791313171387,0.6983008980751038,0.5271490812301636,0.8785157799720764
hierarchical_mixture,1.0,2,cholesky,5,ode_transport,1024,0.005,1000,1,hier_k5,946,0.13290691375732422,-3.9496541023254395,3.1504366397857666,140,0.7252632975578308,0.06870768964290619,0.32306987047195435,0.6456872224807739
hierarchical_mixture,1.0,2,cholesky,5,ode_transport,1024,0.005,1000,1,hier_k5,947,0.14824342727661133,-4.127781867980957,2.8058526515960693,152,0.8385686874389648,0.5908408164978027,0.19479240477085114,0.5622814297676086
hierarchical_mixture,1.0,2,cholesky,5,ode_transport,1024,0.005,1000,1,hier_k5,948,0.16929411888122559,-3.9464404582977295,3.034177303314209,158,1.4491318464279175,1.148305892944336,0.16784928739070892,0.8678728938102722
hierarchical_mixture,1.0,2,cholesky,5,ode_transport,1024,0.005,1000,1,hier_k5,949,0.16369891166687012,-3.903043746948242,1.9176114797592163,152,0.5151529312133789,0.22704969346523285,0.08510987460613251,0.45451873540878296
hierarchical_mixture,1.0,2,cholesky,5,ode_transport,1024,0.005,1000,1,hier_k5,950,0.16151189804077148,-4.1493239402771,3.875943660736084,158,0.6902779340744019,0.47444719076156616,0.29112279415130615,0.4082046151161194
hierarchical_mixture,1.0,2,cholesky,5,ode_transport,1024,0.005,1000,1,hier_k5,951,0.14789724349975586,-3.95858097076416,2.276935577392578,152,0.5816353559494019,0.2328290492296219,0.3542335033416748,0.39825743436813354
hierarchical_mixture,1.0,2,cholesky,5,ode_transport,1024,0.005,1000,1,hier_k5,952,0.143721342086792,-3.8789210319519043,2.593928575515747,140,0.9043530821800232,0.1498967409133911,0.15011532604694366,0.879119336605072
hierarchical_mixture,1.0,2,cholesky,5,ode_transport,1024,0.005,1000,1,hier_k5,953,0.172407865524292,-3.9351701736450195,2.185001850128174,152,0.7590363621711731,0.39325031638145447,0.44688472151756287,0.47093984484672546
hierarchical_mixture,1.0,2,cholesky,5,ode_transport,1024,0.005,1000,1,hier_k5,954,0.1730639934539795,-3.971349000930786,2.1166129112243652,158,0.4529632329940796,0.16324108839035034,0.277861088514328,0.3183099925518036
hierarchical_mixture,1.0,2,cholesky,5,ode_transport,1024,0.005,1000,1,hier_k5,955,0.1662461757659912,-4.042612075805664,2.6285336017608643,146,0.5572789311408997,0.3390592336654663,0.24900144338607788,0.36550912261009216
hierarchical_mixture,1.0,2,cholesky,5,ode_transport,1024,0.005,1000,1,hier_k5,956,0.13519597053527832,-4.042482376098633,2.8855772018432617,140,0.9574341773986816,0.7794610261917114,0.30951744318008423,0.4618654251098633
hierarchical_mixture,1.0,2,cholesky,5,ode_transport,1024,0.005,1000,1,hier_k5,957,0.14251399040222168,-4.026494979858398,2.535968065261841,152,0.45233026146888733,0.15710420906543732,0.3003756105899811,0.29949191212654114
hierarchical_mixture,1.0,2,cholesky,5,ode_transport,1024,0.005,1000,1,hier_k5,958,0.15127325057983398,-4.160083293914795,3.640394687652588,158,0.840420126914978,0.09890497475862503,0.21013285219669342,0.8076930046081543
hierarchical_mixture,1.0,2,cholesky,5,ode_transport,1024,0.005,1000,1,hier_k5,959,0.12339091300964355,-4.142432689666748,4.988091468811035,116,1.0925554037094116,0.1990504264831543,0.17439237236976624,1.0600205659866333
hierarchical_mixture,1.0,2,cholesky,5,ode_transport,1024,0.005,1000,1,hier_k5,960,0.14919018745422363,-4.085484981536865,2.98825740814209,146,0.6612297892570496,0.464358389377594,0.33596062660217285,0.3297370672225952
hierarchical_mixture,1.0,2,cholesky,5,ode_transport,1024,0.005,1000,1,hier_k5,961,0.12527012825012207,-3.9003067016601562,1.9362328052520752,122,1.1355960369110107,0.17659051716327667,0.23353007435798645,1.0972046852111816
hierarchical_mixture,1.0,2,cholesky,5,ode_transport,1024,0.005,1000,1,hier_k5,962,0.14617300033569336,-4.182592391967773,3.4547526836395264,146,1.1943076848983765,0.7248310446739197,0.1863219141960144,0.9307388067245483
hierarchical_mixture,1.0,2,cholesky,5,ode_transport,1024,0.005,1000,1,hier_k5,963,0.16142487525939941,-4.078783988952637,2.1853718757629395,140,0.46620893478393555,0.056004248559474945,0.13489460945129395,0.44273892045021057
hierarchical_mixture,1.0,2,cholesky,5,ode_transport,1024,0.005,1000,1,hier_k5,964,0.147752046585083,-3.993208169937134,2.426931619644165,158,0.3909943997859955,0.15664057433605194,0.16041365265846252,0.32032454013824463
hierarchical_mixture,1.0,2,cholesky,5,ode_transport,1024,0.005,1000,1,hier_k5,965,0.14752602577209473,-4.072986602783203,3.183582067489624,146,0.665870189666748,0.5242508053779602,0.2846355438232422,0.2958492934703827
hierarchical_mixture,1.0,2,cholesky,5,ode_transport,1024,0.005,1000,1,hier_k5,966,0.13437700271606445,-4.006397247314453,2.4191582202911377,140,0.48502638936042786,0.12478284537792206,0.17065010964870453,0.4365299344062805
hierarchical_mixture,1.0,2,cholesky,5,ode_transport,1024,0.005,1000,1,hier_k5,967,0.13221287727355957,-3.9811198711395264,2.013044595718384,134,0.45315852761268616,0.21157331764698029,0.22324958443641663,0.33278974890708923
hierarchical_mixture,1.0,2,cholesky,5,ode_transport,1024,0.005,1000,1,hier_k5,968,0.13706493377685547,-3.938610315322876,2.2281861305236816,140,1.1214025020599365,0.3102469742298126,0.3157486021518707,1.0303363800048828
hierarchical_mixture,1.0,2,cholesky,5,ode_transport,1024,0.005,1000,1,hier_k5,969,0.14725399017333984,-4.038911819458008,2.7331504821777344,152,0.9485058188438416,0.8108945488929749,0.29483240842819214,0.39393818378448486
hierarchical_mixture,1.0,2,cholesky,5,ode_transport,1024,0.005,1000,1,hier_k5,970,0.15165996551513672,-4.01740837097168,2.038313388824463,152,0.3636927604675293,0.1324710249900818,0.1682373732328415,0.29397282004356384
hierarchical_mixture,1.0,2,cholesky,5,ode_transport,1024,0.005,1000,1,hier_k5,971,0.16249394416809082,-3.939517021179199,2.2545738220214844,146,0.4488811790943146,0.19286292791366577,0.23509931564331055,0.3301916718482971
hierarchical_mixture,1.0,2,cholesky,5,ode_transport,1024,0.005,1000,1,hier_k5,972,0.1651301383972168,-3.988715648651123,2.8527238368988037,152,0.8068561553955078,0.6555975079536438,0.25373896956443787,0.39601173996925354
hierarchical_mixture,1.0,2,cholesky,5,ode_transport,1024,0.005,1000,1,hier_k5,973,0.14465928077697754,-3.9978907108306885,2.5599541664123535,146,0.734740138053894,0.18205556273460388,0.2225979119539261,0.6761279702186584
hierarchical_mixture,1.0,2,cholesky,5,ode_transport,1024,0.005,1000,1,hier_k5,974,0.1732320785522461,-4.194761276245117,3.615752696990967,152,0.6746298670768738,0.1493462473154068,0.32105129957199097,0.5742362141609192
hierarchical_mixture,1.0,2,cholesky,5,ode_transport,1024,0.005,1000,1,hier_k5,975,0.14615797996520996,-4.02974271774292,2.3185644149780273,128,0.3783150315284729,0.11503385752439499,0.18766944110393524,0.30768436193466187
hierarchical_mixture,1.0,2,cholesky,5,ode_transport,1024,0.005,1000,1,hier_k5,976,0.1458139419555664,-3.9481797218322754,2.0174691677093506,140,0.3357648551464081,0.23551824688911438,0.10515746474266052,0.21496763825416565
hierarchical_mixture,1.0,2,cholesky,5,ode_transport,1024,0.005,1000,1,hier_k5,977,0.14951777458190918,-3.944831609725952,2.142526865005493,158,0.8910549879074097,0.18325474858283997,0.2712754011154175,0.8287377953529358
hierarchical_mixture,1.0,2,cholesky,5,ode_transport,1024,0.005,1000,1,hier_k5,978,0.12422490119934082,-3.9781298637390137,2.205871105194092,128,0.5678895115852356,0.2949705421924591,0.35113799571990967,0.3349522054195404
hierarchical_mixture,1.0,2,cholesky,5,ode_transport,1024,0.005,1000,1,hier_k5,979,0.15109705924987793,-3.957711696624756,3.4684576988220215,140,0.9652376770973206,0.48447537422180176,0.37744057178497314,0.7446515560150146
hierarchical_mixture,1.0,2,cholesky,5,ode_transport,1024,0.005,1000,1,hier_k5,980,0.14244604110717773,-3.8938794136047363,1.9314504861831665,152,0.2446928173303604,0.04782794415950775,0.10445008426904678,0.2160491645336151
hierarchical_mixture,1.0,2,cholesky,5,ode_transport,1024,0.005,1000,1,hier_k5,981,0.1439511775970459,-4.077620983123779,2.6148011684417725,134,0.8565481901168823,0.4388370215892792,0.4162510633468628,0.6064916253089905
hierarchical_mixture,1.0,2,cholesky,5,ode_transport,1024,0.005,1000,1,hier_k5,982,0.13298678398132324,-4.068521022796631,3.3130671977996826,128,1.1031888723373413,0.12758243083953857,0.33178913593292236,1.0443488359451294
hierarchical_mixture,1.0,2,cholesky,5,ode_transport,1024,0.005,1000,1,hier_k5,983,0.11991286277770996,-3.9804112911224365,2.006934642791748,122,0.6412025690078735,0.14795273542404175,0.3614121079444885,0.5085587501525879
hierarchical_mixture,1.0,2,cholesky,5,ode_transport,1024,0.005,1000,1,hier_k5,984,0.14771628379821777,-4.1353325843811035,2.9604008197784424,158,1.1303727626800537,0.879828691482544,0.15188688039779663,0.6932348012924194
hierarchical_mixture,1.0,2,cholesky,5,ode_transport,1024,0.005,1000,1,hier_k5,985,0.14447283744812012,-3.975219249725342,2.259340763092041,152,0.5586555004119873,0.11447405070066452,0.1724601686000824,0.518892228603363
hierarchical_mixture,1.0,2,cholesky,5,ode_transport,1024,0.005,1000,1,hier_k5,986,0.15770912170410156,-4.12997579574585,4.4368720054626465,170,0.8193705677986145,0.2448531687259674,0.33023062348365784,0.7087755799293518
hierarchical_mixture,1.0,2,cholesky,5,ode_transport,1024,0.005,1000,1,hier_k5,987,0.1555018424987793,-4.285547256469727,6.395840644836426,140,0.6343560218811035,0.09633422642946243,0.14099399745464325,0.6109402775764465
hierarchical_mixture,1.0,2,cholesky,5,ode_transport,1024,0.005,1000,1,hier_k5,988,0.1814281940460205,-4.008760929107666,3.0927445888519287,164,0.666563868522644,0.5533961057662964,0.21342992782592773,0.30415084958076477
hierarchical_mixture,1.0,2,cholesky,5,ode_transport,1024,0.005,1000,1,hier_k5,989,0.1728072166442871,-3.939481019973755,2.548375368118286,152,0.4844995141029358,0.2029988020658493,0.23678646981716156,0.37076058983802795
hierarchical_mixture,1.0,2,cholesky,5,ode_transport,1024,0.005,1000,1,hier_k5,990,0.14449405670166016,-4.043592929840088,3.6585330963134766,128,0.8783730864524841,0.21315248310565948,0.2306300848722458,0.8203141093254089
hierarchical_mixture,1.0,2,cholesky,5,ode_transport,1024,0.005,1000,1,hier_k5,991,0.15123510360717773,-4.075317859649658,2.7563538551330566,140,0.6701517105102539,0.5128019452095032,0.1519143283367157,0.40380623936653137
hierarchical_mixture,1.0,2,cholesky,5,ode_transport,1024,0.005,1000,1,hier_k5,992,0.16649603843688965,-4.020237445831299,2.230699300765991,134,0.7903514504432678,0.3452301323413849,0.17952285706996918,0.687926709651947
hierarchical_mixture,1.0,2,cholesky,5,ode_transport,1024,0.005,1000,1,hier_k5,993,0.15825104713439941,-4.050822734832764,2.7235827445983887,152,1.228703498840332,0.7270602583885193,0.25654205679893494,0.9567036628723145
hierarchical_mixture,1.0,2,cholesky,5,ode_transport,1024,0.005,1000,1,hier_k5,994,0.13046503067016602,-3.8954055309295654,2.0624799728393555,140,0.3045383393764496,0.04067711904644966,0.15602949261665344,0.25834813714027405
hierarchical_mixture,1.0,2,cholesky,5,ode_transport,1024,0.005,1000,1,hier_k5,995,0.14038515090942383,-4.004867076873779,2.2921061515808105,146,0.7268369793891907,0.5939841270446777,0.1519642472267151,0.3903610408306122
hierarchical_mixture,1.0,2,cholesky,5,ode_transport,1024,0.005,1000,1,hier_k5,996,0.15962910652160645,-3.9535136222839355,2.7529542446136475,164,0.4397207796573639,0.1488933563232422,0.23739875853061676,0.33886125683784485
hierarchical_mixture,1.0,2,cholesky,5,ode_transport,1024,0.005,1000,1,hier_k5,997,0.15174126625061035,-4.0157952308654785,2.74003267288208,146,0.7639155983924866,0.31320151686668396,0.21266421675682068,0.6635102033615112
hierarchical_mixture,1.0,2,cholesky,5,ode_transport,1024,0.005,1000,1,hier_k5,998,0.15303707122802734,-3.8596038818359375,1.9254024028778076,140,0.5322972536087036,0.16769275069236755,0.3533855974674225,0.36102375388145447
hierarchical_mixture,1.0,2,cholesky,5,ode_transport,1024,0.005,1000,1,hier_k5,999,0.14544677734375,-3.9907636642456055,3.105504274368286,140,0.7015544772148132,0.28429365158081055,0.21378636360168457,0.6046910285949707
