target,target_Z,dim,chart,components,estimator,mc,lr,n_steps,seed,tag,step,wall_s,elbo,elbo_std,baseline_value,grad_norm,grad_norm_w,grad_norm_a,grad_norm_A
rosenbrock,1.0,2,cholesky,5,score_function,8192,0.02,1000,4,rosenbrock,0,0.020639896392822266,-3.531595230102539,6.344253063201904,0.0,6.145452976226807,0.36649665236473083,2.974879741668701,5.364920139312744
rosenbrock,1.0,2,cholesky,5,score_function,8192,0.02,1000,4,rosenbrock,1,0.005086183547973633,-3.0350537300109863,4.979639530181885,0.0,4.720470905303955,0.2936077415943146,2.3873064517974854,4.061700344085693
rosenbrock,1.0,2,cholesky,5,score_function,8192,0.02,1000,4,rosenbrock,2,0.005162954330444336,-2.6750900745391846,4.063912391662598,0.0,3.946819305419922,0.2203902304172516,1.8828771114349365,3.4617316722869873
rosenbrock,1.0,2,cholesky,5,score_function,8192,0.02,1000,4,rosenbrock,3,0.004393815994262695,-2.3625051975250244,3.1853644847869873,0.0,3.0421104431152344,0.14907845854759216,1.4079623222351074,2.6925554275512695
rosenbrock,1.0,2,cholesky,5,score_function,8192,0.02,1000,4,rosenbrock,4,0.0043599605560302734,-2.1595964431762695,2.5331268310546875,0.0,2.4799985885620117,0.11983953416347504,1.2071667909622192,2.1630489826202393
rosenbrock,1.0,2,cholesky,5,score_function,8192,0.02,1000,4,rosenbrock,5,0.0054171085357666016,-1.9828760623931885,2.0318174362182617,0.0,1.9636286497116089,0.07470586150884628,0.8792548179626465,1.7541857957839966
rosenbrock,1.0,2,cholesky,5,score_function,8192,0.02,1000,4,rosenbrock,6,0.0045130252838134766,-1.828760027885437,1.7041038274765015,0.0,1.5994945764541626,0.05888451263308525,0.6939626336097717,1.4399068355560303
rosenbrock,1.0,2,cholesky,5,score_function,8192,0.02,1000,4,rosenbrock,7,0.004575014114379883,-1.7467926740646362,1.4356046915054321,0.0,1.4525460004806519,0.04934295266866684,0.750147819519043,1.242872953414917
rosenbrock,1.0,2,cholesky,5,score_function,8192,0.02,1000,4,rosenbrock,8,0.004832029342651367,-1.6810641288757324,1.2432907819747925,0.0,1.2022426128387451,0.04367724061012268,0.6121805310249329,1.033786416053772
rosenbrock,1.0,2,cholesky,5,score_function,8192,0.02,1000,4,rosenbrock,9,0.004572153091430664,-1.6235606670379639,1.1096843481063843,0.0,1.0199657678604126,0.07310065627098083,0.6037077307701111,0.8188549876213074
rosenbrock,1.0,2,cholesky,5,score_function,8192,0.02,1000,4,rosenbrock,10,0.004360198974609375,-1.573785424232483,1.0067973136901855,0.0,0.9215400815010071,0.07950831204652786,0.5377092361450195,0.7441661953926086
rosenbrock,1.0,2,cholesky,5,score_function,8192,0.02,1000,4,rosenbrock,11,0.00503087043762207,-1.5312256813049316,0.8581649661064148,0.0,0.8834435939788818,0.09741553664207458,0.6137462258338928,0.6279318928718567
rosenbrock,1.0,2,cholesky,5,score_function,8192,0.02,1000,4,rosenbrock,12,0.004726886749267578,-1.5120949745178223,0.9073002934455872,0.0,0.8934631943702698,0.10635876655578613,0.6321699023246765,0.6223547458648682
rosenbrock,1.0,2,cholesky,5,score_function,8192,0.02,1000,4,rosenbrock,13,0.004996776580810547,-1.4841156005859375,0.77442467212677,0.0,0.8127110600471497,0.11274871230125427,0.6137083172798157,0.5207197070121765
rosenbrock,1.0,2,cholesky,5,score_function,8192,0.02,1000,4,rosenbrock,14,0.004805803298950195,-1.4712564945220947,0.734001636505127,0.0,0.814552903175354,0.1119527667760849,0.6105583310127258,0.5274291634559631
rosenbrock,1.0,2,cholesky,5,score_function,8192,0.02,1000,4,rosenbrock,15,0.005106925964355469,-1.4609558582305908,0.8173679113388062,0.0,0.8686354160308838,0.116829514503479,0.6135575175285339,0.6036765575408936
rosenbrock,1.0,2,cholesky,5,score_function,8192,0.02,1000,4,rosenbrock,16,0.004514932632446289,-1.4397997856140137,0.8371964693069458,0.0,0.8688647747039795,0.10587085038423538,0.6151478886604309,0.6044091582298279
rosenbrock,1.0,2,cholesky,5,score_function,8192,0.02,1000,4,rosenbrock,17,0.0048062801361083984,-1.4233012199401855,0.6634321808815002,0.0,0.8170443773269653,0.10519012808799744,0.6391786932945251,0.4979429244995117
rosenbrock,1.0,2,cholesky,5,score_function,8192,0.02,1000,4,rosenbrock,18,0.005083799362182617,-1.416805386543274,0.677405834197998,0.0,0.8202317953109741,0.09568215161561966,0.6466812491416931,0.4954073429107666
rosenbrock,1.0,2,cholesky,5,score_function,8192,0.02,1000,4,rosenbrock,19,0.004687070846557617,-1.4040753841400146,0.6314548850059509,0.0,0.7700477242469788,0.0799606665968895,0.6350914835929871,0.42806383967399597
rosenbrock,1.0,2,cholesky,5,score_function,8192,0.02,1000,4,rosenbrock,20,0.0046367645263671875,-1.4041258096694946,0.6131384372711182,0.0,0.7215090990066528,0.08937428146600723,0.6329551339149475,0.33459749817848206
rosenbrock,1.0,2,cholesky,5,score_function,8192,0.02,1000,4,rosenbrock,21,0.004884958267211914,-1.3720070123672485,0.6220166087150574,0.0,0.6680625081062317,0.07763755321502686,0.5177866816520691,0.4149419665336609
rosenbrock,1.0,2,cholesky,5,score_function,8192,0.02,1000,4,rosenbrock,22,0.004406929016113281,-1.3727731704711914,0.5849147439002991,0.0,0.6602498292922974,0.07248658686876297,0.532526969909668,0.3835239112377167
rosenbrock,1.0,2,cholesky,5,score_function,8192,0.02,1000,4,rosenbrock,23,0.004590034484863281,-1.361568570137024,0.6309754252433777,0.0,0.6559426188468933,0.06802401691675186,0.5264439582824707,0.3853442966938019
rosenbrock,1.0,2,cholesky,5,score_function,8192,0.02,1000,4,rosenbrock,24,0.0047838687896728516,-1.3612703084945679,0.58907550573349,0.0,0.595117449760437,0.06352470070123672,0.4783312976360321,0.3483225405216217
rosenbrock,1.0,2,cholesky,5,score_function,8192,0.02,1000,4,rosenbrock,25,0.0046880245208740234,-1.3400540351867676,0.6716861128807068,0.0,0.618344783782959,0.07323257625102997,0.437833309173584,0.4304524064064026
rosenbrock,1.0,2,cholesky,5,score_function,8192,0.02,1000,4,rosenbrock,26,0.004477977752685547,-1.3376208543777466,0.5810179710388184,0.0,0.515468418598175,0.05184797942638397,0.3614695966243744,0.36381205916404724
rosenbrock,1.0,2,cholesky,5,score_function,8192,0.02,1000,4,rosenbrock,27,0.004332780838012695,-1.3300151824951172,0.5962091088294983,0.0,0.5231000781059265,0.061085641384124756,0.3803909420967102,0.35384321212768555
rosenbrock,1.0,2,cholesky,5,score_function,8192,0.02,1000,4,rosenbrock,28,0.004766941070556641,-1.3124662637710571,0.5604878664016724,0.0,0.5163335800170898,0.060409341007471085,0.3470126986503601,0.37753570079803467
rosenbrock,1.0,2,cholesky,5,score_function,8192,0.02,1000,4,rosenbrock,29,0.004369020462036133,-1.3160539865493774,0.5560091137886047,0.0,0.5545157194137573,0.064361073076725,0.4407922327518463,0.3302235007286072
rosenbrock,1.0,2,cholesky,5,score_function,8192,0.02,1000,4,rosenbrock,30,0.004503011703491211,-1.2952710390090942,0.5737445950508118,0.0,0.5018438100814819,0.06067954748868942,0.3529735505580902,0.3515321910381317
rosenbrock,1.0,2,cholesky,5,score_function,8192,0.02,1000,4,rosenbrock,31,0.0042569637298583984,-1.2926406860351562,0.6559591889381409,0.0,0.5530408024787903,0.06387267261743546,0.3519090414047241,0.421822726726532
rosenbrock,1.0,2,cholesky,5,score_function,8192,0.02,1000,4,rosenbrock,32,0.0046389102935791016,-1.2750728130340576,0.5703177452087402,0.0,0.4714866280555725,0.06352843344211578,0.3133782148361206,0.3464936912059784
rosenbrock,1.0,2,cholesky,5,score_function,8192,0.02,1000,4,rosenbrock,33,0.0046122074127197266,-1.2581590414047241,0.6088534593582153,0.0,0.48864713311195374,0.0748816579580307,0.304104208946228,0.37508583068847656
rosenbrock,1.0,2,cholesky,5,score_function,8192,0.02,1000,4,rosenbrock,34,0.004869937896728516,-1.2604483366012573,0.5736781358718872,0.0,0.43529343605041504,0.06557071954011917,0.2700304090976715,0.3350588381290436
rosenbrock,1.0,2,cholesky,5,score_function,8192,0.02,1000,4,rosenbrock,35,0.0044820308685302734,-1.2658281326293945,0.5602266192436218,0.0,0.4241304397583008,0.06823725253343582,0.283173143863678,0.30829086899757385
rosenbrock,1.0,2,cholesky,5,score_function,8192,0.02,1000,4,rosenbrock,36,0.004513978958129883,-1.2422893047332764,0.6657457947731018,0.0,0.47806963324546814,0.0631730705499649,0.3513137400150299,0.31802263855934143
rosenbrock,1.0,2,cholesky,5,score_function,8192,0.02,1000,4,rosenbrock,37,0.0046880245208740234,-1.240673303604126,0.6330179572105408,0.0,0.5065510272979736,0.07151495665311813,0.3664977550506592,0.3422849178314209
rosenbrock,1.0,2,cholesky,5,score_function,8192,0.02,1000,4,rosenbrock,38,0.004553318023681641,-1.2205768823623657,0.5758816003799438,0.0,0.49357303977012634,0.053400665521621704,0.42450129985809326,0.24609217047691345
rosenbrock,1.0,2,cholesky,5,score_function,8192,0.02,1000,4,rosenbrock,39,0.004547119140625,-1.21019446849823,0.5814221501350403,0.0,0.43678274750709534,0.05362879857420921,0.3940466344356537,0.18063870072364807
rosenbrock,1.0,2,cholesky,5,score_function,8192,0.02,1000,4,rosenbrock,40,0.004603862762451172,-1.203944206237793,0.5967174768447876,0.0,0.45241087675094604,0.06646479666233063,0.3597527742385864,0.2661503255367279
rosenbrock,1.0,2,cholesky,5,score_function,8192,0.02,1000,4,rosenbrock,41,0.00462794303894043,-1.182277798652649,0.6096531748771667,0.0,0.41028881072998047,0.06254889816045761,0.3200177252292633,0.24902448058128357
rosenbrock,1.0,2,cholesky,5,score_function,8192,0.02,1000,4,rosenbrock,42,0.004635810852050781,-1.1757618188858032,0.6228388547897339,0.0,0.436654269695282,0.059227630496025085,0.35413554310798645,0.24848955869674683
rosenbrock,1.0,2,cholesky,5,score_function,8192,0.02,1000,4,rosenbrock,43,0.00444483757019043,-1.1731072664260864,0.5652547478675842,0.0,0.3562258780002594,0.05232056602835655,0.3021799325942993,0.18123671412467957
rosenbrock,1.0,2,cholesky,5,score_function,8192,0.02,1000,4,rosenbrock,44,0.004415988922119141,-1.1603131294250488,0.6293325424194336,0.0,0.36943596601486206,0.05000975728034973,0.3160178065299988,0.18470166623592377
rosenbrock,1.0,2,cholesky,5,score_function,8192,0.02,1000,4,rosenbrock,45,0.004308938980102539,-1.1616507768630981,0.586276650428772,0.0,0.3281613886356354,0.047985173761844635,0.29796648025512695,0.12885373830795288
rosenbrock,1.0,2,cholesky,5,score_function,8192,0.02,1000,4,rosenbrock,46,0.00432896614074707,-1.1492180824279785,0.5518458485603333,0.0,0.34395310282707214,0.052135784178972244,0.29573094844818115,0.16771650314331055
rosenbrock,1.0,2,cholesky,5,score_function,8192,0.02,1000,4,rosenbrock,47,0.004528999328613281,-1.1450194120407104,0.5652405023574829,0.0,0.37479448318481445,0.05053182691335678,0.3346429765224457,0.16103261709213257
rosenbrock,1.0,2,cholesky,5,score_function,8192,0.02,1000,4,rosenbrock,48,0.004315853118896484,-1.1425962448120117,0.6470369696617126,0.0,0.37517309188842773,0.04649993032217026,0.3344019651412964,0.16360904276371002
rosenbrock,1.0,2,cholesky,5,score_function,8192,0.02,1000,4,rosenbrock,49,0.004309177398681641,-1.1290696859359741,0.5743355751037598,0.0,0.3914593458175659,0.04239512234926224,0.27678176760673523,0.27355968952178955
rosenbrock,1.0,2,cholesky,5,score_function,8192,0.02,1000,4,rosenbrock,50,0.004415035247802734,-1.1231176853179932,0.5483983159065247,0.0,0.36220231652259827,0.042206961661577225,0.30163443088531494,0.19602493941783905
rosenbrock,1.0,2,cholesky,5,score_function,8192,0.02,1000,4,rosenbrock,51,0.004323005676269531,-1.1205224990844727,0.5379080772399902,0.0,0.29609978199005127,0.045672863721847534,0.2537733018398285,0.1455615907907486
rosenbrock,1.0,2,cholesky,5,score_function,8192,0.02,1000,4,rosenbrock,52,0.004920005798339844,-1.110809564590454,0.6807966232299805,0.0,0.36876076459884644,0.05287934094667435,0.3177247643470764,0.17955294251441956
rosenbrock,1.0,2,cholesky,5,score_function,8192,0.02,1000,4,rosenbrock,53,0.004441022872924805,-1.1055700778961182,0.598107099533081,0.0,0.38095059990882874,0.04179580509662628,0.3352656960487366,0.17599253356456757
rosenbrock,1.0,2,cholesky,5,score_function,8192,0.02,1000,4,rosenbrock,54,0.004678964614868164,-1.1019564867019653,0.6359233260154724,0.0,0.44191259145736694,0.04379960522055626,0.3244319558143616,0.29683706164360046
rosenbrock,1.0,2,cholesky,5,score_function,8192,0.02,1000,4,rosenbrock,55,0.004453182220458984,-1.0921343564987183,0.5504146218299866,0.0,0.37194064259529114,0.04846582189202309,0.3090496063232422,0.20119455456733704
rosenbrock,1.0,2,cholesky,5,score_function,8192,0.02,1000,4,rosenbrock,56,0.0047359466552734375,-1.1006757020950317,0.6216291189193726,0.0,0.3894774615764618,0.033328741788864136,0.2603032886981964,0.28779175877571106
rosenbrock,1.0,2,cholesky,5,score_function,8192,0.02,1000,4,rosenbrock,57,0.004400014877319336,-1.0817656517028809,0.6102287173271179,0.0,0.40997642278671265,0.0414963997900486,0.3288024067878723,0.24134564399719238
rosenbrock,1.0,2,cholesky,5,score_function,8192,0.02,1000,4,rosenbrock,58,0.0044820308685302734,-1.0954923629760742,0.7700358033180237,0.0,0.53721022605896,0.0452483631670475,0.3453673720359802,0.40898507833480835
rosenbrock,1.0,2,cholesky,5,score_function,8192,0.02,1000,4,rosenbrock,59,0.004799842834472656,-1.071258783340454,0.587962806224823,0.0,0.324301540851593,0.03160468116402626,0.2502739727497101,0.20380279421806335
rosenbrock,1.0,2,cholesky,5,score_function,8192,0.02,1000,4,rosenbrock,60,0.005321025848388672,-1.0631675720214844,0.5222024917602539,0.0,0.3659839928150177,0.03271056339144707,0.289407342672348,0.2216251641511917
rosenbrock,1.0,2,cholesky,5,score_function,8192,0.02,1000,4,rosenbrock,61,0.0052988529205322266,-1.058467149734497,0.5297077894210815,0.0,0.3088267147541046,0.03172798082232475,0.2391551434993744,0.19280065596103668
rosenbrock,1.0,2,cholesky,5,score_function,8192,0.02,1000,4,rosenbrock,62,0.004884958267211914,-1.0612151622772217,0.748548150062561,0.0,0.5205411911010742,0.028691578656435013,0.35305559635162354,0.3814336359500885
rosenbrock,1.0,2,cholesky,5,score_function,8192,0.02,1000,4,rosenbrock,63,0.004705190658569336,-1.04556143283844,0.5126405954360962,0.0,0.35493946075439453,0.04212497919797897,0.254313588142395,0.24399200081825256
rosenbrock,1.0,2,cholesky,5,score_function,8192,0.02,1000,4,rosenbrock,64,0.004626035690307617,-1.0403022766113281,0.538202702999115,0.0,0.30899283289909363,0.027697209268808365,0.23382551968097687,0.20008762180805206
rosenbrock,1.0,2,cholesky,5,score_function,8192,0.02,1000,4,rosenbrock,65,0.0044400691986083984,-1.0394084453582764,0.560029923915863,0.0,0.26095283031463623,0.01919618993997574,0.22285355627536774,0.13440309464931488
rosenbrock,1.0,2,cholesky,5,score_function,8192,0.02,1000,4,rosenbrock,66,0.004443168640136719,-1.0407648086547852,0.5285900831222534,0.0,0.3240150213241577,0.01122845709323883,0.2610216438770294,0.1916438341140747
rosenbrock,1.0,2,cholesky,5,score_function,8192,0.02,1000,4,rosenbrock,67,0.004309654235839844,-1.035193681716919,0.5423086881637573,0.0,0.33616554737091064,0.023176705464720726,0.2886578440666199,0.17072425782680511
rosenbrock,1.0,2,cholesky,5,score_function,8192,0.02,1000,4,rosenbrock,68,0.004712343215942383,-1.0405000448226929,0.5441376566886902,0.0,0.4202193319797516,0.020055115222930908,0.3764737546443939,0.185605987906456
rosenbrock,1.0,2,cholesky,5,score_function,8192,0.02,1000,4,rosenbrock,69,0.004439115524291992,-1.0198578834533691,0.4881153106689453,0.0,0.30354779958724976,0.022411493584513664,0.24416914582252502,0.1789424866437912
rosenbrock,1.0,2,cholesky,5,score_function,8192,0.02,1000,4,rosenbrock,70,0.004699230194091797,-1.0114538669586182,0.5289410352706909,0.0,0.2666719853878021,0.017586838454008102,0.24584029614925385,0.10181940346956253
rosenbrock,1.0,2,cholesky,5,score_function,8192,0.02,1000,4,rosenbrock,71,0.004940032958984375,-1.014829158782959,0.5975800156593323,0.0,0.28452175855636597,0.012925982475280762,0.20641592144966125,0.19539199769496918
rosenbrock,1.0,2,cholesky,5,score_function,8192,0.02,1000,4,rosenbrock,72,0.0049610137939453125,-1.0079758167266846,0.4826991856098175,0.0,0.2810736894607544,0.011343424208462238,0.2555297017097473,0.11652601510286331
rosenbrock,1.0,2,cholesky,5,score_function,8192,0.02,1000,4,rosenbrock,73,0.00456690788269043,-1.0189589262008667,0.6273212432861328,0.0,0.43257012963294983,0.018758218735456467,0.2698497176170349,0.33755913376808167
rosenbrock,1.0,2,cholesky,5,score_function,8192,0.02,1000,4,rosenbrock,74,0.004630088806152344,-1.0056791305541992,0.5221284031867981,0.0,0.2944415807723999,0.009267336688935757,0.2773381769657135,0.09845555573701859
rosenbrock,1.0,2,cholesky,5,score_function,8192,0.02,1000,4,rosenbrock,75,0.0054509639739990234,-0.9906827807426453,0.6223536133766174,0.0,0.4180685877799988,0.01442420482635498,0.2512701153755188,0.33382126688957214
rosenbrock,1.0,2,cholesky,5,score_function,8192,0.02,1000,4,rosenbrock,76,0.01090097427368164,-0.9937855005264282,0.5870846509933472,0.0,0.23233157396316528,0.013397753238677979,0.19803163409233093,0.12075569480657578
rosenbrock,1.0,2,cholesky,5,score_function,8192,0.02,1000,4,rosenbrock,77,0.013901948928833008,-0.9922745823860168,0.528480052947998,0.0,0.26035383343696594,0.016803933307528496,0.14472879469394684,0.2157668173313141
rosenbrock,1.0,2,cholesky,5,score_function,8192,0.02,1000,4,rosenbrock,78,0.004801034927368164,-0.9863171577453613,0.48009195923805237,0.0,0.2259555608034134,0.012046251446008682,0.19859616458415985,0.10709980130195618
rosenbrock,1.0,2,cholesky,5,score_function,8192,0.02,1000,4,rosenbrock,79,0.007551908493041992,-0.9866947531700134,0.5987073183059692,0.0,0.3689538240432739,0.016414599493145943,0.3036659061908722,0.2089127004146576
rosenbrock,1.0,2,cholesky,5,score_function,8192,0.02,1000,4,rosenbrock,80,0.004561185836791992,-0.9696784615516663,0.48047009110450745,0.0,0.2287636548280716,0.011994587257504463,0.17313364148139954,0.14904256165027618
rosenbrock,1.0,2,cholesky,5,score_function,8192,0.02,1000,4,rosenbrock,81,0.0067138671875,-0.989313006401062,0.48670732975006104,0.0,0.20938681066036224,0.023435253649950027,0.17799478769302368,0.10775656253099442
rosenbrock,1.0,2,cholesky,5,score_function,8192,0.02,1000,4,rosenbrock,82,0.00811004638671875,-0.9772081971168518,0.5629164576530457,0.0,0.2672663629055023,0.013988630846142769,0.23796674609184265,0.1208612471818924
rosenbrock,1.0,2,cholesky,5,score_function,8192,0.02,1000,4,rosenbrock,83,0.013489007949829102,-0.9675301313400269,0.513579785823822,0.0,0.31015992164611816,0.013561509549617767,0.2544603645801544,0.17681962251663208
rosenbrock,1.0,2,cholesky,5,score_function,8192,0.02,1000,4,rosenbrock,84,0.01409912109375,-0.9611181616783142,0.47546282410621643,0.0,0.22051435708999634,0.016797516494989395,0.19853875041007996,0.0944816842675209
rosenbrock,1.0,2,cholesky,5,score_function,8192,0.02,1000,4,rosenbrock,85,0.011812686920166016,-0.9557039141654968,0.4855959713459015,0.0,0.1897871345281601,0.010716496966779232,0.15057460963726044,0.11502870172262192
rosenbrock,1.0,2,cholesky,5,score_function,8192,0.02,1000,4,rosenbrock,86,0.005521297454833984,-0.9606561660766602,0.5510479807853699,0.0,0.23619867861270905,0.012233428657054901,0.16952113807201385,0.16402055323123932
rosenbrock,1.0,2,cholesky,5,score_function,8192,0.02,1000,4,rosenbrock,87,0.006104946136474609,-0.9660657048225403,0.5212019681930542,0.0,0.28687337040901184,0.01000961847603321,0.22770282626152039,0.17420552670955658
rosenbrock,1.0,2,cholesky,5,score_function,8192,0.02,1000,4,rosenbrock,88,0.005067110061645508,-0.9581363797187805,0.5551389455795288,0.0,0.22061508893966675,0.017070358619093895,0.20658481121063232,0.0755138024687767
rosenbrock,1.0,2,cholesky,5,score_function,8192,0.02,1000,4,rosenbrock,89,0.0047109127044677734,-0.9468815326690674,0.5154456496238708,0.0,0.1790928691625595,0.005439847242087126,0.14705859124660492,0.10207071155309677
rosenbrock,1.0,2,cholesky,5,score_function,8192,0.02,1000,4,rosenbrock,90,0.00960683822631836,-0.9529543519020081,0.5705129504203796,0.0,0.23607464134693146,0.012172646820545197,0.17436401546001434,0.1586829125881195
rosenbrock,1.0,2,cholesky,5,score_function,8192,0.02,1000,4,rosenbrock,91,0.006201982498168945,-0.9493328332901001,0.5332350134849548,0.0,0.23546303808689117,0.010228066705167294,0.1934211254119873,0.13388986885547638
rosenbrock,1.0,2,cholesky,5,score_function,8192,0.02,1000,4,rosenbrock,92,0.004572868347167969,-0.9367254972457886,0.47288432717323303,0.0,0.3066679835319519,0.009996260516345501,0.21753427386283875,0.21592631936073303
rosenbrock,1.0,2,cholesky,5,score_function,8192,0.02,1000,4,rosenbrock,93,0.02014303207397461,-0.9442983865737915,0.610738217830658,0.0,0.26473110914230347,0.016139909625053406,0.16370467841625214,0.2074195146560669
rosenbrock,1.0,2,cholesky,5,score_function,8192,0.02,1000,4,rosenbrock,94,0.008766889572143555,-0.9371098279953003,0.4951443672180176,0.0,0.2481665462255478,0.010017442516982555,0.22451628744602203,0.10525550693273544
rosenbrock,1.0,2,cholesky,5,score_function,8192,0.02,1000,4,rosenbrock,95,0.011667013168334961,-0.9456011652946472,0.6530821919441223,0.0,0.4233340919017792,0.012686358764767647,0.3502725660800934,0.2374025136232376
rosenbrock,1.0,2,cholesky,5,score_function,8192,0.02,1000,4,rosenbrock,96,0.00556492805480957,-0.9338849782943726,0.4841912090778351,0.0,0.2511611580848694,0.010609859600663185,0.16922879219055176,0.18528617918491364
rosenbrock,1.0,2,cholesky,5,score_function,8192,0.02,1000,4,rosenbrock,97,0.007111072540283203,-0.9313023090362549,0.5239298939704895,0.0,0.2485426962375641,0.01234417874366045,0.21928727626800537,0.11633653193712234
rosenbrock,1.0,2,cholesky,5,score_function,8192,0.02,1000,4,rosenbrock,98,0.0090179443359375,-0.9287329912185669,0.5217132568359375,0.0,0.22380834817886353,0.008369343355298042,0.18970723450183868,0.1184537410736084
rosenbrock,1.0,2,cholesky,5,score_function,8192,0.02,1000,4,rosenbrock,99,0.008970975875854492,-0.92622309923172,0.4985235929489136,0.0,0.20633119344711304,0.009230286814272404,0.12412875890731812,0.16455824673175812
rosenbrock,1.0,2,cholesky,5,score_function,8192,0.02,1000,4,rosenbrock,100,0.00464320182800293,-0.9322079420089722,0.4971308410167694,0.0,0.2626025378704071,0.012927218340337276,0.1691957265138626,0.2004140317440033
rosenbrock,1.0,2,cholesky,5,score_function,8192,0.02,1000,4,rosenbrock,101,0.009807825088500977,-0.9255104064941406,0.47072890400886536,0.0,0.1835431456565857,0.009410666301846504,0.14588063955307007,0.11098814010620117
rosenbrock,1.0,2,cholesky,5,score_function,8192,0.02,1000,4,rosenbrock,102,0.006634950637817383,-0.9166132807731628,0.5080192685127258,0.0,0.22026284039020538,0.010257246904075146,0.16876515746116638,0.14116953313350677
rosenbrock,1.0,2,cholesky,5,score_function,8192,0.02,1000,4,rosenbrock,103,0.004778146743774414,-0.9138761162757874,0.49826112389564514,0.0,0.19235029816627502,0.017993787303566933,0.1355631947517395,0.1352681666612625
rosenbrock,1.0,2,cholesky,5,score_function,8192,0.02,1000,4,rosenbrock,104,0.005088090896606445,-0.92049241065979,0.48195791244506836,0.0,0.1687246710062027,0.017140094190835953,0.14634524285793304,0.08220283687114716
rosenbrock,1.0,2,cholesky,5,score_function,8192,0.02,1000,4,rosenbrock,105,0.004415988922119141,-0.9157483577728271,0.49663245677948,0.0,0.2525017559528351,0.009467034600675106,0.1627178192138672,0.19284820556640625
rosenbrock,1.0,2,cholesky,5,score_function,8192,0.02,1000,4,rosenbrock,106,0.00457000732421875,-0.9207626581192017,0.49962300062179565,0.0,0.19980785250663757,0.01665349304676056,0.17685073614120483,0.09148582816123962
rosenbrock,1.0,2,cholesky,5,score_function,8192,0.02,1000,4,rosenbrock,107,0.005002021789550781,-0.9167406558990479,0.4820135831832886,0.0,0.23663558065891266,0.025076881051063538,0.17568650841712952,0.15653051435947418
rosenbrock,1.0,2,cholesky,5,score_function,8192,0.02,1000,4,rosenbrock,108,0.0045318603515625,-0.9030669331550598,0.45519790053367615,0.0,0.26788532733917236,0.01122902799397707,0.2035790979862213,0.17375849187374115
rosenbrock,1.0,2,cholesky,5,score_function,8192,0.02,1000,4,rosenbrock,109,0.004748106002807617,-0.9175964593887329,0.5642732977867126,0.0,0.2692573666572571,0.015257353894412518,0.20923735201358795,0.16877932846546173
rosenbrock,1.0,2,cholesky,5,score_function,8192,0.02,1000,4,rosenbrock,110,0.004633903503417969,-0.9005731344223022,0.5343107581138611,0.0,0.21949949860572815,0.011111872270703316,0.13407523930072784,0.1734369993209839
rosenbrock,1.0,2,cholesky,5,score_function,8192,0.02,1000,4,rosenbrock,111,0.004732847213745117,-0.8990634679794312,0.49946144223213196,0.0,0.22756852209568024,0.004795394372195005,0.15366709232330322,0.16778218746185303
rosenbrock,1.0,2,cholesky,5,score_function,8192,0.02,1000,4,rosenbrock,112,0.004555940628051758,-0.9006293416023254,0.4821989834308624,0.0,0.18833257257938385,0.00579545833170414,0.171373188495636,0.07788966596126556
rosenbrock,1.0,2,cholesky,5,score_function,8192,0.02,1000,4,rosenbrock,113,0.004813671112060547,-0.8904064297676086,0.48918622732162476,0.0,0.17149753868579865,0.007348746061325073,0.12322144955396652,0.11905407160520554
rosenbrock,1.0,2,cholesky,5,score_function,8192,0.02,1000,4,rosenbrock,114,0.005039215087890625,-0.8992496132850647,0.5257525444030762,0.0,0.21671611070632935,0.010148700326681137,0.1832493394613266,0.11524997651576996
rosenbrock,1.0,2,cholesky,5,score_function,8192,0.02,1000,4,rosenbrock,115,0.004666328430175781,-0.9072571396827698,0.5650714635848999,0.0,0.23824451863765717,0.017937786877155304,0.17926836013793945,0.15588951110839844
rosenbrock,1.0,2,cholesky,5,score_function,8192,0.02,1000,4,rosenbrock,116,0.004591941833496094,-0.8893200755119324,0.45521512627601624,0.0,0.22694097459316254,0.008022340014576912,0.15700002014636993,0.16367296874523163
rosenbrock,1.0,2,cholesky,5,score_function,8192,0.02,1000,4,rosenbrock,117,0.005251169204711914,-0.8889877796173096,0.5448498129844666,0.0,0.16849035024642944,0.009267889894545078,0.13697771728038788,0.09767398983240128
rosenbrock,1.0,2,cholesky,5,score_function,8192,0.02,1000,4,rosenbrock,118,0.0047528743743896484,-0.8821666240692139,0.518514096736908,0.0,0.21111147105693817,0.00989682599902153,0.1561441719532013,0.14173604547977448
rosenbrock,1.0,2,cholesky,5,score_function,8192,0.02,1000,4,rosenbrock,119,0.004495859146118164,-0.8934935331344604,0.5268324613571167,0.0,0.2646068036556244,0.012942980043590069,0.14632874727249146,0.22008444368839264
rosenbrock,1.0,2,cholesky,5,score_function,8192,0.02,1000,4,rosenbrock,120,0.0045320987701416016,-0.8991456031799316,0.5586816072463989,0.0,0.2544054687023163,0.008070080541074276,0.2111644446849823,0.14165659248828888
rosenbrock,1.0,2,cholesky,5,score_function,8192,0.02,1000,4,rosenbrock,121,0.00494384765625,-0.8739836812019348,0.554169774055481,0.0,0.2003108114004135,0.012078722938895226,0.17345142364501953,0.09946418553590775
rosenbrock,1.0,2,cholesky,5,score_function,8192,0.02,1000,4,rosenbrock,122,0.004725933074951172,-0.8834481239318848,0.5304970145225525,0.0,0.25150951743125916,0.00945137720555067,0.18976828455924988,0.1647898405790329
rosenbrock,1.0,2,cholesky,5,score_function,8192,0.02,1000,4,rosenbrock,123,0.004518747329711914,-0.8896925449371338,0.555260956287384,0.0,0.36839166283607483,0.0026945883873850107,0.27051568031311035,0.25005286931991577
rosenbrock,1.0,2,cholesky,5,score_function,8192,0.02,1000,4,rosenbrock,124,0.0045239925384521484,-0.8972036838531494,0.561908483505249,0.0,0.31961748003959656,0.01972147263586521,0.20717324316501617,0.24258121848106384
rosenbrock,1.0,2,cholesky,5,score_function,8192,0.02,1000,4,rosenbrock,125,0.004951000213623047,-0.8784846067428589,0.5150444507598877,0.0,0.2284109741449356,0.010226611979305744,0.2046649008989334,0.10089235752820969
rosenbrock,1.0,2,cholesky,5,score_function,8192,0.02,1000,4,rosenbrock,126,0.004685640335083008,-0.8703007698059082,0.4756107032299042,0.0,0.17744161188602448,0.00977872684597969,0.12485217303037643,0.12570534646511078
rosenbrock,1.0,2,cholesky,5,score_function,8192,0.02,1000,4,rosenbrock,127,0.00490117073059082,-0.8737544417381287,0.497494637966156,0.0,0.1716298907995224,0.011601272970438004,0.1626492291688919,0.05354861170053482
rosenbrock,1.0,2,cholesky,5,score_function,8192,0.02,1000,4,rosenbrock,128,0.004830360412597656,-0.8827183246612549,0.59307861328125,0.0,0.34720760583877563,0.012322699651122093,0.2880733907222748,0.19342957437038422
rosenbrock,1.0,2,cholesky,5,score_function,8192,0.02,1000,4,rosenbrock,129,0.004565000534057617,-0.878254771232605,0.5164633989334106,0.0,0.13636714220046997,0.00843574944883585,0.12491166591644287,0.05405472218990326
rosenbrock,1.0,2,cholesky,5,score_function,8192,0.02,1000,4,rosenbrock,130,0.004414081573486328,-0.8732216358184814,0.532146692276001,0.0,0.15600676834583282,0.00866609625518322,0.11493898928165436,0.1051286906003952
rosenbrock,1.0,2,cholesky,5,score_function,8192,0.02,1000,4,rosenbrock,131,0.0044667720794677734,-0.8639116287231445,0.4751715064048767,0.0,0.28082919120788574,0.012351476587355137,0.09245168417692184,0.26488709449768066
rosenbrock,1.0,2,cholesky,5,score_function,8192,0.02,1000,4,rosenbrock,132,0.004394054412841797,-0.874853789806366,0.541851818561554,0.0,0.20023928582668304,0.012704266235232353,0.17392563819885254,0.09840856492519379
rosenbrock,1.0,2,cholesky,5,score_function,8192,0.02,1000,4,rosenbrock,133,0.00507807731628418,-0.8696489930152893,0.5543348789215088,0.0,0.2504115402698517,0.006000111810863018,0.24387113749980927,0.05654045566916466
rosenbrock,1.0,2,cholesky,5,score_function,8192,0.02,1000,4,rosenbrock,134,0.0046539306640625,-0.8796286582946777,0.6410897970199585,0.0,0.3587602376937866,0.015492119826376438,0.2830779552459717,0.219853937625885
rosenbrock,1.0,2,cholesky,5,score_function,8192,0.02,1000,4,rosenbrock,135,0.004683017730712891,-0.867504894733429,0.5532700419425964,0.0,0.18672636151313782,0.013082386925816536,0.1720007061958313,0.07149361819028854
rosenbrock,1.0,2,cholesky,5,score_function,8192,0.02,1000,4,rosenbrock,136,0.004426002502441406,-0.8763564229011536,0.6575415134429932,0.0,0.2970993220806122,0.010255950503051281,0.1692449152469635,0.24396513402462006
rosenbrock,1.0,2,cholesky,5,score_function,8192,0.02,1000,4,rosenbrock,137,0.0045928955078125,-0.8614658117294312,0.5050046443939209,0.0,0.12316365540027618,0.006465314421802759,0.1061798706650734,0.06207512319087982
rosenbrock,1.0,2,cholesky,5,score_function,8192,0.02,1000,4,rosenbrock,138,0.004465818405151367,-0.8717232346534729,0.5594820976257324,0.0,0.474831223487854,0.0053228456526994705,0.39198413491249084,0.2679268717765808
rosenbrock,1.0,2,cholesky,5,score_function,8192,0.02,1000,4,rosenbrock,139,0.00498509407043457,-0.8591434359550476,0.49008849263191223,0.0,0.20053115487098694,0.008550679311156273,0.19209210574626923,0.05692325159907341
rosenbrock,1.0,2,cholesky,5,score_function,8192,0.02,1000,4,rosenbrock,140,0.004698991775512695,-0.8574537634849548,0.46408578753471375,0.0,0.26442191004753113,0.0046238889917731285,0.23641963303089142,0.11833571642637253
rosenbrock,1.0,2,cholesky,5,score_function,8192,0.02,1000,4,rosenbrock,141,0.00479578971862793,-0.861767053604126,0.5074794292449951,0.0,0.14555390179157257,0.01274512056261301,0.11233416199684143,0.0916762575507164
rosenbrock,1.0,2,cholesky,5,score_function,8192,0.02,1000,4,rosenbrock,142,0.00440669059753418,-0.8527272939682007,0.4419834017753601,0.0,0.2507368326187134,0.008528896607458591,0.1728619933128357,0.18142473697662354
rosenbrock,1.0,2,cholesky,5,score_function,8192,0.02,1000,4,rosenbrock,143,0.004672050476074219,-0.854697048664093,0.46552425622940063,0.0,0.18745747208595276,0.0056007481180131435,0.15490283071994781,0.10542318969964981
rosenbrock,1.0,2,cholesky,5,score_function,8192,0.02,1000,4,rosenbrock,144,0.004611015319824219,-0.8578876256942749,0.5750423073768616,0.0,0.24036027491092682,0.007371045183390379,0.1884118914604187,0.14906269311904907
rosenbrock,1.0,2,cholesky,5,score_function,8192,0.02,1000,4,rosenbrock,145,0.004842996597290039,-0.8571339249610901,0.5125828385353088,0.0,0.3055254817008972,0.008645824156701565,0.2661095857620239,0.1498558521270752
rosenbrock,1.0,2,cholesky,5,score_function,8192,0.02,1000,4,rosenbrock,146,0.004470109939575195,-0.8428832292556763,0.4610779583454132,0.0,0.18962828814983368,0.005430702585726976,0.16400423645973206,0.09503684937953949
rosenbrock,1.0,2,cholesky,5,score_function,8192,0.02,1000,4,rosenbrock,147,0.004494190216064453,-0.844590961933136,0.4387708604335785,0.0,0.24406538903713226,0.008839815855026245,0.19040966033935547,0.1524268537759781
rosenbrock,1.0,2,cholesky,5,score_function,8192,0.02,1000,4,rosenbrock,148,0.0049381256103515625,-0.8419009447097778,0.4814675748348236,0.0,0.21863561868667603,0.008536187000572681,0.1624789983034134,0.14604532718658447
rosenbrock,1.0,2,cholesky,5,score_function,8192,0.02,1000,4,rosenbrock,149,0.004708051681518555,-0.8433377742767334,0.5749565362930298,0.0,0.3438981771469116,0.009581862948834896,0.22809576988220215,0.25718954205513
rosenbrock,1.0,2,cholesky,5,score_function,8192,0.02,1000,4,rosenbrock,150,0.004411935806274414,-0.8615869879722595,0.7130829691886902,0.0,0.3775569498538971,0.009833506308495998,0.22530631721019745,0.3028029501438141
rosenbrock,1.0,2,cholesky,5,score_function,8192,0.02,1000,4,rosenbrock,151,0.004849910736083984,-0.8420528173446655,0.47707268595695496,0.0,0.23994089663028717,0.01105646975338459,0.212429478764534,0.11100945621728897
rosenbrock,1.0,2,cholesky,5,score_function,8192,0.02,1000,4,rosenbrock,152,0.004647970199584961,-0.844334065914154,0.4868186414241791,0.0,0.20453424751758575,0.009655848145484924,0.15177223086357117,0.13677068054676056
rosenbrock,1.0,2,cholesky,5,score_function,8192,0.02,1000,4,rosenbrock,153,0.004523038864135742,-0.845939040184021,0.47296351194381714,0.0,0.1426672637462616,0.007118818815797567,0.10812976211309433,0.0927966833114624
rosenbrock,1.0,2,cholesky,5,score_function,8192,0.02,1000,4,rosenbrock,154,0.00437617301940918,-0.8425958156585693,0.49484947323799133,0.0,0.1366416960954666,0.007172704208642244,0.11508750915527344,0.07331009209156036
rosenbrock,1.0,2,cholesky,5,score_function,8192,0.02,1000,4,rosenbrock,155,0.0046329498291015625,-0.8398725986480713,0.5025371313095093,0.0,0.20343594253063202,0.0017524035647511482,0.1039203628897667,0.17488187551498413
rosenbrock,1.0,2,cholesky,5,score_function,8192,0.02,1000,4,rosenbrock,156,0.0046999454498291016,-0.8311493396759033,0.44182226061820984,0.0,0.21724317967891693,0.008289164863526821,0.17390544712543488,0.12993375957012177
rosenbrock,1.0,2,cholesky,5,score_function,8192,0.02,1000,4,rosenbrock,157,0.004748106002807617,-0.8352800607681274,0.49949976801872253,0.0,0.24434077739715576,0.0036278527695685625,0.1685556024312973,0.1768566370010376
rosenbrock,1.0,2,cholesky,5,score_function,8192,0.02,1000,4,rosenbrock,158,0.0047910213470458984,-0.8374759554862976,0.5253136157989502,0.0,0.1819687783718109,0.006256452761590481,0.12081921100616455,0.1359272301197052
rosenbrock,1.0,2,cholesky,5,score_function,8192,0.02,1000,4,rosenbrock,159,0.004614114761352539,-0.8265718817710876,0.4454908072948456,0.0,0.15170200169086456,0.008954997174441814,0.09277185797691345,0.11969415098428726
rosenbrock,1.0,2,cholesky,5,score_function,8192,0.02,1000,4,rosenbrock,160,0.004479885101318359,-0.8382012844085693,0.5408173203468323,0.0,0.26529425382614136,0.013287556357681751,0.16981445252895355,0.20339009165763855
rosenbrock,1.0,2,cholesky,5,score_function,8192,0.02,1000,4,rosenbrock,161,0.00467991828918457,-0.8346295356750488,0.5437268018722534,0.0,0.19109809398651123,0.013503948226571083,0.128058061003685,0.14119938015937805
rosenbrock,1.0,2,cholesky,5,score_function,8192,0.02,1000,4,rosenbrock,162,0.00446319580078125,-0.8326536417007446,0.5114669799804688,0.0,0.1543712615966797,0.00762076023966074,0.11830953508615494,0.09886994957923889
rosenbrock,1.0,2,cholesky,5,score_function,8192,0.02,1000,4,rosenbrock,163,0.00461125373840332,-0.8323727250099182,0.45032212138175964,0.0,0.14980924129486084,0.005646996200084686,0.1273757368326187,0.07865332067012787
rosenbrock,1.0,2,cholesky,5,score_function,8192,0.02,1000,4,rosenbrock,164,0.004687070846557617,-0.836793839931488,0.5871536731719971,0.0,0.29176580905914307,0.009998643770813942,0.18405893445014954,0.22616282105445862
rosenbrock,1.0,2,cholesky,5,score_function,8192,0.02,1000,4,rosenbrock,165,0.004345893859863281,-0.8323075771331787,0.6071010231971741,0.0,0.2498040497303009,0.006932124495506287,0.1394086331129074,0.20716960728168488
rosenbrock,1.0,2,cholesky,5,score_function,8192,0.02,1000,4,rosenbrock,166,0.0043811798095703125,-0.8365023136138916,0.5443801283836365,0.0,0.15605206787586212,0.008292113430798054,0.10902920365333557,0.11133788526058197
rosenbrock,1.0,2,cholesky,5,score_function,8192,0.02,1000,4,rosenbrock,167,0.004355192184448242,-0.836504340171814,0.5579134821891785,0.0,0.1951376497745514,0.006022782064974308,0.10039472579956055,0.16722239553928375
rosenbrock,1.0,2,cholesky,5,score_function,8192,0.02,1000,4,rosenbrock,168,0.004901885986328125,-0.8202083706855774,0.508671224117279,0.0,0.19853843748569489,0.010825243778526783,0.1423414647579193,0.13798271119594574
rosenbrock,1.0,2,cholesky,5,score_function,8192,0.02,1000,4,rosenbrock,169,0.004380941390991211,-0.8148900866508484,0.45718467235565186,0.0,0.2336830198764801,0.014265388250350952,0.098234623670578,0.21155191957950592
rosenbrock,1.0,2,cholesky,5,score_function,8192,0.02,1000,4,rosenbrock,170,0.004744052886962891,-0.8299850225448608,0.5406923890113831,0.0,0.23812013864517212,0.005471785087138414,0.19452109932899475,0.13723264634609222
rosenbrock,1.0,2,cholesky,5,score_function,8192,0.02,1000,4,rosenbrock,171,0.004372119903564453,-0.8246281147003174,0.47410136461257935,0.0,0.16755758225917816,0.006459434051066637,0.13360942900180817,0.1009075790643692
rosenbrock,1.0,2,cholesky,5,score_function,8192,0.02,1000,4,rosenbrock,172,0.0045659542083740234,-0.8202036619186401,0.5680519342422485,0.0,0.27718690037727356,0.011160425841808319,0.11186671257019043,0.25336506962776184
rosenbrock,1.0,2,cholesky,5,score_function,8192,0.02,1000,4,rosenbrock,173,0.004388093948364258,-0.8305833339691162,0.5288109183311462,0.0,0.19061820209026337,0.004546159412711859,0.16984672844409943,0.08641017228364944
rosenbrock,1.0,2,cholesky,5,score_function,8192,0.02,1000,4,rosenbrock,174,0.005164146423339844,-0.8169175386428833,0.525451123714447,0.0,0.2734842002391815,0.006042758468538523,0.24841925501823425,0.11421463638544083
rosenbrock,1.0,2,cholesky,5,score_function,8192,0.02,1000,4,rosenbrock,175,0.004954814910888672,-0.8336626291275024,0.5032589435577393,0.0,0.2970432639122009,0.018315108492970467,0.2251221090555191,0.19292302429676056
rosenbrock,1.0,2,cholesky,5,score_function,8192,0.02,1000,4,rosenbrock,176,0.004931211471557617,-0.8127304315567017,0.5132160186767578,0.0,0.20981231331825256,0.015137621201574802,0.12756454944610596,0.16588954627513885
rosenbrock,1.0,2,cholesky,5,score_function,8192,0.02,1000,4,rosenbrock,177,0.004399299621582031,-0.8188958764076233,0.5601319670677185,0.0,0.2849675118923187,0.014594358392059803,0.246676504611969,0.14193019270896912
rosenbrock,1.0,2,cholesky,5,score_function,8192,0.02,1000,4,rosenbrock,178,0.004725217819213867,-0.8102396726608276,0.5222232937812805,0.0,0.18672214448451996,0.006447324994951487,0.10319823771715164,0.15547901391983032
rosenbrock,1.0,2,cholesky,5,score_function,8192,0.02,1000,4,rosenbrock,179,0.0050411224365234375,-0.8067697882652283,0.5334820747375488,0.0,0.24555639922618866,0.011149866506457329,0.19065095484256744,0.1543562412261963
rosenbrock,1.0,2,cholesky,5,score_function,8192,0.02,1000,4,rosenbrock,180,0.004747152328491211,-0.810772180557251,0.5232093930244446,0.0,0.2436017394065857,0.006956839002668858,0.14459465444087982,0.19592294096946716
rosenbrock,1.0,2,cholesky,5,score_function,8192,0.02,1000,4,rosenbrock,181,0.004656076431274414,-0.8099702000617981,0.5328181982040405,0.0,0.2595292329788208,0.0035516784992069006,0.184222012758255,0.1827705353498459
rosenbrock,1.0,2,cholesky,5,score_function,8192,0.02,1000,4,rosenbrock,182,0.004486799240112305,-0.8070972561836243,0.5190072059631348,0.0,0.1777735948562622,0.00516038853675127,0.1253322809934616,0.1259707808494568
rosenbrock,1.0,2,cholesky,5,score_function,8192,0.02,1000,4,rosenbrock,183,0.004403114318847656,-0.8107510209083557,0.5246638655662537,0.0,0.14042526483535767,0.009490304626524448,0.13030827045440674,0.051467861980199814
rosenbrock,1.0,2,cholesky,5,score_function,8192,0.02,1000,4,rosenbrock,184,0.004590272903442383,-0.8067336082458496,0.5251398086547852,0.0,0.20091599225997925,0.0018776706419885159,0.1793425977230072,0.09055351465940475
rosenbrock,1.0,2,cholesky,5,score_function,8192,0.02,1000,4,rosenbrock,185,0.005177974700927734,-0.813988447189331,0.4805116057395935,0.0,0.15290755033493042,0.009608329273760319,0.11273514479398727,0.1028551235795021
rosenbrock,1.0,2,cholesky,5,score_function,8192,0.02,1000,4,rosenbrock,186,0.004739999771118164,-0.8016836047172546,0.5419313311576843,0.0,0.1856301724910736,0.00996587797999382,0.11135504394769669,0.14818668365478516
rosenbrock,1.0,2,cholesky,5,score_function,8192,0.02,1000,4,rosenbrock,187,0.004502058029174805,-0.8082306385040283,0.5126956105232239,0.0,0.12804043292999268,0.012820007279515266,0.09498107433319092,0.08490342646837234
rosenbrock,1.0,2,cholesky,5,score_function,8192,0.02,1000,4,rosenbrock,188,0.004658937454223633,-0.8071656823158264,0.5423806309700012,0.0,0.2441045194864273,0.012484036386013031,0.1725223809480667,0.17224165797233582
rosenbrock,1.0,2,cholesky,5,score_function,8192,0.02,1000,4,rosenbrock,189,0.004581928253173828,-0.7988249063491821,0.5335253477096558,0.0,0.2125014364719391,0.00393011886626482,0.1933826059103012,0.08800334483385086
rosenbrock,1.0,2,cholesky,5,score_function,8192,0.02,1000,4,rosenbrock,190,0.00468134880065918,-0.8004816770553589,0.492529958486557,0.0,0.173110231757164,0.0077313329093158245,0.14332297444343567,0.09677758067846298
rosenbrock,1.0,2,cholesky,5,score_function,8192,0.02,1000,4,rosenbrock,191,0.004754066467285156,-0.802029013633728,0.48236748576164246,0.0,0.2607154846191406,0.008564169518649578,0.12637825310230255,0.22787660360336304
rosenbrock,1.0,2,cholesky,5,score_function,8192,0.02,1000,4,rosenbrock,192,0.004937887191772461,-0.8045781850814819,0.5198820233345032,0.0,0.26660260558128357,0.0038020845968276262,0.17516689002513885,0.2009453922510147
rosenbrock,1.0,2,cholesky,5,score_function,8192,0.02,1000,4,rosenbrock,193,0.0049610137939453125,-0.8004792928695679,0.5359109044075012,0.0,0.40581101179122925,0.015108071267604828,0.1858426332473755,0.36043983697891235
rosenbrock,1.0,2,cholesky,5,score_function,8192,0.02,1000,4,rosenbrock,194,0.004621744155883789,-0.8004820942878723,0.5430892705917358,0.0,0.14896534383296967,0.005832498427480459,0.09104105830192566,0.11776325851678848
rosenbrock,1.0,2,cholesky,5,score_function,8192,0.02,1000,4,rosenbrock,195,0.004731178283691406,-0.7918287515640259,0.5103790760040283,0.0,0.15151259303092957,0.006563215050846338,0.12292107194662094,0.08833687752485275
rosenbrock,1.0,2,cholesky,5,score_function,8192,0.02,1000,4,rosenbrock,196,0.004876852035522461,-0.8017386794090271,0.534321665763855,0.0,0.15991203486919403,0.00393006531521678,0.09878268837928772,0.12569166719913483
rosenbrock,1.0,2,cholesky,5,score_function,8192,0.02,1000,4,rosenbrock,197,0.004667758941650391,-0.7928735017776489,0.527837872505188,0.0,0.3177732825279236,0.002998736221343279,0.2320050299167633,0.21712790429592133
rosenbrock,1.0,2,cholesky,5,score_function,8192,0.02,1000,4,rosenbrock,198,0.004644155502319336,-0.798827052116394,0.5379696488380432,0.0,0.33635514974594116,0.0049757687374949455,0.2734260559082031,0.19582705199718475
rosenbrock,1.0,2,cholesky,5,score_function,8192,0.02,1000,4,rosenbrock,199,0.004458189010620117,-0.793316125869751,0.5007709264755249,0.0,0.20861351490020752,0.012254859320819378,0.09835714846849442,0.183562770485878
rosenbrock,1.0,2,cholesky,5,score_function,8192,0.02,1000,4,rosenbrock,200,0.004652976989746094,-0.7958978414535522,0.5434187054634094,0.0,0.15988695621490479,0.014500575140118599,0.10765883326530457,0.11731643229722977
rosenbrock,1.0,2,cholesky,5,score_function,8192,0.02,1000,4,rosenbrock,201,0.004565000534057617,-0.805249810218811,0.5934996008872986,0.0,0.27182137966156006,0.015137548558413982,0.20368485152721405,0.1793605238199234
rosenbrock,1.0,2,cholesky,5,score_function,8192,0.02,1000,4,rosenbrock,202,0.004800081253051758,-0.7947496175765991,0.5503265261650085,0.0,0.42702746391296387,0.006012590602040291,0.401928573846817,0.14411713182926178
rosenbrock,1.0,2,cholesky,5,score_function,8192,0.02,1000,4,rosenbrock,203,0.0046122074127197266,-0.7878218293190002,0.4967004656791687,0.0,0.2107430398464203,0.006975432857871056,0.13752108812332153,0.15953660011291504
rosenbrock,1.0,2,cholesky,5,score_function,8192,0.02,1000,4,rosenbrock,204,0.004664182662963867,-0.7977982759475708,0.5224794745445251,0.0,0.31763309240341187,0.011729913763701916,0.114110067486763,0.29619601368904114
rosenbrock,1.0,2,cholesky,5,score_function,8192,0.02,1000,4,rosenbrock,205,0.0048639774322509766,-0.7875729203224182,0.6019043326377869,0.0,0.23970937728881836,0.00397100392729044,0.18393084406852722,0.1536693274974823
rosenbrock,1.0,2,cholesky,5,score_function,8192,0.02,1000,4,rosenbrock,206,0.0046842098236083984,-0.7861388921737671,0.568472683429718,0.0,0.33625510334968567,0.0136024234816432,0.31559208035469055,0.11525667458772659
rosenbrock,1.0,2,cholesky,5,score_function,8192,0.02,1000,4,rosenbrock,207,0.0049571990966796875,-0.7903837561607361,0.5719062685966492,0.0,0.16560210287570953,0.002952746581286192,0.14882534742355347,0.07256964594125748
rosenbrock,1.0,2,cholesky,5,score_function,8192,0.02,1000,4,rosenbrock,208,0.004714012145996094,-0.7907133102416992,0.48543256521224976,0.0,0.29615986347198486,0.0074877082370221615,0.2751736640930176,0.10924316197633743
rosenbrock,1.0,2,cholesky,5,score_function,8192,0.02,1000,4,rosenbrock,209,0.004559993743896484,-0.7863731384277344,0.53309166431427,0.0,0.21717314422130585,0.006128862965852022,0.201067715883255,0.08184365928173065
rosenbrock,1.0,2,cholesky,5,score_function,8192,0.02,1000,4,rosenbrock,210,0.0045719146728515625,-0.781902551651001,0.49228551983833313,0.0,0.20422431826591492,0.00575197022408247,0.16922548413276672,0.11418063938617706
rosenbrock,1.0,2,cholesky,5,score_function,8192,0.02,1000,4,rosenbrock,211,0.0048770904541015625,-0.7947192788124084,0.6006039381027222,0.0,0.32296931743621826,0.00491461344063282,0.22416692972183228,0.2324526011943817
rosenbrock,1.0,2,cholesky,5,score_function,8192,0.02,1000,4,rosenbrock,212,0.004814863204956055,-0.7884470820426941,0.5304700136184692,0.0,0.3027738630771637,0.005712048150599003,0.2772029638290405,0.12164659798145294
rosenbrock,1.0,2,cholesky,5,score_function,8192,0.02,1000,4,rosenbrock,213,0.004880189895629883,-0.7936903834342957,0.5365779399871826,0.0,0.2794032394886017,0.007689401973038912,0.15049155056476593,0.23528563976287842
rosenbrock,1.0,2,cholesky,5,score_function,8192,0.02,1000,4,rosenbrock,214,0.004601955413818359,-0.7841950058937073,0.5281506776809692,0.0,0.15176886320114136,0.009928681887686253,0.08449703454971313,0.12567999958992004
rosenbrock,1.0,2,cholesky,5,score_function,8192,0.02,1000,4,rosenbrock,215,0.005154848098754883,-0.7800446152687073,0.5243746638298035,0.0,0.23180754482746124,0.00879910308867693,0.1316765546798706,0.19057439267635345
rosenbrock,1.0,2,cholesky,5,score_function,8192,0.02,1000,4,rosenbrock,216,0.004709959030151367,-0.7877344489097595,0.5465000867843628,0.0,0.32934847474098206,0.005412605125457048,0.3148135840892792,0.0966101586818695
rosenbrock,1.0,2,cholesky,5,score_function,8192,0.02,1000,4,rosenbrock,217,0.0046236515045166016,-0.7890201210975647,0.5372211337089539,0.0,0.2924090027809143,0.006449022330343723,0.22796542942523956,0.18301145732402802
rosenbrock,1.0,2,cholesky,5,score_function,8192,0.02,1000,4,rosenbrock,218,0.004643678665161133,-0.7870150804519653,0.6114121675491333,0.0,0.2535191476345062,0.010658987797796726,0.1490192711353302,0.2048209011554718
rosenbrock,1.0,2,cholesky,5,score_function,8192,0.02,1000,4,rosenbrock,219,0.0051116943359375,-0.7780417799949646,0.5126441121101379,0.0,0.23544760048389435,0.01133245974779129,0.11826318502426147,0.20327559113502502
rosenbrock,1.0,2,cholesky,5,score_function,8192,0.02,1000,4,rosenbrock,220,0.0046117305755615234,-0.7773040533065796,0.5701417326927185,0.0,0.25058072805404663,0.008123461157083511,0.15055857598781586,0.2001420259475708
rosenbrock,1.0,2,cholesky,5,score_function,8192,0.02,1000,4,rosenbrock,221,0.004703044891357422,-0.775521457195282,0.5109643936157227,0.0,0.1518070250749588,0.0031090814154595137,0.1063506156206131,0.10828321427106857
rosenbrock,1.0,2,cholesky,5,score_function,8192,0.02,1000,4,rosenbrock,222,0.005012989044189453,-0.7724782824516296,0.5621384382247925,0.0,0.2654407322406769,0.0037819757126271725,0.18141619861125946,0.19373337924480438
rosenbrock,1.0,2,cholesky,5,score_function,8192,0.02,1000,4,rosenbrock,223,0.0047817230224609375,-0.7761719822883606,0.48868313431739807,0.0,0.11756648868322372,0.008417611941695213,0.09161366522312164,0.07319807261228561
rosenbrock,1.0,2,cholesky,5,score_function,8192,0.02,1000,4,rosenbrock,224,0.004475831985473633,-0.7708665132522583,0.5331924557685852,0.0,0.25693637132644653,0.010801678523421288,0.19386424124240875,0.1682744175195694
rosenbrock,1.0,2,cholesky,5,score_function,8192,0.02,1000,4,rosenbrock,225,0.004968881607055664,-0.7866984009742737,0.5651751160621643,0.0,0.3262295722961426,0.00610692473128438,0.28470543026924133,0.15915793180465698
rosenbrock,1.0,2,cholesky,5,score_function,8192,0.02,1000,4,rosenbrock,226,0.004723787307739258,-0.7883970737457275,0.7131438255310059,0.0,0.3864250183105469,0.005968728102743626,0.1781996339559555,0.34283173084259033
rosenbrock,1.0,2,cholesky,5,score_function,8192,0.02,1000,4,rosenbrock,227,0.0050029754638671875,-0.7714452743530273,0.6173359155654907,0.0,0.7243999242782593,0.004188897553831339,0.3523891568183899,0.632897675037384
rosenbrock,1.0,2,cholesky,5,score_function,8192,0.02,1000,4,rosenbrock,228,0.00507807731628418,-0.7707464694976807,0.5025688409805298,0.0,0.21581979095935822,0.005779789760708809,0.18268983066082,0.11475716531276703
rosenbrock,1.0,2,cholesky,5,score_function,8192,0.02,1000,4,rosenbrock,229,0.005498170852661133,-0.7827808856964111,0.5787030458450317,0.0,0.4041685461997986,0.010052683763206005,0.38252246379852295,0.13010653853416443
rosenbrock,1.0,2,cholesky,5,score_function,8192,0.02,1000,4,rosenbrock,230,0.004629611968994141,-0.7751978635787964,0.5342263579368591,0.0,0.1948201209306717,0.0027058611158281565,0.13995546102523804,0.13549919426441193
rosenbrock,1.0,2,cholesky,5,score_function,8192,0.02,1000,4,rosenbrock,231,0.004887580871582031,-0.7751586437225342,0.4880458116531372,0.0,0.2504969537258148,0.005367175675928593,0.10695936530828476,0.22645002603530884
rosenbrock,1.0,2,cholesky,5,score_function,8192,0.02,1000,4,rosenbrock,232,0.004745006561279297,-0.7828134298324585,0.5494424700737,0.0,0.4441828727722168,0.0073092239908874035,0.2829379439353943,0.3423318862915039
rosenbrock,1.0,2,cholesky,5,score_function,8192,0.02,1000,4,rosenbrock,233,0.005059003829956055,-0.7600095868110657,0.4843185245990753,0.0,0.303659588098526,0.006598283536732197,0.1910087615251541,0.23596876859664917
rosenbrock,1.0,2,cholesky,5,score_function,8192,0.02,1000,4,rosenbrock,234,0.0045032501220703125,-0.7670588493347168,0.5624619722366333,0.0,0.6415788531303406,0.010129623115062714,0.4191058278083801,0.48566561937332153
rosenbrock,1.0,2,cholesky,5,score_function,8192,0.02,1000,4,rosenbrock,235,0.004547119140625,-0.7715179920196533,0.5081802010536194,0.0,0.29082608222961426,0.005547166336327791,0.21888865530490875,0.19140739738941193
rosenbrock,1.0,2,cholesky,5,score_function,8192,0.02,1000,4,rosenbrock,236,0.004539966583251953,-0.7694987058639526,0.5281522274017334,0.0,0.3281742036342621,0.01477590762078762,0.31863853335380554,0.07713271677494049
rosenbrock,1.0,2,cholesky,5,score_function,8192,0.02,1000,4,rosenbrock,237,0.005064964294433594,-0.7726470828056335,0.5593708753585815,0.0,0.2498566210269928,0.008242459036409855,0.23694689571857452,0.07884516566991806
rosenbrock,1.0,2,cholesky,5,score_function,8192,0.02,1000,4,rosenbrock,238,0.004891872406005859,-0.7651076912879944,0.5336484313011169,0.0,0.35451802611351013,0.007729699835181236,0.19037607312202454,0.2989652454853058
rosenbrock,1.0,2,cholesky,5,score_function,8192,0.02,1000,4,rosenbrock,239,0.004724025726318359,-0.7719528675079346,0.5000696182250977,0.0,0.3141932189464569,0.005735008977353573,0.2868299186229706,0.12811358273029327
rosenbrock,1.0,2,cholesky,5,score_function,8192,0.02,1000,4,rosenbrock,240,0.004549980163574219,-0.7704723477363586,0.5273145437240601,0.0,0.23821939527988434,0.009105236269533634,0.14228208363056183,0.1908438801765442
rosenbrock,1.0,2,cholesky,5,score_function,8192,0.02,1000,4,rosenbrock,241,0.004736185073852539,-0.7747304439544678,0.5476813912391663,0.0,0.354215532541275,0.004462109412997961,0.2270645648241043,0.2718278765678406
rosenbrock,1.0,2,cholesky,5,score_function,8192,0.02,1000,4,rosenbrock,242,0.004418134689331055,-0.7709687352180481,0.55652916431427,0.0,0.29020556807518005,0.01391618698835373,0.16980186104774475,0.23493176698684692
rosenbrock,1.0,2,cholesky,5,score_function,8192,0.02,1000,4,rosenbrock,243,0.004677295684814453,-0.7542475461959839,0.47406527400016785,0.0,0.15784716606140137,0.008766177110373974,0.0926872044801712,0.12746749818325043
rosenbrock,1.0,2,cholesky,5,score_function,8192,0.02,1000,4,rosenbrock,244,0.004685163497924805,-0.7696233987808228,0.5424396991729736,0.0,0.2880716025829315,0.007259462494403124,0.16492091119289398,0.23607973754405975
rosenbrock,1.0,2,cholesky,5,score_function,8192,0.02,1000,4,rosenbrock,245,0.004770994186401367,-0.7627673745155334,0.5515843629837036,0.0,0.22507764399051666,0.008327899500727654,0.1715504378080368,0.1454683095216751
rosenbrock,1.0,2,cholesky,5,score_function,8192,0.02,1000,4,rosenbrock,246,0.004703044891357422,-0.7638422250747681,0.5533310174942017,0.0,0.2414909303188324,0.01670115813612938,0.17107059061527252,0.16962836682796478
rosenbrock,1.0,2,cholesky,5,score_function,8192,0.02,1000,4,rosenbrock,247,0.004636049270629883,-0.7602349519729614,0.49633052945137024,0.0,0.3451899290084839,0.010654747486114502,0.2586910128593445,0.22830139100551605
rosenbrock,1.0,2,cholesky,5,score_function,8192,0.02,1000,4,rosenbrock,248,0.004975318908691406,-0.7596411108970642,0.5256938338279724,0.0,0.35562577843666077,0.00418290589004755,0.2637559771537781,0.2385057508945465
rosenbrock,1.0,2,cholesky,5,score_function,8192,0.02,1000,4,rosenbrock,249,0.004561901092529297,-0.7594103217124939,0.4992271959781647,0.0,0.30180248618125916,0.008605565875768661,0.14981074631214142,0.26185381412506104
rosenbrock,1.0,2,cholesky,5,score_function,8192,0.02,1000,4,rosenbrock,250,0.004751920700073242,-0.747644305229187,0.5063849687576294,0.0,0.20057423412799835,0.003296863753348589,0.17229539155960083,0.10263258218765259
rosenbrock,1.0,2,cholesky,5,score_function,8192,0.02,1000,4,rosenbrock,251,0.00478816032409668,-0.7571730613708496,0.5479674935340881,0.0,0.3562515676021576,0.011822547763586044,0.33928659558296204,0.10798154026269913
rosenbrock,1.0,2,cholesky,5,score_function,8192,0.02,1000,4,rosenbrock,252,0.00513005256652832,-0.7535226941108704,0.49034374952316284,0.0,0.32970112562179565,0.008882499299943447,0.23997840285301208,0.22590768337249756
rosenbrock,1.0,2,cholesky,5,score_function,8192,0.02,1000,4,rosenbrock,253,0.0044748783111572266,-0.7657274007797241,0.591767430305481,0.0,0.2760655879974365,0.0073777553625404835,0.20135506987571716,0.18871650099754333
rosenbrock,1.0,2,cholesky,5,score_function,8192,0.02,1000,4,rosenbrock,254,0.004456996917724609,-0.753955602645874,0.4742639660835266,0.0,0.21636034548282623,0.0070935944095253944,0.19690430164337158,0.08938778191804886
rosenbrock,1.0,2,cholesky,5,score_function,8192,0.02,1000,4,rosenbrock,255,0.0044748783111572266,-0.756095290184021,0.49145060777664185,0.0,0.28952163457870483,0.009835985489189625,0.24942386150360107,0.1466757357120514
rosenbrock,1.0,2,cholesky,5,score_function,8192,0.02,1000,4,rosenbrock,256,0.0048258304595947266,-0.7460928559303284,0.5499365329742432,0.0,0.40601620078086853,0.007504161912947893,0.1724231243133545,0.36750930547714233
rosenbrock,1.0,2,cholesky,5,score_function,8192,0.02,1000,4,rosenbrock,257,0.004994630813598633,-0.7462412118911743,0.5028759241104126,0.0,0.3042939305305481,0.011336724273860455,0.2473715990781784,0.17684334516525269
rosenbrock,1.0,2,cholesky,5,score_function,8192,0.02,1000,4,rosenbrock,258,0.004547119140625,-0.7496080994606018,0.5213256478309631,0.0,0.3488647937774658,0.0059706722386181355,0.19088897109031677,0.2919458746910095
rosenbrock,1.0,2,cholesky,5,score_function,8192,0.02,1000,4,rosenbrock,259,0.004622220993041992,-0.7515542507171631,0.5512984395027161,0.0,0.2718554437160492,0.014588382095098495,0.2128814309835434,0.16844598948955536
rosenbrock,1.0,2,cholesky,5,score_function,8192,0.02,1000,4,rosenbrock,260,0.004605770111083984,-0.7590788006782532,0.6412851810455322,0.0,0.23616640269756317,0.008830062113702297,0.16529206931591034,0.16844919323921204
rosenbrock,1.0,2,cholesky,5,score_function,8192,0.02,1000,4,rosenbrock,261,0.004873991012573242,-0.7266119122505188,0.4777911901473999,0.0,0.24116942286491394,0.012076216749846935,0.1840295046567917,0.15540271997451782
rosenbrock,1.0,2,cholesky,5,score_function,8192,0.02,1000,4,rosenbrock,262,0.004688262939453125,-0.7386522889137268,0.515328586101532,0.0,0.23134899139404297,0.009106975980103016,0.19689413905143738,0.12112854421138763
rosenbrock,1.0,2,cholesky,5,score_function,8192,0.02,1000,4,rosenbrock,263,0.004679203033447266,-0.7525502443313599,0.6316222548484802,0.0,0.29211652278900146,0.011619673110544682,0.18356484174728394,0.22693826258182526
rosenbrock,1.0,2,cholesky,5,score_function,8192,0.02,1000,4,rosenbrock,264,0.0046901702880859375,-0.7397817373275757,0.520667552947998,0.0,0.28684139251708984,0.008006562478840351,0.1952490359544754,0.20998024940490723
rosenbrock,1.0,2,cholesky,5,score_function,8192,0.02,1000,4,rosenbrock,265,0.004563808441162109,-0.7419151663780212,0.6916804313659668,0.0,0.27992692589759827,0.016384804621338844,0.19366960227489471,0.20145151019096375
rosenbrock,1.0,2,cholesky,5,score_function,8192,0.02,1000,4,rosenbrock,266,0.004521846771240234,-0.7318334579467773,0.45511680841445923,0.0,0.17652441561222076,0.009408671408891678,0.1409441977739334,0.10586348921060562
rosenbrock,1.0,2,cholesky,5,score_function,8192,0.02,1000,4,rosenbrock,267,0.004414081573486328,-0.746953010559082,0.5343289375305176,0.0,0.1794663667678833,0.014467470347881317,0.10546388477087021,0.14448612928390503
rosenbrock,1.0,2,cholesky,5,score_function,8192,0.02,1000,4,rosenbrock,268,0.004405975341796875,-0.7312577962875366,0.5140100717544556,0.0,0.21593785285949707,0.012935539707541466,0.14178252220153809,0.1623562127351761
rosenbrock,1.0,2,cholesky,5,score_function,8192,0.02,1000,4,rosenbrock,269,0.004913330078125,-0.7476245164871216,0.5407506227493286,0.0,0.1749078780412674,0.010934151709079742,0.11450662463903427,0.13176283240318298
rosenbrock,1.0,2,cholesky,5,score_function,8192,0.02,1000,4,rosenbrock,270,0.004737138748168945,-0.730431318283081,0.4824497401714325,0.0,0.15961499512195587,0.00936078280210495,0.12627378106117249,0.09718156605958939
rosenbrock,1.0,2,cholesky,5,score_function,8192,0.02,1000,4,rosenbrock,271,0.004781961441040039,-0.7361831068992615,0.4613947868347168,0.0,0.2004157155752182,0.00924429390579462,0.12552283704280853,0.15596480667591095
rosenbrock,1.0,2,cholesky,5,score_function,8192,0.02,1000,4,rosenbrock,272,0.004423856735229492,-0.7424980998039246,0.5892654657363892,0.0,0.41904908418655396,0.01205974631011486,0.19103939831256866,0.37277424335479736
rosenbrock,1.0,2,cholesky,5,score_function,8192,0.02,1000,4,rosenbrock,273,0.004990816116333008,-0.7372322082519531,0.547947347164154,0.0,0.22211512923240662,0.012531336396932602,0.163474440574646,0.14984726905822754
rosenbrock,1.0,2,cholesky,5,score_function,8192,0.02,1000,4,rosenbrock,274,0.004712104797363281,-0.7335993051528931,0.5020119547843933,0.0,0.2581339478492737,0.01249597780406475,0.09297330677509308,0.2404847890138626
rosenbrock,1.0,2,cholesky,5,score_function,8192,0.02,1000,4,rosenbrock,275,0.004850864410400391,-0.7359187006950378,0.5364048480987549,0.0,0.16162000596523285,0.014423150569200516,0.12179546058177948,0.10525617748498917
rosenbrock,1.0,2,cholesky,5,score_function,8192,0.02,1000,4,rosenbrock,276,0.004614114761352539,-0.7174928188323975,0.4371497631072998,0.0,0.28425395488739014,0.011617460288107395,0.25886106491088867,0.11686012148857117
rosenbrock,1.0,2,cholesky,5,score_function,8192,0.02,1000,4,rosenbrock,277,0.0048410892486572266,-0.7289388179779053,0.48722609877586365,0.0,0.2344927042722702,0.01136575173586607,0.1633487492799759,0.16785360872745514
rosenbrock,1.0,2,cholesky,5,score_function,8192,0.02,1000,4,rosenbrock,278,0.0044629573822021484,-0.7267892360687256,0.4885052442550659,0.0,0.16920970380306244,0.011347271502017975,0.14428192377090454,0.08766920864582062
rosenbrock,1.0,2,cholesky,5,score_function,8192,0.02,1000,4,rosenbrock,279,0.004875898361206055,-0.7170764803886414,0.48119309544563293,0.0,0.16063115000724792,0.013436584733426571,0.12834784388542175,0.09564860165119171
rosenbrock,1.0,2,cholesky,5,score_function,8192,0.02,1000,4,rosenbrock,280,0.004737138748168945,-0.7279917597770691,0.4965372383594513,0.0,0.20108895003795624,0.017223132774233818,0.1496652364730835,0.1331932693719864
rosenbrock,1.0,2,cholesky,5,score_function,8192,0.02,1000,4,rosenbrock,281,0.004778861999511719,-0.7347005009651184,0.69252610206604,0.0,0.246006578207016,0.019923394545912743,0.15753382444381714,0.18789729475975037
rosenbrock,1.0,2,cholesky,5,score_function,8192,0.02,1000,4,rosenbrock,282,0.004734992980957031,-0.7156054377555847,0.518049955368042,0.0,0.2919675409793854,0.008205081336200237,0.1468833088874817,0.25219640135765076
rosenbrock,1.0,2,cholesky,5,score_function,8192,0.02,1000,4,rosenbrock,283,0.005090951919555664,-0.728407621383667,0.6317534446716309,0.0,0.3297622799873352,0.013204505667090416,0.16439387202262878,0.28555816411972046
rosenbrock,1.0,2,cholesky,5,score_function,8192,0.02,1000,4,rosenbrock,284,0.004360198974609375,-0.7285639047622681,0.5199872255325317,0.0,0.19272597134113312,0.0126509303227067,0.1341167539358139,0.13782578706741333
rosenbrock,1.0,2,cholesky,5,score_function,8192,0.02,1000,4,rosenbrock,285,0.004786014556884766,-0.7158912420272827,0.4723218083381653,0.0,0.23543742299079895,0.008426275104284286,0.1728338748216629,0.15965035557746887
rosenbrock,1.0,2,cholesky,5,score_function,8192,0.02,1000,4,rosenbrock,286,0.0045931339263916016,-0.7262697815895081,0.5444108247756958,0.0,0.281110942363739,0.014997628517448902,0.16728734970092773,0.22541821002960205
rosenbrock,1.0,2,cholesky,5,score_function,8192,0.02,1000,4,rosenbrock,287,0.004875898361206055,-0.7183256149291992,0.4543972909450531,0.0,0.16404899954795837,0.012798529118299484,0.14227429032325745,0.08066162467002869
rosenbrock,1.0,2,cholesky,5,score_function,8192,0.02,1000,4,rosenbrock,288,0.004851818084716797,-0.7130151391029358,0.5486081838607788,0.0,0.2781051695346832,0.015196453779935837,0.0821957141160965,0.2652459740638733
rosenbrock,1.0,2,cholesky,5,score_function,8192,0.02,1000,4,rosenbrock,289,0.0045969486236572266,-0.7085554599761963,0.4593874216079712,0.0,0.23592695593833923,0.012327549047768116,0.08347708731889725,0.22032052278518677
rosenbrock,1.0,2,cholesky,5,score_function,8192,0.02,1000,4,rosenbrock,290,0.004391193389892578,-0.7239434719085693,0.5787950158119202,0.0,0.29788345098495483,0.01672936975955963,0.2025430053472519,0.21778663992881775
rosenbrock,1.0,2,cholesky,5,score_function,8192,0.02,1000,4,rosenbrock,291,0.004588127136230469,-0.7118299603462219,0.47967246174812317,0.0,0.2183641940355301,0.016226448118686676,0.18157674372196198,0.12020614743232727
rosenbrock,1.0,2,cholesky,5,score_function,8192,0.02,1000,4,rosenbrock,292,0.00488591194152832,-0.7204395532608032,0.45067304372787476,0.0,0.28044191002845764,0.017322886735200882,0.22882179915905,0.16120842099189758
rosenbrock,1.0,2,cholesky,5,score_function,8192,0.02,1000,4,rosenbrock,293,0.0047397613525390625,-0.70682293176651,0.5389314293861389,0.0,0.1596270054578781,0.013786710798740387,0.09979189932346344,0.12382359057664871
rosenbrock,1.0,2,cholesky,5,score_function,8192,0.02,1000,4,rosenbrock,294,0.004700899124145508,-0.7057411074638367,0.4216005206108093,0.0,0.14784736931324005,0.007908966392278671,0.10371465981006622,0.10506932437419891
rosenbrock,1.0,2,cholesky,5,score_function,8192,0.02,1000,4,rosenbrock,295,0.004743099212646484,-0.709693193435669,0.4738733470439911,0.0,0.18195660412311554,0.012746332213282585,0.11284519731998444,0.142167866230011
rosenbrock,1.0,2,cholesky,5,score_function,8192,0.02,1000,4,rosenbrock,296,0.004425048828125,-0.7054139971733093,0.49972087144851685,0.0,0.2540844976902008,0.013731522485613823,0.2146953046321869,0.13518986105918884
rosenbrock,1.0,2,cholesky,5,score_function,8192,0.02,1000,4,rosenbrock,297,0.004708051681518555,-0.7141861915588379,0.48069655895233154,0.0,0.2612665891647339,0.009887625463306904,0.1204322949051857,0.23164309561252594
rosenbrock,1.0,2,cholesky,5,score_function,8192,0.02,1000,4,rosenbrock,298,0.0044689178466796875,-0.706826388835907,0.4545164704322815,0.0,0.2912578582763672,0.005197934806346893,0.28330519795417786,0.06739643961191177
rosenbrock,1.0,2,cholesky,5,score_function,8192,0.02,1000,4,rosenbrock,299,0.004743099212646484,-0.7118321061134338,0.5113018155097961,0.0,0.3402772843837738,0.01634184829890728,0.3031313717365265,0.1537301242351532
rosenbrock,1.0,2,cholesky,5,score_function,8192,0.02,1000,4,rosenbrock,300,0.0049610137939453125,-0.7000632286071777,0.483167439699173,0.0,0.2524475157260895,0.01026881393045187,0.19497150182724,0.16003254055976868
rosenbrock,1.0,2,cholesky,5,score_function,8192,0.02,1000,4,rosenbrock,301,0.004934072494506836,-0.701858639717102,0.4332038462162018,0.0,0.14261765778064728,0.010251392610371113,0.08729637414216995,0.11231225728988647
rosenbrock,1.0,2,cholesky,5,score_function,8192,0.02,1000,4,rosenbrock,302,0.004765033721923828,-0.7025717496871948,0.4478955864906311,0.0,0.1981768012046814,0.012522057630121708,0.1854233741760254,0.06881440430879593
rosenbrock,1.0,2,cholesky,5,score_function,8192,0.02,1000,4,rosenbrock,303,0.004689931869506836,-0.6979635953903198,0.4525758624076843,0.0,0.2537732720375061,0.009833917021751404,0.22754314541816711,0.11192981153726578
rosenbrock,1.0,2,cholesky,5,score_function,8192,0.02,1000,4,rosenbrock,304,0.004951953887939453,-0.709433376789093,0.5434556603431702,0.0,0.26477211713790894,0.01265337411314249,0.20293979346752167,0.16958655416965485
rosenbrock,1.0,2,cholesky,5,score_function,8192,0.02,1000,4,rosenbrock,305,0.004723072052001953,-0.7125458717346191,0.5126981139183044,0.0,0.11189539730548859,0.01067028846591711,0.08922206610441208,0.0666794404387474
rosenbrock,1.0,2,cholesky,5,score_function,8192,0.02,1000,4,rosenbrock,306,0.0049610137939453125,-0.6942602396011353,0.4353547692298889,0.0,0.18612228333950043,0.00848429836332798,0.08667692542076111,0.1644890159368515
rosenbrock,1.0,2,cholesky,5,score_function,8192,0.02,1000,4,rosenbrock,307,0.004472017288208008,-0.6981022953987122,0.4778072237968445,0.0,0.2606380581855774,0.008569116704165936,0.15998905897140503,0.20557789504528046
rosenbrock,1.0,2,cholesky,5,score_function,8192,0.02,1000,4,rosenbrock,308,0.004438638687133789,-0.7014667391777039,0.5062492489814758,0.0,0.21681486070156097,0.013977708294987679,0.16844475269317627,0.13579276204109192
rosenbrock,1.0,2,cholesky,5,score_function,8192,0.02,1000,4,rosenbrock,309,0.0045680999755859375,-0.7024020552635193,0.4934585988521576,0.0,0.2898813486099243,0.007603954058140516,0.14494578540325165,0.2509264647960663
rosenbrock,1.0,2,cholesky,5,score_function,8192,0.02,1000,4,rosenbrock,310,0.005266904830932617,-0.6991897225379944,0.469899982213974,0.0,0.20643405616283417,0.016245773062109947,0.11913993209600449,0.16779981553554535
rosenbrock,1.0,2,cholesky,5,score_function,8192,0.02,1000,4,rosenbrock,311,0.004945993423461914,-0.7061517834663391,0.5803189873695374,0.0,0.2864263355731964,0.01121943723410368,0.21723289787769318,0.18634386360645294
rosenbrock,1.0,2,cholesky,5,score_function,8192,0.02,1000,4,rosenbrock,312,0.004648923873901367,-0.7026653289794922,0.4781412184238434,0.0,0.36325153708457947,0.014780760742723942,0.24637499451637268,0.26651936769485474
rosenbrock,1.0,2,cholesky,5,score_function,8192,0.02,1000,4,rosenbrock,313,0.00482487678527832,-0.6970025897026062,0.505200982093811,0.0,0.19025684893131256,0.005673271603882313,0.10197710990905762,0.16051837801933289
rosenbrock,1.0,2,cholesky,5,score_function,8192,0.02,1000,4,rosenbrock,314,0.004453182220458984,-0.6947536468505859,0.46387219429016113,0.0,0.1434137523174286,0.007096230983734131,0.10950080305337906,0.09234024584293365
rosenbrock,1.0,2,cholesky,5,score_function,8192,0.02,1000,4,rosenbrock,315,0.004616260528564453,-0.6960285902023315,0.556545078754425,0.0,0.3644736111164093,0.009809447452425957,0.2565784156322479,0.25867411494255066
rosenbrock,1.0,2,cholesky,5,score_function,8192,0.02,1000,4,rosenbrock,316,0.005139827728271484,-0.6991999745368958,0.4455629289150238,0.0,0.14636296033859253,0.009939067997038364,0.09049734473228455,0.1146017536520958
rosenbrock,1.0,2,cholesky,5,score_function,8192,0.02,1000,4,rosenbrock,317,0.004751920700073242,-0.6918962597846985,0.5054579973220825,0.0,0.2001190185546875,0.006359410472214222,0.14294569194316864,0.13990604877471924
rosenbrock,1.0,2,cholesky,5,score_function,8192,0.02,1000,4,rosenbrock,318,0.0046460628509521484,-0.6950451135635376,0.4547196626663208,0.0,0.1205449104309082,0.006110358517616987,0.08943074196577072,0.08059702813625336
rosenbrock,1.0,2,cholesky,5,score_function,8192,0.02,1000,4,rosenbrock,319,0.004641056060791016,-0.693930983543396,0.43678775429725647,0.0,0.11276700347661972,0.00934763066470623,0.08258375525474548,0.07621641457080841
rosenbrock,1.0,2,cholesky,5,score_function,8192,0.02,1000,4,rosenbrock,320,0.004951000213623047,-0.6892898082733154,0.4356192350387573,0.0,0.1627294272184372,0.006715581752359867,0.1068509891629219,0.12255052477121353
rosenbrock,1.0,2,cholesky,5,score_function,8192,0.02,1000,4,rosenbrock,321,0.004639863967895508,-0.6917206645011902,0.4725809693336487,0.0,0.1599392294883728,0.006908956915140152,0.11647737771272659,0.10938850790262222
rosenbrock,1.0,2,cholesky,5,score_function,8192,0.02,1000,4,rosenbrock,322,0.004792928695678711,-0.6964852809906006,0.5160698890686035,0.0,0.1622963547706604,0.009704853408038616,0.13005682826042175,0.09659785032272339
rosenbrock,1.0,2,cholesky,5,score_function,8192,0.02,1000,4,rosenbrock,323,0.004714012145996094,-0.6879935264587402,0.46332627534866333,0.0,0.1262497752904892,0.007820659317076206,0.11177003383636475,0.058183345943689346
rosenbrock,1.0,2,cholesky,5,score_function,8192,0.02,1000,4,rosenbrock,324,0.004600048065185547,-0.6958393454551697,0.5264133214950562,0.0,0.27504488825798035,0.00940284039825201,0.21113140881061554,0.17602500319480896
rosenbrock,1.0,2,cholesky,5,score_function,8192,0.02,1000,4,rosenbrock,325,0.004759073257446289,-0.6853414177894592,0.464884489774704,0.0,0.1444133073091507,0.003933397121727467,0.11412543058395386,0.08840315043926239
rosenbrock,1.0,2,cholesky,5,score_function,8192,0.02,1000,4,rosenbrock,326,0.004724025726318359,-0.6889048218727112,0.468718558549881,0.0,0.2298046350479126,0.009883623570203781,0.19688674807548523,0.1181020736694336
rosenbrock,1.0,2,cholesky,5,score_function,8192,0.02,1000,4,rosenbrock,327,0.004955291748046875,-0.6885291337966919,0.41130396723747253,0.0,0.2041013091802597,0.008524336852133274,0.18119509518146515,0.09355755895376205
rosenbrock,1.0,2,cholesky,5,score_function,8192,0.02,1000,4,rosenbrock,328,0.004751920700073242,-0.6947903633117676,0.6627240180969238,0.0,0.1812790036201477,0.012566512450575829,0.12358797341585159,0.1320233941078186
rosenbrock,1.0,2,cholesky,5,score_function,8192,0.02,1000,4,rosenbrock,329,0.004705905914306641,-0.6806203126907349,0.48207101225852966,0.0,0.2622973918914795,0.013789421878755093,0.09678411483764648,0.2433980256319046
rosenbrock,1.0,2,cholesky,5,score_function,8192,0.02,1000,4,rosenbrock,330,0.004728794097900391,-0.6905427575111389,0.44312363862991333,0.0,0.23514211177825928,0.004861500579863787,0.21636907756328583,0.09193803369998932
rosenbrock,1.0,2,cholesky,5,score_function,8192,0.02,1000,4,rosenbrock,331,0.004575014114379883,-0.6843632459640503,0.48366349935531616,0.0,0.34116438031196594,0.007530991453677416,0.29056069254875183,0.17863626778125763
rosenbrock,1.0,2,cholesky,5,score_function,8192,0.02,1000,4,rosenbrock,332,0.0047149658203125,-0.6850157976150513,0.464659184217453,0.0,0.274133563041687,0.007030687760561705,0.16382558643817902,0.21968376636505127
rosenbrock,1.0,2,cholesky,5,score_function,8192,0.02,1000,4,rosenbrock,333,0.004645109176635742,-0.6862675547599792,0.4352552890777588,0.0,0.19978725910186768,0.006772220600396395,0.17643523216247559,0.09348635375499725
rosenbrock,1.0,2,cholesky,5,score_function,8192,0.02,1000,4,rosenbrock,334,0.004770040512084961,-0.6844383478164673,0.49119704961776733,0.0,0.22552402317523956,0.010437138378620148,0.16755899786949158,0.15058597922325134
rosenbrock,1.0,2,cholesky,5,score_function,8192,0.02,1000,4,rosenbrock,335,0.00461888313293457,-0.6810088157653809,0.4755702316761017,0.0,0.17649437487125397,0.010487491264939308,0.14893025159835815,0.09412786364555359
rosenbrock,1.0,2,cholesky,5,score_function,8192,0.02,1000,4,rosenbrock,336,0.004926919937133789,-0.6799052953720093,0.4613717794418335,0.0,0.24034574627876282,0.005216013174504042,0.19070683419704437,0.1461840569972992
rosenbrock,1.0,2,cholesky,5,score_function,8192,0.02,1000,4,rosenbrock,337,0.005094289779663086,-0.6743452548980713,0.5004863739013672,0.0,0.17278695106506348,0.007526177912950516,0.10821227729320526,0.1344945728778839
rosenbrock,1.0,2,cholesky,5,score_function,8192,0.02,1000,4,rosenbrock,338,0.004813194274902344,-0.6896100640296936,0.4889070391654968,0.0,0.13541875779628754,0.003455194877460599,0.09595341235399246,0.09549473226070404
rosenbrock,1.0,2,cholesky,5,score_function,8192,0.02,1000,4,rosenbrock,339,0.004672050476074219,-0.68953937292099,0.47500771284103394,0.0,0.2389848232269287,0.011842100881040096,0.18485955893993378,0.15099817514419556
rosenbrock,1.0,2,cholesky,5,score_function,8192,0.02,1000,4,rosenbrock,340,0.00484013557434082,-0.6843149065971375,0.4889545738697052,0.0,0.1651661992073059,0.009906703606247902,0.13064821064472198,0.10056227445602417
rosenbrock,1.0,2,cholesky,5,score_function,8192,0.02,1000,4,rosenbrock,341,0.004631996154785156,-0.6859654784202576,0.5108642578125,0.0,0.2298574298620224,0.007936798967421055,0.13887421786785126,0.1829901486635208
rosenbrock,1.0,2,cholesky,5,score_function,8192,0.02,1000,4,rosenbrock,342,0.004604816436767578,-0.6892745494842529,0.5154423117637634,0.0,0.2463814914226532,0.005505931098014116,0.12782149016857147,0.21055923402309418
rosenbrock,1.0,2,cholesky,5,score_function,8192,0.02,1000,4,rosenbrock,343,0.0049059391021728516,-0.6790658831596375,0.4534115195274353,0.0,0.18186575174331665,0.007835074327886105,0.11281821876764297,0.14242830872535706
rosenbrock,1.0,2,cholesky,5,score_function,8192,0.02,1000,4,rosenbrock,344,0.004522085189819336,-0.6790467500686646,0.4714629650115967,0.0,0.254249632358551,0.010933577083051205,0.16229739785194397,0.19540441036224365
rosenbrock,1.0,2,cholesky,5,score_function,8192,0.02,1000,4,rosenbrock,345,0.0045680999755859375,-0.6832548379898071,0.6281241774559021,0.0,0.39276552200317383,0.010382032953202724,0.2762471139431,0.27900630235671997
rosenbrock,1.0,2,cholesky,5,score_function,8192,0.02,1000,4,rosenbrock,346,0.004966020584106445,-0.6725127100944519,0.46943938732147217,0.0,0.09861068427562714,0.003872905857861042,0.08057422190904617,0.0567173957824707
rosenbrock,1.0,2,cholesky,5,score_function,8192,0.02,1000,4,rosenbrock,347,0.0047609806060791016,-0.6770018935203552,0.4726884663105011,0.0,0.18223001062870026,0.006360460538417101,0.12101618945598602,0.1360970437526703
rosenbrock,1.0,2,cholesky,5,score_function,8192,0.02,1000,4,rosenbrock,348,0.0045299530029296875,-0.6752761006355286,0.46692541241645813,0.0,0.33202049136161804,0.00771966902539134,0.21859996020793915,0.24978403747081757
rosenbrock,1.0,2,cholesky,5,score_function,8192,0.02,1000,4,rosenbrock,349,0.004573822021484375,-0.6787388324737549,0.4239419996738434,0.0,0.19677159190177917,0.005370219238102436,0.16111169755458832,0.11284167319536209
rosenbrock,1.0,2,cholesky,5,score_function,8192,0.02,1000,4,rosenbrock,350,0.004816770553588867,-0.6709915995597839,0.4170871078968048,0.0,0.2256530523300171,0.005632955115288496,0.16706719994544983,0.15157876908779144
rosenbrock,1.0,2,cholesky,5,score_function,8192,0.02,1000,4,rosenbrock,351,0.004709005355834961,-0.6789013743400574,0.46775147318840027,0.0,0.16312144696712494,0.005451978649944067,0.10834719240665436,0.12181860208511353
rosenbrock,1.0,2,cholesky,5,score_function,8192,0.02,1000,4,rosenbrock,352,0.00483393669128418,-0.676054835319519,0.45174890756607056,0.0,0.23170140385627747,0.004386517219245434,0.2095785290002823,0.09870732575654984
rosenbrock,1.0,2,cholesky,5,score_function,8192,0.02,1000,4,rosenbrock,353,0.004806041717529297,-0.680246889591217,0.5329051613807678,0.0,0.2521662712097168,0.009196058847010136,0.11419197171926498,0.22464072704315186
rosenbrock,1.0,2,cholesky,5,score_function,8192,0.02,1000,4,rosenbrock,354,0.004598140716552734,-0.681649923324585,0.49777305126190186,0.0,0.1674097329378128,0.007508472539484501,0.1119278147816658,0.12426506727933884
rosenbrock,1.0,2,cholesky,5,score_function,8192,0.02,1000,4,rosenbrock,355,0.004536151885986328,-0.6663689613342285,0.42759209871292114,0.0,0.15676654875278473,0.009258653037250042,0.06189919635653496,0.14373072981834412
rosenbrock,1.0,2,cholesky,5,score_function,8192,0.02,1000,4,rosenbrock,356,0.004870891571044922,-0.6840400695800781,0.5669055581092834,0.0,0.2127898782491684,0.002501219278201461,0.11474408209323883,0.1791844666004181
rosenbrock,1.0,2,cholesky,5,score_function,8192,0.02,1000,4,rosenbrock,357,0.004907846450805664,-0.6737120151519775,0.4954286515712738,0.0,0.2518065571784973,0.00731407105922699,0.10310111939907074,0.22961534559726715
rosenbrock,1.0,2,cholesky,5,score_function,8192,0.02,1000,4,rosenbrock,358,0.0048198699951171875,-0.6669244766235352,0.4198794662952423,0.0,0.16391272842884064,0.00302263000048697,0.12791991233825684,0.10244384407997131
rosenbrock,1.0,2,cholesky,5,score_function,8192,0.02,1000,4,rosenbrock,359,0.004739999771118164,-0.6625321507453918,0.4652688205242157,0.0,0.1444593071937561,0.006847038399428129,0.09647509455680847,0.10730408877134323
rosenbrock,1.0,2,cholesky,5,score_function,8192,0.02,1000,4,rosenbrock,360,0.004724979400634766,-0.6787526607513428,0.49266985058784485,0.0,0.155134916305542,0.004208006430417299,0.09575369209051132,0.12198509275913239
rosenbrock,1.0,2,cholesky,5,score_function,8192,0.02,1000,4,rosenbrock,361,0.0046117305755615234,-0.6699647903442383,0.5230990052223206,0.0,0.151267871260643,0.007909475825726986,0.08684859424829483,0.12359906733036041
rosenbrock,1.0,2,cholesky,5,score_function,8192,0.02,1000,4,rosenbrock,362,0.004965066909790039,-0.6677586436271667,0.43793535232543945,0.0,0.22686238586902618,0.003472136566415429,0.14169660210609436,0.17713429033756256
rosenbrock,1.0,2,cholesky,5,score_function,8192,0.02,1000,4,rosenbrock,363,0.004741191864013672,-0.6812842488288879,0.4987511932849884,0.0,0.2754074037075043,0.009044275619089603,0.13380081951618195,0.24055105447769165
rosenbrock,1.0,2,cholesky,5,score_function,8192,0.02,1000,4,rosenbrock,364,0.004830121994018555,-0.6712250709533691,0.46443232893943787,0.0,0.20039907097816467,0.0030240004416555166,0.15966729819774628,0.12106606364250183
rosenbrock,1.0,2,cholesky,5,score_function,8192,0.02,1000,4,rosenbrock,365,0.0045130252838134766,-0.6736770272254944,0.47281238436698914,0.0,0.12883831560611725,0.004982818849384785,0.09398220479488373,0.08798767626285553
rosenbrock,1.0,2,cholesky,5,score_function,8192,0.02,1000,4,rosenbrock,366,0.004873037338256836,-0.6656230688095093,0.5124446153640747,0.0,0.16275672614574432,0.009931638836860657,0.11208748072385788,0.11759045720100403
rosenbrock,1.0,2,cholesky,5,score_function,8192,0.02,1000,4,rosenbrock,367,0.004689216613769531,-0.6648046970367432,0.4950540363788605,0.0,0.16518257558345795,0.004782550502568483,0.154129758477211,0.05921511724591255
rosenbrock,1.0,2,cholesky,5,score_function,8192,0.02,1000,4,rosenbrock,368,0.004594087600708008,-0.6709105372428894,0.47987866401672363,0.0,0.15485092997550964,0.0034468548838049173,0.0710621029138565,0.13753949105739594
rosenbrock,1.0,2,cholesky,5,score_function,8192,0.02,1000,4,rosenbrock,369,0.00467991828918457,-0.6671075820922852,0.47124022245407104,0.0,0.14159385859966278,0.008563865907490253,0.11887295544147491,0.0764506459236145
rosenbrock,1.0,2,cholesky,5,score_function,8192,0.02,1000,4,rosenbrock,370,0.0048122406005859375,-0.6541566848754883,0.4877391755580902,0.0,0.20669077336788177,0.007271644193679094,0.16003066301345825,0.13060778379440308
rosenbrock,1.0,2,cholesky,5,score_function,8192,0.02,1000,4,rosenbrock,371,0.00448918342590332,-0.6630181670188904,0.4394071400165558,0.0,0.3375913202762604,0.012024752795696259,0.3272641897201538,0.0819844901561737
rosenbrock,1.0,2,cholesky,5,score_function,8192,0.02,1000,4,rosenbrock,372,0.004840850830078125,-0.6671175956726074,0.4515766501426697,0.0,0.24500654637813568,0.013341423124074936,0.22304150462150574,0.10051219165325165
rosenbrock,1.0,2,cholesky,5,score_function,8192,0.02,1000,4,rosenbrock,373,0.004775047302246094,-0.6719770431518555,0.5159908533096313,0.0,0.25794583559036255,0.012176908552646637,0.22100025415420532,0.1324637085199356
rosenbrock,1.0,2,cholesky,5,score_function,8192,0.02,1000,4,rosenbrock,374,0.004559040069580078,-0.6674070954322815,0.4676879942417145,0.0,0.2427130788564682,0.0026387227699160576,0.18313856422901154,0.15925747156143188
rosenbrock,1.0,2,cholesky,5,score_function,8192,0.02,1000,4,rosenbrock,375,0.004587888717651367,-0.6708083748817444,0.5614874958992004,0.0,0.28311991691589355,0.007625543512403965,0.11562768369913101,0.25831952691078186
rosenbrock,1.0,2,cholesky,5,score_function,8192,0.02,1000,4,rosenbrock,376,0.00454401969909668,-0.6616313457489014,0.44486379623413086,0.0,0.2213180512189865,0.004553757142275572,0.12646403908729553,0.18157032132148743
rosenbrock,1.0,2,cholesky,5,score_function,8192,0.02,1000,4,rosenbrock,377,0.004540205001831055,-0.6536719799041748,0.433337539434433,0.0,0.3375825881958008,0.005523751489818096,0.2710970938205719,0.2010916918516159
rosenbrock,1.0,2,cholesky,5,score_function,8192,0.02,1000,4,rosenbrock,378,0.0045070648193359375,-0.6565947532653809,0.4666495621204376,0.0,0.17349125444889069,0.005047020968049765,0.13494473695755005,0.10892043262720108
rosenbrock,1.0,2,cholesky,5,score_function,8192,0.02,1000,4,rosenbrock,379,0.004515171051025391,-0.6610224843025208,0.49072378873825073,0.0,0.20848490297794342,0.007336046546697617,0.18989215791225433,0.08575020730495453
rosenbrock,1.0,2,cholesky,5,score_function,8192,0.02,1000,4,rosenbrock,380,0.004781007766723633,-0.6614341735839844,0.49624451994895935,0.0,0.16705574095249176,0.01155391801148653,0.13332273066043854,0.09999588876962662
rosenbrock,1.0,2,cholesky,5,score_function,8192,0.02,1000,4,rosenbrock,381,0.004709005355834961,-0.6667028069496155,0.49421706795692444,0.0,0.22149765491485596,0.008181964978575706,0.2116234451532364,0.06488283723592758
rosenbrock,1.0,2,cholesky,5,score_function,8192,0.02,1000,4,rosenbrock,382,0.004669189453125,-0.6624772548675537,0.4503304064273834,0.0,0.2008037120103836,0.009584294632077217,0.176511749625206,0.09525686502456665
rosenbrock,1.0,2,cholesky,5,score_function,8192,0.02,1000,4,rosenbrock,383,0.00485992431640625,-0.6640722751617432,0.5588310360908508,0.0,0.19765259325504303,0.007846281863749027,0.14683938026428223,0.13207262754440308
rosenbrock,1.0,2,cholesky,5,score_function,8192,0.02,1000,4,rosenbrock,384,0.0049152374267578125,-0.6673352122306824,0.5461865663528442,0.0,0.3297896981239319,0.012632966972887516,0.2392190843820572,0.2266625016927719
rosenbrock,1.0,2,cholesky,5,score_function,8192,0.02,1000,4,rosenbrock,385,0.004865169525146484,-0.6704609990119934,0.5173655152320862,0.0,0.18842904269695282,0.013779563829302788,0.13432350754737854,0.1314261257648468
rosenbrock,1.0,2,cholesky,5,score_function,8192,0.02,1000,4,rosenbrock,386,0.004988193511962891,-0.6572364568710327,0.48154592514038086,0.0,0.23152373731136322,0.006750558968633413,0.13986654579639435,0.18437737226486206
rosenbrock,1.0,2,cholesky,5,score_function,8192,0.02,1000,4,rosenbrock,387,0.004703044891357422,-0.6617935299873352,0.5410888195037842,0.0,0.1547040045261383,0.007592085283249617,0.08103984594345093,0.13156075775623322
rosenbrock,1.0,2,cholesky,5,score_function,8192,0.02,1000,4,rosenbrock,388,0.004720926284790039,-0.6669923663139343,0.5457966923713684,0.0,0.19631001353263855,0.014617622829973698,0.1029619500041008,0.16650159657001495
rosenbrock,1.0,2,cholesky,5,score_function,8192,0.02,1000,4,rosenbrock,389,0.004633903503417969,-0.6628744006156921,0.4806217551231384,0.0,0.14167910814285278,0.00734964432194829,0.11521145701408386,0.0821295976638794
rosenbrock,1.0,2,cholesky,5,score_function,8192,0.02,1000,4,rosenbrock,390,0.004958152770996094,-0.6611711382865906,0.5050376057624817,0.0,0.21496950089931488,0.0076661491766572,0.1168539971113205,0.18027271330356598
rosenbrock,1.0,2,cholesky,5,score_function,8192,0.02,1000,4,rosenbrock,391,0.00463104248046875,-0.6559410691261292,0.43362873792648315,0.0,0.14971710741519928,0.0049206349067389965,0.07358009368181229,0.13029570877552032
rosenbrock,1.0,2,cholesky,5,score_function,8192,0.02,1000,4,rosenbrock,392,0.005158185958862305,-0.6558413505554199,0.4427615702152252,0.0,0.18917778134346008,0.008093105629086494,0.11874205619096756,0.14704780280590057
rosenbrock,1.0,2,cholesky,5,score_function,8192,0.02,1000,4,rosenbrock,393,0.0046579837799072266,-0.6511809229850769,0.4753459692001343,0.0,0.22532834112644196,0.0022353308741003275,0.13252508640289307,0.18222229182720184
rosenbrock,1.0,2,cholesky,5,score_function,8192,0.02,1000,4,rosenbrock,394,0.004668712615966797,-0.6564801335334778,0.5293034315109253,0.0,0.28881871700286865,0.010929769836366177,0.11499885469675064,0.26471126079559326
rosenbrock,1.0,2,cholesky,5,score_function,8192,0.02,1000,4,rosenbrock,395,0.004565000534057617,-0.6558661460876465,0.43091532588005066,0.0,0.16271257400512695,0.0038202034775167704,0.1128661260008812,0.11714104562997818
rosenbrock,1.0,2,cholesky,5,score_function,8192,0.02,1000,4,rosenbrock,396,0.0047149658203125,-0.6479820013046265,0.4332685172557831,0.0,0.15568657219409943,0.01009602751582861,0.07079320400953293,0.1382921040058136
rosenbrock,1.0,2,cholesky,5,score_function,8192,0.02,1000,4,rosenbrock,397,0.004623889923095703,-0.6556216478347778,0.4436829090118408,0.0,0.24616126716136932,0.0084655387327075,0.12553319334983826,0.21157769858837128
rosenbrock,1.0,2,cholesky,5,score_function,8192,0.02,1000,4,rosenbrock,398,0.004864215850830078,-0.6583759188652039,0.4661702811717987,0.0,0.14463447034358978,0.005538737401366234,0.11119003593921661,0.09233216941356659
rosenbrock,1.0,2,cholesky,5,score_function,8192,0.02,1000,4,rosenbrock,399,0.004803895950317383,-0.6542274355888367,0.4702628254890442,0.0,0.13247008621692657,0.009270202368497849,0.05858275666832924,0.11845019459724426
rosenbrock,1.0,2,cholesky,5,score_function,8192,0.02,1000,4,rosenbrock,400,0.004723310470581055,-0.658196210861206,0.48466745018959045,0.0,0.2659528851509094,0.0020635754335671663,0.2366936057806015,0.12125518172979355
rosenbrock,1.0,2,cholesky,5,score_function,8192,0.02,1000,4,rosenbrock,401,0.004679203033447266,-0.6621820330619812,0.433832049369812,0.0,0.24646660685539246,0.007593317423015833,0.13215453922748566,0.20790216326713562
rosenbrock,1.0,2,cholesky,5,score_function,8192,0.02,1000,4,rosenbrock,402,0.004952192306518555,-0.6646342873573303,0.5120158791542053,0.0,0.4490458071231842,0.00766309117898345,0.16940630972385406,0.41579434275627136
rosenbrock,1.0,2,cholesky,5,score_function,8192,0.02,1000,4,rosenbrock,403,0.00467991828918457,-0.6528553366661072,0.43502703309059143,0.0,0.21494844555854797,0.008044689893722534,0.18886823952198029,0.10230789333581924
rosenbrock,1.0,2,cholesky,5,score_function,8192,0.02,1000,4,rosenbrock,404,0.0048220157623291016,-0.6624341011047363,0.4915825128555298,0.0,0.32654473185539246,0.005987734999507666,0.3027510344982147,0.12221868336200714
rosenbrock,1.0,2,cholesky,5,score_function,8192,0.02,1000,4,rosenbrock,405,0.004494905471801758,-0.6592432856559753,0.46974003314971924,0.0,0.1619505137205124,0.00951545313000679,0.10407379269599915,0.12371769547462463
rosenbrock,1.0,2,cholesky,5,score_function,8192,0.02,1000,4,rosenbrock,406,0.004939079284667969,-0.6671819090843201,0.52357417345047,0.0,0.2697288990020752,0.007177486550062895,0.15461647510528564,0.22089792788028717
rosenbrock,1.0,2,cholesky,5,score_function,8192,0.02,1000,4,rosenbrock,407,0.004554033279418945,-0.6406906843185425,0.4150477945804596,0.0,0.2896465063095093,0.00882965698838234,0.23479735851287842,0.16937343776226044
rosenbrock,1.0,2,cholesky,5,score_function,8192,0.02,1000,4,rosenbrock,408,0.004892826080322266,-0.6465099453926086,0.45366916060447693,0.0,0.31297609210014343,0.007370680570602417,0.07315482944250107,0.3042171597480774
rosenbrock,1.0,2,cholesky,5,score_function,8192,0.02,1000,4,rosenbrock,409,0.004481077194213867,-0.6550626754760742,0.45676863193511963,0.0,0.31459730863571167,0.006159171927720308,0.27148017287254333,0.15884597599506378
rosenbrock,1.0,2,cholesky,5,score_function,8192,0.02,1000,4,rosenbrock,410,0.0047838687896728516,-0.6454141736030579,0.4914871156215668,0.0,0.155251607298851,0.006160547491163015,0.09075350314378738,0.12581299245357513
rosenbrock,1.0,2,cholesky,5,score_function,8192,0.02,1000,4,rosenbrock,411,0.004682064056396484,-0.6437035202980042,0.4909362196922302,0.0,0.29318615794181824,0.003915992099791765,0.17442964017391205,0.2356206625699997
rosenbrock,1.0,2,cholesky,5,score_function,8192,0.02,1000,4,rosenbrock,412,0.0047550201416015625,-0.6509400606155396,0.4574841558933258,0.0,0.239730566740036,0.008022239431738853,0.06796789169311523,0.22975365817546844
rosenbrock,1.0,2,cholesky,5,score_function,8192,0.02,1000,4,rosenbrock,413,0.0045299530029296875,-0.6500611901283264,0.46962764859199524,0.0,0.18211860954761505,0.004424964543431997,0.157749205827713,0.09089992195367813
rosenbrock,1.0,2,cholesky,5,score_function,8192,0.02,1000,4,rosenbrock,414,0.00484013557434082,-0.653127908706665,0.5117348432540894,0.0,0.25370854139328003,0.007091906853020191,0.19315776228904724,0.1643405258655548
rosenbrock,1.0,2,cholesky,5,score_function,8192,0.02,1000,4,rosenbrock,415,0.00521087646484375,-0.6502858996391296,0.47569870948791504,0.0,0.22579114139080048,0.008953098207712173,0.17624133825302124,0.14085622131824493
rosenbrock,1.0,2,cholesky,5,score_function,8192,0.02,1000,4,rosenbrock,416,0.004884004592895508,-0.6456670761108398,0.48612770438194275,0.0,0.25557762384414673,0.004690966103225946,0.10424388200044632,0.23330482840538025
rosenbrock,1.0,2,cholesky,5,score_function,8192,0.02,1000,4,rosenbrock,417,0.005041837692260742,-0.6550600528717041,0.5081712603569031,0.0,0.3595937490463257,0.005338560789823532,0.3100629448890686,0.1820443570613861
rosenbrock,1.0,2,cholesky,5,score_function,8192,0.02,1000,4,rosenbrock,418,0.004873991012573242,-0.6493015289306641,0.5652264356613159,0.0,0.387090265750885,0.005613392218947411,0.3041061758995056,0.23943008482456207
rosenbrock,1.0,2,cholesky,5,score_function,8192,0.02,1000,4,rosenbrock,419,0.004752159118652344,-0.6479457020759583,0.4670141935348511,0.0,0.21507079899311066,0.004711983259767294,0.0636659786105156,0.20537742972373962
rosenbrock,1.0,2,cholesky,5,score_function,8192,0.02,1000,4,rosenbrock,420,0.005427122116088867,-0.6518099308013916,0.48396947979927063,0.0,0.21205106377601624,0.005943771917372942,0.18559132516384125,0.10240210592746735
rosenbrock,1.0,2,cholesky,5,score_function,8192,0.02,1000,4,rosenbrock,421,0.005858182907104492,-0.6423900723457336,0.43728503584861755,0.0,0.23165594041347504,0.0042506312020123005,0.20409300923347473,0.10951006412506104
rosenbrock,1.0,2,cholesky,5,score_function,8192,0.02,1000,4,rosenbrock,422,0.005657196044921875,-0.6557971239089966,0.4902772903442383,0.0,0.16721829771995544,0.006409499328583479,0.13687832653522491,0.0958394706249237
rosenbrock,1.0,2,cholesky,5,score_function,8192,0.02,1000,4,rosenbrock,423,0.005396842956542969,-0.6381964683532715,0.466341108083725,0.0,0.26564088463783264,0.014210320077836514,0.21094028651714325,0.16083326935768127
rosenbrock,1.0,2,cholesky,5,score_function,8192,0.02,1000,4,rosenbrock,424,0.004818916320800781,-0.6489615440368652,0.5323862433433533,0.0,0.19565553963184357,0.006414022296667099,0.11131671816110611,0.16077479720115662
rosenbrock,1.0,2,cholesky,5,score_function,8192,0.02,1000,4,rosenbrock,425,0.00462794303894043,-0.6429649591445923,0.4597773551940918,0.0,0.21056365966796875,0.008270184509456158,0.17462106049060822,0.1173718199133873
rosenbrock,1.0,2,cholesky,5,score_function,8192,0.02,1000,4,rosenbrock,426,0.004648923873901367,-0.6425853967666626,0.4452323019504547,0.0,0.19426679611206055,0.0035594371147453785,0.17408043146133423,0.08615641295909882
rosenbrock,1.0,2,cholesky,5,score_function,8192,0.02,1000,4,rosenbrock,427,0.004498004913330078,-0.6495466232299805,0.5946394801139832,0.0,0.37778356671333313,0.0074132876470685005,0.14624303579330444,0.3482505679130554
rosenbrock,1.0,2,cholesky,5,score_function,8192,0.02,1000,4,rosenbrock,428,0.005156993865966797,-0.6499353051185608,0.4734964370727539,0.0,0.2574692964553833,0.005286404862999916,0.18971674144268036,0.1739828884601593
rosenbrock,1.0,2,cholesky,5,score_function,8192,0.02,1000,4,rosenbrock,429,0.0045392513275146484,-0.6429449915885925,0.46853768825531006,0.0,0.3208658993244171,0.006000724621117115,0.22426819801330566,0.22939635813236237
rosenbrock,1.0,2,cholesky,5,score_function,8192,0.02,1000,4,rosenbrock,430,0.004617929458618164,-0.6409940719604492,0.45830875635147095,0.0,0.11386913806200027,0.007903434336185455,0.07814033329486847,0.082448810338974
rosenbrock,1.0,2,cholesky,5,score_function,8192,0.02,1000,4,rosenbrock,431,0.00467991828918457,-0.6441678404808044,0.43388164043426514,0.0,0.18598437309265137,0.010065147653222084,0.1564815491437912,0.10001202672719955
rosenbrock,1.0,2,cholesky,5,score_function,8192,0.02,1000,4,rosenbrock,432,0.004856109619140625,-0.6362947821617126,0.5278079509735107,0.0,0.36090490221977234,0.00819434504956007,0.25203967094421387,0.25818827748298645
rosenbrock,1.0,2,cholesky,5,score_function,8192,0.02,1000,4,rosenbrock,433,0.0046138763427734375,-0.6457225680351257,0.44921642541885376,0.0,0.27918437123298645,0.0019621215760707855,0.23953281342983246,0.14340181648731232
rosenbrock,1.0,2,cholesky,5,score_function,8192,0.02,1000,4,rosenbrock,434,0.0044689178466796875,-0.6407279968261719,0.49225184321403503,0.0,0.1954137533903122,0.004118646495044231,0.18949902057647705,0.0475362092256546
rosenbrock,1.0,2,cholesky,5,score_function,8192,0.02,1000,4,rosenbrock,435,0.004911661148071289,-0.64632248878479,0.5450756549835205,0.0,0.3251586854457855,0.009847775101661682,0.24322272837162018,0.2155780792236328
rosenbrock,1.0,2,cholesky,5,score_function,8192,0.02,1000,4,rosenbrock,436,0.0047109127044677734,-0.6310246586799622,0.4594259262084961,0.0,0.22343377768993378,0.0063313995487987995,0.20460551977157593,0.0895497053861618
rosenbrock,1.0,2,cholesky,5,score_function,8192,0.02,1000,4,rosenbrock,437,0.0049419403076171875,-0.6391008496284485,0.5039613842964172,0.0,0.20344236493110657,0.008636333048343658,0.06166159734129906,0.1936803162097931
rosenbrock,1.0,2,cholesky,5,score_function,8192,0.02,1000,4,rosenbrock,438,0.00471806526184082,-0.6426963210105896,0.4941743314266205,0.0,0.2840207517147064,0.013586906716227531,0.24516160786151886,0.1427549123764038
rosenbrock,1.0,2,cholesky,5,score_function,8192,0.02,1000,4,rosenbrock,439,0.004876136779785156,-0.6312183141708374,0.44304224848747253,0.0,0.14561696350574493,0.005924631841480732,0.10229386389255524,0.10346578806638718
rosenbrock,1.0,2,cholesky,5,score_function,8192,0.02,1000,4,rosenbrock,440,0.004637241363525391,-0.6420780420303345,0.45909664034843445,0.0,0.2656427025794983,0.005049644969403744,0.2257005125284195,0.1399993598461151
rosenbrock,1.0,2,cholesky,5,score_function,8192,0.02,1000,4,rosenbrock,441,0.005116939544677734,-0.6374645829200745,0.48409438133239746,0.0,0.3002493381500244,0.0034710525069385767,0.27528971433639526,0.11980480700731277
rosenbrock,1.0,2,cholesky,5,score_function,8192,0.02,1000,4,rosenbrock,442,0.004775285720825195,-0.6312543749809265,0.4238434433937073,0.0,0.14560294151306152,0.006172036752104759,0.09410703927278519,0.110932357609272
rosenbrock,1.0,2,cholesky,5,score_function,8192,0.02,1000,4,rosenbrock,443,0.0049190521240234375,-0.6344496607780457,0.42444097995758057,0.0,0.21589486300945282,0.008908711373806,0.17434163391590118,0.1270284354686737
rosenbrock,1.0,2,cholesky,5,score_function,8192,0.02,1000,4,rosenbrock,444,0.004575967788696289,-0.6504521369934082,0.5738919377326965,0.0,0.23436425626277924,0.013393277302384377,0.13672909140586853,0.18987466394901276
rosenbrock,1.0,2,cholesky,5,score_function,8192,0.02,1000,4,rosenbrock,445,0.004640102386474609,-0.6378414630889893,0.4926760494709015,0.0,0.18842093646526337,0.003676985390484333,0.11312947422266006,0.15063416957855225
rosenbrock,1.0,2,cholesky,5,score_function,8192,0.02,1000,4,rosenbrock,446,0.004555940628051758,-0.6423689126968384,0.5365291237831116,0.0,0.21470074355602264,0.012706569395959377,0.1761285662651062,0.12212159484624863
rosenbrock,1.0,2,cholesky,5,score_function,8192,0.02,1000,4,rosenbrock,447,0.005082130432128906,-0.6399708390235901,0.5375717878341675,0.0,0.28623008728027344,0.0055783879943192005,0.2687496840953827,0.09833680838346481
rosenbrock,1.0,2,cholesky,5,score_function,8192,0.02,1000,4,rosenbrock,448,0.0047070980072021484,-0.6416954398155212,0.4775642454624176,0.0,0.19562898576259613,0.006642541382461786,0.14160694181919098,0.134811133146286
rosenbrock,1.0,2,cholesky,5,score_function,8192,0.02,1000,4,rosenbrock,449,0.004826068878173828,-0.6345835328102112,0.44839486479759216,0.0,0.10882212966680527,0.008498738519847393,0.05977142974734306,0.09053950756788254
rosenbrock,1.0,2,cholesky,5,score_function,8192,0.02,1000,4,rosenbrock,450,0.004555940628051758,-0.6359020471572876,0.4649095833301544,0.0,0.31144988536834717,0.002798664616420865,0.25018978118896484,0.18546777963638306
rosenbrock,1.0,2,cholesky,5,score_function,8192,0.02,1000,4,rosenbrock,451,0.005137205123901367,-0.643303394317627,0.4798283874988556,0.0,0.26982492208480835,0.008926859125494957,0.2601308226585388,0.0711178109049797
rosenbrock,1.0,2,cholesky,5,score_function,8192,0.02,1000,4,rosenbrock,452,0.0052530765533447266,-0.6345196962356567,0.49261796474456787,0.0,0.1207355335354805,0.006877754349261522,0.10878175497055054,0.05192585662007332
rosenbrock,1.0,2,cholesky,5,score_function,8192,0.02,1000,4,rosenbrock,453,0.005316734313964844,-0.6340444684028625,0.5512071251869202,0.0,0.31202101707458496,0.006333222612738609,0.21736812591552734,0.2237590253353119
rosenbrock,1.0,2,cholesky,5,score_function,8192,0.02,1000,4,rosenbrock,454,0.004813194274902344,-0.6287753582000732,0.4660765826702118,0.0,0.2637534439563751,0.00863663386553526,0.18933027982711792,0.18342667818069458
rosenbrock,1.0,2,cholesky,5,score_function,8192,0.02,1000,4,rosenbrock,455,0.005280733108520508,-0.6421102285385132,0.4676370918750763,0.0,0.28995150327682495,0.005934595596045256,0.18763992190361023,0.22097042202949524
rosenbrock,1.0,2,cholesky,5,score_function,8192,0.02,1000,4,rosenbrock,456,0.004688739776611328,-0.6330413818359375,0.4663844108581543,0.0,0.2262372374534607,0.00969753134995699,0.16551996767520905,0.15392330288887024
rosenbrock,1.0,2,cholesky,5,score_function,8192,0.02,1000,4,rosenbrock,457,0.004541873931884766,-0.6383348107337952,0.5337334871292114,0.0,0.3725844919681549,0.005331516265869141,0.32430267333984375,0.18335367739200592
rosenbrock,1.0,2,cholesky,5,score_function,8192,0.02,1000,4,rosenbrock,458,0.0046710968017578125,-0.6270341277122498,0.5655307769775391,0.0,0.4331151247024536,0.003619132563471794,0.1522863507270813,0.40544360876083374
rosenbrock,1.0,2,cholesky,5,score_function,8192,0.02,1000,4,rosenbrock,459,0.004873991012573242,-0.630718469619751,0.4755855202674866,0.0,0.19936992228031158,0.010529126040637493,0.16576074063777924,0.11027637124061584
rosenbrock,1.0,2,cholesky,5,score_function,8192,0.02,1000,4,rosenbrock,460,0.004889011383056641,-0.6341275572776794,0.48209914565086365,0.0,0.14251510798931122,0.007583558093756437,0.11253415048122406,0.08711551129817963
rosenbrock,1.0,2,cholesky,5,score_function,8192,0.02,1000,4,rosenbrock,461,0.004930019378662109,-0.6321316957473755,0.5065143704414368,0.0,0.15119481086730957,0.005361827090382576,0.08273263275623322,0.1264374554157257
rosenbrock,1.0,2,cholesky,5,score_function,8192,0.02,1000,4,rosenbrock,462,0.004760026931762695,-0.636982798576355,0.489867240190506,0.0,0.16949363052845,0.004826005082577467,0.12860897183418274,0.110292948782444
rosenbrock,1.0,2,cholesky,5,score_function,8192,0.02,1000,4,rosenbrock,463,0.004642009735107422,-0.6340745091438293,0.5036888122558594,0.0,0.19590705633163452,0.0070627727545797825,0.09283953160047531,0.1723673790693283
rosenbrock,1.0,2,cholesky,5,score_function,8192,0.02,1000,4,rosenbrock,464,0.004690885543823242,-0.6430432200431824,0.5236474275588989,0.0,0.25440967082977295,0.005541579332202673,0.19384010136127472,0.16468022763729095
rosenbrock,1.0,2,cholesky,5,score_function,8192,0.02,1000,4,rosenbrock,465,0.004630088806152344,-0.6384769082069397,0.567244291305542,0.0,0.36687833070755005,0.009346206672489643,0.33271974325180054,0.15430466830730438
rosenbrock,1.0,2,cholesky,5,score_function,8192,0.02,1000,4,rosenbrock,466,0.004945039749145508,-0.6372960209846497,0.5617465972900391,0.0,0.31262892484664917,0.007627836894243956,0.2925299406051636,0.11002229899168015
rosenbrock,1.0,2,cholesky,5,score_function,8192,0.02,1000,4,rosenbrock,467,0.0050220489501953125,-0.6502384543418884,0.6311811208724976,0.0,0.3701120615005493,0.012708893045783043,0.11654279381036758,0.3510543704032898
rosenbrock,1.0,2,cholesky,5,score_function,8192,0.02,1000,4,rosenbrock,468,0.005048274993896484,-0.6350013613700867,0.4804937541484833,0.0,0.33403584361076355,0.003195804310962558,0.23402687907218933,0.2383299171924591
rosenbrock,1.0,2,cholesky,5,score_function,8192,0.02,1000,4,rosenbrock,469,0.004760265350341797,-0.6369110345840454,0.49920979142189026,0.0,0.23338237404823303,0.008469058200716972,0.22176100313663483,0.0722334235906601
rosenbrock,1.0,2,cholesky,5,score_function,8192,0.02,1000,4,rosenbrock,470,0.0048749446868896484,-0.6353639960289001,0.489185631275177,0.0,0.29596003890037537,0.0074930498376488686,0.285078227519989,0.0791618600487709
rosenbrock,1.0,2,cholesky,5,score_function,8192,0.02,1000,4,rosenbrock,471,0.004654884338378906,-0.6335591673851013,0.48622754216194153,0.0,0.15401144325733185,0.006375832948833704,0.099823497235775,0.11710739135742188
rosenbrock,1.0,2,cholesky,5,score_function,8192,0.02,1000,4,rosenbrock,472,0.004723072052001953,-0.6389116644859314,0.5005567669868469,0.0,0.12336920201778412,0.009501327760517597,0.06110036373138428,0.10675406455993652
rosenbrock,1.0,2,cholesky,5,score_function,8192,0.02,1000,4,rosenbrock,473,0.004588127136230469,-0.6310072541236877,0.5720410346984863,0.0,0.20348939299583435,0.009888844564557076,0.13806235790252686,0.1491607427597046
rosenbrock,1.0,2,cholesky,5,score_function,8192,0.02,1000,4,rosenbrock,474,0.0045931339263916016,-0.621745765209198,0.47554418444633484,0.0,0.27671098709106445,0.0033684889785945415,0.18953844904899597,0.20157580077648163
rosenbrock,1.0,2,cholesky,5,score_function,8192,0.02,1000,4,rosenbrock,475,0.004624128341674805,-0.6251655220985413,0.4977019429206848,0.0,0.2837366759777069,0.006203269120305777,0.20768652856349945,0.19322092831134796
rosenbrock,1.0,2,cholesky,5,score_function,8192,0.02,1000,4,rosenbrock,476,0.004643917083740234,-0.6404001712799072,0.487986296415329,0.0,0.20154768228530884,0.008292932994663715,0.18888802826404572,0.0698140487074852
rosenbrock,1.0,2,cholesky,5,score_function,8192,0.02,1000,4,rosenbrock,477,0.004542112350463867,-0.6343427300453186,0.5409668684005737,0.0,0.2897753119468689,0.010132327675819397,0.1811283528804779,0.22596372663974762
rosenbrock,1.0,2,cholesky,5,score_function,8192,0.02,1000,4,rosenbrock,478,0.005435943603515625,-0.6246323585510254,0.47055503726005554,0.0,0.16735681891441345,0.009935002774000168,0.13602642714977264,0.09698666632175446
rosenbrock,1.0,2,cholesky,5,score_function,8192,0.02,1000,4,rosenbrock,479,0.0049648284912109375,-0.6304117441177368,0.5234212279319763,0.0,0.4385421872138977,0.008958003483712673,0.3691929578781128,0.23650701344013214
rosenbrock,1.0,2,cholesky,5,score_function,8192,0.02,1000,4,rosenbrock,480,0.0051729679107666016,-0.6307976245880127,0.4649951159954071,0.0,0.4175853133201599,0.005706865806132555,0.4077967703342438,0.0897035226225853
rosenbrock,1.0,2,cholesky,5,score_function,8192,0.02,1000,4,rosenbrock,481,0.004667043685913086,-0.628169596195221,0.48804476857185364,0.0,0.28006166219711304,0.004104220774024725,0.2573980987071991,0.11029015481472015
rosenbrock,1.0,2,cholesky,5,score_function,8192,0.02,1000,4,rosenbrock,482,0.005106925964355469,-0.6444762945175171,0.5752992033958435,0.0,0.16781951487064362,0.01130656711757183,0.09140004217624664,0.14029106497764587
rosenbrock,1.0,2,cholesky,5,score_function,8192,0.02,1000,4,rosenbrock,483,0.004723072052001953,-0.6238904595375061,0.5240663290023804,0.0,0.4495706260204315,0.00549666304141283,0.39054664969444275,0.2226136177778244
rosenbrock,1.0,2,cholesky,5,score_function,8192,0.02,1000,4,rosenbrock,484,0.005201101303100586,-0.622195303440094,0.5148962140083313,0.0,0.3749958574771881,0.004096557851880789,0.3507477641105652,0.13259384036064148
rosenbrock,1.0,2,cholesky,5,score_function,8192,0.02,1000,4,rosenbrock,485,0.004686832427978516,-0.6427747011184692,0.6044178009033203,0.0,0.4027920663356781,0.010187880136072636,0.29101666808128357,0.2782929241657257
rosenbrock,1.0,2,cholesky,5,score_function,8192,0.02,1000,4,rosenbrock,486,0.004827976226806641,-0.6363417506217957,0.5188347697257996,0.0,0.2247730940580368,0.007350747473537922,0.11686761677265167,0.1918615996837616
rosenbrock,1.0,2,cholesky,5,score_function,8192,0.02,1000,4,rosenbrock,487,0.0046842098236083984,-0.6254423260688782,0.45083266496658325,0.0,0.18792377412319183,0.0062030297704041,0.15738816559314728,0.10249792039394379
rosenbrock,1.0,2,cholesky,5,score_function,8192,0.02,1000,4,rosenbrock,488,0.0050220489501953125,-0.6371103525161743,0.5065483450889587,0.0,0.3409654498100281,0.005366275552660227,0.26259708404541016,0.21741990745067596
rosenbrock,1.0,2,cholesky,5,score_function,8192,0.02,1000,4,rosenbrock,489,0.004722118377685547,-0.6269758939743042,0.4805859923362732,0.0,0.2158944308757782,0.009983918629586697,0.14739207923412323,0.15743663907051086
rosenbrock,1.0,2,cholesky,5,score_function,8192,0.02,1000,4,rosenbrock,490,0.004953145980834961,-0.6274573802947998,0.44984593987464905,0.0,0.2536103129386902,0.006163062062114477,0.231808602809906,0.1026887372136116
rosenbrock,1.0,2,cholesky,5,score_function,8192,0.02,1000,4,rosenbrock,491,0.004659891128540039,-0.6266031861305237,0.4895942211151123,0.0,0.1876142919063568,0.004394210875034332,0.12297451496124268,0.14162303507328033
rosenbrock,1.0,2,cholesky,5,score_function,8192,0.02,1000,4,rosenbrock,492,0.005162715911865234,-0.6323056221008301,0.489873468875885,0.0,0.43208223581314087,0.0125303715467453,0.18485835194587708,0.3903401494026184
rosenbrock,1.0,2,cholesky,5,score_function,8192,0.02,1000,4,rosenbrock,493,0.004599809646606445,-0.6438367366790771,0.5269322991371155,0.0,0.2010495811700821,0.009531158022582531,0.17674627900123596,0.09534591436386108
rosenbrock,1.0,2,cholesky,5,score_function,8192,0.02,1000,4,rosenbrock,494,0.005177736282348633,-0.6255950927734375,0.4732914865016937,0.0,0.28644755482673645,0.007095095235854387,0.23830924928188324,0.1587783694267273
rosenbrock,1.0,2,cholesky,5,score_function,8192,0.02,1000,4,rosenbrock,495,0.004748106002807617,-0.6250925064086914,0.43885084986686707,0.0,0.3350154459476471,0.014491289854049683,0.27638670802116394,0.18877431750297546
rosenbrock,1.0,2,cholesky,5,score_function,8192,0.02,1000,4,rosenbrock,496,0.004878044128417969,-0.6278660893440247,0.4851936101913452,0.0,0.23896820843219757,0.003734761383384466,0.1973448544740677,0.13471026718616486
rosenbrock,1.0,2,cholesky,5,score_function,8192,0.02,1000,4,rosenbrock,497,0.004633903503417969,-0.6280960440635681,0.47332993149757385,0.0,0.22563335299491882,0.009506789967417717,0.19392123818397522,0.11495470255613327
rosenbrock,1.0,2,cholesky,5,score_function,8192,0.02,1000,4,rosenbrock,498,0.00461888313293457,-0.6291811466217041,0.48156315088272095,0.0,0.23439283668994904,0.004441841039806604,0.10566108673810959,0.2091793566942215
rosenbrock,1.0,2,cholesky,5,score_function,8192,0.02,1000,4,rosenbrock,499,0.004908084869384766,-0.6197614073753357,0.4755021035671234,0.0,0.30985352396965027,0.005328101571649313,0.2171514481306076,0.2209661602973938
rosenbrock,1.0,2,cholesky,5,score_function,8192,0.02,1000,4,rosenbrock,500,0.0050809383392333984,-0.6326799392700195,0.48992040753364563,0.0,0.3030775487422943,0.006255097221583128,0.2049703150987625,0.22316816449165344
rosenbrock,1.0,2,cholesky,5,score_function,8192,0.02,1000,4,rosenbrock,501,0.005036115646362305,-0.6401194334030151,0.543260931968689,0.0,0.44616198539733887,0.008210936561226845,0.346987247467041,0.2803443670272827
rosenbrock,1.0,2,cholesky,5,score_function,8192,0.02,1000,4,rosenbrock,502,0.0048601627349853516,-0.6322990655899048,0.5361743569374084,0.0,0.17722603678703308,0.007340635173022747,0.0844428688287735,0.15564249455928802
rosenbrock,1.0,2,cholesky,5,score_function,8192,0.02,1000,4,rosenbrock,503,0.004841804504394531,-0.6274473071098328,0.5299383997917175,0.0,0.21227292716503143,0.0028553102165460587,0.13396434485912323,0.1646365225315094
rosenbrock,1.0,2,cholesky,5,score_function,8192,0.02,1000,4,rosenbrock,504,0.0049288272857666016,-0.6357154250144958,0.5270563960075378,0.0,0.4401010572910309,0.008881458081305027,0.40835216641426086,0.16388572752475739
rosenbrock,1.0,2,cholesky,5,score_function,8192,0.02,1000,4,rosenbrock,505,0.004609107971191406,-0.6265199184417725,0.5696843266487122,0.0,0.22095993161201477,0.0068130167201161385,0.18428108096122742,0.12172656506299973
rosenbrock,1.0,2,cholesky,5,score_function,8192,0.02,1000,4,rosenbrock,506,0.005032062530517578,-0.6239482164382935,0.45598000288009644,0.0,0.1648206263780594,0.005781431216746569,0.12426672875881195,0.10812118649482727
rosenbrock,1.0,2,cholesky,5,score_function,8192,0.02,1000,4,rosenbrock,507,0.004599809646606445,-0.6206107139587402,0.4639030694961548,0.0,0.2039955109357834,0.00912656169384718,0.0776137262582779,0.188432976603508
rosenbrock,1.0,2,cholesky,5,score_function,8192,0.02,1000,4,rosenbrock,508,0.004766941070556641,-0.6112265586853027,0.4629780054092407,0.0,0.14260542392730713,0.01281656976789236,0.06185000017285347,0.12785391509532928
rosenbrock,1.0,2,cholesky,5,score_function,8192,0.02,1000,4,rosenbrock,509,0.004626750946044922,-0.618222177028656,0.45597854256629944,0.0,0.22919529676437378,0.009033327922224998,0.1585266888141632,0.16528211534023285
rosenbrock,1.0,2,cholesky,5,score_function,8192,0.02,1000,4,rosenbrock,510,0.00498199462890625,-0.6243330240249634,0.43041038513183594,0.0,0.251573383808136,0.006777935195714235,0.23657312989234924,0.0853017196059227
rosenbrock,1.0,2,cholesky,5,score_function,8192,0.02,1000,4,rosenbrock,511,0.004681110382080078,-0.6264985203742981,0.48364022374153137,0.0,0.21236005425453186,0.01139264740049839,0.14934386312961578,0.1505437195301056
rosenbrock,1.0,2,cholesky,5,score_function,8192,0.02,1000,4,rosenbrock,512,0.005179882049560547,-0.6193126440048218,0.4626072645187378,0.0,0.1707868129014969,0.009194339625537395,0.10330233722925186,0.13569165766239166
rosenbrock,1.0,2,cholesky,5,score_function,8192,0.02,1000,4,rosenbrock,513,0.00506591796875,-0.6267728209495544,0.4551675617694855,0.0,0.11707387864589691,0.006527054589241743,0.09318850934505463,0.07056623697280884
rosenbrock,1.0,2,cholesky,5,score_function,8192,0.02,1000,4,rosenbrock,514,0.00486302375793457,-0.6214528679847717,0.5223067402839661,0.0,0.32704171538352966,0.0047593023627996445,0.19748559594154358,0.2606397271156311
rosenbrock,1.0,2,cholesky,5,score_function,8192,0.02,1000,4,rosenbrock,515,0.004657745361328125,-0.6225631237030029,0.4579766094684601,0.0,0.1777801811695099,0.009786915965378284,0.12339863181114197,0.12760403752326965
rosenbrock,1.0,2,cholesky,5,score_function,8192,0.02,1000,4,rosenbrock,516,0.004920244216918945,-0.6242666840553284,0.49057719111442566,0.0,0.18289916217327118,0.007483565714210272,0.13089193403720856,0.12752802670001984
rosenbrock,1.0,2,cholesky,5,score_function,8192,0.02,1000,4,rosenbrock,517,0.00474095344543457,-0.6215018630027771,0.5201298594474792,0.0,0.32838183641433716,0.006481297314167023,0.3082994222640991,0.11288965493440628
rosenbrock,1.0,2,cholesky,5,score_function,8192,0.02,1000,4,rosenbrock,518,0.004761695861816406,-0.6173235177993774,0.4774770438671112,0.0,0.18469026684761047,0.007727585732936859,0.1331772655248642,0.12772859632968903
rosenbrock,1.0,2,cholesky,5,score_function,8192,0.02,1000,4,rosenbrock,519,0.00458216667175293,-0.624354362487793,0.5025659799575806,0.0,0.22324341535568237,0.012376739643514156,0.14671365916728973,0.16780805587768555
rosenbrock,1.0,2,cholesky,5,score_function,8192,0.02,1000,4,rosenbrock,520,0.005171060562133789,-0.6338245868682861,0.582802414894104,0.0,0.45869189500808716,0.0077332546934485435,0.20575787127017975,0.4098805785179138
rosenbrock,1.0,2,cholesky,5,score_function,8192,0.02,1000,4,rosenbrock,521,0.004782915115356445,-0.6182695031166077,0.5143352150917053,0.0,0.16956715285778046,0.01154294703155756,0.1605314016342163,0.05338025465607643
rosenbrock,1.0,2,cholesky,5,score_function,8192,0.02,1000,4,rosenbrock,522,0.004703998565673828,-0.6237186193466187,0.4695507287979126,0.0,0.28457731008529663,0.014693858101963997,0.2046356350183487,0.19721205532550812
rosenbrock,1.0,2,cholesky,5,score_function,8192,0.02,1000,4,rosenbrock,523,0.0051403045654296875,-0.6221880316734314,0.4596394896507263,0.0,0.22570429742336273,0.007848069071769714,0.1184031143784523,0.1919935941696167
rosenbrock,1.0,2,cholesky,5,score_function,8192,0.02,1000,4,rosenbrock,524,0.005126953125,-0.6199789047241211,0.47570639848709106,0.0,0.21255561709403992,0.0038105505518615246,0.15286944806575775,0.14763569831848145
rosenbrock,1.0,2,cholesky,5,score_function,8192,0.02,1000,4,rosenbrock,525,0.004832029342651367,-0.6107705235481262,0.4288657605648041,0.0,0.21876920759677887,0.003539846045896411,0.14419004321098328,0.16448910534381866
rosenbrock,1.0,2,cholesky,5,score_function,8192,0.02,1000,4,rosenbrock,526,0.005043983459472656,-0.6221793293952942,0.4788952171802521,0.0,0.20924198627471924,0.005471714772284031,0.1254001259803772,0.1674128770828247
rosenbrock,1.0,2,cholesky,5,score_function,8192,0.02,1000,4,rosenbrock,527,0.004786252975463867,-0.6214457750320435,0.5354369282722473,0.0,0.3089171350002289,0.006729682441800833,0.06699129939079285,0.30149075388908386
rosenbrock,1.0,2,cholesky,5,score_function,8192,0.02,1000,4,rosenbrock,528,0.004870176315307617,-0.6118862628936768,0.49180006980895996,0.0,0.3008151948451996,0.006678012665361166,0.2450619637966156,0.1743267923593521
rosenbrock,1.0,2,cholesky,5,score_function,8192,0.02,1000,4,rosenbrock,529,0.0048220157623291016,-0.6108058094978333,0.49051806330680847,0.0,0.2864946722984314,0.007411832921206951,0.11338939517736435,0.2629964053630829
rosenbrock,1.0,2,cholesky,5,score_function,8192,0.02,1000,4,rosenbrock,530,0.0046498775482177734,-0.6305418610572815,0.5347219109535217,0.0,0.2099410444498062,0.011378233321011066,0.1933576762676239,0.08098506927490234
rosenbrock,1.0,2,cholesky,5,score_function,8192,0.02,1000,4,rosenbrock,531,0.004853010177612305,-0.6148022413253784,0.48761385679244995,0.0,0.2835746109485626,0.00769082410261035,0.24083185195922852,0.14951731264591217
rosenbrock,1.0,2,cholesky,5,score_function,8192,0.02,1000,4,rosenbrock,532,0.004725933074951172,-0.626394510269165,0.5074917078018188,0.0,0.2615647315979004,0.007127609569579363,0.25148311257362366,0.07156483829021454
rosenbrock,1.0,2,cholesky,5,score_function,8192,0.02,1000,4,rosenbrock,533,0.004753828048706055,-0.6218453645706177,0.5248662829399109,0.0,0.25310561060905457,0.0063855876214802265,0.06618795543909073,0.2442147135734558
rosenbrock,1.0,2,cholesky,5,score_function,8192,0.02,1000,4,rosenbrock,534,0.004786014556884766,-0.6179108023643494,0.5288709402084351,0.0,0.21672476828098297,0.007810254581272602,0.17308910191059113,0.130187526345253
rosenbrock,1.0,2,cholesky,5,score_function,8192,0.02,1000,4,rosenbrock,535,0.0047528743743896484,-0.611359179019928,0.4730345904827118,0.0,0.10823327302932739,0.00455084815621376,0.07398532330989838,0.07886635512113571
rosenbrock,1.0,2,cholesky,5,score_function,8192,0.02,1000,4,rosenbrock,536,0.0048601627349853516,-0.6208518147468567,0.4837963283061981,0.0,0.3339538872241974,0.00927111878991127,0.2272561937570572,0.24452783167362213
rosenbrock,1.0,2,cholesky,5,score_function,8192,0.02,1000,4,rosenbrock,537,0.004968166351318359,-0.6207821369171143,0.4848938286304474,0.0,0.20919975638389587,0.008308559656143188,0.1699153035879135,0.12175507098436356
rosenbrock,1.0,2,cholesky,5,score_function,8192,0.02,1000,4,rosenbrock,538,0.0049381256103515625,-0.620451033115387,0.48355332016944885,0.0,0.21470358967781067,0.00491986982524395,0.19251401722431183,0.09493034332990646
rosenbrock,1.0,2,cholesky,5,score_function,8192,0.02,1000,4,rosenbrock,539,0.004993915557861328,-0.6267435550689697,0.5979089140892029,0.0,0.22166280448436737,0.011651553213596344,0.10860330611467361,0.19288329780101776
rosenbrock,1.0,2,cholesky,5,score_function,8192,0.02,1000,4,rosenbrock,540,0.0047452449798583984,-0.6145673394203186,0.47460517287254333,0.0,0.31650179624557495,0.004464883357286453,0.12935887277126312,0.28882473707199097
rosenbrock,1.0,2,cholesky,5,score_function,8192,0.02,1000,4,rosenbrock,541,0.00479888916015625,-0.6165268421173096,0.47672635316848755,0.0,0.14682312309741974,0.005102448631078005,0.1044217050075531,0.10308783501386642
rosenbrock,1.0,2,cholesky,5,score_function,8192,0.02,1000,4,rosenbrock,542,0.0048940181732177734,-0.6209592819213867,0.5469730496406555,0.0,0.18359793722629547,0.010344150476157665,0.12009314447641373,0.13848765194416046
rosenbrock,1.0,2,cholesky,5,score_function,8192,0.02,1000,4,rosenbrock,543,0.004953145980834961,-0.6229034066200256,0.5846199989318848,0.0,0.3431076407432556,0.009820707142353058,0.18109703063964844,0.2912563681602478
rosenbrock,1.0,2,cholesky,5,score_function,8192,0.02,1000,4,rosenbrock,544,0.004537820816040039,-0.6152762770652771,0.5133948922157288,0.0,0.22046343982219696,0.006692570634186268,0.12795868515968323,0.1794043332338333
rosenbrock,1.0,2,cholesky,5,score_function,8192,0.02,1000,4,rosenbrock,545,0.004660844802856445,-0.6172447204589844,0.4579359292984009,0.0,0.18079052865505219,0.009865861386060715,0.15180154144763947,0.0976942777633667
rosenbrock,1.0,2,cholesky,5,score_function,8192,0.02,1000,4,rosenbrock,546,0.004528045654296875,-0.617957353591919,0.49315783381462097,0.0,0.28842705488204956,0.007352507673203945,0.23453713953495026,0.16771535575389862
rosenbrock,1.0,2,cholesky,5,score_function,8192,0.02,1000,4,rosenbrock,547,0.004850864410400391,-0.617691695690155,0.4567852020263672,0.0,0.17266535758972168,0.0061204577796161175,0.09524793177843094,0.14388778805732727
rosenbrock,1.0,2,cholesky,5,score_function,8192,0.02,1000,4,rosenbrock,548,0.0047376155853271484,-0.6186280250549316,0.4998478591442108,0.0,0.2995348274707794,0.007440705318003893,0.25415951013565063,0.15833090245723724
rosenbrock,1.0,2,cholesky,5,score_function,8192,0.02,1000,4,rosenbrock,549,0.0048792362213134766,-0.6226057410240173,0.5356422066688538,0.0,0.23268836736679077,0.007701193913817406,0.13474154472351074,0.18955020606517792
rosenbrock,1.0,2,cholesky,5,score_function,8192,0.02,1000,4,rosenbrock,550,0.0047359466552734375,-0.6172436475753784,0.485159307718277,0.0,0.15931692719459534,0.007317248731851578,0.1298730969429016,0.09198541939258575
rosenbrock,1.0,2,cholesky,5,score_function,8192,0.02,1000,4,rosenbrock,551,0.005084037780761719,-0.6290892958641052,0.4974170923233032,0.0,0.38282203674316406,0.007224963046610355,0.317270964384079,0.21410195529460907
rosenbrock,1.0,2,cholesky,5,score_function,8192,0.02,1000,4,rosenbrock,552,0.0047910213470458984,-0.6183499097824097,0.5296670198440552,0.0,0.232942596077919,0.004820570349693298,0.1879744529724121,0.1374940574169159
rosenbrock,1.0,2,cholesky,5,score_function,8192,0.02,1000,4,rosenbrock,553,0.00481104850769043,-0.6196271181106567,0.4983474314212799,0.0,0.23787541687488556,0.002264189999550581,0.16650624573230743,0.1698683798313141
rosenbrock,1.0,2,cholesky,5,score_function,8192,0.02,1000,4,rosenbrock,554,0.0046041011810302734,-0.6141319274902344,0.4754473567008972,0.0,0.15409056842327118,0.006343516055494547,0.07636800408363342,0.1336846798658371
rosenbrock,1.0,2,cholesky,5,score_function,8192,0.02,1000,4,rosenbrock,555,0.00474095344543457,-0.6227039098739624,0.5053240060806274,0.0,0.17469125986099243,0.004922515247017145,0.13121244311332703,0.11522193998098373
rosenbrock,1.0,2,cholesky,5,score_function,8192,0.02,1000,4,rosenbrock,556,0.0048792362213134766,-0.607946515083313,0.46711859107017517,0.0,0.21116603910923004,0.006012741941958666,0.08678615838289261,0.19241388142108917
rosenbrock,1.0,2,cholesky,5,score_function,8192,0.02,1000,4,rosenbrock,557,0.004914283752441406,-0.6157499551773071,0.4867103695869446,0.0,0.14921212196350098,0.010671721771359444,0.12215137481689453,0.08502595126628876
rosenbrock,1.0,2,cholesky,5,score_function,8192,0.02,1000,4,rosenbrock,558,0.00471806526184082,-0.6206265687942505,0.46680009365081787,0.0,0.1450442522764206,0.005945969372987747,0.12639114260673523,0.07090669870376587
rosenbrock,1.0,2,cholesky,5,score_function,8192,0.02,1000,4,rosenbrock,559,0.004547834396362305,-0.6175066232681274,0.5024065971374512,0.0,0.15421654284000397,0.009068569168448448,0.1324097216129303,0.07853765785694122
rosenbrock,1.0,2,cholesky,5,score_function,8192,0.02,1000,4,rosenbrock,560,0.0045282840728759766,-0.6226528286933899,0.5523979663848877,0.0,0.22796738147735596,0.007813343778252602,0.1401289403438568,0.17964397370815277
rosenbrock,1.0,2,cholesky,5,score_function,8192,0.02,1000,4,rosenbrock,561,0.004877805709838867,-0.6160039901733398,0.5352948307991028,0.0,0.19791868329048157,0.008926471695303917,0.11418360471725464,0.16141323745250702
rosenbrock,1.0,2,cholesky,5,score_function,8192,0.02,1000,4,rosenbrock,562,0.004705905914306641,-0.6143296360969543,0.553785502910614,0.0,0.15088556706905365,0.008283348754048347,0.10758767277002335,0.1054643914103508
rosenbrock,1.0,2,cholesky,5,score_function,8192,0.02,1000,4,rosenbrock,563,0.00500798225402832,-0.6206018924713135,0.48373210430145264,0.0,0.24699823558330536,0.009586946107447147,0.1458672136068344,0.19909538328647614
rosenbrock,1.0,2,cholesky,5,score_function,8192,0.02,1000,4,rosenbrock,564,0.0046617984771728516,-0.6075384616851807,0.4823765754699707,0.0,0.23987480998039246,0.0071644834242761135,0.15742529928684235,0.18084761500358582
rosenbrock,1.0,2,cholesky,5,score_function,8192,0.02,1000,4,rosenbrock,565,0.0052449703216552734,-0.618050217628479,0.5548590421676636,0.0,0.29096224904060364,0.007522433064877987,0.13157851994037628,0.25940224528312683
rosenbrock,1.0,2,cholesky,5,score_function,8192,0.02,1000,4,rosenbrock,566,0.004704952239990234,-0.6237432956695557,0.528349757194519,0.0,0.16938187181949615,0.007318484131246805,0.08550581336021423,0.14603224396705627
rosenbrock,1.0,2,cholesky,5,score_function,8192,0.02,1000,4,rosenbrock,567,0.004707813262939453,-0.6091557741165161,0.45089811086654663,0.0,0.1525222212076187,0.007036920171231031,0.09104260057210922,0.12216689437627792
rosenbrock,1.0,2,cholesky,5,score_function,8192,0.02,1000,4,rosenbrock,568,0.004808902740478516,-0.6074493527412415,0.44899147748947144,0.0,0.22245489060878754,0.00962632242590189,0.18513916432857513,0.12295117229223251
rosenbrock,1.0,2,cholesky,5,score_function,8192,0.02,1000,4,rosenbrock,569,0.004771709442138672,-0.6025239825248718,0.47488632798194885,0.0,0.26976799964904785,0.004932565614581108,0.24860256910324097,0.10462880879640579
rosenbrock,1.0,2,cholesky,5,score_function,8192,0.02,1000,4,rosenbrock,570,0.004637002944946289,-0.6058962941169739,0.4857366681098938,0.0,0.14557433128356934,0.0033716405741870403,0.12583249807357788,0.07312114536762238
rosenbrock,1.0,2,cholesky,5,score_function,8192,0.02,1000,4,rosenbrock,571,0.004720926284790039,-0.6113224625587463,0.48210129141807556,0.0,0.21053944528102875,0.0052462476305663586,0.09067301452159882,0.18994140625
rosenbrock,1.0,2,cholesky,5,score_function,8192,0.02,1000,4,rosenbrock,572,0.00480198860168457,-0.6116647124290466,0.5090003609657288,0.0,0.28340476751327515,0.003861243138089776,0.15018582344055176,0.24030722677707672
rosenbrock,1.0,2,cholesky,5,score_function,8192,0.02,1000,4,rosenbrock,573,0.004703998565673828,-0.6197864413261414,0.601630687713623,0.0,0.18409958481788635,0.003675940679386258,0.11200292408466339,0.14606329798698425
rosenbrock,1.0,2,cholesky,5,score_function,8192,0.02,1000,4,rosenbrock,574,0.004839897155761719,-0.6103652715682983,0.4910026788711548,0.0,0.17884111404418945,0.00671365624293685,0.09916754066944122,0.1486770510673523
rosenbrock,1.0,2,cholesky,5,score_function,8192,0.02,1000,4,rosenbrock,575,0.004812955856323242,-0.6124066710472107,0.5687463283538818,0.0,0.19441105425357819,0.005579805001616478,0.10614015907049179,0.16278448700904846
rosenbrock,1.0,2,cholesky,5,score_function,8192,0.02,1000,4,rosenbrock,576,0.004631996154785156,-0.6139601469039917,0.4835537075996399,0.0,0.2916663587093353,0.011008062399923801,0.14251554012298584,0.25423887372016907
rosenbrock,1.0,2,cholesky,5,score_function,8192,0.02,1000,4,rosenbrock,577,0.004922151565551758,-0.6130208969116211,0.5037854909896851,0.0,0.13194836676120758,0.004759852774441242,0.10417500883340836,0.08084108680486679
rosenbrock,1.0,2,cholesky,5,score_function,8192,0.02,1000,4,rosenbrock,578,0.004851818084716797,-0.6092215180397034,0.5112144351005554,0.0,0.19382314383983612,0.004018048755824566,0.10656267404556274,0.1618507355451584
rosenbrock,1.0,2,cholesky,5,score_function,8192,0.02,1000,4,rosenbrock,579,0.0047168731689453125,-0.6116868853569031,0.6394166350364685,0.0,0.29625204205513,0.008091275580227375,0.2218150645494461,0.19620873034000397
rosenbrock,1.0,2,cholesky,5,score_function,8192,0.02,1000,4,rosenbrock,580,0.0050508975982666016,-0.6009265780448914,0.48243874311447144,0.0,0.11684093624353409,0.010390790179371834,0.07983739674091339,0.08467482030391693
rosenbrock,1.0,2,cholesky,5,score_function,8192,0.02,1000,4,rosenbrock,581,0.004785060882568359,-0.6197195053100586,0.4992158114910126,0.0,0.26441359519958496,0.007795059122145176,0.16903141140937805,0.20318011939525604
rosenbrock,1.0,2,cholesky,5,score_function,8192,0.02,1000,4,rosenbrock,582,0.004857063293457031,-0.6084827184677124,0.502862274646759,0.0,0.28720778226852417,0.003743868786841631,0.2510468363761902,0.139462411403656
rosenbrock,1.0,2,cholesky,5,score_function,8192,0.02,1000,4,rosenbrock,583,0.00465703010559082,-0.617121696472168,0.49966058135032654,0.0,0.17038582265377045,0.003866812214255333,0.05031508207321167,0.16274142265319824
rosenbrock,1.0,2,cholesky,5,score_function,8192,0.02,1000,4,rosenbrock,584,0.00472712516784668,-0.6180348992347717,0.5391215085983276,0.0,0.16964156925678253,0.007108363788574934,0.0990690141916275,0.1375247836112976
rosenbrock,1.0,2,cholesky,5,score_function,8192,0.02,1000,4,rosenbrock,585,0.0045168399810791016,-0.6124535202980042,0.4450266361236572,0.0,0.340032160282135,0.007704296614974737,0.3143374025821686,0.12943920493125916
rosenbrock,1.0,2,cholesky,5,score_function,8192,0.02,1000,4,rosenbrock,586,0.004805803298950195,-0.6176696419715881,0.5129157900810242,0.0,0.1698712259531021,0.001811058958992362,0.09878233820199966,0.13818466663360596
rosenbrock,1.0,2,cholesky,5,score_function,8192,0.02,1000,4,rosenbrock,587,0.005090951919555664,-0.6208800077438354,0.5269501209259033,0.0,0.19276684522628784,0.007029945030808449,0.09283426403999329,0.16879405081272125
rosenbrock,1.0,2,cholesky,5,score_function,8192,0.02,1000,4,rosenbrock,588,0.0046579837799072266,-0.603886067867279,0.5123408436775208,0.0,0.2751639783382416,0.006708139553666115,0.14283333718776703,0.23509331047534943
rosenbrock,1.0,2,cholesky,5,score_function,8192,0.02,1000,4,rosenbrock,589,0.004784107208251953,-0.6230571269989014,0.5307992696762085,0.0,0.19109530746936798,0.006619221530854702,0.15506424009799957,0.11148397624492645
rosenbrock,1.0,2,cholesky,5,score_function,8192,0.02,1000,4,rosenbrock,590,0.0045621395111083984,-0.6053618788719177,0.4811340272426605,0.0,0.12749117612838745,0.0042786565609276295,0.0791182667016983,0.09987989068031311
rosenbrock,1.0,2,cholesky,5,score_function,8192,0.02,1000,4,rosenbrock,591,0.004585981369018555,-0.6086021065711975,0.4658324420452118,0.0,0.12223506718873978,0.009120576083660126,0.09954600781202316,0.07034783810377121
rosenbrock,1.0,2,cholesky,5,score_function,8192,0.02,1000,4,rosenbrock,592,0.005048036575317383,-0.6243433952331543,0.5136026740074158,0.0,0.1702231764793396,0.007491664960980415,0.11408800631761551,0.1261100172996521
rosenbrock,1.0,2,cholesky,5,score_function,8192,0.02,1000,4,rosenbrock,593,0.0053632259368896484,-0.6066585183143616,0.4837068021297455,0.0,0.14015406370162964,0.008019160479307175,0.09946221858263016,0.09841809421777725
rosenbrock,1.0,2,cholesky,5,score_function,8192,0.02,1000,4,rosenbrock,594,0.005074977874755859,-0.6067966222763062,0.45930778980255127,0.0,0.1037617027759552,0.00960157997906208,0.07092498242855072,0.07512621581554413
rosenbrock,1.0,2,cholesky,5,score_function,8192,0.02,1000,4,rosenbrock,595,0.0050852298736572266,-0.6083398461341858,0.4594764709472656,0.0,0.12215863168239594,0.008593013510107994,0.07770900428295135,0.09386268258094788
rosenbrock,1.0,2,cholesky,5,score_function,8192,0.02,1000,4,rosenbrock,596,0.0046117305755615234,-0.6116639971733093,0.5009933710098267,0.0,0.23228241503238678,0.0091335354372859,0.18108834326267242,0.14518511295318604
rosenbrock,1.0,2,cholesky,5,score_function,8192,0.02,1000,4,rosenbrock,597,0.00472712516784668,-0.6119123697280884,0.5066195726394653,0.0,0.22399501502513885,0.012028391472995281,0.15075968205928802,0.1652289479970932
rosenbrock,1.0,2,cholesky,5,score_function,8192,0.02,1000,4,rosenbrock,598,0.004825115203857422,-0.6097638607025146,0.4974566400051117,0.0,0.16366097331047058,0.004517203196883202,0.13373252749443054,0.0942343920469284
rosenbrock,1.0,2,cholesky,5,score_function,8192,0.02,1000,4,rosenbrock,599,0.004663228988647461,-0.6084747314453125,0.5012292265892029,0.0,0.24754773080348969,0.008468681015074253,0.18864421546459198,0.16006721556186676
rosenbrock,1.0,2,cholesky,5,score_function,8192,0.02,1000,4,rosenbrock,600,0.0047681331634521484,-0.6091996431350708,0.5072216987609863,0.0,0.14377109706401825,0.00512823136523366,0.06925038993358612,0.12588968873023987
rosenbrock,1.0,2,cholesky,5,score_function,8192,0.02,1000,4,rosenbrock,601,0.004620075225830078,-0.6096041202545166,0.5228428840637207,0.0,0.3460254371166229,0.006914958823472261,0.12083178758621216,0.3241688907146454
rosenbrock,1.0,2,cholesky,5,score_function,8192,0.02,1000,4,rosenbrock,602,0.005054950714111328,-0.615339457988739,0.47292360663414,0.0,0.3390181362628937,0.002302085515111685,0.25968441367149353,0.21792660653591156
rosenbrock,1.0,2,cholesky,5,score_function,8192,0.02,1000,4,rosenbrock,603,0.004846096038818359,-0.6105513572692871,0.5261508226394653,0.0,0.12111549824476242,0.006972734350711107,0.08309667557477951,0.08783670514822006
rosenbrock,1.0,2,cholesky,5,score_function,8192,0.02,1000,4,rosenbrock,604,0.004981040954589844,-0.6045997738838196,0.4847968518733978,0.0,0.19286087155342102,0.008886637166142464,0.11111165583133698,0.15738660097122192
rosenbrock,1.0,2,cholesky,5,score_function,8192,0.02,1000,4,rosenbrock,605,0.005138874053955078,-0.6064385771751404,0.46652036905288696,0.0,0.22104616463184357,0.012943742796778679,0.12125685811042786,0.18436549603939056
rosenbrock,1.0,2,cholesky,5,score_function,8192,0.02,1000,4,rosenbrock,606,0.004667043685913086,-0.606207013130188,0.5322545766830444,0.0,0.2459731101989746,0.012270363047719002,0.17303335666656494,0.17438940703868866
rosenbrock,1.0,2,cholesky,5,score_function,8192,0.02,1000,4,rosenbrock,607,0.0049021244049072266,-0.6151301264762878,0.5443487763404846,0.0,0.21006962656974792,0.008169902488589287,0.17114214599132538,0.12154368311166763
rosenbrock,1.0,2,cholesky,5,score_function,8192,0.02,1000,4,rosenbrock,608,0.004915952682495117,-0.6096067428588867,0.46609416604042053,0.0,0.12956646084785461,0.011071743443608284,0.10297868400812149,0.07784777879714966
rosenbrock,1.0,2,cholesky,5,score_function,8192,0.02,1000,4,rosenbrock,609,0.004842996597290039,-0.612576961517334,0.513014018535614,0.0,0.09593819826841354,0.005795711185783148,0.06993492692708969,0.06541905552148819
rosenbrock,1.0,2,cholesky,5,score_function,8192,0.02,1000,4,rosenbrock,610,0.0045702457427978516,-0.6036461591720581,0.4869987666606903,0.0,0.1418277472257614,0.006314428523182869,0.11739165335893631,0.07933750748634338
rosenbrock,1.0,2,cholesky,5,score_function,8192,0.02,1000,4,rosenbrock,611,0.004847288131713867,-0.6160255670547485,0.5729506015777588,0.0,0.20483404397964478,0.0034535331651568413,0.14854119718074799,0.14099851250648499
rosenbrock,1.0,2,cholesky,5,score_function,8192,0.02,1000,4,rosenbrock,612,0.004682064056396484,-0.6092687249183655,0.48022910952568054,0.0,0.23910608887672424,0.008369766175746918,0.18303468823432922,0.1536228507757187
rosenbrock,1.0,2,cholesky,5,score_function,8192,0.02,1000,4,rosenbrock,613,0.004696846008300781,-0.6013292074203491,0.48042112588882446,0.0,0.12965857982635498,0.003595448564738035,0.10333897918462753,0.07822709530591965
rosenbrock,1.0,2,cholesky,5,score_function,8192,0.02,1000,4,rosenbrock,614,0.004745960235595703,-0.6064664721488953,0.554232656955719,0.0,0.30312690138816833,0.007172653917223215,0.21712078154087067,0.21140731871128082
rosenbrock,1.0,2,cholesky,5,score_function,8192,0.02,1000,4,rosenbrock,615,0.004579782485961914,-0.6058093309402466,0.5356245636940002,0.0,0.22665855288505554,0.0042244987562298775,0.10357647389173508,0.20156428217887878
rosenbrock,1.0,2,cholesky,5,score_function,8192,0.02,1000,4,rosenbrock,616,0.004724979400634766,-0.6091732978820801,0.4906845688819885,0.0,0.11180570721626282,0.0033296605106443167,0.07095737755298615,0.08633933961391449
rosenbrock,1.0,2,cholesky,5,score_function,8192,0.02,1000,4,rosenbrock,617,0.004601955413818359,-0.616586446762085,0.5422759056091309,0.0,0.2508784234523773,0.010337989777326584,0.1580103486776352,0.1945914328098297
rosenbrock,1.0,2,cholesky,5,score_function,8192,0.02,1000,4,rosenbrock,618,0.0047872066497802734,-0.6086878776550293,0.45982101559638977,0.0,0.13921158015727997,0.0030080140568315983,0.11204122751951218,0.08256860822439194
rosenbrock,1.0,2,cholesky,5,score_function,8192,0.02,1000,4,rosenbrock,619,0.0047948360443115234,-0.5991737246513367,0.4582202434539795,0.0,0.16294246912002563,0.006853234954178333,0.1393057107925415,0.08424487709999084
rosenbrock,1.0,2,cholesky,5,score_function,8192,0.02,1000,4,rosenbrock,620,0.004848957061767578,-0.609660267829895,0.508804202079773,0.0,0.15977418422698975,0.005533629562705755,0.11610209941864014,0.1096242219209671
rosenbrock,1.0,2,cholesky,5,score_function,8192,0.02,1000,4,rosenbrock,621,0.004730224609375,-0.610464870929718,0.49229347705841064,0.0,0.14324644207954407,0.009444698691368103,0.09077295660972595,0.11041110754013062
rosenbrock,1.0,2,cholesky,5,score_function,8192,0.02,1000,4,rosenbrock,622,0.004567146301269531,-0.6150527000427246,0.5869266986846924,0.0,0.13099892437458038,0.007337087299674749,0.08294089883565903,0.10113205015659332
rosenbrock,1.0,2,cholesky,5,score_function,8192,0.02,1000,4,rosenbrock,623,0.004739046096801758,-0.6070108413696289,0.5070009827613831,0.0,0.18104608356952667,0.006441261153668165,0.10233964025974274,0.149207204580307
rosenbrock,1.0,2,cholesky,5,score_function,8192,0.02,1000,4,rosenbrock,624,0.0048487186431884766,-0.6058920621871948,0.5107103586196899,0.0,0.18400652706623077,0.005157245323061943,0.12998902797698975,0.13013321161270142
rosenbrock,1.0,2,cholesky,5,score_function,8192,0.02,1000,4,rosenbrock,625,0.004766225814819336,-0.6051310896873474,0.5244941711425781,0.0,0.3033159375190735,0.009895829483866692,0.2915860414505005,0.0829470306634903
rosenbrock,1.0,2,cholesky,5,score_function,8192,0.02,1000,4,rosenbrock,626,0.004766941070556641,-0.6082976460456848,0.541942298412323,0.0,0.42174655199050903,0.004844047129154205,0.38636550307273865,0.1690218597650528
rosenbrock,1.0,2,cholesky,5,score_function,8192,0.02,1000,4,rosenbrock,627,0.004435300827026367,-0.6077039241790771,0.5294398665428162,0.0,0.14534053206443787,0.0034492029808461666,0.09487679600715637,0.1100471094250679
rosenbrock,1.0,2,cholesky,5,score_function,8192,0.02,1000,4,rosenbrock,628,0.004828214645385742,-0.6051157712936401,0.475195050239563,0.0,0.22037415206432343,0.00973590835928917,0.19953075051307678,0.09304548054933548
rosenbrock,1.0,2,cholesky,5,score_function,8192,0.02,1000,4,rosenbrock,629,0.004891872406005859,-0.6151485443115234,0.5595093965530396,0.0,0.3214956521987915,0.0049145035445690155,0.1045110896229744,0.3039945960044861
rosenbrock,1.0,2,cholesky,5,score_function,8192,0.02,1000,4,rosenbrock,630,0.004918813705444336,-0.6041807532310486,0.5296797752380371,0.0,0.23178504407405853,0.005671048071235418,0.16518712043762207,0.16249725222587585
rosenbrock,1.0,2,cholesky,5,score_function,8192,0.02,1000,4,rosenbrock,631,0.004807233810424805,-0.6060541868209839,0.5312469005584717,0.0,0.24196532368659973,0.007211743853986263,0.15473763644695282,0.18588025867938995
rosenbrock,1.0,2,cholesky,5,score_function,8192,0.02,1000,4,rosenbrock,632,0.0047588348388671875,-0.6032198071479797,0.5352486968040466,0.0,0.21454043686389923,0.004738072864711285,0.1163148358464241,0.18021102249622345
rosenbrock,1.0,2,cholesky,5,score_function,8192,0.02,1000,4,rosenbrock,633,0.004867076873779297,-0.6122227311134338,0.5470191836357117,0.0,0.1436854749917984,0.011613642796874046,0.08446808159351349,0.11565373092889786
rosenbrock,1.0,2,cholesky,5,score_function,8192,0.02,1000,4,rosenbrock,634,0.004663944244384766,-0.6041237115859985,0.4709049165248871,0.0,0.2582646906375885,0.007667257450520992,0.10289625078439713,0.23675772547721863
rosenbrock,1.0,2,cholesky,5,score_function,8192,0.02,1000,4,rosenbrock,635,0.004759073257446289,-0.6095795631408691,0.4825931191444397,0.0,0.18255694210529327,0.005684874020516872,0.1107935905456543,0.1449810266494751
rosenbrock,1.0,2,cholesky,5,score_function,8192,0.02,1000,4,rosenbrock,636,0.004567861557006836,-0.6122909784317017,0.4739885628223419,0.0,0.10126662254333496,0.0071277623064816,0.08887974917888641,0.048005349934101105
rosenbrock,1.0,2,cholesky,5,score_function,8192,0.02,1000,4,rosenbrock,637,0.004575967788696289,-0.6075369119644165,0.46823135018348694,0.0,0.15026651322841644,0.006318393629044294,0.09428548812866211,0.11683471500873566
rosenbrock,1.0,2,cholesky,5,score_function,8192,0.02,1000,4,rosenbrock,638,0.004709005355834961,-0.6083608269691467,0.4887121915817261,0.0,0.19736620783805847,0.010462462902069092,0.14098693430423737,0.13771942257881165
rosenbrock,1.0,2,cholesky,5,score_function,8192,0.02,1000,4,rosenbrock,639,0.004455089569091797,-0.6080204844474792,0.47636303305625916,0.0,0.16037176549434662,0.006911443546414375,0.12102925032377243,0.10499168932437897
rosenbrock,1.0,2,cholesky,5,score_function,8192,0.02,1000,4,rosenbrock,640,0.0045850276947021484,-0.6078178882598877,0.4517880976200104,0.0,0.22083856165409088,0.003743436187505722,0.19811709225177765,0.09749501943588257
rosenbrock,1.0,2,cholesky,5,score_function,8192,0.02,1000,4,rosenbrock,641,0.004992961883544922,-0.5899395942687988,0.47344478964805603,0.0,0.1476885825395584,0.005377257242798805,0.10923177748918533,0.0992543175816536
rosenbrock,1.0,2,cholesky,5,score_function,8192,0.02,1000,4,rosenbrock,642,0.00472712516784668,-0.5990151762962341,0.4372696578502655,0.0,0.1606157273054123,0.0078031704761087894,0.10839290171861649,0.11826876550912857
rosenbrock,1.0,2,cholesky,5,score_function,8192,0.02,1000,4,rosenbrock,643,0.004654884338378906,-0.6010775566101074,0.5000656247138977,0.0,0.17858095467090607,0.007706041913479567,0.16155028343200684,0.07571841776371002
rosenbrock,1.0,2,cholesky,5,score_function,8192,0.02,1000,4,rosenbrock,644,0.0045816898345947266,-0.6024489998817444,0.5139371156692505,0.0,0.3145793378353119,0.005846209824085236,0.30307915806770325,0.08407732844352722
rosenbrock,1.0,2,cholesky,5,score_function,8192,0.02,1000,4,rosenbrock,645,0.004550933837890625,-0.6055373549461365,0.4960644543170929,0.0,0.2477700114250183,0.005361392628401518,0.22751028835773468,0.09798116236925125
rosenbrock,1.0,2,cholesky,5,score_function,8192,0.02,1000,4,rosenbrock,646,0.004536151885986328,-0.6126608848571777,0.557251513004303,0.0,0.15389977395534515,0.005695804953575134,0.0804993137717247,0.13104410469532013
rosenbrock,1.0,2,cholesky,5,score_function,8192,0.02,1000,4,rosenbrock,647,0.004515171051025391,-0.6059664487838745,0.4823441505432129,0.0,0.34993910789489746,0.005767198745161295,0.23143942654132843,0.2624117136001587
rosenbrock,1.0,2,cholesky,5,score_function,8192,0.02,1000,4,rosenbrock,648,0.004537105560302734,-0.599959135055542,0.6147515177726746,0.0,0.23033125698566437,0.006380112376064062,0.0980587899684906,0.20831768214702606
rosenbrock,1.0,2,cholesky,5,score_function,8192,0.02,1000,4,rosenbrock,649,0.0044918060302734375,-0.6066352128982544,0.47918128967285156,0.0,0.17420290410518646,0.004080764949321747,0.09431671351194382,0.14640477299690247
rosenbrock,1.0,2,cholesky,5,score_function,8192,0.02,1000,4,rosenbrock,650,0.004521846771240234,-0.6191346049308777,0.5258554816246033,0.0,0.32354122400283813,0.008071411401033401,0.2510870099067688,0.203885018825531
rosenbrock,1.0,2,cholesky,5,score_function,8192,0.02,1000,4,rosenbrock,651,0.004551887512207031,-0.59726881980896,0.5602754354476929,0.0,0.19497692584991455,0.006391191855072975,0.07713586091995239,0.17895588278770447
rosenbrock,1.0,2,cholesky,5,score_function,8192,0.02,1000,4,rosenbrock,652,0.004528045654296875,-0.6027830839157104,0.4811583161354065,0.0,0.18325918912887573,0.007579579949378967,0.13094936311244965,0.12797947227954865
rosenbrock,1.0,2,cholesky,5,score_function,8192,0.02,1000,4,rosenbrock,653,0.00457000732421875,-0.6083204746246338,0.5309430360794067,0.0,0.306235671043396,0.006183449644595385,0.18090157210826874,0.24701550602912903
rosenbrock,1.0,2,cholesky,5,score_function,8192,0.02,1000,4,rosenbrock,654,0.0045092105865478516,-0.5991410613059998,0.5599335432052612,0.0,0.2274358719587326,0.005819545593112707,0.1759011447429657,0.1440555304288864
rosenbrock,1.0,2,cholesky,5,score_function,8192,0.02,1000,4,rosenbrock,655,0.004505634307861328,-0.6102422475814819,0.6488201022148132,0.0,0.4693838953971863,0.009965105913579464,0.41542449593544006,0.2182759940624237
rosenbrock,1.0,2,cholesky,5,score_function,8192,0.02,1000,4,rosenbrock,656,0.004488945007324219,-0.6105190515518188,0.5129696130752563,0.0,0.1451312005519867,0.011110908351838589,0.062433477491140366,0.1305437535047531
rosenbrock,1.0,2,cholesky,5,score_function,8192,0.02,1000,4,rosenbrock,657,0.004496097564697266,-0.5994771718978882,0.5466315150260925,0.0,0.2862659990787506,0.009787562303245068,0.11592632532119751,0.26155978441238403
rosenbrock,1.0,2,cholesky,5,score_function,8192,0.02,1000,4,rosenbrock,658,0.0045070648193359375,-0.6068484783172607,0.4801560044288635,0.0,0.1566881239414215,0.0030698159243911505,0.10504806041717529,0.11621812731027603
rosenbrock,1.0,2,cholesky,5,score_function,8192,0.02,1000,4,rosenbrock,659,0.004506111145019531,-0.6105765700340271,0.5007588863372803,0.0,0.2229762226343155,0.006741503719240427,0.18036644160747528,0.1309232860803604
rosenbrock,1.0,2,cholesky,5,score_function,8192,0.02,1000,4,rosenbrock,660,0.00459599494934082,-0.6013512015342712,0.5246604681015015,0.0,0.44249600172042847,0.002859469735994935,0.31665223836898804,0.30907267332077026
rosenbrock,1.0,2,cholesky,5,score_function,8192,0.02,1000,4,rosenbrock,661,0.004828929901123047,-0.5974751710891724,0.5183214545249939,0.0,0.3559030592441559,0.0031476051080971956,0.3223452866077423,0.15083298087120056
rosenbrock,1.0,2,cholesky,5,score_function,8192,0.02,1000,4,rosenbrock,662,0.004935264587402344,-0.5915243625640869,0.4599882662296295,0.0,0.149173766374588,0.010012946091592312,0.12357522547245026,0.08295611292123795
rosenbrock,1.0,2,cholesky,5,score_function,8192,0.02,1000,4,rosenbrock,663,0.0046918392181396484,-0.6109697222709656,0.5709745287895203,0.0,0.2282099425792694,0.004655608907341957,0.13557200133800507,0.18351657688617706
rosenbrock,1.0,2,cholesky,5,score_function,8192,0.02,1000,4,rosenbrock,664,0.0048809051513671875,-0.593011736869812,0.4942362606525421,0.0,0.2432965785264969,0.006011391524225473,0.22017048299312592,0.10335399210453033
rosenbrock,1.0,2,cholesky,5,score_function,8192,0.02,1000,4,rosenbrock,665,0.004771232604980469,-0.6057531237602234,0.5300217270851135,0.0,0.20954567193984985,0.007765111979097128,0.1645151674747467,0.12955251336097717
rosenbrock,1.0,2,cholesky,5,score_function,8192,0.02,1000,4,rosenbrock,666,0.005205869674682617,-0.6183090209960938,0.6081619262695312,0.0,0.4277231693267822,0.009733346290886402,0.25463753938674927,0.3435288369655609
rosenbrock,1.0,2,cholesky,5,score_function,8192,0.02,1000,4,rosenbrock,667,0.004613161087036133,-0.6037837266921997,0.5107672810554504,0.0,0.23113654553890228,0.009396708570420742,0.18804828822612762,0.13406582176685333
rosenbrock,1.0,2,cholesky,5,score_function,8192,0.02,1000,4,rosenbrock,668,0.004603147506713867,-0.6068114638328552,0.49850592017173767,0.0,0.16466930508613586,0.006819745060056448,0.09084906429052353,0.13717113435268402
rosenbrock,1.0,2,cholesky,5,score_function,8192,0.02,1000,4,rosenbrock,669,0.004796028137207031,-0.5980231761932373,0.49411749839782715,0.0,0.20223896205425262,0.004058550111949444,0.11023618280887604,0.16950547695159912
rosenbrock,1.0,2,cholesky,5,score_function,8192,0.02,1000,4,rosenbrock,670,0.0046269893646240234,-0.602199375629425,0.5416427254676819,0.0,0.2005198895931244,0.003257921664044261,0.14182333648204803,0.14171716570854187
rosenbrock,1.0,2,cholesky,5,score_function,8192,0.02,1000,4,rosenbrock,671,0.004879951477050781,-0.600627064704895,0.4712929129600525,0.0,0.2431490421295166,0.0055796802043914795,0.21782299876213074,0.10790488868951797
rosenbrock,1.0,2,cholesky,5,score_function,8192,0.02,1000,4,rosenbrock,672,0.004814863204956055,-0.5968241095542908,0.46583813428878784,0.0,0.23753464221954346,0.004723005462437868,0.18324820697307587,0.15106453001499176
rosenbrock,1.0,2,cholesky,5,score_function,8192,0.02,1000,4,rosenbrock,673,0.0046977996826171875,-0.6110263466835022,0.4776332676410675,0.0,0.2153557538986206,0.009985661134123802,0.19357484579086304,0.09384647756814957
rosenbrock,1.0,2,cholesky,5,score_function,8192,0.02,1000,4,rosenbrock,674,0.004415988922119141,-0.6002978682518005,0.4464309811592102,0.0,0.31175345182418823,0.0048626200295984745,0.2826557159423828,0.131424218416214
rosenbrock,1.0,2,cholesky,5,score_function,8192,0.02,1000,4,rosenbrock,675,0.004673004150390625,-0.6066464185714722,0.5188035368919373,0.0,0.19069227576255798,0.007866877131164074,0.14405523240566254,0.12469862401485443
rosenbrock,1.0,2,cholesky,5,score_function,8192,0.02,1000,4,rosenbrock,676,0.005059003829956055,-0.5931910872459412,0.46801257133483887,0.0,0.14418403804302216,0.011036847718060017,0.12433642148971558,0.07216427475214005
rosenbrock,1.0,2,cholesky,5,score_function,8192,0.02,1000,4,rosenbrock,677,0.0048370361328125,-0.5974951982498169,0.47707799077033997,0.0,0.3526246249675751,0.0102651072666049,0.26908478140830994,0.22766675055027008
rosenbrock,1.0,2,cholesky,5,score_function,8192,0.02,1000,4,rosenbrock,678,0.004954099655151367,-0.6058643460273743,0.48278817534446716,0.0,0.22792327404022217,0.009529022499918938,0.21759097278118134,0.06717432290315628
rosenbrock,1.0,2,cholesky,5,score_function,8192,0.02,1000,4,rosenbrock,679,0.005131959915161133,-0.5988080501556396,0.4749489426612854,0.0,0.27427467703819275,0.0091689582914114,0.266107976436615,0.06579570472240448
rosenbrock,1.0,2,cholesky,5,score_function,8192,0.02,1000,4,rosenbrock,680,0.004745960235595703,-0.5911469459533691,0.5133309960365295,0.0,0.1381176859140396,0.004550904501229525,0.11562015861272812,0.07541726529598236
rosenbrock,1.0,2,cholesky,5,score_function,8192,0.02,1000,4,rosenbrock,681,0.004763126373291016,-0.6041051149368286,0.5409826040267944,0.0,0.21796618402004242,0.007156576961278915,0.14786803722381592,0.15997838973999023
rosenbrock,1.0,2,cholesky,5,score_function,8192,0.02,1000,4,rosenbrock,682,0.005073070526123047,-0.6058929562568665,0.5045217871665955,0.0,0.1536981165409088,0.008478761650621891,0.08885158598423004,0.1251264065504074
rosenbrock,1.0,2,cholesky,5,score_function,8192,0.02,1000,4,rosenbrock,683,0.005148172378540039,-0.5982757806777954,0.4945959746837616,0.0,0.2703380286693573,0.010205939412117004,0.12924541532993317,0.23722165822982788
rosenbrock,1.0,2,cholesky,5,score_function,8192,0.02,1000,4,rosenbrock,684,0.004764080047607422,-0.6115337610244751,0.6454722881317139,0.0,0.22632820904254913,0.010566498152911663,0.1691364049911499,0.15001894533634186
rosenbrock,1.0,2,cholesky,5,score_function,8192,0.02,1000,4,rosenbrock,685,0.004744052886962891,-0.6074156165122986,0.48961126804351807,0.0,0.26216357946395874,0.004068310372531414,0.22898077964782715,0.12759698927402496
rosenbrock,1.0,2,cholesky,5,score_function,8192,0.02,1000,4,rosenbrock,686,0.00462794303894043,-0.5974544882774353,0.4845268726348877,0.0,0.12104170024394989,0.005202010739594698,0.044654589146375656,0.11238328367471695
rosenbrock,1.0,2,cholesky,5,score_function,8192,0.02,1000,4,rosenbrock,687,0.004755973815917969,-0.601691722869873,0.5097886323928833,0.0,0.21488259732723236,0.004871200304478407,0.18050533533096313,0.11648444086313248
rosenbrock,1.0,2,cholesky,5,score_function,8192,0.02,1000,4,rosenbrock,688,0.004827260971069336,-0.5988898277282715,0.5098002552986145,0.0,0.1511712372303009,0.00809647049754858,0.05972003936767578,0.13863876461982727
rosenbrock,1.0,2,cholesky,5,score_function,8192,0.02,1000,4,rosenbrock,689,0.004884958267211914,-0.590507447719574,0.4526841640472412,0.0,0.159138023853302,0.0037212923634797335,0.0819321870803833,0.13637512922286987
rosenbrock,1.0,2,cholesky,5,score_function,8192,0.02,1000,4,rosenbrock,690,0.004709720611572266,-0.6070220470428467,0.49988600611686707,0.0,0.22694997489452362,0.006479296833276749,0.1084587574005127,0.19925111532211304
rosenbrock,1.0,2,cholesky,5,score_function,8192,0.02,1000,4,rosenbrock,691,0.004649162292480469,-0.5955864191055298,0.483111709356308,0.0,0.2072412073612213,0.0068028694950044155,0.1289936751127243,0.1620595008134842
rosenbrock,1.0,2,cholesky,5,score_function,8192,0.02,1000,4,rosenbrock,692,0.004681825637817383,-0.5946545600891113,0.46928492188453674,0.0,0.14283636212348938,0.005754307843744755,0.05757709592580795,0.13059094548225403
rosenbrock,1.0,2,cholesky,5,score_function,8192,0.02,1000,4,rosenbrock,693,0.004695892333984375,-0.5996856093406677,0.5118277072906494,0.0,0.2427733689546585,0.007625289261341095,0.11698082089424133,0.21259409189224243
rosenbrock,1.0,2,cholesky,5,score_function,8192,0.02,1000,4,rosenbrock,694,0.004758119583129883,-0.6064310073852539,0.5384336113929749,0.0,0.274304062128067,0.007552284747362137,0.05837855488061905,0.26791346073150635
rosenbrock,1.0,2,cholesky,5,score_function,8192,0.02,1000,4,rosenbrock,695,0.004869222640991211,-0.6000836491584778,0.5554543733596802,0.0,0.2256539762020111,0.00291464407928288,0.18635140359401703,0.1272178292274475
rosenbrock,1.0,2,cholesky,5,score_function,8192,0.02,1000,4,rosenbrock,696,0.005334138870239258,-0.598455011844635,0.5743293762207031,0.0,0.25399574637413025,0.0047334348782896996,0.11188431084156036,0.22797660529613495
rosenbrock,1.0,2,cholesky,5,score_function,8192,0.02,1000,4,rosenbrock,697,0.005777120590209961,-0.6056435108184814,0.4905918836593628,0.0,0.11117098480463028,0.0030777251813560724,0.07874486595392227,0.07841403037309647
rosenbrock,1.0,2,cholesky,5,score_function,8192,0.02,1000,4,rosenbrock,698,0.005605936050415039,-0.6054896712303162,0.4960266053676605,0.0,0.16656769812107086,0.0033897224348038435,0.08522788435220718,0.143071711063385
rosenbrock,1.0,2,cholesky,5,score_function,8192,0.02,1000,4,rosenbrock,699,0.005202054977416992,-0.5929356217384338,0.49338269233703613,0.0,0.16277410089969635,0.010701525956392288,0.13721324503421783,0.08691038936376572
rosenbrock,1.0,2,cholesky,5,score_function,8192,0.02,1000,4,rosenbrock,700,0.008141040802001953,-0.593876838684082,0.5386370420455933,0.0,0.2023857980966568,0.010293464176356792,0.14480893313884735,0.14101219177246094
rosenbrock,1.0,2,cholesky,5,score_function,8192,0.02,1000,4,rosenbrock,701,0.008246898651123047,-0.5973538756370544,0.5079302191734314,0.0,0.18787547945976257,0.006176291964948177,0.12642215192317963,0.13883979618549347
rosenbrock,1.0,2,cholesky,5,score_function,8192,0.02,1000,4,rosenbrock,702,0.005375862121582031,-0.5938257575035095,0.5056241154670715,0.0,0.2278675138950348,0.010361423715949059,0.21761710941791534,0.06677605211734772
rosenbrock,1.0,2,cholesky,5,score_function,8192,0.02,1000,4,rosenbrock,703,0.005465269088745117,-0.6043797731399536,0.5379796624183655,0.0,0.2091650664806366,0.008591077290475368,0.11997375637292862,0.17112135887145996
rosenbrock,1.0,2,cholesky,5,score_function,8192,0.02,1000,4,rosenbrock,704,0.007928133010864258,-0.6064459085464478,0.5593945980072021,0.0,0.3265654742717743,0.007530072703957558,0.20042775571346283,0.25771498680114746
rosenbrock,1.0,2,cholesky,5,score_function,8192,0.02,1000,4,rosenbrock,705,0.005889892578125,-0.5951443314552307,0.48134294152259827,0.0,0.11333132535219193,0.005747251212596893,0.07527767866849899,0.08452354371547699
rosenbrock,1.0,2,cholesky,5,score_function,8192,0.02,1000,4,rosenbrock,706,0.005920886993408203,-0.5944100022315979,0.5492722392082214,0.0,0.20316551625728607,0.006525949575006962,0.1283738911151886,0.1573333442211151
rosenbrock,1.0,2,cholesky,5,score_function,8192,0.02,1000,4,rosenbrock,707,0.005178213119506836,-0.600454568862915,0.5115410685539246,0.0,0.20535068213939667,0.006345274392515421,0.1816132515668869,0.09563085436820984
rosenbrock,1.0,2,cholesky,5,score_function,8192,0.02,1000,4,rosenbrock,708,0.006442070007324219,-0.6004635691642761,0.5158351063728333,0.0,0.16151991486549377,0.005521553102880716,0.10075938701629639,0.12611797451972961
rosenbrock,1.0,2,cholesky,5,score_function,8192,0.02,1000,4,rosenbrock,709,0.005712985992431641,-0.5988050699234009,0.5791302919387817,0.0,0.2739134132862091,0.012419302016496658,0.15849797427654266,0.22305315732955933
rosenbrock,1.0,2,cholesky,5,score_function,8192,0.02,1000,4,rosenbrock,710,0.005862712860107422,-0.5940622091293335,0.48828205466270447,0.0,0.19585971534252167,0.0110489372164011,0.13998033106327057,0.13654468953609467
rosenbrock,1.0,2,cholesky,5,score_function,8192,0.02,1000,4,rosenbrock,711,0.005576133728027344,-0.6075987219810486,0.6018063426017761,0.0,0.25584876537323,0.005736581981182098,0.15323708951473236,0.20480257272720337
rosenbrock,1.0,2,cholesky,5,score_function,8192,0.02,1000,4,rosenbrock,712,0.005069255828857422,-0.5956825017929077,0.5364598631858826,0.0,0.1693452000617981,0.0017461327370256186,0.0778108686208725,0.15040019154548645
rosenbrock,1.0,2,cholesky,5,score_function,8192,0.02,1000,4,rosenbrock,713,0.0046808719635009766,-0.6014178991317749,0.6011872887611389,0.0,0.20668542385101318,0.005455572623759508,0.10250833630561829,0.1793910264968872
rosenbrock,1.0,2,cholesky,5,score_function,8192,0.02,1000,4,rosenbrock,714,0.0050048828125,-0.6064990758895874,0.4717516601085663,0.0,0.1867503672838211,0.007607693783938885,0.16846318542957306,0.08023697882890701
rosenbrock,1.0,2,cholesky,5,score_function,8192,0.02,1000,4,rosenbrock,715,0.004827022552490234,-0.5913596749305725,0.44143348932266235,0.0,0.14828796684741974,0.007587307598441839,0.04091095179319382,0.14233076572418213
rosenbrock,1.0,2,cholesky,5,score_function,8192,0.02,1000,4,rosenbrock,716,0.004783153533935547,-0.5926518440246582,0.4852721393108368,0.0,0.22612528502941132,0.007221100386232138,0.1576845794916153,0.16191375255584717
rosenbrock,1.0,2,cholesky,5,score_function,8192,0.02,1000,4,rosenbrock,717,0.004645824432373047,-0.5912207365036011,0.4595806896686554,0.0,0.21271030604839325,0.004191570449620485,0.07656136155128479,0.1984098255634308
rosenbrock,1.0,2,cholesky,5,score_function,8192,0.02,1000,4,rosenbrock,718,0.005235910415649414,-0.5943603515625,0.4729243516921997,0.0,0.1817650943994522,0.009303380735218525,0.08323287218809128,0.16132044792175293
rosenbrock,1.0,2,cholesky,5,score_function,8192,0.02,1000,4,rosenbrock,719,0.0045278072357177734,-0.593435525894165,0.5030509829521179,0.0,0.09574107080698013,0.006689883768558502,0.04397715628147125,0.084779754281044
rosenbrock,1.0,2,cholesky,5,score_function,8192,0.02,1000,4,rosenbrock,720,0.0047609806060791016,-0.6042394638061523,0.4818689227104187,0.0,0.23294535279273987,0.0036387050058692694,0.17007091641426086,0.15914200246334076
rosenbrock,1.0,2,cholesky,5,score_function,8192,0.02,1000,4,rosenbrock,721,0.004787921905517578,-0.5953773260116577,0.5343539714813232,0.0,0.15659260749816895,0.0079753827303648,0.11277692764997482,0.10834667831659317
rosenbrock,1.0,2,cholesky,5,score_function,8192,0.02,1000,4,rosenbrock,722,0.004616975784301758,-0.60431307554245,0.49966222047805786,0.0,0.14465497434139252,0.008902139030396938,0.09636534750461578,0.10751527547836304
rosenbrock,1.0,2,cholesky,5,score_function,8192,0.02,1000,4,rosenbrock,723,0.004801034927368164,-0.5985544919967651,0.4924740791320801,0.0,0.10401131957769394,0.0039508226327598095,0.04919254407286644,0.09155784547328949
rosenbrock,1.0,2,cholesky,5,score_function,8192,0.02,1000,4,rosenbrock,724,0.0048351287841796875,-0.5866805911064148,0.4615338146686554,0.0,0.14160630106925964,0.011962182819843292,0.09707131236791611,0.1024031713604927
rosenbrock,1.0,2,cholesky,5,score_function,8192,0.02,1000,4,rosenbrock,725,0.0046460628509521484,-0.5965765714645386,0.486567884683609,0.0,0.21374133229255676,0.003054057015106082,0.19404754042625427,0.0895632728934288
rosenbrock,1.0,2,cholesky,5,score_function,8192,0.02,1000,4,rosenbrock,726,0.004786968231201172,-0.596358060836792,0.5365480184555054,0.0,0.20168137550354004,0.007200316060334444,0.1315239667892456,0.1527251899242401
rosenbrock,1.0,2,cholesky,5,score_function,8192,0.02,1000,4,rosenbrock,727,0.004689216613769531,-0.600358247756958,0.48105186223983765,0.0,0.1718306541442871,0.006666527129709721,0.09090115875005722,0.14566506445407867
rosenbrock,1.0,2,cholesky,5,score_function,8192,0.02,1000,4,rosenbrock,728,0.005202054977416992,-0.5942383408546448,0.5019528269767761,0.0,0.18589308857917786,0.006588059011846781,0.13837987184524536,0.12395099550485611
rosenbrock,1.0,2,cholesky,5,score_function,8192,0.02,1000,4,rosenbrock,729,0.0045719146728515625,-0.598492443561554,0.516208827495575,0.0,0.25914761424064636,0.008489396423101425,0.1689760535955429,0.19629701972007751
rosenbrock,1.0,2,cholesky,5,score_function,8192,0.02,1000,4,rosenbrock,730,0.004561901092529297,-0.6030250787734985,0.5312812924385071,0.0,0.1573648899793625,0.006637093145400286,0.09372150897979736,0.12623761594295502
rosenbrock,1.0,2,cholesky,5,score_function,8192,0.02,1000,4,rosenbrock,731,0.0045278072357177734,-0.59568190574646,0.510420560836792,0.0,0.27203115820884705,0.008471593260765076,0.21726302802562714,0.16348077356815338
rosenbrock,1.0,2,cholesky,5,score_function,8192,0.02,1000,4,rosenbrock,732,0.00467991828918457,-0.5939921140670776,0.5160467028617859,0.0,0.23096716403961182,0.007553305011242628,0.13336607813835144,0.18842044472694397
rosenbrock,1.0,2,cholesky,5,score_function,8192,0.02,1000,4,rosenbrock,733,0.0049359798431396484,-0.598625898361206,0.6621435880661011,0.0,0.2770838737487793,0.011590875685214996,0.15574410557746887,0.228877454996109
rosenbrock,1.0,2,cholesky,5,score_function,8192,0.02,1000,4,rosenbrock,734,0.004857778549194336,-0.5972957611083984,0.5090235471725464,0.0,0.2222718745470047,0.007075210567563772,0.13334921002388,0.1776871234178543
rosenbrock,1.0,2,cholesky,5,score_function,8192,0.02,1000,4,rosenbrock,735,0.0045239925384521484,-0.5898029804229736,0.49953165650367737,0.0,0.14172522723674774,0.008368800394237041,0.07035640627145767,0.12274354696273804
rosenbrock,1.0,2,cholesky,5,score_function,8192,0.02,1000,4,rosenbrock,736,0.004795074462890625,-0.5878233909606934,0.4769695997238159,0.0,0.13495513796806335,0.00442586001008749,0.05468807741999626,0.12329848855733871
rosenbrock,1.0,2,cholesky,5,score_function,8192,0.02,1000,4,rosenbrock,737,0.004854917526245117,-0.5928984880447388,0.5275027751922607,0.0,0.17984148859977722,0.00911517720669508,0.15023407340049744,0.09843574464321136
rosenbrock,1.0,2,cholesky,5,score_function,8192,0.02,1000,4,rosenbrock,738,0.004762172698974609,-0.5959870219230652,0.5035354495048523,0.0,0.13096284866333008,0.007425504736602306,0.07420214265584946,0.10765767097473145
rosenbrock,1.0,2,cholesky,5,score_function,8192,0.02,1000,4,rosenbrock,739,0.004673004150390625,-0.5914815068244934,0.5175005197525024,0.0,0.21749716997146606,0.0037662689574062824,0.18664425611495972,0.11160087585449219
rosenbrock,1.0,2,cholesky,5,score_function,8192,0.02,1000,4,rosenbrock,740,0.004694938659667969,-0.5989465117454529,0.50502610206604,0.0,0.1385379135608673,0.004258655942976475,0.10128025710582733,0.09442946314811707
rosenbrock,1.0,2,cholesky,5,score_function,8192,0.02,1000,4,rosenbrock,741,0.004659175872802734,-0.5929045677185059,0.48438456654548645,0.0,0.17108048498630524,0.004569117445498705,0.12215419113636017,0.11969131976366043
rosenbrock,1.0,2,cholesky,5,score_function,8192,0.02,1000,4,rosenbrock,742,0.0047910213470458984,-0.5985766649246216,0.4812392592430115,0.0,0.17986421287059784,0.007154814433306456,0.11930585652589798,0.13441002368927002
rosenbrock,1.0,2,cholesky,5,score_function,8192,0.02,1000,4,rosenbrock,743,0.005007028579711914,-0.6074727177619934,0.5310479402542114,0.0,0.15391378104686737,0.004924185574054718,0.1343315839767456,0.07496819645166397
rosenbrock,1.0,2,cholesky,5,score_function,8192,0.02,1000,4,rosenbrock,744,0.005024909973144531,-0.5979418754577637,0.5284129977226257,0.0,0.21558931469917297,0.00400021206587553,0.13040660321712494,0.17163001000881195
rosenbrock,1.0,2,cholesky,5,score_function,8192,0.02,1000,4,rosenbrock,745,0.004504680633544922,-0.5906032919883728,0.4607923924922943,0.0,0.11287784576416016,0.002472371095791459,0.08981514722108841,0.0683266744017601
rosenbrock,1.0,2,cholesky,5,score_function,8192,0.02,1000,4,rosenbrock,746,0.0046939849853515625,-0.5955275297164917,0.5610211491584778,0.0,0.2513541877269745,0.0026745933573693037,0.22573333978652954,0.1105271428823471
rosenbrock,1.0,2,cholesky,5,score_function,8192,0.02,1000,4,rosenbrock,747,0.004559993743896484,-0.5896843671798706,0.5333403944969177,0.0,0.25510647892951965,0.0066919210366904736,0.17860934138298035,0.18202537298202515
rosenbrock,1.0,2,cholesky,5,score_function,8192,0.02,1000,4,rosenbrock,748,0.004662990570068359,-0.6088299751281738,0.6971131563186646,0.0,0.5018904805183411,0.006807711906731129,0.14291639626026154,0.4810640811920166
rosenbrock,1.0,2,cholesky,5,score_function,8192,0.02,1000,4,rosenbrock,749,0.004912137985229492,-0.5973069667816162,0.5688605904579163,0.0,0.26609018445014954,0.009883766062557697,0.15739679336547852,0.21431878209114075
rosenbrock,1.0,2,cholesky,5,score_function,8192,0.02,1000,4,rosenbrock,750,0.0048520565032958984,-0.5775057077407837,0.46950069069862366,0.0,0.17785315215587616,0.011500482447445393,0.10068485885858536,0.14615760743618011
rosenbrock,1.0,2,cholesky,5,score_function,8192,0.02,1000,4,rosenbrock,751,0.005023002624511719,-0.5949081182479858,0.5753865838050842,0.0,0.1703917384147644,0.008469982072710991,0.09304125607013702,0.14249536395072937
rosenbrock,1.0,2,cholesky,5,score_function,8192,0.02,1000,4,rosenbrock,752,0.004725933074951172,-0.5953496098518372,0.5204557180404663,0.0,0.3056088984012604,0.008107924833893776,0.20322036743164062,0.22810643911361694
rosenbrock,1.0,2,cholesky,5,score_function,8192,0.02,1000,4,rosenbrock,753,0.00503993034362793,-0.5868565440177917,0.49400267004966736,0.0,0.2836962640285492,0.0068776593543589115,0.24226436018943787,0.1474592536687851
rosenbrock,1.0,2,cholesky,5,score_function,8192,0.02,1000,4,rosenbrock,754,0.004814863204956055,-0.5988702774047852,0.4965907037258148,0.0,0.19127987325191498,0.0067852274514734745,0.15304319560527802,0.11454140394926071
rosenbrock,1.0,2,cholesky,5,score_function,8192,0.02,1000,4,rosenbrock,755,0.004587888717651367,-0.6000757217407227,0.5141090750694275,0.0,0.19031886756420135,0.013787943869829178,0.13027295470237732,0.1380583643913269
rosenbrock,1.0,2,cholesky,5,score_function,8192,0.02,1000,4,rosenbrock,756,0.004765748977661133,-0.6053549647331238,0.5230118632316589,0.0,0.30285608768463135,0.008328309282660484,0.22432787716388702,0.2032964676618576
rosenbrock,1.0,2,cholesky,5,score_function,8192,0.02,1000,4,rosenbrock,757,0.004968881607055664,-0.5971657037734985,0.5032529830932617,0.0,0.1970658004283905,0.00947248563170433,0.13410684466362,0.14408524334430695
rosenbrock,1.0,2,cholesky,5,score_function,8192,0.02,1000,4,rosenbrock,758,0.004624128341674805,-0.6071593761444092,0.7185008525848389,0.0,0.37129664421081543,0.008135959506034851,0.2538725435733795,0.2708204984664917
rosenbrock,1.0,2,cholesky,5,score_function,8192,0.02,1000,4,rosenbrock,759,0.004403352737426758,-0.5823246240615845,0.4965452551841736,0.0,0.3208062946796417,0.00910014845430851,0.2694251537322998,0.17390787601470947
rosenbrock,1.0,2,cholesky,5,score_function,8192,0.02,1000,4,rosenbrock,760,0.004586696624755859,-0.6007188558578491,0.5507097244262695,0.0,0.2545429766178131,0.006973423529416323,0.23699703812599182,0.09260611981153488
rosenbrock,1.0,2,cholesky,5,score_function,8192,0.02,1000,4,rosenbrock,761,0.004760265350341797,-0.6016252040863037,0.5743139386177063,0.0,0.2284812480211258,0.011249837465584278,0.1852434128522873,0.1332741677761078
rosenbrock,1.0,2,cholesky,5,score_function,8192,0.02,1000,4,rosenbrock,762,0.0047359466552734375,-0.5903638005256653,0.4939521253108978,0.0,0.22919701039791107,0.005930840503424406,0.20226946473121643,0.1076250895857811
rosenbrock,1.0,2,cholesky,5,score_function,8192,0.02,1000,4,rosenbrock,763,0.004872322082519531,-0.5912970900535583,0.47551998496055603,0.0,0.18101005256175995,0.007366039324551821,0.09618663042783737,0.15316171944141388
rosenbrock,1.0,2,cholesky,5,score_function,8192,0.02,1000,4,rosenbrock,764,0.0046122074127197266,-0.5930068492889404,0.6043577790260315,0.0,0.27061623334884644,0.005883704870939255,0.18255990743637085,0.1996757686138153
rosenbrock,1.0,2,cholesky,5,score_function,8192,0.02,1000,4,rosenbrock,765,0.004439115524291992,-0.5869051218032837,0.5275343656539917,0.0,0.22862829267978668,0.00452690664678812,0.16705042123794556,0.1560274362564087
rosenbrock,1.0,2,cholesky,5,score_function,8192,0.02,1000,4,rosenbrock,766,0.004617929458618164,-0.59038907289505,0.505814254283905,0.0,0.27458617091178894,0.005315534770488739,0.22542062401771545,0.15669985115528107
rosenbrock,1.0,2,cholesky,5,score_function,8192,0.02,1000,4,rosenbrock,767,0.004939079284667969,-0.5896561145782471,0.5213897228240967,0.0,0.1948392540216446,0.010876042768359184,0.13722626864910126,0.13788765668869019
rosenbrock,1.0,2,cholesky,5,score_function,8192,0.02,1000,4,rosenbrock,768,0.004758119583129883,-0.5980697274208069,0.5599653124809265,0.0,0.1882125735282898,0.008657682687044144,0.11948498338460922,0.14516319334506989
rosenbrock,1.0,2,cholesky,5,score_function,8192,0.02,1000,4,rosenbrock,769,0.004922151565551758,-0.5923941135406494,0.48992323875427246,0.0,0.24566423892974854,0.008647658862173557,0.19697658717632294,0.14654816687107086
rosenbrock,1.0,2,cholesky,5,score_function,8192,0.02,1000,4,rosenbrock,770,0.004759073257446289,-0.5936057567596436,0.46147486567497253,0.0,0.23446311056613922,0.005220736842602491,0.16280071437358856,0.1686464548110962
rosenbrock,1.0,2,cholesky,5,score_function,8192,0.02,1000,4,rosenbrock,771,0.004647970199584961,-0.5964024662971497,0.5516082644462585,0.0,0.1652199625968933,0.0043521542102098465,0.13183824717998505,0.09948556125164032
rosenbrock,1.0,2,cholesky,5,score_function,8192,0.02,1000,4,rosenbrock,772,0.004655122756958008,-0.5938339829444885,0.4986295700073242,0.0,0.14817072451114655,0.0029526641592383385,0.04935745149850845,0.13967707753181458
rosenbrock,1.0,2,cholesky,5,score_function,8192,0.02,1000,4,rosenbrock,773,0.004585981369018555,-0.5918795466423035,0.4755781292915344,0.0,0.13275881111621857,0.006481640040874481,0.0785147026181221,0.10685659945011139
rosenbrock,1.0,2,cholesky,5,score_function,8192,0.02,1000,4,rosenbrock,774,0.004816770553588867,-0.5931086540222168,0.5030970573425293,0.0,0.13261154294013977,0.006669933442026377,0.10658325999975204,0.0786215215921402
rosenbrock,1.0,2,cholesky,5,score_function,8192,0.02,1000,4,rosenbrock,775,0.004944801330566406,-0.5975567698478699,0.47659263014793396,0.0,0.17417475581169128,0.00762128084897995,0.08767245709896088,0.15030735731124878
rosenbrock,1.0,2,cholesky,5,score_function,8192,0.02,1000,4,rosenbrock,776,0.004782199859619141,-0.5893689393997192,0.4966430068016052,0.0,0.17008233070373535,0.0044600884430110455,0.09074880182743073,0.14378026127815247
rosenbrock,1.0,2,cholesky,5,score_function,8192,0.02,1000,4,rosenbrock,777,0.004426002502441406,-0.5976590514183044,0.49523648619651794,0.0,0.1371890902519226,0.010018177330493927,0.09316840022802353,0.10020046681165695
rosenbrock,1.0,2,cholesky,5,score_function,8192,0.02,1000,4,rosenbrock,778,0.004856109619140625,-0.5897310972213745,0.5177357196807861,0.0,0.15033605694770813,0.005441664718091488,0.11266608536243439,0.09938646852970123
rosenbrock,1.0,2,cholesky,5,score_function,8192,0.02,1000,4,rosenbrock,779,0.00503993034362793,-0.5905324220657349,0.5532350540161133,0.0,0.14556236565113068,0.008195088244974613,0.08790197968482971,0.11573454737663269
rosenbrock,1.0,2,cholesky,5,score_function,8192,0.02,1000,4,rosenbrock,780,0.004815101623535156,-0.5974535346031189,0.6128336787223816,0.0,0.1999186873435974,0.004674526397138834,0.1148134171962738,0.16359558701515198
rosenbrock,1.0,2,cholesky,5,score_function,8192,0.02,1000,4,rosenbrock,781,0.004884004592895508,-0.5886886715888977,0.4667757749557495,0.0,0.07677502185106277,0.007658019196242094,0.04657609015703201,0.060551032423973083
rosenbrock,1.0,2,cholesky,5,score_function,8192,0.02,1000,4,rosenbrock,782,0.00493311882019043,-0.6007394790649414,0.5712687373161316,0.0,0.25324106216430664,0.006003137212246656,0.060806531459093094,0.24575915932655334
rosenbrock,1.0,2,cholesky,5,score_function,8192,0.02,1000,4,rosenbrock,783,0.0044841766357421875,-0.5917379856109619,0.49712496995925903,0.0,0.186265230178833,0.003375991713255644,0.1180625855922699,0.14402973651885986
rosenbrock,1.0,2,cholesky,5,score_function,8192,0.02,1000,4,rosenbrock,784,0.004730224609375,-0.594109833240509,0.5226697325706482,0.0,0.1395963877439499,0.006781698204576969,0.07497601211071014,0.11755746603012085
rosenbrock,1.0,2,cholesky,5,score_function,8192,0.02,1000,4,rosenbrock,785,0.004885673522949219,-0.5949069857597351,0.5142110586166382,0.0,0.27828675508499146,0.004736682865768671,0.25719285011291504,0.10617408901453018
rosenbrock,1.0,2,cholesky,5,score_function,8192,0.02,1000,4,rosenbrock,786,0.004920244216918945,-0.5876425504684448,0.5149827599525452,0.0,0.2075391411781311,0.00789049081504345,0.1866081953048706,0.09048551321029663
rosenbrock,1.0,2,cholesky,5,score_function,8192,0.02,1000,4,rosenbrock,787,0.00464177131652832,-0.6028428673744202,0.5718190670013428,0.0,0.2710300385951996,0.005237105302512646,0.25224509835243225,0.09900636970996857
rosenbrock,1.0,2,cholesky,5,score_function,8192,0.02,1000,4,rosenbrock,788,0.004745960235595703,-0.592947244644165,0.5299028754234314,0.0,0.19514772295951843,0.010366741567850113,0.13309715688228607,0.14233870804309845
rosenbrock,1.0,2,cholesky,5,score_function,8192,0.02,1000,4,rosenbrock,789,0.004683017730712891,-0.5915971398353577,0.5044677257537842,0.0,0.17689195275306702,0.002513382351025939,0.06449265033006668,0.16469714045524597
rosenbrock,1.0,2,cholesky,5,score_function,8192,0.02,1000,4,rosenbrock,790,0.00472712516784668,-0.599222719669342,0.6363204717636108,0.0,0.2506597340106964,0.009771974757313728,0.10470729321241379,0.22753286361694336
rosenbrock,1.0,2,cholesky,5,score_function,8192,0.02,1000,4,rosenbrock,791,0.005120992660522461,-0.5986398458480835,0.5619444251060486,0.0,0.16927888989448547,0.007803479675203562,0.11088764667510986,0.12766510248184204
rosenbrock,1.0,2,cholesky,5,score_function,8192,0.02,1000,4,rosenbrock,792,0.00479888916015625,-0.5934330224990845,0.4802427887916565,0.0,0.1822059452533722,0.004018817562609911,0.12029340863227844,0.1367931216955185
rosenbrock,1.0,2,cholesky,5,score_function,8192,0.02,1000,4,rosenbrock,793,0.00475001335144043,-0.5833903551101685,0.49301812052726746,0.0,0.1611483246088028,0.004220515489578247,0.13107138872146606,0.09365502744913101
rosenbrock,1.0,2,cholesky,5,score_function,8192,0.02,1000,4,rosenbrock,794,0.004896879196166992,-0.598484992980957,0.5061630606651306,0.0,0.19151581823825836,0.004659759812057018,0.15475334227085114,0.11272978037595749
rosenbrock,1.0,2,cholesky,5,score_function,8192,0.02,1000,4,rosenbrock,795,0.004565000534057617,-0.5962214469909668,0.5116704702377319,0.0,0.16976775228977203,0.003598345909267664,0.10919766128063202,0.1299384981393814
rosenbrock,1.0,2,cholesky,5,score_function,8192,0.02,1000,4,rosenbrock,796,0.004659175872802734,-0.5938969850540161,0.45816394686698914,0.0,0.19619545340538025,0.005246358457952738,0.14177271723747253,0.1355198621749878
rosenbrock,1.0,2,cholesky,5,score_function,8192,0.02,1000,4,rosenbrock,797,0.004691123962402344,-0.5947853922843933,0.5036789774894714,0.0,0.1577303260564804,0.0057913800701498985,0.11391153186559677,0.10894712805747986
rosenbrock,1.0,2,cholesky,5,score_function,8192,0.02,1000,4,rosenbrock,798,0.004646778106689453,-0.5890898704528809,0.5211342573165894,0.0,0.13480933010578156,0.008414110168814659,0.0876215398311615,0.10210397094488144
rosenbrock,1.0,2,cholesky,5,score_function,8192,0.02,1000,4,rosenbrock,799,0.0048978328704833984,-0.586929202079773,0.4706243574619293,0.0,0.20716622471809387,0.004612740594893694,0.17988596856594086,0.10265286266803741
rosenbrock,1.0,2,cholesky,5,score_function,8192,0.02,1000,4,rosenbrock,800,0.004820108413696289,-0.5883353352546692,0.5036983489990234,0.0,0.2272404432296753,0.004177742172032595,0.11865304410457611,0.19375814497470856
rosenbrock,1.0,2,cholesky,5,score_function,8192,0.02,1000,4,rosenbrock,801,0.0048100948333740234,-0.5917099118232727,0.6434429883956909,0.0,0.3479958772659302,0.009784737601876259,0.26249557733535767,0.2282574474811554
rosenbrock,1.0,2,cholesky,5,score_function,8192,0.02,1000,4,rosenbrock,802,0.004694938659667969,-0.5801252126693726,0.47591298818588257,0.0,0.17673251032829285,0.007268410641700029,0.12515218555927277,0.12457320839166641
rosenbrock,1.0,2,cholesky,5,score_function,8192,0.02,1000,4,rosenbrock,803,0.00469207763671875,-0.586833119392395,0.45584142208099365,0.0,0.1676596701145172,0.008727815002202988,0.09672554582357407,0.13666659593582153
rosenbrock,1.0,2,cholesky,5,score_function,8192,0.02,1000,4,rosenbrock,804,0.00472569465637207,-0.5952008366584778,0.5456547737121582,0.0,0.2524288296699524,0.005911723710596561,0.1449579894542694,0.20657333731651306
rosenbrock,1.0,2,cholesky,5,score_function,8192,0.02,1000,4,rosenbrock,805,0.004724025726318359,-0.5948012471199036,0.4876376688480377,0.0,0.20859985053539276,0.00629494758322835,0.17481383681297302,0.11364152282476425
rosenbrock,1.0,2,cholesky,5,score_function,8192,0.02,1000,4,rosenbrock,806,0.004751920700073242,-0.5895950794219971,0.5269441604614258,0.0,0.2558279037475586,0.004691924899816513,0.19192035496234894,0.16909311711788177
rosenbrock,1.0,2,cholesky,5,score_function,8192,0.02,1000,4,rosenbrock,807,0.0046999454498291016,-0.5940482020378113,0.4925597310066223,0.0,0.15289999544620514,0.0109947444871068,0.13122360408306122,0.07770386338233948
rosenbrock,1.0,2,cholesky,5,score_function,8192,0.02,1000,4,rosenbrock,808,0.0045430660247802734,-0.5874900221824646,0.5129932165145874,0.0,0.12342554330825806,0.012477420270442963,0.1022840067744255,0.06794232875108719
rosenbrock,1.0,2,cholesky,5,score_function,8192,0.02,1000,4,rosenbrock,809,0.004987001419067383,-0.5996056795120239,0.5275651216506958,0.0,0.23564380407333374,0.004679621197283268,0.1949695199728012,0.13226103782653809
rosenbrock,1.0,2,cholesky,5,score_function,8192,0.02,1000,4,rosenbrock,810,0.004645109176635742,-0.5868493914604187,0.49074554443359375,0.0,0.12612871825695038,0.01404871791601181,0.0610579177737236,0.10946696251630783
rosenbrock,1.0,2,cholesky,5,score_function,8192,0.02,1000,4,rosenbrock,811,0.0045430660247802734,-0.5851250290870667,0.4746508002281189,0.0,0.1552162915468216,0.002816064516082406,0.1311163604259491,0.08302207291126251
rosenbrock,1.0,2,cholesky,5,score_function,8192,0.02,1000,4,rosenbrock,812,0.004538774490356445,-0.5878477096557617,0.5076411366462708,0.0,0.15589529275894165,0.008415930904448032,0.11113475263118744,0.10900266468524933
rosenbrock,1.0,2,cholesky,5,score_function,8192,0.02,1000,4,rosenbrock,813,0.004858732223510742,-0.5961922407150269,0.5443931221961975,0.0,0.19394272565841675,0.007869267836213112,0.1497635543346405,0.12297452241182327
rosenbrock,1.0,2,cholesky,5,score_function,8192,0.02,1000,4,rosenbrock,814,0.004630088806152344,-0.580665647983551,0.5553601384162903,0.0,0.12972889840602875,0.005550142377614975,0.09470631927251816,0.08848442882299423
rosenbrock,1.0,2,cholesky,5,score_function,8192,0.02,1000,4,rosenbrock,815,0.0045588016510009766,-0.5882843136787415,0.5041705965995789,0.0,0.2708202600479126,0.013828997500240803,0.2562341094017029,0.08658204227685928
rosenbrock,1.0,2,cholesky,5,score_function,8192,0.02,1000,4,rosenbrock,816,0.00453495979309082,-0.5922191143035889,0.5306121110916138,0.0,0.17172281444072723,0.005919363349676132,0.09293095767498016,0.14428278803825378
rosenbrock,1.0,2,cholesky,5,score_function,8192,0.02,1000,4,rosenbrock,817,0.0045588016510009766,-0.5917890667915344,0.534558117389679,0.0,0.15420907735824585,0.0037775663658976555,0.09306416660547256,0.12290334701538086
rosenbrock,1.0,2,cholesky,5,score_function,8192,0.02,1000,4,rosenbrock,818,0.0045549869537353516,-0.5951118469238281,0.5745148062705994,0.0,0.1550690233707428,0.0037146012764424086,0.09296653419733047,0.12405573576688766
rosenbrock,1.0,2,cholesky,5,score_function,8192,0.02,1000,4,rosenbrock,819,0.004541873931884766,-0.5990836024284363,0.5412886738777161,0.0,0.22057686746120453,0.00899365171790123,0.1846519112586975,0.12032017856836319
rosenbrock,1.0,2,cholesky,5,score_function,8192,0.02,1000,4,rosenbrock,820,0.0045299530029296875,-0.5897121429443359,0.5048736929893494,0.0,0.24376705288887024,0.0024949233047664165,0.10802629590034485,0.21850965917110443
rosenbrock,1.0,2,cholesky,5,score_function,8192,0.02,1000,4,rosenbrock,821,0.004817962646484375,-0.5955637097358704,0.5274110436439514,0.0,0.22238928079605103,0.007626519538462162,0.1456426978111267,0.16788996756076813
rosenbrock,1.0,2,cholesky,5,score_function,8192,0.02,1000,4,rosenbrock,822,0.004588127136230469,-0.5866631269454956,0.514026403427124,0.0,0.22577692568302155,0.0055071511305868626,0.1693415343761444,0.14922577142715454
rosenbrock,1.0,2,cholesky,5,score_function,8192,0.02,1000,4,rosenbrock,823,0.004873991012573242,-0.590009331703186,0.5363017320632935,0.0,0.1957467794418335,0.005883330944925547,0.06683547794818878,0.18388912081718445
rosenbrock,1.0,2,cholesky,5,score_function,8192,0.02,1000,4,rosenbrock,824,0.004542112350463867,-0.5917590260505676,0.5040765404701233,0.0,0.15627627074718475,0.009225515648722649,0.12576855719089508,0.09230078011751175
rosenbrock,1.0,2,cholesky,5,score_function,8192,0.02,1000,4,rosenbrock,825,0.0047359466552734375,-0.5952998399734497,0.5833328366279602,0.0,0.3313562870025635,0.005755359772592783,0.13706958293914795,0.3016219437122345
rosenbrock,1.0,2,cholesky,5,score_function,8192,0.02,1000,4,rosenbrock,826,0.004682064056396484,-0.5772274136543274,0.45328953862190247,0.0,0.12527085840702057,0.004037228412926197,0.03972575068473816,0.11873649060726166
rosenbrock,1.0,2,cholesky,5,score_function,8192,0.02,1000,4,rosenbrock,827,0.004541158676147461,-0.6022678017616272,0.5569970607757568,0.0,0.1462969183921814,0.010556726716458797,0.05802848935127258,0.13388068974018097
rosenbrock,1.0,2,cholesky,5,score_function,8192,0.02,1000,4,rosenbrock,828,0.004808902740478516,-0.5889614224433899,0.535354733467102,0.0,0.18376533687114716,0.005325579550117254,0.10321751981973648,0.15194568037986755
rosenbrock,1.0,2,cholesky,5,score_function,8192,0.02,1000,4,rosenbrock,829,0.005039215087890625,-0.5826804041862488,0.5029920935630798,0.0,0.2037608027458191,0.004604572895914316,0.11146959662437439,0.17050452530384064
rosenbrock,1.0,2,cholesky,5,score_function,8192,0.02,1000,4,rosenbrock,830,0.004938602447509766,-0.603659987449646,0.5815591216087341,0.0,0.3377135694026947,0.009069396182894707,0.1707507073879242,0.2912256717681885
rosenbrock,1.0,2,cholesky,5,score_function,8192,0.02,1000,4,rosenbrock,831,0.005018949508666992,-0.5971277952194214,0.575961172580719,0.0,0.18408586084842682,0.007826941087841988,0.09773320704698563,0.15580296516418457
rosenbrock,1.0,2,cholesky,5,score_function,8192,0.02,1000,4,rosenbrock,832,0.005003929138183594,-0.593182384967804,0.5351942181587219,0.0,0.18393747508525848,0.0037360498681664467,0.06004718691110611,0.17381994426250458
rosenbrock,1.0,2,cholesky,5,score_function,8192,0.02,1000,4,rosenbrock,833,0.00461125373840332,-0.597430408000946,0.4869237542152405,0.0,0.2125895768404007,0.0050795539282262325,0.1777820736169815,0.11645624786615372
rosenbrock,1.0,2,cholesky,5,score_function,8192,0.02,1000,4,rosenbrock,834,0.0047838687896728516,-0.5943857431411743,0.536504864692688,0.0,0.21742327511310577,0.00461129704490304,0.15254412591457367,0.15486091375350952
rosenbrock,1.0,2,cholesky,5,score_function,8192,0.02,1000,4,rosenbrock,835,0.0049021244049072266,-0.5941219329833984,0.4793578088283539,0.0,0.130555659532547,0.005646266974508762,0.08553782105445862,0.09846919029951096
rosenbrock,1.0,2,cholesky,5,score_function,8192,0.02,1000,4,rosenbrock,836,0.004806995391845703,-0.5926414728164673,0.5381548404693604,0.0,0.1616600602865219,0.007623168174177408,0.1030435785651207,0.12432973086833954
rosenbrock,1.0,2,cholesky,5,score_function,8192,0.02,1000,4,rosenbrock,837,0.004626750946044922,-0.594292402267456,0.47944897413253784,0.0,0.14500238001346588,0.007521870546042919,0.0975373238325119,0.10703074187040329
rosenbrock,1.0,2,cholesky,5,score_function,8192,0.02,1000,4,rosenbrock,838,0.0048177242279052734,-0.5892735123634338,0.4955163598060608,0.0,0.2331320196390152,0.008456387557089329,0.18953321874141693,0.1354849934577942
rosenbrock,1.0,2,cholesky,5,score_function,8192,0.02,1000,4,rosenbrock,839,0.004745960235595703,-0.5960917472839355,0.5205802321434021,0.0,0.18694697320461273,0.002625667257234454,0.11598662286996841,0.14659254252910614
rosenbrock,1.0,2,cholesky,5,score_function,8192,0.02,1000,4,rosenbrock,840,0.004728078842163086,-0.5814700126647949,0.467896044254303,0.0,0.2157333791255951,0.006727872882038355,0.08222663402557373,0.19933491945266724
rosenbrock,1.0,2,cholesky,5,score_function,8192,0.02,1000,4,rosenbrock,841,0.005202054977416992,-0.5882545113563538,0.48855850100517273,0.0,0.13832099735736847,0.004575767554342747,0.0975959375500679,0.09791216999292374
rosenbrock,1.0,2,cholesky,5,score_function,8192,0.02,1000,4,rosenbrock,842,0.004889011383056641,-0.5971099734306335,0.5544940829277039,0.0,0.14771437644958496,0.007513606920838356,0.0788438618183136,0.12468651682138443
rosenbrock,1.0,2,cholesky,5,score_function,8192,0.02,1000,4,rosenbrock,843,0.0045318603515625,-0.5974677205085754,0.5577256679534912,0.0,0.15077395737171173,0.007646877784281969,0.11759235709905624,0.09405504912137985
rosenbrock,1.0,2,cholesky,5,score_function,8192,0.02,1000,4,rosenbrock,844,0.004537105560302734,-0.5939671397209167,0.4852493405342102,0.0,0.2186950445175171,0.007185834459960461,0.12747636437416077,0.1775546669960022
rosenbrock,1.0,2,cholesky,5,score_function,8192,0.02,1000,4,rosenbrock,845,0.004832267761230469,-0.5883190631866455,0.4911026656627655,0.0,0.10343047231435776,0.008910228498280048,0.06615103781223297,0.07900955528020859
rosenbrock,1.0,2,cholesky,5,score_function,8192,0.02,1000,4,rosenbrock,846,0.004436969757080078,-0.5901644825935364,0.5727643370628357,0.0,0.2141517549753189,0.0032278094440698624,0.09992830455303192,0.18938027322292328
rosenbrock,1.0,2,cholesky,5,score_function,8192,0.02,1000,4,rosenbrock,847,0.005000114440917969,-0.5894349217414856,0.48096832633018494,0.0,0.2580493986606598,0.0064711011946201324,0.1459694653749466,0.21269819140434265
rosenbrock,1.0,2,cholesky,5,score_function,8192,0.02,1000,4,rosenbrock,848,0.0047838687896728516,-0.5888676643371582,0.5663421750068665,0.0,0.2983896732330322,0.0022851349785923958,0.08313664048910141,0.2865649461746216
rosenbrock,1.0,2,cholesky,5,score_function,8192,0.02,1000,4,rosenbrock,849,0.004887104034423828,-0.5949646234512329,0.5475680828094482,0.0,0.1626610904932022,0.005857663694769144,0.12245529145002365,0.10690658539533615
rosenbrock,1.0,2,cholesky,5,score_function,8192,0.02,1000,4,rosenbrock,850,0.004583120346069336,-0.5827172994613647,0.47845280170440674,0.0,0.20076027512550354,0.0024059100542217493,0.160099059343338,0.12110818922519684
rosenbrock,1.0,2,cholesky,5,score_function,8192,0.02,1000,4,rosenbrock,851,0.0048940181732177734,-0.5949199795722961,0.5626881122589111,0.0,0.24144765734672546,0.005043338984251022,0.2075992077589035,0.12318320572376251
rosenbrock,1.0,2,cholesky,5,score_function,8192,0.02,1000,4,rosenbrock,852,0.004705667495727539,-0.5890544056892395,0.5213423371315002,0.0,0.1052970439195633,0.006106246262788773,0.06625881791114807,0.08160851150751114
rosenbrock,1.0,2,cholesky,5,score_function,8192,0.02,1000,4,rosenbrock,853,0.004945993423461914,-0.5968024730682373,0.5641328692436218,0.0,0.18349219858646393,0.0031125638633966446,0.03961220756173134,0.1791384071111679
rosenbrock,1.0,2,cholesky,5,score_function,8192,0.02,1000,4,rosenbrock,854,0.004561901092529297,-0.5809757709503174,0.48010867834091187,0.0,0.23015664517879486,0.0038271653465926647,0.10152717679738998,0.20651793479919434
rosenbrock,1.0,2,cholesky,5,score_function,8192,0.02,1000,4,rosenbrock,855,0.004724264144897461,-0.5900393724441528,0.5133916735649109,0.0,0.36433401703834534,0.005500250495970249,0.26094162464141846,0.2542016804218292
rosenbrock,1.0,2,cholesky,5,score_function,8192,0.02,1000,4,rosenbrock,856,0.004536867141723633,-0.5940449237823486,0.49126288294792175,0.0,0.13870300352573395,0.006323494948446751,0.10490642488002777,0.09051616489887238
rosenbrock,1.0,2,cholesky,5,score_function,8192,0.02,1000,4,rosenbrock,857,0.004988908767700195,-0.58814936876297,0.4967460036277771,0.0,0.14124354720115662,0.006688657682389021,0.07852383702993393,0.11721352487802505
rosenbrock,1.0,2,cholesky,5,score_function,8192,0.02,1000,4,rosenbrock,858,0.005089998245239258,-0.5866999626159668,0.48234307765960693,0.0,0.13598528504371643,0.007380895782262087,0.12003352493047714,0.06347811967134476
rosenbrock,1.0,2,cholesky,5,score_function,8192,0.02,1000,4,rosenbrock,859,0.004875898361206055,-0.5933271646499634,0.5215650796890259,0.0,0.2045169472694397,0.005744210444390774,0.07197002321481705,0.19134916365146637
rosenbrock,1.0,2,cholesky,5,score_function,8192,0.02,1000,4,rosenbrock,860,0.00467991828918457,-0.5979598164558411,0.5632112622261047,0.0,0.1882091909646988,0.006666531786322594,0.10877856612205505,0.15344536304473877
rosenbrock,1.0,2,cholesky,5,score_function,8192,0.02,1000,4,rosenbrock,861,0.00519108772277832,-0.5966095328330994,0.5077992677688599,0.0,0.25204479694366455,0.005696980282664299,0.08025406301021576,0.23885855078697205
rosenbrock,1.0,2,cholesky,5,score_function,8192,0.02,1000,4,rosenbrock,862,0.005297183990478516,-0.5913630723953247,0.5193976163864136,0.0,0.17228591442108154,0.009305977262556553,0.14193831384181976,0.09720778465270996
rosenbrock,1.0,2,cholesky,5,score_function,8192,0.02,1000,4,rosenbrock,863,0.004720926284790039,-0.5799643397331238,0.4610960781574249,0.0,0.13572870194911957,0.008719840086996555,0.04874272644519806,0.1263740211725235
rosenbrock,1.0,2,cholesky,5,score_function,8192,0.02,1000,4,rosenbrock,864,0.004666805267333984,-0.5815820693969727,0.5512681007385254,0.0,0.2727941572666168,0.007250641006976366,0.23724602162837982,0.13445597887039185
rosenbrock,1.0,2,cholesky,5,score_function,8192,0.02,1000,4,rosenbrock,865,0.004936933517456055,-0.58734130859375,0.5543119311332703,0.0,0.258949339389801,0.004875056445598602,0.20502164959907532,0.1581047624349594
rosenbrock,1.0,2,cholesky,5,score_function,8192,0.02,1000,4,rosenbrock,866,0.004566669464111328,-0.5951046347618103,0.5317296981811523,0.0,0.2872530519962311,0.008213873021304607,0.23039279878139496,0.17136509716510773
rosenbrock,1.0,2,cholesky,5,score_function,8192,0.02,1000,4,rosenbrock,867,0.004663705825805664,-0.5987812876701355,0.6884376406669617,0.0,0.25908854603767395,0.01018186192959547,0.11417015641927719,0.23235400021076202
rosenbrock,1.0,2,cholesky,5,score_function,8192,0.02,1000,4,rosenbrock,868,0.005312919616699219,-0.592949628829956,0.5451404452323914,0.0,0.20550823211669922,0.0047840336337685585,0.17318104207515717,0.11053991317749023
rosenbrock,1.0,2,cholesky,5,score_function,8192,0.02,1000,4,rosenbrock,869,0.004892110824584961,-0.5927894711494446,0.49764904379844666,0.0,0.2542206943035126,0.0037937748711556196,0.20211167633533478,0.1541578471660614
rosenbrock,1.0,2,cholesky,5,score_function,8192,0.02,1000,4,rosenbrock,870,0.004744052886962891,-0.5883921980857849,0.4626723825931549,0.0,0.2738778591156006,0.006828915327787399,0.2208910435438156,0.16177019476890564
rosenbrock,1.0,2,cholesky,5,score_function,8192,0.02,1000,4,rosenbrock,871,0.005101919174194336,-0.5850827693939209,0.49522408843040466,0.0,0.1431344747543335,0.0026938880328089,0.09749443829059601,0.10476190596818924
rosenbrock,1.0,2,cholesky,5,score_function,8192,0.02,1000,4,rosenbrock,872,0.004547834396362305,-0.5957037806510925,0.5210939645767212,0.0,0.2315053641796112,0.0027698862832039595,0.1853242814540863,0.1387154459953308
rosenbrock,1.0,2,cholesky,5,score_function,8192,0.02,1000,4,rosenbrock,873,0.004725217819213867,-0.5918312668800354,0.5642150044441223,0.0,0.344658762216568,0.009361416101455688,0.29223865270614624,0.18247902393341064
rosenbrock,1.0,2,cholesky,5,score_function,8192,0.02,1000,4,rosenbrock,874,0.004821062088012695,-0.5954359769821167,0.5188027024269104,0.0,0.2883571684360504,0.006614367477595806,0.24700994789600372,0.1486344039440155
rosenbrock,1.0,2,cholesky,5,score_function,8192,0.02,1000,4,rosenbrock,875,0.004842996597290039,-0.5873354077339172,0.6042002439498901,0.0,0.4632604122161865,0.010191933251917362,0.35586264729499817,0.29642555117607117
rosenbrock,1.0,2,cholesky,5,score_function,8192,0.02,1000,4,rosenbrock,876,0.0045719146728515625,-0.5831850171089172,0.49909907579421997,0.0,0.20560550689697266,0.01169329509139061,0.17298558354377747,0.11051186919212341
rosenbrock,1.0,2,cholesky,5,score_function,8192,0.02,1000,4,rosenbrock,877,0.004537105560302734,-0.5923191905021667,0.5297549962997437,0.0,0.2716371715068817,0.00650312565267086,0.25242653489112854,0.1001264750957489
rosenbrock,1.0,2,cholesky,5,score_function,8192,0.02,1000,4,rosenbrock,878,0.004640102386474609,-0.5822405219078064,0.49576419591903687,0.0,0.23810364305973053,0.002718620700761676,0.17447683215141296,0.16199934482574463
rosenbrock,1.0,2,cholesky,5,score_function,8192,0.02,1000,4,rosenbrock,879,0.0048639774322509766,-0.5896843075752258,0.5354008078575134,0.0,0.21477225422859192,0.0079695675522089,0.14239230751991272,0.16058653593063354
rosenbrock,1.0,2,cholesky,5,score_function,8192,0.02,1000,4,rosenbrock,880,0.004499912261962891,-0.5971024632453918,0.5376805067062378,0.0,0.18931159377098083,0.006869139615446329,0.15461042523384094,0.10902897268533707
rosenbrock,1.0,2,cholesky,5,score_function,8192,0.02,1000,4,rosenbrock,881,0.004724979400634766,-0.5930080413818359,0.5422468185424805,0.0,0.17108319699764252,0.007040802855044603,0.1370062679052353,0.10222117602825165
rosenbrock,1.0,2,cholesky,5,score_function,8192,0.02,1000,4,rosenbrock,882,0.004523038864135742,-0.5837068557739258,0.5337935090065002,0.0,0.20037469267845154,0.00969513040035963,0.11356434226036072,0.16480034589767456
rosenbrock,1.0,2,cholesky,5,score_function,8192,0.02,1000,4,rosenbrock,883,0.005105018615722656,-0.591324508190155,0.4915299415588379,0.0,0.24540168046951294,0.008187264204025269,0.21289657056331635,0.12177854776382446
rosenbrock,1.0,2,cholesky,5,score_function,8192,0.02,1000,4,rosenbrock,884,0.004843950271606445,-0.5918242931365967,0.4866594076156616,0.0,0.3353089392185211,0.006449141073971987,0.3199974596500397,0.09996065497398376
rosenbrock,1.0,2,cholesky,5,score_function,8192,0.02,1000,4,rosenbrock,885,0.004914283752441406,-0.6028251051902771,0.6907669901847839,0.0,0.5333345532417297,0.00903211161494255,0.10344833880662918,0.5231277346611023
rosenbrock,1.0,2,cholesky,5,score_function,8192,0.02,1000,4,rosenbrock,886,0.004599094390869141,-0.6007446646690369,0.591509222984314,0.0,0.27506327629089355,0.008494296111166477,0.2178373634815216,0.16773349046707153
rosenbrock,1.0,2,cholesky,5,score_function,8192,0.02,1000,4,rosenbrock,887,0.004801034927368164,-0.5871589183807373,0.5655534267425537,0.0,0.16146215796470642,0.00488098431378603,0.120613694190979,0.1072312593460083
rosenbrock,1.0,2,cholesky,5,score_function,8192,0.02,1000,4,rosenbrock,888,0.004556179046630859,-0.59039306640625,0.6759729385375977,0.0,0.4942694306373596,0.010931020602583885,0.24289584159851074,0.4303306043148041
rosenbrock,1.0,2,cholesky,5,score_function,8192,0.02,1000,4,rosenbrock,889,0.005048036575317383,-0.5789498090744019,0.4898175299167633,0.0,0.1663067638874054,0.0023928945884108543,0.1385147124528885,0.0920102521777153
rosenbrock,1.0,2,cholesky,5,score_function,8192,0.02,1000,4,rosenbrock,890,0.004704952239990234,-0.5808863639831543,0.4591091275215149,0.0,0.1944190263748169,0.005029312800616026,0.13305118680000305,0.14167161285877228
rosenbrock,1.0,2,cholesky,5,score_function,8192,0.02,1000,4,rosenbrock,891,0.00473332405090332,-0.584010124206543,0.4683338403701782,0.0,0.12160969525575638,0.009320518933236599,0.07935818284749985,0.09167510271072388
rosenbrock,1.0,2,cholesky,5,score_function,8192,0.02,1000,4,rosenbrock,892,0.0044422149658203125,-0.5869922041893005,0.5112016201019287,0.0,0.18780893087387085,0.008044087328016758,0.133626788854599,0.13172462582588196
rosenbrock,1.0,2,cholesky,5,score_function,8192,0.02,1000,4,rosenbrock,893,0.004773139953613281,-0.5855156183242798,0.5301893353462219,0.0,0.17718198895454407,0.005035582464188337,0.10884284228086472,0.13971878588199615
rosenbrock,1.0,2,cholesky,5,score_function,8192,0.02,1000,4,rosenbrock,894,0.004453182220458984,-0.5913989543914795,0.523900032043457,0.0,0.14256590604782104,0.008229772560298443,0.09697113186120987,0.10418207943439484
rosenbrock,1.0,2,cholesky,5,score_function,8192,0.02,1000,4,rosenbrock,895,0.004652976989746094,-0.5853670239448547,0.4879956841468811,0.0,0.12283990532159805,0.0032782726921141148,0.06300078332424164,0.10540302097797394
rosenbrock,1.0,2,cholesky,5,score_function,8192,0.02,1000,4,rosenbrock,896,0.004502058029174805,-0.578436017036438,0.505370557308197,0.0,0.25256240367889404,0.009278048761188984,0.23152419924736023,0.100490041077137
rosenbrock,1.0,2,cholesky,5,score_function,8192,0.02,1000,4,rosenbrock,897,0.004754066467285156,-0.5752763748168945,0.47644686698913574,0.0,0.18374204635620117,0.004162922967225313,0.06372267007827759,0.17228823900222778
rosenbrock,1.0,2,cholesky,5,score_function,8192,0.02,1000,4,rosenbrock,898,0.00496220588684082,-0.5913305282592773,0.5040193796157837,0.0,0.14143633842468262,0.008260000497102737,0.10863684117794037,0.09018895030021667
rosenbrock,1.0,2,cholesky,5,score_function,8192,0.02,1000,4,rosenbrock,899,0.004842042922973633,-0.5886516571044922,0.49791744351387024,0.0,0.24514205753803253,0.002594556426629424,0.18889907002449036,0.15622110664844513
rosenbrock,1.0,2,cholesky,5,score_function,8192,0.02,1000,4,rosenbrock,900,0.004873991012573242,-0.5856066346168518,0.5168670415878296,0.0,0.14198751747608185,0.007016259711235762,0.11433102190494537,0.08390261232852936
rosenbrock,1.0,2,cholesky,5,score_function,8192,0.02,1000,4,rosenbrock,901,0.005048036575317383,-0.5798467397689819,0.4701411724090576,0.0,0.13730761408805847,0.008092178031802177,0.09398198127746582,0.09977615624666214
rosenbrock,1.0,2,cholesky,5,score_function,8192,0.02,1000,4,rosenbrock,902,0.004684925079345703,-0.581828773021698,0.49351632595062256,0.0,0.1938086450099945,0.004695666953921318,0.1208091452717781,0.1514757126569748
rosenbrock,1.0,2,cholesky,5,score_function,8192,0.02,1000,4,rosenbrock,903,0.004453897476196289,-0.5855754017829895,0.5421767830848694,0.0,0.1393481194972992,0.003456625621765852,0.11981456726789474,0.07106628268957138
rosenbrock,1.0,2,cholesky,5,score_function,8192,0.02,1000,4,rosenbrock,904,0.005068063735961914,-0.5844991207122803,0.5394681096076965,0.0,0.12811312079429626,0.005256788805127144,0.07330368459224701,0.10493764281272888
rosenbrock,1.0,2,cholesky,5,score_function,8192,0.02,1000,4,rosenbrock,905,0.00457310676574707,-0.5965701937675476,0.5405773520469666,0.0,0.3032172918319702,0.003800263861194253,0.18919344246387482,0.23692218959331512
rosenbrock,1.0,2,cholesky,5,score_function,8192,0.02,1000,4,rosenbrock,906,0.0048220157623291016,-0.5772209763526917,0.4987737834453583,0.0,0.3409004807472229,0.0027376431971788406,0.23734597861766815,0.24468863010406494
rosenbrock,1.0,2,cholesky,5,score_function,8192,0.02,1000,4,rosenbrock,907,0.004614830017089844,-0.5849223732948303,0.5046468377113342,0.0,0.1132967546582222,0.00710244569927454,0.07531651109457016,0.08433939516544342
rosenbrock,1.0,2,cholesky,5,score_function,8192,0.02,1000,4,rosenbrock,908,0.005197763442993164,-0.5870271325111389,0.5886508226394653,0.0,0.2540009617805481,0.010372654534876347,0.1986268311738968,0.15797558426856995
rosenbrock,1.0,2,cholesky,5,score_function,8192,0.02,1000,4,rosenbrock,909,0.004621744155883789,-0.5819407105445862,0.46406450867652893,0.0,0.15573473274707794,0.009091704152524471,0.12020717561244965,0.09859452396631241
rosenbrock,1.0,2,cholesky,5,score_function,8192,0.02,1000,4,rosenbrock,910,0.004901885986328125,-0.5806310176849365,0.5159117579460144,0.0,0.10159137845039368,0.008151739835739136,0.05996376648545265,0.08160088211297989
rosenbrock,1.0,2,cholesky,5,score_function,8192,0.02,1000,4,rosenbrock,911,0.004623889923095703,-0.5845889449119568,0.5206795930862427,0.0,0.15756385028362274,0.006886743940412998,0.09897323697805405,0.12240604311227798
rosenbrock,1.0,2,cholesky,5,score_function,8192,0.02,1000,4,rosenbrock,912,0.005010843276977539,-0.5898188352584839,0.5604862570762634,0.0,0.2878866195678711,0.004896300844848156,0.17513395845890045,0.22843560576438904
rosenbrock,1.0,2,cholesky,5,score_function,8192,0.02,1000,4,rosenbrock,913,0.004774808883666992,-0.5907171368598938,0.5396541357040405,0.0,0.1569622904062271,0.004839395638555288,0.12032973766326904,0.10067020356655121
rosenbrock,1.0,2,cholesky,5,score_function,8192,0.02,1000,4,rosenbrock,914,0.004485130310058594,-0.5826877951622009,0.4803016185760498,0.0,0.21214517951011658,0.00911814533174038,0.19119520485401154,0.09147035330533981
rosenbrock,1.0,2,cholesky,5,score_function,8192,0.02,1000,4,rosenbrock,915,0.004731893539428711,-0.5863654017448425,0.5528486967086792,0.0,0.19057708978652954,0.011319819837808609,0.12122895568609238,0.14661185443401337
rosenbrock,1.0,2,cholesky,5,score_function,8192,0.02,1000,4,rosenbrock,916,0.004645347595214844,-0.589301586151123,0.5122355818748474,0.0,0.24383744597434998,0.00507023511454463,0.17386099696159363,0.17088986933231354
rosenbrock,1.0,2,cholesky,5,score_function,8192,0.02,1000,4,rosenbrock,917,0.004582881927490234,-0.5948245525360107,0.542782723903656,0.0,0.09174799174070358,0.013515416532754898,0.05410000681877136,0.07285751402378082
rosenbrock,1.0,2,cholesky,5,score_function,8192,0.02,1000,4,rosenbrock,918,0.004804849624633789,-0.590205729007721,0.47960928082466125,0.0,0.13195139169692993,0.007860423997044563,0.07817044109106064,0.10601304471492767
rosenbrock,1.0,2,cholesky,5,score_function,8192,0.02,1000,4,rosenbrock,919,0.004461765289306641,-0.5784644484519958,0.4985572397708893,0.0,0.26041433215141296,0.005009789019823074,0.07485228776931763,0.24937458336353302
rosenbrock,1.0,2,cholesky,5,score_function,8192,0.02,1000,4,rosenbrock,920,0.004677295684814453,-0.5853679776191711,0.53843754529953,0.0,0.22076018154621124,0.006472745910286903,0.12759777903556824,0.18003322184085846
rosenbrock,1.0,2,cholesky,5,score_function,8192,0.02,1000,4,rosenbrock,921,0.004867076873779297,-0.5725303888320923,0.4658169150352478,0.0,0.13059912621974945,0.00776965357363224,0.07570123672485352,0.10613711178302765
rosenbrock,1.0,2,cholesky,5,score_function,8192,0.02,1000,4,rosenbrock,922,0.0049359798431396484,-0.5861992835998535,0.5335068702697754,0.0,0.15632548928260803,0.00444355234503746,0.10290823876857758,0.11759169399738312
rosenbrock,1.0,2,cholesky,5,score_function,8192,0.02,1000,4,rosenbrock,923,0.0046918392181396484,-0.5877745747566223,0.48979315161705017,0.0,0.21689876914024353,0.005798064172267914,0.07852521538734436,0.20210207998752594
rosenbrock,1.0,2,cholesky,5,score_function,8192,0.02,1000,4,rosenbrock,924,0.004957914352416992,-0.5816999077796936,0.5543996691703796,0.0,0.22155369818210602,0.004166380036622286,0.0948575809597969,0.20017671585083008
rosenbrock,1.0,2,cholesky,5,score_function,8192,0.02,1000,4,rosenbrock,925,0.004741191864013672,-0.5811049342155457,0.5273128151893616,0.0,0.2273118793964386,0.006192889995872974,0.11228635162115097,0.19754521548748016
rosenbrock,1.0,2,cholesky,5,score_function,8192,0.02,1000,4,rosenbrock,926,0.004683971405029297,-0.5946658253669739,0.5896691083908081,0.0,0.19724932312965393,0.004977009259164333,0.17068126797676086,0.09874425083398819
rosenbrock,1.0,2,cholesky,5,score_function,8192,0.02,1000,4,rosenbrock,927,0.004705905914306641,-0.5915813446044922,0.5363664627075195,0.0,0.17962029576301575,0.011741271242499352,0.1045895516872406,0.14555624127388
rosenbrock,1.0,2,cholesky,5,score_function,8192,0.02,1000,4,rosenbrock,928,0.004598140716552734,-0.5866609811782837,0.4742676913738251,0.0,0.21839435398578644,0.003845595521852374,0.19590003788471222,0.09645976126194
rosenbrock,1.0,2,cholesky,5,score_function,8192,0.02,1000,4,rosenbrock,929,0.004569053649902344,-0.5858590006828308,0.6251739859580994,0.0,0.22753825783729553,0.008955089375376701,0.133356973528862,0.1841450035572052
rosenbrock,1.0,2,cholesky,5,score_function,8192,0.02,1000,4,rosenbrock,930,0.00452113151550293,-0.5911626815795898,0.5039435625076294,0.0,0.14821934700012207,0.0038224162999540567,0.10455963760614395,0.10498401522636414
rosenbrock,1.0,2,cholesky,5,score_function,8192,0.02,1000,4,rosenbrock,931,0.0046291351318359375,-0.5801011323928833,0.5499182939529419,0.0,0.14179697632789612,0.009391427971422672,0.10588706284761429,0.09384089708328247
rosenbrock,1.0,2,cholesky,5,score_function,8192,0.02,1000,4,rosenbrock,932,0.0048961639404296875,-0.5898798704147339,0.4951988160610199,0.0,0.16127587854862213,0.002954336814582348,0.09270427376031876,0.1319359540939331
rosenbrock,1.0,2,cholesky,5,score_function,8192,0.02,1000,4,rosenbrock,933,0.004522800445556641,-0.5924122929573059,0.5624625086784363,0.0,0.219511941075325,0.002356790006160736,0.07907501608133316,0.20476104319095612
rosenbrock,1.0,2,cholesky,5,score_function,8192,0.02,1000,4,rosenbrock,934,0.004889965057373047,-0.5834041237831116,0.5509650707244873,0.0,0.1869993507862091,0.009242476895451546,0.11849521845579147,0.14436835050582886
rosenbrock,1.0,2,cholesky,5,score_function,8192,0.02,1000,4,rosenbrock,935,0.004702091217041016,-0.592189371585846,0.5549427270889282,0.0,0.16591237485408783,0.004109998699277639,0.1473381221294403,0.07616759091615677
rosenbrock,1.0,2,cholesky,5,score_function,8192,0.02,1000,4,rosenbrock,936,0.0048367977142333984,-0.5814842581748962,0.5204765200614929,0.0,0.21310698986053467,0.00987367331981659,0.16092127561569214,0.13936083018779755
rosenbrock,1.0,2,cholesky,5,score_function,8192,0.02,1000,4,rosenbrock,937,0.004615068435668945,-0.5901771187782288,0.5847503542900085,0.0,0.2071947157382965,0.0073869191110134125,0.16721348464488983,0.12212588638067245
rosenbrock,1.0,2,cholesky,5,score_function,8192,0.02,1000,4,rosenbrock,938,0.004776954650878906,-0.5958874225616455,0.567311704158783,0.0,0.19034193456172943,0.0118070337921381,0.11411131918430328,0.15188567340373993
rosenbrock,1.0,2,cholesky,5,score_function,8192,0.02,1000,4,rosenbrock,939,0.0045087337493896484,-0.5802184343338013,0.5001350045204163,0.0,0.28354203701019287,0.0047495379112660885,0.26338037848472595,0.10490135848522186
rosenbrock,1.0,2,cholesky,5,score_function,8192,0.02,1000,4,rosenbrock,940,0.004998207092285156,-0.5928163528442383,0.576330840587616,0.0,0.3800804615020752,0.004559087101370096,0.22253060340881348,0.3080916702747345
rosenbrock,1.0,2,cholesky,5,score_function,8192,0.02,1000,4,rosenbrock,941,0.004475831985473633,-0.5856667757034302,0.5192576050758362,0.0,0.18093295395374298,0.008234022185206413,0.07005144655704498,0.16661852598190308
rosenbrock,1.0,2,cholesky,5,score_function,8192,0.02,1000,4,rosenbrock,942,0.004721879959106445,-0.5871021747589111,0.5387542843818665,0.0,0.20224358141422272,0.004966300912201405,0.18466396629810333,0.08232265710830688
rosenbrock,1.0,2,cholesky,5,score_function,8192,0.02,1000,4,rosenbrock,943,0.004588127136230469,-0.5933938026428223,0.6080549359321594,0.0,0.29305705428123474,0.006537373177707195,0.19359345734119415,0.21991199254989624
rosenbrock,1.0,2,cholesky,5,score_function,8192,0.02,1000,4,rosenbrock,944,0.004633903503417969,-0.5932148098945618,0.5033168792724609,0.0,0.19111405313014984,0.005022946745157242,0.17056117951869965,0.08607109636068344
rosenbrock,1.0,2,cholesky,5,score_function,8192,0.02,1000,4,rosenbrock,945,0.0047800540924072266,-0.5779069662094116,0.5133607983589172,0.0,0.24571050703525543,0.008466675877571106,0.0833386480808258,0.23099055886268616
rosenbrock,1.0,2,cholesky,5,score_function,8192,0.02,1000,4,rosenbrock,946,0.004971027374267578,-0.584757387638092,0.5295442342758179,0.0,0.11291873455047607,0.008187107741832733,0.09236004203557968,0.0644455999135971
rosenbrock,1.0,2,cholesky,5,score_function,8192,0.02,1000,4,rosenbrock,947,0.004522800445556641,-0.5898414850234985,0.5449903011322021,0.0,0.16166101396083832,0.008358429186046124,0.09894422441720963,0.12757138907909393
rosenbrock,1.0,2,cholesky,5,score_function,8192,0.02,1000,4,rosenbrock,948,0.005006074905395508,-0.5896660685539246,0.5406079292297363,0.0,0.21322984993457794,0.002236122265458107,0.08448098599910736,0.19576753675937653
rosenbrock,1.0,2,cholesky,5,score_function,8192,0.02,1000,4,rosenbrock,949,0.004647970199584961,-0.5824189782142639,0.47843801975250244,0.0,0.2006087303161621,0.0048211184330284595,0.17217296361923218,0.1028449684381485
rosenbrock,1.0,2,cholesky,5,score_function,8192,0.02,1000,4,rosenbrock,950,0.004719972610473633,-0.5882774591445923,0.5144398808479309,0.0,0.15567521750926971,0.011683478020131588,0.10364099591970444,0.11557170748710632
rosenbrock,1.0,2,cholesky,5,score_function,8192,0.02,1000,4,rosenbrock,951,0.004603862762451172,-0.5878282189369202,0.5325008034706116,0.0,0.2704427242279053,0.008300339803099632,0.18729911744594574,0.1949087679386139
rosenbrock,1.0,2,cholesky,5,score_function,8192,0.02,1000,4,rosenbrock,952,0.005037069320678711,-0.5781188607215881,0.5220878720283508,0.0,0.23546549677848816,0.012866846285760403,0.07065549492835999,0.22424593567848206
rosenbrock,1.0,2,cholesky,5,score_function,8192,0.02,1000,4,rosenbrock,953,0.004622220993041992,-0.5847460627555847,0.525553822517395,0.0,0.17196744680404663,0.004182492382824421,0.1518801748752594,0.08054639399051666
rosenbrock,1.0,2,cholesky,5,score_function,8192,0.02,1000,4,rosenbrock,954,0.005079984664916992,-0.5891445875167847,0.5369254946708679,0.0,0.1605537086725235,0.010862725786864758,0.0646299347281456,0.14656896889209747
rosenbrock,1.0,2,cholesky,5,score_function,8192,0.02,1000,4,rosenbrock,955,0.004606008529663086,-0.57746422290802,0.49450042843818665,0.0,0.21834862232208252,0.003082580864429474,0.16016815602779388,0.14836706221103668
rosenbrock,1.0,2,cholesky,5,score_function,8192,0.02,1000,4,rosenbrock,956,0.004789829254150391,-0.5782129764556885,0.49739524722099304,0.0,0.15170104801654816,0.0038286319468170404,0.10260450094938278,0.1116730198264122
rosenbrock,1.0,2,cholesky,5,score_function,8192,0.02,1000,4,rosenbrock,957,0.004896879196166992,-0.5842418670654297,0.5065072774887085,0.0,0.1984243094921112,0.0028270890470594168,0.0880834311246872,0.1777794361114502
rosenbrock,1.0,2,cholesky,5,score_function,8192,0.02,1000,4,rosenbrock,958,0.0049588680267333984,-0.5853561758995056,0.5064473152160645,0.0,0.19368983805179596,0.007856509648263454,0.07157565653324127,0.1798080950975418
rosenbrock,1.0,2,cholesky,5,score_function,8192,0.02,1000,4,rosenbrock,959,0.0045621395111083984,-0.5850368142127991,0.5019831657409668,0.0,0.15742428600788116,0.007757941260933876,0.09503544121980667,0.12526166439056396
rosenbrock,1.0,2,cholesky,5,score_function,8192,0.02,1000,4,rosenbrock,960,0.005083799362182617,-0.5862656831741333,0.49656742811203003,0.0,0.14591160416603088,0.006098262965679169,0.1359940469264984,0.05252259969711304
rosenbrock,1.0,2,cholesky,5,score_function,8192,0.02,1000,4,rosenbrock,961,0.004866123199462891,-0.5979809165000916,0.5560336709022522,0.0,0.25768524408340454,0.0034092371352016926,0.13375884294509888,0.2202240526676178
rosenbrock,1.0,2,cholesky,5,score_function,8192,0.02,1000,4,rosenbrock,962,0.004878997802734375,-0.5886884927749634,0.5446012616157532,0.0,0.17537087202072144,0.007023301906883717,0.12742449343204498,0.12028554826974869
rosenbrock,1.0,2,cholesky,5,score_function,8192,0.02,1000,4,rosenbrock,963,0.004709959030151367,-0.5848937630653381,0.5146511793136597,0.0,0.31004399061203003,0.00864390004426241,0.1330116093158722,0.27992936968803406
rosenbrock,1.0,2,cholesky,5,score_function,8192,0.02,1000,4,rosenbrock,964,0.0052318572998046875,-0.5826848745346069,0.5218320488929749,0.0,0.20410749316215515,0.008744718506932259,0.1171102374792099,0.1669388860464096
rosenbrock,1.0,2,cholesky,5,score_function,8192,0.02,1000,4,rosenbrock,965,0.004733085632324219,-0.5949015021324158,0.573573648929596,0.0,0.2052338719367981,0.007057633716613054,0.12170906364917755,0.1651000678539276
rosenbrock,1.0,2,cholesky,5,score_function,8192,0.02,1000,4,rosenbrock,966,0.005112886428833008,-0.5887181162834167,0.5453321933746338,0.0,0.1984747350215912,0.008517100475728512,0.11983834952116013,0.1579824537038803
rosenbrock,1.0,2,cholesky,5,score_function,8192,0.02,1000,4,rosenbrock,967,0.004906892776489258,-0.5779322981834412,0.5085981488227844,0.0,0.15625734627246857,0.003359751310199499,0.12592923641204834,0.09244942665100098
rosenbrock,1.0,2,cholesky,5,score_function,8192,0.02,1000,4,rosenbrock,968,0.004604816436767578,-0.5932961106300354,0.6977903246879578,0.0,0.33698156476020813,0.008253192529082298,0.1762460321187973,0.2870989441871643
rosenbrock,1.0,2,cholesky,5,score_function,8192,0.02,1000,4,rosenbrock,969,0.004448890686035156,-0.5790016651153564,0.5354752540588379,0.0,0.13908378779888153,0.0024938895367085934,0.09908590465784073,0.09757082164287567
rosenbrock,1.0,2,cholesky,5,score_function,8192,0.02,1000,4,rosenbrock,970,0.0047969818115234375,-0.5800665616989136,0.5159847140312195,0.0,0.26712390780448914,0.009154029190540314,0.0833883285522461,0.2536095082759857
rosenbrock,1.0,2,cholesky,5,score_function,8192,0.02,1000,4,rosenbrock,971,0.004835844039916992,-0.588571310043335,0.5944596529006958,0.0,0.20251227915287018,0.005229648668318987,0.14232634007930756,0.14396904408931732
rosenbrock,1.0,2,cholesky,5,score_function,8192,0.02,1000,4,rosenbrock,972,0.004673004150390625,-0.5795926451683044,0.5243238806724548,0.0,0.2602740526199341,0.01136776339262724,0.15052488446235657,0.2120274305343628
rosenbrock,1.0,2,cholesky,5,score_function,8192,0.02,1000,4,rosenbrock,973,0.004544734954833984,-0.5875158309936523,0.5296388268470764,0.0,0.15287575125694275,0.0032083350233733654,0.09097446501255035,0.12281837314367294
rosenbrock,1.0,2,cholesky,5,score_function,8192,0.02,1000,4,rosenbrock,974,0.0049359798431396484,-0.5976137518882751,0.5166193246841431,0.0,0.14205318689346313,0.007837389595806599,0.07592521607875824,0.11980420351028442
rosenbrock,1.0,2,cholesky,5,score_function,8192,0.02,1000,4,rosenbrock,975,0.00466609001159668,-0.590910792350769,0.5399506092071533,0.0,0.2706642150878906,0.011788154020905495,0.2128753960132599,0.16674597561359406
rosenbrock,1.0,2,cholesky,5,score_function,8192,0.02,1000,4,rosenbrock,976,0.004925966262817383,-0.5884339213371277,0.5209527611732483,0.0,0.18806912004947662,0.006061646621674299,0.1513819396495819,0.11143051087856293
rosenbrock,1.0,2,cholesky,5,score_function,8192,0.02,1000,4,rosenbrock,977,0.004624128341674805,-0.5812653303146362,0.5125688910484314,0.0,0.23514991998672485,0.004624389577656984,0.19887828826904297,0.12538549304008484
rosenbrock,1.0,2,cholesky,5,score_function,8192,0.02,1000,4,rosenbrock,978,0.004830837249755859,-0.5900285243988037,0.5083181858062744,0.0,0.25336405634880066,0.0110344672575593,0.19882702827453613,0.15665052831172943
rosenbrock,1.0,2,cholesky,5,score_function,8192,0.02,1000,4,rosenbrock,979,0.004558086395263672,-0.5837749242782593,0.5667141079902649,0.0,0.17936037480831146,0.006781623233109713,0.0815773606300354,0.15959100425243378
rosenbrock,1.0,2,cholesky,5,score_function,8192,0.02,1000,4,rosenbrock,980,0.0049288272857666016,-0.5895709991455078,0.5056173205375671,0.0,0.1801556497812271,0.005595777183771133,0.07037639617919922,0.1657465100288391
rosenbrock,1.0,2,cholesky,5,score_function,8192,0.02,1000,4,rosenbrock,981,0.004975080490112305,-0.5896182656288147,0.47627729177474976,0.0,0.16562367975711823,0.0058670793659985065,0.11995458602905273,0.11405118554830551
rosenbrock,1.0,2,cholesky,5,score_function,8192,0.02,1000,4,rosenbrock,982,0.004902839660644531,-0.595766007900238,0.5515481233596802,0.0,0.15485471487045288,0.012807968072593212,0.07177448272705078,0.13661757111549377
rosenbrock,1.0,2,cholesky,5,score_function,8192,0.02,1000,4,rosenbrock,983,0.004709720611572266,-0.6012964844703674,0.5440573692321777,0.0,0.139236181974411,0.004708421416580677,0.09538710117340088,0.10132052004337311
rosenbrock,1.0,2,cholesky,5,score_function,8192,0.02,1000,4,rosenbrock,984,0.005012035369873047,-0.5853520631790161,0.5128597021102905,0.0,0.277835875749588,0.006996958050876856,0.21628113090991974,0.1742592602968216
rosenbrock,1.0,2,cholesky,5,score_function,8192,0.02,1000,4,rosenbrock,985,0.004626035690307617,-0.5887151956558228,0.5452578663825989,0.0,0.27645164728164673,0.00970168225467205,0.15516476333141327,0.22859418392181396
rosenbrock,1.0,2,cholesky,5,score_function,8192,0.02,1000,4,rosenbrock,986,0.005014657974243164,-0.5992664098739624,0.5169047713279724,0.0,0.2601849436759949,0.009313525632023811,0.16248632967472076,0.20299673080444336
rosenbrock,1.0,2,cholesky,5,score_function,8192,0.02,1000,4,rosenbrock,987,0.004651069641113281,-0.581527054309845,0.5089000463485718,0.0,0.2094121128320694,0.0074631283059716225,0.17520874738693237,0.11445361375808716
rosenbrock,1.0,2,cholesky,5,score_function,8192,0.02,1000,4,rosenbrock,988,0.00509190559387207,-0.5880322456359863,0.5400471091270447,0.0,0.14578434824943542,0.010573218576610088,0.07412467151880264,0.12508723139762878
rosenbrock,1.0,2,cholesky,5,score_function,8192,0.02,1000,4,rosenbrock,989,0.004674196243286133,-0.5861660838127136,0.5309271812438965,0.0,0.17290222644805908,0.007576766423881054,0.0939856767654419,0.1449291855096817
rosenbrock,1.0,2,cholesky,5,score_function,8192,0.02,1000,4,rosenbrock,990,0.004856109619140625,-0.5823534727096558,0.5866830945014954,0.0,0.45389628410339355,0.011061964556574821,0.15034490823745728,0.4281306862831116
rosenbrock,1.0,2,cholesky,5,score_function,8192,0.02,1000,4,rosenbrock,991,0.004540920257568359,-0.5844759941101074,0.48199817538261414,0.0,0.08072013407945633,0.007165667600929737,0.05559316277503967,0.05808436870574951
rosenbrock,1.0,2,cholesky,5,score_function,8192,0.02,1000,4,rosenbrock,992,0.004949092864990234,-0.5801239013671875,0.5325061678886414,0.0,0.16862523555755615,0.003772066906094551,0.06725618243217468,0.154586061835289
rosenbrock,1.0,2,cholesky,5,score_function,8192,0.02,1000,4,rosenbrock,993,0.004843950271606445,-0.5763454437255859,0.48127564787864685,0.0,0.1494794487953186,0.0029515207279473543,0.10002893954515457,0.11103874444961548
rosenbrock,1.0,2,cholesky,5,score_function,8192,0.02,1000,4,rosenbrock,994,0.004774808883666992,-0.574737012386322,0.4738674759864807,0.0,0.15631981194019318,0.0037980007473379374,0.07425485551357269,0.1375052034854889
rosenbrock,1.0,2,cholesky,5,score_function,8192,0.02,1000,4,rosenbrock,995,0.004592180252075195,-0.5900402069091797,0.6145516633987427,0.0,0.1969265192747116,0.005669820122420788,0.150751993060112,0.1265770047903061
rosenbrock,1.0,2,cholesky,5,score_function,8192,0.02,1000,4,rosenbrock,996,0.004717111587524414,-0.5933133959770203,0.6063003540039062,0.0,0.23046338558197021,0.006051009986549616,0.08428248763084412,0.21441367268562317
rosenbrock,1.0,2,cholesky,5,score_function,8192,0.02,1000,4,rosenbrock,997,0.00493311882019043,-0.5920097231864929,0.5484880805015564,0.0,0.19742333889007568,0.005982465110719204,0.1621113270521164,0.11251712590456009
rosenbrock,1.0,2,cholesky,5,score_function,8192,0.02,1000,4,rosenbrock,998,0.004932880401611328,-0.5867804288864136,0.5404059886932373,0.0,0.2586229145526886,0.005701038055121899,0.07528521865606308,0.24735689163208008
rosenbrock,1.0,2,cholesky,5,score_function,8192,0.02,1000,4,rosenbrock,999,0.0047969818115234375,-0.5786303877830505,0.4966358244419098,0.0,0.2608453929424286,0.008138093166053295,0.15044155716896057,0.21293528378009796
