target,target_Z,dim,chart,components,estimator,mc,lr,n_steps,seed,tag,step,wall_s,elbo,elbo_std,nfe,grad_norm,grad_norm_w,grad_norm_a,grad_norm_A
rosenbrock,1.0,2,cholesky,5,ode_transport,1024,0.005,1000,1,rosenbrock_extreme,0,0.09882712364196777,-4.817559719085693,8.657134056091309,56,9.176651000976562,1.1664873361587524,5.723911285400391,7.077221393585205
rosenbrock,1.0,2,cholesky,5,ode_transport,1024,0.005,1000,1,rosenbrock_extreme,1,0.054637908935546875,-4.99494743347168,8.998150825500488,56,9.540749549865723,1.1483376026153564,5.7865214347839355,7.498225212097168
rosenbrock,1.0,2,cholesky,5,ode_transport,1024,0.005,1000,1,rosenbrock_extreme,2,0.05551910400390625,-4.478177547454834,7.191885948181152,56,7.859956741333008,0.9484891891479492,4.888895034790039,6.080954074859619
rosenbrock,1.0,2,cholesky,5,ode_transport,1024,0.005,1000,1,rosenbrock_extreme,3,0.05621194839477539,-4.6073126792907715,9.258834838867188,56,8.491217613220215,0.9810748100280762,5.114587783813477,6.706658840179443
rosenbrock,1.0,2,cholesky,5,ode_transport,1024,0.005,1000,1,rosenbrock_extreme,4,0.09683489799499512,-4.431264877319336,7.0304646492004395,56,7.518179893493652,0.9210349917411804,4.776156425476074,5.732630252838135
rosenbrock,1.0,2,cholesky,5,ode_transport,1024,0.005,1000,1,rosenbrock_extreme,5,0.05584096908569336,-4.137722015380859,7.577792644500732,56,7.160913467407227,0.8372832536697388,4.4481964111328125,5.548980712890625
rosenbrock,1.0,2,cholesky,5,ode_transport,1024,0.005,1000,1,rosenbrock_extreme,6,0.0575251579284668,-3.8784499168395996,5.548545837402344,56,6.542073726654053,0.8488792181015015,4.382965564727783,4.7820234298706055
rosenbrock,1.0,2,cholesky,5,ode_transport,1024,0.005,1000,1,rosenbrock_extreme,7,0.05601382255554199,-3.9596099853515625,7.549962997436523,56,6.844658851623535,0.7516373991966248,4.094438552856445,5.433228492736816
rosenbrock,1.0,2,cholesky,5,ode_transport,1024,0.005,1000,1,rosenbrock_extreme,8,0.058580875396728516,-3.9468421936035156,7.208303451538086,56,7.135429859161377,0.8086556196212769,4.431158542633057,5.534010410308838
rosenbrock,1.0,2,cholesky,5,ode_transport,1024,0.005,1000,1,rosenbrock_extreme,9,0.05318903923034668,-3.6171321868896484,6.458311557769775,56,5.862644195556641,0.689315676689148,3.759967565536499,4.44500732421875
rosenbrock,1.0,2,cholesky,5,ode_transport,1024,0.005,1000,1,rosenbrock_extreme,10,0.05497026443481445,-4.006309986114502,6.758699417114258,56,7.585116386413574,0.8371487855911255,4.664366245269775,5.922572135925293
rosenbrock,1.0,2,cholesky,5,ode_transport,1024,0.005,1000,1,rosenbrock_extreme,11,0.056784868240356445,-3.34651780128479,5.436079502105713,56,5.191040992736816,0.6080674529075623,3.419725179672241,3.857802629470825
rosenbrock,1.0,2,cholesky,5,ode_transport,1024,0.005,1000,1,rosenbrock_extreme,12,0.0550539493560791,-3.259099006652832,4.389470100402832,56,4.7167744636535645,0.5513787865638733,3.1080667972564697,3.504833936691284
rosenbrock,1.0,2,cholesky,5,ode_transport,1024,0.005,1000,1,rosenbrock_extreme,13,0.05794095993041992,-3.2249021530151367,4.225473880767822,56,4.917534351348877,0.6060845851898193,3.3543338775634766,3.5444672107696533
rosenbrock,1.0,2,cholesky,5,ode_transport,1024,0.005,1000,1,rosenbrock_extreme,14,0.06685113906860352,-3.1121726036071777,4.262636184692383,68,4.714176654815674,0.5825387835502625,3.244978666305542,3.369603157043457
rosenbrock,1.0,2,cholesky,5,ode_transport,1024,0.005,1000,1,rosenbrock_extreme,15,0.0629110336303711,-3.1991639137268066,4.259554386138916,68,5.021016597747803,0.6131058931350708,3.440081834793091,3.6056272983551025
rosenbrock,1.0,2,cholesky,5,ode_transport,1024,0.005,1000,1,rosenbrock_extreme,16,0.0701286792755127,-2.917186975479126,4.01747989654541,68,4.561710357666016,0.5461924076080322,3.1154885292053223,3.2870359420776367
rosenbrock,1.0,2,cholesky,5,ode_transport,1024,0.005,1000,1,rosenbrock_extreme,17,0.06494402885437012,-3.231210708618164,5.284090042114258,68,5.624087810516357,0.5904600620269775,3.537344455718994,4.332311153411865
rosenbrock,1.0,2,cholesky,5,ode_transport,1024,0.005,1000,1,rosenbrock_extreme,18,0.06540274620056152,-2.9970016479492188,4.010667324066162,68,4.7597150802612305,0.551700234413147,3.19844126701355,3.481449604034424
rosenbrock,1.0,2,cholesky,5,ode_transport,1024,0.005,1000,1,rosenbrock_extreme,19,0.06872320175170898,-2.7907469272613525,3.6012613773345947,68,3.8117101192474365,0.46217772364616394,2.650071620941162,2.7004897594451904
rosenbrock,1.0,2,cholesky,5,ode_transport,1024,0.005,1000,1,rosenbrock_extreme,20,0.0653829574584961,-2.7012979984283447,3.1558308601379395,68,3.5466628074645996,0.44489696621894836,2.5502848625183105,2.424238443374634
rosenbrock,1.0,2,cholesky,5,ode_transport,1024,0.005,1000,1,rosenbrock_extreme,21,0.06564927101135254,-2.6680753231048584,3.9767816066741943,68,3.851381540298462,0.42831146717071533,2.5669784545898438,2.839068651199341
rosenbrock,1.0,2,cholesky,5,ode_transport,1024,0.005,1000,1,rosenbrock_extreme,22,0.06641578674316406,-2.8661210536956787,4.24424934387207,68,4.702449321746826,0.46930453181266785,2.9932661056518555,3.5962679386138916
rosenbrock,1.0,2,cholesky,5,ode_transport,1024,0.005,1000,1,rosenbrock_extreme,23,0.06598210334777832,-2.4918718338012695,3.286177396774292,68,3.1380703449249268,0.3658183217048645,2.1721842288970947,2.2350120544433594
rosenbrock,1.0,2,cholesky,5,ode_transport,1024,0.005,1000,1,rosenbrock_extreme,24,0.06717801094055176,-2.3580896854400635,2.4167284965515137,68,2.921424388885498,0.3732044994831085,2.171529769897461,1.9183059930801392
rosenbrock,1.0,2,cholesky,5,ode_transport,1024,0.005,1000,1,rosenbrock_extreme,25,0.06497526168823242,-2.6620850563049316,3.522190570831299,68,3.9081573486328125,0.3948070704936981,2.5611307621002197,2.9254794120788574
rosenbrock,1.0,2,cholesky,5,ode_transport,1024,0.005,1000,1,rosenbrock_extreme,26,0.06443309783935547,-2.327378273010254,2.446671962738037,68,2.7136764526367188,0.3235950469970703,1.9661107063293457,1.8422092199325562
rosenbrock,1.0,2,cholesky,5,ode_transport,1024,0.005,1000,1,rosenbrock_extreme,27,0.06525111198425293,-2.3437185287475586,2.372628688812256,68,2.845886707305908,0.33719944953918457,2.041076183319092,1.9543224573135376
rosenbrock,1.0,2,cholesky,5,ode_transport,1024,0.005,1000,1,rosenbrock_extreme,28,0.06756091117858887,-2.263399124145508,2.5175998210906982,68,2.6705071926116943,0.303269624710083,1.8815391063690186,1.8706809282302856
rosenbrock,1.0,2,cholesky,5,ode_transport,1024,0.005,1000,1,rosenbrock_extreme,29,0.06708288192749023,-2.2564735412597656,2.453122615814209,68,2.5775322914123535,0.30826547741889954,1.86586332321167,1.7513419389724731
rosenbrock,1.0,2,cholesky,5,ode_transport,1024,0.005,1000,1,rosenbrock_extreme,30,0.06477594375610352,-2.296647071838379,2.7309460639953613,68,2.9958231449127197,0.31637611985206604,2.0415263175964355,2.169569969177246
rosenbrock,1.0,2,cholesky,5,ode_transport,1024,0.005,1000,1,rosenbrock_extreme,31,0.06925582885742188,-2.271575450897217,2.3817148208618164,68,2.6158831119537354,0.30127042531967163,1.8571373224258423,1.8174490928649902
rosenbrock,1.0,2,cholesky,5,ode_transport,1024,0.005,1000,1,rosenbrock_extreme,32,0.0747988224029541,-2.1144440174102783,1.8677101135253906,80,2.140249252319336,0.257821649312973,1.5860170125961304,1.4137696027755737
rosenbrock,1.0,2,cholesky,5,ode_transport,1024,0.005,1000,1,rosenbrock_extreme,33,0.07758116722106934,-2.098717212677002,1.7632237672805786,80,2.012068510055542,0.26293203234672546,1.5493345260620117,1.2565224170684814
rosenbrock,1.0,2,cholesky,5,ode_transport,1024,0.005,1000,1,rosenbrock_extreme,34,0.06659722328186035,-2.189422130584717,2.203373432159424,68,2.2553293704986572,0.26833274960517883,1.5833169221878052,1.5835450887680054
rosenbrock,1.0,2,cholesky,5,ode_transport,1024,0.005,1000,1,rosenbrock_extreme,35,0.0755770206451416,-2.010883331298828,1.503976821899414,80,1.6045888662338257,0.21542547643184662,1.2084583044052124,1.0334049463272095
rosenbrock,1.0,2,cholesky,5,ode_transport,1024,0.005,1000,1,rosenbrock_extreme,36,0.07704901695251465,-2.034449815750122,1.871673583984375,80,2.0107080936431885,0.23468858003616333,1.4626803398132324,1.3595715761184692
rosenbrock,1.0,2,cholesky,5,ode_transport,1024,0.005,1000,1,rosenbrock_extreme,37,0.07562398910522461,-1.9952398538589478,1.7742053270339966,80,1.839619517326355,0.22707971930503845,1.3590455055236816,1.2188644409179688
rosenbrock,1.0,2,cholesky,5,ode_transport,1024,0.005,1000,1,rosenbrock_extreme,38,0.08251023292541504,-1.9611512422561646,1.5223965644836426,80,1.88313627243042,0.2230597734451294,1.3865771293640137,1.2545320987701416
rosenbrock,1.0,2,cholesky,5,ode_transport,1024,0.005,1000,1,rosenbrock_extreme,39,0.07849502563476562,-2.01539945602417,1.8087416887283325,86,1.9251387119293213,0.21996833384037018,1.3226937055587769,1.381395936012268
rosenbrock,1.0,2,cholesky,5,ode_transport,1024,0.005,1000,1,rosenbrock_extreme,40,0.08358883857727051,-1.940480351448059,1.4137654304504395,80,1.8176876306533813,0.21131539344787598,1.3048858642578125,1.2476403713226318
rosenbrock,1.0,2,cholesky,5,ode_transport,1024,0.005,1000,1,rosenbrock_extreme,41,0.08669495582580566,-2.022207498550415,1.7311843633651733,80,2.1669235229492188,0.2364269495010376,1.5771170854568481,1.4670928716659546
rosenbrock,1.0,2,cholesky,5,ode_transport,1024,0.005,1000,1,rosenbrock_extreme,42,0.09426093101501465,-1.9647243022918701,1.6303879022598267,80,2.012444019317627,0.22579313814640045,1.4746484756469727,1.3506888151168823
rosenbrock,1.0,2,cholesky,5,ode_transport,1024,0.005,1000,1,rosenbrock_extreme,43,0.0757598876953125,-1.87270188331604,1.3267946243286133,80,1.5875885486602783,0.2090396285057068,1.206174612045288,1.0108821392059326
rosenbrock,1.0,2,cholesky,5,ode_transport,1024,0.005,1000,1,rosenbrock_extreme,44,0.07791900634765625,-1.8857035636901855,1.496726155281067,80,1.648619532585144,0.2071458101272583,1.2473162412643433,1.0579410791397095
rosenbrock,1.0,2,cholesky,5,ode_transport,1024,0.005,1000,1,rosenbrock_extreme,45,0.07570123672485352,-1.8594313859939575,1.318973183631897,80,1.7115592956542969,0.20213507115840912,1.265486717224121,1.1345131397247314
rosenbrock,1.0,2,cholesky,5,ode_transport,1024,0.005,1000,1,rosenbrock_extreme,46,0.07466793060302734,-1.8077212572097778,1.3730934858322144,80,1.5769530534744263,0.20125842094421387,1.226823091506958,0.9701449871063232
rosenbrock,1.0,2,cholesky,5,ode_transport,1024,0.005,1000,1,rosenbrock_extreme,47,0.07600188255310059,-1.816946029663086,1.2452523708343506,80,1.4250308275222778,0.1741623431444168,1.0418814420700073,0.9564849734306335
rosenbrock,1.0,2,cholesky,5,ode_transport,1024,0.005,1000,1,rosenbrock_extreme,48,0.07750105857849121,-1.81570303440094,1.3259379863739014,80,1.485840916633606,0.19138799607753754,1.1417949199676514,0.9313422441482544
rosenbrock,1.0,2,cholesky,5,ode_transport,1024,0.005,1000,1,rosenbrock_extreme,49,0.07676482200622559,-1.795878529548645,1.2124643325805664,80,1.4857163429260254,0.18413294851779938,1.104093313217163,0.9769474864006042
rosenbrock,1.0,2,cholesky,5,ode_transport,1024,0.005,1000,1,rosenbrock_extreme,50,0.07558488845825195,-1.7548006772994995,1.0857642889022827,80,1.3473516702651978,0.16523917019367218,0.9944736361503601,0.8939096927642822
rosenbrock,1.0,2,cholesky,5,ode_transport,1024,0.005,1000,1,rosenbrock_extreme,51,0.07949590682983398,-1.7839951515197754,1.2067815065383911,80,1.211626648902893,0.16555273532867432,0.9096635580062866,0.7830349802970886
rosenbrock,1.0,2,cholesky,5,ode_transport,1024,0.005,1000,1,rosenbrock_extreme,52,0.07781386375427246,-1.7668285369873047,1.1234737634658813,80,1.403985857963562,0.16439446806907654,1.0406239032745361,0.9280370473861694
rosenbrock,1.0,2,cholesky,5,ode_transport,1024,0.005,1000,1,rosenbrock_extreme,53,0.07866811752319336,-1.6833025217056274,1.0366473197937012,80,1.0516570806503296,0.15127740800380707,0.8134838342666626,0.6491084098815918
rosenbrock,1.0,2,cholesky,5,ode_transport,1024,0.005,1000,1,rosenbrock_extreme,54,0.08643293380737305,-1.6910210847854614,1.0042064189910889,92,1.0652973651885986,0.15296177566051483,0.8224900960922241,0.6595233678817749
rosenbrock,1.0,2,cholesky,5,ode_transport,1024,0.005,1000,1,rosenbrock_extreme,55,0.0777280330657959,-1.7163559198379517,1.089591145515442,80,1.1842721700668335,0.15596091747283936,0.9230260848999023,0.7253961563110352
rosenbrock,1.0,2,cholesky,5,ode_transport,1024,0.005,1000,1,rosenbrock_extreme,56,0.0767672061920166,-1.8058338165283203,1.4477770328521729,80,1.3789842128753662,0.15966679155826569,0.9251869916915894,1.0100165605545044
rosenbrock,1.0,2,cholesky,5,ode_transport,1024,0.005,1000,1,rosenbrock_extreme,57,0.08153009414672852,-1.6792750358581543,0.9648681879043579,86,0.9283793568611145,0.15565092861652374,0.7418614029884338,0.5360062122344971
rosenbrock,1.0,2,cholesky,5,ode_transport,1024,0.005,1000,1,rosenbrock_extreme,58,0.08458399772644043,-1.7169628143310547,1.1296988725662231,86,0.9523677229881287,0.1415085792541504,0.7199299335479736,0.6071906089782715
rosenbrock,1.0,2,cholesky,5,ode_transport,1024,0.005,1000,1,rosenbrock_extreme,59,0.07955789566040039,-1.6721714735031128,0.8803357481956482,80,1.1249643564224243,0.13618603348731995,0.8549074530601501,0.7184230089187622
rosenbrock,1.0,2,cholesky,5,ode_transport,1024,0.005,1000,1,rosenbrock_extreme,60,0.08697128295898438,-1.6724218130111694,0.8636888265609741,92,1.0228279829025269,0.15664713084697723,0.8086023926734924,0.606465756893158
rosenbrock,1.0,2,cholesky,5,ode_transport,1024,0.005,1000,1,rosenbrock_extreme,61,0.09038376808166504,-1.6660027503967285,0.8397936820983887,92,0.7991426587104797,0.14472143352031708,0.6483601927757263,0.4442001283168793
rosenbrock,1.0,2,cholesky,5,ode_transport,1024,0.005,1000,1,rosenbrock_extreme,62,0.0944368839263916,-1.6563026905059814,0.9564802050590515,92,1.0857938528060913,0.1546420454978943,0.8001811504364014,0.7174568772315979
rosenbrock,1.0,2,cholesky,5,ode_transport,1024,0.005,1000,1,rosenbrock_extreme,63,0.089691162109375,-1.6362242698669434,0.929785966873169,92,0.8791730403900146,0.13758233189582825,0.6567620038986206,0.5680493712425232
rosenbrock,1.0,2,cholesky,5,ode_transport,1024,0.005,1000,1,rosenbrock_extreme,64,0.09089994430541992,-1.6614511013031006,0.9312751889228821,92,0.8842906951904297,0.14299851655960083,0.6894539594650269,0.5349530577659607
rosenbrock,1.0,2,cholesky,5,ode_transport,1024,0.005,1000,1,rosenbrock_extreme,65,0.08833003044128418,-1.6575359106063843,1.340207815170288,92,0.9710584878921509,0.12162379175424576,0.6002768278121948,0.7535449862480164
rosenbrock,1.0,2,cholesky,5,ode_transport,1024,0.005,1000,1,rosenbrock_extreme,66,0.08693623542785645,-1.6119507551193237,0.949056088924408,92,0.9217679500579834,0.14009660482406616,0.6884092688560486,0.5967593193054199
rosenbrock,1.0,2,cholesky,5,ode_transport,1024,0.005,1000,1,rosenbrock_extreme,67,0.09057784080505371,-1.6151148080825806,0.7947883009910583,92,0.7867071628570557,0.14230374991893768,0.6018252372741699,0.48627588152885437
rosenbrock,1.0,2,cholesky,5,ode_transport,1024,0.005,1000,1,rosenbrock_extreme,68,0.08028388023376465,-1.6344157457351685,0.9213783144950867,86,0.9967183470726013,0.1459299474954605,0.7391514778137207,0.6525388360023499
rosenbrock,1.0,2,cholesky,5,ode_transport,1024,0.005,1000,1,rosenbrock_extreme,69,0.08986806869506836,-1.5834953784942627,0.7958709597587585,92,0.7449687123298645,0.14548459649085999,0.5985351204872131,0.41900870203971863
rosenbrock,1.0,2,cholesky,5,ode_transport,1024,0.005,1000,1,rosenbrock_extreme,70,0.0839853286743164,-1.5660463571548462,0.8883267641067505,92,0.7799227833747864,0.12062360346317291,0.5965983271598816,0.48764732480049133
rosenbrock,1.0,2,cholesky,5,ode_transport,1024,0.005,1000,1,rosenbrock_extreme,71,0.09221506118774414,-1.617215633392334,0.7769638895988464,92,0.860498309135437,0.15437917411327362,0.6984850168228149,0.4782709777355194
rosenbrock,1.0,2,cholesky,5,ode_transport,1024,0.005,1000,1,rosenbrock_extreme,72,0.08891916275024414,-1.629534363746643,1.0541549921035767,92,1.1663153171539307,0.124800905585289,0.7742162346839905,0.8633107542991638
rosenbrock,1.0,2,cholesky,5,ode_transport,1024,0.005,1000,1,rosenbrock_extreme,73,0.08714008331298828,-1.568912386894226,0.8875750303268433,92,0.7644312977790833,0.13839223980903625,0.5541861653327942,0.5080162882804871
rosenbrock,1.0,2,cholesky,5,ode_transport,1024,0.005,1000,1,rosenbrock_extreme,74,0.08447694778442383,-1.564653754234314,0.7241054773330688,86,0.7728437781333923,0.13011354207992554,0.6273847222328186,0.4321416914463043
rosenbrock,1.0,2,cholesky,5,ode_transport,1024,0.005,1000,1,rosenbrock_extreme,75,0.09018421173095703,-1.542922854423523,0.7566303610801697,92,0.7345247268676758,0.1294468343257904,0.5746634602546692,0.43878471851348877
rosenbrock,1.0,2,cholesky,5,ode_transport,1024,0.005,1000,1,rosenbrock_extreme,76,0.08927488327026367,-1.5696563720703125,0.8480578660964966,92,0.8250821828842163,0.12003348022699356,0.5663490891456604,0.5878787636756897
rosenbrock,1.0,2,cholesky,5,ode_transport,1024,0.005,1000,1,rosenbrock_extreme,77,0.09358072280883789,-1.5755163431167603,0.6969438791275024,98,0.6879887580871582,0.13041090965270996,0.5561088919639587,0.3834898769855499
rosenbrock,1.0,2,cholesky,5,ode_transport,1024,0.005,1000,1,rosenbrock_extreme,78,0.0973658561706543,-1.5617223978042603,0.8282485604286194,104,0.9689881205558777,0.13454052805900574,0.6628118753433228,0.6939144730567932
rosenbrock,1.0,2,cholesky,5,ode_transport,1024,0.005,1000,1,rosenbrock_extreme,79,0.08540177345275879,-1.5267398357391357,0.7243433594703674,92,0.6191568970680237,0.12513789534568787,0.4506615102291107,0.40570926666259766
rosenbrock,1.0,2,cholesky,5,ode_transport,1024,0.005,1000,1,rosenbrock_extreme,80,0.09652471542358398,-1.5342435836791992,0.816238522529602,104,0.7516816258430481,0.12747341394424438,0.5394787788391113,0.5076794624328613
rosenbrock,1.0,2,cholesky,5,ode_transport,1024,0.005,1000,1,rosenbrock_extreme,81,0.08432674407958984,-1.5607736110687256,0.8114525675773621,86,0.7693350911140442,0.1380780041217804,0.6002016067504883,0.4610520303249359
rosenbrock,1.0,2,cholesky,5,ode_transport,1024,0.005,1000,1,rosenbrock_extreme,82,0.0933692455291748,-1.5004009008407593,0.7373570203781128,92,0.624677836894989,0.10701067745685577,0.4416547119617462,0.42861664295196533
rosenbrock,1.0,2,cholesky,5,ode_transport,1024,0.005,1000,1,rosenbrock_extreme,83,0.09534311294555664,-1.5181636810302734,0.8266446590423584,98,0.6642546057701111,0.12497027963399887,0.4058295488357544,0.5108022689819336
rosenbrock,1.0,2,cholesky,5,ode_transport,1024,0.005,1000,1,rosenbrock_extreme,84,0.08914399147033691,-1.5280462503433228,0.8365992903709412,92,0.7290389537811279,0.11709251999855042,0.5695267915725708,0.43980276584625244
rosenbrock,1.0,2,cholesky,5,ode_transport,1024,0.005,1000,1,rosenbrock_extreme,85,0.09679317474365234,-1.5529701709747314,0.8242303133010864,98,0.7631824016571045,0.14614439010620117,0.577660858631134,0.47686174511909485
rosenbrock,1.0,2,cholesky,5,ode_transport,1024,0.005,1000,1,rosenbrock_extreme,86,0.09066176414489746,-1.5220580101013184,0.6380696296691895,92,0.7489956617355347,0.11274297535419464,0.48390406370162964,0.5604644417762756
rosenbrock,1.0,2,cholesky,5,ode_transport,1024,0.005,1000,1,rosenbrock_extreme,87,0.0967719554901123,-1.4994220733642578,0.6881508231163025,98,0.6489545702934265,0.13148365914821625,0.48184847831726074,0.41433826088905334
rosenbrock,1.0,2,cholesky,5,ode_transport,1024,0.005,1000,1,rosenbrock_extreme,88,0.09882402420043945,-1.4688568115234375,0.704361081123352,104,0.6016890406608582,0.12665709853172302,0.4185827076435089,0.41325080394744873
rosenbrock,1.0,2,cholesky,5,ode_transport,1024,0.005,1000,1,rosenbrock_extreme,89,0.09369277954101562,-1.4865020513534546,0.6502243280410767,98,0.6363909244537354,0.1351168155670166,0.5177710652351379,0.3444560468196869
rosenbrock,1.0,2,cholesky,5,ode_transport,1024,0.005,1000,1,rosenbrock_extreme,90,0.10092711448669434,-1.5150601863861084,0.7960977554321289,104,0.6955756545066833,0.12883898615837097,0.4908140301704407,0.4757390320301056
rosenbrock,1.0,2,cholesky,5,ode_transport,1024,0.005,1000,1,rosenbrock_extreme,91,0.09552407264709473,-1.4920400381088257,0.7302954792976379,98,0.6426209807395935,0.1457488089799881,0.42714208364486694,0.4574589729309082
rosenbrock,1.0,2,cholesky,5,ode_transport,1024,0.005,1000,1,rosenbrock_extreme,92,0.1106269359588623,-1.4405115842819214,0.7058922052383423,116,0.63528972864151,0.08689763396978378,0.507645845413208,0.37193751335144043
rosenbrock,1.0,2,cholesky,5,ode_transport,1024,0.005,1000,1,rosenbrock_extreme,93,0.09319615364074707,-1.4347925186157227,0.5712476968765259,92,0.5091464519500732,0.14722689986228943,0.40940654277801514,0.2644628882408142
rosenbrock,1.0,2,cholesky,5,ode_transport,1024,0.005,1000,1,rosenbrock_extreme,94,0.09882283210754395,-1.4814141988754272,0.6375718116760254,104,0.5809234976768494,0.14217977225780487,0.39809054136276245,0.39847326278686523
rosenbrock,1.0,2,cholesky,5,ode_transport,1024,0.005,1000,1,rosenbrock_extreme,95,0.09552717208862305,-1.4645805358886719,0.7346710562705994,98,0.6235986948013306,0.14882752299308777,0.4848066568374634,0.3628886640071869
rosenbrock,1.0,2,cholesky,5,ode_transport,1024,0.005,1000,1,rosenbrock_extreme,96,0.10856080055236816,-1.3999162912368774,0.6875479817390442,110,0.4992230534553528,0.12849639356136322,0.3400792181491852,0.3421381115913391
rosenbrock,1.0,2,cholesky,5,ode_transport,1024,0.005,1000,1,rosenbrock_extreme,97,0.10221385955810547,-1.4774177074432373,0.5742208957672119,104,0.5727553367614746,0.11256136745214462,0.44681233167648315,0.34020185470581055
rosenbrock,1.0,2,cholesky,5,ode_transport,1024,0.005,1000,1,rosenbrock_extreme,98,0.10808110237121582,-1.4251461029052734,0.6172269582748413,104,0.5055543780326843,0.13284237682819366,0.412366658449173,0.2605608105659485
rosenbrock,1.0,2,cholesky,5,ode_transport,1024,0.005,1000,1,rosenbrock_extreme,99,0.12174487113952637,-1.452221393585205,0.6038457155227661,104,0.532016396522522,0.10797480493783951,0.4327470362186432,0.29002222418785095
rosenbrock,1.0,2,cholesky,5,ode_transport,1024,0.005,1000,1,rosenbrock_extreme,100,0.10017991065979004,-1.4349781274795532,0.6064714789390564,104,0.52452552318573,0.12711119651794434,0.39456772804260254,0.3213815987110138
rosenbrock,1.0,2,cholesky,5,ode_transport,1024,0.005,1000,1,rosenbrock_extreme,101,0.1038813591003418,-1.4230058193206787,0.6020297408103943,104,0.4893719255924225,0.10945257544517517,0.3925958275794983,0.270875483751297
rosenbrock,1.0,2,cholesky,5,ode_transport,1024,0.005,1000,1,rosenbrock_extreme,102,0.10511398315429688,-1.4376368522644043,0.7533053159713745,104,0.5919938683509827,0.14021503925323486,0.3635121285915375,0.4457077383995056
rosenbrock,1.0,2,cholesky,5,ode_transport,1024,0.005,1000,1,rosenbrock_extreme,103,0.09804797172546387,-1.4516578912734985,0.8738003969192505,98,0.6549941301345825,0.09161823987960815,0.4056919515132904,0.5060014128684998
rosenbrock,1.0,2,cholesky,5,ode_transport,1024,0.005,1000,1,rosenbrock_extreme,104,0.11082005500793457,-1.3791546821594238,0.6572117209434509,116,0.5285049080848694,0.0961555689573288,0.39749637246131897,0.33476588129997253
rosenbrock,1.0,2,cholesky,5,ode_transport,1024,0.005,1000,1,rosenbrock_extreme,105,0.10551595687866211,-1.4738866090774536,0.6801731586456299,110,0.9058325290679932,0.08899147808551788,0.49036288261413574,0.7564107179641724
rosenbrock,1.0,2,cholesky,5,ode_transport,1024,0.005,1000,1,rosenbrock_extreme,106,0.09871315956115723,-1.422342300415039,0.5781728625297546,98,0.5570603013038635,0.11305194348096848,0.44065043330192566,0.32150059938430786
rosenbrock,1.0,2,cholesky,5,ode_transport,1024,0.005,1000,1,rosenbrock_extreme,107,0.10713815689086914,-1.4205454587936401,0.6396981477737427,110,0.5095289945602417,0.10057376325130463,0.450475811958313,0.21581529080867767
rosenbrock,1.0,2,cholesky,5,ode_transport,1024,0.005,1000,1,rosenbrock_extreme,108,0.10905909538269043,-1.4241162538528442,0.6034438014030457,110,0.4967554211616516,0.10593497008085251,0.36933568120002747,0.3148569166660309
rosenbrock,1.0,2,cholesky,5,ode_transport,1024,0.005,1000,1,rosenbrock_extreme,109,0.09673595428466797,-1.4554167985916138,0.7556626200675964,98,0.5575323104858398,0.1246165931224823,0.38039594888687134,0.3880874812602997
rosenbrock,1.0,2,cholesky,5,ode_transport,1024,0.005,1000,1,rosenbrock_extreme,110,0.10979127883911133,-1.4085053205490112,0.6785163283348083,116,0.6542585492134094,0.10841166973114014,0.4508599638938904,0.4615478217601776
rosenbrock,1.0,2,cholesky,5,ode_transport,1024,0.005,1000,1,rosenbrock_extreme,111,0.110198974609375,-1.4311027526855469,0.5025105476379395,110,0.5446363091468811,0.11239218711853027,0.4171234965324402,0.33166950941085815
rosenbrock,1.0,2,cholesky,5,ode_transport,1024,0.005,1000,1,rosenbrock_extreme,112,0.11244702339172363,-1.411940336227417,0.5998359322547913,116,0.4804902672767639,0.13908694684505463,0.38141268491744995,0.2570021450519562
rosenbrock,1.0,2,cholesky,5,ode_transport,1024,0.005,1000,1,rosenbrock_extreme,113,0.10627484321594238,-1.4541411399841309,0.6440120935440063,110,0.5273198485374451,0.0955883264541626,0.42442449927330017,0.29798150062561035
rosenbrock,1.0,2,cholesky,5,ode_transport,1024,0.005,1000,1,rosenbrock_extreme,114,0.12132620811462402,-1.3826457262039185,0.6182100176811218,122,0.5016193985939026,0.12912783026695251,0.31307512521743774,0.37004318833351135
rosenbrock,1.0,2,cholesky,5,ode_transport,1024,0.005,1000,1,rosenbrock_extreme,115,0.10770487785339355,-1.4009175300598145,0.5856609344482422,116,0.5078791975975037,0.10621868073940277,0.39725610613822937,0.2980712056159973
rosenbrock,1.0,2,cholesky,5,ode_transport,1024,0.005,1000,1,rosenbrock_extreme,116,0.12278032302856445,-1.3723292350769043,0.570980429649353,122,0.5817811489105225,0.1624317765235901,0.39401888847351074,0.396023154258728
rosenbrock,1.0,2,cholesky,5,ode_transport,1024,0.005,1000,1,rosenbrock_extreme,117,0.11158394813537598,-1.417832374572754,1.0624598264694214,116,0.6888362765312195,0.14174437522888184,0.3438566327095032,0.579798698425293
rosenbrock,1.0,2,cholesky,5,ode_transport,1024,0.005,1000,1,rosenbrock_extreme,118,0.10909795761108398,-1.356651782989502,0.6455587148666382,116,0.5866599678993225,0.11206401884555817,0.3835420608520508,0.4295428395271301
rosenbrock,1.0,2,cholesky,5,ode_transport,1024,0.005,1000,1,rosenbrock_extreme,119,0.1124427318572998,-1.3725652694702148,0.5953875184059143,110,0.4561822712421417,0.10221829265356064,0.32620248198509216,0.30206891894340515
rosenbrock,1.0,2,cholesky,5,ode_transport,1024,0.005,1000,1,rosenbrock_extreme,120,0.10045909881591797,-1.364767074584961,0.5685592889785767,98,0.4725252687931061,0.0874905213713646,0.3124808967113495,0.34348392486572266
rosenbrock,1.0,2,cholesky,5,ode_transport,1024,0.005,1000,1,rosenbrock_extreme,121,0.10877275466918945,-1.355644941329956,0.6341798305511475,110,0.46062904596328735,0.09714816510677338,0.3432397246360779,0.29142385721206665
rosenbrock,1.0,2,cholesky,5,ode_transport,1024,0.005,1000,1,rosenbrock_extreme,122,0.11486005783081055,-1.3857512474060059,0.5560551285743713,116,0.4543762505054474,0.08785847574472427,0.3646661639213562,0.2564316987991333
rosenbrock,1.0,2,cholesky,5,ode_transport,1024,0.005,1000,1,rosenbrock_extreme,123,0.10258364677429199,-1.3746583461761475,0.640500545501709,104,0.5181765556335449,0.14775992929935455,0.4103609621524811,0.279781699180603
rosenbrock,1.0,2,cholesky,5,ode_transport,1024,0.005,1000,1,rosenbrock_extreme,124,0.11146116256713867,-1.3318431377410889,0.5945421457290649,116,0.45739302039146423,0.1364903599023819,0.37361523509025574,0.22581051290035248
rosenbrock,1.0,2,cholesky,5,ode_transport,1024,0.005,1000,1,rosenbrock_extreme,125,0.10971426963806152,-1.3874467611312866,0.568977415561676,116,0.509316623210907,0.14066284894943237,0.36493799090385437,0.32624784111976624
rosenbrock,1.0,2,cholesky,5,ode_transport,1024,0.005,1000,1,rosenbrock_extreme,126,0.1225731372833252,-1.331339955329895,0.6011974215507507,128,0.5177591443061829,0.059223610907793045,0.4112647473812103,0.3089148700237274
rosenbrock,1.0,2,cholesky,5,ode_transport,1024,0.005,1000,1,rosenbrock_extreme,127,0.1101081371307373,-1.3717193603515625,0.5754368901252747,116,0.4742530286312103,0.09437251091003418,0.3574930429458618,0.29699915647506714
rosenbrock,1.0,2,cholesky,5,ode_transport,1024,0.005,1000,1,rosenbrock_extreme,128,0.10466909408569336,-1.3889716863632202,1.2943059206008911,104,0.5598737001419067,0.13288265466690063,0.3857581913471222,0.38339462876319885
rosenbrock,1.0,2,cholesky,5,ode_transport,1024,0.005,1000,1,rosenbrock_extreme,129,0.11636614799499512,-1.2880371809005737,0.631639838218689,122,0.4697785973548889,0.10803843289613724,0.3686906397342682,0.2703458070755005
rosenbrock,1.0,2,cholesky,5,ode_transport,1024,0.005,1000,1,rosenbrock_extreme,130,0.10928106307983398,-1.3613345623016357,0.6222022771835327,110,0.5692311525344849,0.07035186141729355,0.4822062849998474,0.2941969633102417
rosenbrock,1.0,2,cholesky,5,ode_transport,1024,0.005,1000,1,rosenbrock_extreme,131,0.12114286422729492,-1.3564074039459229,0.5280972123146057,128,0.4962272346019745,0.11526873707771301,0.3876373767852783,0.28756195306777954
rosenbrock,1.0,2,cholesky,5,ode_transport,1024,0.005,1000,1,rosenbrock_extreme,132,0.11522579193115234,-1.3392465114593506,0.5323198437690735,116,0.5007402896881104,0.1744702309370041,0.36138471961021423,0.29950305819511414
rosenbrock,1.0,2,cholesky,5,ode_transport,1024,0.005,1000,1,rosenbrock_extreme,133,0.11163210868835449,-1.3059889078140259,0.5699499249458313,116,0.4462093114852905,0.11238543689250946,0.3404366374015808,0.26565980911254883
rosenbrock,1.0,2,cholesky,5,ode_transport,1024,0.005,1000,1,rosenbrock_extreme,134,0.11865425109863281,-1.3512489795684814,0.5888264775276184,116,0.4503905177116394,0.15090365707874298,0.3730480968952179,0.20227408409118652
rosenbrock,1.0,2,cholesky,5,ode_transport,1024,0.005,1000,1,rosenbrock_extreme,135,0.11364126205444336,-1.3399040699005127,0.5860409140586853,116,0.5156082510948181,0.11468884348869324,0.45113441348075867,0.22175690531730652
rosenbrock,1.0,2,cholesky,5,ode_transport,1024,0.005,1000,1,rosenbrock_extreme,136,0.12766003608703613,-1.332520842552185,0.4715983271598816,110,0.5021435022354126,0.07043163478374481,0.406400591135025,0.2864018976688385
rosenbrock,1.0,2,cholesky,5,ode_transport,1024,0.005,1000,1,rosenbrock_extreme,137,0.11275696754455566,-1.3435832262039185,0.569019079208374,104,0.45326676964759827,0.1295228898525238,0.3265104293823242,0.28647083044052124
rosenbrock,1.0,2,cholesky,5,ode_transport,1024,0.005,1000,1,rosenbrock_extreme,138,0.12169909477233887,-1.3348337411880493,0.5031256079673767,122,0.47523584961891174,0.11757863312959671,0.3806905448436737,0.2590349018573761
rosenbrock,1.0,2,cholesky,5,ode_transport,1024,0.005,1000,1,rosenbrock_extreme,139,0.10556602478027344,-1.30373215675354,0.48266178369522095,110,0.45096033811569214,0.10444921255111694,0.3531751334667206,0.2602362334728241
rosenbrock,1.0,2,cholesky,5,ode_transport,1024,0.005,1000,1,rosenbrock_extreme,140,0.11328387260437012,-1.343667984008789,0.5135709047317505,122,0.45850786566734314,0.11864037811756134,0.3091530501842499,0.3171409070491791
rosenbrock,1.0,2,cholesky,5,ode_transport,1024,0.005,1000,1,rosenbrock_extreme,141,0.16672205924987793,-1.2886728048324585,0.5170004963874817,134,0.7159029245376587,0.216304212808609,0.4381982982158661,0.5231747031211853
rosenbrock,1.0,2,cholesky,5,ode_transport,1024,0.005,1000,1,rosenbrock_extreme,142,0.11841630935668945,-1.3053295612335205,0.6992862224578857,122,0.5091477632522583,0.11583919078111649,0.2683575451374054,0.41688960790634155
rosenbrock,1.0,2,cholesky,5,ode_transport,1024,0.005,1000,1,rosenbrock_extreme,143,0.11144876480102539,-1.3451217412948608,0.7000638842582703,110,0.45554065704345703,0.06249465048313141,0.3390502631664276,0.29775261878967285
rosenbrock,1.0,2,cholesky,5,ode_transport,1024,0.005,1000,1,rosenbrock_extreme,144,0.11821675300598145,-1.3160841464996338,0.8062092661857605,122,0.5679765939712524,0.13673213124275208,0.3738400340080261,0.40514859557151794
rosenbrock,1.0,2,cholesky,5,ode_transport,1024,0.005,1000,1,rosenbrock_extreme,145,0.11956501007080078,-1.3088204860687256,0.5870723724365234,122,0.4660989046096802,0.11284522712230682,0.3833277225494385,0.2399459034204483
rosenbrock,1.0,2,cholesky,5,ode_transport,1024,0.005,1000,1,rosenbrock_extreme,146,0.1288130283355713,-1.2760802507400513,0.5739136934280396,122,0.43600693345069885,0.11487632244825363,0.34203463792800903,0.24478112161159515
rosenbrock,1.0,2,cholesky,5,ode_transport,1024,0.005,1000,1,rosenbrock_extreme,147,0.1177668571472168,-1.2989039421081543,0.50837242603302,122,0.5010122060775757,0.11748103052377701,0.3618246912956238,0.32602810859680176
rosenbrock,1.0,2,cholesky,5,ode_transport,1024,0.005,1000,1,rosenbrock_extreme,148,0.11981010437011719,-1.305359125137329,0.4616146385669708,122,0.41253992915153503,0.08007530122995377,0.3596475422382355,0.1855553537607193
rosenbrock,1.0,2,cholesky,5,ode_transport,1024,0.005,1000,1,rosenbrock_extreme,149,0.11594104766845703,-1.2947437763214111,0.5461296439170837,122,0.41425132751464844,0.08928253501653671,0.3465365171432495,0.20867498219013214
rosenbrock,1.0,2,cholesky,5,ode_transport,1024,0.005,1000,1,rosenbrock_extreme,150,0.12117338180541992,-1.2559374570846558,0.5380298495292664,122,0.48908722400665283,0.14649932086467743,0.33497121930122375,0.32486692070961
rosenbrock,1.0,2,cholesky,5,ode_transport,1024,0.005,1000,1,rosenbrock_extreme,151,0.12030696868896484,-1.2622087001800537,0.5157356262207031,122,0.36996912956237793,0.0657905787229538,0.25538352131843567,0.2594764232635498
rosenbrock,1.0,2,cholesky,5,ode_transport,1024,0.005,1000,1,rosenbrock_extreme,152,0.11676621437072754,-1.2779594659805298,0.5307940244674683,116,0.4485950171947479,0.044523198157548904,0.3639366328716278,0.2584672272205353
rosenbrock,1.0,2,cholesky,5,ode_transport,1024,0.005,1000,1,rosenbrock_extreme,153,0.1135110855102539,-1.310144066810608,0.4930207133293152,110,0.41363629698753357,0.08889710903167725,0.356898695230484,0.18925020098686218
rosenbrock,1.0,2,cholesky,5,ode_transport,1024,0.005,1000,1,rosenbrock_extreme,154,0.11329102516174316,-1.312544584274292,0.5166180729866028,116,0.4384550154209137,0.11147726327180862,0.36195215582847595,0.2209213525056839
rosenbrock,1.0,2,cholesky,5,ode_transport,1024,0.005,1000,1,rosenbrock_extreme,155,0.1144099235534668,-1.2649352550506592,0.5322883725166321,110,0.4639374315738678,0.10555113852024078,0.31264930963516235,0.32610929012298584
rosenbrock,1.0,2,cholesky,5,ode_transport,1024,0.005,1000,1,rosenbrock_extreme,156,0.14093708992004395,-1.287118911743164,0.6083890199661255,128,0.4938925504684448,0.04343799129128456,0.38793468475341797,0.30257174372673035
rosenbrock,1.0,2,cholesky,5,ode_transport,1024,0.005,1000,1,rosenbrock_extreme,157,0.11420989036560059,-1.2530676126480103,0.5120442509651184,116,0.3719353675842285,0.05804508551955223,0.30330392718315125,0.2073003053665161
rosenbrock,1.0,2,cholesky,5,ode_transport,1024,0.005,1000,1,rosenbrock_extreme,158,0.13545012474060059,-1.3005114793777466,0.7651448845863342,140,0.6289052963256836,0.10064126551151276,0.39309412240982056,0.4804895222187042
rosenbrock,1.0,2,cholesky,5,ode_transport,1024,0.005,1000,1,rosenbrock_extreme,159,0.11049914360046387,-1.26426362991333,0.5229485034942627,116,0.4049570858478546,0.04202770069241524,0.34679365158081055,0.20483672618865967
rosenbrock,1.0,2,cholesky,5,ode_transport,1024,0.005,1000,1,rosenbrock_extreme,160,0.12317109107971191,-1.2544533014297485,0.5545416474342346,128,0.3559497892856598,0.06420441716909409,0.30656343698501587,0.16910621523857117
rosenbrock,1.0,2,cholesky,5,ode_transport,1024,0.005,1000,1,rosenbrock_extreme,161,0.11297082901000977,-1.2581796646118164,0.5144376158714294,116,0.4551086127758026,0.08375582844018936,0.3010343611240387,0.33088839054107666
rosenbrock,1.0,2,cholesky,5,ode_transport,1024,0.005,1000,1,rosenbrock_extreme,162,0.1166229248046875,-1.2555041313171387,0.5413218140602112,122,0.38076478242874146,0.07069723308086395,0.3225887417793274,0.1895262449979782
rosenbrock,1.0,2,cholesky,5,ode_transport,1024,0.005,1000,1,rosenbrock_extreme,163,0.11284494400024414,-1.2370585203170776,0.5426299571990967,116,0.4116840362548828,0.08473946154117584,0.34411248564720154,0.20949837565422058
rosenbrock,1.0,2,cholesky,5,ode_transport,1024,0.005,1000,1,rosenbrock_extreme,164,0.11712288856506348,-1.2674685716629028,0.6474342346191406,116,0.6240019202232361,0.08529999852180481,0.511447012424469,0.3471660017967224
rosenbrock,1.0,2,cholesky,5,ode_transport,1024,0.005,1000,1,rosenbrock_extreme,165,0.1223299503326416,-1.249845266342163,0.49798184633255005,122,0.3648158311843872,0.0577833354473114,0.24911916255950928,0.26017558574676514
rosenbrock,1.0,2,cholesky,5,ode_transport,1024,0.005,1000,1,rosenbrock_extreme,166,0.1286001205444336,-1.2359333038330078,0.5208371877670288,134,0.38102293014526367,0.10626925528049469,0.305680513381958,0.20110872387886047
rosenbrock,1.0,2,cholesky,5,ode_transport,1024,0.005,1000,1,rosenbrock_extreme,167,0.11734318733215332,-1.272951364517212,0.7443908452987671,122,0.3960501551628113,0.10206150263547897,0.3287656009197235,0.19583760201931
rosenbrock,1.0,2,cholesky,5,ode_transport,1024,0.005,1000,1,rosenbrock_extreme,168,0.11943459510803223,-1.239890456199646,0.5295996069908142,122,0.4376715123653412,0.12315221130847931,0.25507768988609314,0.33365437388420105
rosenbrock,1.0,2,cholesky,5,ode_transport,1024,0.005,1000,1,rosenbrock_extreme,169,0.10767006874084473,-1.2239612340927124,0.6670740246772766,104,0.6317835450172424,0.22377489507198334,0.4378930628299713,0.3966419994831085
rosenbrock,1.0,2,cholesky,5,ode_transport,1024,0.005,1000,1,rosenbrock_extreme,170,0.10925006866455078,-1.241381287574768,0.4428121745586395,110,0.49984031915664673,0.04875774681568146,0.4272598326206207,0.2547784447669983
rosenbrock,1.0,2,cholesky,5,ode_transport,1024,0.005,1000,1,rosenbrock_extreme,171,0.11132502555847168,-1.252947449684143,0.4707171320915222,116,0.36968666315078735,0.1155538558959961,0.3056222200393677,0.1729467362165451
rosenbrock,1.0,2,cholesky,5,ode_transport,1024,0.005,1000,1,rosenbrock_extreme,172,0.11433696746826172,-1.2513102293014526,0.4965765178203583,116,0.3898838460445404,0.08000703901052475,0.3024809956550598,0.2326231300830841
rosenbrock,1.0,2,cholesky,5,ode_transport,1024,0.005,1000,1,rosenbrock_extreme,173,0.11129069328308105,-1.2441728115081787,0.5324096083641052,116,0.42562633752822876,0.06464804708957672,0.3428729176521301,0.24375513195991516
rosenbrock,1.0,2,cholesky,5,ode_transport,1024,0.005,1000,1,rosenbrock_extreme,174,0.1238856315612793,-1.2445957660675049,0.6186671853065491,128,0.5621533989906311,0.10208433866500854,0.4352441132068634,0.3408193588256836
rosenbrock,1.0,2,cholesky,5,ode_transport,1024,0.005,1000,1,rosenbrock_extreme,175,0.12090110778808594,-1.2214007377624512,0.5580952763557434,128,0.4842042326927185,0.11706956475973129,0.4012226462364197,0.24447669088840485
rosenbrock,1.0,2,cholesky,5,ode_transport,1024,0.005,1000,1,rosenbrock_extreme,176,0.11344408988952637,-1.2391408681869507,0.5532981753349304,110,0.38150811195373535,0.038445647805929184,0.3376999795436859,0.17328904569149017
rosenbrock,1.0,2,cholesky,5,ode_transport,1024,0.005,1000,1,rosenbrock_extreme,177,0.12988901138305664,-1.2395464181900024,0.5231261849403381,128,0.5078855156898499,0.19775275886058807,0.37006649374961853,0.28616833686828613
rosenbrock,1.0,2,cholesky,5,ode_transport,1024,0.005,1000,1,rosenbrock_extreme,178,0.13407206535339355,-1.2157981395721436,0.5775500535964966,134,0.43742039799690247,0.053222086280584335,0.3356894850730896,0.27534809708595276
rosenbrock,1.0,2,cholesky,5,ode_transport,1024,0.005,1000,1,rosenbrock_extreme,179,0.12918710708618164,-1.2320058345794678,0.5468626022338867,140,0.4262809753417969,0.07180056720972061,0.37398651242256165,0.19155746698379517
rosenbrock,1.0,2,cholesky,5,ode_transport,1024,0.005,1000,1,rosenbrock_extreme,180,0.10451889038085938,-1.207148790359497,0.6010715365409851,116,0.3668632507324219,0.04477577283978462,0.30501800775527954,0.19886627793312073
rosenbrock,1.0,2,cholesky,5,ode_transport,1024,0.005,1000,1,rosenbrock_extreme,181,0.10340285301208496,-1.2365055084228516,0.749393880367279,110,0.3910410702228546,0.10714507102966309,0.30238375067710876,0.2236003577709198
rosenbrock,1.0,2,cholesky,5,ode_transport,1024,0.005,1000,1,rosenbrock_extreme,182,0.10747432708740234,-1.217025637626648,0.4588714838027954,116,0.3874616026878357,0.07004810124635696,0.2797739803791046,0.2587398588657379
rosenbrock,1.0,2,cholesky,5,ode_transport,1024,0.005,1000,1,rosenbrock_extreme,183,0.1174461841583252,-1.2214645147323608,0.5636705756187439,122,0.41145676374435425,0.022452306002378464,0.27525830268859863,0.3050006926059723
rosenbrock,1.0,2,cholesky,5,ode_transport,1024,0.005,1000,1,rosenbrock_extreme,184,0.11380410194396973,-1.2479891777038574,0.6201136708259583,122,0.3760503828525543,0.06857986748218536,0.31436002254486084,0.19464965164661407
rosenbrock,1.0,2,cholesky,5,ode_transport,1024,0.005,1000,1,rosenbrock_extreme,185,0.1213538646697998,-1.2355222702026367,0.6708014011383057,134,0.3527219295501709,0.059451717883348465,0.31016358733177185,0.15708857774734497
rosenbrock,1.0,2,cholesky,5,ode_transport,1024,0.005,1000,1,rosenbrock_extreme,186,0.11579704284667969,-1.222278118133545,0.45028427243232727,122,1.0268479585647583,0.33608072996139526,0.6477153301239014,0.7224481701850891
rosenbrock,1.0,2,cholesky,5,ode_transport,1024,0.005,1000,1,rosenbrock_extreme,187,0.14569497108459473,-1.2240278720855713,0.6036455631256104,122,0.3958604037761688,0.11405660212039948,0.3542141616344452,0.1350143849849701
rosenbrock,1.0,2,cholesky,5,ode_transport,1024,0.005,1000,1,rosenbrock_extreme,188,0.11993908882141113,-1.1902905702590942,0.5866584777832031,122,0.4134722054004669,0.10235599428415298,0.31631556153297424,0.24581900238990784
rosenbrock,1.0,2,cholesky,5,ode_transport,1024,0.005,1000,1,rosenbrock_extreme,189,0.15252232551574707,-1.2232943773269653,0.4815048277378082,128,0.35885459184646606,0.0449657179415226,0.2553616166114807,0.2480829358100891
rosenbrock,1.0,2,cholesky,5,ode_transport,1024,0.005,1000,1,rosenbrock_extreme,190,0.11033010482788086,-1.2147990465164185,0.6378549933433533,122,0.40204423666000366,0.04874192923307419,0.29925110936164856,0.264031320810318
rosenbrock,1.0,2,cholesky,5,ode_transport,1024,0.005,1000,1,rosenbrock_extreme,191,0.12153077125549316,-1.220452904701233,0.5376178026199341,128,0.3875505030155182,0.07891273498535156,0.292660653591156,0.24149098992347717
rosenbrock,1.0,2,cholesky,5,ode_transport,1024,0.005,1000,1,rosenbrock_extreme,192,0.13451218605041504,-1.1716423034667969,0.5395587086677551,140,0.5215372443199158,0.17384658753871918,0.41118577122688293,0.2696381211280823
rosenbrock,1.0,2,cholesky,5,ode_transport,1024,0.005,1000,1,rosenbrock_extreme,193,0.13092398643493652,-1.2049672603607178,0.6256639361381531,146,0.315349817276001,0.02822280488908291,0.2773514688014984,0.14739447832107544
rosenbrock,1.0,2,cholesky,5,ode_transport,1024,0.005,1000,1,rosenbrock_extreme,194,0.11943912506103516,-1.1876705884933472,0.5074819326400757,134,0.46730905771255493,0.04099219664931297,0.3418191373348236,0.3160017132759094
rosenbrock,1.0,2,cholesky,5,ode_transport,1024,0.005,1000,1,rosenbrock_extreme,195,0.1342620849609375,-1.222517490386963,0.5046367645263672,140,0.39707672595977783,0.05889780446887016,0.2955133020877838,0.25859788060188293
rosenbrock,1.0,2,cholesky,5,ode_transport,1024,0.005,1000,1,rosenbrock_extreme,196,0.11629796028137207,-1.2139880657196045,0.6413949728012085,128,0.5130428075790405,0.07865218073129654,0.40387994050979614,0.3064437210559845
rosenbrock,1.0,2,cholesky,5,ode_transport,1024,0.005,1000,1,rosenbrock_extreme,197,0.11116886138916016,-1.199944257736206,0.4587697684764862,128,0.3365657925605774,0.026554498821496964,0.25891461968421936,0.21338839828968048
rosenbrock,1.0,2,cholesky,5,ode_transport,1024,0.005,1000,1,rosenbrock_extreme,198,0.1109468936920166,-1.2119356393814087,0.8078338503837585,128,0.45490097999572754,0.12703822553157806,0.38397589325904846,0.20822758972644806
rosenbrock,1.0,2,cholesky,5,ode_transport,1024,0.005,1000,1,rosenbrock_extreme,199,0.11383295059204102,-1.222790002822876,0.5478073358535767,110,0.3745928704738617,0.020804865285754204,0.27848827838897705,0.24966223537921906
rosenbrock,1.0,2,cholesky,5,ode_transport,1024,0.005,1000,1,rosenbrock_extreme,200,0.12633824348449707,-1.2250237464904785,0.6036050915718079,128,0.483588308095932,0.05665905401110649,0.4056318998336792,0.25711894035339355
rosenbrock,1.0,2,cholesky,5,ode_transport,1024,0.005,1000,1,rosenbrock_extreme,201,0.12369632720947266,-1.171311855316162,0.5303702354431152,134,0.4893227219581604,0.029476672410964966,0.399591863155365,0.2808811068534851
rosenbrock,1.0,2,cholesky,5,ode_transport,1024,0.005,1000,1,rosenbrock_extreme,202,0.11495208740234375,-1.1848022937774658,0.4832667410373688,128,0.4246773421764374,0.11062528938055038,0.3060728907585144,0.272822767496109
rosenbrock,1.0,2,cholesky,5,ode_transport,1024,0.005,1000,1,rosenbrock_extreme,203,0.13173580169677734,-1.1780434846878052,0.5257625579833984,134,0.38256242871284485,0.03332468494772911,0.3102377653121948,0.22135047614574432
rosenbrock,1.0,2,cholesky,5,ode_transport,1024,0.005,1000,1,rosenbrock_extreme,204,0.13011503219604492,-1.184696078300476,0.48736777901649475,140,0.5753387808799744,0.03260083124041557,0.4937954545021057,0.2934585213661194
rosenbrock,1.0,2,cholesky,5,ode_transport,1024,0.005,1000,1,rosenbrock_extreme,205,0.10875701904296875,-1.1870697736740112,0.47663143277168274,116,0.3381052613258362,0.04212537407875061,0.2419632524251938,0.23236697912216187
rosenbrock,1.0,2,cholesky,5,ode_transport,1024,0.005,1000,1,rosenbrock_extreme,206,0.13851475715637207,-1.1970019340515137,0.5511353015899658,152,0.5146084427833557,0.2152213305234909,0.38055604696273804,0.27143824100494385
rosenbrock,1.0,2,cholesky,5,ode_transport,1024,0.005,1000,1,rosenbrock_extreme,207,0.12422394752502441,-1.1809762716293335,0.5355843901634216,128,0.30040475726127625,0.04865000769495964,0.2581135630607605,0.1457860916852951
rosenbrock,1.0,2,cholesky,5,ode_transport,1024,0.005,1000,1,rosenbrock_extreme,208,0.12143778800964355,-1.196304440498352,0.49847978353500366,128,0.35926946997642517,0.045255620032548904,0.2746773660182953,0.22710968554019928
rosenbrock,1.0,2,cholesky,5,ode_transport,1024,0.005,1000,1,rosenbrock_extreme,209,0.13636398315429688,-1.179030179977417,0.7022405862808228,146,0.8644099235534668,0.3769546151161194,0.5215809345245361,0.5771160125732422
rosenbrock,1.0,2,cholesky,5,ode_transport,1024,0.005,1000,1,rosenbrock_extreme,210,0.11653017997741699,-1.1988749504089355,0.5763914585113525,128,0.5016428828239441,0.05877905339002609,0.45062732696533203,0.21242791414260864
rosenbrock,1.0,2,cholesky,5,ode_transport,1024,0.005,1000,1,rosenbrock_extreme,211,0.13669872283935547,-1.1796029806137085,0.6095506548881531,140,0.4384605586528778,0.11380357295274734,0.37373682856559753,0.19904068112373352
rosenbrock,1.0,2,cholesky,5,ode_transport,1024,0.005,1000,1,rosenbrock_extreme,212,0.12653899192810059,-1.176588535308838,0.5291497707366943,134,0.573387086391449,0.08562897890806198,0.4199162423610687,0.3809341490268707
rosenbrock,1.0,2,cholesky,5,ode_transport,1024,0.005,1000,1,rosenbrock_extreme,213,0.1344587802886963,-1.1785436868667603,0.5218881368637085,146,0.5820839405059814,0.03681449592113495,0.4040953516960144,0.41734078526496887
rosenbrock,1.0,2,cholesky,5,ode_transport,1024,0.005,1000,1,rosenbrock_extreme,214,0.10690784454345703,-1.1607906818389893,0.5332388281822205,110,0.3585605025291443,0.06141582131385803,0.29878950119018555,0.18846359848976135
rosenbrock,1.0,2,cholesky,5,ode_transport,1024,0.005,1000,1,rosenbrock_extreme,215,0.1325690746307373,-1.1957472562789917,0.5885801315307617,134,0.3402121067047119,0.10794319957494736,0.2760579288005829,0.16698668897151947
rosenbrock,1.0,2,cholesky,5,ode_transport,1024,0.005,1000,1,rosenbrock_extreme,216,0.13724637031555176,-1.1638613939285278,0.5491976141929626,140,0.3494950234889984,0.052716851234436035,0.2598658800125122,0.2276783138513565
rosenbrock,1.0,2,cholesky,5,ode_transport,1024,0.005,1000,1,rosenbrock_extreme,217,0.11437392234802246,-1.1736152172088623,0.49997803568840027,122,0.318289577960968,0.01623956859111786,0.20020940899848938,0.2469022423028946
rosenbrock,1.0,2,cholesky,5,ode_transport,1024,0.005,1000,1,rosenbrock_extreme,218,0.12235403060913086,-1.1801737546920776,0.5536213517189026,128,0.456121563911438,0.05490173026919365,0.2708365023136139,0.3628777861595154
rosenbrock,1.0,2,cholesky,5,ode_transport,1024,0.005,1000,1,rosenbrock_extreme,219,0.13481497764587402,-1.2237027883529663,1.0493193864822388,140,0.6400205492973328,0.20487086474895477,0.33380481600761414,0.5061902403831482
rosenbrock,1.0,2,cholesky,5,ode_transport,1024,0.005,1000,1,rosenbrock_extreme,220,0.13448596000671387,-1.1674447059631348,0.6746256947517395,134,0.5987074375152588,0.14201323688030243,0.47570911049842834,0.3346395492553711
rosenbrock,1.0,2,cholesky,5,ode_transport,1024,0.005,1000,1,rosenbrock_extreme,221,0.1275041103363037,-1.1693236827850342,0.5791481733322144,134,0.8162773847579956,0.18399472534656525,0.6852811574935913,0.403539776802063
rosenbrock,1.0,2,cholesky,5,ode_transport,1024,0.005,1000,1,rosenbrock_extreme,222,0.10703182220458984,-1.1611627340316772,0.618726372718811,116,0.35751551389694214,0.020044295117259026,0.27078694105148315,0.23257258534431458
rosenbrock,1.0,2,cholesky,5,ode_transport,1024,0.005,1000,1,rosenbrock_extreme,223,0.1281118392944336,-1.1399153470993042,0.5381367206573486,128,0.5051442980766296,0.06588831543922424,0.43871673941612244,0.24157217144966125
rosenbrock,1.0,2,cholesky,5,ode_transport,1024,0.005,1000,1,rosenbrock_extreme,224,0.12688827514648438,-1.1628012657165527,0.49539828300476074,134,0.4437262713909149,0.11983956396579742,0.3834858536720276,0.18833507597446442
rosenbrock,1.0,2,cholesky,5,ode_transport,1024,0.005,1000,1,rosenbrock_extreme,225,0.12738513946533203,-1.1428871154785156,0.5892651081085205,140,1.7841532230377197,0.7777198553085327,0.8630498647689819,1.3540676832199097
rosenbrock,1.0,2,cholesky,5,ode_transport,1024,0.005,1000,1,rosenbrock_extreme,226,0.1177818775177002,-1.153662919998169,0.4650636315345764,134,0.3980776071548462,0.08610042184591293,0.28604456782341003,0.26311784982681274
rosenbrock,1.0,2,cholesky,5,ode_transport,1024,0.005,1000,1,rosenbrock_extreme,227,0.14135098457336426,-1.1287277936935425,0.5173677802085876,134,0.37107133865356445,0.02706666849553585,0.29527172446250916,0.22310525178909302
rosenbrock,1.0,2,cholesky,5,ode_transport,1024,0.005,1000,1,rosenbrock_extreme,228,0.13700413703918457,-1.154759168624878,0.4628147482872009,134,0.5706494450569153,0.032492537051439285,0.44452106952667236,0.35635098814964294
rosenbrock,1.0,2,cholesky,5,ode_transport,1024,0.005,1000,1,rosenbrock_extreme,229,0.15721392631530762,-1.1811957359313965,0.5699074268341064,140,0.32800742983818054,0.044064417481422424,0.24496117234230042,0.213638037443161
rosenbrock,1.0,2,cholesky,5,ode_transport,1024,0.005,1000,1,rosenbrock_extreme,230,0.13825583457946777,-1.1575911045074463,0.5219341516494751,140,0.4135790765285492,0.019838277250528336,0.354686439037323,0.21178200840950012
rosenbrock,1.0,2,cholesky,5,ode_transport,1024,0.005,1000,1,rosenbrock_extreme,231,0.12064504623413086,-1.1386933326721191,0.5632376670837402,122,0.6389474868774414,0.04102148860692978,0.3911905586719513,0.5035286545753479
rosenbrock,1.0,2,cholesky,5,ode_transport,1024,0.005,1000,1,rosenbrock_extreme,232,0.11906170845031738,-1.1384515762329102,0.5433100461959839,128,0.31574204564094543,0.05648726224899292,0.28596019744873047,0.12136311084032059
rosenbrock,1.0,2,cholesky,5,ode_transport,1024,0.005,1000,1,rosenbrock_extreme,233,0.10465478897094727,-1.1273458003997803,0.5802351236343384,122,0.33262911438941956,0.06378793716430664,0.27213284373283386,0.180324524641037
rosenbrock,1.0,2,cholesky,5,ode_transport,1024,0.005,1000,1,rosenbrock_extreme,234,0.11498475074768066,-1.1720201969146729,0.5127180218696594,122,0.3482706844806671,0.11660446226596832,0.3029019832611084,0.12627848982810974
rosenbrock,1.0,2,cholesky,5,ode_transport,1024,0.005,1000,1,rosenbrock_extreme,235,0.12020516395568848,-1.1362712383270264,0.49578481912612915,122,0.3057189881801605,0.03133942186832428,0.22919712960720062,0.19987647235393524
rosenbrock,1.0,2,cholesky,5,ode_transport,1024,0.005,1000,1,rosenbrock_extreme,236,0.12075185775756836,-1.1900781393051147,1.0695980787277222,128,0.5669095516204834,0.01894514076411724,0.534031867980957,0.18930785357952118
rosenbrock,1.0,2,cholesky,5,ode_transport,1024,0.005,1000,1,rosenbrock_extreme,237,0.10695600509643555,-1.1887983083724976,0.5693148970603943,122,0.42597755789756775,0.08079182356595993,0.24870391190052032,0.3362676501274109
rosenbrock,1.0,2,cholesky,5,ode_transport,1024,0.005,1000,1,rosenbrock_extreme,238,0.12093210220336914,-1.1459745168685913,0.6435722708702087,134,0.3076185882091522,0.030195556581020355,0.2785736620426178,0.1269414871931076
rosenbrock,1.0,2,cholesky,5,ode_transport,1024,0.005,1000,1,rosenbrock_extreme,239,0.14443111419677734,-1.1805169582366943,0.5245735049247742,146,0.49107882380485535,0.14962853491306305,0.35406622290611267,0.3056252896785736
rosenbrock,1.0,2,cholesky,5,ode_transport,1024,0.005,1000,1,rosenbrock_extreme,240,0.1291489601135254,-1.142532229423523,0.4493213891983032,128,0.32014399766921997,0.0639525055885315,0.26157742738723755,0.17314590513706207
rosenbrock,1.0,2,cholesky,5,ode_transport,1024,0.005,1000,1,rosenbrock_extreme,241,0.1276240348815918,-1.1594221591949463,0.5126287937164307,140,0.3684844672679901,0.06925175338983536,0.2543332874774933,0.257487028837204
rosenbrock,1.0,2,cholesky,5,ode_transport,1024,0.005,1000,1,rosenbrock_extreme,242,0.13174915313720703,-1.1509760618209839,0.5414565801620483,140,0.36249637603759766,0.07502828538417816,0.3047631084918976,0.18136654794216156
rosenbrock,1.0,2,cholesky,5,ode_transport,1024,0.005,1000,1,rosenbrock_extreme,243,0.1204991340637207,-1.0971150398254395,0.48454102873802185,122,0.36025527119636536,0.026055408641695976,0.22831925749778748,0.2774442434310913
rosenbrock,1.0,2,cholesky,5,ode_transport,1024,0.005,1000,1,rosenbrock_extreme,244,0.12801408767700195,-1.1199389696121216,0.4832346439361572,140,0.2578786313533783,0.06704473495483398,0.18618358671665192,0.16535437107086182
rosenbrock,1.0,2,cholesky,5,ode_transport,1024,0.005,1000,1,rosenbrock_extreme,245,0.12200117111206055,-1.1273235082626343,0.445108562707901,134,0.3839605748653412,0.011368793435394764,0.30433574318885803,0.23382948338985443
rosenbrock,1.0,2,cholesky,5,ode_transport,1024,0.005,1000,1,rosenbrock_extreme,246,0.12015008926391602,-1.1409121751785278,0.6305211186408997,134,0.35512036085128784,0.018605481833219528,0.2667153775691986,0.2337246537208557
rosenbrock,1.0,2,cholesky,5,ode_transport,1024,0.005,1000,1,rosenbrock_extreme,247,0.13022089004516602,-1.1360546350479126,0.468965083360672,140,0.367716908454895,0.07095012068748474,0.2338288426399231,0.27478334307670593
rosenbrock,1.0,2,cholesky,5,ode_transport,1024,0.005,1000,1,rosenbrock_extreme,248,0.10953402519226074,-1.1438831090927124,0.4689614474773407,116,0.38144123554229736,0.1521850824356079,0.2951914668083191,0.18761436641216278
rosenbrock,1.0,2,cholesky,5,ode_transport,1024,0.005,1000,1,rosenbrock_extreme,249,0.12596869468688965,-1.1581000089645386,0.633060872554779,146,0.5721449255943298,0.044688381254673004,0.366407573223114,0.4371478259563446
rosenbrock,1.0,2,cholesky,5,ode_transport,1024,0.005,1000,1,rosenbrock_extreme,250,0.13353610038757324,-1.1468616724014282,0.986647367477417,134,0.4051555097103119,0.023668019101023674,0.29374998807907104,0.2780319154262543
rosenbrock,1.0,2,cholesky,5,ode_transport,1024,0.005,1000,1,rosenbrock_extreme,251,0.13776111602783203,-1.1248137950897217,0.5455038547515869,140,0.3577287197113037,0.11567182838916779,0.25817355513572693,0.2189435362815857
rosenbrock,1.0,2,cholesky,5,ode_transport,1024,0.005,1000,1,rosenbrock_extreme,252,0.11785101890563965,-1.1529337167739868,0.7251156568527222,122,0.4384228587150574,0.02051026187837124,0.31529590487480164,0.30394479632377625
rosenbrock,1.0,2,cholesky,5,ode_transport,1024,0.005,1000,1,rosenbrock_extreme,253,0.12376070022583008,-1.136818766593933,0.4962271451950073,134,0.4434894621372223,0.07248104363679886,0.37988245487213135,0.21706846356391907
rosenbrock,1.0,2,cholesky,5,ode_transport,1024,0.005,1000,1,rosenbrock_extreme,254,0.1270749568939209,-1.1425880193710327,0.5055914521217346,140,0.4346398711204529,0.024974603205919266,0.363227516412735,0.2373896837234497
rosenbrock,1.0,2,cholesky,5,ode_transport,1024,0.005,1000,1,rosenbrock_extreme,255,0.14182090759277344,-1.1583971977233887,1.0064775943756104,146,0.4987450838088989,0.04821959510445595,0.2955350875854492,0.3988490402698517
rosenbrock,1.0,2,cholesky,5,ode_transport,1024,0.005,1000,1,rosenbrock_extreme,256,0.12443017959594727,-1.13954758644104,0.566042423248291,140,0.3106323778629303,0.061620380729436874,0.26092958450317383,0.15687942504882812
rosenbrock,1.0,2,cholesky,5,ode_transport,1024,0.005,1000,1,rosenbrock_extreme,257,0.13049793243408203,-1.0974525213241577,0.4849333167076111,152,0.3910578191280365,0.11998061090707779,0.2782967686653137,0.24714729189872742
rosenbrock,1.0,2,cholesky,5,ode_transport,1024,0.005,1000,1,rosenbrock_extreme,258,0.13942790031433105,-1.096832036972046,0.5842031836509705,140,0.44631415605545044,0.024571985006332397,0.38523581624031067,0.2240220606327057
rosenbrock,1.0,2,cholesky,5,ode_transport,1024,0.005,1000,1,rosenbrock_extreme,259,0.1381239891052246,-1.145261526107788,0.7161235809326172,140,0.38669735193252563,0.0562295988202095,0.24500493705272675,0.2938463091850281
rosenbrock,1.0,2,cholesky,5,ode_transport,1024,0.005,1000,1,rosenbrock_extreme,260,0.12342381477355957,-1.113567590713501,0.47268563508987427,134,0.28086087107658386,0.058422982692718506,0.2097138613462448,0.17745333909988403
rosenbrock,1.0,2,cholesky,5,ode_transport,1024,0.005,1000,1,rosenbrock_extreme,261,0.10817480087280273,-1.1227020025253296,0.5592034459114075,122,0.48042935132980347,0.04548376798629761,0.44796183705329895,0.16755226254463196
rosenbrock,1.0,2,cholesky,5,ode_transport,1024,0.005,1000,1,rosenbrock_extreme,262,0.11437582969665527,-1.1256145238876343,0.6017628908157349,110,0.5327407717704773,0.12796853482723236,0.44985726475715637,0.25507885217666626
rosenbrock,1.0,2,cholesky,5,ode_transport,1024,0.005,1000,1,rosenbrock_extreme,263,0.13250994682312012,-1.1285884380340576,0.48700547218322754,134,0.41037285327911377,0.06238306313753128,0.33971256017684937,0.22160689532756805
rosenbrock,1.0,2,cholesky,5,ode_transport,1024,0.005,1000,1,rosenbrock_extreme,264,0.11863112449645996,-1.1250224113464355,0.5408415794372559,134,0.4834021031856537,0.037022631615400314,0.42067453265190125,0.23524415493011475
rosenbrock,1.0,2,cholesky,5,ode_transport,1024,0.005,1000,1,rosenbrock_extreme,265,0.12554073333740234,-1.1234493255615234,0.4309508204460144,146,0.24092969298362732,0.014210578985512257,0.19701483845710754,0.13795046508312225
rosenbrock,1.0,2,cholesky,5,ode_transport,1024,0.005,1000,1,rosenbrock_extreme,266,0.13783597946166992,-1.1184091567993164,0.4992610514163971,146,0.3208872079849243,0.09021621197462082,0.249588280916214,0.18037553131580353
rosenbrock,1.0,2,cholesky,5,ode_transport,1024,0.005,1000,1,rosenbrock_extreme,267,0.14084887504577637,-1.1213417053222656,0.6224800944328308,140,0.3712039887905121,0.008471528068184853,0.26905006170272827,0.25560262799263
rosenbrock,1.0,2,cholesky,5,ode_transport,1024,0.005,1000,1,rosenbrock_extreme,268,0.12908625602722168,-1.1297856569290161,0.5570200681686401,122,0.4091726839542389,0.012275476939976215,0.3732609152793884,0.16717620193958282
rosenbrock,1.0,2,cholesky,5,ode_transport,1024,0.005,1000,1,rosenbrock_extreme,269,0.16608190536499023,-1.1485137939453125,0.7238073348999023,140,0.32781776785850525,0.04274503514170647,0.23332422971725464,0.22626785933971405
rosenbrock,1.0,2,cholesky,5,ode_transport,1024,0.005,1000,1,rosenbrock_extreme,270,0.1164698600769043,-1.145456075668335,0.5438045263290405,128,0.4108324944972992,0.04532289505004883,0.39628806710243225,0.09841200709342957
rosenbrock,1.0,2,cholesky,5,ode_transport,1024,0.005,1000,1,rosenbrock_extreme,271,0.11627697944641113,-1.1241084337234497,0.493939071893692,128,0.5077242255210876,0.018332241103053093,0.460227906703949,0.2136307656764984
rosenbrock,1.0,2,cholesky,5,ode_transport,1024,0.005,1000,1,rosenbrock_extreme,272,0.1164252758026123,-1.114830493927002,0.46077701449394226,128,0.3539460301399231,0.054456982761621475,0.2793601155281067,0.21040472388267517
rosenbrock,1.0,2,cholesky,5,ode_transport,1024,0.005,1000,1,rosenbrock_extreme,273,0.11946296691894531,-1.1116840839385986,0.49611836671829224,134,0.3491491973400116,0.03166442736983299,0.2888244092464447,0.1936052143573761
rosenbrock,1.0,2,cholesky,5,ode_transport,1024,0.005,1000,1,rosenbrock_extreme,274,0.12032365798950195,-1.0803327560424805,0.5462846755981445,134,0.3701172471046448,0.09240608662366867,0.311615914106369,0.1770407110452652
rosenbrock,1.0,2,cholesky,5,ode_transport,1024,0.005,1000,1,rosenbrock_extreme,275,0.12537169456481934,-1.1150867938995361,0.5114232897758484,140,0.432807594537735,0.14561603963375092,0.3352470397949219,0.23179256916046143
rosenbrock,1.0,2,cholesky,5,ode_transport,1024,0.005,1000,1,rosenbrock_extreme,276,0.1227571964263916,-1.1205592155456543,0.5533344745635986,140,0.32014599442481995,0.07369602471590042,0.24661806225776672,0.1903730034828186
rosenbrock,1.0,2,cholesky,5,ode_transport,1024,0.005,1000,1,rosenbrock_extreme,277,0.11926913261413574,-1.1129474639892578,0.5558231472969055,134,0.7471336126327515,0.07128936797380447,0.5947238802909851,0.44657593965530396
rosenbrock,1.0,2,cholesky,5,ode_transport,1024,0.005,1000,1,rosenbrock_extreme,278,0.12496709823608398,-1.1479823589324951,0.902651309967041,140,0.47931790351867676,0.06418628990650177,0.21759198606014252,0.4222315549850464
rosenbrock,1.0,2,cholesky,5,ode_transport,1024,0.005,1000,1,rosenbrock_extreme,279,0.134904146194458,-1.0842593908309937,0.43859782814979553,152,0.6695972681045532,0.2301279753446579,0.41508054733276367,0.47234490513801575
rosenbrock,1.0,2,cholesky,5,ode_transport,1024,0.005,1000,1,rosenbrock_extreme,280,0.11797881126403809,-1.1249538660049438,0.6056566834449768,128,0.389082670211792,0.05486767739057541,0.156316339969635,0.3520512282848358
rosenbrock,1.0,2,cholesky,5,ode_transport,1024,0.005,1000,1,rosenbrock_extreme,281,0.12274885177612305,-1.1092274188995361,0.5724598169326782,134,0.292571485042572,0.04499919340014458,0.21420127153396606,0.19414161145687103
rosenbrock,1.0,2,cholesky,5,ode_transport,1024,0.005,1000,1,rosenbrock_extreme,282,0.1354508399963379,-1.1227703094482422,0.6019759178161621,140,0.3786543309688568,0.02859855815768242,0.22368820011615753,0.3041788935661316
rosenbrock,1.0,2,cholesky,5,ode_transport,1024,0.005,1000,1,rosenbrock_extreme,283,0.13133692741394043,-1.0785894393920898,0.5489542484283447,140,0.31108489632606506,0.052288591861724854,0.22202233970165253,0.21153202652931213
rosenbrock,1.0,2,cholesky,5,ode_transport,1024,0.005,1000,1,rosenbrock_extreme,284,0.12046194076538086,-1.1024024486541748,0.6422485113143921,140,0.4299839437007904,0.018647070974111557,0.3506091237068176,0.2482171356678009
rosenbrock,1.0,2,cholesky,5,ode_transport,1024,0.005,1000,1,rosenbrock_extreme,285,0.12007522583007812,-1.1110912561416626,0.49078163504600525,134,0.35063785314559937,0.1001722514629364,0.24970883131027222,0.2248508483171463
rosenbrock,1.0,2,cholesky,5,ode_transport,1024,0.005,1000,1,rosenbrock_extreme,286,0.1294088363647461,-1.0948325395584106,0.4359368085861206,134,0.35938361287117004,0.07416433095932007,0.3348642587661743,0.10734130442142487
rosenbrock,1.0,2,cholesky,5,ode_transport,1024,0.005,1000,1,rosenbrock_extreme,287,0.1281907558441162,-1.126313328742981,0.4519159197807312,134,0.3936167061328888,0.07530871778726578,0.2978985905647278,0.24600636959075928
rosenbrock,1.0,2,cholesky,5,ode_transport,1024,0.005,1000,1,rosenbrock_extreme,288,0.10633301734924316,-1.109249234199524,0.6440655589103699,122,0.4480576515197754,0.02352125570178032,0.4065115451812744,0.18695132434368134
rosenbrock,1.0,2,cholesky,5,ode_transport,1024,0.005,1000,1,rosenbrock_extreme,289,0.11976861953735352,-1.0856815576553345,0.5182257294654846,134,0.5256621837615967,0.2578202486038208,0.27010467648506165,0.3699904680252075
rosenbrock,1.0,2,cholesky,5,ode_transport,1024,0.005,1000,1,rosenbrock_extreme,290,0.1369023323059082,-1.1041505336761475,0.643186092376709,140,0.456009179353714,0.10126812756061554,0.3210787773132324,0.30756714940071106
rosenbrock,1.0,2,cholesky,5,ode_transport,1024,0.005,1000,1,rosenbrock_extreme,291,0.146514892578125,-1.0757782459259033,0.5089191794395447,158,0.3811795711517334,0.09117550402879715,0.2678501605987549,0.25542351603507996
rosenbrock,1.0,2,cholesky,5,ode_transport,1024,0.005,1000,1,rosenbrock_extreme,292,0.1286940574645996,-1.1079500913619995,0.4935282766819,146,0.4154650568962097,0.12383458018302917,0.34772494435310364,0.19069227576255798
rosenbrock,1.0,2,cholesky,5,ode_transport,1024,0.005,1000,1,rosenbrock_extreme,293,0.11969399452209473,-1.098694086074829,0.6196706891059875,128,0.3977798521518707,0.09054713696241379,0.32938653230667114,0.20380030572414398
rosenbrock,1.0,2,cholesky,5,ode_transport,1024,0.005,1000,1,rosenbrock_extreme,294,0.16305899620056152,-1.0989925861358643,0.48209089040756226,170,0.8201287388801575,0.1984691321849823,0.35821738839149475,0.7105640769004822
rosenbrock,1.0,2,cholesky,5,ode_transport,1024,0.005,1000,1,rosenbrock_extreme,295,0.13557219505310059,-1.0908892154693604,0.578700840473175,140,0.35919854044914246,0.15349875390529633,0.26317480206489563,0.19026489555835724
rosenbrock,1.0,2,cholesky,5,ode_transport,1024,0.005,1000,1,rosenbrock_extreme,296,0.12642598152160645,-1.1159448623657227,0.5433058738708496,140,0.25066256523132324,0.032661523669958115,0.20585250854492188,0.1392468810081482
rosenbrock,1.0,2,cholesky,5,ode_transport,1024,0.005,1000,1,rosenbrock_extreme,297,0.1274399757385254,-1.088708519935608,0.5537258386611938,134,0.2853424549102783,0.06645087897777557,0.26840949058532715,0.07043389976024628
rosenbrock,1.0,2,cholesky,5,ode_transport,1024,0.005,1000,1,rosenbrock_extreme,298,0.14407706260681152,-1.0972955226898193,0.5653355121612549,152,0.5421838760375977,0.187238410115242,0.3883903920650482,0.3287217319011688
rosenbrock,1.0,2,cholesky,5,ode_transport,1024,0.005,1000,1,rosenbrock_extreme,299,0.12090325355529785,-1.1318919658660889,1.288066029548645,134,0.5028343796730042,0.05139695480465889,0.19452880322933197,0.4608246088027954
rosenbrock,1.0,2,cholesky,5,ode_transport,1024,0.005,1000,1,rosenbrock_extreme,300,0.1279599666595459,-1.1129300594329834,0.6751437783241272,140,0.3758375942707062,0.11742384731769562,0.30049043893814087,0.19279789924621582
rosenbrock,1.0,2,cholesky,5,ode_transport,1024,0.005,1000,1,rosenbrock_extreme,301,0.15395212173461914,-1.09114408493042,0.4884401261806488,158,0.403301477432251,0.014524088241159916,0.14592857658863068,0.37569400668144226
rosenbrock,1.0,2,cholesky,5,ode_transport,1024,0.005,1000,1,rosenbrock_extreme,302,0.12130308151245117,-1.1353867053985596,0.6862313747406006,128,0.4090511202812195,0.03448794037103653,0.3846655488014221,0.1347806304693222
rosenbrock,1.0,2,cholesky,5,ode_transport,1024,0.005,1000,1,rosenbrock_extreme,303,0.11493992805480957,-1.0609815120697021,0.5283685326576233,128,0.4738875925540924,0.15605005621910095,0.32191821932792664,0.31078365445137024
rosenbrock,1.0,2,cholesky,5,ode_transport,1024,0.005,1000,1,rosenbrock_extreme,304,0.11786007881164551,-1.0757416486740112,0.5528770685195923,134,0.3522762656211853,0.07556155323982239,0.3081362545490265,0.15310470759868622
rosenbrock,1.0,2,cholesky,5,ode_transport,1024,0.005,1000,1,rosenbrock_extreme,305,0.1274409294128418,-1.084049105644226,0.579251229763031,146,0.3366553783416748,0.057363711297512054,0.26564738154411316,0.1986899971961975
rosenbrock,1.0,2,cholesky,5,ode_transport,1024,0.005,1000,1,rosenbrock_extreme,306,0.11191105842590332,-1.10689377784729,0.7854946255683899,122,0.3445070683956146,0.025314221158623695,0.22412969172000885,0.26040390133857727
rosenbrock,1.0,2,cholesky,5,ode_transport,1024,0.005,1000,1,rosenbrock_extreme,307,0.12135720252990723,-1.074926733970642,0.48032867908477783,140,0.5718477368354797,0.16494114696979523,0.48008212447166443,0.26329725980758667
rosenbrock,1.0,2,cholesky,5,ode_transport,1024,0.005,1000,1,rosenbrock_extreme,308,0.16165781021118164,-1.1069893836975098,0.6050592660903931,152,0.32204627990722656,0.027147168293595314,0.26154249906539917,0.18593648076057434
rosenbrock,1.0,2,cholesky,5,ode_transport,1024,0.005,1000,1,rosenbrock_extreme,309,0.13183879852294922,-1.0683493614196777,0.662314236164093,146,0.27066582441329956,0.07129798829555511,0.2215241640806198,0.13821585476398468
rosenbrock,1.0,2,cholesky,5,ode_transport,1024,0.005,1000,1,rosenbrock_extreme,310,0.12755489349365234,-1.089984655380249,0.5821611881256104,140,0.27676117420196533,0.019150592386722565,0.22549469769001007,0.1593177318572998
rosenbrock,1.0,2,cholesky,5,ode_transport,1024,0.005,1000,1,rosenbrock_extreme,311,0.1301262378692627,-1.092483401298523,0.430927574634552,146,0.4022462069988251,0.04493635520339012,0.3626437187194824,0.168143630027771
rosenbrock,1.0,2,cholesky,5,ode_transport,1024,0.005,1000,1,rosenbrock_extreme,312,0.1265428066253662,-1.0776159763336182,0.5573787093162537,140,0.4635177254676819,0.12396829575300217,0.275205135345459,0.3517707884311676
rosenbrock,1.0,2,cholesky,5,ode_transport,1024,0.005,1000,1,rosenbrock_extreme,313,0.14052677154541016,-1.0691907405853271,0.5279794931411743,158,0.5082667469978333,0.22933948040008545,0.3482663333415985,0.2906011641025543
rosenbrock,1.0,2,cholesky,5,ode_transport,1024,0.005,1000,1,rosenbrock_extreme,314,0.12214207649230957,-1.0822174549102783,0.49044182896614075,134,0.4248811602592468,0.14426100254058838,0.31825608015060425,0.24171435832977295
rosenbrock,1.0,2,cholesky,5,ode_transport,1024,0.005,1000,1,rosenbrock_extreme,315,0.13512802124023438,-1.111361026763916,0.5220552086830139,152,0.34503865242004395,0.08332712948322296,0.29449281096458435,0.15931805968284607
rosenbrock,1.0,2,cholesky,5,ode_transport,1024,0.005,1000,1,rosenbrock_extreme,316,0.14253783226013184,-1.0950522422790527,0.5824964046478271,164,1.5098646879196167,0.9000049233436584,0.8790730834007263,0.834813117980957
rosenbrock,1.0,2,cholesky,5,ode_transport,1024,0.005,1000,1,rosenbrock_extreme,317,0.11198711395263672,-1.0838395357131958,0.4856705069541931,122,0.24907630681991577,0.019669843837618828,0.22854353487491608,0.09705647826194763
rosenbrock,1.0,2,cholesky,5,ode_transport,1024,0.005,1000,1,rosenbrock_extreme,318,0.12621212005615234,-1.0512638092041016,0.4662953317165375,146,0.4623939096927643,0.02026391215622425,0.3980162739753723,0.23447930812835693
rosenbrock,1.0,2,cholesky,5,ode_transport,1024,0.005,1000,1,rosenbrock_extreme,319,0.12599492073059082,-1.0911571979522705,0.5426950454711914,140,0.4810410737991333,0.015306319110095501,0.4283688962459564,0.21832621097564697
rosenbrock,1.0,2,cholesky,5,ode_transport,1024,0.005,1000,1,rosenbrock_extreme,320,0.13340997695922852,-1.1031138896942139,0.8789325952529907,152,0.4388713538646698,0.03561297059059143,0.338288813829422,0.27730923891067505
rosenbrock,1.0,2,cholesky,5,ode_transport,1024,0.005,1000,1,rosenbrock_extreme,321,0.1328740119934082,-1.0691938400268555,0.4611363410949707,140,0.6316934823989868,0.3050035834312439,0.4617368280887604,0.30464497208595276
rosenbrock,1.0,2,cholesky,5,ode_transport,1024,0.005,1000,1,rosenbrock_extreme,322,0.12562775611877441,-1.0624165534973145,0.665672779083252,140,0.4324766993522644,0.09974763542413712,0.26039889454841614,0.3305736184120178
rosenbrock,1.0,2,cholesky,5,ode_transport,1024,0.005,1000,1,rosenbrock_extreme,323,0.12458086013793945,-1.1099307537078857,0.4469450116157532,140,0.6133531928062439,0.08948493003845215,0.42202576994895935,0.43599173426628113
rosenbrock,1.0,2,cholesky,5,ode_transport,1024,0.005,1000,1,rosenbrock_extreme,324,0.11614274978637695,-1.0697352886199951,0.45172548294067383,128,0.41376015543937683,0.044949132949113846,0.3915342688560486,0.1260078400373459
rosenbrock,1.0,2,cholesky,5,ode_transport,1024,0.005,1000,1,rosenbrock_extreme,325,0.15345096588134766,-1.1088988780975342,0.5481299161911011,164,0.6618118286132812,0.13244064152240753,0.5437917709350586,0.35319235920906067
rosenbrock,1.0,2,cholesky,5,ode_transport,1024,0.005,1000,1,rosenbrock_extreme,326,0.14105916023254395,-1.0803993940353394,0.5432005524635315,170,0.3777616322040558,0.015998126938939095,0.279521107673645,0.2536057233810425
rosenbrock,1.0,2,cholesky,5,ode_transport,1024,0.005,1000,1,rosenbrock_extreme,327,0.1332993507385254,-1.0683817863464355,0.6718640923500061,152,0.31254443526268005,0.031779464334249496,0.23110027611255646,0.2080065906047821
rosenbrock,1.0,2,cholesky,5,ode_transport,1024,0.005,1000,1,rosenbrock_extreme,328,0.13266205787658691,-1.0629478693008423,0.4820760190486908,134,0.39469432830810547,0.16335079073905945,0.20960713922977448,0.2918303906917572
rosenbrock,1.0,2,cholesky,5,ode_transport,1024,0.005,1000,1,rosenbrock_extreme,329,0.1351480484008789,-1.0858814716339111,0.5333040356636047,140,0.36856573820114136,0.009938727132976055,0.234030082821846,0.2845555245876312
rosenbrock,1.0,2,cholesky,5,ode_transport,1024,0.005,1000,1,rosenbrock_extreme,330,0.13979506492614746,-1.084303855895996,0.5279644131660461,152,0.28451406955718994,0.10603567212820053,0.19811615347862244,0.17451274394989014
rosenbrock,1.0,2,cholesky,5,ode_transport,1024,0.005,1000,1,rosenbrock_extreme,331,0.13139700889587402,-1.0793191194534302,0.529856264591217,146,0.44308802485466003,0.025070244446396828,0.40234386920928955,0.18389640748500824
rosenbrock,1.0,2,cholesky,5,ode_transport,1024,0.005,1000,1,rosenbrock_extreme,332,0.16514897346496582,-1.0831156969070435,0.5447201728820801,158,0.6895018219947815,0.3396715819835663,0.5165039896965027,0.3053843379020691
rosenbrock,1.0,2,cholesky,5,ode_transport,1024,0.005,1000,1,rosenbrock_extreme,333,0.13045096397399902,-1.0696476697921753,0.47366681694984436,152,0.3363925516605377,0.02788322977721691,0.3152415156364441,0.11404058337211609
rosenbrock,1.0,2,cholesky,5,ode_transport,1024,0.005,1000,1,rosenbrock_extreme,334,0.12757396697998047,-1.023306131362915,0.5694723129272461,146,0.34723877906799316,0.1554771214723587,0.24785272777080536,0.1870044618844986
rosenbrock,1.0,2,cholesky,5,ode_transport,1024,0.005,1000,1,rosenbrock_extreme,335,0.12814784049987793,-1.051382064819336,0.5262412428855896,146,0.3676908314228058,0.13262444734573364,0.2515524625778198,0.23308514058589935
rosenbrock,1.0,2,cholesky,5,ode_transport,1024,0.005,1000,1,rosenbrock_extreme,336,0.12451291084289551,-1.0704833269119263,0.48586195707321167,140,0.5343684554100037,0.2834710478782654,0.3808349668979645,0.24527239799499512
rosenbrock,1.0,2,cholesky,5,ode_transport,1024,0.005,1000,1,rosenbrock_extreme,337,0.15575885772705078,-1.0648422241210938,0.5136821866035461,146,0.292691707611084,0.04833664372563362,0.15738241374492645,0.24199745059013367
rosenbrock,1.0,2,cholesky,5,ode_transport,1024,0.005,1000,1,rosenbrock_extreme,338,0.1288919448852539,-1.0889462232589722,0.5981326103210449,146,0.33450010418891907,0.01492251269519329,0.23502793908119202,0.23754896223545074
rosenbrock,1.0,2,cholesky,5,ode_transport,1024,0.005,1000,1,rosenbrock_extreme,339,0.13213205337524414,-1.1023218631744385,0.9977947473526001,134,0.4067135453224182,0.024189651012420654,0.31220555305480957,0.259535014629364
rosenbrock,1.0,2,cholesky,5,ode_transport,1024,0.005,1000,1,rosenbrock_extreme,340,0.12824296951293945,-1.0804411172866821,0.5846558809280396,134,0.26187631487846375,0.056609705090522766,0.20941820740699768,0.14669206738471985
rosenbrock,1.0,2,cholesky,5,ode_transport,1024,0.005,1000,1,rosenbrock_extreme,341,0.1231989860534668,-1.1115763187408447,0.6131877303123474,140,0.8452432155609131,0.50481778383255,0.48325806856155396,0.4754542410373688
rosenbrock,1.0,2,cholesky,5,ode_transport,1024,0.005,1000,1,rosenbrock_extreme,342,0.13792705535888672,-1.0616172552108765,0.41485241055488586,152,0.31817880272865295,0.10225830972194672,0.177275151014328,0.24362781643867493
rosenbrock,1.0,2,cholesky,5,ode_transport,1024,0.005,1000,1,rosenbrock_extreme,343,0.1256542205810547,-1.078701376914978,0.4353235065937042,128,0.2748018801212311,0.07444124668836594,0.2305031716823578,0.12978006899356842
rosenbrock,1.0,2,cholesky,5,ode_transport,1024,0.005,1000,1,rosenbrock_extreme,344,0.13030719757080078,-1.0462156534194946,0.5498045682907104,134,0.339356005191803,0.13163678348064423,0.22040708363056183,0.22193460166454315
rosenbrock,1.0,2,cholesky,5,ode_transport,1024,0.005,1000,1,rosenbrock_extreme,345,0.12549614906311035,-1.0554485321044922,0.5778589248657227,140,0.6618828773498535,0.3968088924884796,0.36173614859580994,0.3870123624801636
rosenbrock,1.0,2,cholesky,5,ode_transport,1024,0.005,1000,1,rosenbrock_extreme,346,0.14421677589416504,-1.0768146514892578,0.6034163236618042,164,2.5252621173858643,1.4121021032333374,1.384658694267273,1.5702345371246338
rosenbrock,1.0,2,cholesky,5,ode_transport,1024,0.005,1000,1,rosenbrock_extreme,347,0.12907791137695312,-1.0945913791656494,0.6453551054000854,140,0.32799550890922546,0.0535491518676281,0.22949965298175812,0.22813035547733307
rosenbrock,1.0,2,cholesky,5,ode_transport,1024,0.005,1000,1,rosenbrock_extreme,348,0.13228416442871094,-1.0860096216201782,0.4910270869731903,146,0.651380181312561,0.058441974222660065,0.6089572310447693,0.2237224578857422
rosenbrock,1.0,2,cholesky,5,ode_transport,1024,0.005,1000,1,rosenbrock_extreme,349,0.13597488403320312,-1.063614845275879,0.5753756165504456,152,0.5095849633216858,0.016066981479525566,0.4812372922897339,0.1668214499950409
rosenbrock,1.0,2,cholesky,5,ode_transport,1024,0.005,1000,1,rosenbrock_extreme,350,0.14606785774230957,-1.0744726657867432,0.6071240305900574,164,0.9617694616317749,0.377113401889801,0.6981159448623657,0.5435254573822021
rosenbrock,1.0,2,cholesky,5,ode_transport,1024,0.005,1000,1,rosenbrock_extreme,351,0.12819194793701172,-1.0853034257888794,0.6303342580795288,140,0.6027801036834717,0.010044964961707592,0.5819135308265686,0.1569063663482666
rosenbrock,1.0,2,cholesky,5,ode_transport,1024,0.005,1000,1,rosenbrock_extreme,352,0.14068293571472168,-1.0402913093566895,0.49923819303512573,164,0.6692132949829102,0.08904498815536499,0.5619739890098572,0.3522820770740509
rosenbrock,1.0,2,cholesky,5,ode_transport,1024,0.005,1000,1,rosenbrock_extreme,353,0.13790106773376465,-1.0664023160934448,0.6947240233421326,158,0.5723667740821838,0.08747395128011703,0.4198110103607178,0.3790919780731201
rosenbrock,1.0,2,cholesky,5,ode_transport,1024,0.005,1000,1,rosenbrock_extreme,354,0.13092589378356934,-1.064858078956604,0.4948469400405884,146,0.6187610626220703,0.13716940581798553,0.5329973697662354,0.28277820348739624
rosenbrock,1.0,2,cholesky,5,ode_transport,1024,0.005,1000,1,rosenbrock_extreme,355,0.1292428970336914,-1.0896512269973755,0.8319328427314758,146,0.41566160321235657,0.08532411605119705,0.29049718379974365,0.28479069471359253
rosenbrock,1.0,2,cholesky,5,ode_transport,1024,0.005,1000,1,rosenbrock_extreme,356,0.15033507347106934,-1.057732105255127,0.47576287388801575,176,0.45772990584373474,0.0859210193157196,0.2711736857891083,0.35860714316368103
rosenbrock,1.0,2,cholesky,5,ode_transport,1024,0.005,1000,1,rosenbrock_extreme,357,0.12969493865966797,-1.0619807243347168,0.6125511527061462,140,0.840995728969574,0.5423345565795898,0.39218664169311523,0.5092511773109436
rosenbrock,1.0,2,cholesky,5,ode_transport,1024,0.005,1000,1,rosenbrock_extreme,358,0.13698911666870117,-1.0643353462219238,0.5600395202636719,152,0.6454169750213623,0.20332343876361847,0.4391769468784332,0.42702019214630127
rosenbrock,1.0,2,cholesky,5,ode_transport,1024,0.005,1000,1,rosenbrock_extreme,359,0.1482539176940918,-1.0686366558074951,0.5977969765663147,176,6.398894309997559,3.8214118480682373,3.182626247406006,4.026604652404785
rosenbrock,1.0,2,cholesky,5,ode_transport,1024,0.005,1000,1,rosenbrock_extreme,360,0.1147611141204834,-1.0859812498092651,0.5483083128929138,128,0.6388912200927734,0.039906878024339676,0.5057795643806458,0.38829946517944336
rosenbrock,1.0,2,cholesky,5,ode_transport,1024,0.005,1000,1,rosenbrock_extreme,361,0.1266648769378662,-1.0823206901550293,0.6387615203857422,140,1.3609206676483154,0.05030938610434532,1.2075209617614746,0.6256732940673828
rosenbrock,1.0,2,cholesky,5,ode_transport,1024,0.005,1000,1,rosenbrock_extreme,362,0.13396406173706055,-1.07143235206604,0.6320980787277222,146,0.9518718123435974,0.05799886956810951,0.8587578535079956,0.4064861238002777
rosenbrock,1.0,2,cholesky,5,ode_transport,1024,0.005,1000,1,rosenbrock_extreme,363,0.1262531280517578,-1.045763373374939,0.4379843473434448,140,0.7121610641479492,0.023834265768527985,0.5829139947891235,0.4084319472312927
rosenbrock,1.0,2,cholesky,5,ode_transport,1024,0.005,1000,1,rosenbrock_extreme,364,0.13561606407165527,-1.088059902191162,0.6979807019233704,158,0.9631890058517456,0.12851057946681976,0.8614815473556519,0.411178320646286
rosenbrock,1.0,2,cholesky,5,ode_transport,1024,0.005,1000,1,rosenbrock_extreme,365,0.12810206413269043,-1.0699044466018677,0.5578765273094177,146,0.3568176329135895,0.09030687808990479,0.3092103600502014,0.1534680724143982
rosenbrock,1.0,2,cholesky,5,ode_transport,1024,0.005,1000,1,rosenbrock_extreme,366,0.12838506698608398,-1.0655449628829956,0.6133025288581848,146,0.7571150660514832,0.07967875897884369,0.6654036045074463,0.3522961437702179
rosenbrock,1.0,2,cholesky,5,ode_transport,1024,0.005,1000,1,rosenbrock_extreme,367,0.13524317741394043,-1.0596336126327515,0.4372127652168274,146,0.3393169343471527,0.07590997964143753,0.24077214300632477,0.22672110795974731
rosenbrock,1.0,2,cholesky,5,ode_transport,1024,0.005,1000,1,rosenbrock_extreme,368,0.13393306732177734,-1.0513637065887451,0.48372575640678406,146,0.32160481810569763,0.03616008162498474,0.25350111722946167,0.19457463920116425
rosenbrock,1.0,2,cholesky,5,ode_transport,1024,0.005,1000,1,rosenbrock_extreme,369,0.14792227745056152,-1.0767430067062378,0.49860644340515137,152,0.39954516291618347,0.010365127585828304,0.31412968039512634,0.24668081104755402
rosenbrock,1.0,2,cholesky,5,ode_transport,1024,0.005,1000,1,rosenbrock_extreme,370,0.13770508766174316,-1.0520272254943848,0.5003390908241272,146,0.3251350522041321,0.025132812559604645,0.17779433727264404,0.27105411887168884
rosenbrock,1.0,2,cholesky,5,ode_transport,1024,0.005,1000,1,rosenbrock_extreme,371,0.1375291347503662,-1.0507875680923462,0.5868308544158936,152,0.6427356600761414,0.435052752494812,0.34248390793800354,0.3264091908931732
rosenbrock,1.0,2,cholesky,5,ode_transport,1024,0.005,1000,1,rosenbrock_extreme,372,0.16964101791381836,-1.0307531356811523,0.5862786769866943,158,1.240432858467102,0.7346532940864563,0.8626556992530823,0.5047608613967896
rosenbrock,1.0,2,cholesky,5,ode_transport,1024,0.005,1000,1,rosenbrock_extreme,373,0.14685606956481934,-1.0444526672363281,0.5114392042160034,146,0.4712466597557068,0.21542784571647644,0.36644211411476135,0.203431636095047
rosenbrock,1.0,2,cholesky,5,ode_transport,1024,0.005,1000,1,rosenbrock_extreme,374,0.13105201721191406,-1.0564380884170532,0.5988114476203918,146,0.24844367802143097,0.0533895343542099,0.18310929834842682,0.159200519323349
rosenbrock,1.0,2,cholesky,5,ode_transport,1024,0.005,1000,1,rosenbrock_extreme,375,0.15037798881530762,-1.078157663345337,0.6714761257171631,152,0.6995665431022644,0.08556604385375977,0.6531075835227966,0.23563161492347717
rosenbrock,1.0,2,cholesky,5,ode_transport,1024,0.005,1000,1,rosenbrock_extreme,376,0.14731311798095703,-1.0570722818374634,0.4537084102630615,146,0.5948883295059204,0.10736876726150513,0.5253053903579712,0.2577176094055176
rosenbrock,1.0,2,cholesky,5,ode_transport,1024,0.005,1000,1,rosenbrock_extreme,377,0.15780091285705566,-1.110512614250183,0.8670200705528259,164,0.4410344958305359,0.021996205672621727,0.2879824638366699,0.3333072066307068
rosenbrock,1.0,2,cholesky,5,ode_transport,1024,0.005,1000,1,rosenbrock_extreme,378,0.15276312828063965,-1.0556918382644653,0.6370931267738342,176,0.880474328994751,0.27407726645469666,0.7157859802246094,0.4333210587501526
rosenbrock,1.0,2,cholesky,5,ode_transport,1024,0.005,1000,1,rosenbrock_extreme,379,0.12636494636535645,-1.0483081340789795,0.5156410336494446,134,0.4056798815727234,0.042671192437410355,0.3350820541381836,0.22466720640659332
rosenbrock,1.0,2,cholesky,5,ode_transport,1024,0.005,1000,1,rosenbrock_extreme,380,0.13233590126037598,-1.082345724105835,0.4999048709869385,146,0.49918216466903687,0.1056472659111023,0.4465165138244629,0.19658201932907104
rosenbrock,1.0,2,cholesky,5,ode_transport,1024,0.005,1000,1,rosenbrock_extreme,381,0.14007186889648438,-1.061316728591919,0.7292381525039673,164,0.37116488814353943,0.020601874217391014,0.24024145305156708,0.2821754217147827
rosenbrock,1.0,2,cholesky,5,ode_transport,1024,0.005,1000,1,rosenbrock_extreme,382,0.12566399574279785,-1.061141014099121,0.45845654606819153,146,0.4673723876476288,0.21887391805648804,0.3242948353290558,0.2556639015674591
rosenbrock,1.0,2,cholesky,5,ode_transport,1024,0.005,1000,1,rosenbrock_extreme,383,0.12519502639770508,-1.0761431455612183,0.6776712536811829,140,1.3145132064819336,0.770751416683197,0.8644275069236755,0.6218138337135315
rosenbrock,1.0,2,cholesky,5,ode_transport,1024,0.005,1000,1,rosenbrock_extreme,384,0.12314891815185547,-1.078028678894043,0.68968266248703,140,0.4147343933582306,0.034785281866788864,0.3338475823402405,0.24359889328479767
rosenbrock,1.0,2,cholesky,5,ode_transport,1024,0.005,1000,1,rosenbrock_extreme,385,0.13622188568115234,-1.0543780326843262,0.5117223858833313,152,0.5657238960266113,0.25198066234588623,0.43413445353507996,0.26091477274894714
rosenbrock,1.0,2,cholesky,5,ode_transport,1024,0.005,1000,1,rosenbrock_extreme,386,0.1327979564666748,-1.0783159732818604,0.6666298508644104,152,0.3953709304332733,0.1101904809474945,0.28065139055252075,0.25575581192970276
rosenbrock,1.0,2,cholesky,5,ode_transport,1024,0.005,1000,1,rosenbrock_extreme,387,0.13005280494689941,-1.045873999595642,0.5489138960838318,146,0.2659979462623596,0.09171660244464874,0.2283186912536621,0.10106204450130463
rosenbrock,1.0,2,cholesky,5,ode_transport,1024,0.005,1000,1,rosenbrock_extreme,388,0.1256101131439209,-1.062225341796875,0.6248546242713928,146,0.5418039560317993,0.09977114200592041,0.4257568418979645,0.3198879361152649
rosenbrock,1.0,2,cholesky,5,ode_transport,1024,0.005,1000,1,rosenbrock_extreme,389,0.13907623291015625,-1.028547763824463,0.5148061513900757,152,0.633933424949646,0.42828187346458435,0.4026354253292084,0.23734137415885925
rosenbrock,1.0,2,cholesky,5,ode_transport,1024,0.005,1000,1,rosenbrock_extreme,390,0.13535213470458984,-1.0660477876663208,0.5251922607421875,146,0.41341736912727356,0.024289829656481743,0.25173187255859375,0.3270397186279297
rosenbrock,1.0,2,cholesky,5,ode_transport,1024,0.005,1000,1,rosenbrock_extreme,391,0.14706683158874512,-1.0466526746749878,0.6289579272270203,152,0.44038665294647217,0.028345493599772453,0.28373995423316956,0.3356017768383026
rosenbrock,1.0,2,cholesky,5,ode_transport,1024,0.005,1000,1,rosenbrock_extreme,392,0.14781904220581055,-1.0628414154052734,0.5974546670913696,164,0.5313383340835571,0.23313897848129272,0.3386545777320862,0.3365705609321594
rosenbrock,1.0,2,cholesky,5,ode_transport,1024,0.005,1000,1,rosenbrock_extreme,393,0.15584301948547363,-1.0262045860290527,0.5649428963661194,158,0.3169611096382141,0.03860914334654808,0.2327282577753067,0.21168668568134308
rosenbrock,1.0,2,cholesky,5,ode_transport,1024,0.005,1000,1,rosenbrock_extreme,394,0.1293017864227295,-1.0883382558822632,0.7800856232643127,134,0.3707534372806549,0.03091374598443508,0.2373596727848053,0.2831304371356964
rosenbrock,1.0,2,cholesky,5,ode_transport,1024,0.005,1000,1,rosenbrock_extreme,395,0.14342403411865234,-1.033607006072998,0.5213968753814697,158,0.3697679042816162,0.08845005184412003,0.19312995672225952,0.3026643395423889
rosenbrock,1.0,2,cholesky,5,ode_transport,1024,0.005,1000,1,rosenbrock_extreme,396,0.1492938995361328,-1.059330940246582,0.5788573026657104,158,0.32740285992622375,0.11721388250589371,0.26544320583343506,0.15163587033748627
rosenbrock,1.0,2,cholesky,5,ode_transport,1024,0.005,1000,1,rosenbrock_extreme,397,0.14998388290405273,-1.03059983253479,0.5226503014564514,152,0.6113510727882385,0.4458344578742981,0.3595479130744934,0.2137921303510666
rosenbrock,1.0,2,cholesky,5,ode_transport,1024,0.005,1000,1,rosenbrock_extreme,398,0.142852783203125,-1.0394985675811768,0.5107188820838928,152,0.6462922692298889,0.35314512252807617,0.35377705097198486,0.40966323018074036
rosenbrock,1.0,2,cholesky,5,ode_transport,1024,0.005,1000,1,rosenbrock_extreme,399,0.14803719520568848,-1.0651847124099731,0.5892924666404724,152,0.5811780095100403,0.37077364325523376,0.38526394963264465,0.22774222493171692
rosenbrock,1.0,2,cholesky,5,ode_transport,1024,0.005,1000,1,rosenbrock_extreme,400,0.14252614974975586,-1.06679105758667,0.529252827167511,146,0.40706685185432434,0.07116919755935669,0.2822597920894623,0.2845483720302582
rosenbrock,1.0,2,cholesky,5,ode_transport,1024,0.005,1000,1,rosenbrock_extreme,401,0.15213489532470703,-1.0891048908233643,0.592022716999054,164,0.49973517656326294,0.18815606832504272,0.3527064323425293,0.29988452792167664
rosenbrock,1.0,2,cholesky,5,ode_transport,1024,0.005,1000,1,rosenbrock_extreme,402,0.13950109481811523,-1.0432326793670654,0.518947422504425,140,0.3583323359489441,0.16319479048252106,0.20029500126838684,0.24829703569412231
rosenbrock,1.0,2,cholesky,5,ode_transport,1024,0.005,1000,1,rosenbrock_extreme,403,0.1414189338684082,-1.0482438802719116,0.47674769163131714,152,0.24448375403881073,0.034809354692697525,0.19345687329769135,0.14537902176380157
rosenbrock,1.0,2,cholesky,5,ode_transport,1024,0.005,1000,1,rosenbrock_extreme,404,0.15898990631103516,-1.0095646381378174,0.5074615478515625,164,0.39688777923583984,0.14069442451000214,0.2017713487148285,0.31146958470344543
rosenbrock,1.0,2,cholesky,5,ode_transport,1024,0.005,1000,1,rosenbrock_extreme,405,0.1562061309814453,-1.0550910234451294,0.5758888125419617,164,0.430313378572464,0.015735553577542305,0.24201637506484985,0.3554575741291046
rosenbrock,1.0,2,cholesky,5,ode_transport,1024,0.005,1000,1,rosenbrock_extreme,406,0.14974689483642578,-1.0456093549728394,0.5797380805015564,152,0.3142167329788208,0.19152934849262238,0.1889134645462036,0.16235879063606262
rosenbrock,1.0,2,cholesky,5,ode_transport,1024,0.005,1000,1,rosenbrock_extreme,407,0.1305840015411377,-1.0720915794372559,0.8195840120315552,128,0.4605849087238312,0.18853028118610382,0.33502396941185,0.25368034839630127
rosenbrock,1.0,2,cholesky,5,ode_transport,1024,0.005,1000,1,rosenbrock_extreme,408,0.15076470375061035,-1.057944416999817,0.5603390336036682,146,0.6569128632545471,0.013027812354266644,0.5575841069221497,0.3470802903175354
rosenbrock,1.0,2,cholesky,5,ode_transport,1024,0.005,1000,1,rosenbrock_extreme,409,0.158660888671875,-1.018033742904663,0.5150026082992554,164,0.4566783010959625,0.20540297031402588,0.2991049289703369,0.27731019258499146
rosenbrock,1.0,2,cholesky,5,ode_transport,1024,0.005,1000,1,rosenbrock_extreme,410,0.1612567901611328,-1.0592573881149292,0.5811324119567871,164,0.3559660017490387,0.06298983097076416,0.2741285562515259,0.21816876530647278
rosenbrock,1.0,2,cholesky,5,ode_transport,1024,0.005,1000,1,rosenbrock_extreme,411,0.18505382537841797,-1.051785945892334,0.45758792757987976,164,0.23694562911987305,0.08811953663825989,0.16390180587768555,0.14667779207229614
rosenbrock,1.0,2,cholesky,5,ode_transport,1024,0.005,1000,1,rosenbrock_extreme,412,0.15428519248962402,-1.0364773273468018,0.8445819616317749,152,0.4155117869377136,0.15405838191509247,0.17781326174736023,0.34248867630958557
rosenbrock,1.0,2,cholesky,5,ode_transport,1024,0.005,1000,1,rosenbrock_extreme,413,0.15432977676391602,-1.023830533027649,0.5539781451225281,164,0.29546409845352173,0.055957693606615067,0.20692354440689087,0.20334798097610474
rosenbrock,1.0,2,cholesky,5,ode_transport,1024,0.005,1000,1,rosenbrock_extreme,414,0.14081883430480957,-1.0657436847686768,0.7000085115432739,170,0.44819486141204834,0.2829112410545349,0.20157454907894135,0.2832094132900238
rosenbrock,1.0,2,cholesky,5,ode_transport,1024,0.005,1000,1,rosenbrock_extreme,415,0.13707280158996582,-1.0426065921783447,0.5004120469093323,158,0.6498414874076843,0.18788506090641022,0.5035586953163147,0.3652694821357727
rosenbrock,1.0,2,cholesky,5,ode_transport,1024,0.005,1000,1,rosenbrock_extreme,416,0.12513303756713867,-1.043137788772583,0.5280394554138184,140,0.3199065923690796,0.14314012229442596,0.22025279700756073,0.1825919896364212
rosenbrock,1.0,2,cholesky,5,ode_transport,1024,0.005,1000,1,rosenbrock_extreme,417,0.1560990810394287,-1.0518457889556885,0.45681431889533997,176,0.33554571866989136,0.16782182455062866,0.2488730102777481,0.14996330440044403
rosenbrock,1.0,2,cholesky,5,ode_transport,1024,0.005,1000,1,rosenbrock_extreme,418,0.1754779815673828,-1.0721782445907593,0.8742300271987915,164,0.47306081652641296,0.03911367803812027,0.38205060362815857,0.276213675737381
rosenbrock,1.0,2,cholesky,5,ode_transport,1024,0.005,1000,1,rosenbrock_extreme,419,0.13284611701965332,-1.018905758857727,0.5168756246566772,152,0.4419018626213074,0.1883741170167923,0.36324945092201233,0.16686011850833893
rosenbrock,1.0,2,cholesky,5,ode_transport,1024,0.005,1000,1,rosenbrock_extreme,420,0.1565718650817871,-1.0364868640899658,0.48083657026290894,158,0.4762577712535858,0.016251204535365105,0.23888511955738068,0.41169318556785583
rosenbrock,1.0,2,cholesky,5,ode_transport,1024,0.005,1000,1,rosenbrock_extreme,421,0.1477952003479004,-1.053881049156189,0.5578523874282837,152,0.47144201397895813,0.047814302146434784,0.29907166957855225,0.361285924911499
rosenbrock,1.0,2,cholesky,5,ode_transport,1024,0.005,1000,1,rosenbrock_extreme,422,0.13500213623046875,-1.0729758739471436,0.7092307806015015,140,0.6281193494796753,0.42811134457588196,0.37755700945854187,0.26211702823638916
rosenbrock,1.0,2,cholesky,5,ode_transport,1024,0.005,1000,1,rosenbrock_extreme,423,0.13625717163085938,-1.0254783630371094,0.5322429537773132,146,0.30204537510871887,0.07479047775268555,0.2316320389509201,0.17884184420108795
rosenbrock,1.0,2,cholesky,5,ode_transport,1024,0.005,1000,1,rosenbrock_extreme,424,0.15677595138549805,-1.0478882789611816,0.49203184247016907,158,0.2982447147369385,0.08245858550071716,0.23202729225158691,0.168267160654068
rosenbrock,1.0,2,cholesky,5,ode_transport,1024,0.005,1000,1,rosenbrock_extreme,425,0.14878177642822266,-1.0537850856781006,0.700757622718811,164,0.4815622568130493,0.18613503873348236,0.36317113041877747,0.2556612193584442
rosenbrock,1.0,2,cholesky,5,ode_transport,1024,0.005,1000,1,rosenbrock_extreme,426,0.19113707542419434,-1.0290812253952026,0.5248644351959229,140,0.28310656547546387,0.05763915181159973,0.20914588868618011,0.18189296126365662
rosenbrock,1.0,2,cholesky,5,ode_transport,1024,0.005,1000,1,rosenbrock_extreme,427,0.165313720703125,-1.0136312246322632,0.47631388902664185,158,0.5038341283798218,0.07710585743188858,0.40248242020606995,0.29310646653175354
rosenbrock,1.0,2,cholesky,5,ode_transport,1024,0.005,1000,1,rosenbrock_extreme,428,0.1633598804473877,-1.0320842266082764,0.5041021704673767,152,0.4073638617992401,0.23853516578674316,0.23855537176132202,0.2283366173505783
rosenbrock,1.0,2,cholesky,5,ode_transport,1024,0.005,1000,1,rosenbrock_extreme,429,0.15559601783752441,-1.0268853902816772,0.495099812746048,152,0.2631324529647827,0.07175781577825546,0.1509593427181244,0.20322594046592712
rosenbrock,1.0,2,cholesky,5,ode_transport,1024,0.005,1000,1,rosenbrock_extreme,430,0.15634608268737793,-0.997471272945404,0.5033937096595764,152,0.396149605512619,0.08654788881540298,0.3137059509754181,0.22590380907058716
rosenbrock,1.0,2,cholesky,5,ode_transport,1024,0.005,1000,1,rosenbrock_extreme,431,0.1489710807800293,-1.0230792760849,0.48297739028930664,146,0.328352153301239,0.042411141097545624,0.24304546415805817,0.21666866540908813
rosenbrock,1.0,2,cholesky,5,ode_transport,1024,0.005,1000,1,rosenbrock_extreme,432,0.1579117774963379,-1.0471580028533936,0.43526703119277954,158,0.3614673316478729,0.19227446615695953,0.2094477415084839,0.2232057750225067
rosenbrock,1.0,2,cholesky,5,ode_transport,1024,0.005,1000,1,rosenbrock_extreme,433,0.15450096130371094,-1.039774775505066,0.6381514072418213,146,0.5457497835159302,0.29244643449783325,0.4192575216293335,0.19115698337554932
rosenbrock,1.0,2,cholesky,5,ode_transport,1024,0.005,1000,1,rosenbrock_extreme,434,0.15125703811645508,-1.0329334735870361,0.5234599709510803,146,0.6390780210494995,0.40199509263038635,0.3456583023071289,0.356848806142807
rosenbrock,1.0,2,cholesky,5,ode_transport,1024,0.005,1000,1,rosenbrock_extreme,435,0.16444706916809082,-1.0247876644134521,0.43403148651123047,164,0.5275458097457886,0.32507091760635376,0.3125559091567993,0.27375590801239014
rosenbrock,1.0,2,cholesky,5,ode_transport,1024,0.005,1000,1,rosenbrock_extreme,436,0.16993999481201172,-1.0633714199066162,1.1506401300430298,152,0.7745377421379089,0.4956238269805908,0.461375892162323,0.3760293126106262
rosenbrock,1.0,2,cholesky,5,ode_transport,1024,0.005,1000,1,rosenbrock_extreme,437,0.16608786582946777,-1.0792661905288696,0.576960027217865,146,0.5975569486618042,0.12632295489311218,0.5031266808509827,0.29661479592323303
rosenbrock,1.0,2,cholesky,5,ode_transport,1024,0.005,1000,1,rosenbrock_extreme,438,0.18798089027404785,-1.0194917917251587,0.45432940125465393,158,0.42789819836616516,0.06862153112888336,0.28573286533355713,0.311038076877594
rosenbrock,1.0,2,cholesky,5,ode_transport,1024,0.005,1000,1,rosenbrock_extreme,439,0.18199682235717773,-1.0090962648391724,0.46449917554855347,170,0.5582630634307861,0.023730497807264328,0.47976675629615784,0.28446152806282043
rosenbrock,1.0,2,cholesky,5,ode_transport,1024,0.005,1000,1,rosenbrock_extreme,440,0.1520068645477295,-1.0397104024887085,0.5299662351608276,158,0.26860010623931885,0.02034912072122097,0.2326715886592865,0.13264936208724976
rosenbrock,1.0,2,cholesky,5,ode_transport,1024,0.005,1000,1,rosenbrock_extreme,441,0.15483689308166504,-1.0262256860733032,0.6267451047897339,158,0.3211314380168915,0.14970062673091888,0.21918228268623352,0.1807602047920227
rosenbrock,1.0,2,cholesky,5,ode_transport,1024,0.005,1000,1,rosenbrock_extreme,442,0.14361095428466797,-1.0162277221679688,0.5326279997825623,146,0.5136573910713196,0.30811846256256104,0.375296413898468,0.16750980913639069
rosenbrock,1.0,2,cholesky,5,ode_transport,1024,0.005,1000,1,rosenbrock_extreme,443,0.15070104598999023,-1.0179619789123535,0.5131746530532837,146,0.45080864429473877,0.20878838002681732,0.26846837997436523,0.2959063947200775
rosenbrock,1.0,2,cholesky,5,ode_transport,1024,0.005,1000,1,rosenbrock_extreme,444,0.14773201942443848,-0.9961159229278564,0.5583577752113342,146,0.2671884298324585,0.13318787515163422,0.17176541686058044,0.15539398789405823
rosenbrock,1.0,2,cholesky,5,ode_transport,1024,0.005,1000,1,rosenbrock_extreme,445,0.16336297988891602,-1.0175375938415527,0.4968107342720032,152,1.1569973230361938,0.9159033894538879,0.5791653394699097,0.40537798404693604
rosenbrock,1.0,2,cholesky,5,ode_transport,1024,0.005,1000,1,rosenbrock_extreme,446,0.1618361473083496,-1.0287615060806274,0.5185903906822205,152,0.27045223116874695,0.12360147386789322,0.2198164314031601,0.09771299362182617
rosenbrock,1.0,2,cholesky,5,ode_transport,1024,0.005,1000,1,rosenbrock_extreme,447,0.14992403984069824,-1.0204830169677734,0.5265619158744812,146,0.37774500250816345,0.09391231834888458,0.2870614230632782,0.22686447203159332
rosenbrock,1.0,2,cholesky,5,ode_transport,1024,0.005,1000,1,rosenbrock_extreme,448,0.17374205589294434,-1.0180044174194336,0.5932193398475647,182,1.0329934358596802,0.7238479852676392,0.555517315864563,0.4842728078365326
rosenbrock,1.0,2,cholesky,5,ode_transport,1024,0.005,1000,1,rosenbrock_extreme,449,0.1602160930633545,-1.0424915552139282,0.5624887943267822,158,0.34267663955688477,0.010193538852036,0.1896979659795761,0.28519827127456665
rosenbrock,1.0,2,cholesky,5,ode_transport,1024,0.005,1000,1,rosenbrock_extreme,450,0.1624000072479248,-1.0209342241287231,0.4976833164691925,140,0.2715015113353729,0.04392634704709053,0.20072728395462036,0.17746011912822723
rosenbrock,1.0,2,cholesky,5,ode_transport,1024,0.005,1000,1,rosenbrock_extreme,451,0.16440796852111816,-1.0081212520599365,0.5165277719497681,158,0.44978588819503784,0.09100208431482315,0.3716496229171753,0.23643718659877777
rosenbrock,1.0,2,cholesky,5,ode_transport,1024,0.005,1000,1,rosenbrock_extreme,452,0.16831707954406738,-1.0422290563583374,0.785874605178833,164,0.5717618465423584,0.04385307803750038,0.4035487771034241,0.4026622772216797
rosenbrock,1.0,2,cholesky,5,ode_transport,1024,0.005,1000,1,rosenbrock_extreme,453,0.1392381191253662,-0.9949020147323608,0.5672374963760376,146,0.39277246594429016,0.2352772206068039,0.2377145141363144,0.20592878758907318
rosenbrock,1.0,2,cholesky,5,ode_transport,1024,0.005,1000,1,rosenbrock_extreme,454,0.13960027694702148,-1.0474658012390137,0.6131007671356201,152,0.2638161778450012,0.024288365617394447,0.16511578857898712,0.20431795716285706
rosenbrock,1.0,2,cholesky,5,ode_transport,1024,0.005,1000,1,rosenbrock_extreme,455,0.14744997024536133,-1.025136113166809,0.42883679270744324,158,0.32609593868255615,0.03478216379880905,0.2102791666984558,0.2468024492263794
rosenbrock,1.0,2,cholesky,5,ode_transport,1024,0.005,1000,1,rosenbrock_extreme,456,0.17152905464172363,-1.0479016304016113,0.45590588450431824,158,0.29022711515426636,0.05971659719944,0.22484201192855835,0.17352741956710815
rosenbrock,1.0,2,cholesky,5,ode_transport,1024,0.005,1000,1,rosenbrock_extreme,457,0.16638612747192383,-1.0236183404922485,0.5623093247413635,146,0.739514946937561,0.4011477828025818,0.5199507474899292,0.3400205075740814
rosenbrock,1.0,2,cholesky,5,ode_transport,1024,0.005,1000,1,rosenbrock_extreme,458,0.1695537567138672,-1.047710657119751,0.6285582780838013,158,0.46341341733932495,0.10884745419025421,0.2807927429676056,0.3522210419178009
rosenbrock,1.0,2,cholesky,5,ode_transport,1024,0.005,1000,1,rosenbrock_extreme,459,0.1749858856201172,-1.007611632347107,0.5845525860786438,152,0.8478587865829468,0.40077701210975647,0.6771853566169739,0.31569334864616394
rosenbrock,1.0,2,cholesky,5,ode_transport,1024,0.005,1000,1,rosenbrock_extreme,460,0.1911332607269287,-1.0330358743667603,0.5283834338188171,164,0.37444573640823364,0.1522391438484192,0.13953031599521637,0.31235259771347046
rosenbrock,1.0,2,cholesky,5,ode_transport,1024,0.005,1000,1,rosenbrock_extreme,461,0.16449618339538574,-1.0336169004440308,0.695698618888855,146,0.47528767585754395,0.1258755922317505,0.3409298360347748,0.30630138516426086
rosenbrock,1.0,2,cholesky,5,ode_transport,1024,0.005,1000,1,rosenbrock_extreme,462,0.19285821914672852,-1.014892578125,0.5215842723846436,176,0.9981787800788879,0.7672998905181885,0.48924651741981506,0.41018250584602356
rosenbrock,1.0,2,cholesky,5,ode_transport,1024,0.005,1000,1,rosenbrock_extreme,463,0.17915105819702148,-1.0161668062210083,0.523989200592041,164,0.5537375807762146,0.3352403938770294,0.3637603223323822,0.24883244931697845
rosenbrock,1.0,2,cholesky,5,ode_transport,1024,0.005,1000,1,rosenbrock_extreme,464,0.16810965538024902,-1.0404834747314453,0.8106308579444885,158,0.61446613073349,0.0320371575653553,0.3275332748889923,0.5189066529273987
rosenbrock,1.0,2,cholesky,5,ode_transport,1024,0.005,1000,1,rosenbrock_extreme,465,0.1905689239501953,-1.026764154434204,0.6161090731620789,170,1.0110312700271606,0.663346529006958,0.6617631912231445,0.37976953387260437
rosenbrock,1.0,2,cholesky,5,ode_transport,1024,0.005,1000,1,rosenbrock_extreme,466,0.1736600399017334,-1.0171928405761719,0.5737267136573792,158,0.23982729017734528,0.024115649983286858,0.21410709619522095,0.10532668232917786
rosenbrock,1.0,2,cholesky,5,ode_transport,1024,0.005,1000,1,rosenbrock_extreme,467,0.19065093994140625,-1.0197978019714355,0.5077188611030579,170,2.1929526329040527,1.0025634765625,1.2377026081085205,1.5073153972625732
rosenbrock,1.0,2,cholesky,5,ode_transport,1024,0.005,1000,1,rosenbrock_extreme,468,0.19266414642333984,-1.027130126953125,0.5915484428405762,170,0.46997955441474915,0.1501181721687317,0.2655189037322998,0.35755428671836853
rosenbrock,1.0,2,cholesky,5,ode_transport,1024,0.005,1000,1,rosenbrock_extreme,469,0.17433786392211914,-1.0008177757263184,0.4978429973125458,158,0.43202292919158936,0.23206594586372375,0.26924723386764526,0.24555066227912903
rosenbrock,1.0,2,cholesky,5,ode_transport,1024,0.005,1000,1,rosenbrock_extreme,470,0.17505407333374023,-1.0146815776824951,0.38209742307662964,152,0.46070563793182373,0.13933615386486053,0.22319358587265015,0.37817952036857605
rosenbrock,1.0,2,cholesky,5,ode_transport,1024,0.005,1000,1,rosenbrock_extreme,471,0.19940900802612305,-0.9938541650772095,0.551175594329834,170,0.315484881401062,0.025010965764522552,0.25735577940940857,0.18075715005397797
rosenbrock,1.0,2,cholesky,5,ode_transport,1024,0.005,1000,1,rosenbrock_extreme,472,0.1724550724029541,-1.0102077722549438,0.4686538577079773,152,0.5390898585319519,0.17288076877593994,0.2944277822971344,0.41718387603759766
rosenbrock,1.0,2,cholesky,5,ode_transport,1024,0.005,1000,1,rosenbrock_extreme,473,0.1579430103302002,-1.0113004446029663,0.498281329870224,140,0.3229285478591919,0.06549421697854996,0.23550207912921906,0.2110263556241989
rosenbrock,1.0,2,cholesky,5,ode_transport,1024,0.005,1000,1,rosenbrock_extreme,474,0.17479968070983887,-0.9910262823104858,0.49889084696769714,146,0.36292001605033875,0.13115905225276947,0.2973838746547699,0.16146542131900787
rosenbrock,1.0,2,cholesky,5,ode_transport,1024,0.005,1000,1,rosenbrock_extreme,475,0.20495891571044922,-1.0115313529968262,0.5577085018157959,158,0.5539152026176453,0.17593474686145782,0.42618951201438904,0.30697163939476013
rosenbrock,1.0,2,cholesky,5,ode_transport,1024,0.005,1000,1,rosenbrock_extreme,476,0.16598200798034668,-1.0059040784835815,0.5307512879371643,176,0.4843991994857788,0.1431388556957245,0.4343627989292145,0.15963338315486908
rosenbrock,1.0,2,cholesky,5,ode_transport,1024,0.005,1000,1,rosenbrock_extreme,477,0.15592288970947266,-1.0119436979293823,0.49672988057136536,170,0.42946571111679077,0.185670867562294,0.2960341274738312,0.2496616095304489
rosenbrock,1.0,2,cholesky,5,ode_transport,1024,0.005,1000,1,rosenbrock_extreme,478,0.15340089797973633,-1.0303462743759155,0.4964434504508972,152,0.6001302003860474,0.020571410655975342,0.5143705010414124,0.3084738552570343
rosenbrock,1.0,2,cholesky,5,ode_transport,1024,0.005,1000,1,rosenbrock_extreme,479,0.14484286308288574,-1.0125712156295776,0.5570273399353027,164,0.5146148204803467,0.05101205036044121,0.3949044346809387,0.32600098848342896
rosenbrock,1.0,2,cholesky,5,ode_transport,1024,0.005,1000,1,rosenbrock_extreme,480,0.1454310417175293,-0.9985700845718384,0.5929117202758789,164,0.3158181607723236,0.20089033246040344,0.19052360951900482,0.1519373059272766
rosenbrock,1.0,2,cholesky,5,ode_transport,1024,0.005,1000,1,rosenbrock_extreme,481,0.12984609603881836,-0.9891082048416138,0.5238958597183228,146,0.28979405760765076,0.02992156893014908,0.26473820209503174,0.11401308327913284
rosenbrock,1.0,2,cholesky,5,ode_transport,1024,0.005,1000,1,rosenbrock_extreme,482,0.13440203666687012,-1.006661057472229,0.49433478713035583,152,0.2814127802848816,0.024335110560059547,0.18569107353687286,0.21004711091518402
rosenbrock,1.0,2,cholesky,5,ode_transport,1024,0.005,1000,1,rosenbrock_extreme,483,0.1631002426147461,-1.026808500289917,0.6602199673652649,158,2.867690324783325,2.1498937606811523,1.5509274005889893,1.0937228202819824
rosenbrock,1.0,2,cholesky,5,ode_transport,1024,0.005,1000,1,rosenbrock_extreme,484,0.18142008781433105,-0.992616593837738,0.5182114839553833,164,0.32204198837280273,0.13663923740386963,0.1917291134595871,0.21972869336605072
rosenbrock,1.0,2,cholesky,5,ode_transport,1024,0.005,1000,1,rosenbrock_extreme,485,0.16775202751159668,-1.0666816234588623,1.3735264539718628,164,0.4385886490345001,0.10225218534469604,0.23018872737884521,0.35905104875564575
rosenbrock,1.0,2,cholesky,5,ode_transport,1024,0.005,1000,1,rosenbrock_extreme,486,0.14148378372192383,-1.0542564392089844,1.0385147333145142,158,0.7624692916870117,0.18171820044517517,0.560302197933197,0.4841480851173401
rosenbrock,1.0,2,cholesky,5,ode_transport,1024,0.005,1000,1,rosenbrock_extreme,487,0.1438610553741455,-1.027694582939148,0.5019764304161072,152,0.3202632665634155,0.20085595548152924,0.22010372579097748,0.11738739907741547
rosenbrock,1.0,2,cholesky,5,ode_transport,1024,0.005,1000,1,rosenbrock_extreme,488,0.13553881645202637,-1.0182201862335205,0.49501511454582214,152,0.47582224011421204,0.09455405920743942,0.4354017674922943,0.1670079380273819
rosenbrock,1.0,2,cholesky,5,ode_transport,1024,0.005,1000,1,rosenbrock_extreme,489,0.1346280574798584,-0.9835964441299438,0.4800570011138916,152,0.3750395178794861,0.09300872683525085,0.257428377866745,0.2563876807689667
rosenbrock,1.0,2,cholesky,5,ode_transport,1024,0.005,1000,1,rosenbrock_extreme,490,0.1483309268951416,-0.952237069606781,0.5151848196983337,164,0.4779551923274994,0.18854406476020813,0.3084917366504669,0.3126102089881897
rosenbrock,1.0,2,cholesky,5,ode_transport,1024,0.005,1000,1,rosenbrock_extreme,491,0.1629331111907959,-1.0100873708724976,0.4851410984992981,164,0.4791584312915802,0.05812571197748184,0.3675355613231659,0.30188050866127014
rosenbrock,1.0,2,cholesky,5,ode_transport,1024,0.005,1000,1,rosenbrock_extreme,492,0.16652178764343262,-1.0333560705184937,0.7855713963508606,152,0.638703465461731,0.06596556305885315,0.4754888117313385,0.42130887508392334
rosenbrock,1.0,2,cholesky,5,ode_transport,1024,0.005,1000,1,rosenbrock_extreme,493,0.18252086639404297,-0.9706268906593323,0.5363940000534058,170,0.632576584815979,0.26295045018196106,0.46027860045433044,0.34518665075302124
rosenbrock,1.0,2,cholesky,5,ode_transport,1024,0.005,1000,1,rosenbrock_extreme,494,0.19385004043579102,-1.018865704536438,0.5526368021965027,176,0.44105684757232666,0.06983981281518936,0.4026312232017517,0.16595672070980072
rosenbrock,1.0,2,cholesky,5,ode_transport,1024,0.005,1000,1,rosenbrock_extreme,495,0.15488815307617188,-1.001846432685852,0.5370579361915588,170,0.24881578981876373,0.03181641548871994,0.15899699926376343,0.1887245774269104
rosenbrock,1.0,2,cholesky,5,ode_transport,1024,0.005,1000,1,rosenbrock_extreme,496,0.16208887100219727,-1.0169306993484497,0.5289759635925293,146,0.5431033372879028,0.10952544212341309,0.45668885111808777,0.2727648913860321
rosenbrock,1.0,2,cholesky,5,ode_transport,1024,0.005,1000,1,rosenbrock_extreme,497,0.16818881034851074,-1.0169570446014404,0.6117408275604248,158,0.46054619550704956,0.28532999753952026,0.32169491052627563,0.16493013501167297
rosenbrock,1.0,2,cholesky,5,ode_transport,1024,0.005,1000,1,rosenbrock_extreme,498,0.13996505737304688,-0.9825289249420166,0.5051860213279724,152,0.3594588339328766,0.2161129117012024,0.2360210418701172,0.16370682418346405
rosenbrock,1.0,2,cholesky,5,ode_transport,1024,0.005,1000,1,rosenbrock_extreme,499,0.15166211128234863,-1.0170862674713135,0.5503374934196472,170,1.3796188831329346,0.9766677618026733,0.6875078678131104,0.6905079483985901
rosenbrock,1.0,2,cholesky,5,ode_transport,1024,0.005,1000,1,rosenbrock_extreme,500,0.14298701286315918,-0.9765214920043945,0.5483308434486389,152,0.4747837483882904,0.04101747274398804,0.20753075182437897,0.4250507354736328
rosenbrock,1.0,2,cholesky,5,ode_transport,1024,0.005,1000,1,rosenbrock_extreme,501,0.1405799388885498,-0.9850009083747864,0.48302286863327026,164,0.304127961397171,0.040502503514289856,0.24919980764389038,0.1695665568113327
rosenbrock,1.0,2,cholesky,5,ode_transport,1024,0.005,1000,1,rosenbrock_extreme,502,0.15421724319458008,-0.9957867860794067,0.72903972864151,170,0.6444384455680847,0.41255074739456177,0.34655460715293884,0.3535572588443756
rosenbrock,1.0,2,cholesky,5,ode_transport,1024,0.005,1000,1,rosenbrock_extreme,503,0.13861298561096191,-1.0129350423812866,0.6960898637771606,152,0.693352460861206,0.3477625846862793,0.3487270176410675,0.4880453944206238
rosenbrock,1.0,2,cholesky,5,ode_transport,1024,0.005,1000,1,rosenbrock_extreme,504,0.1667931079864502,-1.0315465927124023,0.9877393841743469,170,0.35689857602119446,0.02538207918405533,0.1984669268131256,0.29553887248039246
rosenbrock,1.0,2,cholesky,5,ode_transport,1024,0.005,1000,1,rosenbrock_extreme,505,0.14831209182739258,-0.9757659435272217,0.7720512747764587,170,0.43701937794685364,0.12833064794540405,0.2753532826900482,0.314162015914917
rosenbrock,1.0,2,cholesky,5,ode_transport,1024,0.005,1000,1,rosenbrock_extreme,506,0.14453816413879395,-1.0390431880950928,0.6638581156730652,164,0.4918625056743622,0.169629767537117,0.28947246074676514,0.35966676473617554
rosenbrock,1.0,2,cholesky,5,ode_transport,1024,0.005,1000,1,rosenbrock_extreme,507,0.13431000709533691,-0.9813530445098877,0.5624057650566101,152,0.518216073513031,0.3712862432003021,0.29395949840545654,0.21043351292610168
rosenbrock,1.0,2,cholesky,5,ode_transport,1024,0.005,1000,1,rosenbrock_extreme,508,0.1484370231628418,-1.0325596332550049,0.7089066505432129,158,0.4982464611530304,0.08602187782526016,0.272926926612854,0.40787333250045776
rosenbrock,1.0,2,cholesky,5,ode_transport,1024,0.005,1000,1,rosenbrock_extreme,509,0.14942383766174316,-0.9873896837234497,0.6488404870033264,176,0.696320116519928,0.021608226001262665,0.6221567988395691,0.3119546175003052
rosenbrock,1.0,2,cholesky,5,ode_transport,1024,0.005,1000,1,rosenbrock_extreme,510,0.12526988983154297,-1.0162594318389893,0.5464537143707275,140,0.18491797149181366,0.017994947731494904,0.14571383595466614,0.11242028325796127
rosenbrock,1.0,2,cholesky,5,ode_transport,1024,0.005,1000,1,rosenbrock_extreme,511,0.1442728042602539,-1.0125876665115356,0.5369680523872375,146,0.33365148305892944,0.03873300924897194,0.21540242433547974,0.2518429458141327
rosenbrock,1.0,2,cholesky,5,ode_transport,1024,0.005,1000,1,rosenbrock_extreme,512,0.17448019981384277,-1.0295233726501465,0.5347384214401245,158,0.32268351316452026,0.07310368865728378,0.19482402503490448,0.24662542343139648
rosenbrock,1.0,2,cholesky,5,ode_transport,1024,0.005,1000,1,rosenbrock_extreme,513,0.15279626846313477,-0.9959609508514404,0.5029204487800598,164,0.6134334206581116,0.18482686579227448,0.4866138994693756,0.32457125186920166
rosenbrock,1.0,2,cholesky,5,ode_transport,1024,0.005,1000,1,rosenbrock_extreme,514,0.16329383850097656,-0.9743819236755371,0.5524449944496155,164,0.6358228921890259,0.11114941537380219,0.5984878540039062,0.18365426361560822
rosenbrock,1.0,2,cholesky,5,ode_transport,1024,0.005,1000,1,rosenbrock_extreme,515,0.1675868034362793,-0.9631571769714355,0.5880530476570129,152,0.43264496326446533,0.0902591422200203,0.14077560603618622,0.3990202844142914
rosenbrock,1.0,2,cholesky,5,ode_transport,1024,0.005,1000,1,rosenbrock_extreme,516,0.17171907424926758,-1.0174341201782227,0.7313271164894104,152,0.4976712465286255,0.11064224690198898,0.2273498922586441,0.4286571741104126
rosenbrock,1.0,2,cholesky,5,ode_transport,1024,0.005,1000,1,rosenbrock_extreme,517,0.1795051097869873,-1.012627363204956,0.6917027235031128,164,0.6211205720901489,0.369318425655365,0.40491190552711487,0.29230281710624695
rosenbrock,1.0,2,cholesky,5,ode_transport,1024,0.005,1000,1,rosenbrock_extreme,518,0.19085311889648438,-1.0074280500411987,0.5890207886695862,176,0.505460262298584,0.2143537700176239,0.3589727282524109,0.28404420614242554
rosenbrock,1.0,2,cholesky,5,ode_transport,1024,0.005,1000,1,rosenbrock_extreme,519,0.16241168975830078,-1.0222135782241821,0.649506688117981,146,0.5485082864761353,0.34573403000831604,0.31641116738319397,0.2849794030189514
rosenbrock,1.0,2,cholesky,5,ode_transport,1024,0.005,1000,1,rosenbrock_extreme,520,0.21124982833862305,-1.0072351694107056,0.5174754858016968,194,1.712467074394226,1.2422512769699097,0.9596691131591797,0.6843903064727783
rosenbrock,1.0,2,cholesky,5,ode_transport,1024,0.005,1000,1,rosenbrock_extreme,521,0.16980814933776855,-1.0280940532684326,0.5969916582107544,152,1.09585440158844,0.34020760655403137,0.8613856434822083,0.5858074426651001
rosenbrock,1.0,2,cholesky,5,ode_transport,1024,0.005,1000,1,rosenbrock_extreme,522,0.17627191543579102,-1.049971580505371,0.5281647443771362,164,0.5927941799163818,0.19847479462623596,0.5021268725395203,0.24470655620098114
rosenbrock,1.0,2,cholesky,5,ode_transport,1024,0.005,1000,1,rosenbrock_extreme,523,0.18451404571533203,-0.9848207831382751,0.49686670303344727,170,0.2799471318721771,0.08016068488359451,0.20472945272922516,0.17329314351081848
rosenbrock,1.0,2,cholesky,5,ode_transport,1024,0.005,1000,1,rosenbrock_extreme,524,0.17361903190612793,-0.99704909324646,0.5370600819587708,158,0.7899169921875,0.5898042321205139,0.38201284408569336,0.36078521609306335
rosenbrock,1.0,2,cholesky,5,ode_transport,1024,0.005,1000,1,rosenbrock_extreme,525,0.16487812995910645,-0.9893643260002136,0.6024119257926941,146,0.20178259909152985,0.02671591378748417,0.12782502174377441,0.15382862091064453
rosenbrock,1.0,2,cholesky,5,ode_transport,1024,0.005,1000,1,rosenbrock_extreme,526,0.15763306617736816,-1.007184386253357,0.4673475921154022,164,0.3782268166542053,0.1312982439994812,0.2919406294822693,0.201462060213089
rosenbrock,1.0,2,cholesky,5,ode_transport,1024,0.005,1000,1,rosenbrock_extreme,527,0.14983892440795898,-0.9779874682426453,0.523395299911499,164,0.7148148417472839,0.5079079866409302,0.4017103910446167,0.30268535017967224
rosenbrock,1.0,2,cholesky,5,ode_transport,1024,0.005,1000,1,rosenbrock_extreme,528,0.14775800704956055,-1.0189117193222046,0.6991037726402283,158,0.7387401461601257,0.40228626132011414,0.49234825372695923,0.3761594593524933
rosenbrock,1.0,2,cholesky,5,ode_transport,1024,0.005,1000,1,rosenbrock_extreme,529,0.1466689109802246,-1.0158339738845825,0.46713870763778687,164,0.40525439381599426,0.15948088467121124,0.25920018553733826,0.2676045596599579
rosenbrock,1.0,2,cholesky,5,ode_transport,1024,0.005,1000,1,rosenbrock_extreme,530,0.15366673469543457,-0.9830725193023682,0.4574044942855835,170,0.5551132559776306,0.088130421936512,0.4252539873123169,0.3457496166229248
rosenbrock,1.0,2,cholesky,5,ode_transport,1024,0.005,1000,1,rosenbrock_extreme,531,0.13701605796813965,-1.004608154296875,0.5225713849067688,152,0.3186976909637451,0.10179773718118668,0.26910126209259033,0.1370764523744583
rosenbrock,1.0,2,cholesky,5,ode_transport,1024,0.005,1000,1,rosenbrock_extreme,532,0.1443328857421875,-0.9837976098060608,0.5000634789466858,164,0.36184442043304443,0.03870584815740585,0.2934604585170746,0.20812062919139862
rosenbrock,1.0,2,cholesky,5,ode_transport,1024,0.005,1000,1,rosenbrock_extreme,533,0.14238691329956055,-1.0065991878509521,0.4745471179485321,158,0.4589783251285553,0.29936766624450684,0.2628304958343506,0.2279478907585144
rosenbrock,1.0,2,cholesky,5,ode_transport,1024,0.005,1000,1,rosenbrock_extreme,534,0.14951300621032715,-0.9888699054718018,0.5447289943695068,170,0.2611597180366516,0.07263177633285522,0.19603444635868073,0.1565232276916504
rosenbrock,1.0,2,cholesky,5,ode_transport,1024,0.005,1000,1,rosenbrock_extreme,535,0.16330909729003906,-0.9967420101165771,0.5918599963188171,188,0.735957145690918,0.37653130292892456,0.47843191027641296,0.41347306966781616
rosenbrock,1.0,2,cholesky,5,ode_transport,1024,0.005,1000,1,rosenbrock_extreme,536,0.15661120414733887,-0.995505690574646,0.7165265083312988,170,0.5057963728904724,0.09930714964866638,0.3216181695461273,0.3775312900543213
rosenbrock,1.0,2,cholesky,5,ode_transport,1024,0.005,1000,1,rosenbrock_extreme,537,0.14009308815002441,-0.9888404011726379,0.47437015175819397,152,0.3690394461154938,0.09347344934940338,0.19129006564617157,0.30143147706985474
rosenbrock,1.0,2,cholesky,5,ode_transport,1024,0.005,1000,1,rosenbrock_extreme,538,0.14336085319519043,-0.9868335723876953,0.5552213191986084,158,1.719062328338623,1.1772264242172241,1.0521832704544067,0.6798701882362366
rosenbrock,1.0,2,cholesky,5,ode_transport,1024,0.005,1000,1,rosenbrock_extreme,539,0.1536548137664795,-0.9878090023994446,0.5668462514877319,176,2.168898820877075,1.6754804849624634,1.1835904121398926,0.7042731642723083
rosenbrock,1.0,2,cholesky,5,ode_transport,1024,0.005,1000,1,rosenbrock_extreme,540,0.14547395706176758,-1.011216402053833,0.7686522006988525,158,0.5167538523674011,0.1545340120792389,0.37316685914993286,0.3223356008529663
rosenbrock,1.0,2,cholesky,5,ode_transport,1024,0.005,1000,1,rosenbrock_extreme,541,0.1599287986755371,-0.9940500259399414,0.6287489533424377,182,0.42066484689712524,0.0856955274939537,0.2872830033302307,0.2950994074344635
rosenbrock,1.0,2,cholesky,5,ode_transport,1024,0.005,1000,1,rosenbrock_extreme,542,0.1821601390838623,-1.0190412998199463,0.5219014286994934,164,0.5242718458175659,0.2629563808441162,0.36336609721183777,0.2714405357837677
rosenbrock,1.0,2,cholesky,5,ode_transport,1024,0.005,1000,1,rosenbrock_extreme,543,0.19384002685546875,-0.998177707195282,0.9374268651008606,176,0.5438641905784607,0.09042613208293915,0.3499177396297455,0.4064098298549652
rosenbrock,1.0,2,cholesky,5,ode_transport,1024,0.005,1000,1,rosenbrock_extreme,544,0.17888784408569336,-1.001894474029541,0.6237674951553345,164,0.3310107886791229,0.10438708961009979,0.27784818410873413,0.14653280377388
rosenbrock,1.0,2,cholesky,5,ode_transport,1024,0.005,1000,1,rosenbrock_extreme,545,0.18816590309143066,-1.0155187845230103,0.5424713492393494,170,0.5706357955932617,0.055691272020339966,0.5079724192619324,0.2539443075656891
rosenbrock,1.0,2,cholesky,5,ode_transport,1024,0.005,1000,1,rosenbrock_extreme,546,0.1766657829284668,-0.9993079304695129,0.5099818706512451,164,0.6863545775413513,0.16914643347263336,0.6233856678009033,0.23208272457122803
rosenbrock,1.0,2,cholesky,5,ode_transport,1024,0.005,1000,1,rosenbrock_extreme,547,0.1873188018798828,-0.9911952614784241,0.5150173902511597,164,0.49444761872291565,0.11378757655620575,0.45670050382614136,0.15151076018810272
rosenbrock,1.0,2,cholesky,5,ode_transport,1024,0.005,1000,1,rosenbrock_extreme,548,0.18631219863891602,-0.9953303933143616,0.8331959247589111,170,0.4446842074394226,0.07899652421474457,0.33127206563949585,0.2859412133693695
rosenbrock,1.0,2,cholesky,5,ode_transport,1024,0.005,1000,1,rosenbrock_extreme,549,0.18374300003051758,-0.9670217037200928,0.5214910507202148,164,0.29377228021621704,0.09340670704841614,0.2296326458454132,0.15762671828269958
rosenbrock,1.0,2,cholesky,5,ode_transport,1024,0.005,1000,1,rosenbrock_extreme,550,0.1834869384765625,-0.98790442943573,0.5068622827529907,164,0.5829521417617798,0.3653024733066559,0.39264801144599915,0.2285056710243225
rosenbrock,1.0,2,cholesky,5,ode_transport,1024,0.005,1000,1,rosenbrock_extreme,551,0.1735858917236328,-0.9871413111686707,0.5128270983695984,158,0.23079462349414825,0.026924919337034225,0.11844301223754883,0.19624589383602142
rosenbrock,1.0,2,cholesky,5,ode_transport,1024,0.005,1000,1,rosenbrock_extreme,552,0.1742229461669922,-0.9925118684768677,0.6620410680770874,182,0.5995814800262451,0.16493043303489685,0.4456312954425812,0.3656618595123291
rosenbrock,1.0,2,cholesky,5,ode_transport,1024,0.005,1000,1,rosenbrock_extreme,553,0.14404821395874023,-1.0135458707809448,0.7755448222160339,158,3.3676154613494873,2.1905791759490967,1.6312789916992188,1.9700571298599243
rosenbrock,1.0,2,cholesky,5,ode_transport,1024,0.005,1000,1,rosenbrock_extreme,554,0.15169310569763184,-0.9598345160484314,0.4315602481365204,164,0.37942400574684143,0.1665412038564682,0.18510273098945618,0.28629282116889954
rosenbrock,1.0,2,cholesky,5,ode_transport,1024,0.005,1000,1,rosenbrock_extreme,555,0.1674962043762207,-0.9870599508285522,0.5945186614990234,152,0.7030041217803955,0.2234194427728653,0.48160555958747864,0.4608196020126343
rosenbrock,1.0,2,cholesky,5,ode_transport,1024,0.005,1000,1,rosenbrock_extreme,556,0.14838290214538574,-0.9699088931083679,0.43949374556541443,164,0.37723904848098755,0.05316973105072975,0.2226448655128479,0.29985255002975464
rosenbrock,1.0,2,cholesky,5,ode_transport,1024,0.005,1000,1,rosenbrock_extreme,557,0.14654994010925293,-0.9907136559486389,0.58680659532547,164,0.5821601748466492,0.11634619534015656,0.37094536423683167,0.4333285093307495
rosenbrock,1.0,2,cholesky,5,ode_transport,1024,0.005,1000,1,rosenbrock_extreme,558,0.14723825454711914,-1.0283540487289429,1.033522605895996,164,1.2226717472076416,0.7291115522384644,0.5672783851623535,0.8009480237960815
rosenbrock,1.0,2,cholesky,5,ode_transport,1024,0.005,1000,1,rosenbrock_extreme,559,0.1765890121459961,-0.9863504767417908,0.5425742268562317,170,0.4582075774669647,0.03919830545783043,0.21195727586746216,0.4043411612510681
rosenbrock,1.0,2,cholesky,5,ode_transport,1024,0.005,1000,1,rosenbrock_extreme,560,0.18538188934326172,-0.9895278215408325,0.8216155171394348,164,0.6898394823074341,0.05966890603303909,0.6035387516021729,0.32872334122657776
rosenbrock,1.0,2,cholesky,5,ode_transport,1024,0.005,1000,1,rosenbrock_extreme,561,0.2049732208251953,-0.9642780423164368,0.5274122357368469,182,0.23241378366947174,0.11243210732936859,0.14805738627910614,0.13947829604148865
rosenbrock,1.0,2,cholesky,5,ode_transport,1024,0.005,1000,1,rosenbrock_extreme,562,0.2328019142150879,-0.9886980056762695,0.45669275522232056,158,0.5590715408325195,0.1073589101433754,0.3926021456718445,0.38327354192733765
rosenbrock,1.0,2,cholesky,5,ode_transport,1024,0.005,1000,1,rosenbrock_extreme,563,0.17223596572875977,-0.9809126257896423,0.592201828956604,146,1.1582218408584595,0.7473616003990173,0.7338775992393494,0.4943196475505829
rosenbrock,1.0,2,cholesky,5,ode_transport,1024,0.005,1000,1,rosenbrock_extreme,564,0.16585087776184082,-0.9836074709892273,0.6144862771034241,152,0.2765416204929352,0.07606727629899979,0.200947105884552,0.17409561574459076
rosenbrock,1.0,2,cholesky,5,ode_transport,1024,0.005,1000,1,rosenbrock_extreme,565,0.1860198974609375,-1.0062625408172607,0.6002094149589539,170,0.5439730882644653,0.18289005756378174,0.4136331379413605,0.30226749181747437
rosenbrock,1.0,2,cholesky,5,ode_transport,1024,0.005,1000,1,rosenbrock_extreme,566,0.20089197158813477,-0.9763514399528503,0.4936554431915283,188,16.967754364013672,13.149869918823242,8.829263687133789,6.085205554962158
rosenbrock,1.0,2,cholesky,5,ode_transport,1024,0.005,1000,1,rosenbrock_extreme,567,0.1828479766845703,-0.9867457747459412,0.4915558397769928,170,2.3527400493621826,1.8815754652023315,1.1552584171295166,0.8126733303070068
rosenbrock,1.0,2,cholesky,5,ode_transport,1024,0.005,1000,1,rosenbrock_extreme,568,0.14725995063781738,-1.0048552751541138,0.6903457045555115,164,0.47527822852134705,0.14286251366138458,0.24696938693523407,0.380112886428833
rosenbrock,1.0,2,cholesky,5,ode_transport,1024,0.005,1000,1,rosenbrock_extreme,569,0.1949911117553711,-0.974889874458313,0.6699179410934448,176,0.6628981828689575,0.26464152336120605,0.5306848883628845,0.29626399278640747
rosenbrock,1.0,2,cholesky,5,ode_transport,1024,0.005,1000,1,rosenbrock_extreme,570,0.1646871566772461,-0.9480999112129211,0.7029317617416382,164,0.36195722222328186,0.0350428968667984,0.31201064586639404,0.18009547889232635
rosenbrock,1.0,2,cholesky,5,ode_transport,1024,0.005,1000,1,rosenbrock_extreme,571,0.14609503746032715,-0.9819269180297852,0.5323765873908997,164,0.9151442050933838,0.17227938771247864,0.8179847002029419,0.37243756651878357
rosenbrock,1.0,2,cholesky,5,ode_transport,1024,0.005,1000,1,rosenbrock_extreme,572,0.14724302291870117,-1.004533052444458,0.47022584080696106,158,7.2316412925720215,5.495661735534668,3.849486827850342,2.697366952896118
rosenbrock,1.0,2,cholesky,5,ode_transport,1024,0.005,1000,1,rosenbrock_extreme,573,0.15599679946899414,-0.9777935743331909,0.615053653717041,170,0.45887401700019836,0.05692921206355095,0.3377547562122345,0.3053622841835022
rosenbrock,1.0,2,cholesky,5,ode_transport,1024,0.005,1000,1,rosenbrock_extreme,574,0.1634690761566162,-1.0000114440917969,0.7891944050788879,170,1.1465754508972168,0.5815639495849609,0.8426170945167542,0.5161539316177368
rosenbrock,1.0,2,cholesky,5,ode_transport,1024,0.005,1000,1,rosenbrock_extreme,575,0.15525293350219727,-0.9750882983207703,0.5696924328804016,170,0.414823055267334,0.11497192829847336,0.31990060210227966,0.23774611949920654
rosenbrock,1.0,2,cholesky,5,ode_transport,1024,0.005,1000,1,rosenbrock_extreme,576,0.1508190631866455,-1.0160919427871704,0.9013187289237976,158,0.502082347869873,0.06458848714828491,0.4011535942554474,0.29494208097457886
rosenbrock,1.0,2,cholesky,5,ode_transport,1024,0.005,1000,1,rosenbrock_extreme,577,0.17465496063232422,-0.9837003350257874,0.5569388270378113,194,3.572699785232544,2.709926128387451,1.5982309579849243,1.6929678916931152
rosenbrock,1.0,2,cholesky,5,ode_transport,1024,0.005,1000,1,rosenbrock_extreme,578,0.1608130931854248,-0.9893218278884888,0.6325362324714661,170,0.6727172136306763,0.47496795654296875,0.36045217514038086,0.3114933371543884
rosenbrock,1.0,2,cholesky,5,ode_transport,1024,0.005,1000,1,rosenbrock_extreme,579,0.1589651107788086,-0.9656589031219482,0.6176390051841736,170,0.3100554347038269,0.04452993720769882,0.21345080435276031,0.22043190896511078
rosenbrock,1.0,2,cholesky,5,ode_transport,1024,0.005,1000,1,rosenbrock_extreme,580,0.16155004501342773,-0.9554386734962463,0.5943095088005066,164,6.237730979919434,4.850529193878174,3.1903774738311768,2.2810397148132324
rosenbrock,1.0,2,cholesky,5,ode_transport,1024,0.005,1000,1,rosenbrock_extreme,581,0.15833187103271484,-0.9909353852272034,0.5606285929679871,170,0.6243515014648438,0.07915905863046646,0.5505456924438477,0.2836337089538574
rosenbrock,1.0,2,cholesky,5,ode_transport,1024,0.005,1000,1,rosenbrock_extreme,582,0.18616700172424316,-0.9891542196273804,0.5743731260299683,176,0.5080294013023376,0.2775329351425171,0.3279918134212494,0.2710917592048645
rosenbrock,1.0,2,cholesky,5,ode_transport,1024,0.005,1000,1,rosenbrock_extreme,583,0.17511391639709473,-1.0033682584762573,0.6011094450950623,152,0.42581966519355774,0.09302083402872086,0.2790529727935791,0.30789434909820557
rosenbrock,1.0,2,cholesky,5,ode_transport,1024,0.005,1000,1,rosenbrock_extreme,584,0.2051398754119873,-1.0132979154586792,0.6795372366905212,182,0.7993672490119934,0.26513198018074036,0.6917582750320435,0.30027249455451965
rosenbrock,1.0,2,cholesky,5,ode_transport,1024,0.005,1000,1,rosenbrock_extreme,585,0.1979529857635498,-0.9424328804016113,0.5050713419914246,176,0.4147586226463318,0.06343863904476166,0.29543083906173706,0.28411415219306946
rosenbrock,1.0,2,cholesky,5,ode_transport,1024,0.005,1000,1,rosenbrock_extreme,586,0.18416690826416016,-0.9869378209114075,0.7414015531539917,164,0.49015945196151733,0.12295395135879517,0.26992323994636536,0.3902307450771332
rosenbrock,1.0,2,cholesky,5,ode_transport,1024,0.005,1000,1,rosenbrock_extreme,587,0.1756887435913086,-1.0176753997802734,0.9029321074485779,152,0.37149012088775635,0.07020515948534012,0.24163921177387238,0.2732885777950287
rosenbrock,1.0,2,cholesky,5,ode_transport,1024,0.005,1000,1,rosenbrock_extreme,588,0.19977593421936035,-0.9965023994445801,0.8202491402626038,170,0.7143675684928894,0.440937876701355,0.45428720116615295,0.33093488216400146
rosenbrock,1.0,2,cholesky,5,ode_transport,1024,0.005,1000,1,rosenbrock_extreme,589,0.17295527458190918,-0.96766197681427,0.6240137219429016,164,7.756107330322266,6.17715311050415,3.842799186706543,2.6894023418426514
rosenbrock,1.0,2,cholesky,5,ode_transport,1024,0.005,1000,1,rosenbrock_extreme,590,0.14356613159179688,-0.9854975938796997,0.47038382291793823,164,0.4421384632587433,0.18391144275665283,0.32637062668800354,0.23483017086982727
rosenbrock,1.0,2,cholesky,5,ode_transport,1024,0.005,1000,1,rosenbrock_extreme,591,0.14940905570983887,-0.9845666885375977,0.46489807963371277,176,0.306541383266449,0.13168232142925262,0.12478358298540115,0.24709603190422058
rosenbrock,1.0,2,cholesky,5,ode_transport,1024,0.005,1000,1,rosenbrock_extreme,592,0.14263391494750977,-0.9959143996238708,0.44839316606521606,164,0.3198915719985962,0.0648929700255394,0.24161915481090546,0.19934819638729095
rosenbrock,1.0,2,cholesky,5,ode_transport,1024,0.005,1000,1,rosenbrock_extreme,593,0.15836811065673828,-1.0121861696243286,0.49966326355934143,182,1.9611554145812988,1.3485016822814941,1.1015074253082275,0.9024164080619812
rosenbrock,1.0,2,cholesky,5,ode_transport,1024,0.005,1000,1,rosenbrock_extreme,594,0.150954008102417,-0.9837786555290222,0.5455415844917297,158,0.492209792137146,0.1013459637761116,0.38629812002182007,0.28770333528518677
rosenbrock,1.0,2,cholesky,5,ode_transport,1024,0.005,1000,1,rosenbrock_extreme,595,0.16851210594177246,-1.005137324333191,0.838858425617218,170,0.5118713974952698,0.053356338292360306,0.31422629952430725,0.4005337953567505
rosenbrock,1.0,2,cholesky,5,ode_transport,1024,0.005,1000,1,rosenbrock_extreme,596,0.17859196662902832,-0.9608983397483826,0.49934202432632446,158,0.41280218958854675,0.2730909585952759,0.2311812788248062,0.20586945116519928
rosenbrock,1.0,2,cholesky,5,ode_transport,1024,0.005,1000,1,rosenbrock_extreme,597,0.19677376747131348,-0.9753419756889343,0.4145682454109192,182,0.38238921761512756,0.23382684588432312,0.23330536484718323,0.1926528513431549
rosenbrock,1.0,2,cholesky,5,ode_transport,1024,0.005,1000,1,rosenbrock_extreme,598,0.16557002067565918,-0.9762371182441711,0.5998542308807373,146,0.33178025484085083,0.16178865730762482,0.2416449636220932,0.1597193479537964
rosenbrock,1.0,2,cholesky,5,ode_transport,1024,0.005,1000,1,rosenbrock_extreme,599,0.19211816787719727,-0.9571398496627808,0.6328521966934204,176,0.49916017055511475,0.2342820167541504,0.27553313970565796,0.3440265655517578
rosenbrock,1.0,2,cholesky,5,ode_transport,1024,0.005,1000,1,rosenbrock_extreme,600,0.19415020942687988,-0.9983108043670654,0.5999748110771179,176,0.4238360822200775,0.1582072675228119,0.24931582808494568,0.3040544390678406
rosenbrock,1.0,2,cholesky,5,ode_transport,1024,0.005,1000,1,rosenbrock_extreme,601,0.18637490272521973,-0.9777348041534424,0.6359484791755676,164,0.46509820222854614,0.2709628939628601,0.199813112616539,0.3208896517753601
rosenbrock,1.0,2,cholesky,5,ode_transport,1024,0.005,1000,1,rosenbrock_extreme,602,0.17966198921203613,-0.9747286438941956,0.5931501984596252,158,0.463520884513855,0.18966004252433777,0.334137886762619,0.2592923939228058
rosenbrock,1.0,2,cholesky,5,ode_transport,1024,0.005,1000,1,rosenbrock_extreme,603,0.18920397758483887,-0.9744027256965637,0.7109686136245728,170,0.4141305387020111,0.2231845259666443,0.2673476040363312,0.22409385442733765
rosenbrock,1.0,2,cholesky,5,ode_transport,1024,0.005,1000,1,rosenbrock_extreme,604,0.17499899864196777,-0.973476231098175,0.457634836435318,170,0.3517228662967682,0.13582681119441986,0.2344268560409546,0.2242857664823532
rosenbrock,1.0,2,cholesky,5,ode_transport,1024,0.005,1000,1,rosenbrock_extreme,605,0.15366721153259277,-0.9829119443893433,0.7663041949272156,164,0.3988915681838989,0.06526301801204681,0.2416461557149887,0.3105838894844055
rosenbrock,1.0,2,cholesky,5,ode_transport,1024,0.005,1000,1,rosenbrock_extreme,606,0.15788817405700684,-0.9831615090370178,0.5120739340782166,170,0.7814280986785889,0.3586216866970062,0.5995453596115112,0.35009393095970154
rosenbrock,1.0,2,cholesky,5,ode_transport,1024,0.005,1000,1,rosenbrock_extreme,607,0.15448594093322754,-0.9961611032485962,0.5353205800056458,164,0.6049168705940247,0.18975037336349487,0.4314115047454834,0.37921398878097534
rosenbrock,1.0,2,cholesky,5,ode_transport,1024,0.005,1000,1,rosenbrock_extreme,608,0.17517518997192383,-0.9635926485061646,0.5650511384010315,182,0.3668373227119446,0.04170023277401924,0.19956684112548828,0.30496519804000854
rosenbrock,1.0,2,cholesky,5,ode_transport,1024,0.005,1000,1,rosenbrock_extreme,609,0.19208097457885742,-0.9683347940444946,0.4551655650138855,170,0.3408936560153961,0.08267298340797424,0.2740086615085602,0.18518349528312683
rosenbrock,1.0,2,cholesky,5,ode_transport,1024,0.005,1000,1,rosenbrock_extreme,610,0.2083277702331543,-0.9682486057281494,0.5611305832862854,182,0.993301510810852,0.5682247877120972,0.42181214690208435,0.6970244646072388
rosenbrock,1.0,2,cholesky,5,ode_transport,1024,0.005,1000,1,rosenbrock_extreme,611,0.18798422813415527,-0.9693331122398376,0.6308064460754395,164,0.5590877532958984,0.23315691947937012,0.4169803559780121,0.2904210686683655
rosenbrock,1.0,2,cholesky,5,ode_transport,1024,0.005,1000,1,rosenbrock_extreme,612,0.1897878646850586,-0.994484007358551,0.534462034702301,164,0.4053685963153839,0.125978022813797,0.22168323397636414,0.31513455510139465
rosenbrock,1.0,2,cholesky,5,ode_transport,1024,0.005,1000,1,rosenbrock_extreme,613,0.19374895095825195,-0.9733984470367432,0.49811628460884094,176,0.25454044342041016,0.11200534552335739,0.17224308848381042,0.1502595990896225
rosenbrock,1.0,2,cholesky,5,ode_transport,1024,0.005,1000,1,rosenbrock_extreme,614,0.18901991844177246,-0.9782125353813171,0.4844624996185303,164,0.7990661263465881,0.5374935865402222,0.4518623352050781,0.3813498616218567
rosenbrock,1.0,2,cholesky,5,ode_transport,1024,0.005,1000,1,rosenbrock_extreme,615,0.15889191627502441,-0.9339989423751831,0.5358353853225708,164,0.45185452699661255,0.043434225022792816,0.24666152894496918,0.37609049677848816
rosenbrock,1.0,2,cholesky,5,ode_transport,1024,0.005,1000,1,rosenbrock_extreme,616,0.13876008987426758,-0.9671286940574646,0.4849773049354553,146,0.4139474034309387,0.24025405943393707,0.28205257654190063,0.18459904193878174
rosenbrock,1.0,2,cholesky,5,ode_transport,1024,0.005,1000,1,rosenbrock_extreme,617,0.1689319610595703,-1.0411310195922852,1.534240484237671,182,0.9167236685752869,0.5564990043640137,0.40518295764923096,0.6054072976112366
rosenbrock,1.0,2,cholesky,5,ode_transport,1024,0.005,1000,1,rosenbrock_extreme,618,0.14397788047790527,-0.9816834926605225,0.9083589315414429,158,1.627336859703064,1.2615159749984741,0.8959798812866211,0.504006564617157
rosenbrock,1.0,2,cholesky,5,ode_transport,1024,0.005,1000,1,rosenbrock_extreme,619,0.1437990665435791,-0.9886317849159241,0.5762583017349243,158,0.9737449288368225,0.7540032267570496,0.4583260416984558,0.411819726228714
rosenbrock,1.0,2,cholesky,5,ode_transport,1024,0.005,1000,1,rosenbrock_extreme,620,0.1562938690185547,-0.9435359239578247,0.4828738868236542,176,0.3053866922855377,0.1234845444560051,0.11697356402873993,0.25363317131996155
rosenbrock,1.0,2,cholesky,5,ode_transport,1024,0.005,1000,1,rosenbrock_extreme,621,0.15440583229064941,-0.9617618918418884,0.4680858850479126,176,0.6057810187339783,0.3846135139465332,0.3724753260612488,0.2833818197250366
rosenbrock,1.0,2,cholesky,5,ode_transport,1024,0.005,1000,1,rosenbrock_extreme,622,0.1833798885345459,-0.969094455242157,0.6884699463844299,170,0.4624970853328705,0.23556670546531677,0.28566694259643555,0.27713942527770996
rosenbrock,1.0,2,cholesky,5,ode_transport,1024,0.005,1000,1,rosenbrock_extreme,623,0.17334389686584473,-0.9509632587432861,0.5167080163955688,158,0.44249090552330017,0.10734297335147858,0.393038809299469,0.17261569201946259
rosenbrock,1.0,2,cholesky,5,ode_transport,1024,0.005,1000,1,rosenbrock_extreme,624,0.19072794914245605,-0.9839151501655579,0.5337539315223694,176,0.453357070684433,0.22150938212871552,0.27670812606811523,0.28266385197639465
rosenbrock,1.0,2,cholesky,5,ode_transport,1024,0.005,1000,1,rosenbrock_extreme,625,0.19810199737548828,-0.9898852705955505,0.6772493124008179,176,1.406659722328186,1.0742524862289429,0.7250896096229553,0.5467342138290405
rosenbrock,1.0,2,cholesky,5,ode_transport,1024,0.005,1000,1,rosenbrock_extreme,626,0.21117496490478516,-0.9523352384567261,0.5402687191963196,188,0.5298600792884827,0.22222009301185608,0.26835954189300537,0.3991905152797699
rosenbrock,1.0,2,cholesky,5,ode_transport,1024,0.005,1000,1,rosenbrock_extreme,627,0.20061683654785156,-0.9447822570800781,0.5382469296455383,188,0.38661935925483704,0.10591205954551697,0.28651928901672363,0.23698914051055908
rosenbrock,1.0,2,cholesky,5,ode_transport,1024,0.005,1000,1,rosenbrock_extreme,628,0.1947782039642334,-0.9727080464363098,0.4826141595840454,182,0.2638471722602844,0.03158974274992943,0.0980396643280983,0.24291077256202698
rosenbrock,1.0,2,cholesky,5,ode_transport,1024,0.005,1000,1,rosenbrock_extreme,629,0.18057870864868164,-0.9618911743164062,0.5511190891265869,158,0.38948649168014526,0.030481059104204178,0.17167501151561737,0.34827908873558044
rosenbrock,1.0,2,cholesky,5,ode_transport,1024,0.005,1000,1,rosenbrock_extreme,630,0.19277477264404297,-0.9712172746658325,0.606131911277771,170,0.40221285820007324,0.08695972710847855,0.30413082242012024,0.24843035638332367
rosenbrock,1.0,2,cholesky,5,ode_transport,1024,0.005,1000,1,rosenbrock_extreme,631,0.17354488372802734,-0.961920976638794,0.5806727409362793,146,0.2796308994293213,0.12102115899324417,0.1406954675912857,0.20917004346847534
rosenbrock,1.0,2,cholesky,5,ode_transport,1024,0.005,1000,1,rosenbrock_extreme,632,0.20598602294921875,-0.955681562423706,0.6154308319091797,182,0.7730919718742371,0.39783725142478943,0.5650445818901062,0.346585214138031
rosenbrock,1.0,2,cholesky,5,ode_transport,1024,0.005,1000,1,rosenbrock_extreme,633,0.17994999885559082,-0.9673196077346802,0.5048233866691589,176,0.7726007103919983,0.17182868719100952,0.5999945998191833,0.45540446043014526
rosenbrock,1.0,2,cholesky,5,ode_transport,1024,0.005,1000,1,rosenbrock_extreme,634,0.18743896484375,-0.9505037069320679,0.4859532415866852,170,0.3620661199092865,0.04438679292798042,0.23330748081207275,0.2732934355735779
rosenbrock,1.0,2,cholesky,5,ode_transport,1024,0.005,1000,1,rosenbrock_extreme,635,0.17748594284057617,-0.9504000544548035,0.5867379903793335,158,0.38056129217147827,0.043129757046699524,0.27104678750038147,0.26362916827201843
rosenbrock,1.0,2,cholesky,5,ode_transport,1024,0.005,1000,1,rosenbrock_extreme,636,0.1854238510131836,-1.0028337240219116,1.017530083656311,164,0.46799933910369873,0.0694277286529541,0.3576642572879791,0.2937336564064026
rosenbrock,1.0,2,cholesky,5,ode_transport,1024,0.005,1000,1,rosenbrock_extreme,637,0.18954205513000488,-0.9519643783569336,0.6377192139625549,164,0.8266971111297607,0.4127746522426605,0.5979065299034119,0.3944019377231598
rosenbrock,1.0,2,cholesky,5,ode_transport,1024,0.005,1000,1,rosenbrock_extreme,638,0.18680119514465332,-0.9548439979553223,0.4724791347980499,200,2.0363125801086426,1.651835322380066,0.9634059071540833,0.6998987793922424
rosenbrock,1.0,2,cholesky,5,ode_transport,1024,0.005,1000,1,rosenbrock_extreme,639,0.16630315780639648,-0.9671821594238281,0.5664851665496826,170,1.059133529663086,0.7496809959411621,0.5454347729682922,0.5120967626571655
rosenbrock,1.0,2,cholesky,5,ode_transport,1024,0.005,1000,1,rosenbrock_extreme,640,0.15312886238098145,-1.0097792148590088,1.4498400688171387,170,0.45503973960876465,0.15285423398017883,0.23752173781394958,0.35676348209381104
rosenbrock,1.0,2,cholesky,5,ode_transport,1024,0.005,1000,1,rosenbrock_extreme,641,0.15658187866210938,-0.9782245755195618,0.873600423336029,176,9.788331985473633,7.823493003845215,4.701676368713379,3.5353424549102783
rosenbrock,1.0,2,cholesky,5,ode_transport,1024,0.005,1000,1,rosenbrock_extreme,642,0.16141009330749512,-0.9339820146560669,0.587775468826294,182,1.8751842975616455,1.423574447631836,1.037441372871399,0.6430145502090454
rosenbrock,1.0,2,cholesky,5,ode_transport,1024,0.005,1000,1,rosenbrock_extreme,643,0.1651170253753662,-0.9831568598747253,0.5846154689788818,182,0.7214135527610779,0.3965793550014496,0.2218194305896759,0.5603199005126953
rosenbrock,1.0,2,cholesky,5,ode_transport,1024,0.005,1000,1,rosenbrock_extreme,644,0.16042327880859375,-0.968828558921814,0.7012720704078674,176,0.46821779012680054,0.09258761256933212,0.3535073697566986,0.2927251160144806
rosenbrock,1.0,2,cholesky,5,ode_transport,1024,0.005,1000,1,rosenbrock_extreme,645,0.15426206588745117,-0.9872457981109619,0.6100374460220337,158,0.7424359321594238,0.18197201192378998,0.6378843188285828,0.3334680199623108
rosenbrock,1.0,2,cholesky,5,ode_transport,1024,0.005,1000,1,rosenbrock_extreme,646,0.14990019798278809,-0.9894238710403442,1.020954966545105,170,0.6019322276115417,0.25036680698394775,0.40415120124816895,0.36918917298316956
rosenbrock,1.0,2,cholesky,5,ode_transport,1024,0.005,1000,1,rosenbrock_extreme,647,0.17783403396606445,-0.9763656854629517,0.638248085975647,182,1.377426266670227,0.9773901104927063,0.5259588956832886,0.8157075643539429
rosenbrock,1.0,2,cholesky,5,ode_transport,1024,0.005,1000,1,rosenbrock_extreme,648,0.18974900245666504,-0.9629691243171692,0.551228940486908,176,0.7238547205924988,0.16806593537330627,0.6610394716262817,0.2423764169216156
rosenbrock,1.0,2,cholesky,5,ode_transport,1024,0.005,1000,1,rosenbrock_extreme,649,0.1774289608001709,-0.9831135869026184,0.5285905003547668,170,0.4756004810333252,0.38192224502563477,0.2109074592590332,0.18933895230293274
rosenbrock,1.0,2,cholesky,5,ode_transport,1024,0.005,1000,1,rosenbrock_extreme,650,0.16948413848876953,-1.0214009284973145,0.7521299123764038,176,0.5726852416992188,0.0884932279586792,0.4201352000236511,0.3789772093296051
rosenbrock,1.0,2,cholesky,5,ode_transport,1024,0.005,1000,1,rosenbrock_extreme,651,0.15605664253234863,-0.9688660502433777,0.6666328310966492,164,0.4795663356781006,0.15374480187892914,0.27423903346061707,0.36213168501853943
rosenbrock,1.0,2,cholesky,5,ode_transport,1024,0.005,1000,1,rosenbrock_extreme,652,0.16839909553527832,-0.9906817674636841,0.6770961880683899,176,0.7211627960205078,0.06538671255111694,0.5696847438812256,0.43733248114585876
rosenbrock,1.0,2,cholesky,5,ode_transport,1024,0.005,1000,1,rosenbrock_extreme,653,0.16464805603027344,-1.0001417398452759,0.9130128026008606,176,0.5677587985992432,0.12662434577941895,0.37303200364112854,0.40885621309280396
rosenbrock,1.0,2,cholesky,5,ode_transport,1024,0.005,1000,1,rosenbrock_extreme,654,0.16873908042907715,-0.9346057176589966,0.5690833330154419,182,0.4329811930656433,0.2065395563840866,0.24824850261211395,0.2884212136268616
rosenbrock,1.0,2,cholesky,5,ode_transport,1024,0.005,1000,1,rosenbrock_extreme,655,0.19841408729553223,-1.0066285133361816,0.7764394283294678,164,0.6133934259414673,0.10570240765810013,0.4303836226463318,0.424085408449173
rosenbrock,1.0,2,cholesky,5,ode_transport,1024,0.005,1000,1,rosenbrock_extreme,656,0.18540692329406738,-0.9727043509483337,0.46843111515045166,152,0.4934748113155365,0.13167349994182587,0.36163899302482605,0.3088635802268982
rosenbrock,1.0,2,cholesky,5,ode_transport,1024,0.005,1000,1,rosenbrock_extreme,657,0.16228580474853516,-0.9574979543685913,0.557844340801239,158,0.41309913992881775,0.04840536415576935,0.22822315990924835,0.34091344475746155
rosenbrock,1.0,2,cholesky,5,ode_transport,1024,0.005,1000,1,rosenbrock_extreme,658,0.15853309631347656,-0.964550256729126,0.6090630292892456,164,0.4890148937702179,0.2856261730194092,0.2854401767253876,0.2758208215236664
rosenbrock,1.0,2,cholesky,5,ode_transport,1024,0.005,1000,1,rosenbrock_extreme,659,0.22999024391174316,-0.9561071395874023,0.5530280470848083,182,0.7781323194503784,0.03483898937702179,0.6614541411399841,0.4083559811115265
rosenbrock,1.0,2,cholesky,5,ode_transport,1024,0.005,1000,1,rosenbrock_extreme,660,0.19771075248718262,-0.9726735353469849,0.5799990892410278,170,0.6269214749336243,0.04480629414319992,0.23677201569080353,0.578758955001831
rosenbrock,1.0,2,cholesky,5,ode_transport,1024,0.005,1000,1,rosenbrock_extreme,661,0.21797561645507812,-0.998366117477417,0.8799794912338257,188,0.6474706530570984,0.22748522460460663,0.43138349056243896,0.42588382959365845
rosenbrock,1.0,2,cholesky,5,ode_transport,1024,0.005,1000,1,rosenbrock_extreme,662,0.23701906204223633,-0.9825138449668884,0.6253277659416199,170,0.5836650729179382,0.2842741906642914,0.4252770245075226,0.28105616569519043
rosenbrock,1.0,2,cholesky,5,ode_transport,1024,0.005,1000,1,rosenbrock_extreme,663,0.20798420906066895,-0.9643166065216064,0.6342591643333435,176,0.5074537396430969,0.3558149039745331,0.23733139038085938,0.27309131622314453
rosenbrock,1.0,2,cholesky,5,ode_transport,1024,0.005,1000,1,rosenbrock_extreme,664,0.34591221809387207,-0.9546557068824768,0.6265746355056763,176,0.5221430659294128,0.38351938128471375,0.30561816692352295,0.17928695678710938
rosenbrock,1.0,2,cholesky,5,ode_transport,1024,0.005,1000,1,rosenbrock_extreme,665,0.21926403045654297,-0.9949760437011719,0.566694974899292,176,0.3202555179595947,0.07209707051515579,0.17102904617786407,0.26098790764808655
rosenbrock,1.0,2,cholesky,5,ode_transport,1024,0.005,1000,1,rosenbrock_extreme,666,0.2064211368560791,-0.9659550189971924,0.49732884764671326,176,0.5526293516159058,0.04086904600262642,0.4655020534992218,0.2950199544429779
rosenbrock,1.0,2,cholesky,5,ode_transport,1024,0.005,1000,1,rosenbrock_extreme,667,0.23555302619934082,-0.9577393531799316,0.5301629900932312,164,0.9370847940444946,0.2579749524593353,0.7621890902519226,0.4802547097206116
rosenbrock,1.0,2,cholesky,5,ode_transport,1024,0.005,1000,1,rosenbrock_extreme,668,0.20915508270263672,-0.9885797500610352,0.6269334554672241,182,0.43109723925590515,0.08946139365434647,0.3508746325969696,0.23394115269184113
rosenbrock,1.0,2,cholesky,5,ode_transport,1024,0.005,1000,1,rosenbrock_extreme,669,0.22331595420837402,-0.9585354328155518,0.4763529300689697,194,1.305289626121521,0.687661349773407,1.0194895267486572,0.4376574754714966
rosenbrock,1.0,2,cholesky,5,ode_transport,1024,0.005,1000,1,rosenbrock_extreme,670,0.1762099266052246,-0.9580358266830444,0.6581416130065918,164,0.5842980146408081,0.18479402363300323,0.4207248389720917,0.3608960211277008
rosenbrock,1.0,2,cholesky,5,ode_transport,1024,0.005,1000,1,rosenbrock_extreme,671,0.20981287956237793,-0.9816263914108276,0.5083911418914795,200,0.5244662761688232,0.10663073509931564,0.3826031982898712,0.34250473976135254
rosenbrock,1.0,2,cholesky,5,ode_transport,1024,0.005,1000,1,rosenbrock_extreme,672,0.1796407699584961,-0.9791953563690186,0.5354098081588745,176,0.5258781909942627,0.1474257856607437,0.38963016867637634,0.3209390342235565
rosenbrock,1.0,2,cholesky,5,ode_transport,1024,0.005,1000,1,rosenbrock_extreme,673,0.17957401275634766,-0.973383367061615,1.5389933586120605,188,0.6763496398925781,0.27398020029067993,0.4150199890136719,0.4584125876426697
rosenbrock,1.0,2,cholesky,5,ode_transport,1024,0.005,1000,1,rosenbrock_extreme,674,0.16338014602661133,-0.9764728546142578,0.7018774151802063,176,0.5537407398223877,0.21878130733966827,0.3314324915409088,0.3858964145183563
rosenbrock,1.0,2,cholesky,5,ode_transport,1024,0.005,1000,1,rosenbrock_extreme,675,0.17117905616760254,-0.9855707287788391,0.556259274482727,170,0.5681526064872742,0.2892638146877289,0.46650567650794983,0.14661608636379242
rosenbrock,1.0,2,cholesky,5,ode_transport,1024,0.005,1000,1,rosenbrock_extreme,676,0.1817619800567627,-0.9942495226860046,0.8716012239456177,170,0.4989674985408783,0.11132548749446869,0.3832949697971344,0.29943305253982544
rosenbrock,1.0,2,cholesky,5,ode_transport,1024,0.005,1000,1,rosenbrock_extreme,677,0.17930984497070312,-0.9847533106803894,0.6350654363632202,176,0.5203655362129211,0.1532498151063919,0.28044793009757996,0.41066256165504456
rosenbrock,1.0,2,cholesky,5,ode_transport,1024,0.005,1000,1,rosenbrock_extreme,678,0.16311883926391602,-0.958124577999115,0.4882754981517792,164,0.6504433155059814,0.39030274748802185,0.2756301164627075,0.4413256347179413
rosenbrock,1.0,2,cholesky,5,ode_transport,1024,0.005,1000,1,rosenbrock_extreme,679,0.16494107246398926,-0.932659924030304,0.47103866934776306,170,0.4686961770057678,0.16132530570030212,0.3712630569934845,0.23624993860721588
rosenbrock,1.0,2,cholesky,5,ode_transport,1024,0.005,1000,1,rosenbrock_extreme,680,0.1694636344909668,-0.9608322381973267,0.4813007414340973,188,0.3124518394470215,0.0630248486995697,0.19641603529453278,0.2346801459789276
rosenbrock,1.0,2,cholesky,5,ode_transport,1024,0.005,1000,1,rosenbrock_extreme,681,0.15531325340270996,-0.9693004488945007,0.8729111552238464,170,0.966794490814209,0.04635682329535484,0.8380297422409058,0.4798424541950226
rosenbrock,1.0,2,cholesky,5,ode_transport,1024,0.005,1000,1,rosenbrock_extreme,682,0.1588139533996582,-0.9630103707313538,0.5520319938659668,164,0.7284817695617676,0.07078056782484055,0.39997756481170654,0.604726254940033
rosenbrock,1.0,2,cholesky,5,ode_transport,1024,0.005,1000,1,rosenbrock_extreme,683,0.17166495323181152,-1.0142183303833008,1.0433028936386108,182,0.9348081350326538,0.5789522528648376,0.5007976293563843,0.5365465879440308
rosenbrock,1.0,2,cholesky,5,ode_transport,1024,0.005,1000,1,rosenbrock_extreme,684,0.1563272476196289,-0.9630498290061951,0.538192093372345,164,0.3807187080383301,0.07855077087879181,0.2850564122200012,0.23983192443847656
rosenbrock,1.0,2,cholesky,5,ode_transport,1024,0.005,1000,1,rosenbrock_extreme,685,0.14371395111083984,-0.9887696504592896,0.8082692623138428,152,0.9713780283927917,0.020652860403060913,0.5292203426361084,0.8142939805984497
rosenbrock,1.0,2,cholesky,5,ode_transport,1024,0.005,1000,1,rosenbrock_extreme,686,0.16628408432006836,-0.9648809432983398,0.6126260757446289,176,1.0061551332473755,0.7411831021308899,0.5416259169578552,0.41187018156051636
rosenbrock,1.0,2,cholesky,5,ode_transport,1024,0.005,1000,1,rosenbrock_extreme,687,0.15996217727661133,-0.9666889309883118,0.5623183846473694,182,0.976207971572876,0.5224001407623291,0.6623328328132629,0.4913199841976166
rosenbrock,1.0,2,cholesky,5,ode_transport,1024,0.005,1000,1,rosenbrock_extreme,688,0.1429741382598877,-0.9349256157875061,0.6298664212226868,158,0.38495349884033203,0.12882409989833832,0.26288771629333496,0.24996717274188995
rosenbrock,1.0,2,cholesky,5,ode_transport,1024,0.005,1000,1,rosenbrock_extreme,689,0.15989208221435547,-0.9575985074043274,0.49091243743896484,182,1.5835343599319458,1.0007526874542236,0.6335282325744629,1.0510551929473877
rosenbrock,1.0,2,cholesky,5,ode_transport,1024,0.005,1000,1,rosenbrock_extreme,690,0.19729876518249512,-0.9941695332527161,0.6303868293762207,188,0.5982878804206848,0.13723476231098175,0.4693862795829773,0.3446614444255829
rosenbrock,1.0,2,cholesky,5,ode_transport,1024,0.005,1000,1,rosenbrock_extreme,691,0.19118905067443848,-0.9671714901924133,0.5914493799209595,176,0.3447536826133728,0.06720004975795746,0.2669582664966583,0.20753920078277588
rosenbrock,1.0,2,cholesky,5,ode_transport,1024,0.005,1000,1,rosenbrock_extreme,692,0.17063117027282715,-0.9503183960914612,0.7177185416221619,158,0.42162132263183594,0.08898521959781647,0.371711403131485,0.17797969281673431
rosenbrock,1.0,2,cholesky,5,ode_transport,1024,0.005,1000,1,rosenbrock_extreme,693,0.18070578575134277,-0.986109733581543,0.8617587089538574,176,0.4517849087715149,0.31171923875808716,0.20989751815795898,0.25076642632484436
rosenbrock,1.0,2,cholesky,5,ode_transport,1024,0.005,1000,1,rosenbrock_extreme,694,0.17824506759643555,-0.9673100709915161,0.5150529742240906,164,0.5541725754737854,0.043014585971832275,0.45770981907844543,0.3094490170478821
rosenbrock,1.0,2,cholesky,5,ode_transport,1024,0.005,1000,1,rosenbrock_extreme,695,0.18900084495544434,-0.9676300287246704,0.5701125860214233,170,0.5456628799438477,0.31133750081062317,0.3420123755931854,0.28955912590026855
rosenbrock,1.0,2,cholesky,5,ode_transport,1024,0.005,1000,1,rosenbrock_extreme,696,0.1702108383178711,-0.9483404159545898,0.5201188325881958,158,0.36641180515289307,0.07408151030540466,0.26591208577156067,0.24095706641674042
rosenbrock,1.0,2,cholesky,5,ode_transport,1024,0.005,1000,1,rosenbrock_extreme,697,0.17849493026733398,-0.9632713198661804,0.46387916803359985,176,0.4330286979675293,0.0729377269744873,0.28639695048332214,0.3164975941181183
rosenbrock,1.0,2,cholesky,5,ode_transport,1024,0.005,1000,1,rosenbrock_extreme,698,0.14736008644104004,-0.9138508439064026,0.5029450058937073,164,0.4212624430656433,0.03860003873705864,0.30743247270584106,0.28540733456611633
rosenbrock,1.0,2,cholesky,5,ode_transport,1024,0.005,1000,1,rosenbrock_extreme,699,0.15811991691589355,-0.9728692770004272,0.49653199315071106,164,0.4977684020996094,0.36978092789649963,0.21778734028339386,0.25219863653182983
rosenbrock,1.0,2,cholesky,5,ode_transport,1024,0.005,1000,1,rosenbrock_extreme,700,0.17980289459228516,-0.9610996842384338,0.7041767239570618,182,0.45162397623062134,0.15884043276309967,0.24156472086906433,0.34695884585380554
rosenbrock,1.0,2,cholesky,5,ode_transport,1024,0.005,1000,1,rosenbrock_extreme,701,0.16320395469665527,-0.9439184665679932,0.8496590256690979,188,0.40181809663772583,0.12310922890901566,0.22862565517425537,0.3066467046737671
rosenbrock,1.0,2,cholesky,5,ode_transport,1024,0.005,1000,1,rosenbrock_extreme,702,0.17204976081848145,-0.9626633524894714,0.4635588526725769,182,0.3055962324142456,0.14336293935775757,0.19760674238204956,0.18381434679031372
rosenbrock,1.0,2,cholesky,5,ode_transport,1024,0.005,1000,1,rosenbrock_extreme,703,0.19758009910583496,-0.9716935157775879,0.8880833387374878,170,0.5388440489768982,0.31478920578956604,0.2757911682128906,0.3394111394882202
rosenbrock,1.0,2,cholesky,5,ode_transport,1024,0.005,1000,1,rosenbrock_extreme,704,0.15805292129516602,-0.9616456627845764,0.5389768481254578,170,0.5996807217597961,0.35460373759269714,0.40485554933547974,0.2645091712474823
rosenbrock,1.0,2,cholesky,5,ode_transport,1024,0.005,1000,1,rosenbrock_extreme,705,0.18818378448486328,-0.9693962335586548,0.8820704817771912,182,0.4627973437309265,0.13920871913433075,0.25374168157577515,0.3611336052417755
rosenbrock,1.0,2,cholesky,5,ode_transport,1024,0.005,1000,1,rosenbrock_extreme,706,0.19408488273620605,-0.9656487703323364,0.6109098196029663,188,0.6020417213439941,0.34028103947639465,0.3628685474395752,0.3391009271144867
rosenbrock,1.0,2,cholesky,5,ode_transport,1024,0.005,1000,1,rosenbrock_extreme,707,0.19769692420959473,-1.0092854499816895,1.3007025718688965,194,0.8643956780433655,0.4104621112346649,0.4362187087535858,0.6232287883758545
rosenbrock,1.0,2,cholesky,5,ode_transport,1024,0.005,1000,1,rosenbrock_extreme,708,0.16179871559143066,-0.958611249923706,0.5627787113189697,176,0.5546724796295166,0.2636306583881378,0.32577288150787354,0.3633626699447632
rosenbrock,1.0,2,cholesky,5,ode_transport,1024,0.005,1000,1,rosenbrock_extreme,709,0.15223193168640137,-0.9723320603370667,0.5405793190002441,182,0.37612366676330566,0.12203209102153778,0.1935943365097046,0.29849353432655334
rosenbrock,1.0,2,cholesky,5,ode_transport,1024,0.005,1000,1,rosenbrock_extreme,710,0.16507601737976074,-0.9671730399131775,0.5741514563560486,182,0.5993074774742126,0.24917851388454437,0.3509480655193329,0.41703107953071594
rosenbrock,1.0,2,cholesky,5,ode_transport,1024,0.005,1000,1,rosenbrock_extreme,711,0.1780381202697754,-0.9188287258148193,0.5851680636405945,170,1.7367089986801147,1.2664501667022705,1.0037685632705688,0.6361689567565918
rosenbrock,1.0,2,cholesky,5,ode_transport,1024,0.005,1000,1,rosenbrock_extreme,712,0.17365479469299316,-0.9424867033958435,0.5911911129951477,164,0.6714339256286621,0.5376201868057251,0.32172173261642456,0.24141927063465118
rosenbrock,1.0,2,cholesky,5,ode_transport,1024,0.005,1000,1,rosenbrock_extreme,713,0.18444180488586426,-0.9773837327957153,0.600452184677124,164,0.33623605966567993,0.14438185095787048,0.2005148082971573,0.22804033756256104
rosenbrock,1.0,2,cholesky,5,ode_transport,1024,0.005,1000,1,rosenbrock_extreme,714,0.1694650650024414,-0.9864150285720825,0.6345277428627014,176,0.460330069065094,0.10578010231256485,0.3424595296382904,0.2888525426387787
rosenbrock,1.0,2,cholesky,5,ode_transport,1024,0.005,1000,1,rosenbrock_extreme,715,0.16730189323425293,-0.9905564188957214,0.8122380375862122,182,2.3789734840393066,1.9633758068084717,1.0014269351959229,0.8954417109489441
rosenbrock,1.0,2,cholesky,5,ode_transport,1024,0.005,1000,1,rosenbrock_extreme,716,0.16930103302001953,-0.9409928321838379,0.8158738613128662,182,0.44460824131965637,0.06827712059020996,0.32647350430488586,0.2939893901348114
rosenbrock,1.0,2,cholesky,5,ode_transport,1024,0.005,1000,1,rosenbrock_extreme,717,0.18972086906433105,-0.952488899230957,0.5367858409881592,194,1.0055153369903564,0.7029954195022583,0.45503097772598267,0.5566014051437378
rosenbrock,1.0,2,cholesky,5,ode_transport,1024,0.005,1000,1,rosenbrock_extreme,718,0.16515398025512695,-0.9807100296020508,1.7368320226669312,164,0.5371477007865906,0.1478678286075592,0.22019387781620026,0.4670946002006531
rosenbrock,1.0,2,cholesky,5,ode_transport,1024,0.005,1000,1,rosenbrock_extreme,719,0.16167783737182617,-0.9429440498352051,0.6326584219932556,164,1.0183305740356445,0.7280325293540955,0.5826247334480286,0.40928488969802856
rosenbrock,1.0,2,cholesky,5,ode_transport,1024,0.005,1000,1,rosenbrock_extreme,720,0.1498119831085205,-0.9272524118423462,0.5046995282173157,170,0.4951188862323761,0.06508760899305344,0.4195265471935272,0.254762202501297
rosenbrock,1.0,2,cholesky,5,ode_transport,1024,0.005,1000,1,rosenbrock_extreme,721,0.18314695358276367,-0.9650107622146606,1.1091991662979126,182,0.9579715132713318,0.6645010709762573,0.5349975228309631,0.4358043372631073
rosenbrock,1.0,2,cholesky,5,ode_transport,1024,0.005,1000,1,rosenbrock_extreme,722,0.16455578804016113,-0.9802654981613159,0.7951976656913757,158,0.7764617204666138,0.07169497758150101,0.5738450884819031,0.5181258320808411
rosenbrock,1.0,2,cholesky,5,ode_transport,1024,0.005,1000,1,rosenbrock_extreme,723,0.1750781536102295,-0.9596450924873352,0.7600830793380737,176,0.3204405903816223,0.12155567109584808,0.18769288063049316,0.2295163869857788
rosenbrock,1.0,2,cholesky,5,ode_transport,1024,0.005,1000,1,rosenbrock_extreme,724,0.18966889381408691,-0.98524010181427,0.6060788035392761,194,0.48239168524742126,0.1425934135913849,0.2905696630477905,0.3576844036579132
rosenbrock,1.0,2,cholesky,5,ode_transport,1024,0.005,1000,1,rosenbrock_extreme,725,0.1613171100616455,-0.9930737614631653,0.6157649755477905,170,1.1574699878692627,0.7217385172843933,0.6881354451179504,0.5876221656799316
rosenbrock,1.0,2,cholesky,5,ode_transport,1024,0.005,1000,1,rosenbrock_extreme,726,0.16414380073547363,-0.9772084355354309,0.5242666006088257,176,0.4000130295753479,0.20637144148349762,0.23042508959770203,0.2536247968673706
rosenbrock,1.0,2,cholesky,5,ode_transport,1024,0.005,1000,1,rosenbrock_extreme,727,0.18429803848266602,-0.9453684091567993,0.5368354916572571,188,0.34443044662475586,0.18562264740467072,0.17051510512828827,0.2347363829612732
rosenbrock,1.0,2,cholesky,5,ode_transport,1024,0.005,1000,1,rosenbrock_extreme,728,0.15018916130065918,-0.9731852412223816,0.7597837448120117,164,0.3354490101337433,0.18427437543869019,0.16218386590480804,0.22861622273921967
rosenbrock,1.0,2,cholesky,5,ode_transport,1024,0.005,1000,1,rosenbrock_extreme,729,0.15958094596862793,-0.9330906867980957,0.46228259801864624,164,0.5777601003646851,0.30258315801620483,0.430813193321228,0.23801293969154358
rosenbrock,1.0,2,cholesky,5,ode_transport,1024,0.005,1000,1,rosenbrock_extreme,730,0.14615225791931152,-0.9755469560623169,0.6288695931434631,164,0.4042646884918213,0.04209406301379204,0.21483926475048065,0.33985596895217896
rosenbrock,1.0,2,cholesky,5,ode_transport,1024,0.005,1000,1,rosenbrock_extreme,731,0.18450474739074707,-0.9776624441146851,0.8771558403968811,170,0.35222914814949036,0.05765064060688019,0.23224639892578125,0.2584635019302368
rosenbrock,1.0,2,cholesky,5,ode_transport,1024,0.005,1000,1,rosenbrock_extreme,732,0.1485743522644043,-0.9633990526199341,0.6126510500907898,152,0.29615265130996704,0.05615084990859032,0.23314215242862701,0.17377634346485138
rosenbrock,1.0,2,cholesky,5,ode_transport,1024,0.005,1000,1,rosenbrock_extreme,733,0.16709303855895996,-0.9705802202224731,0.5949632525444031,170,0.44288715720176697,0.10160550475120544,0.29605183005332947,0.31333476305007935
rosenbrock,1.0,2,cholesky,5,ode_transport,1024,0.005,1000,1,rosenbrock_extreme,734,0.16949915885925293,-0.9428229331970215,0.5539150834083557,170,0.30708736181259155,0.09640970081090927,0.20440798997879028,0.20790669322013855
rosenbrock,1.0,2,cholesky,5,ode_transport,1024,0.005,1000,1,rosenbrock_extreme,735,0.14250397682189941,-0.9573459029197693,0.6893613934516907,152,0.5440294742584229,0.0367417074739933,0.49387127161026,0.2251873016357422
rosenbrock,1.0,2,cholesky,5,ode_transport,1024,0.005,1000,1,rosenbrock_extreme,736,0.16400623321533203,-0.9403207898139954,0.5268257856369019,170,0.386743426322937,0.1056896224617958,0.2785970866680145,0.2465437799692154
rosenbrock,1.0,2,cholesky,5,ode_transport,1024,0.005,1000,1,rosenbrock_extreme,737,0.17559289932250977,-0.9622024297714233,0.5682464838027954,164,0.34213465452194214,0.049902018159627914,0.13963402807712555,0.3083314001560211
rosenbrock,1.0,2,cholesky,5,ode_transport,1024,0.005,1000,1,rosenbrock_extreme,738,0.1581878662109375,-0.9493247270584106,0.7526625394821167,158,0.5586559772491455,0.37463998794555664,0.26679670810699463,0.31711333990097046
rosenbrock,1.0,2,cholesky,5,ode_transport,1024,0.005,1000,1,rosenbrock_extreme,739,0.19054198265075684,-0.9517849087715149,0.5946605205535889,188,2.022268533706665,1.696324348449707,0.9231999516487122,0.5997962355613708
rosenbrock,1.0,2,cholesky,5,ode_transport,1024,0.005,1000,1,rosenbrock_extreme,740,0.1712656021118164,-0.986350953578949,0.9402035474777222,182,0.3762591779232025,0.07859550416469574,0.32854896783828735,0.16567827761173248
rosenbrock,1.0,2,cholesky,5,ode_transport,1024,0.005,1000,1,rosenbrock_extreme,741,0.16888427734375,-0.9548651576042175,0.5550450086593628,164,0.3770698010921478,0.07639714330434799,0.3090437352657318,0.2020818591117859
rosenbrock,1.0,2,cholesky,5,ode_transport,1024,0.005,1000,1,rosenbrock_extreme,742,0.17391014099121094,-0.9428578615188599,0.5955317616462708,194,0.441287636756897,0.2534339129924774,0.2915249466896057,0.21335244178771973
rosenbrock,1.0,2,cholesky,5,ode_transport,1024,0.005,1000,1,rosenbrock_extreme,743,0.17527508735656738,-0.96918123960495,0.5643529295921326,182,0.5421911478042603,0.41189807653427124,0.2964590787887573,0.1908489167690277
rosenbrock,1.0,2,cholesky,5,ode_transport,1024,0.005,1000,1,rosenbrock_extreme,744,0.14471983909606934,-0.8998445868492126,0.531243622303009,152,0.38923242688179016,0.13406001031398773,0.25661301612854004,0.2601529657840729
rosenbrock,1.0,2,cholesky,5,ode_transport,1024,0.005,1000,1,rosenbrock_extreme,745,0.15056610107421875,-0.9646902084350586,0.8312541246414185,158,0.4373968839645386,0.2967221736907959,0.2156268060207367,0.23827938735485077
rosenbrock,1.0,2,cholesky,5,ode_transport,1024,0.005,1000,1,rosenbrock_extreme,746,0.14970684051513672,-0.9583791494369507,0.5143355131149292,170,0.9069480895996094,0.7019652724266052,0.46909260749816895,0.33128800988197327
rosenbrock,1.0,2,cholesky,5,ode_transport,1024,0.005,1000,1,rosenbrock_extreme,747,0.14861798286437988,-0.9709983468055725,0.6718557476997375,170,0.5969642400741577,0.22918739914894104,0.4784901440143585,0.2736542224884033
rosenbrock,1.0,2,cholesky,5,ode_transport,1024,0.005,1000,1,rosenbrock_extreme,748,0.1501460075378418,-0.9576735496520996,0.8357716202735901,170,0.5798856019973755,0.35251903533935547,0.3359815180301666,0.31482380628585815
rosenbrock,1.0,2,cholesky,5,ode_transport,1024,0.005,1000,1,rosenbrock_extreme,749,0.16991829872131348,-0.963735818862915,0.46915870904922485,176,0.2646976113319397,0.06471578031778336,0.22317737340927124,0.1267617642879486
rosenbrock,1.0,2,cholesky,5,ode_transport,1024,0.005,1000,1,rosenbrock_extreme,750,0.17513179779052734,-0.9487556219100952,0.5525160431861877,176,0.3586306571960449,0.09870844334363937,0.2881675660610199,0.1892935037612915
rosenbrock,1.0,2,cholesky,5,ode_transport,1024,0.005,1000,1,rosenbrock_extreme,751,0.1551351547241211,-0.9396947026252747,0.446108877658844,176,0.39994025230407715,0.055105049163103104,0.2801329791545868,0.28007352352142334
rosenbrock,1.0,2,cholesky,5,ode_transport,1024,0.005,1000,1,rosenbrock_extreme,752,0.1621849536895752,-0.9385085701942444,0.602786123752594,170,0.6754297614097595,0.34018874168395996,0.4722595810890198,0.34270671010017395
rosenbrock,1.0,2,cholesky,5,ode_transport,1024,0.005,1000,1,rosenbrock_extreme,753,0.1672379970550537,-0.9349520206451416,0.7031437158584595,170,0.6131191849708557,0.2707444131374359,0.2624681293964386,0.48344916105270386
rosenbrock,1.0,2,cholesky,5,ode_transport,1024,0.005,1000,1,rosenbrock_extreme,754,0.167496919631958,-0.9666978120803833,0.5914102792739868,170,0.2593839764595032,0.032833825796842575,0.1917703002691269,0.17154046893119812
rosenbrock,1.0,2,cholesky,5,ode_transport,1024,0.005,1000,1,rosenbrock_extreme,755,0.16730308532714844,-0.9897595643997192,0.6721356511116028,176,0.3887649476528168,0.10165775567293167,0.16512256860733032,0.33695465326309204
rosenbrock,1.0,2,cholesky,5,ode_transport,1024,0.005,1000,1,rosenbrock_extreme,756,0.18114399909973145,-0.9205897450447083,0.6756181120872498,188,0.5732493996620178,0.2633626163005829,0.25132593512535095,0.44282081723213196
rosenbrock,1.0,2,cholesky,5,ode_transport,1024,0.005,1000,1,rosenbrock_extreme,757,0.16196298599243164,-0.968877375125885,0.5658628940582275,176,0.9479944705963135,0.167905792593956,0.7457756400108337,0.5606423616409302
rosenbrock,1.0,2,cholesky,5,ode_transport,1024,0.005,1000,1,rosenbrock_extreme,758,0.18458175659179688,-0.951225996017456,0.7277336120605469,182,0.6155312657356262,0.272744357585907,0.40332719683647156,0.3765852153301239
rosenbrock,1.0,2,cholesky,5,ode_transport,1024,0.005,1000,1,rosenbrock_extreme,759,0.16761398315429688,-0.9763807654380798,0.5062848925590515,182,0.5975969433784485,0.31210604310035706,0.3449845016002655,0.37509679794311523
rosenbrock,1.0,2,cholesky,5,ode_transport,1024,0.005,1000,1,rosenbrock_extreme,760,0.1734938621520996,-0.9725028276443481,0.7909128665924072,170,0.48871558904647827,0.0946277379989624,0.3386857509613037,0.339382529258728
rosenbrock,1.0,2,cholesky,5,ode_transport,1024,0.005,1000,1,rosenbrock_extreme,761,0.156569242477417,-0.9478974342346191,0.5352343320846558,176,0.5285137295722961,0.19492746889591217,0.4365425407886505,0.22530120611190796
rosenbrock,1.0,2,cholesky,5,ode_transport,1024,0.005,1000,1,rosenbrock_extreme,762,0.16416597366333008,-0.9786781072616577,0.7669476270675659,188,1.5214402675628662,1.142069935798645,0.8396170735359192,0.552720308303833
rosenbrock,1.0,2,cholesky,5,ode_transport,1024,0.005,1000,1,rosenbrock_extreme,763,0.18144488334655762,-0.9628733992576599,0.6634511947631836,194,1.3416553735733032,1.0731678009033203,0.6210609078407288,0.512477695941925
rosenbrock,1.0,2,cholesky,5,ode_transport,1024,0.005,1000,1,rosenbrock_extreme,764,0.1822509765625,-0.945017397403717,0.6144646406173706,176,0.42638739943504333,0.17613188922405243,0.3235480487346649,0.21471014618873596
rosenbrock,1.0,2,cholesky,5,ode_transport,1024,0.005,1000,1,rosenbrock_extreme,765,0.16063189506530762,-0.9516528844833374,0.5421615242958069,170,0.5536776185035706,0.23169101774692535,0.4015215039253235,0.30275169014930725
rosenbrock,1.0,2,cholesky,5,ode_transport,1024,0.005,1000,1,rosenbrock_extreme,766,0.1629009246826172,-0.9603611826896667,0.6865660548210144,164,0.5070897936820984,0.11955925822257996,0.3292303681373596,0.3666783571243286
rosenbrock,1.0,2,cholesky,5,ode_transport,1024,0.005,1000,1,rosenbrock_extreme,767,0.18152093887329102,-0.9657317399978638,0.5022976398468018,176,0.6088975071907043,0.17222259938716888,0.49616739153862,0.3080803155899048
rosenbrock,1.0,2,cholesky,5,ode_transport,1024,0.005,1000,1,rosenbrock_extreme,768,0.17904400825500488,-0.9538478851318359,0.4811583459377289,188,0.3652152717113495,0.1093275174498558,0.28539782762527466,0.199944406747818
rosenbrock,1.0,2,cholesky,5,ode_transport,1024,0.005,1000,1,rosenbrock_extreme,769,0.16750001907348633,-0.9344865083694458,0.5617387294769287,188,0.39076197147369385,0.1295146495103836,0.19699658453464508,0.31162992119789124
rosenbrock,1.0,2,cholesky,5,ode_transport,1024,0.005,1000,1,rosenbrock_extreme,770,0.15420103073120117,-0.9529958963394165,0.49860450625419617,170,0.44804948568344116,0.15659382939338684,0.3491111397743225,0.23312686383724213
rosenbrock,1.0,2,cholesky,5,ode_transport,1024,0.005,1000,1,rosenbrock_extreme,771,0.15398812294006348,-0.9432231783866882,0.5363669395446777,158,0.6195006370544434,0.08138082921504974,0.54509037733078,0.28290411829948425
rosenbrock,1.0,2,cholesky,5,ode_transport,1024,0.005,1000,1,rosenbrock_extreme,772,0.1495828628540039,-0.9982473254203796,1.0035890340805054,164,0.851660430431366,0.4752027988433838,0.6000156998634338,0.3734820485115051
rosenbrock,1.0,2,cholesky,5,ode_transport,1024,0.005,1000,1,rosenbrock_extreme,773,0.17277288436889648,-0.9456919431686401,0.49065831303596497,188,0.32218289375305176,0.11393457651138306,0.11720733344554901,0.2776385545730591
rosenbrock,1.0,2,cholesky,5,ode_transport,1024,0.005,1000,1,rosenbrock_extreme,774,0.19467782974243164,-0.9611154794692993,0.5085633993148804,188,0.43911048769950867,0.2397613674402237,0.2581891715526581,0.2620513141155243
rosenbrock,1.0,2,cholesky,5,ode_transport,1024,0.005,1000,1,rosenbrock_extreme,775,0.19435405731201172,-0.9715203046798706,0.6282910704612732,188,0.4835357069969177,0.1591741442680359,0.34792494773864746,0.29566630721092224
rosenbrock,1.0,2,cholesky,5,ode_transport,1024,0.005,1000,1,rosenbrock_extreme,776,0.17378616333007812,-0.9477250576019287,0.6626723408699036,164,0.5059478878974915,0.1014910414814949,0.43601101636886597,0.23574821650981903
rosenbrock,1.0,2,cholesky,5,ode_transport,1024,0.005,1000,1,rosenbrock_extreme,777,0.17593812942504883,-0.9644636511802673,0.5753850936889648,164,0.8115093111991882,0.5598918795585632,0.44702014327049255,0.3811057209968567
rosenbrock,1.0,2,cholesky,5,ode_transport,1024,0.005,1000,1,rosenbrock_extreme,778,0.15980291366577148,-0.9301619529724121,0.5232227444648743,158,2.285545587539673,1.7421923875808716,1.1211730241775513,0.9651190042495728
rosenbrock,1.0,2,cholesky,5,ode_transport,1024,0.005,1000,1,rosenbrock_extreme,779,0.1519012451171875,-0.9491631388664246,0.49250081181526184,176,0.30714157223701477,0.10495506227016449,0.21806925535202026,0.18911947309970856
rosenbrock,1.0,2,cholesky,5,ode_transport,1024,0.005,1000,1,rosenbrock_extreme,780,0.15308594703674316,-0.9714587926864624,0.7866038084030151,176,0.44254639744758606,0.10822883248329163,0.32708704471588135,0.2777550220489502
rosenbrock,1.0,2,cholesky,5,ode_transport,1024,0.005,1000,1,rosenbrock_extreme,781,0.16069579124450684,-0.915785551071167,0.5724068880081177,176,1.5916697978973389,1.3657203912734985,0.6410203576087952,0.5072607398033142
rosenbrock,1.0,2,cholesky,5,ode_transport,1024,0.005,1000,1,rosenbrock_extreme,782,0.15634584426879883,-0.948958158493042,0.473906934261322,170,0.7389672994613647,0.25733959674835205,0.5471749305725098,0.4247923791408539
rosenbrock,1.0,2,cholesky,5,ode_transport,1024,0.005,1000,1,rosenbrock_extreme,783,0.15274715423583984,-0.9757129549980164,0.9585658311843872,170,0.49117276072502136,0.14236821234226227,0.2211574763059616,0.414814829826355
rosenbrock,1.0,2,cholesky,5,ode_transport,1024,0.005,1000,1,rosenbrock_extreme,784,0.15068411827087402,-0.9363917112350464,0.5271832346916199,164,0.3068115711212158,0.13786375522613525,0.11403988301753998,0.24924249947071075
rosenbrock,1.0,2,cholesky,5,ode_transport,1024,0.005,1000,1,rosenbrock_extreme,785,0.16957521438598633,-0.9712371826171875,0.5296528339385986,176,0.5801244378089905,0.11963339149951935,0.46768835186958313,0.3217138946056366
rosenbrock,1.0,2,cholesky,5,ode_transport,1024,0.005,1000,1,rosenbrock_extreme,786,0.16072988510131836,-0.9334958791732788,0.5825272798538208,188,0.49211156368255615,0.09167765825986862,0.3658188581466675,0.31614166498184204
rosenbrock,1.0,2,cholesky,5,ode_transport,1024,0.005,1000,1,rosenbrock_extreme,787,0.14545679092407227,-0.9506267309188843,0.5474343299865723,164,0.5491235852241516,0.3080914318561554,0.30558547377586365,0.33650243282318115
rosenbrock,1.0,2,cholesky,5,ode_transport,1024,0.005,1000,1,rosenbrock_extreme,788,0.16351103782653809,-0.9570915699005127,0.5592455863952637,194,0.5339033007621765,0.31233492493629456,0.2828870117664337,0.32783302664756775
rosenbrock,1.0,2,cholesky,5,ode_transport,1024,0.005,1000,1,rosenbrock_extreme,789,0.1639406681060791,-0.9962499141693115,1.062666416168213,188,2.2965247631073,1.8593498468399048,1.004560947418213,0.8987220525741577
rosenbrock,1.0,2,cholesky,5,ode_transport,1024,0.005,1000,1,rosenbrock_extreme,790,0.14119911193847656,-0.9572330117225647,0.6808397769927979,158,0.3708326518535614,0.23347902297973633,0.2208651900291443,0.18499454855918884
rosenbrock,1.0,2,cholesky,5,ode_transport,1024,0.005,1000,1,rosenbrock_extreme,791,0.1495668888092041,-0.9441336393356323,0.5260873436927795,164,0.38514289259910583,0.029442058876156807,0.2964736521244049,0.24407285451889038
rosenbrock,1.0,2,cholesky,5,ode_transport,1024,0.005,1000,1,rosenbrock_extreme,792,0.15020513534545898,-0.9619365334510803,0.6099104881286621,170,1.3151856660842896,1.0987988710403442,0.6048414707183838,0.3956274092197418
rosenbrock,1.0,2,cholesky,5,ode_transport,1024,0.005,1000,1,rosenbrock_extreme,793,0.1597728729248047,-0.9542957544326782,0.8410584926605225,182,0.38190987706184387,0.22914253175258636,0.23008766770362854,0.20101867616176605
rosenbrock,1.0,2,cholesky,5,ode_transport,1024,0.005,1000,1,rosenbrock_extreme,794,0.15500378608703613,-0.9313929080963135,0.7086359858512878,176,3.211494207382202,2.5717580318450928,1.6796691417694092,0.937265157699585
rosenbrock,1.0,2,cholesky,5,ode_transport,1024,0.005,1000,1,rosenbrock_extreme,795,0.15723180770874023,-0.9496434926986694,0.6629539132118225,182,0.3848685920238495,0.24743597209453583,0.20878908038139343,0.20810191333293915
rosenbrock,1.0,2,cholesky,5,ode_transport,1024,0.005,1000,1,rosenbrock_extreme,796,0.14238739013671875,-0.9475363492965698,0.47403720021247864,164,0.422420471906662,0.3080417215824127,0.22168247401714325,0.18548917770385742
rosenbrock,1.0,2,cholesky,5,ode_transport,1024,0.005,1000,1,rosenbrock_extreme,797,0.14896678924560547,-0.9722861647605896,0.6049972772598267,170,0.4418069124221802,0.15676043927669525,0.19760319590568542,0.36272919178009033
rosenbrock,1.0,2,cholesky,5,ode_transport,1024,0.005,1000,1,rosenbrock_extreme,798,0.17507505416870117,-0.9692161679267883,0.6592918634414673,200,0.7450084090232849,0.13899989426136017,0.6745209097862244,0.2841445803642273
rosenbrock,1.0,2,cholesky,5,ode_transport,1024,0.005,1000,1,rosenbrock_extreme,799,0.1611461639404297,-0.9627305865287781,0.6662628650665283,170,0.5221113562583923,0.23839479684829712,0.2686365842819214,0.37894928455352783
rosenbrock,1.0,2,cholesky,5,ode_transport,1024,0.005,1000,1,rosenbrock_extreme,800,0.17358994483947754,-0.9417466521263123,0.6090971827507019,182,3.2057013511657715,2.553508996963501,1.660501480102539,0.9994236826896667
rosenbrock,1.0,2,cholesky,5,ode_transport,1024,0.005,1000,1,rosenbrock_extreme,801,0.2052149772644043,-0.9326215386390686,0.6147943139076233,218,3.553230047225952,2.720167875289917,1.7606085538864136,1.4582135677337646
rosenbrock,1.0,2,cholesky,5,ode_transport,1024,0.005,1000,1,rosenbrock_extreme,802,0.194976806640625,-0.9293481111526489,0.5405681133270264,194,0.960726797580719,0.6267863512039185,0.4040125012397766,0.6057299375534058
rosenbrock,1.0,2,cholesky,5,ode_transport,1024,0.005,1000,1,rosenbrock_extreme,803,0.20875906944274902,-0.9441189765930176,0.6942399144172668,212,6.1844000816345215,3.7025980949401855,2.5521535873413086,4.24547815322876
rosenbrock,1.0,2,cholesky,5,ode_transport,1024,0.005,1000,1,rosenbrock_extreme,804,0.17534375190734863,-0.9625120162963867,0.6808221936225891,164,0.5588993430137634,0.08267385512590408,0.3754454553127289,0.4056774973869324
rosenbrock,1.0,2,cholesky,5,ode_transport,1024,0.005,1000,1,rosenbrock_extreme,805,0.17590975761413574,-0.9831865429878235,0.5810109972953796,164,0.8130401968955994,0.25655633211135864,0.5745055675506592,0.5149335861206055
rosenbrock,1.0,2,cholesky,5,ode_transport,1024,0.005,1000,1,rosenbrock_extreme,806,0.1496288776397705,-0.9794037938117981,0.7339439988136292,164,1.0480153560638428,0.14778073132038116,0.7860166430473328,0.6772552132606506
rosenbrock,1.0,2,cholesky,5,ode_transport,1024,0.005,1000,1,rosenbrock_extreme,807,0.17967700958251953,-0.9070603847503662,0.5022088289260864,176,0.7668098211288452,0.27916043996810913,0.5766395330429077,0.42137107253074646
rosenbrock,1.0,2,cholesky,5,ode_transport,1024,0.005,1000,1,rosenbrock_extreme,808,0.18670201301574707,-0.9515571594238281,0.8351247906684875,194,0.5842065811157227,0.0985400378704071,0.2611255645751953,0.5132256150245667
rosenbrock,1.0,2,cholesky,5,ode_transport,1024,0.005,1000,1,rosenbrock_extreme,809,0.1632850170135498,-0.9529714584350586,0.6627432703971863,170,0.7041838765144348,0.16975069046020508,0.601291298866272,0.3248206377029419
rosenbrock,1.0,2,cholesky,5,ode_transport,1024,0.005,1000,1,rosenbrock_extreme,810,0.153778076171875,-0.9584413170814514,1.016720175743103,182,0.6073372960090637,0.14525777101516724,0.35989123582839966,0.4671584963798523
rosenbrock,1.0,2,cholesky,5,ode_transport,1024,0.005,1000,1,rosenbrock_extreme,811,0.17112970352172852,-0.9537632465362549,1.1418308019638062,182,1.739837408065796,1.3159149885177612,0.6911694407463074,0.9042600393295288
rosenbrock,1.0,2,cholesky,5,ode_transport,1024,0.005,1000,1,rosenbrock_extreme,812,0.14569902420043945,-0.9812483191490173,0.6445901989936829,152,0.5256710052490234,0.1261005997657776,0.33146971464157104,0.38801610469818115
rosenbrock,1.0,2,cholesky,5,ode_transport,1024,0.005,1000,1,rosenbrock_extreme,813,0.17385172843933105,-0.9492307901382446,0.5322263240814209,188,0.6276770234107971,0.12343019247055054,0.4595467746257782,0.4093412160873413
rosenbrock,1.0,2,cholesky,5,ode_transport,1024,0.005,1000,1,rosenbrock_extreme,814,0.19949793815612793,-0.9763588309288025,0.7103185057640076,194,1.1131056547164917,0.8655730485916138,0.5046876072883606,0.48484835028648376
rosenbrock,1.0,2,cholesky,5,ode_transport,1024,0.005,1000,1,rosenbrock_extreme,815,0.1504042148590088,-0.9728161096572876,0.5834893584251404,164,0.5616231560707092,0.14826172590255737,0.3860563337802887,0.37999939918518066
rosenbrock,1.0,2,cholesky,5,ode_transport,1024,0.005,1000,1,rosenbrock_extreme,816,0.17594599723815918,-0.9548577070236206,0.5610781311988831,188,0.9748073816299438,0.5705670118331909,0.6474717259407043,0.4533023238182068
rosenbrock,1.0,2,cholesky,5,ode_transport,1024,0.005,1000,1,rosenbrock_extreme,817,0.16227507591247559,-0.9976388812065125,0.6791570782661438,170,0.46624788641929626,0.09896080195903778,0.387557715177536,0.23956811428070068
rosenbrock,1.0,2,cholesky,5,ode_transport,1024,0.005,1000,1,rosenbrock_extreme,818,0.18489718437194824,-0.9587574005126953,0.5799813866615295,200,0.6408186554908752,0.4012191891670227,0.3227315843105316,0.3814656734466553
rosenbrock,1.0,2,cholesky,5,ode_transport,1024,0.005,1000,1,rosenbrock_extreme,819,0.15782785415649414,-0.9383578300476074,0.5836378931999207,164,0.7217209339141846,0.01823250576853752,0.5492396354675293,0.4678509831428528
rosenbrock,1.0,2,cholesky,5,ode_transport,1024,0.005,1000,1,rosenbrock_extreme,820,0.15507817268371582,-0.9650505781173706,0.7671545743942261,182,0.6059920191764832,0.09323190152645111,0.4507095515727997,0.39420175552368164
rosenbrock,1.0,2,cholesky,5,ode_transport,1024,0.005,1000,1,rosenbrock_extreme,821,0.15260004997253418,-0.9782195687294006,1.0521470308303833,176,0.5227426290512085,0.01873861998319626,0.36176738142967224,0.37687280774116516
rosenbrock,1.0,2,cholesky,5,ode_transport,1024,0.005,1000,1,rosenbrock_extreme,822,0.1594700813293457,-1.0021271705627441,0.6890165209770203,182,1.3128936290740967,0.9489114284515381,0.5383439064025879,0.7303716540336609
rosenbrock,1.0,2,cholesky,5,ode_transport,1024,0.005,1000,1,rosenbrock_extreme,823,0.1693592071533203,-0.9586599469184875,0.6751804351806641,188,1.3452904224395752,0.9043660759925842,0.7978949546813965,0.5960639715194702
rosenbrock,1.0,2,cholesky,5,ode_transport,1024,0.005,1000,1,rosenbrock_extreme,824,0.1953601837158203,-0.9761577844619751,0.8041274547576904,188,0.5981721878051758,0.30422040820121765,0.2980419993400574,0.4200367033481598
rosenbrock,1.0,2,cholesky,5,ode_transport,1024,0.005,1000,1,rosenbrock_extreme,825,0.20003414154052734,-0.9600798487663269,0.7293757200241089,182,2.1253108978271484,1.6700854301452637,1.0266441106796265,0.8208306431770325
rosenbrock,1.0,2,cholesky,5,ode_transport,1024,0.005,1000,1,rosenbrock_extreme,826,0.17382383346557617,-0.9127005934715271,0.5244482159614563,182,0.5429995656013489,0.4293350279331207,0.2218160629272461,0.24762387573719025
rosenbrock,1.0,2,cholesky,5,ode_transport,1024,0.005,1000,1,rosenbrock_extreme,827,0.17734098434448242,-0.9555908441543579,0.5645537376403809,182,0.5544857382774353,0.07135877758264542,0.4630407989025116,0.29657307267189026
rosenbrock,1.0,2,cholesky,5,ode_transport,1024,0.005,1000,1,rosenbrock_extreme,828,0.17736124992370605,-0.9633241891860962,0.6252766251564026,188,0.4918658137321472,0.04966175928711891,0.28326332569122314,0.3990332782268524
rosenbrock,1.0,2,cholesky,5,ode_transport,1024,0.005,1000,1,rosenbrock_extreme,829,0.1639108657836914,-0.9511574506759644,0.6715280413627625,164,0.5945208668708801,0.10830001533031464,0.4577779769897461,0.3635457158088684
rosenbrock,1.0,2,cholesky,5,ode_transport,1024,0.005,1000,1,rosenbrock_extreme,830,0.16120195388793945,-0.9814009666442871,0.9045754671096802,182,0.6320196390151978,0.1209380254149437,0.3842197060585022,0.4870297908782959
rosenbrock,1.0,2,cholesky,5,ode_transport,1024,0.005,1000,1,rosenbrock_extreme,831,0.1577463150024414,-0.9267182946205139,0.5754095315933228,176,0.6967191696166992,0.27389833331108093,0.559567391872406,0.31189998984336853
rosenbrock,1.0,2,cholesky,5,ode_transport,1024,0.005,1000,1,rosenbrock_extreme,832,0.18732190132141113,-0.9448398351669312,0.632369875907898,194,0.6424406170845032,0.30101028084754944,0.4217281937599182,0.37982648611068726
rosenbrock,1.0,2,cholesky,5,ode_transport,1024,0.005,1000,1,rosenbrock_extreme,833,0.17924976348876953,-0.978961169719696,0.7988744378089905,170,0.6320883631706238,0.1275680661201477,0.5150310397148132,0.34351876378059387
rosenbrock,1.0,2,cholesky,5,ode_transport,1024,0.005,1000,1,rosenbrock_extreme,834,0.1964128017425537,-0.9522961974143982,0.6558154225349426,200,0.47490426898002625,0.3177404999732971,0.2566053867340088,0.2423400580883026
rosenbrock,1.0,2,cholesky,5,ode_transport,1024,0.005,1000,1,rosenbrock_extreme,835,0.18743133544921875,-0.965598464012146,0.5669494271278381,182,0.9639334678649902,0.602837860584259,0.6155673861503601,0.4322395622730255
rosenbrock,1.0,2,cholesky,5,ode_transport,1024,0.005,1000,1,rosenbrock_extreme,836,0.163499116897583,-0.9623161554336548,0.5595652461051941,176,0.2532542943954468,0.13501669466495514,0.1486853063106537,0.15427544713020325
rosenbrock,1.0,2,cholesky,5,ode_transport,1024,0.005,1000,1,rosenbrock_extreme,837,0.16799521446228027,-0.9518948793411255,0.6313468813896179,188,0.7213429808616638,0.4412558376789093,0.3981415629386902,0.40879371762275696
rosenbrock,1.0,2,cholesky,5,ode_transport,1024,0.005,1000,1,rosenbrock_extreme,838,0.16840600967407227,-0.949739933013916,0.5751649141311646,164,0.5157930850982666,0.16688327491283417,0.2555675804615021,0.41578567028045654
rosenbrock,1.0,2,cholesky,5,ode_transport,1024,0.005,1000,1,rosenbrock_extreme,839,0.16356492042541504,-0.9550994634628296,0.4958760142326355,164,0.32535669207572937,0.09594012796878815,0.20245864987373352,0.23593002557754517
rosenbrock,1.0,2,cholesky,5,ode_transport,1024,0.005,1000,1,rosenbrock_extreme,840,0.1721498966217041,-0.9570342898368835,0.6095563769340515,194,0.9543289542198181,0.5275107622146606,0.6152564883232117,0.5039201974868774
rosenbrock,1.0,2,cholesky,5,ode_transport,1024,0.005,1000,1,rosenbrock_extreme,841,0.1572551727294922,-0.9521510004997253,0.5380369424819946,164,0.4715397357940674,0.06113184988498688,0.36979496479034424,0.2861194312572479
rosenbrock,1.0,2,cholesky,5,ode_transport,1024,0.005,1000,1,rosenbrock_extreme,842,0.16242623329162598,-0.9531980752944946,0.6872298121452332,182,0.3282618820667267,0.056175436824560165,0.24830907583236694,0.2072264403104782
rosenbrock,1.0,2,cholesky,5,ode_transport,1024,0.005,1000,1,rosenbrock_extreme,843,0.17065906524658203,-0.9435051679611206,0.4965857267379761,176,4.121443748474121,3.3707454204559326,1.8751059770584106,1.4520161151885986
rosenbrock,1.0,2,cholesky,5,ode_transport,1024,0.005,1000,1,rosenbrock_extreme,844,0.1637401580810547,-0.9391309022903442,0.5464945435523987,176,4.112394332885742,3.4336917400360107,1.95762038230896,1.1354610919952393
rosenbrock,1.0,2,cholesky,5,ode_transport,1024,0.005,1000,1,rosenbrock_extreme,845,0.1607990264892578,-0.9381471276283264,0.6929031014442444,164,0.42153874039649963,0.21727316081523895,0.2885226011276245,0.2173522263765335
rosenbrock,1.0,2,cholesky,5,ode_transport,1024,0.005,1000,1,rosenbrock_extreme,846,0.1538088321685791,-0.971686840057373,0.5152240991592407,164,0.6236757040023804,0.33671897649765015,0.3604896068572998,0.3816266357898712
rosenbrock,1.0,2,cholesky,5,ode_transport,1024,0.005,1000,1,rosenbrock_extreme,847,0.1890552043914795,-0.9495900869369507,0.5991632342338562,188,0.5289133787155151,0.18000321090221405,0.35639140009880066,0.34689104557037354
rosenbrock,1.0,2,cholesky,5,ode_transport,1024,0.005,1000,1,rosenbrock_extreme,848,0.17191505432128906,-0.9430244565010071,0.4911627769470215,182,0.4952051043510437,0.09100323170423508,0.28059178590774536,0.3977622091770172
rosenbrock,1.0,2,cholesky,5,ode_transport,1024,0.005,1000,1,rosenbrock_extreme,849,0.16920089721679688,-0.9775189161300659,0.5909590721130371,176,0.3270646333694458,0.09064430743455887,0.2177300751209259,0.22660206258296967
rosenbrock,1.0,2,cholesky,5,ode_transport,1024,0.005,1000,1,rosenbrock_extreme,850,0.14551925659179688,-0.9770432710647583,0.6031827926635742,164,0.4523301422595978,0.05157536268234253,0.39153996109962463,0.2205425500869751
rosenbrock,1.0,2,cholesky,5,ode_transport,1024,0.005,1000,1,rosenbrock_extreme,851,0.1924140453338623,-0.9546650648117065,0.7858150601387024,176,0.455191969871521,0.08617451786994934,0.15937210619449615,0.41758137941360474
rosenbrock,1.0,2,cholesky,5,ode_transport,1024,0.005,1000,1,rosenbrock_extreme,852,0.18030714988708496,-0.9665577411651611,0.5758124589920044,188,0.3874877393245697,0.05358061194419861,0.19918477535247803,0.32802632451057434
rosenbrock,1.0,2,cholesky,5,ode_transport,1024,0.005,1000,1,rosenbrock_extreme,853,0.16469407081604004,-0.9522281289100647,0.5473551154136658,164,0.39562442898750305,0.20755170285701752,0.23425760865211487,0.2420007586479187
rosenbrock,1.0,2,cholesky,5,ode_transport,1024,0.005,1000,1,rosenbrock_extreme,854,0.162017822265625,-0.9724557995796204,0.5466482043266296,164,0.4955841302871704,0.24112871289253235,0.35700154304504395,0.24497032165527344
rosenbrock,1.0,2,cholesky,5,ode_transport,1024,0.005,1000,1,rosenbrock_extreme,855,0.1671450138092041,-0.9295138120651245,0.6883261799812317,188,0.38246482610702515,0.17333148419857025,0.16406415402889252,0.2988620400428772
rosenbrock,1.0,2,cholesky,5,ode_transport,1024,0.005,1000,1,rosenbrock_extreme,856,0.17821693420410156,-0.9452594518661499,0.8077200055122375,170,1.8211297988891602,1.4542824029922485,0.7518999576568604,0.7976357936859131
rosenbrock,1.0,2,cholesky,5,ode_transport,1024,0.005,1000,1,rosenbrock_extreme,857,0.17514610290527344,-0.9552802443504333,0.5505121946334839,182,0.6084901690483093,0.07485198229551315,0.5452619194984436,0.259512722492218
rosenbrock,1.0,2,cholesky,5,ode_transport,1024,0.005,1000,1,rosenbrock_extreme,858,0.16789913177490234,-0.9391270875930786,0.5104706287384033,182,0.46651381254196167,0.15235283970832825,0.3407680094242096,0.27982303500175476
rosenbrock,1.0,2,cholesky,5,ode_transport,1024,0.005,1000,1,rosenbrock_extreme,859,0.16853904724121094,-0.9482271671295166,0.4981480836868286,188,2.9293031692504883,2.2773752212524414,1.3641287088394165,1.238358497619629
rosenbrock,1.0,2,cholesky,5,ode_transport,1024,0.005,1000,1,rosenbrock_extreme,860,0.17235708236694336,-0.9445247650146484,0.7149379253387451,176,0.6133669018745422,0.397884726524353,0.2811867892742157,0.3726133406162262
rosenbrock,1.0,2,cholesky,5,ode_transport,1024,0.005,1000,1,rosenbrock_extreme,861,0.17378997802734375,-0.9488709568977356,0.48730331659317017,188,0.6644928455352783,0.10048796981573105,0.34782445430755615,0.5571992993354797
rosenbrock,1.0,2,cholesky,5,ode_transport,1024,0.005,1000,1,rosenbrock_extreme,862,0.17375516891479492,-0.9128644466400146,0.5540772080421448,176,0.4638209640979767,0.2770147919654846,0.23528116941452026,0.28815874457359314
rosenbrock,1.0,2,cholesky,5,ode_transport,1024,0.005,1000,1,rosenbrock_extreme,863,0.17734384536743164,-0.9391736388206482,0.5912540555000305,206,0.6938231587409973,0.15786157548427582,0.4599516689777374,0.49488863348960876
rosenbrock,1.0,2,cholesky,5,ode_transport,1024,0.005,1000,1,rosenbrock_extreme,864,0.1544208526611328,-0.9578515887260437,0.5035547614097595,170,0.2876332700252533,0.05948266386985779,0.15211887657642365,0.23675842583179474
rosenbrock,1.0,2,cholesky,5,ode_transport,1024,0.005,1000,1,rosenbrock_extreme,865,0.15671968460083008,-0.9334917664527893,0.6255061030387878,158,0.38236579298973083,0.03941325098276138,0.3099594712257385,0.22039809823036194
rosenbrock,1.0,2,cholesky,5,ode_transport,1024,0.005,1000,1,rosenbrock_extreme,866,0.182725191116333,-0.9595721960067749,0.5851631164550781,188,0.4566316306591034,0.16153313219547272,0.315799355506897,0.2875592112541199
rosenbrock,1.0,2,cholesky,5,ode_transport,1024,0.005,1000,1,rosenbrock_extreme,867,0.16304302215576172,-0.9182108640670776,0.5342465043067932,176,0.5634210705757141,0.1989268809556961,0.39111658930778503,0.3534107804298401
rosenbrock,1.0,2,cholesky,5,ode_transport,1024,0.005,1000,1,rosenbrock_extreme,868,0.19887089729309082,-0.9965707063674927,0.7849916219711304,206,0.5990155935287476,0.2281407117843628,0.2728877663612366,0.48197898268699646
rosenbrock,1.0,2,cholesky,5,ode_transport,1024,0.005,1000,1,rosenbrock_extreme,869,0.17905807495117188,-0.9527144432067871,0.5821254849433899,182,0.3618357181549072,0.07790495455265045,0.26113030314445496,0.23804806172847748
rosenbrock,1.0,2,cholesky,5,ode_transport,1024,0.005,1000,1,rosenbrock_extreme,870,0.18886899948120117,-0.9355664253234863,0.7662521600723267,200,0.755769670009613,0.6163485646247864,0.3536655306816101,0.25733837485313416
rosenbrock,1.0,2,cholesky,5,ode_transport,1024,0.005,1000,1,rosenbrock_extreme,871,0.17083311080932617,-0.9500511884689331,0.5581969022750854,176,0.836819052696228,0.528980016708374,0.5599685907363892,0.32692721486091614
rosenbrock,1.0,2,cholesky,5,ode_transport,1024,0.005,1000,1,rosenbrock_extreme,872,0.16778898239135742,-0.9391782283782959,0.6434910297393799,176,0.5505424737930298,0.2415432333946228,0.40767017006874084,0.28028371930122375
rosenbrock,1.0,2,cholesky,5,ode_transport,1024,0.005,1000,1,rosenbrock_extreme,873,0.18344497680664062,-0.9395259618759155,0.6307931542396545,200,8.360821723937988,6.496941566467285,3.7117984294891357,3.730367422103882
rosenbrock,1.0,2,cholesky,5,ode_transport,1024,0.005,1000,1,rosenbrock_extreme,874,0.1711442470550537,-0.9368903040885925,0.6032010912895203,188,0.623769223690033,0.17162947356700897,0.5473854541778564,0.24494999647140503
rosenbrock,1.0,2,cholesky,5,ode_transport,1024,0.005,1000,1,rosenbrock_extreme,875,0.16884708404541016,-0.9303975701332092,0.5936809182167053,170,0.48922985792160034,0.16173778474330902,0.36970698833465576,0.2765926122665405
rosenbrock,1.0,2,cholesky,5,ode_transport,1024,0.005,1000,1,rosenbrock_extreme,876,0.16851806640625,-0.9455452561378479,1.0470789670944214,182,0.34714242815971375,0.060092680156230927,0.26091161370277405,0.2209566831588745
rosenbrock,1.0,2,cholesky,5,ode_transport,1024,0.005,1000,1,rosenbrock_extreme,877,0.17789793014526367,-0.954938530921936,0.6469700932502747,194,0.5024896264076233,0.1355563849210739,0.4071270227432251,0.26147252321243286
rosenbrock,1.0,2,cholesky,5,ode_transport,1024,0.005,1000,1,rosenbrock_extreme,878,0.16531705856323242,-0.9504376649856567,0.5575898289680481,164,0.5710012316703796,0.15063327550888062,0.39975157380104065,0.3788808584213257
rosenbrock,1.0,2,cholesky,5,ode_transport,1024,0.005,1000,1,rosenbrock_extreme,879,0.17207789421081543,-0.9651554822921753,0.5656984448432922,170,0.542698860168457,0.21063314378261566,0.3873961567878723,0.3163541555404663
rosenbrock,1.0,2,cholesky,5,ode_transport,1024,0.005,1000,1,rosenbrock_extreme,880,0.20712924003601074,-0.9371607899665833,0.5721004009246826,200,0.9097997546195984,0.6437939405441284,0.3729136884212494,0.5236414670944214
rosenbrock,1.0,2,cholesky,5,ode_transport,1024,0.005,1000,1,rosenbrock_extreme,881,0.1647040843963623,-0.9845127463340759,0.5391491651535034,170,0.428235799074173,0.26503586769104004,0.2681846022605896,0.20302440226078033
rosenbrock,1.0,2,cholesky,5,ode_transport,1024,0.005,1000,1,rosenbrock_extreme,882,0.16021299362182617,-0.9610746502876282,0.6431815028190613,164,1.2684547901153564,0.708679735660553,0.6925373077392578,0.791923463344574
rosenbrock,1.0,2,cholesky,5,ode_transport,1024,0.005,1000,1,rosenbrock_extreme,883,0.1627800464630127,-0.9255493879318237,0.5290002226829529,170,0.8782868385314941,0.4497690498828888,0.578779399394989,0.4838491380214691
rosenbrock,1.0,2,cholesky,5,ode_transport,1024,0.005,1000,1,rosenbrock_extreme,884,0.16052579879760742,-0.9374383091926575,0.7141619324684143,170,0.6987870931625366,0.13160885870456696,0.362495481967926,0.5827345252037048
rosenbrock,1.0,2,cholesky,5,ode_transport,1024,0.005,1000,1,rosenbrock_extreme,885,0.15598297119140625,-0.9658110737800598,0.6809920072555542,176,1.043073296546936,0.8225620985031128,0.4770185053348541,0.4287734627723694
rosenbrock,1.0,2,cholesky,5,ode_transport,1024,0.005,1000,1,rosenbrock_extreme,886,0.16572117805480957,-0.9672386646270752,0.7255454063415527,188,0.7986134886741638,0.6606841683387756,0.3267986476421356,0.30737996101379395
rosenbrock,1.0,2,cholesky,5,ode_transport,1024,0.005,1000,1,rosenbrock_extreme,887,0.17604780197143555,-0.9564008116722107,0.5654111504554749,182,0.3855920732021332,0.13228589296340942,0.2872336506843567,0.22063209116458893
rosenbrock,1.0,2,cholesky,5,ode_transport,1024,0.005,1000,1,rosenbrock_extreme,888,0.1587998867034912,-0.926093578338623,0.5687342286109924,170,0.40998774766921997,0.12860800325870514,0.3361210227012634,0.1963990181684494
rosenbrock,1.0,2,cholesky,5,ode_transport,1024,0.005,1000,1,rosenbrock_extreme,889,0.1433887481689453,-0.9747063517570496,0.6379097700119019,164,0.4452124536037445,0.08569062501192093,0.33470094203948975,0.28079620003700256
rosenbrock,1.0,2,cholesky,5,ode_transport,1024,0.005,1000,1,rosenbrock_extreme,890,0.14323925971984863,-0.9798485040664673,0.5592575073242188,164,0.3705950081348419,0.07581249624490738,0.2610442638397217,0.2518908977508545
rosenbrock,1.0,2,cholesky,5,ode_transport,1024,0.005,1000,1,rosenbrock_extreme,891,0.17343902587890625,-0.9357472658157349,0.4567124843597412,194,0.8582754135131836,0.5756354331970215,0.43169718980789185,0.4678869843482971
rosenbrock,1.0,2,cholesky,5,ode_transport,1024,0.005,1000,1,rosenbrock_extreme,892,0.15705084800720215,-0.916714072227478,0.5770193934440613,170,0.6654935479164124,0.42908376455307007,0.29719582200050354,0.4128479063510895
rosenbrock,1.0,2,cholesky,5,ode_transport,1024,0.005,1000,1,rosenbrock_extreme,893,0.1752488613128662,-0.9650691151618958,0.5867468118667603,176,0.28488239645957947,0.092482790350914,0.2164720594882965,0.1604517549276352
rosenbrock,1.0,2,cholesky,5,ode_transport,1024,0.005,1000,1,rosenbrock_extreme,894,0.16826224327087402,-0.9317378401756287,0.6107017993927002,182,0.7439385056495667,0.4430217146873474,0.42208826541900635,0.42310479283332825
rosenbrock,1.0,2,cholesky,5,ode_transport,1024,0.005,1000,1,rosenbrock_extreme,895,0.16913104057312012,-0.9352759122848511,0.6477952003479004,170,0.5049912333488464,0.2874203622341156,0.29497864842414856,0.2922212779521942
rosenbrock,1.0,2,cholesky,5,ode_transport,1024,0.005,1000,1,rosenbrock_extreme,896,0.1813831329345703,-0.9341986775398254,0.5232976078987122,182,0.4651945233345032,0.17579513788223267,0.3017241358757019,0.30735084414482117
rosenbrock,1.0,2,cholesky,5,ode_transport,1024,0.005,1000,1,rosenbrock_extreme,897,0.19256591796875,-0.955478310585022,0.4754977226257324,194,0.6757031679153442,0.44505417346954346,0.3930032551288605,0.3225678503513336
rosenbrock,1.0,2,cholesky,5,ode_transport,1024,0.005,1000,1,rosenbrock_extreme,898,0.2072281837463379,-0.8965038061141968,0.5051132440567017,188,0.4161266088485718,0.26371049880981445,0.2456512302160263,0.20802301168441772
rosenbrock,1.0,2,cholesky,5,ode_transport,1024,0.005,1000,1,rosenbrock_extreme,899,0.17061996459960938,-0.9519333839416504,0.4981784224510193,170,0.5910525321960449,0.0960758626461029,0.4165323078632355,0.40818294882774353
rosenbrock,1.0,2,cholesky,5,ode_transport,1024,0.005,1000,1,rosenbrock_extreme,900,0.1715071201324463,-0.9534419775009155,0.5733049511909485,182,0.5601292252540588,0.1689826399087906,0.5134523510932922,0.14682061970233917
rosenbrock,1.0,2,cholesky,5,ode_transport,1024,0.005,1000,1,rosenbrock_extreme,901,0.16240572929382324,-0.9404270052909851,0.5784679055213928,164,0.7107676863670349,0.15328459441661835,0.644790530204773,0.2567872703075409
rosenbrock,1.0,2,cholesky,5,ode_transport,1024,0.005,1000,1,rosenbrock_extreme,902,0.1775670051574707,-0.9831469058990479,1.3599931001663208,200,2.7497317790985107,1.6818267107009888,1.4279671907424927,1.6411559581756592
rosenbrock,1.0,2,cholesky,5,ode_transport,1024,0.005,1000,1,rosenbrock_extreme,903,0.18090486526489258,-0.939864993095398,0.4743953347206116,170,0.49115508794784546,0.05928948149085045,0.3011775314807892,0.38341909646987915
rosenbrock,1.0,2,cholesky,5,ode_transport,1024,0.005,1000,1,rosenbrock_extreme,904,0.19105100631713867,-0.9372427463531494,0.5504556894302368,182,0.4193647503852844,0.1862354725599289,0.24804869294166565,0.2822321057319641
rosenbrock,1.0,2,cholesky,5,ode_transport,1024,0.005,1000,1,rosenbrock_extreme,905,0.1748030185699463,-1.0074409246444702,1.6337509155273438,176,0.5232336521148682,0.16337856650352478,0.2060254067182541,0.45236536860466003
rosenbrock,1.0,2,cholesky,5,ode_transport,1024,0.005,1000,1,rosenbrock_extreme,906,0.19244885444641113,-0.9108114838600159,0.6067146062850952,188,0.6567526459693909,0.3370518386363983,0.336919903755188,0.45189061760902405
rosenbrock,1.0,2,cholesky,5,ode_transport,1024,0.005,1000,1,rosenbrock_extreme,907,0.1631488800048828,-0.9001259803771973,0.5106099247932434,176,0.5113275647163391,0.3028618395328522,0.2561188340187073,0.32269755005836487
rosenbrock,1.0,2,cholesky,5,ode_transport,1024,0.005,1000,1,rosenbrock_extreme,908,0.20080113410949707,-0.9581112265586853,0.5784019231796265,182,0.37337127327919006,0.066853366792202,0.20916344225406647,0.30197250843048096
rosenbrock,1.0,2,cholesky,5,ode_transport,1024,0.005,1000,1,rosenbrock_extreme,909,0.20212006568908691,-0.9509522318840027,0.5139299631118774,188,0.3840961158275604,0.10397651791572571,0.31429150700569153,0.1947808563709259
rosenbrock,1.0,2,cholesky,5,ode_transport,1024,0.005,1000,1,rosenbrock_extreme,910,0.21030402183532715,-0.9070888757705688,0.5215727686882019,206,1.732729196548462,1.1881632804870605,0.8839774131774902,0.8995568752288818
rosenbrock,1.0,2,cholesky,5,ode_transport,1024,0.005,1000,1,rosenbrock_extreme,911,0.1661388874053955,-0.9416601657867432,0.5415816903114319,176,1.0531678199768066,0.7925927639007568,0.5285094976425171,0.4490397572517395
rosenbrock,1.0,2,cholesky,5,ode_transport,1024,0.005,1000,1,rosenbrock_extreme,912,0.16204285621643066,-0.9440671801567078,0.6672519445419312,194,0.6644646525382996,0.2937854528427124,0.49361175298690796,0.33399227261543274
rosenbrock,1.0,2,cholesky,5,ode_transport,1024,0.005,1000,1,rosenbrock_extreme,913,0.1592409610748291,-0.9449145197868347,0.5407692193984985,182,0.38295960426330566,0.07629787921905518,0.15457916259765625,0.34196779131889343
rosenbrock,1.0,2,cholesky,5,ode_transport,1024,0.005,1000,1,rosenbrock_extreme,914,0.14740610122680664,-0.9482397437095642,0.5800217390060425,158,0.29161232709884644,0.12101051956415176,0.16777865588665009,0.20553471148014069
rosenbrock,1.0,2,cholesky,5,ode_transport,1024,0.005,1000,1,rosenbrock_extreme,915,0.1693730354309082,-0.9389984011650085,0.6417596340179443,182,0.6680054664611816,0.37283337116241455,0.37351688742637634,0.40952619910240173
rosenbrock,1.0,2,cholesky,5,ode_transport,1024,0.005,1000,1,rosenbrock_extreme,916,0.14684486389160156,-0.983343780040741,1.098582148551941,158,0.8915168046951294,0.4763284921646118,0.6723899245262146,0.3403015732765198
rosenbrock,1.0,2,cholesky,5,ode_transport,1024,0.005,1000,1,rosenbrock_extreme,917,0.19531989097595215,-0.9583187699317932,0.6483587026596069,182,0.6608607172966003,0.2534482777118683,0.3748898208141327,0.4816206693649292
rosenbrock,1.0,2,cholesky,5,ode_transport,1024,0.005,1000,1,rosenbrock_extreme,918,0.1630859375,-0.9433529376983643,0.6483915448188782,188,0.5195316076278687,0.29049625992774963,0.2719593346118927,0.33401066064834595
rosenbrock,1.0,2,cholesky,5,ode_transport,1024,0.005,1000,1,rosenbrock_extreme,919,0.16067194938659668,-0.9429590702056885,0.9021333456039429,170,0.5592861175537109,0.033758100122213364,0.24781417846679688,0.5002493858337402
rosenbrock,1.0,2,cholesky,5,ode_transport,1024,0.005,1000,1,rosenbrock_extreme,920,0.16177082061767578,-0.9376806020736694,0.5832382440567017,170,0.41247695684432983,0.14349496364593506,0.32599684596061707,0.20802046358585358
rosenbrock,1.0,2,cholesky,5,ode_transport,1024,0.005,1000,1,rosenbrock_extreme,921,0.1999809741973877,-0.9368890523910522,0.5795878767967224,206,0.6273884773254395,0.25267690420150757,0.4360348582267761,0.37369006872177124
rosenbrock,1.0,2,cholesky,5,ode_transport,1024,0.005,1000,1,rosenbrock_extreme,922,0.18487191200256348,-0.9199743866920471,0.5687416195869446,176,0.7096538543701172,0.1553107649087906,0.611176073551178,0.32550108432769775
rosenbrock,1.0,2,cholesky,5,ode_transport,1024,0.005,1000,1,rosenbrock_extreme,923,0.18227720260620117,-0.9350900650024414,0.5458589196205139,176,0.5530340671539307,0.047324616461992264,0.48183637857437134,0.2672840356826782
rosenbrock,1.0,2,cholesky,5,ode_transport,1024,0.005,1000,1,rosenbrock_extreme,924,0.15836215019226074,-0.9409094452857971,0.5778923630714417,158,1.060640573501587,0.7597222924232483,0.5379501581192017,0.5083209276199341
rosenbrock,1.0,2,cholesky,5,ode_transport,1024,0.005,1000,1,rosenbrock_extreme,925,0.17277908325195312,-0.9495822787284851,0.6307394504547119,182,0.5477212071418762,0.19543346762657166,0.3929080367088318,0.3277615010738373
rosenbrock,1.0,2,cholesky,5,ode_transport,1024,0.005,1000,1,rosenbrock_extreme,926,0.18107295036315918,-0.9192807674407959,0.5022380352020264,176,1.317471981048584,0.9795947670936584,0.5941780209541321,0.6504453420639038
rosenbrock,1.0,2,cholesky,5,ode_transport,1024,0.005,1000,1,rosenbrock_extreme,927,0.19763612747192383,-0.9455526471138,0.9195279479026794,188,1.190324068069458,0.7934600114822388,0.654100775718689,0.5995371341705322
rosenbrock,1.0,2,cholesky,5,ode_transport,1024,0.005,1000,1,rosenbrock_extreme,928,0.170759916305542,-0.9589585661888123,0.8380643129348755,188,0.5679717659950256,0.05588721111416817,0.4781513512134552,0.3013963997364044
rosenbrock,1.0,2,cholesky,5,ode_transport,1024,0.005,1000,1,rosenbrock_extreme,929,0.17628908157348633,-0.9809156656265259,0.9980829954147339,176,0.8789692521095276,0.15575000643730164,0.54778653383255,0.6695213317871094
rosenbrock,1.0,2,cholesky,5,ode_transport,1024,0.005,1000,1,rosenbrock_extreme,930,0.1713707447052002,-0.9704393744468689,0.7993391752243042,188,0.5577772855758667,0.24567867815494537,0.3142238259315491,0.3898985683917999
rosenbrock,1.0,2,cholesky,5,ode_transport,1024,0.005,1000,1,rosenbrock_extreme,931,0.18147897720336914,-0.9150537252426147,0.5020904541015625,194,0.3355076313018799,0.020275793969631195,0.24006202816963196,0.2335047572851181
rosenbrock,1.0,2,cholesky,5,ode_transport,1024,0.005,1000,1,rosenbrock_extreme,932,0.1808168888092041,-0.935737133026123,0.5745342969894409,182,1.93612539768219,1.2738004922866821,1.0913209915161133,0.9669706225395203
rosenbrock,1.0,2,cholesky,5,ode_transport,1024,0.005,1000,1,rosenbrock_extreme,933,0.17881178855895996,-0.912611186504364,0.5340147614479065,188,0.739574134349823,0.5007803440093994,0.4547223448753357,0.29902592301368713
rosenbrock,1.0,2,cholesky,5,ode_transport,1024,0.005,1000,1,rosenbrock_extreme,934,0.18992400169372559,-0.9101964235305786,0.4442245066165924,194,0.6127403974533081,0.38132810592651367,0.3472684621810913,0.3308236300945282
rosenbrock,1.0,2,cholesky,5,ode_transport,1024,0.005,1000,1,rosenbrock_extreme,935,0.16135096549987793,-0.9162430167198181,0.5265862345695496,182,0.4029683768749237,0.17609570920467377,0.25343072414398193,0.25912681221961975
rosenbrock,1.0,2,cholesky,5,ode_transport,1024,0.005,1000,1,rosenbrock_extreme,936,0.1475362777709961,-0.9532552361488342,0.6839649677276611,164,0.40353909134864807,0.15402083098888397,0.2212733030319214,0.30026572942733765
rosenbrock,1.0,2,cholesky,5,ode_transport,1024,0.005,1000,1,rosenbrock_extreme,937,0.18230390548706055,-0.9184370040893555,0.5408371686935425,194,0.4338611364364624,0.13051588833332062,0.3079397678375244,0.27635881304740906
rosenbrock,1.0,2,cholesky,5,ode_transport,1024,0.005,1000,1,rosenbrock_extreme,938,0.16783785820007324,-0.9230459928512573,0.5683361291885376,182,0.3926360607147217,0.1548348218202591,0.23692424595355988,0.27213260531425476
rosenbrock,1.0,2,cholesky,5,ode_transport,1024,0.005,1000,1,rosenbrock_extreme,939,0.18698811531066895,-0.9199165105819702,0.5916699171066284,188,0.35682743787765503,0.05027566850185394,0.1468580812215805,0.3212956190109253
rosenbrock,1.0,2,cholesky,5,ode_transport,1024,0.005,1000,1,rosenbrock_extreme,940,0.1665043830871582,-0.9336950778961182,0.7247885465621948,176,0.26552873849868774,0.046676866710186005,0.17205190658569336,0.19678649306297302
rosenbrock,1.0,2,cholesky,5,ode_transport,1024,0.005,1000,1,rosenbrock_extreme,941,0.1893308162689209,-0.9238224029541016,0.6528871655464172,176,0.5521849989891052,0.2854609489440918,0.3380838930606842,0.3303326368331909
rosenbrock,1.0,2,cholesky,5,ode_transport,1024,0.005,1000,1,rosenbrock_extreme,942,0.16674184799194336,-0.9571260213851929,0.6539486050605774,164,0.713752806186676,0.3705464005470276,0.3077091872692108,0.5267385244369507
rosenbrock,1.0,2,cholesky,5,ode_transport,1024,0.005,1000,1,rosenbrock_extreme,943,0.17661786079406738,-0.9215220808982849,0.576287031173706,170,0.3341318964958191,0.17538776993751526,0.15856602787971497,0.23609334230422974
rosenbrock,1.0,2,cholesky,5,ode_transport,1024,0.005,1000,1,rosenbrock_extreme,944,0.16852498054504395,-0.9670190215110779,0.6042860150337219,188,0.5759302973747253,0.05110166221857071,0.29907169938087463,0.48953089118003845
rosenbrock,1.0,2,cholesky,5,ode_transport,1024,0.005,1000,1,rosenbrock_extreme,945,0.19067692756652832,-0.9526305198669434,0.7405548691749573,188,0.8111770749092102,0.4440656304359436,0.527270495891571,0.42755094170570374
rosenbrock,1.0,2,cholesky,5,ode_transport,1024,0.005,1000,1,rosenbrock_extreme,946,0.1769096851348877,-0.9519309997558594,0.5904484391212463,164,1.2763659954071045,0.8247392177581787,0.7732799053192139,0.5924131870269775
rosenbrock,1.0,2,cholesky,5,ode_transport,1024,0.005,1000,1,rosenbrock_extreme,947,0.19354915618896484,-0.9550294280052185,0.697196364402771,176,0.40511229634284973,0.2549441158771515,0.16276997327804565,0.269491046667099
rosenbrock,1.0,2,cholesky,5,ode_transport,1024,0.005,1000,1,rosenbrock_extreme,948,0.19489312171936035,-0.9321210384368896,0.6905830502510071,164,0.46382689476013184,0.2776147127151489,0.27406075596809387,0.2509106397628784
rosenbrock,1.0,2,cholesky,5,ode_transport,1024,0.005,1000,1,rosenbrock_extreme,949,0.16019201278686523,-0.9613738059997559,0.6972681879997253,188,0.4686959981918335,0.09512639045715332,0.23818829655647278,0.3922922909259796
rosenbrock,1.0,2,cholesky,5,ode_transport,1024,0.005,1000,1,rosenbrock_extreme,950,0.16851401329040527,-0.9323220252990723,0.5228316187858582,182,0.6093847155570984,0.23408904671669006,0.4203728437423706,0.37395012378692627
rosenbrock,1.0,2,cholesky,5,ode_transport,1024,0.005,1000,1,rosenbrock_extreme,951,0.20038127899169922,-0.9136936068534851,0.49069032073020935,188,2.3550002574920654,1.9645936489105225,1.0373680591583252,0.7811946868896484
rosenbrock,1.0,2,cholesky,5,ode_transport,1024,0.005,1000,1,rosenbrock_extreme,952,0.1867661476135254,-0.9705631732940674,1.514406681060791,176,1.7371991872787476,1.0138907432556152,1.1263478994369507,0.8492507338523865
rosenbrock,1.0,2,cholesky,5,ode_transport,1024,0.005,1000,1,rosenbrock_extreme,953,0.17896723747253418,-0.9444835186004639,0.5878311395645142,176,0.5858805775642395,0.08825621008872986,0.5252660512924194,0.2440541833639145
rosenbrock,1.0,2,cholesky,5,ode_transport,1024,0.005,1000,1,rosenbrock_extreme,954,0.1728992462158203,-0.9475762248039246,0.6328149437904358,188,0.5948801636695862,0.316290020942688,0.3429681062698364,0.36907440423965454
rosenbrock,1.0,2,cholesky,5,ode_transport,1024,0.005,1000,1,rosenbrock_extreme,955,0.16878414154052734,-0.9402622580528259,0.7641741037368774,188,0.6273301839828491,0.4128534495830536,0.24171501398086548,0.4057943522930145
rosenbrock,1.0,2,cholesky,5,ode_transport,1024,0.005,1000,1,rosenbrock_extreme,956,0.16220378875732422,-0.9129960536956787,0.7897107005119324,176,0.40549391508102417,0.0919983834028244,0.2893342971801758,0.26878851652145386
rosenbrock,1.0,2,cholesky,5,ode_transport,1024,0.005,1000,1,rosenbrock_extreme,957,0.15536212921142578,-0.8989231586456299,0.5570849776268005,164,0.4652971029281616,0.22650903463363647,0.32607752084732056,0.242628276348114
rosenbrock,1.0,2,cholesky,5,ode_transport,1024,0.005,1000,1,rosenbrock_extreme,958,0.17569613456726074,-0.9282581806182861,0.911959171295166,194,0.44518613815307617,0.19513587653636932,0.2813814580440521,0.2844945192337036
rosenbrock,1.0,2,cholesky,5,ode_transport,1024,0.005,1000,1,rosenbrock_extreme,959,0.16689276695251465,-0.8938251733779907,0.6409124135971069,170,0.6416875123977661,0.065714031457901,0.5018312931060791,0.3944741487503052
rosenbrock,1.0,2,cholesky,5,ode_transport,1024,0.005,1000,1,rosenbrock_extreme,960,0.17333507537841797,-0.9713560342788696,0.6300477981567383,188,1.9939663410186768,1.301472544670105,0.9507984519004822,1.1739050149917603
rosenbrock,1.0,2,cholesky,5,ode_transport,1024,0.005,1000,1,rosenbrock_extreme,961,0.16491103172302246,-0.904312252998352,0.5226868987083435,182,0.7013711929321289,0.19781284034252167,0.5550053715705872,0.3804740905761719
rosenbrock,1.0,2,cholesky,5,ode_transport,1024,0.005,1000,1,rosenbrock_extreme,962,0.18573975563049316,-0.9239450097084045,0.5185320377349854,182,7.830770969390869,6.583093643188477,3.5942413806915283,2.250617504119873
rosenbrock,1.0,2,cholesky,5,ode_transport,1024,0.005,1000,1,rosenbrock_extreme,963,0.1950998306274414,-0.9325922727584839,0.5349480509757996,188,0.7106900215148926,0.1515849381685257,0.6391599774360657,0.2712506055831909
rosenbrock,1.0,2,cholesky,5,ode_transport,1024,0.005,1000,1,rosenbrock_extreme,964,0.17823123931884766,-0.9353671073913574,0.6063310503959656,176,0.39270180463790894,0.1581307351589203,0.29060232639312744,0.2115648090839386
rosenbrock,1.0,2,cholesky,5,ode_transport,1024,0.005,1000,1,rosenbrock_extreme,965,0.1865389347076416,-0.9138377904891968,0.5282395482063293,176,0.6699125170707703,0.15198810398578644,0.5041281580924988,0.4141705632209778
rosenbrock,1.0,2,cholesky,5,ode_transport,1024,0.005,1000,1,rosenbrock_extreme,966,0.18154287338256836,-0.8923071026802063,0.6469547152519226,182,0.6375446319580078,0.15896297991275787,0.540226936340332,0.2989126741886139
rosenbrock,1.0,2,cholesky,5,ode_transport,1024,0.005,1000,1,rosenbrock_extreme,967,0.17377877235412598,-0.9216581583023071,0.5956299304962158,182,0.7050203084945679,0.19820505380630493,0.6301925778388977,0.24622277915477753
rosenbrock,1.0,2,cholesky,5,ode_transport,1024,0.005,1000,1,rosenbrock_extreme,968,0.17679691314697266,-0.929646372795105,0.4923434257507324,164,0.421029657125473,0.07877659052610397,0.30579936504364014,0.27847257256507874
rosenbrock,1.0,2,cholesky,5,ode_transport,1024,0.005,1000,1,rosenbrock_extreme,969,0.2081298828125,-0.946522057056427,0.5607194900512695,182,0.46024420857429504,0.19992654025554657,0.2907690405845642,0.2954784333705902
rosenbrock,1.0,2,cholesky,5,ode_transport,1024,0.005,1000,1,rosenbrock_extreme,970,0.1614079475402832,-0.9040824770927429,0.5256257653236389,182,0.6194450259208679,0.09693017601966858,0.514777660369873,0.3306366801261902
rosenbrock,1.0,2,cholesky,5,ode_transport,1024,0.005,1000,1,rosenbrock_extreme,971,0.1846449375152588,-0.9218872785568237,0.5457389950752258,194,0.40562471747398376,0.10270961374044418,0.3355041742324829,0.2035168558359146
rosenbrock,1.0,2,cholesky,5,ode_transport,1024,0.005,1000,1,rosenbrock_extreme,972,0.16748785972595215,-0.9247784614562988,0.6424115896224976,200,0.5214549899101257,0.18266284465789795,0.35796767473220825,0.3322781026363373
rosenbrock,1.0,2,cholesky,5,ode_transport,1024,0.005,1000,1,rosenbrock_extreme,973,0.16027116775512695,-0.908536434173584,0.722373366355896,188,0.588427722454071,0.06909690797328949,0.3059546947479248,0.497859925031662
rosenbrock,1.0,2,cholesky,5,ode_transport,1024,0.005,1000,1,rosenbrock_extreme,974,0.17958712577819824,-0.923710286617279,0.8694474101066589,194,0.8946892023086548,0.1234252005815506,0.4999752938747406,0.7316144108772278
rosenbrock,1.0,2,cholesky,5,ode_transport,1024,0.005,1000,1,rosenbrock_extreme,975,0.1860060691833496,-0.9250066876411438,0.6952829360961914,194,0.47832998633384705,0.15322718024253845,0.30174097418785095,0.3380434811115265
rosenbrock,1.0,2,cholesky,5,ode_transport,1024,0.005,1000,1,rosenbrock_extreme,976,0.1573801040649414,-0.9229980707168579,0.46320024132728577,176,0.37051111459732056,0.21221928298473358,0.25654691457748413,0.16255821287631989
rosenbrock,1.0,2,cholesky,5,ode_transport,1024,0.005,1000,1,rosenbrock_extreme,977,0.17194008827209473,-0.8994116187095642,0.46087145805358887,176,0.872191309928894,0.6512638926506042,0.39927294850349426,0.42089685797691345
rosenbrock,1.0,2,cholesky,5,ode_transport,1024,0.005,1000,1,rosenbrock_extreme,978,0.18626093864440918,-0.9695309400558472,0.6891670823097229,200,0.6889951229095459,0.18552608788013458,0.4246896803379059,0.5098362565040588
rosenbrock,1.0,2,cholesky,5,ode_transport,1024,0.005,1000,1,rosenbrock_extreme,979,0.1727290153503418,-0.9457823634147644,1.0157623291015625,188,0.6403254270553589,0.33753567934036255,0.4761963188648224,0.26329347491264343
rosenbrock,1.0,2,cholesky,5,ode_transport,1024,0.005,1000,1,rosenbrock_extreme,980,0.186906099319458,-0.9148102402687073,0.5925537347793579,194,0.4092916250228882,0.08255674690008163,0.22298689186573029,0.3331378698348999
rosenbrock,1.0,2,cholesky,5,ode_transport,1024,0.005,1000,1,rosenbrock_extreme,981,0.17612195014953613,-0.9345369935035706,0.6763559579849243,188,0.5808402299880981,0.21243630349636078,0.41153913736343384,0.3505449891090393
rosenbrock,1.0,2,cholesky,5,ode_transport,1024,0.005,1000,1,rosenbrock_extreme,982,0.1756892204284668,-0.9631375670433044,0.7456817030906677,188,0.38287001848220825,0.07002180069684982,0.29150110483169556,0.23814600706100464
rosenbrock,1.0,2,cholesky,5,ode_transport,1024,0.005,1000,1,rosenbrock_extreme,983,0.18283629417419434,-0.9213197231292725,0.6389322280883789,194,0.4144519865512848,0.2197292000055313,0.20306481420993805,0.28679996728897095
rosenbrock,1.0,2,cholesky,5,ode_transport,1024,0.005,1000,1,rosenbrock_extreme,984,0.1630878448486328,-0.9005023241043091,0.5391694903373718,170,0.6642445921897888,0.057461779564619064,0.5234454870223999,0.40487509965896606
rosenbrock,1.0,2,cholesky,5,ode_transport,1024,0.005,1000,1,rosenbrock_extreme,985,0.18028473854064941,-0.9139736890792847,0.5683274865150452,200,1.040868878364563,0.8718479871749878,0.48333072662353516,0.299466997385025
rosenbrock,1.0,2,cholesky,5,ode_transport,1024,0.005,1000,1,rosenbrock_extreme,986,0.15138888359069824,-0.9444599151611328,0.9509657025337219,158,0.5124810338020325,0.11275149136781693,0.2596181333065033,0.42722633481025696
rosenbrock,1.0,2,cholesky,5,ode_transport,1024,0.005,1000,1,rosenbrock_extreme,987,0.20806884765625,-0.9666244983673096,1.119023323059082,194,0.5305037498474121,0.0740497037768364,0.36918023228645325,0.3737068772315979
rosenbrock,1.0,2,cholesky,5,ode_transport,1024,0.005,1000,1,rosenbrock_extreme,988,0.18889212608337402,-0.9440116286277771,0.5389207005500793,194,0.7477155923843384,0.5426519513130188,0.3016757667064667,0.41665250062942505
rosenbrock,1.0,2,cholesky,5,ode_transport,1024,0.005,1000,1,rosenbrock_extreme,989,0.15522503852844238,-0.9548029899597168,0.5950205326080322,170,0.46642017364501953,0.1837414652109146,0.33293554186820984,0.2700755000114441
rosenbrock,1.0,2,cholesky,5,ode_transport,1024,0.005,1000,1,rosenbrock_extreme,990,0.16977810859680176,-0.9094321131706238,0.613624095916748,182,0.3928448259830475,0.12712500989437103,0.2635629177093506,0.2621085047721863
rosenbrock,1.0,2,cholesky,5,ode_transport,1024,0.005,1000,1,rosenbrock_extreme,991,0.1579759120941162,-0.9408584237098694,0.6053851246833801,170,0.7237817049026489,0.4841617941856384,0.39565131068229675,0.3645646870136261
rosenbrock,1.0,2,cholesky,5,ode_transport,1024,0.005,1000,1,rosenbrock_extreme,992,0.16484403610229492,-0.8939005136489868,0.5910438895225525,188,0.48849985003471375,0.27979937195777893,0.15839092433452606,0.3677726089954376
rosenbrock,1.0,2,cholesky,5,ode_transport,1024,0.005,1000,1,rosenbrock_extreme,993,0.16707992553710938,-0.9288712739944458,0.6458459496498108,194,0.8611717224121094,0.5523042678833008,0.44692349433898926,0.4866582155227661
rosenbrock,1.0,2,cholesky,5,ode_transport,1024,0.005,1000,1,rosenbrock_extreme,994,0.1768350601196289,-0.9343246221542358,0.599485456943512,182,0.4687429964542389,0.23587387800216675,0.29117119312286377,0.28160759806632996
rosenbrock,1.0,2,cholesky,5,ode_transport,1024,0.005,1000,1,rosenbrock_extreme,995,0.15683817863464355,-0.9364630579948425,0.6692467927932739,164,0.5973896384239197,0.19686302542686462,0.30895665287971497,0.4718741178512573
rosenbrock,1.0,2,cholesky,5,ode_transport,1024,0.005,1000,1,rosenbrock_extreme,996,0.15769505500793457,-0.9321829676628113,0.6737311482429504,170,0.4816034436225891,0.09289602935314178,0.3983052670955658,0.25429338216781616
rosenbrock,1.0,2,cholesky,5,ode_transport,1024,0.005,1000,1,rosenbrock_extreme,997,0.18970394134521484,-0.9436502456665039,0.5131886005401611,206,0.7696041464805603,0.5506831407546997,0.3757508099079132,0.38451260328292847
rosenbrock,1.0,2,cholesky,5,ode_transport,1024,0.005,1000,1,rosenbrock_extreme,998,0.17662525177001953,-0.9109544157981873,0.9479250311851501,176,0.5511618852615356,0.30304253101348877,0.3122335970401764,0.33831167221069336
rosenbrock,1.0,2,cholesky,5,ode_transport,1024,0.005,1000,1,rosenbrock_extreme,999,0.1714160442352295,-0.9071620106697083,0.5646423101425171,176,0.8332703113555908,0.5710638165473938,0.4589219391345978,0.3970089852809906
